cve,date,epss
CVE-2011-1734,2022-02-04,0.26641
CVE-2011-1734,2022-02-05,0.26641
CVE-2011-1734,2022-02-06,0.26641
CVE-2011-1734,2022-02-07,0.26641
CVE-2011-1734,2022-02-08,0.26641
CVE-2011-1734,2022-02-09,0.26641
CVE-2011-1734,2022-02-10,0.26641
CVE-2011-1734,2022-02-11,0.26641
CVE-2011-1734,2022-02-12,0.26641
CVE-2011-1734,2022-02-13,0.26641
CVE-2011-1734,2022-02-14,0.26641
CVE-2011-1734,2022-02-15,0.26641
CVE-2011-1734,2022-02-16,0.26641
CVE-2011-1734,2022-02-17,0.26641
CVE-2011-1734,2022-02-18,0.26641
CVE-2011-1734,2022-02-19,0.26641
CVE-2011-1734,2022-02-20,0.26641
CVE-2011-1734,2022-02-21,0.26641
CVE-2011-1734,2022-02-22,0.26641
CVE-2011-1734,2022-02-23,0.26641
CVE-2011-1734,2022-02-24,0.26641
CVE-2011-1734,2022-02-25,0.26641
CVE-2011-1734,2022-02-26,0.26641
CVE-2011-1734,2022-02-27,0.26641
CVE-2011-1734,2022-02-28,0.26641
CVE-2011-1734,2022-03-01,0.26641
CVE-2011-1734,2022-03-02,0.26641
CVE-2011-1734,2022-03-03,0.26641
CVE-2011-1734,2022-03-04,0.26641
CVE-2011-1734,2022-03-05,0.26641
CVE-2011-1734,2022-03-06,0.26641
CVE-2011-1734,2022-03-07,0.26641
CVE-2011-1734,2022-03-08,0.26641
CVE-2011-1734,2022-03-09,0.26641
CVE-2011-1734,2022-03-10,0.26641
CVE-2011-1734,2022-03-11,0.26641
CVE-2011-1734,2022-03-12,0.26641
CVE-2011-1734,2022-03-13,0.26641
CVE-2011-1734,2022-03-14,0.26641
CVE-2011-1734,2022-03-15,0.26641
CVE-2011-1734,2022-03-16,0.26641
CVE-2011-1734,2022-03-17,0.26641
CVE-2011-1734,2022-03-18,0.26641
CVE-2011-1734,2022-03-19,0.26641
CVE-2011-1734,2022-03-20,0.26641
CVE-2011-1734,2022-03-21,0.26641
CVE-2011-1734,2022-03-22,0.26641
CVE-2011-1734,2022-03-23,0.26641
CVE-2011-1734,2022-03-24,0.26641
CVE-2011-1734,2022-03-25,0.26641
CVE-2011-1734,2022-03-26,0.26641
CVE-2011-1734,2022-03-27,0.26641
CVE-2011-1734,2022-03-28,0.26641
CVE-2011-1734,2022-03-29,0.26641
CVE-2011-1734,2022-03-30,0.26641
CVE-2011-1734,2022-03-31,0.26641
CVE-2011-1734,2022-04-01,0.26641
CVE-2011-1734,2022-04-02,0.26641
CVE-2011-1734,2022-04-03,0.26641
CVE-2011-1734,2022-04-04,0.26641
CVE-2011-1734,2022-04-05,0.26641
CVE-2011-1734,2022-04-06,0.26641
CVE-2011-1734,2022-04-07,0.26641
CVE-2011-1734,2022-04-08,0.26641
CVE-2011-1734,2022-04-09,0.26641
CVE-2011-1734,2022-04-10,0.26641
CVE-2011-1734,2022-04-11,0.26641
CVE-2011-1734,2022-04-12,0.26641
CVE-2011-1734,2022-04-13,0.26641
CVE-2011-1734,2022-04-14,0.26641
CVE-2011-1734,2022-04-15,0.26641
CVE-2011-1734,2022-04-16,0.26641
CVE-2011-1734,2022-04-17,0.26641
CVE-2011-1734,2022-04-18,0.26641
CVE-2011-1734,2022-04-19,0.26641
CVE-2011-1734,2022-04-20,0.26641
CVE-2011-1734,2022-04-21,0.26641
CVE-2011-1734,2022-04-22,0.26641
CVE-2011-1734,2022-04-23,0.26641
CVE-2011-1734,2022-04-24,0.26641
CVE-2011-1734,2022-04-25,0.26641
CVE-2011-1734,2022-04-26,0.26641
CVE-2011-1734,2022-04-27,0.26641
CVE-2011-1734,2022-04-28,0.26641
CVE-2011-1734,2022-04-29,0.26641
CVE-2011-1734,2022-04-30,0.26641
CVE-2011-1734,2022-05-01,0.26641
CVE-2011-1734,2022-05-02,0.26641
CVE-2011-1734,2022-05-03,0.26641
CVE-2011-1734,2022-05-04,0.26641
CVE-2011-1734,2022-05-05,0.26641
CVE-2011-1734,2022-05-06,0.26641
CVE-2011-1734,2022-05-07,0.26641
CVE-2011-1734,2022-05-08,0.26641
CVE-2011-1734,2022-05-09,0.26641
CVE-2011-1734,2022-05-10,0.26641
CVE-2011-1734,2022-05-11,0.26641
CVE-2011-1734,2022-05-12,0.26641
CVE-2011-1734,2022-05-13,0.26641
CVE-2011-1734,2022-05-14,0.26641
CVE-2011-1734,2022-05-15,0.26641
CVE-2011-1734,2022-05-16,0.26641
CVE-2011-1734,2022-05-17,0.26641
CVE-2011-1734,2022-05-18,0.26641
CVE-2011-1734,2022-05-19,0.26641
CVE-2011-1734,2022-05-20,0.26641
CVE-2011-1734,2022-05-21,0.26641
CVE-2011-1734,2022-05-22,0.26641
CVE-2011-1734,2022-05-23,0.26641
CVE-2011-1734,2022-05-24,0.26641
CVE-2011-1734,2022-05-25,0.26641
CVE-2011-1734,2022-05-26,0.26641
CVE-2011-1734,2022-05-27,0.26641
CVE-2011-1734,2022-05-28,0.26641
CVE-2011-1734,2022-05-29,0.26641
CVE-2011-1734,2022-05-30,0.26641
CVE-2011-1734,2022-05-31,0.26641
CVE-2011-1734,2022-06-01,0.26641
CVE-2011-1734,2022-06-02,0.26641
CVE-2011-1734,2022-06-03,0.26641
CVE-2011-1734,2022-06-04,0.26641
CVE-2011-1734,2022-06-05,0.26641
CVE-2011-1734,2022-06-06,0.26641
CVE-2011-1734,2022-06-07,0.26641
CVE-2011-1734,2022-06-08,0.26641
CVE-2011-1734,2022-06-09,0.26641
CVE-2011-1734,2022-06-10,0.26641
CVE-2011-1734,2022-06-11,0.26641
CVE-2011-1734,2022-06-12,0.26641
CVE-2011-1734,2022-06-13,0.26641
CVE-2011-1734,2022-06-14,0.26641
CVE-2011-1734,2022-06-15,0.26641
CVE-2011-1734,2022-06-16,0.26641
CVE-2011-1734,2022-06-17,0.26641
CVE-2011-1734,2022-06-18,0.26641
CVE-2011-1734,2022-06-19,0.26641
CVE-2011-1734,2022-06-20,0.26641
CVE-2011-1734,2022-06-21,0.26641
CVE-2011-1734,2022-06-22,0.26641
CVE-2011-1734,2022-06-23,0.26641
CVE-2011-1734,2022-06-24,0.26641
CVE-2011-1734,2022-06-25,0.26641
CVE-2011-1734,2022-06-26,0.26641
CVE-2011-1734,2022-06-27,0.26641
CVE-2011-1734,2022-06-28,0.26641
CVE-2011-1734,2022-06-29,0.26641
CVE-2011-1734,2022-06-30,0.26641
CVE-2011-1734,2022-07-01,0.26641
CVE-2011-1734,2022-07-02,0.26641
CVE-2011-1734,2022-07-03,0.26641
CVE-2011-1734,2022-07-04,0.26641
CVE-2011-1734,2022-07-05,0.26641
CVE-2011-1734,2022-07-06,0.26641
CVE-2011-1734,2022-07-07,0.26641
CVE-2011-1734,2022-07-08,0.26641
CVE-2011-1734,2022-07-09,0.26641
CVE-2011-1734,2022-07-10,0.26641
CVE-2011-1734,2022-07-11,0.26641
CVE-2011-1734,2022-07-12,0.26641
CVE-2011-1734,2022-07-13,0.26641
CVE-2011-1734,2022-07-15,0.26641
CVE-2011-1734,2022-07-16,0.26641
CVE-2011-1734,2022-07-17,0.26641
CVE-2011-1734,2022-07-18,0.26641
CVE-2011-1734,2022-07-19,0.26641
CVE-2011-1734,2022-07-20,0.26641
CVE-2011-1734,2022-07-21,0.26641
CVE-2011-1734,2022-07-22,0.26641
CVE-2011-1734,2022-07-23,0.26641
CVE-2011-1734,2022-07-24,0.26641
CVE-2011-1734,2022-07-25,0.26641
CVE-2011-1734,2022-07-26,0.26641
CVE-2011-1734,2022-07-27,0.26641
CVE-2011-1734,2022-07-28,0.26641
CVE-2011-1734,2022-07-29,0.26641
CVE-2011-1734,2022-07-30,0.26641
CVE-2011-1734,2022-07-31,0.26641
CVE-2011-1734,2022-08-01,0.26641
CVE-2011-1734,2022-08-02,0.26641
CVE-2011-1734,2022-08-03,0.26641
CVE-2011-1734,2022-08-04,0.26641
CVE-2011-1734,2022-08-05,0.26641
CVE-2011-1734,2022-08-06,0.26641
CVE-2011-1734,2022-08-07,0.26641
CVE-2011-1734,2022-08-08,0.26641
CVE-2011-1734,2022-08-09,0.26641
CVE-2011-1734,2022-08-10,0.26641
CVE-2011-1734,2022-08-11,0.26641
CVE-2011-1734,2022-08-12,0.26641
CVE-2011-1734,2022-08-13,0.26641
CVE-2011-1734,2022-08-14,0.26641
CVE-2011-1734,2022-08-15,0.26641
CVE-2011-1734,2022-08-16,0.26641
CVE-2011-1734,2022-08-17,0.26641
CVE-2011-1734,2022-08-18,0.26641
CVE-2011-1734,2022-08-19,0.26641
CVE-2011-1734,2022-08-20,0.26641
CVE-2011-1734,2022-08-21,0.26641
CVE-2011-1734,2022-08-22,0.26641
CVE-2011-1734,2022-08-23,0.26641
CVE-2011-1734,2022-08-24,0.26641
CVE-2011-1734,2022-08-25,0.26641
CVE-2011-1734,2022-08-26,0.26641
CVE-2011-1734,2022-08-27,0.26641
CVE-2011-1734,2022-08-28,0.26641
CVE-2011-1734,2022-08-29,0.26641
CVE-2011-1734,2022-08-30,0.26641
CVE-2011-1734,2022-08-31,0.26641
CVE-2011-1734,2022-09-01,0.26641
CVE-2011-1734,2022-09-02,0.26641
CVE-2011-1734,2022-09-03,0.26641
CVE-2011-1734,2022-09-04,0.26641
CVE-2011-1734,2022-09-05,0.26641
CVE-2011-1734,2022-09-06,0.26641
CVE-2011-1734,2022-09-07,0.26641
CVE-2011-1734,2022-09-08,0.26641
CVE-2011-1734,2022-09-09,0.26641
CVE-2011-1734,2022-09-10,0.26641
CVE-2011-1734,2022-09-11,0.26641
CVE-2011-1734,2022-09-12,0.26641
CVE-2011-1734,2022-09-13,0.26641
CVE-2011-1734,2022-09-14,0.26641
CVE-2011-1734,2022-09-15,0.26641
CVE-2011-1734,2022-09-16,0.26641
CVE-2011-1734,2022-09-17,0.26641
CVE-2011-1734,2022-09-18,0.26641
CVE-2011-1734,2022-09-19,0.26641
CVE-2011-1734,2022-09-20,0.26641
CVE-2011-1734,2022-09-21,0.26641
CVE-2011-1734,2022-09-22,0.26641
CVE-2011-1734,2022-09-23,0.26641
CVE-2011-1734,2022-09-24,0.26641
CVE-2011-1734,2022-09-25,0.26641
CVE-2011-1734,2022-09-26,0.26641
CVE-2011-1734,2022-09-27,0.26641
CVE-2011-1734,2022-09-28,0.26641
CVE-2011-1734,2022-09-29,0.26641
CVE-2011-1734,2022-09-30,0.26641
CVE-2011-1734,2022-10-01,0.26641
CVE-2011-1734,2022-10-02,0.26641
CVE-2011-1734,2022-10-03,0.26641
CVE-2011-1734,2022-10-04,0.26641
CVE-2011-1734,2022-10-05,0.26641
CVE-2011-1734,2022-10-06,0.26641
CVE-2011-1734,2022-10-07,0.26641
CVE-2011-1734,2022-10-08,0.26641
CVE-2011-1734,2022-10-09,0.26641
CVE-2011-1734,2022-10-10,0.26641
CVE-2011-1734,2022-10-11,0.26641
CVE-2011-1734,2022-10-12,0.26641
CVE-2011-1734,2022-10-13,0.26641
CVE-2011-1734,2022-10-14,0.26641
CVE-2011-1734,2022-10-15,0.26641
CVE-2011-1734,2022-10-16,0.26641
CVE-2011-1734,2022-10-17,0.26641
CVE-2011-1734,2022-10-18,0.26641
CVE-2011-1734,2022-10-19,0.26641
CVE-2011-1734,2022-10-20,0.26641
CVE-2011-1734,2022-10-21,0.26641
CVE-2011-1734,2022-10-22,0.26641
CVE-2011-1734,2022-10-23,0.26641
CVE-2011-1734,2022-10-24,0.26641
CVE-2011-1734,2022-10-25,0.26641
CVE-2011-1734,2022-10-26,0.26641
CVE-2011-1734,2022-10-27,0.26641
CVE-2011-1734,2022-10-28,0.26641
CVE-2011-1734,2022-10-29,0.26641
CVE-2011-1734,2022-10-30,0.26641
CVE-2011-1734,2022-10-31,0.26641
CVE-2011-1734,2022-11-01,0.26641
CVE-2011-1734,2022-11-02,0.26641
CVE-2011-1734,2022-11-03,0.26641
CVE-2011-1734,2022-11-04,0.26641
CVE-2011-1734,2022-11-05,0.26641
CVE-2011-1734,2022-11-06,0.26641
CVE-2011-1734,2022-11-07,0.26641
CVE-2011-1734,2022-11-08,0.26641
CVE-2011-1734,2022-11-09,0.26641
CVE-2011-1734,2022-11-10,0.26641
CVE-2011-1734,2022-11-11,0.26641
CVE-2011-1734,2022-11-12,0.26641
CVE-2011-1734,2022-11-13,0.26641
CVE-2011-1734,2022-11-14,0.26641
CVE-2011-1734,2022-11-15,0.26641
CVE-2011-1734,2022-11-16,0.26641
CVE-2011-1734,2022-11-17,0.26641
CVE-2011-1734,2022-11-18,0.26641
CVE-2011-1734,2022-11-19,0.26641
CVE-2011-1734,2022-11-20,0.26641
CVE-2011-1734,2022-11-21,0.26641
CVE-2011-1734,2022-11-22,0.26641
CVE-2011-1734,2022-11-23,0.26641
CVE-2011-1734,2022-11-24,0.26641
CVE-2011-1734,2022-11-25,0.26641
CVE-2011-1734,2022-11-26,0.26641
CVE-2011-1734,2022-11-27,0.26641
CVE-2011-1734,2022-11-28,0.26641
CVE-2011-1734,2022-11-29,0.26641
CVE-2011-1734,2022-11-30,0.26641
CVE-2011-1734,2022-12-01,0.26641
CVE-2011-1734,2022-12-02,0.26641
CVE-2011-1734,2022-12-03,0.26641
CVE-2011-1734,2022-12-04,0.26641
CVE-2011-1734,2022-12-05,0.26641
CVE-2011-1734,2022-12-06,0.26641
CVE-2011-1734,2022-12-07,0.26641
CVE-2011-1734,2022-12-08,0.26641
CVE-2011-1734,2022-12-09,0.26641
CVE-2011-1734,2022-12-10,0.26641
CVE-2011-1734,2022-12-11,0.26641
CVE-2011-1734,2022-12-12,0.26641
CVE-2011-1734,2022-12-13,0.26641
CVE-2011-1734,2022-12-14,0.26641
CVE-2011-1734,2022-12-15,0.26641
CVE-2011-1734,2022-12-16,0.26641
CVE-2011-1734,2022-12-17,0.26641
CVE-2011-1734,2022-12-18,0.26641
CVE-2011-1734,2022-12-19,0.26641
CVE-2011-1734,2022-12-20,0.26641
CVE-2011-1734,2022-12-21,0.26641
CVE-2011-1734,2022-12-22,0.26641
CVE-2011-1734,2022-12-23,0.26641
CVE-2011-1734,2022-12-24,0.26641
CVE-2011-1734,2022-12-25,0.26641
CVE-2011-1734,2022-12-26,0.26641
CVE-2011-1734,2022-12-27,0.26641
CVE-2011-1734,2022-12-28,0.26641
CVE-2011-1734,2022-12-29,0.26641
CVE-2011-1734,2022-12-30,0.26641
CVE-2011-1734,2022-12-31,0.26641
CVE-2011-1734,2023-01-01,0.26641
CVE-2011-1734,2023-01-02,0.26641
CVE-2011-1734,2023-01-03,0.26641
CVE-2011-1734,2023-01-04,0.26641
CVE-2011-1734,2023-01-05,0.26641
CVE-2011-1734,2023-01-06,0.26641
CVE-2011-1734,2023-01-07,0.26641
CVE-2011-1734,2023-01-08,0.26641
CVE-2011-1734,2023-01-09,0.26641
CVE-2011-1734,2023-01-10,0.26641
CVE-2011-1734,2023-01-11,0.26641
CVE-2011-1734,2023-01-12,0.26641
CVE-2011-1734,2023-01-13,0.26641
CVE-2011-1734,2023-01-14,0.26641
CVE-2011-1734,2023-01-15,0.26641
CVE-2011-1734,2023-01-16,0.26641
CVE-2011-1734,2023-01-17,0.26641
CVE-2011-1734,2023-01-18,0.26641
CVE-2011-1734,2023-01-19,0.26641
CVE-2011-1734,2023-01-20,0.26641
CVE-2011-1734,2023-01-21,0.26641
CVE-2011-1734,2023-01-22,0.26641
CVE-2011-1734,2023-01-23,0.26641
CVE-2011-1734,2023-01-24,0.26641
CVE-2011-1734,2023-01-25,0.26641
CVE-2011-1734,2023-01-26,0.26641
CVE-2011-1734,2023-01-27,0.26641
CVE-2011-1734,2023-01-28,0.26641
CVE-2011-1734,2023-01-29,0.26641
CVE-2011-1734,2023-01-30,0.26641
CVE-2011-1734,2023-01-31,0.26641
CVE-2011-1734,2023-02-01,0.26641
CVE-2011-1734,2023-02-02,0.26641
CVE-2011-1734,2023-02-03,0.26641
CVE-2011-1734,2023-02-04,0.26641
CVE-2011-1734,2023-02-05,0.26641
CVE-2011-1734,2023-02-06,0.26641
CVE-2011-1734,2023-02-07,0.26641
CVE-2011-1734,2023-02-08,0.26641
CVE-2011-1734,2023-02-09,0.26641
CVE-2011-1734,2023-02-10,0.26641
CVE-2011-1734,2023-02-11,0.26641
CVE-2011-1734,2023-02-12,0.26641
CVE-2011-1734,2023-02-13,0.26641
CVE-2011-1734,2023-02-14,0.26641
CVE-2011-1734,2023-02-15,0.26641
CVE-2011-1734,2023-02-16,0.26641
CVE-2011-1734,2023-02-17,0.26641
CVE-2011-1734,2023-02-18,0.26641
CVE-2011-1734,2023-02-19,0.26641
CVE-2011-1734,2023-02-20,0.26641
CVE-2011-1734,2023-02-21,0.26641
CVE-2011-1734,2023-02-22,0.26641
CVE-2011-1734,2023-02-23,0.26641
CVE-2011-1734,2023-02-24,0.26641
CVE-2011-1734,2023-02-25,0.26641
CVE-2011-1734,2023-02-26,0.26641
CVE-2011-1734,2023-02-27,0.26641
CVE-2011-1734,2023-02-28,0.26641
CVE-2011-1734,2023-03-01,0.26641
CVE-2011-1734,2023-03-02,0.26641
CVE-2011-1734,2023-03-03,0.26641
CVE-2011-1734,2023-03-04,0.26641
CVE-2011-1734,2023-03-05,0.26641
CVE-2011-1734,2023-03-06,0.26641
CVE-2011-1734,2023-03-07,0.389
CVE-2011-1734,2023-03-08,0.389
CVE-2011-1734,2023-03-09,0.389
CVE-2011-1734,2023-03-10,0.389
CVE-2011-1734,2023-03-11,0.389
CVE-2011-1734,2023-03-12,0.389
CVE-2011-1734,2023-03-13,0.389
CVE-2011-1734,2023-03-14,0.389
CVE-2011-1734,2023-03-15,0.389
CVE-2011-1734,2023-03-16,0.389
CVE-2011-1734,2023-03-17,0.389
CVE-2011-1734,2023-03-18,0.389
CVE-2011-1734,2023-03-19,0.389
CVE-2011-1734,2023-03-20,0.389
CVE-2011-1734,2023-03-21,0.389
CVE-2011-1734,2023-03-22,0.389
CVE-2011-1734,2023-03-23,0.389
CVE-2011-1734,2023-03-24,0.389
CVE-2011-1734,2023-03-25,0.389
CVE-2011-1734,2023-03-26,0.389
CVE-2011-1734,2023-03-27,0.389
CVE-2011-1734,2023-03-28,0.389
CVE-2011-1734,2023-03-29,0.389
CVE-2011-1734,2023-03-30,0.389
CVE-2011-1734,2023-03-31,0.389
CVE-2011-1734,2023-04-01,0.389
CVE-2011-1734,2023-04-02,0.389
CVE-2011-1734,2023-04-03,0.389
CVE-2011-1734,2023-04-04,0.389
CVE-2011-1734,2023-04-05,0.389
CVE-2011-1734,2023-04-06,0.389
CVE-2011-1734,2023-04-07,0.389
CVE-2011-1734,2023-04-08,0.389
CVE-2011-1734,2023-04-09,0.389
CVE-2011-1734,2023-04-10,0.389
CVE-2011-1734,2023-04-11,0.389
CVE-2011-1734,2023-04-12,0.389
CVE-2011-1734,2023-04-13,0.389
CVE-2011-1734,2023-04-14,0.389
CVE-2011-1734,2023-04-15,0.389
CVE-2011-1734,2023-04-16,0.389
CVE-2011-1734,2023-04-17,0.389
CVE-2011-1734,2023-04-18,0.389
CVE-2011-1734,2023-04-19,0.389
CVE-2011-1734,2023-04-20,0.389
CVE-2011-1734,2023-04-21,0.389
CVE-2011-1734,2023-04-22,0.389
CVE-2011-1734,2023-04-23,0.389
CVE-2011-1734,2023-04-24,0.389
CVE-2011-1734,2023-04-25,0.389
CVE-2011-1734,2023-04-26,0.389
CVE-2011-1734,2023-04-27,0.389
CVE-2011-1734,2023-04-28,0.389
CVE-2011-1734,2023-04-29,0.389
CVE-2011-1734,2023-04-30,0.389
CVE-2011-1734,2023-05-01,0.389
CVE-2011-1734,2023-05-02,0.389
CVE-2011-1734,2023-05-03,0.389
CVE-2011-1734,2023-05-04,0.389
CVE-2011-1734,2023-05-05,0.389
CVE-2011-1734,2023-05-06,0.389
CVE-2011-1734,2023-05-07,0.389
CVE-2011-1734,2023-05-08,0.389
CVE-2011-1734,2023-05-09,0.389
CVE-2011-1734,2023-05-10,0.389
CVE-2011-1734,2023-05-11,0.389
CVE-2011-1734,2023-05-12,0.389
CVE-2011-1734,2023-05-13,0.389
CVE-2011-1734,2023-05-14,0.389
CVE-2011-1734,2023-05-15,0.389
CVE-2011-1734,2023-05-16,0.389
CVE-2011-1734,2023-05-17,0.389
CVE-2011-1734,2023-05-18,0.389
CVE-2011-1734,2023-05-19,0.389
CVE-2011-1734,2023-05-20,0.389
CVE-2011-1734,2023-05-21,0.389
CVE-2011-1734,2023-05-22,0.389
CVE-2011-1734,2023-05-23,0.389
CVE-2011-1734,2023-05-24,0.389
CVE-2011-1734,2023-05-25,0.389
CVE-2011-1734,2023-05-26,0.81029
CVE-2011-1734,2023-05-27,0.81029
CVE-2011-1734,2023-05-28,0.81029
CVE-2011-1734,2023-05-29,0.81029
CVE-2011-1734,2023-05-30,0.81029
CVE-2011-1734,2023-05-31,0.81029
CVE-2011-1734,2023-06-01,0.81029
CVE-2011-1734,2023-06-02,0.81029
CVE-2011-1734,2023-06-03,0.81029
CVE-2011-1734,2023-06-04,0.81029
CVE-2011-1734,2023-06-05,0.81029
CVE-2011-1734,2023-06-06,0.81029
CVE-2011-1734,2023-06-07,0.81029
CVE-2011-1734,2023-06-08,0.81029
CVE-2011-1734,2023-06-09,0.81029
CVE-2011-1734,2023-06-10,0.81029
CVE-2011-1734,2023-06-11,0.81029
CVE-2011-1734,2023-06-12,0.81029
CVE-2011-1734,2023-06-13,0.81029
CVE-2011-1734,2023-06-14,0.81029
CVE-2011-1734,2023-06-15,0.81029
CVE-2011-1734,2023-06-16,0.81029
CVE-2011-1734,2023-06-17,0.81029
CVE-2011-1734,2023-06-18,0.81029
CVE-2011-1734,2023-06-19,0.81029
CVE-2011-1734,2023-06-20,0.81029
CVE-2011-1734,2023-06-21,0.81029
CVE-2011-1734,2023-06-22,0.81029
CVE-2011-1734,2023-06-23,0.81029
CVE-2011-1734,2023-06-24,0.81029
CVE-2011-1734,2023-06-25,0.81029
CVE-2011-1734,2023-06-26,0.81029
CVE-2011-1734,2023-06-27,0.81029
CVE-2011-1734,2023-06-28,0.81029
CVE-2011-1734,2023-06-29,0.81029
CVE-2011-1734,2023-06-30,0.81029
CVE-2011-1734,2023-07-01,0.81029
CVE-2011-1734,2023-07-02,0.81029
CVE-2011-1734,2023-07-03,0.81029
CVE-2011-1734,2023-07-04,0.81029
CVE-2011-1734,2023-07-05,0.81029
CVE-2011-1734,2023-07-06,0.81029
CVE-2011-1734,2023-07-07,0.81029
CVE-2011-1734,2023-07-08,0.81029
CVE-2011-1734,2023-07-09,0.81029
CVE-2011-1734,2023-07-10,0.81029
CVE-2011-1734,2023-07-11,0.81029
CVE-2011-1734,2023-07-12,0.81029
CVE-2011-1734,2023-07-13,0.81029
CVE-2011-1734,2023-07-14,0.81029
CVE-2011-1734,2023-07-15,0.81029
CVE-2011-1734,2023-07-16,0.81029
CVE-2011-1734,2023-07-17,0.81029
CVE-2011-1734,2023-07-18,0.81029
CVE-2011-1734,2023-07-19,0.81029
CVE-2011-1734,2023-07-20,0.85596
CVE-2011-1734,2023-07-21,0.85596
CVE-2011-1734,2023-07-22,0.85596
CVE-2011-1734,2023-07-23,0.85596
CVE-2011-1734,2023-07-24,0.85596
CVE-2011-1734,2023-07-25,0.85596
CVE-2011-1734,2023-07-26,0.85596
CVE-2011-1734,2023-07-27,0.85596
CVE-2011-1734,2023-07-28,0.85596
CVE-2011-1734,2023-07-29,0.85596
CVE-2011-1734,2023-07-30,0.85596
CVE-2011-1734,2023-07-31,0.85596
CVE-2011-1734,2023-08-01,0.85596
CVE-2011-1734,2023-08-02,0.85596
CVE-2011-1734,2023-08-03,0.85596
CVE-2011-1734,2023-08-04,0.85596
CVE-2011-1734,2023-08-05,0.85596
CVE-2011-1734,2023-08-06,0.85596
CVE-2011-1734,2023-08-07,0.85596
CVE-2011-1734,2023-08-08,0.85596
CVE-2011-1734,2023-08-09,0.85596
CVE-2011-1734,2023-08-10,0.85596
CVE-2011-1734,2023-08-11,0.85596
CVE-2011-1734,2023-08-12,0.85596
CVE-2011-1734,2023-08-13,0.85596
CVE-2011-1734,2023-08-14,0.85596
CVE-2011-1734,2023-08-15,0.85596
CVE-2011-1734,2023-08-16,0.85596
CVE-2011-1734,2023-08-17,0.85596
CVE-2011-1734,2023-08-18,0.85596
CVE-2011-1734,2023-08-19,0.85596
CVE-2011-1734,2023-08-20,0.85596
CVE-2011-1734,2023-08-21,0.85596
CVE-2011-1734,2023-08-22,0.85596
CVE-2011-1734,2023-08-23,0.85596
CVE-2011-1734,2023-08-24,0.85596
CVE-2011-1734,2023-08-25,0.85596
CVE-2011-1734,2023-08-26,0.85596
CVE-2011-1734,2023-08-27,0.85596
CVE-2011-1734,2023-08-28,0.85596
CVE-2011-1734,2023-08-29,0.85596
CVE-2011-1734,2023-08-30,0.85596
CVE-2011-1734,2023-08-31,0.85596
CVE-2011-1734,2023-09-01,0.85596
CVE-2011-1734,2023-09-02,0.85596
CVE-2011-1734,2023-09-03,0.85596
CVE-2011-1734,2023-09-04,0.85596
CVE-2011-1734,2023-09-05,0.85596
CVE-2011-1734,2023-09-06,0.85596
CVE-2011-1734,2023-09-07,0.85596
CVE-2011-1734,2023-09-08,0.85596
CVE-2011-1734,2023-09-09,0.85596
CVE-2011-1734,2023-09-10,0.85596
CVE-2011-1734,2023-09-11,0.85596
CVE-2011-1734,2023-09-12,0.85596
CVE-2011-1734,2023-09-13,0.85596
CVE-2011-1734,2023-09-14,0.85596
CVE-2011-1734,2023-09-15,0.85596
CVE-2011-1734,2023-09-16,0.85596
CVE-2011-1734,2023-09-17,0.85596
CVE-2011-1734,2023-09-18,0.85596
CVE-2011-1734,2023-09-19,0.85596
CVE-2011-1734,2023-09-20,0.85596
CVE-2011-1734,2023-09-21,0.85596
CVE-2011-1734,2023-09-22,0.85596
CVE-2011-1734,2023-09-23,0.85596
CVE-2011-1734,2023-09-24,0.85596
CVE-2011-1734,2023-09-25,0.85596
CVE-2011-1734,2023-09-26,0.85596
CVE-2011-1734,2023-09-27,0.85596
CVE-2011-1734,2023-09-28,0.85596
CVE-2011-1734,2023-09-29,0.85596
CVE-2011-1734,2023-09-30,0.85596
CVE-2011-1734,2023-10-01,0.85596
CVE-2011-1734,2023-10-02,0.85596
CVE-2011-1734,2023-10-03,0.85596
CVE-2011-1734,2023-10-04,0.85596
CVE-2011-1734,2023-10-05,0.85596
CVE-2011-1734,2023-10-06,0.85596
CVE-2011-1734,2023-10-07,0.85596
CVE-2011-1734,2023-10-08,0.85596
CVE-2011-1734,2023-10-09,0.85596
CVE-2011-1734,2023-10-10,0.85596
CVE-2011-1734,2023-10-11,0.85596
CVE-2011-1734,2023-10-12,0.85596
CVE-2011-1734,2023-10-13,0.85596
CVE-2011-1734,2023-10-14,0.85596
CVE-2011-1734,2023-10-15,0.85596
CVE-2011-1734,2023-10-16,0.85596
CVE-2011-1734,2023-10-17,0.85596
CVE-2011-1734,2023-10-18,0.85596
CVE-2011-1734,2023-10-19,0.85596
CVE-2011-1734,2023-10-20,0.85596
CVE-2011-1734,2023-10-21,0.85596
CVE-2011-1734,2023-10-22,0.85596
CVE-2011-1734,2023-10-23,0.85596
CVE-2011-1734,2023-10-24,0.85596
CVE-2011-1734,2023-10-25,0.85596
CVE-2011-1734,2023-10-26,0.85596
CVE-2011-1734,2023-10-27,0.85596
CVE-2011-1734,2023-10-28,0.85596
CVE-2011-1734,2023-10-29,0.85596
CVE-2011-1734,2023-10-30,0.85596
CVE-2011-1734,2023-10-31,0.85596
CVE-2011-1734,2023-11-01,0.85596
CVE-2011-1734,2023-11-02,0.85596
CVE-2011-1734,2023-11-03,0.85596
CVE-2011-1734,2023-11-04,0.85596
CVE-2011-1734,2023-11-05,0.86316
CVE-2011-1734,2023-11-06,0.86316
CVE-2011-1734,2023-11-07,0.86316
CVE-2011-1734,2023-11-08,0.86316
CVE-2011-1734,2023-11-09,0.86316
CVE-2011-1734,2023-11-10,0.86316
CVE-2011-1734,2023-11-11,0.86316
CVE-2011-1734,2023-11-12,0.86316
CVE-2011-1734,2023-11-13,0.86316
CVE-2011-1734,2023-11-14,0.86316
CVE-2011-1734,2023-11-15,0.86316
CVE-2011-1734,2023-11-16,0.86316
CVE-2011-1734,2023-11-17,0.86316
CVE-2011-1734,2023-11-18,0.86316
CVE-2011-1734,2023-11-19,0.86316
CVE-2011-1734,2023-11-20,0.86316
CVE-2011-1734,2023-11-21,0.86316
CVE-2011-1734,2023-11-22,0.86316
CVE-2011-1734,2023-11-23,0.86316
CVE-2011-1734,2023-11-24,0.86316
CVE-2011-1734,2023-11-25,0.86316
CVE-2011-1734,2023-11-26,0.86316
CVE-2011-1734,2023-11-27,0.86316
CVE-2011-1734,2023-11-28,0.86316
CVE-2011-1734,2023-11-29,0.86316
CVE-2011-1734,2023-11-30,0.86316
CVE-2011-1734,2023-12-01,0.86316
CVE-2011-1734,2023-12-02,0.86316
CVE-2011-1734,2023-12-03,0.86316
CVE-2011-1734,2023-12-04,0.86316
CVE-2011-1734,2023-12-05,0.86316
CVE-2011-1734,2023-12-06,0.86316
CVE-2011-1734,2023-12-07,0.86316
CVE-2011-1734,2023-12-08,0.86316
CVE-2011-1734,2023-12-09,0.86316
CVE-2011-1734,2023-12-10,0.86316
CVE-2011-1734,2023-12-11,0.86316
CVE-2011-1734,2023-12-12,0.86316
CVE-2011-1734,2023-12-13,0.86316
CVE-2011-1734,2023-12-14,0.86316
CVE-2011-1734,2023-12-15,0.86316
CVE-2011-1734,2023-12-16,0.86316
CVE-2011-1734,2023-12-17,0.86316
CVE-2011-1734,2023-12-18,0.86316
CVE-2011-1734,2023-12-19,0.86316
CVE-2011-1734,2023-12-20,0.86316
CVE-2011-1734,2023-12-21,0.86316
CVE-2011-1734,2023-12-22,0.86316
CVE-2011-1734,2023-12-23,0.86316
CVE-2011-1734,2023-12-24,0.86316
CVE-2011-1734,2023-12-25,0.86316
CVE-2011-1734,2023-12-26,0.87097
CVE-2011-1734,2023-12-27,0.87097
CVE-2011-1734,2023-12-28,0.87097
CVE-2011-1734,2023-12-29,0.87097
CVE-2011-1734,2023-12-30,0.87097
CVE-2011-1734,2023-12-31,0.87097
CVE-2011-1734,2024-01-01,0.87097
CVE-2011-1734,2024-01-02,0.87097
CVE-2011-1734,2024-01-03,0.87097
CVE-2011-1734,2024-01-04,0.87097
CVE-2011-1734,2024-01-05,0.87097
CVE-2011-1734,2024-01-06,0.87097
CVE-2011-1734,2024-01-07,0.87097
CVE-2011-1734,2024-01-08,0.87097
CVE-2011-1734,2024-01-09,0.87097
CVE-2011-1734,2024-01-10,0.87097
CVE-2011-1734,2024-01-11,0.87097
CVE-2011-1734,2024-01-12,0.87097
CVE-2011-1734,2024-01-13,0.87097
CVE-2011-1734,2024-01-14,0.87097
CVE-2011-1734,2024-01-15,0.87097
CVE-2011-1734,2024-01-16,0.87097
CVE-2011-1734,2024-01-17,0.87097
CVE-2011-1734,2024-01-18,0.87097
CVE-2011-1734,2024-01-19,0.87097
CVE-2011-1734,2024-01-20,0.87097
CVE-2011-1734,2024-01-21,0.87097
CVE-2011-1734,2024-01-22,0.87097
CVE-2011-1734,2024-01-23,0.87097
CVE-2011-1734,2024-01-24,0.87097
CVE-2011-1734,2024-01-25,0.87097
CVE-2011-1734,2024-01-26,0.87097
CVE-2011-1734,2024-01-27,0.87097
CVE-2011-1734,2024-01-28,0.87097
CVE-2011-1734,2024-01-29,0.87097
CVE-2011-1734,2024-01-30,0.87097
CVE-2011-1734,2024-01-31,0.87097
CVE-2011-1734,2024-02-01,0.87097
CVE-2011-1734,2024-02-02,0.87097
CVE-2011-1734,2024-02-03,0.87097
CVE-2011-1734,2024-02-04,0.87097
CVE-2011-1734,2024-02-05,0.87097
CVE-2011-1734,2024-02-06,0.87097
CVE-2011-1734,2024-02-07,0.87097
CVE-2011-1734,2024-02-08,0.87097
CVE-2011-1734,2024-02-09,0.87097
CVE-2011-1734,2024-02-10,0.87097
CVE-2011-1734,2024-02-11,0.87097
CVE-2011-1734,2024-02-12,0.87097
CVE-2011-1734,2024-02-13,0.87097
CVE-2011-1734,2024-02-14,0.87097
CVE-2011-1734,2024-02-15,0.87097
CVE-2011-1734,2024-02-16,0.87097
CVE-2011-1734,2024-02-17,0.87097
CVE-2011-1734,2024-02-18,0.87097
CVE-2011-1734,2024-02-19,0.87097
CVE-2011-1734,2024-02-20,0.87097
CVE-2011-1734,2024-02-21,0.87097
CVE-2011-1734,2024-02-22,0.87097
CVE-2011-1734,2024-02-23,0.87097
CVE-2011-1734,2024-02-24,0.87097
CVE-2011-1734,2024-02-25,0.87097
CVE-2011-1734,2024-02-26,0.87097
CVE-2011-1734,2024-02-27,0.87097
CVE-2011-1734,2024-02-28,0.87097
CVE-2011-1734,2024-02-29,0.87097
CVE-2011-1734,2024-03-01,0.87097
CVE-2011-1734,2024-03-02,0.87097
CVE-2011-1734,2024-03-03,0.87097
CVE-2011-1734,2024-03-04,0.87097
CVE-2011-1734,2024-03-05,0.87097
CVE-2011-1734,2024-03-06,0.87097
CVE-2011-1734,2024-03-07,0.87097
CVE-2011-1734,2024-03-08,0.87097
CVE-2011-1734,2024-03-09,0.87097
CVE-2011-1734,2024-03-10,0.87097
CVE-2011-1734,2024-03-11,0.87097
CVE-2011-1734,2024-03-12,0.87097
CVE-2011-1734,2024-03-13,0.87097
CVE-2011-1734,2024-03-14,0.87097
CVE-2011-1734,2024-03-15,0.87097
CVE-2011-1734,2024-03-16,0.87097
CVE-2011-1734,2024-03-17,0.87097
CVE-2011-1734,2024-03-18,0.87097
CVE-2011-1734,2024-03-19,0.87097
CVE-2011-1734,2024-03-20,0.87097
CVE-2011-1734,2024-03-21,0.87097
CVE-2011-1734,2024-03-22,0.87097
CVE-2011-1734,2024-03-23,0.87097
CVE-2011-1734,2024-03-24,0.87097
CVE-2011-1734,2024-03-25,0.87097
CVE-2011-1734,2024-03-26,0.87097
CVE-2011-1734,2024-03-27,0.87097
CVE-2011-1734,2024-03-28,0.87097
CVE-2011-1734,2024-03-29,0.87097
CVE-2011-1734,2024-03-30,0.87097
CVE-2011-1734,2024-03-31,0.87097
CVE-2011-1734,2024-04-01,0.87097
CVE-2011-1734,2024-04-02,0.87097
CVE-2011-1734,2024-04-03,0.87097
CVE-2011-1734,2024-04-04,0.87097
CVE-2011-1734,2024-04-05,0.87097
CVE-2011-1734,2024-04-06,0.87097
CVE-2011-1734,2024-04-07,0.87097
CVE-2011-1734,2024-04-08,0.87097
CVE-2011-1734,2024-04-09,0.87097
CVE-2011-1734,2024-04-10,0.87097
CVE-2011-1734,2024-04-11,0.87097
CVE-2011-1734,2024-04-12,0.87097
CVE-2011-1734,2024-04-13,0.87097
CVE-2011-1734,2024-04-14,0.87097
CVE-2011-1734,2024-04-15,0.87097
CVE-2011-1734,2024-04-16,0.87097
CVE-2011-1734,2024-04-17,0.87097
CVE-2011-1734,2024-04-18,0.87097
CVE-2011-1734,2024-04-19,0.87097
CVE-2011-1734,2024-04-20,0.87097
CVE-2011-1734,2024-04-21,0.87097
CVE-2011-1734,2024-04-22,0.87097
CVE-2011-1734,2024-04-23,0.87097
CVE-2011-1734,2024-04-24,0.87097
CVE-2011-1734,2024-04-25,0.87097
CVE-2011-1734,2024-04-26,0.87097
CVE-2011-1734,2024-04-27,0.87097
CVE-2011-1734,2024-04-28,0.87097
CVE-2011-1734,2024-04-29,0.87097
CVE-2011-1734,2024-04-30,0.87097
CVE-2011-1734,2024-05-01,0.87097
CVE-2011-1734,2024-05-02,0.87097
CVE-2011-1734,2024-05-03,0.87097
CVE-2011-1734,2024-05-04,0.87097
CVE-2011-1734,2024-05-05,0.87097
CVE-2011-1734,2024-05-06,0.87097
CVE-2011-1734,2024-05-07,0.87097
CVE-2011-1734,2024-05-08,0.87097
CVE-2011-1734,2024-05-09,0.87097
CVE-2011-1734,2024-05-10,0.87097
CVE-2011-1734,2024-05-11,0.87097
CVE-2011-1734,2024-05-12,0.87097
CVE-2011-1734,2024-05-13,0.87097
CVE-2011-1734,2024-05-14,0.87097
CVE-2011-1734,2024-05-15,0.87097
CVE-2011-1734,2024-05-16,0.87097
CVE-2011-1734,2024-05-17,0.87097
CVE-2011-1734,2024-05-18,0.87097
CVE-2011-1734,2024-05-19,0.87097
CVE-2011-1734,2024-05-20,0.87097
CVE-2011-1734,2024-05-21,0.87097
CVE-2011-1734,2024-05-22,0.87097
CVE-2011-1734,2024-05-23,0.87097
CVE-2011-1734,2024-05-24,0.87097
CVE-2011-1734,2024-05-25,0.87097
CVE-2011-1734,2024-05-26,0.87097
CVE-2011-1734,2024-05-27,0.87097
CVE-2011-1734,2024-05-28,0.87097
CVE-2011-1734,2024-05-29,0.87097
CVE-2011-1734,2024-05-30,0.87097
CVE-2011-1734,2024-05-31,0.87097
CVE-2011-1734,2024-06-01,0.87097
CVE-2011-1734,2024-06-02,0.87097
CVE-2011-1734,2024-06-03,0.87097
CVE-2011-1734,2024-06-04,0.87097
CVE-2011-1734,2024-06-05,0.87097
CVE-2011-1734,2024-06-06,0.87097
CVE-2011-1734,2024-06-07,0.87097
CVE-2011-1734,2024-06-08,0.87097
CVE-2011-1734,2024-06-09,0.87097
CVE-2011-1734,2024-06-10,0.87097
CVE-2011-1734,2024-06-11,0.87097
CVE-2011-1734,2024-06-12,0.87097
CVE-2011-1734,2024-06-13,0.87097
CVE-2011-1734,2024-06-14,0.87097
CVE-2011-1734,2024-06-15,0.87097
CVE-2011-1734,2024-06-16,0.87097
CVE-2011-1734,2024-06-17,0.87097
CVE-2011-1734,2024-06-18,0.87097
CVE-2011-1734,2024-06-19,0.87097
CVE-2011-1734,2024-06-20,0.87097
CVE-2011-1734,2024-06-21,0.87097
CVE-2011-1734,2024-06-22,0.87097
CVE-2011-1734,2024-06-23,0.87097
CVE-2011-1734,2024-06-24,0.87097
CVE-2011-1734,2024-06-25,0.87097
CVE-2011-1734,2024-06-26,0.87097
CVE-2011-1734,2024-06-27,0.87097
CVE-2011-1734,2024-06-28,0.87097
CVE-2011-1734,2024-06-29,0.87097
CVE-2011-1734,2024-06-30,0.87097
CVE-2011-1734,2024-07-01,0.87097
CVE-2011-1734,2024-07-02,0.87097
CVE-2011-1734,2024-07-03,0.87097
CVE-2011-1734,2024-07-04,0.87097
CVE-2011-1734,2024-07-05,0.87097
CVE-2011-1734,2024-07-06,0.87097
CVE-2011-1734,2024-07-07,0.87097
CVE-2011-1734,2024-07-08,0.87097
CVE-2011-1734,2024-07-09,0.87097
CVE-2011-1734,2024-07-10,0.87097
CVE-2011-1734,2024-07-11,0.87097
CVE-2011-1734,2024-07-12,0.87097
CVE-2011-1734,2024-07-13,0.87097
CVE-2011-1734,2024-07-14,0.87097
CVE-2011-1734,2024-07-15,0.87097
CVE-2011-1734,2024-07-16,0.87097
CVE-2011-1734,2024-07-17,0.87097
CVE-2011-1734,2024-07-18,0.87097
CVE-2011-1734,2024-07-19,0.87097
CVE-2011-1734,2024-07-20,0.87097
CVE-2011-1734,2024-07-21,0.87097
CVE-2011-1734,2024-07-22,0.87097
CVE-2011-1734,2024-07-23,0.87097
CVE-2011-1734,2024-07-24,0.87097
CVE-2011-1734,2024-07-25,0.87097
CVE-2011-1734,2024-07-26,0.87097
CVE-2011-1734,2024-07-27,0.87097
CVE-2011-1734,2024-07-28,0.87097
CVE-2011-1734,2024-07-29,0.87097
CVE-2011-1734,2024-07-30,0.87097
CVE-2011-1734,2024-07-31,0.87097
CVE-2011-1734,2024-08-01,0.87097
CVE-2011-1734,2024-08-02,0.87097
CVE-2011-1734,2024-08-03,0.87097
CVE-2011-1734,2024-08-04,0.87097
CVE-2011-1734,2024-08-05,0.87097
CVE-2011-1734,2024-08-06,0.87097
CVE-2011-1734,2024-08-07,0.87097
CVE-2011-1734,2024-08-08,0.87097
CVE-2011-1734,2024-08-09,0.87097
CVE-2011-1734,2024-08-10,0.87097
CVE-2011-1734,2024-08-11,0.87097
CVE-2011-1734,2024-08-12,0.87097
CVE-2011-1734,2024-08-13,0.87097
CVE-2011-1734,2024-08-14,0.87097
CVE-2011-1734,2024-08-15,0.87097
CVE-2011-1734,2024-08-16,0.87097
CVE-2011-1734,2024-08-17,0.87097
CVE-2011-1734,2024-08-18,0.87097
CVE-2011-1734,2024-08-19,0.87097
CVE-2011-1734,2024-08-20,0.87097
CVE-2011-1734,2024-08-21,0.87097
CVE-2011-1734,2024-08-22,0.87097
CVE-2011-1734,2024-08-23,0.87097
CVE-2011-1734,2024-08-24,0.87097
CVE-2011-1734,2024-08-25,0.87097
CVE-2011-1734,2024-08-26,0.87097
CVE-2011-1734,2024-08-27,0.87097
CVE-2011-1734,2024-08-28,0.87097
CVE-2011-1734,2024-08-29,0.87097
CVE-2011-1734,2024-08-30,0.87097
CVE-2011-1734,2024-08-31,0.87097
CVE-2011-1734,2024-09-01,0.87097
CVE-2011-1734,2024-09-02,0.87097
CVE-2011-1734,2024-09-03,0.87097
CVE-2011-1734,2024-09-04,0.87097
CVE-2011-1734,2024-09-05,0.87097
CVE-2011-1734,2024-09-06,0.87097
CVE-2011-1734,2024-09-07,0.87097
CVE-2011-1734,2024-09-08,0.87097
CVE-2011-1734,2024-09-09,0.87097
CVE-2011-1734,2024-09-10,0.87097
CVE-2011-1734,2024-09-11,0.87097
CVE-2011-1734,2024-09-12,0.87097
CVE-2011-1734,2024-09-13,0.87097
CVE-2011-1734,2024-09-14,0.87097
CVE-2011-1734,2024-09-15,0.87097
CVE-2011-1734,2024-09-16,0.87097
CVE-2011-1734,2024-09-17,0.87097
CVE-2011-1734,2024-09-18,0.87097
CVE-2011-1734,2024-09-19,0.87097
CVE-2011-1734,2024-09-20,0.87097
CVE-2011-1734,2024-09-21,0.87097
CVE-2011-1734,2024-09-22,0.87097
CVE-2011-1734,2024-09-23,0.87097
CVE-2011-1734,2024-09-24,0.87097
CVE-2011-1734,2024-09-25,0.87097
CVE-2011-1734,2024-09-26,0.87097
CVE-2011-1734,2024-09-27,0.87097
CVE-2011-1734,2024-09-28,0.87097
CVE-2011-1734,2024-09-29,0.87097
CVE-2011-1734,2024-09-30,0.87097
CVE-2011-1734,2024-10-01,0.87097
CVE-2011-1734,2024-10-02,0.85425
CVE-2011-1734,2024-10-03,0.85425
CVE-2011-1734,2024-10-04,0.85425
CVE-2011-1734,2024-10-05,0.85425
CVE-2011-1734,2024-10-06,0.85425
CVE-2011-1734,2024-10-07,0.85425
CVE-2011-1734,2024-10-08,0.85425
CVE-2011-1734,2024-10-09,0.85425
CVE-2011-1734,2024-10-10,0.85425
CVE-2011-1734,2024-10-11,0.85425
CVE-2011-1734,2024-10-12,0.85425
CVE-2011-1734,2024-10-13,0.85425
CVE-2011-1734,2024-10-14,0.85425
CVE-2011-1734,2024-10-15,0.85425
CVE-2011-1734,2024-10-16,0.85425
CVE-2011-1734,2024-10-17,0.85425
CVE-2011-1734,2024-10-18,0.85425
CVE-2011-1734,2024-10-19,0.85425
CVE-2011-1734,2024-10-20,0.85425
CVE-2011-1734,2024-10-21,0.85425
CVE-2011-1734,2024-10-22,0.85425
CVE-2011-1734,2024-10-23,0.85425
CVE-2011-1734,2024-10-24,0.85425
CVE-2011-1734,2024-10-25,0.85425
CVE-2011-1734,2024-10-26,0.85425
CVE-2011-1734,2024-10-27,0.85425
CVE-2011-1734,2024-10-28,0.85425
CVE-2011-1734,2024-10-29,0.85425
CVE-2011-1734,2024-10-30,0.85425
CVE-2011-1734,2024-10-31,0.85425
CVE-2011-1734,2024-11-01,0.85425
CVE-2011-1734,2024-11-02,0.85425
CVE-2011-1734,2024-11-03,0.85425
CVE-2011-1734,2024-11-04,0.85425
CVE-2011-1734,2024-11-05,0.85425
CVE-2011-1734,2024-11-06,0.85425
CVE-2011-1734,2024-11-07,0.85425
CVE-2011-1734,2024-11-08,0.85425
CVE-2011-1734,2024-11-09,0.85425
CVE-2011-1734,2024-11-10,0.85425
CVE-2011-1734,2024-11-11,0.85425
CVE-2011-1734,2024-11-12,0.85425
CVE-2011-1734,2024-11-13,0.85425
CVE-2011-1734,2024-11-14,0.85425
CVE-2011-1734,2024-11-15,0.85425
CVE-2011-1734,2024-11-16,0.85425
CVE-2011-1734,2024-11-17,0.85425
CVE-2011-1734,2024-11-18,0.85425
CVE-2011-1734,2024-11-19,0.85425
CVE-2011-1734,2024-11-20,0.85425
CVE-2011-1734,2024-11-21,0.85425
CVE-2011-1734,2024-11-22,0.85425
CVE-2011-1734,2024-11-23,0.85425
CVE-2011-1734,2024-11-24,0.85425
CVE-2011-1734,2024-11-25,0.85425
CVE-2011-1734,2024-11-26,0.85425
CVE-2011-1734,2024-11-27,0.85425
CVE-2011-1734,2024-11-28,0.85425
CVE-2011-1734,2024-11-29,0.85425
CVE-2011-1734,2024-11-30,0.85425
CVE-2011-1734,2024-12-02,0.85425
CVE-2011-1734,2024-12-03,0.85425
CVE-2011-1734,2024-12-04,0.85425
CVE-2011-1734,2024-12-05,0.85425
CVE-2011-1734,2024-12-06,0.85425
CVE-2011-1734,2024-12-07,0.85425
CVE-2011-1734,2024-12-08,0.85425
CVE-2011-1734,2024-12-09,0.85425
CVE-2011-1734,2024-12-10,0.85425
CVE-2011-1734,2024-12-11,0.85425
CVE-2011-1734,2024-12-12,0.85425
CVE-2011-1734,2024-12-13,0.85425
CVE-2011-1734,2024-12-14,0.85425
CVE-2011-1734,2024-12-15,0.85425
CVE-2011-1734,2024-12-16,0.85425
CVE-2011-1734,2024-12-17,0.78068
CVE-2011-1734,2024-12-18,0.78068
CVE-2011-1734,2024-12-19,0.78068
CVE-2011-1734,2024-12-20,0.78068
CVE-2011-1734,2024-12-21,0.78068
CVE-2011-1734,2024-12-22,0.78068
CVE-2011-1734,2024-12-23,0.78068
CVE-2011-1734,2024-12-24,0.78068
CVE-2011-1734,2024-12-25,0.78068
CVE-2011-1734,2024-12-26,0.78068
CVE-2011-1734,2024-12-27,0.78068
CVE-2011-1734,2024-12-28,0.78068
CVE-2011-1734,2024-12-29,0.78068
CVE-2011-1734,2024-12-30,0.78068
CVE-2011-1734,2024-12-31,0.78068
CVE-2011-1734,2025-01-01,0.78068
CVE-2011-1734,2025-01-02,0.78068
CVE-2011-1734,2025-01-03,0.78068
CVE-2011-1734,2025-01-04,0.78068
CVE-2011-1734,2025-01-05,0.78068
CVE-2011-1734,2025-01-06,0.78068
CVE-2011-1734,2025-01-07,0.78068
CVE-2011-1734,2025-01-08,0.78068
CVE-2011-1734,2025-01-09,0.78068
CVE-2011-1734,2025-01-10,0.78068
CVE-2011-1734,2025-01-11,0.78068
CVE-2011-1734,2025-01-12,0.78068
CVE-2011-1734,2025-01-13,0.78068
CVE-2011-1734,2025-01-14,0.78068
CVE-2011-1734,2025-01-15,0.78068
CVE-2011-1734,2025-01-16,0.78068
CVE-2011-1734,2025-01-17,0.78068
CVE-2011-1734,2025-01-18,0.78068
CVE-2011-1734,2025-01-19,0.78068
CVE-2011-1734,2025-01-20,0.78068
CVE-2011-1734,2025-01-21,0.78068
CVE-2011-1734,2025-01-22,0.78068
CVE-2011-1734,2025-01-23,0.78068
CVE-2011-1734,2025-01-24,0.78068
CVE-2011-1734,2025-01-25,0.78068
CVE-2011-1734,2025-01-26,0.78068
CVE-2011-1734,2025-01-27,0.78068
CVE-2011-1734,2025-01-28,0.78068
CVE-2011-1734,2025-01-29,0.78068
CVE-2011-1734,2025-01-30,0.78068
CVE-2011-1734,2025-01-31,0.78068
CVE-2011-1734,2025-02-01,0.78068
CVE-2011-1734,2025-02-02,0.78068
CVE-2011-1734,2025-02-03,0.78068
CVE-2011-1734,2025-02-04,0.78068
CVE-2011-1734,2025-02-05,0.78068
CVE-2011-1734,2025-02-06,0.78068
CVE-2011-1734,2025-02-07,0.78068
CVE-2011-1734,2025-02-08,0.78068
CVE-2011-1734,2025-02-09,0.78068
CVE-2011-1734,2025-02-10,0.78068
CVE-2011-1734,2025-02-11,0.78068
CVE-2011-1734,2025-02-12,0.78068
CVE-2011-1734,2025-02-13,0.78068
CVE-2011-1734,2025-02-14,0.78068
CVE-2011-1734,2025-02-15,0.78068
CVE-2011-1734,2025-02-16,0.78068
CVE-2011-1734,2025-02-17,0.78068
CVE-2011-1734,2025-02-18,0.78068
CVE-2011-1734,2025-02-19,0.78068
CVE-2011-1734,2025-02-20,0.78068
CVE-2011-1734,2025-02-21,0.78068
CVE-2011-1734,2025-02-22,0.78068
CVE-2011-1734,2025-02-23,0.78068
CVE-2011-1734,2025-02-24,0.78068
CVE-2011-1734,2025-02-25,0.78068
CVE-2011-1734,2025-02-26,0.78068
CVE-2011-1734,2025-02-27,0.78068
CVE-2011-1734,2025-02-28,0.78068
CVE-2011-1734,2025-03-01,0.78068
CVE-2011-1734,2025-03-02,0.78068
CVE-2011-1734,2025-03-03,0.78068
CVE-2011-1734,2025-03-04,0.78068
CVE-2011-1734,2025-03-05,0.78068
CVE-2011-1734,2025-03-06,0.78068
CVE-2011-1734,2025-03-07,0.78068
CVE-2011-1734,2025-03-08,0.78068
CVE-2011-1734,2025-03-09,0.78068
CVE-2011-1734,2025-03-10,0.78068
CVE-2011-1734,2025-03-11,0.78068
CVE-2011-1734,2025-03-12,0.78068
CVE-2011-4786,2022-02-04,0.78206
CVE-2011-4786,2022-02-05,0.78206
CVE-2011-4786,2022-02-06,0.78206
CVE-2011-4786,2022-02-07,0.78206
CVE-2011-4786,2022-02-08,0.78206
CVE-2011-4786,2022-02-09,0.78206
CVE-2011-4786,2022-02-10,0.78206
CVE-2011-4786,2022-02-11,0.78206
CVE-2011-4786,2022-02-12,0.78206
CVE-2011-4786,2022-02-13,0.78206
CVE-2011-4786,2022-02-14,0.78206
CVE-2011-4786,2022-02-15,0.78206
CVE-2011-4786,2022-02-16,0.78206
CVE-2011-4786,2022-02-17,0.78206
CVE-2011-4786,2022-02-18,0.78206
CVE-2011-4786,2022-02-19,0.78206
CVE-2011-4786,2022-02-20,0.78206
CVE-2011-4786,2022-02-21,0.78206
CVE-2011-4786,2022-02-22,0.78206
CVE-2011-4786,2022-02-23,0.78206
CVE-2011-4786,2022-02-24,0.78206
CVE-2011-4786,2022-02-25,0.78206
CVE-2011-4786,2022-02-26,0.78206
CVE-2011-4786,2022-02-27,0.78206
CVE-2011-4786,2022-02-28,0.78206
CVE-2011-4786,2022-03-01,0.78206
CVE-2011-4786,2022-03-02,0.78206
CVE-2011-4786,2022-03-03,0.78206
CVE-2011-4786,2022-03-04,0.78206
CVE-2011-4786,2022-03-05,0.78206
CVE-2011-4786,2022-03-06,0.78206
CVE-2011-4786,2022-03-07,0.78206
CVE-2011-4786,2022-03-08,0.78206
CVE-2011-4786,2022-03-09,0.78206
CVE-2011-4786,2022-03-10,0.78206
CVE-2011-4786,2022-03-11,0.78206
CVE-2011-4786,2022-03-12,0.78206
CVE-2011-4786,2022-03-13,0.78206
CVE-2011-4786,2022-03-14,0.78206
CVE-2011-4786,2022-03-15,0.78206
CVE-2011-4786,2022-03-16,0.78206
CVE-2011-4786,2022-03-17,0.78206
CVE-2011-4786,2022-03-18,0.78206
CVE-2011-4786,2022-03-19,0.78206
CVE-2011-4786,2022-03-20,0.78206
CVE-2011-4786,2022-03-21,0.78206
CVE-2011-4786,2022-03-22,0.78206
CVE-2011-4786,2022-03-23,0.78206
CVE-2011-4786,2022-03-24,0.78206
CVE-2011-4786,2022-03-25,0.78206
CVE-2011-4786,2022-03-26,0.78206
CVE-2011-4786,2022-03-27,0.78206
CVE-2011-4786,2022-03-28,0.77701
CVE-2011-4786,2022-03-29,0.77701
CVE-2011-4786,2022-03-30,0.77701
CVE-2011-4786,2022-03-31,0.77701
CVE-2011-4786,2022-04-01,0.77701
CVE-2011-4786,2022-04-02,0.77701
CVE-2011-4786,2022-04-03,0.77701
CVE-2011-4786,2022-04-04,0.77701
CVE-2011-4786,2022-04-05,0.77701
CVE-2011-4786,2022-04-06,0.77701
CVE-2011-4786,2022-04-07,0.77701
CVE-2011-4786,2022-04-08,0.77701
CVE-2011-4786,2022-04-09,0.77701
CVE-2011-4786,2022-04-10,0.77701
CVE-2011-4786,2022-04-11,0.77701
CVE-2011-4786,2022-04-12,0.77701
CVE-2011-4786,2022-04-13,0.77701
CVE-2011-4786,2022-04-14,0.77701
CVE-2011-4786,2022-04-15,0.77701
CVE-2011-4786,2022-04-16,0.77701
CVE-2011-4786,2022-04-17,0.77701
CVE-2011-4786,2022-04-18,0.77701
CVE-2011-4786,2022-04-19,0.77701
CVE-2011-4786,2022-04-20,0.77701
CVE-2011-4786,2022-04-21,0.77701
CVE-2011-4786,2022-04-22,0.77701
CVE-2011-4786,2022-04-23,0.77701
CVE-2011-4786,2022-04-24,0.77701
CVE-2011-4786,2022-04-25,0.77701
CVE-2011-4786,2022-04-26,0.77701
CVE-2011-4786,2022-04-27,0.77701
CVE-2011-4786,2022-04-28,0.77701
CVE-2011-4786,2022-04-29,0.77701
CVE-2011-4786,2022-04-30,0.77701
CVE-2011-4786,2022-05-01,0.77701
CVE-2011-4786,2022-05-02,0.77701
CVE-2011-4786,2022-05-03,0.77701
CVE-2011-4786,2022-05-04,0.77701
CVE-2011-4786,2022-05-05,0.77701
CVE-2011-4786,2022-05-06,0.77701
CVE-2011-4786,2022-05-07,0.77701
CVE-2011-4786,2022-05-08,0.77701
CVE-2011-4786,2022-05-09,0.77701
CVE-2011-4786,2022-05-10,0.77701
CVE-2011-4786,2022-05-11,0.77701
CVE-2011-4786,2022-05-12,0.77701
CVE-2011-4786,2022-05-13,0.77701
CVE-2011-4786,2022-05-14,0.77701
CVE-2011-4786,2022-05-15,0.77701
CVE-2011-4786,2022-05-16,0.77701
CVE-2011-4786,2022-05-17,0.77701
CVE-2011-4786,2022-05-18,0.77701
CVE-2011-4786,2022-05-19,0.77701
CVE-2011-4786,2022-05-20,0.77701
CVE-2011-4786,2022-05-21,0.77701
CVE-2011-4786,2022-05-22,0.77701
CVE-2011-4786,2022-05-23,0.77701
CVE-2011-4786,2022-05-24,0.77701
CVE-2011-4786,2022-05-25,0.77701
CVE-2011-4786,2022-05-26,0.77701
CVE-2011-4786,2022-05-27,0.77701
CVE-2011-4786,2022-05-28,0.77701
CVE-2011-4786,2022-05-29,0.77701
CVE-2011-4786,2022-05-30,0.77701
CVE-2011-4786,2022-05-31,0.77701
CVE-2011-4786,2022-06-01,0.77701
CVE-2011-4786,2022-06-02,0.77701
CVE-2011-4786,2022-06-03,0.77701
CVE-2011-4786,2022-06-04,0.77701
CVE-2011-4786,2022-06-05,0.77701
CVE-2011-4786,2022-06-06,0.77701
CVE-2011-4786,2022-06-07,0.77701
CVE-2011-4786,2022-06-08,0.77701
CVE-2011-4786,2022-06-09,0.77701
CVE-2011-4786,2022-06-10,0.77701
CVE-2011-4786,2022-06-11,0.77701
CVE-2011-4786,2022-06-12,0.77701
CVE-2011-4786,2022-06-13,0.77701
CVE-2011-4786,2022-06-14,0.77701
CVE-2011-4786,2022-06-15,0.77701
CVE-2011-4786,2022-06-16,0.77701
CVE-2011-4786,2022-06-17,0.77701
CVE-2011-4786,2022-06-18,0.77701
CVE-2011-4786,2022-06-19,0.77701
CVE-2011-4786,2022-06-20,0.77701
CVE-2011-4786,2022-06-21,0.77701
CVE-2011-4786,2022-06-22,0.77701
CVE-2011-4786,2022-06-23,0.77701
CVE-2011-4786,2022-06-24,0.77701
CVE-2011-4786,2022-06-25,0.77701
CVE-2011-4786,2022-06-26,0.77701
CVE-2011-4786,2022-06-27,0.77701
CVE-2011-4786,2022-06-28,0.76615
CVE-2011-4786,2022-06-29,0.76615
CVE-2011-4786,2022-06-30,0.76615
CVE-2011-4786,2022-07-01,0.76615
CVE-2011-4786,2022-07-02,0.76615
CVE-2011-4786,2022-07-03,0.76615
CVE-2011-4786,2022-07-04,0.76615
CVE-2011-4786,2022-07-05,0.76615
CVE-2011-4786,2022-07-06,0.76615
CVE-2011-4786,2022-07-07,0.76615
CVE-2011-4786,2022-07-08,0.76615
CVE-2011-4786,2022-07-09,0.76615
CVE-2011-4786,2022-07-10,0.76615
CVE-2011-4786,2022-07-11,0.76615
CVE-2011-4786,2022-07-12,0.76615
CVE-2011-4786,2022-07-13,0.76615
CVE-2011-4786,2022-07-15,0.76615
CVE-2011-4786,2022-07-16,0.76615
CVE-2011-4786,2022-07-17,0.76615
CVE-2011-4786,2022-07-18,0.76615
CVE-2011-4786,2022-07-19,0.76615
CVE-2011-4786,2022-07-20,0.76615
CVE-2011-4786,2022-07-21,0.76615
CVE-2011-4786,2022-07-22,0.76615
CVE-2011-4786,2022-07-23,0.76615
CVE-2011-4786,2022-07-24,0.76615
CVE-2011-4786,2022-07-25,0.76615
CVE-2011-4786,2022-07-26,0.76615
CVE-2011-4786,2022-07-27,0.76615
CVE-2011-4786,2022-07-28,0.76615
CVE-2011-4786,2022-07-29,0.76615
CVE-2011-4786,2022-07-30,0.76615
CVE-2011-4786,2022-07-31,0.76615
CVE-2011-4786,2022-08-01,0.76615
CVE-2011-4786,2022-08-02,0.76615
CVE-2011-4786,2022-08-03,0.76615
CVE-2011-4786,2022-08-04,0.76615
CVE-2011-4786,2022-08-05,0.76615
CVE-2011-4786,2022-08-06,0.76615
CVE-2011-4786,2022-08-07,0.76615
CVE-2011-4786,2022-08-08,0.76615
CVE-2011-4786,2022-08-09,0.76615
CVE-2011-4786,2022-08-10,0.76615
CVE-2011-4786,2022-08-11,0.76615
CVE-2011-4786,2022-08-12,0.76615
CVE-2011-4786,2022-08-13,0.76615
CVE-2011-4786,2022-08-14,0.76615
CVE-2011-4786,2022-08-15,0.76615
CVE-2011-4786,2022-08-16,0.76615
CVE-2011-4786,2022-08-17,0.76615
CVE-2011-4786,2022-08-18,0.76615
CVE-2011-4786,2022-08-19,0.76615
CVE-2011-4786,2022-08-20,0.76615
CVE-2011-4786,2022-08-21,0.76615
CVE-2011-4786,2022-08-22,0.76615
CVE-2011-4786,2022-08-23,0.76615
CVE-2011-4786,2022-08-24,0.76615
CVE-2011-4786,2022-08-25,0.76615
CVE-2011-4786,2022-08-26,0.76615
CVE-2011-4786,2022-08-27,0.76615
CVE-2011-4786,2022-08-28,0.76615
CVE-2011-4786,2022-08-29,0.76615
CVE-2011-4786,2022-08-30,0.76615
CVE-2011-4786,2022-08-31,0.76615
CVE-2011-4786,2022-09-01,0.76615
CVE-2011-4786,2022-09-02,0.76615
CVE-2011-4786,2022-09-03,0.76615
CVE-2011-4786,2022-09-04,0.76615
CVE-2011-4786,2022-09-05,0.76615
CVE-2011-4786,2022-09-06,0.76615
CVE-2011-4786,2022-09-07,0.76615
CVE-2011-4786,2022-09-08,0.76615
CVE-2011-4786,2022-09-09,0.76615
CVE-2011-4786,2022-09-10,0.76615
CVE-2011-4786,2022-09-11,0.76615
CVE-2011-4786,2022-09-12,0.76615
CVE-2011-4786,2022-09-13,0.76615
CVE-2011-4786,2022-09-14,0.76615
CVE-2011-4786,2022-09-15,0.76615
CVE-2011-4786,2022-09-16,0.76615
CVE-2011-4786,2022-09-17,0.76615
CVE-2011-4786,2022-09-18,0.76615
CVE-2011-4786,2022-09-19,0.76615
CVE-2011-4786,2022-09-20,0.76615
CVE-2011-4786,2022-09-21,0.76615
CVE-2011-4786,2022-09-22,0.76615
CVE-2011-4786,2022-09-23,0.76615
CVE-2011-4786,2022-09-24,0.76615
CVE-2011-4786,2022-09-25,0.76615
CVE-2011-4786,2022-09-26,0.76615
CVE-2011-4786,2022-09-27,0.76615
CVE-2011-4786,2022-09-28,0.76615
CVE-2011-4786,2022-09-29,0.76615
CVE-2011-4786,2022-09-30,0.76615
CVE-2011-4786,2022-10-01,0.76615
CVE-2011-4786,2022-10-02,0.76615
CVE-2011-4786,2022-10-03,0.76615
CVE-2011-4786,2022-10-04,0.76615
CVE-2011-4786,2022-10-05,0.76615
CVE-2011-4786,2022-10-06,0.76615
CVE-2011-4786,2022-10-07,0.76615
CVE-2011-4786,2022-10-08,0.76615
CVE-2011-4786,2022-10-09,0.76615
CVE-2011-4786,2022-10-10,0.76615
CVE-2011-4786,2022-10-11,0.76615
CVE-2011-4786,2022-10-12,0.76615
CVE-2011-4786,2022-10-13,0.76615
CVE-2011-4786,2022-10-14,0.76615
CVE-2011-4786,2022-10-15,0.76615
CVE-2011-4786,2022-10-16,0.76615
CVE-2011-4786,2022-10-17,0.76615
CVE-2011-4786,2022-10-18,0.76615
CVE-2011-4786,2022-10-19,0.76615
CVE-2011-4786,2022-10-20,0.76615
CVE-2011-4786,2022-10-21,0.76615
CVE-2011-4786,2022-10-22,0.76615
CVE-2011-4786,2022-10-23,0.76615
CVE-2011-4786,2022-10-24,0.76615
CVE-2011-4786,2022-10-25,0.76615
CVE-2011-4786,2022-10-26,0.76615
CVE-2011-4786,2022-10-27,0.76615
CVE-2011-4786,2022-10-28,0.76615
CVE-2011-4786,2022-10-29,0.76615
CVE-2011-4786,2022-10-30,0.76615
CVE-2011-4786,2022-10-31,0.76615
CVE-2011-4786,2022-11-01,0.76615
CVE-2011-4786,2022-11-02,0.76615
CVE-2011-4786,2022-11-03,0.76615
CVE-2011-4786,2022-11-04,0.76615
CVE-2011-4786,2022-11-05,0.76615
CVE-2011-4786,2022-11-06,0.76615
CVE-2011-4786,2022-11-07,0.76615
CVE-2011-4786,2022-11-08,0.76615
CVE-2011-4786,2022-11-09,0.76615
CVE-2011-4786,2022-11-10,0.76615
CVE-2011-4786,2022-11-11,0.76615
CVE-2011-4786,2022-11-12,0.76615
CVE-2011-4786,2022-11-13,0.76615
CVE-2011-4786,2022-11-14,0.76615
CVE-2011-4786,2022-11-15,0.76615
CVE-2011-4786,2022-11-16,0.76615
CVE-2011-4786,2022-11-17,0.76615
CVE-2011-4786,2022-11-18,0.76615
CVE-2011-4786,2022-11-19,0.76615
CVE-2011-4786,2022-11-20,0.76615
CVE-2011-4786,2022-11-21,0.76615
CVE-2011-4786,2022-11-22,0.76615
CVE-2011-4786,2022-11-23,0.76615
CVE-2011-4786,2022-11-24,0.76615
CVE-2011-4786,2022-11-25,0.76615
CVE-2011-4786,2022-11-26,0.76615
CVE-2011-4786,2022-11-27,0.76615
CVE-2011-4786,2022-11-28,0.76615
CVE-2011-4786,2022-11-29,0.76615
CVE-2011-4786,2022-11-30,0.76615
CVE-2011-4786,2022-12-01,0.76615
CVE-2011-4786,2022-12-02,0.76615
CVE-2011-4786,2022-12-03,0.76615
CVE-2011-4786,2022-12-04,0.76615
CVE-2011-4786,2022-12-05,0.76615
CVE-2011-4786,2022-12-06,0.76615
CVE-2011-4786,2022-12-07,0.76615
CVE-2011-4786,2022-12-08,0.76615
CVE-2011-4786,2022-12-09,0.76615
CVE-2011-4786,2022-12-10,0.76615
CVE-2011-4786,2022-12-11,0.76615
CVE-2011-4786,2022-12-12,0.76615
CVE-2011-4786,2022-12-13,0.76615
CVE-2011-4786,2022-12-14,0.76615
CVE-2011-4786,2022-12-15,0.76615
CVE-2011-4786,2022-12-16,0.76615
CVE-2011-4786,2022-12-17,0.76615
CVE-2011-4786,2022-12-18,0.76615
CVE-2011-4786,2022-12-19,0.76615
CVE-2011-4786,2022-12-20,0.76615
CVE-2011-4786,2022-12-21,0.76615
CVE-2011-4786,2022-12-22,0.76615
CVE-2011-4786,2022-12-23,0.76615
CVE-2011-4786,2022-12-24,0.76615
CVE-2011-4786,2022-12-25,0.76615
CVE-2011-4786,2022-12-26,0.76615
CVE-2011-4786,2022-12-27,0.76615
CVE-2011-4786,2022-12-28,0.76615
CVE-2011-4786,2022-12-29,0.76615
CVE-2011-4786,2022-12-30,0.76615
CVE-2011-4786,2022-12-31,0.76615
CVE-2011-4786,2023-01-01,0.76615
CVE-2011-4786,2023-01-02,0.76615
CVE-2011-4786,2023-01-03,0.76615
CVE-2011-4786,2023-01-04,0.76615
CVE-2011-4786,2023-01-05,0.76615
CVE-2011-4786,2023-01-06,0.76615
CVE-2011-4786,2023-01-07,0.76615
CVE-2011-4786,2023-01-08,0.76615
CVE-2011-4786,2023-01-09,0.76615
CVE-2011-4786,2023-01-10,0.76615
CVE-2011-4786,2023-01-11,0.76615
CVE-2011-4786,2023-01-12,0.76615
CVE-2011-4786,2023-01-13,0.76615
CVE-2011-4786,2023-01-14,0.76615
CVE-2011-4786,2023-01-15,0.76615
CVE-2011-4786,2023-01-16,0.76615
CVE-2011-4786,2023-01-17,0.76615
CVE-2011-4786,2023-01-18,0.76615
CVE-2011-4786,2023-01-19,0.76615
CVE-2011-4786,2023-01-20,0.76615
CVE-2011-4786,2023-01-21,0.76615
CVE-2011-4786,2023-01-22,0.76615
CVE-2011-4786,2023-01-23,0.76615
CVE-2011-4786,2023-01-24,0.76615
CVE-2011-4786,2023-01-25,0.76615
CVE-2011-4786,2023-01-26,0.76615
CVE-2011-4786,2023-01-27,0.76615
CVE-2011-4786,2023-01-28,0.76615
CVE-2011-4786,2023-01-29,0.76615
CVE-2011-4786,2023-01-30,0.76615
CVE-2011-4786,2023-01-31,0.76615
CVE-2011-4786,2023-02-01,0.76615
CVE-2011-4786,2023-02-02,0.76615
CVE-2011-4786,2023-02-03,0.76615
CVE-2011-4786,2023-02-04,0.76615
CVE-2011-4786,2023-02-05,0.76615
CVE-2011-4786,2023-02-06,0.76615
CVE-2011-4786,2023-02-07,0.76615
CVE-2011-4786,2023-02-08,0.76615
CVE-2011-4786,2023-02-09,0.76615
CVE-2011-4786,2023-02-10,0.76615
CVE-2011-4786,2023-02-11,0.76615
CVE-2011-4786,2023-02-12,0.76615
CVE-2011-4786,2023-02-13,0.76615
CVE-2011-4786,2023-02-14,0.76615
CVE-2011-4786,2023-02-15,0.76615
CVE-2011-4786,2023-02-16,0.76615
CVE-2011-4786,2023-02-17,0.76615
CVE-2011-4786,2023-02-18,0.76615
CVE-2011-4786,2023-02-19,0.76615
CVE-2011-4786,2023-02-20,0.76615
CVE-2011-4786,2023-02-21,0.76615
CVE-2011-4786,2023-02-22,0.76615
CVE-2011-4786,2023-02-23,0.76615
CVE-2011-4786,2023-02-24,0.76615
CVE-2011-4786,2023-02-25,0.76615
CVE-2011-4786,2023-02-26,0.76615
CVE-2011-4786,2023-02-27,0.76615
CVE-2011-4786,2023-02-28,0.76615
CVE-2011-4786,2023-03-01,0.76615
CVE-2011-4786,2023-03-02,0.76615
CVE-2011-4786,2023-03-03,0.76615
CVE-2011-4786,2023-03-04,0.76615
CVE-2011-4786,2023-03-05,0.76615
CVE-2011-4786,2023-03-06,0.76615
CVE-2011-4786,2023-03-07,0.68804
CVE-2011-4786,2023-03-08,0.68804
CVE-2011-4786,2023-03-09,0.68804
CVE-2011-4786,2023-03-10,0.68804
CVE-2011-4786,2023-03-11,0.68804
CVE-2011-4786,2023-03-12,0.68804
CVE-2011-4786,2023-03-13,0.68804
CVE-2011-4786,2023-03-14,0.68804
CVE-2011-4786,2023-03-15,0.68804
CVE-2011-4786,2023-03-16,0.68804
CVE-2011-4786,2023-03-17,0.68804
CVE-2011-4786,2023-03-18,0.68804
CVE-2011-4786,2023-03-19,0.68804
CVE-2011-4786,2023-03-20,0.68804
CVE-2011-4786,2023-03-21,0.68804
CVE-2011-4786,2023-03-22,0.68804
CVE-2011-4786,2023-03-23,0.68804
CVE-2011-4786,2023-03-24,0.68804
CVE-2011-4786,2023-03-25,0.68804
CVE-2011-4786,2023-03-26,0.68804
CVE-2011-4786,2023-03-27,0.68804
CVE-2011-4786,2023-03-28,0.68804
CVE-2011-4786,2023-03-29,0.68804
CVE-2011-4786,2023-03-30,0.68804
CVE-2011-4786,2023-03-31,0.68804
CVE-2011-4786,2023-04-01,0.68804
CVE-2011-4786,2023-04-02,0.68804
CVE-2011-4786,2023-04-03,0.68804
CVE-2011-4786,2023-04-04,0.68804
CVE-2011-4786,2023-04-05,0.68804
CVE-2011-4786,2023-04-06,0.68804
CVE-2011-4786,2023-04-07,0.70992
CVE-2011-4786,2023-04-08,0.70992
CVE-2011-4786,2023-04-09,0.70992
CVE-2011-4786,2023-04-10,0.70992
CVE-2011-4786,2023-04-11,0.70992
CVE-2011-4786,2023-04-12,0.70992
CVE-2011-4786,2023-04-13,0.70992
CVE-2011-4786,2023-04-14,0.70992
CVE-2011-4786,2023-04-15,0.70992
CVE-2011-4786,2023-04-16,0.70992
CVE-2011-4786,2023-04-17,0.70992
CVE-2011-4786,2023-04-18,0.70992
CVE-2011-4786,2023-04-19,0.70992
CVE-2011-4786,2023-04-20,0.70992
CVE-2011-4786,2023-04-21,0.70992
CVE-2011-4786,2023-04-22,0.70992
CVE-2011-4786,2023-04-23,0.70992
CVE-2011-4786,2023-04-24,0.70992
CVE-2011-4786,2023-04-25,0.70992
CVE-2011-4786,2023-04-26,0.70992
CVE-2011-4786,2023-04-27,0.70992
CVE-2011-4786,2023-04-28,0.70992
CVE-2011-4786,2023-04-29,0.70992
CVE-2011-4786,2023-04-30,0.70992
CVE-2011-4786,2023-05-01,0.70992
CVE-2011-4786,2023-05-02,0.70992
CVE-2011-4786,2023-05-03,0.70992
CVE-2011-4786,2023-05-04,0.70992
CVE-2011-4786,2023-05-05,0.70992
CVE-2011-4786,2023-05-06,0.70992
CVE-2011-4786,2023-05-07,0.70992
CVE-2011-4786,2023-05-08,0.70992
CVE-2011-4786,2023-05-09,0.70992
CVE-2011-4786,2023-05-10,0.70992
CVE-2011-4786,2023-05-11,0.70992
CVE-2011-4786,2023-05-12,0.70992
CVE-2011-4786,2023-05-13,0.70992
CVE-2011-4786,2023-05-14,0.70992
CVE-2011-4786,2023-05-15,0.70992
CVE-2011-4786,2023-05-16,0.70992
CVE-2011-4786,2023-05-17,0.70992
CVE-2011-4786,2023-05-18,0.70992
CVE-2011-4786,2023-05-19,0.70992
CVE-2011-4786,2023-05-20,0.70992
CVE-2011-4786,2023-05-21,0.70992
CVE-2011-4786,2023-05-22,0.70992
CVE-2011-4786,2023-05-23,0.70992
CVE-2011-4786,2023-05-24,0.70992
CVE-2011-4786,2023-05-25,0.70992
CVE-2011-4786,2023-05-26,0.70992
CVE-2011-4786,2023-05-27,0.70992
CVE-2011-4786,2023-05-28,0.70992
CVE-2011-4786,2023-05-29,0.70992
CVE-2011-4786,2023-05-30,0.70992
CVE-2011-4786,2023-05-31,0.70992
CVE-2011-4786,2023-06-01,0.70992
CVE-2011-4786,2023-06-02,0.70992
CVE-2011-4786,2023-06-03,0.70992
CVE-2011-4786,2023-06-04,0.70992
CVE-2011-4786,2023-06-05,0.70992
CVE-2011-4786,2023-06-06,0.70992
CVE-2011-4786,2023-06-07,0.70992
CVE-2011-4786,2023-06-08,0.70992
CVE-2011-4786,2023-06-09,0.71319
CVE-2011-4786,2023-06-10,0.71319
CVE-2011-4786,2023-06-11,0.71319
CVE-2011-4786,2023-06-12,0.71319
CVE-2011-4786,2023-06-13,0.71319
CVE-2011-4786,2023-06-14,0.71319
CVE-2011-4786,2023-06-15,0.71319
CVE-2011-4786,2023-06-16,0.71319
CVE-2011-4786,2023-06-17,0.71319
CVE-2011-4786,2023-06-18,0.71319
CVE-2011-4786,2023-06-19,0.71319
CVE-2011-4786,2023-06-20,0.71319
CVE-2011-4786,2023-06-21,0.71319
CVE-2011-4786,2023-06-22,0.71319
CVE-2011-4786,2023-06-23,0.71319
CVE-2011-4786,2023-06-24,0.71319
CVE-2011-4786,2023-06-25,0.71319
CVE-2011-4786,2023-06-26,0.71319
CVE-2011-4786,2023-06-27,0.71319
CVE-2011-4786,2023-06-28,0.71319
CVE-2011-4786,2023-06-29,0.71319
CVE-2011-4786,2023-06-30,0.71319
CVE-2011-4786,2023-07-01,0.71319
CVE-2011-4786,2023-07-02,0.71319
CVE-2011-4786,2023-07-03,0.71319
CVE-2011-4786,2023-07-04,0.71319
CVE-2011-4786,2023-07-05,0.71319
CVE-2011-4786,2023-07-06,0.71319
CVE-2011-4786,2023-07-07,0.71319
CVE-2011-4786,2023-07-08,0.71319
CVE-2011-4786,2023-07-09,0.71319
CVE-2011-4786,2023-07-10,0.71319
CVE-2011-4786,2023-07-11,0.71319
CVE-2011-4786,2023-07-12,0.71319
CVE-2011-4786,2023-07-13,0.71319
CVE-2011-4786,2023-07-14,0.71319
CVE-2011-4786,2023-07-15,0.71319
CVE-2011-4786,2023-07-16,0.71319
CVE-2011-4786,2023-07-17,0.71319
CVE-2011-4786,2023-07-18,0.71319
CVE-2011-4786,2023-07-19,0.71319
CVE-2011-4786,2023-07-20,0.71319
CVE-2011-4786,2023-07-21,0.71319
CVE-2011-4786,2023-07-22,0.71319
CVE-2011-4786,2023-07-23,0.71319
CVE-2011-4786,2023-07-24,0.71319
CVE-2011-4786,2023-07-25,0.71319
CVE-2011-4786,2023-07-26,0.71319
CVE-2011-4786,2023-07-27,0.71319
CVE-2011-4786,2023-07-28,0.71319
CVE-2011-4786,2023-07-29,0.71319
CVE-2011-4786,2023-07-30,0.71319
CVE-2011-4786,2023-07-31,0.71319
CVE-2011-4786,2023-08-01,0.71319
CVE-2011-4786,2023-08-02,0.71319
CVE-2011-4786,2023-08-03,0.71319
CVE-2011-4786,2023-08-04,0.71319
CVE-2011-4786,2023-08-05,0.71319
CVE-2011-4786,2023-08-06,0.71319
CVE-2011-4786,2023-08-07,0.71319
CVE-2011-4786,2023-08-08,0.71319
CVE-2011-4786,2023-08-09,0.71319
CVE-2011-4786,2023-08-10,0.71319
CVE-2011-4786,2023-08-11,0.71319
CVE-2011-4786,2023-08-12,0.76331
CVE-2011-4786,2023-08-13,0.76331
CVE-2011-4786,2023-08-14,0.76331
CVE-2011-4786,2023-08-15,0.76331
CVE-2011-4786,2023-08-16,0.76331
CVE-2011-4786,2023-08-17,0.76331
CVE-2011-4786,2023-08-18,0.76331
CVE-2011-4786,2023-08-19,0.76331
CVE-2011-4786,2023-08-20,0.76331
CVE-2011-4786,2023-08-21,0.76331
CVE-2011-4786,2023-08-22,0.76331
CVE-2011-4786,2023-08-23,0.76331
CVE-2011-4786,2023-08-24,0.76331
CVE-2011-4786,2023-08-25,0.76331
CVE-2011-4786,2023-08-26,0.76331
CVE-2011-4786,2023-08-27,0.76331
CVE-2011-4786,2023-08-28,0.76331
CVE-2011-4786,2023-08-29,0.76331
CVE-2011-4786,2023-08-30,0.76331
CVE-2011-4786,2023-08-31,0.76331
CVE-2011-4786,2023-09-01,0.76331
CVE-2011-4786,2023-09-02,0.76331
CVE-2011-4786,2023-09-03,0.76331
CVE-2011-4786,2023-09-04,0.76331
CVE-2011-4786,2023-09-05,0.76331
CVE-2011-4786,2023-09-06,0.76331
CVE-2011-4786,2023-09-07,0.76331
CVE-2011-4786,2023-09-08,0.76331
CVE-2011-4786,2023-09-09,0.76331
CVE-2011-4786,2023-09-10,0.76331
CVE-2011-4786,2023-09-11,0.76331
CVE-2011-4786,2023-09-12,0.76331
CVE-2011-4786,2023-09-13,0.76331
CVE-2011-4786,2023-09-14,0.76331
CVE-2011-4786,2023-09-15,0.76331
CVE-2011-4786,2023-09-16,0.76331
CVE-2011-4786,2023-09-17,0.76331
CVE-2011-4786,2023-09-18,0.76331
CVE-2011-4786,2023-09-19,0.76331
CVE-2011-4786,2023-09-20,0.76331
CVE-2011-4786,2023-09-21,0.76331
CVE-2011-4786,2023-09-22,0.76331
CVE-2011-4786,2023-09-23,0.76331
CVE-2011-4786,2023-09-24,0.76331
CVE-2011-4786,2023-09-25,0.76331
CVE-2011-4786,2023-09-26,0.76331
CVE-2011-4786,2023-09-27,0.76331
CVE-2011-4786,2023-09-28,0.76331
CVE-2011-4786,2023-09-29,0.76331
CVE-2011-4786,2023-09-30,0.76331
CVE-2011-4786,2023-10-01,0.76331
CVE-2011-4786,2023-10-02,0.76331
CVE-2011-4786,2023-10-03,0.76331
CVE-2011-4786,2023-10-04,0.76331
CVE-2011-4786,2023-10-05,0.76331
CVE-2011-4786,2023-10-06,0.76331
CVE-2011-4786,2023-10-07,0.76331
CVE-2011-4786,2023-10-08,0.76331
CVE-2011-4786,2023-10-09,0.76331
CVE-2011-4786,2023-10-10,0.76331
CVE-2011-4786,2023-10-11,0.84323
CVE-2011-4786,2023-10-12,0.84323
CVE-2011-4786,2023-10-13,0.84323
CVE-2011-4786,2023-10-14,0.84323
CVE-2011-4786,2023-10-15,0.84323
CVE-2011-4786,2023-10-16,0.84323
CVE-2011-4786,2023-10-17,0.84323
CVE-2011-4786,2023-10-18,0.84323
CVE-2011-4786,2023-10-19,0.84323
CVE-2011-4786,2023-10-20,0.84323
CVE-2011-4786,2023-10-21,0.84323
CVE-2011-4786,2023-10-22,0.84323
CVE-2011-4786,2023-10-23,0.84323
CVE-2011-4786,2023-10-24,0.84323
CVE-2011-4786,2023-10-25,0.84323
CVE-2011-4786,2023-10-26,0.84323
CVE-2011-4786,2023-10-27,0.84323
CVE-2011-4786,2023-10-28,0.84323
CVE-2011-4786,2023-10-29,0.84323
CVE-2011-4786,2023-10-30,0.84323
CVE-2011-4786,2023-10-31,0.84323
CVE-2011-4786,2023-11-01,0.84323
CVE-2011-4786,2023-11-02,0.84323
CVE-2011-4786,2023-11-03,0.84323
CVE-2011-4786,2023-11-04,0.84323
CVE-2011-4786,2023-11-05,0.84323
CVE-2011-4786,2023-11-06,0.84323
CVE-2011-4786,2023-11-07,0.84323
CVE-2011-4786,2023-11-08,0.84323
CVE-2011-4786,2023-11-09,0.84323
CVE-2011-4786,2023-11-10,0.84323
CVE-2011-4786,2023-11-11,0.84323
CVE-2011-4786,2023-11-12,0.84323
CVE-2011-4786,2023-11-13,0.84323
CVE-2011-4786,2023-11-14,0.84323
CVE-2011-4786,2023-11-15,0.84323
CVE-2011-4786,2023-11-16,0.84323
CVE-2011-4786,2023-11-17,0.84323
CVE-2011-4786,2023-11-18,0.84323
CVE-2011-4786,2023-11-19,0.84323
CVE-2011-4786,2023-11-20,0.84323
CVE-2011-4786,2023-11-21,0.84323
CVE-2011-4786,2023-11-22,0.84323
CVE-2011-4786,2023-11-23,0.84323
CVE-2011-4786,2023-11-24,0.84323
CVE-2011-4786,2023-11-25,0.84323
CVE-2011-4786,2023-11-26,0.84323
CVE-2011-4786,2023-11-27,0.84323
CVE-2011-4786,2023-11-28,0.84323
CVE-2011-4786,2023-11-29,0.84323
CVE-2011-4786,2023-11-30,0.84323
CVE-2011-4786,2023-12-01,0.84323
CVE-2011-4786,2023-12-02,0.84323
CVE-2011-4786,2023-12-03,0.84323
CVE-2011-4786,2023-12-04,0.84323
CVE-2011-4786,2023-12-05,0.84323
CVE-2011-4786,2023-12-06,0.84323
CVE-2011-4786,2023-12-07,0.84323
CVE-2011-4786,2023-12-08,0.82953
CVE-2011-4786,2023-12-09,0.82953
CVE-2011-4786,2023-12-10,0.82953
CVE-2011-4786,2023-12-11,0.82953
CVE-2011-4786,2023-12-12,0.82953
CVE-2011-4786,2023-12-13,0.82953
CVE-2011-4786,2023-12-14,0.82953
CVE-2011-4786,2023-12-15,0.82953
CVE-2011-4786,2023-12-16,0.82953
CVE-2011-4786,2023-12-17,0.82953
CVE-2011-4786,2023-12-18,0.82953
CVE-2011-4786,2023-12-19,0.82953
CVE-2011-4786,2023-12-20,0.82953
CVE-2011-4786,2023-12-21,0.82953
CVE-2011-4786,2023-12-22,0.82953
CVE-2011-4786,2023-12-23,0.82953
CVE-2011-4786,2023-12-24,0.82953
CVE-2011-4786,2023-12-25,0.82953
CVE-2011-4786,2023-12-26,0.82953
CVE-2011-4786,2023-12-27,0.82953
CVE-2011-4786,2023-12-28,0.82953
CVE-2011-4786,2023-12-29,0.82953
CVE-2011-4786,2023-12-30,0.82953
CVE-2011-4786,2023-12-31,0.82953
CVE-2011-4786,2024-01-01,0.82953
CVE-2011-4786,2024-01-02,0.82953
CVE-2011-4786,2024-01-03,0.82953
CVE-2011-4786,2024-01-04,0.82953
CVE-2011-4786,2024-01-05,0.82953
CVE-2011-4786,2024-01-06,0.82953
CVE-2011-4786,2024-01-07,0.82953
CVE-2011-4786,2024-01-08,0.82953
CVE-2011-4786,2024-01-09,0.82953
CVE-2011-4786,2024-01-10,0.82953
CVE-2011-4786,2024-01-11,0.82953
CVE-2011-4786,2024-01-12,0.82953
CVE-2011-4786,2024-01-13,0.82953
CVE-2011-4786,2024-01-14,0.82953
CVE-2011-4786,2024-01-15,0.82953
CVE-2011-4786,2024-01-16,0.82953
CVE-2011-4786,2024-01-17,0.82953
CVE-2011-4786,2024-01-18,0.82953
CVE-2011-4786,2024-01-19,0.82953
CVE-2011-4786,2024-01-20,0.82953
CVE-2011-4786,2024-01-21,0.82953
CVE-2011-4786,2024-01-22,0.82953
CVE-2011-4786,2024-01-23,0.82953
CVE-2011-4786,2024-01-24,0.82953
CVE-2011-4786,2024-01-25,0.82953
CVE-2011-4786,2024-01-26,0.82953
CVE-2011-4786,2024-01-27,0.82953
CVE-2011-4786,2024-01-28,0.82953
CVE-2011-4786,2024-01-29,0.82953
CVE-2011-4786,2024-01-30,0.82953
CVE-2011-4786,2024-01-31,0.83117
CVE-2011-4786,2024-02-01,0.83117
CVE-2011-4786,2024-02-02,0.83117
CVE-2011-4786,2024-02-03,0.83117
CVE-2011-4786,2024-02-04,0.83117
CVE-2011-4786,2024-02-05,0.83117
CVE-2011-4786,2024-02-06,0.83117
CVE-2011-4786,2024-02-07,0.83117
CVE-2011-4786,2024-02-08,0.93833
CVE-2011-4786,2024-02-09,0.93833
CVE-2011-4786,2024-02-10,0.93833
CVE-2011-4786,2024-02-11,0.93833
CVE-2011-4786,2024-02-12,0.93833
CVE-2011-4786,2024-02-13,0.93833
CVE-2011-4786,2024-02-14,0.93833
CVE-2011-4786,2024-02-15,0.93833
CVE-2011-4786,2024-02-16,0.93833
CVE-2011-4786,2024-02-17,0.93833
CVE-2011-4786,2024-02-18,0.93833
CVE-2011-4786,2024-02-19,0.93833
CVE-2011-4786,2024-02-20,0.93833
CVE-2011-4786,2024-02-21,0.93833
CVE-2011-4786,2024-02-22,0.93833
CVE-2011-4786,2024-02-23,0.93833
CVE-2011-4786,2024-02-24,0.93833
CVE-2011-4786,2024-02-25,0.93833
CVE-2011-4786,2024-02-26,0.93833
CVE-2011-4786,2024-02-27,0.93833
CVE-2011-4786,2024-02-28,0.93833
CVE-2011-4786,2024-02-29,0.93833
CVE-2011-4786,2024-03-01,0.93833
CVE-2011-4786,2024-03-02,0.93833
CVE-2011-4786,2024-03-03,0.93833
CVE-2011-4786,2024-03-04,0.93833
CVE-2011-4786,2024-03-05,0.93833
CVE-2011-4786,2024-03-06,0.93833
CVE-2011-4786,2024-03-07,0.93833
CVE-2011-4786,2024-03-08,0.93833
CVE-2011-4786,2024-03-09,0.93833
CVE-2011-4786,2024-03-10,0.93833
CVE-2011-4786,2024-03-11,0.93833
CVE-2011-4786,2024-03-12,0.93833
CVE-2011-4786,2024-03-13,0.93833
CVE-2011-4786,2024-03-14,0.93833
CVE-2011-4786,2024-03-15,0.93806
CVE-2011-4786,2024-03-16,0.93806
CVE-2011-4786,2024-03-17,0.93806
CVE-2011-4786,2024-03-18,0.93806
CVE-2011-4786,2024-03-19,0.93806
CVE-2011-4786,2024-03-20,0.93806
CVE-2011-4786,2024-03-21,0.93806
CVE-2011-4786,2024-03-22,0.93806
CVE-2011-4786,2024-03-23,0.93806
CVE-2011-4786,2024-03-24,0.93806
CVE-2011-4786,2024-03-25,0.93806
CVE-2011-4786,2024-03-26,0.93806
CVE-2011-4786,2024-03-27,0.93806
CVE-2011-4786,2024-03-28,0.93806
CVE-2011-4786,2024-03-29,0.93806
CVE-2011-4786,2024-03-30,0.93806
CVE-2011-4786,2024-03-31,0.93806
CVE-2011-4786,2024-04-01,0.93806
CVE-2011-4786,2024-04-02,0.93806
CVE-2011-4786,2024-04-03,0.93806
CVE-2011-4786,2024-04-04,0.93806
CVE-2011-4786,2024-04-05,0.93806
CVE-2011-4786,2024-04-06,0.93806
CVE-2011-4786,2024-04-07,0.93806
CVE-2011-4786,2024-04-08,0.93806
CVE-2011-4786,2024-04-09,0.93806
CVE-2011-4786,2024-04-10,0.93806
CVE-2011-4786,2024-04-11,0.93806
CVE-2011-4786,2024-04-12,0.93806
CVE-2011-4786,2024-04-13,0.93806
CVE-2011-4786,2024-04-14,0.93806
CVE-2011-4786,2024-04-15,0.93806
CVE-2011-4786,2024-04-16,0.93806
CVE-2011-4786,2024-04-17,0.93806
CVE-2011-4786,2024-04-18,0.93806
CVE-2011-4786,2024-04-19,0.93806
CVE-2011-4786,2024-04-20,0.93806
CVE-2011-4786,2024-04-21,0.93806
CVE-2011-4786,2024-04-22,0.93806
CVE-2011-4786,2024-04-23,0.93806
CVE-2011-4786,2024-04-24,0.93806
CVE-2011-4786,2024-04-25,0.93342
CVE-2011-4786,2024-04-26,0.93342
CVE-2011-4786,2024-04-27,0.93342
CVE-2011-4786,2024-04-28,0.93342
CVE-2011-4786,2024-04-29,0.93342
CVE-2011-4786,2024-04-30,0.93342
CVE-2011-4786,2024-05-01,0.93342
CVE-2011-4786,2024-05-02,0.93342
CVE-2011-4786,2024-05-03,0.93342
CVE-2011-4786,2024-05-04,0.93342
CVE-2011-4786,2024-05-05,0.93342
CVE-2011-4786,2024-05-06,0.93342
CVE-2011-4786,2024-05-07,0.93342
CVE-2011-4786,2024-05-08,0.93342
CVE-2011-4786,2024-05-09,0.93342
CVE-2011-4786,2024-05-10,0.93311
CVE-2011-4786,2024-05-11,0.93311
CVE-2011-4786,2024-05-12,0.93311
CVE-2011-4786,2024-05-13,0.93311
CVE-2011-4786,2024-05-14,0.93311
CVE-2011-4786,2024-05-15,0.93311
CVE-2011-4786,2024-05-16,0.93311
CVE-2011-4786,2024-05-17,0.93311
CVE-2011-4786,2024-05-18,0.93311
CVE-2011-4786,2024-05-19,0.93311
CVE-2011-4786,2024-05-20,0.93311
CVE-2011-4786,2024-05-21,0.93311
CVE-2011-4786,2024-05-22,0.93311
CVE-2011-4786,2024-05-23,0.93311
CVE-2011-4786,2024-05-24,0.93311
CVE-2011-4786,2024-05-25,0.93311
CVE-2011-4786,2024-05-26,0.93311
CVE-2011-4786,2024-05-27,0.93311
CVE-2011-4786,2024-05-28,0.93311
CVE-2011-4786,2024-05-29,0.93311
CVE-2011-4786,2024-05-30,0.93311
CVE-2011-4786,2024-05-31,0.93311
CVE-2011-4786,2024-06-01,0.93311
CVE-2011-4786,2024-06-02,0.93311
CVE-2011-4786,2024-06-03,0.93311
CVE-2011-4786,2024-06-04,0.93311
CVE-2011-4786,2024-06-05,0.93311
CVE-2011-4786,2024-06-06,0.93311
CVE-2011-4786,2024-06-07,0.93311
CVE-2011-4786,2024-06-08,0.93311
CVE-2011-4786,2024-06-09,0.93311
CVE-2011-4786,2024-06-10,0.93311
CVE-2011-4786,2024-06-11,0.93311
CVE-2011-4786,2024-06-12,0.93311
CVE-2011-4786,2024-06-13,0.93311
CVE-2011-4786,2024-06-14,0.93311
CVE-2011-4786,2024-06-15,0.93311
CVE-2011-4786,2024-06-16,0.93311
CVE-2011-4786,2024-06-17,0.93311
CVE-2011-4786,2024-06-18,0.93311
CVE-2011-4786,2024-06-19,0.93311
CVE-2011-4786,2024-06-20,0.93311
CVE-2011-4786,2024-06-21,0.93311
CVE-2011-4786,2024-06-22,0.93311
CVE-2011-4786,2024-06-23,0.93311
CVE-2011-4786,2024-06-24,0.93311
CVE-2011-4786,2024-06-25,0.93311
CVE-2011-4786,2024-06-26,0.93311
CVE-2011-4786,2024-06-27,0.93311
CVE-2011-4786,2024-06-28,0.93311
CVE-2011-4786,2024-06-29,0.93311
CVE-2011-4786,2024-06-30,0.93311
CVE-2011-4786,2024-07-01,0.93311
CVE-2011-4786,2024-07-02,0.93311
CVE-2011-4786,2024-07-03,0.93311
CVE-2011-4786,2024-07-04,0.93311
CVE-2011-4786,2024-07-05,0.93311
CVE-2011-4786,2024-07-06,0.93311
CVE-2011-4786,2024-07-07,0.94225
CVE-2011-4786,2024-07-08,0.94225
CVE-2011-4786,2024-07-09,0.94225
CVE-2011-4786,2024-07-10,0.94225
CVE-2011-4786,2024-07-11,0.94225
CVE-2011-4786,2024-07-12,0.94225
CVE-2011-4786,2024-07-13,0.94225
CVE-2011-4786,2024-07-14,0.94225
CVE-2011-4786,2024-07-15,0.94225
CVE-2011-4786,2024-07-16,0.94225
CVE-2011-4786,2024-07-17,0.94225
CVE-2011-4786,2024-07-18,0.94225
CVE-2011-4786,2024-07-19,0.94225
CVE-2011-4786,2024-07-20,0.94225
CVE-2011-4786,2024-07-21,0.94225
CVE-2011-4786,2024-07-22,0.94225
CVE-2011-4786,2024-07-23,0.94225
CVE-2011-4786,2024-07-24,0.94225
CVE-2011-4786,2024-07-25,0.94225
CVE-2011-4786,2024-07-26,0.94225
CVE-2011-4786,2024-07-27,0.94225
CVE-2011-4786,2024-07-28,0.94225
CVE-2011-4786,2024-07-29,0.94225
CVE-2011-4786,2024-07-30,0.94225
CVE-2011-4786,2024-07-31,0.94225
CVE-2011-4786,2024-08-01,0.94225
CVE-2011-4786,2024-08-02,0.94225
CVE-2011-4786,2024-08-03,0.94225
CVE-2011-4786,2024-08-04,0.94225
CVE-2011-4786,2024-08-05,0.94225
CVE-2011-4786,2024-08-06,0.94225
CVE-2011-4786,2024-08-07,0.94225
CVE-2011-4786,2024-08-08,0.94225
CVE-2011-4786,2024-08-09,0.94225
CVE-2011-4786,2024-08-10,0.94225
CVE-2011-4786,2024-08-11,0.94225
CVE-2011-4786,2024-08-12,0.94225
CVE-2011-4786,2024-08-13,0.94225
CVE-2011-4786,2024-08-14,0.94225
CVE-2011-4786,2024-08-15,0.94225
CVE-2011-4786,2024-08-16,0.94225
CVE-2011-4786,2024-08-17,0.94225
CVE-2011-4786,2024-08-18,0.94225
CVE-2011-4786,2024-08-19,0.94225
CVE-2011-4786,2024-08-20,0.94225
CVE-2011-4786,2024-08-21,0.94225
CVE-2011-4786,2024-08-22,0.94225
CVE-2011-4786,2024-08-23,0.94225
CVE-2011-4786,2024-08-24,0.94225
CVE-2011-4786,2024-08-25,0.94225
CVE-2011-4786,2024-08-26,0.94225
CVE-2011-4786,2024-08-27,0.94225
CVE-2011-4786,2024-08-28,0.94225
CVE-2011-4786,2024-08-29,0.94225
CVE-2011-4786,2024-08-30,0.94225
CVE-2011-4786,2024-08-31,0.94225
CVE-2011-4786,2024-09-01,0.94225
CVE-2011-4786,2024-09-02,0.94225
CVE-2011-4786,2024-09-03,0.94225
CVE-2011-4786,2024-09-04,0.94225
CVE-2011-4786,2024-09-05,0.94225
CVE-2011-4786,2024-09-06,0.94225
CVE-2011-4786,2024-09-07,0.94225
CVE-2011-4786,2024-09-08,0.94225
CVE-2011-4786,2024-09-09,0.94225
CVE-2011-4786,2024-09-10,0.94225
CVE-2011-4786,2024-09-11,0.94225
CVE-2011-4786,2024-09-12,0.94225
CVE-2011-4786,2024-09-13,0.94225
CVE-2011-4786,2024-09-14,0.94225
CVE-2011-4786,2024-09-15,0.94225
CVE-2011-4786,2024-09-16,0.94225
CVE-2011-4786,2024-09-17,0.85058
CVE-2011-4786,2024-09-18,0.85058
CVE-2011-4786,2024-09-19,0.85058
CVE-2011-4786,2024-09-20,0.85058
CVE-2011-4786,2024-09-21,0.85058
CVE-2011-4786,2024-09-22,0.85058
CVE-2011-4786,2024-09-23,0.85058
CVE-2011-4786,2024-09-24,0.85058
CVE-2011-4786,2024-09-25,0.85058
CVE-2011-4786,2024-09-26,0.85058
CVE-2011-4786,2024-09-27,0.85058
CVE-2011-4786,2024-09-28,0.85058
CVE-2011-4786,2024-09-29,0.85058
CVE-2011-4786,2024-09-30,0.85058
CVE-2011-4786,2024-10-01,0.85058
CVE-2011-4786,2024-10-02,0.85058
CVE-2011-4786,2024-10-03,0.85058
CVE-2011-4786,2024-10-04,0.85058
CVE-2011-4786,2024-10-05,0.85058
CVE-2011-4786,2024-10-06,0.85058
CVE-2011-4786,2024-10-07,0.85058
CVE-2011-4786,2024-10-08,0.85058
CVE-2011-4786,2024-10-09,0.85058
CVE-2011-4786,2024-10-10,0.85058
CVE-2011-4786,2024-10-11,0.85058
CVE-2011-4786,2024-10-12,0.85058
CVE-2011-4786,2024-10-13,0.85058
CVE-2011-4786,2024-10-14,0.85058
CVE-2011-4786,2024-10-15,0.85058
CVE-2011-4786,2024-10-16,0.85058
CVE-2011-4786,2024-10-17,0.85058
CVE-2011-4786,2024-10-18,0.85058
CVE-2011-4786,2024-10-19,0.85058
CVE-2011-4786,2024-10-20,0.85058
CVE-2011-4786,2024-10-21,0.82331
CVE-2011-4786,2024-10-22,0.82331
CVE-2011-4786,2024-10-23,0.82331
CVE-2011-4786,2024-10-24,0.82331
CVE-2011-4786,2024-10-25,0.82331
CVE-2011-4786,2024-10-26,0.82331
CVE-2011-4786,2024-10-27,0.82331
CVE-2011-4786,2024-10-28,0.82331
CVE-2011-4786,2024-10-29,0.82331
CVE-2011-4786,2024-10-30,0.82331
CVE-2011-4786,2024-10-31,0.82331
CVE-2011-4786,2024-11-01,0.82331
CVE-2011-4786,2024-11-02,0.82331
CVE-2011-4786,2024-11-03,0.82331
CVE-2011-4786,2024-11-04,0.82331
CVE-2011-4786,2024-11-05,0.82331
CVE-2011-4786,2024-11-06,0.82331
CVE-2011-4786,2024-11-07,0.82331
CVE-2011-4786,2024-11-08,0.82331
CVE-2011-4786,2024-11-09,0.82331
CVE-2011-4786,2024-11-10,0.82331
CVE-2011-4786,2024-11-11,0.82331
CVE-2011-4786,2024-11-12,0.82331
CVE-2011-4786,2024-11-13,0.82331
CVE-2011-4786,2024-11-14,0.82331
CVE-2011-4786,2024-11-15,0.82331
CVE-2011-4786,2024-11-16,0.82331
CVE-2011-4786,2024-11-17,0.82331
CVE-2011-4786,2024-11-18,0.82331
CVE-2011-4786,2024-11-19,0.82331
CVE-2011-4786,2024-11-20,0.82331
CVE-2011-4786,2024-11-21,0.82331
CVE-2011-4786,2024-11-22,0.82331
CVE-2011-4786,2024-11-23,0.82331
CVE-2011-4786,2024-11-24,0.82331
CVE-2011-4786,2024-11-25,0.82331
CVE-2011-4786,2024-11-26,0.82331
CVE-2011-4786,2024-11-27,0.82331
CVE-2011-4786,2024-11-28,0.82331
CVE-2011-4786,2024-11-29,0.82331
CVE-2011-4786,2024-11-30,0.82331
CVE-2011-4786,2024-12-02,0.82331
CVE-2011-4786,2024-12-03,0.82331
CVE-2011-4786,2024-12-04,0.82331
CVE-2011-4786,2024-12-05,0.82331
CVE-2011-4786,2024-12-06,0.82331
CVE-2011-4786,2024-12-07,0.82331
CVE-2011-4786,2024-12-08,0.82331
CVE-2011-4786,2024-12-09,0.82331
CVE-2011-4786,2024-12-10,0.82331
CVE-2011-4786,2024-12-11,0.82331
CVE-2011-4786,2024-12-12,0.82331
CVE-2011-4786,2024-12-13,0.82331
CVE-2011-4786,2024-12-14,0.82331
CVE-2011-4786,2024-12-15,0.82331
CVE-2011-4786,2024-12-16,0.82331
CVE-2011-4786,2024-12-17,0.82331
CVE-2011-4786,2024-12-18,0.82331
CVE-2011-4786,2024-12-19,0.82331
CVE-2011-4786,2024-12-20,0.82331
CVE-2011-4786,2024-12-21,0.82331
CVE-2011-4786,2024-12-22,0.82331
CVE-2011-4786,2024-12-23,0.82331
CVE-2011-4786,2024-12-24,0.82331
CVE-2011-4786,2024-12-25,0.82331
CVE-2011-4786,2024-12-26,0.82331
CVE-2011-4786,2024-12-27,0.82331
CVE-2011-4786,2024-12-28,0.82331
CVE-2011-4786,2024-12-29,0.82331
CVE-2011-4786,2024-12-30,0.82331
CVE-2011-4786,2024-12-31,0.82331
CVE-2011-4786,2025-01-01,0.82331
CVE-2011-4786,2025-01-02,0.82331
CVE-2011-4786,2025-01-03,0.82331
CVE-2011-4786,2025-01-04,0.82331
CVE-2011-4786,2025-01-05,0.82331
CVE-2011-4786,2025-01-06,0.82331
CVE-2011-4786,2025-01-07,0.82331
CVE-2011-4786,2025-01-08,0.82331
CVE-2011-4786,2025-01-09,0.82331
CVE-2011-4786,2025-01-10,0.82331
CVE-2011-4786,2025-01-11,0.82331
CVE-2011-4786,2025-01-12,0.82331
CVE-2011-4786,2025-01-13,0.82331
CVE-2011-4786,2025-01-14,0.82331
CVE-2011-4786,2025-01-15,0.82331
CVE-2011-4786,2025-01-16,0.82331
CVE-2011-4786,2025-01-17,0.82331
CVE-2011-4786,2025-01-18,0.82331
CVE-2011-4786,2025-01-19,0.82331
CVE-2011-4786,2025-01-20,0.82331
CVE-2011-4786,2025-01-21,0.82331
CVE-2011-4786,2025-01-22,0.82331
CVE-2011-4786,2025-01-23,0.82331
CVE-2011-4786,2025-01-24,0.82331
CVE-2011-4786,2025-01-25,0.82331
CVE-2011-4786,2025-01-26,0.82331
CVE-2011-4786,2025-01-27,0.82331
CVE-2011-4786,2025-01-28,0.81119
CVE-2011-4786,2025-01-29,0.81119
CVE-2011-4786,2025-01-30,0.81119
CVE-2011-4786,2025-01-31,0.81119
CVE-2011-4786,2025-02-01,0.81119
CVE-2011-4786,2025-02-02,0.81119
CVE-2011-4786,2025-02-03,0.81119
CVE-2011-4786,2025-02-04,0.81119
CVE-2011-4786,2025-02-05,0.81119
CVE-2011-4786,2025-02-06,0.81119
CVE-2011-4786,2025-02-07,0.81119
CVE-2011-4786,2025-02-08,0.81119
CVE-2011-4786,2025-02-09,0.81119
CVE-2011-4786,2025-02-10,0.81119
CVE-2011-4786,2025-02-11,0.81119
CVE-2011-4786,2025-02-12,0.81119
CVE-2011-4786,2025-02-13,0.81119
CVE-2011-4786,2025-02-14,0.81119
CVE-2011-4786,2025-02-15,0.81119
CVE-2011-4786,2025-02-16,0.81119
CVE-2011-4786,2025-02-17,0.81119
CVE-2011-4786,2025-02-18,0.81119
CVE-2011-4786,2025-02-19,0.81119
CVE-2011-4786,2025-02-20,0.81119
CVE-2011-4786,2025-02-21,0.81119
CVE-2011-4786,2025-02-22,0.81119
CVE-2011-4786,2025-02-23,0.81119
CVE-2011-4786,2025-02-24,0.81119
CVE-2011-4786,2025-02-25,0.81119
CVE-2011-4786,2025-02-26,0.81119
CVE-2011-4786,2025-02-27,0.81119
CVE-2011-4786,2025-02-28,0.81119
CVE-2011-4786,2025-03-01,0.81119
CVE-2011-4786,2025-03-02,0.81119
CVE-2011-4786,2025-03-03,0.81119
CVE-2011-4786,2025-03-04,0.81119
CVE-2011-4786,2025-03-05,0.81119
CVE-2011-4786,2025-03-06,0.81119
CVE-2011-4786,2025-03-07,0.81119
CVE-2011-4786,2025-03-08,0.81119
CVE-2011-4786,2025-03-09,0.81119
CVE-2011-4786,2025-03-10,0.81119
CVE-2011-4786,2025-03-11,0.81119
CVE-2011-4786,2025-03-12,0.81119
CVE-2014-3567,2022-02-04,0.07559
CVE-2014-3567,2022-02-05,0.07559
CVE-2014-3567,2022-02-06,0.07559
CVE-2014-3567,2022-02-07,0.07559
CVE-2014-3567,2022-02-08,0.07559
CVE-2014-3567,2022-02-09,0.07559
CVE-2014-3567,2022-02-10,0.07559
CVE-2014-3567,2022-02-11,0.07559
CVE-2014-3567,2022-02-12,0.07559
CVE-2014-3567,2022-02-13,0.07559
CVE-2014-3567,2022-02-14,0.07559
CVE-2014-3567,2022-02-15,0.07559
CVE-2014-3567,2022-02-16,0.07559
CVE-2014-3567,2022-02-17,0.07559
CVE-2014-3567,2022-02-18,0.07559
CVE-2014-3567,2022-02-19,0.07559
CVE-2014-3567,2022-02-20,0.07559
CVE-2014-3567,2022-02-21,0.07559
CVE-2014-3567,2022-02-22,0.07559
CVE-2014-3567,2022-02-23,0.07559
CVE-2014-3567,2022-02-24,0.07559
CVE-2014-3567,2022-02-25,0.07559
CVE-2014-3567,2022-02-26,0.07559
CVE-2014-3567,2022-02-27,0.07559
CVE-2014-3567,2022-02-28,0.07559
CVE-2014-3567,2022-03-01,0.07559
CVE-2014-3567,2022-03-02,0.07559
CVE-2014-3567,2022-03-03,0.07559
CVE-2014-3567,2022-03-04,0.07559
CVE-2014-3567,2022-03-05,0.07559
CVE-2014-3567,2022-03-06,0.07559
CVE-2014-3567,2022-03-07,0.07559
CVE-2014-3567,2022-03-08,0.07559
CVE-2014-3567,2022-03-09,0.07559
CVE-2014-3567,2022-03-10,0.07559
CVE-2014-3567,2022-03-11,0.07559
CVE-2014-3567,2022-03-12,0.07559
CVE-2014-3567,2022-03-13,0.07559
CVE-2014-3567,2022-03-14,0.07559
CVE-2014-3567,2022-03-15,0.07559
CVE-2014-3567,2022-03-16,0.07559
CVE-2014-3567,2022-03-17,0.07559
CVE-2014-3567,2022-03-18,0.07559
CVE-2014-3567,2022-03-19,0.07559
CVE-2014-3567,2022-03-20,0.07559
CVE-2014-3567,2022-03-21,0.07559
CVE-2014-3567,2022-03-22,0.07559
CVE-2014-3567,2022-03-23,0.07559
CVE-2014-3567,2022-03-24,0.07559
CVE-2014-3567,2022-03-25,0.07559
CVE-2014-3567,2022-03-26,0.07559
CVE-2014-3567,2022-03-27,0.07559
CVE-2014-3567,2022-03-28,0.07559
CVE-2014-3567,2022-03-29,0.07559
CVE-2014-3567,2022-03-30,0.07559
CVE-2014-3567,2022-03-31,0.07559
CVE-2014-3567,2022-04-01,0.07559
CVE-2014-3567,2022-04-02,0.07559
CVE-2014-3567,2022-04-03,0.07559
CVE-2014-3567,2022-04-04,0.07559
CVE-2014-3567,2022-04-05,0.07559
CVE-2014-3567,2022-04-06,0.07559
CVE-2014-3567,2022-04-07,0.07559
CVE-2014-3567,2022-04-08,0.07559
CVE-2014-3567,2022-04-09,0.07559
CVE-2014-3567,2022-04-10,0.07559
CVE-2014-3567,2022-04-11,0.07559
CVE-2014-3567,2022-04-12,0.07559
CVE-2014-3567,2022-04-13,0.07559
CVE-2014-3567,2022-04-14,0.07559
CVE-2014-3567,2022-04-15,0.07559
CVE-2014-3567,2022-04-16,0.07559
CVE-2014-3567,2022-04-17,0.07559
CVE-2014-3567,2022-04-18,0.07559
CVE-2014-3567,2022-04-19,0.07559
CVE-2014-3567,2022-04-20,0.07559
CVE-2014-3567,2022-04-21,0.07559
CVE-2014-3567,2022-04-22,0.07559
CVE-2014-3567,2022-04-23,0.07559
CVE-2014-3567,2022-04-24,0.07559
CVE-2014-3567,2022-04-25,0.07559
CVE-2014-3567,2022-04-26,0.07559
CVE-2014-3567,2022-04-27,0.07559
CVE-2014-3567,2022-04-28,0.07559
CVE-2014-3567,2022-04-29,0.07559
CVE-2014-3567,2022-04-30,0.07559
CVE-2014-3567,2022-05-01,0.07559
CVE-2014-3567,2022-05-02,0.07559
CVE-2014-3567,2022-05-03,0.07559
CVE-2014-3567,2022-05-04,0.07559
CVE-2014-3567,2022-05-05,0.07559
CVE-2014-3567,2022-05-06,0.07559
CVE-2014-3567,2022-05-07,0.07559
CVE-2014-3567,2022-05-08,0.07559
CVE-2014-3567,2022-05-09,0.07559
CVE-2014-3567,2022-05-10,0.07559
CVE-2014-3567,2022-05-11,0.07559
CVE-2014-3567,2022-05-12,0.07559
CVE-2014-3567,2022-05-13,0.07559
CVE-2014-3567,2022-05-14,0.07559
CVE-2014-3567,2022-05-15,0.07559
CVE-2014-3567,2022-05-16,0.07559
CVE-2014-3567,2022-05-17,0.07559
CVE-2014-3567,2022-05-18,0.07559
CVE-2014-3567,2022-05-19,0.07559
CVE-2014-3567,2022-05-20,0.07559
CVE-2014-3567,2022-05-21,0.07559
CVE-2014-3567,2022-05-22,0.07559
CVE-2014-3567,2022-05-23,0.07559
CVE-2014-3567,2022-05-24,0.07559
CVE-2014-3567,2022-05-25,0.07559
CVE-2014-3567,2022-05-26,0.07559
CVE-2014-3567,2022-05-27,0.07559
CVE-2014-3567,2022-05-28,0.07559
CVE-2014-3567,2022-05-29,0.07559
CVE-2014-3567,2022-05-30,0.07559
CVE-2014-3567,2022-05-31,0.07559
CVE-2014-3567,2022-06-01,0.07559
CVE-2014-3567,2022-06-02,0.07559
CVE-2014-3567,2022-06-03,0.07559
CVE-2014-3567,2022-06-04,0.07559
CVE-2014-3567,2022-06-05,0.07559
CVE-2014-3567,2022-06-06,0.07559
CVE-2014-3567,2022-06-07,0.07559
CVE-2014-3567,2022-06-08,0.07559
CVE-2014-3567,2022-06-09,0.07559
CVE-2014-3567,2022-06-10,0.07559
CVE-2014-3567,2022-06-11,0.07559
CVE-2014-3567,2022-06-12,0.07559
CVE-2014-3567,2022-06-13,0.07559
CVE-2014-3567,2022-06-14,0.07559
CVE-2014-3567,2022-06-15,0.07559
CVE-2014-3567,2022-06-16,0.07559
CVE-2014-3567,2022-06-17,0.07559
CVE-2014-3567,2022-06-18,0.07559
CVE-2014-3567,2022-06-19,0.07559
CVE-2014-3567,2022-06-20,0.07559
CVE-2014-3567,2022-06-21,0.07559
CVE-2014-3567,2022-06-22,0.07559
CVE-2014-3567,2022-06-23,0.07559
CVE-2014-3567,2022-06-24,0.07559
CVE-2014-3567,2022-06-25,0.07559
CVE-2014-3567,2022-06-26,0.07559
CVE-2014-3567,2022-06-27,0.07559
CVE-2014-3567,2022-06-28,0.07559
CVE-2014-3567,2022-06-29,0.07559
CVE-2014-3567,2022-06-30,0.07559
CVE-2014-3567,2022-07-01,0.07559
CVE-2014-3567,2022-07-02,0.07559
CVE-2014-3567,2022-07-03,0.07559
CVE-2014-3567,2022-07-04,0.07559
CVE-2014-3567,2022-07-05,0.07559
CVE-2014-3567,2022-07-06,0.07559
CVE-2014-3567,2022-07-07,0.07559
CVE-2014-3567,2022-07-08,0.07559
CVE-2014-3567,2022-07-09,0.07559
CVE-2014-3567,2022-07-10,0.07559
CVE-2014-3567,2022-07-11,0.07559
CVE-2014-3567,2022-07-12,0.07559
CVE-2014-3567,2022-07-13,0.07559
CVE-2014-3567,2022-07-15,0.07559
CVE-2014-3567,2022-07-16,0.07559
CVE-2014-3567,2022-07-17,0.07559
CVE-2014-3567,2022-07-18,0.07559
CVE-2014-3567,2022-07-19,0.07559
CVE-2014-3567,2022-07-20,0.07559
CVE-2014-3567,2022-07-21,0.07559
CVE-2014-3567,2022-07-22,0.07559
CVE-2014-3567,2022-07-23,0.07559
CVE-2014-3567,2022-07-24,0.07559
CVE-2014-3567,2022-07-25,0.07559
CVE-2014-3567,2022-07-26,0.07559
CVE-2014-3567,2022-07-27,0.07559
CVE-2014-3567,2022-07-28,0.07559
CVE-2014-3567,2022-07-29,0.07559
CVE-2014-3567,2022-07-30,0.07559
CVE-2014-3567,2022-07-31,0.07559
CVE-2014-3567,2022-08-01,0.07559
CVE-2014-3567,2022-08-02,0.07559
CVE-2014-3567,2022-08-03,0.07559
CVE-2014-3567,2022-08-04,0.07559
CVE-2014-3567,2022-08-05,0.07559
CVE-2014-3567,2022-08-06,0.07559
CVE-2014-3567,2022-08-07,0.07559
CVE-2014-3567,2022-08-08,0.07559
CVE-2014-3567,2022-08-09,0.07559
CVE-2014-3567,2022-08-10,0.07559
CVE-2014-3567,2022-08-11,0.07559
CVE-2014-3567,2022-08-12,0.07559
CVE-2014-3567,2022-08-13,0.07559
CVE-2014-3567,2022-08-14,0.07559
CVE-2014-3567,2022-08-15,0.07559
CVE-2014-3567,2022-08-16,0.07559
CVE-2014-3567,2022-08-17,0.07559
CVE-2014-3567,2022-08-18,0.07559
CVE-2014-3567,2022-08-19,0.07559
CVE-2014-3567,2022-08-20,0.07559
CVE-2014-3567,2022-08-21,0.07559
CVE-2014-3567,2022-08-22,0.07559
CVE-2014-3567,2022-08-23,0.07559
CVE-2014-3567,2022-08-24,0.07559
CVE-2014-3567,2022-08-25,0.07559
CVE-2014-3567,2022-08-26,0.07559
CVE-2014-3567,2022-08-27,0.07559
CVE-2014-3567,2022-08-28,0.07559
CVE-2014-3567,2022-08-29,0.07559
CVE-2014-3567,2022-08-30,0.07559
CVE-2014-3567,2022-08-31,0.07559
CVE-2014-3567,2022-09-01,0.07559
CVE-2014-3567,2022-09-02,0.07559
CVE-2014-3567,2022-09-03,0.07559
CVE-2014-3567,2022-09-04,0.07559
CVE-2014-3567,2022-09-05,0.07559
CVE-2014-3567,2022-09-06,0.07559
CVE-2014-3567,2022-09-07,0.07559
CVE-2014-3567,2022-09-08,0.07559
CVE-2014-3567,2022-09-09,0.07559
CVE-2014-3567,2022-09-10,0.07559
CVE-2014-3567,2022-09-11,0.07559
CVE-2014-3567,2022-09-12,0.07559
CVE-2014-3567,2022-09-13,0.07559
CVE-2014-3567,2022-09-14,0.07559
CVE-2014-3567,2022-09-15,0.07559
CVE-2014-3567,2022-09-16,0.07559
CVE-2014-3567,2022-09-17,0.07559
CVE-2014-3567,2022-09-18,0.07559
CVE-2014-3567,2022-09-19,0.07559
CVE-2014-3567,2022-09-20,0.07559
CVE-2014-3567,2022-09-21,0.07559
CVE-2014-3567,2022-09-22,0.07559
CVE-2014-3567,2022-09-23,0.07559
CVE-2014-3567,2022-09-24,0.07559
CVE-2014-3567,2022-09-25,0.07559
CVE-2014-3567,2022-09-26,0.07559
CVE-2014-3567,2022-09-27,0.07559
CVE-2014-3567,2022-09-28,0.07559
CVE-2014-3567,2022-09-29,0.07559
CVE-2014-3567,2022-09-30,0.07559
CVE-2014-3567,2022-10-01,0.07559
CVE-2014-3567,2022-10-02,0.07559
CVE-2014-3567,2022-10-03,0.07559
CVE-2014-3567,2022-10-04,0.07559
CVE-2014-3567,2022-10-05,0.07559
CVE-2014-3567,2022-10-06,0.07559
CVE-2014-3567,2022-10-07,0.07559
CVE-2014-3567,2022-10-08,0.07559
CVE-2014-3567,2022-10-09,0.07559
CVE-2014-3567,2022-10-10,0.07559
CVE-2014-3567,2022-10-11,0.07559
CVE-2014-3567,2022-10-12,0.07559
CVE-2014-3567,2022-10-13,0.07559
CVE-2014-3567,2022-10-14,0.07559
CVE-2014-3567,2022-10-15,0.07559
CVE-2014-3567,2022-10-16,0.07559
CVE-2014-3567,2022-10-17,0.07559
CVE-2014-3567,2022-10-18,0.07559
CVE-2014-3567,2022-10-19,0.07559
CVE-2014-3567,2022-10-20,0.07559
CVE-2014-3567,2022-10-21,0.07559
CVE-2014-3567,2022-10-22,0.07559
CVE-2014-3567,2022-10-23,0.07559
CVE-2014-3567,2022-10-24,0.07559
CVE-2014-3567,2022-10-25,0.07559
CVE-2014-3567,2022-10-26,0.07559
CVE-2014-3567,2022-10-27,0.07559
CVE-2014-3567,2022-10-28,0.07559
CVE-2014-3567,2022-10-29,0.07559
CVE-2014-3567,2022-10-30,0.07559
CVE-2014-3567,2022-10-31,0.07559
CVE-2014-3567,2022-11-01,0.07559
CVE-2014-3567,2022-11-02,0.07559
CVE-2014-3567,2022-11-03,0.07559
CVE-2014-3567,2022-11-04,0.07559
CVE-2014-3567,2022-11-05,0.07559
CVE-2014-3567,2022-11-06,0.07559
CVE-2014-3567,2022-11-07,0.07559
CVE-2014-3567,2022-11-08,0.07559
CVE-2014-3567,2022-11-09,0.07559
CVE-2014-3567,2022-11-10,0.07559
CVE-2014-3567,2022-11-11,0.07559
CVE-2014-3567,2022-11-12,0.07559
CVE-2014-3567,2022-11-13,0.07559
CVE-2014-3567,2022-11-14,0.07559
CVE-2014-3567,2022-11-15,0.07559
CVE-2014-3567,2022-11-16,0.07559
CVE-2014-3567,2022-11-17,0.07559
CVE-2014-3567,2022-11-18,0.07559
CVE-2014-3567,2022-11-19,0.07559
CVE-2014-3567,2022-11-20,0.07559
CVE-2014-3567,2022-11-21,0.07559
CVE-2014-3567,2022-11-22,0.07559
CVE-2014-3567,2022-11-23,0.07559
CVE-2014-3567,2022-11-24,0.07559
CVE-2014-3567,2022-11-25,0.07559
CVE-2014-3567,2022-11-26,0.07559
CVE-2014-3567,2022-11-27,0.07559
CVE-2014-3567,2022-11-28,0.07559
CVE-2014-3567,2022-11-29,0.07559
CVE-2014-3567,2022-11-30,0.07559
CVE-2014-3567,2022-12-01,0.07559
CVE-2014-3567,2022-12-02,0.07559
CVE-2014-3567,2022-12-03,0.07559
CVE-2014-3567,2022-12-04,0.07559
CVE-2014-3567,2022-12-05,0.07559
CVE-2014-3567,2022-12-06,0.07559
CVE-2014-3567,2022-12-07,0.07559
CVE-2014-3567,2022-12-08,0.07559
CVE-2014-3567,2022-12-09,0.07559
CVE-2014-3567,2022-12-10,0.07559
CVE-2014-3567,2022-12-11,0.07559
CVE-2014-3567,2022-12-12,0.07559
CVE-2014-3567,2022-12-13,0.07559
CVE-2014-3567,2022-12-14,0.07559
CVE-2014-3567,2022-12-15,0.07559
CVE-2014-3567,2022-12-16,0.07559
CVE-2014-3567,2022-12-17,0.07559
CVE-2014-3567,2022-12-18,0.07559
CVE-2014-3567,2022-12-19,0.07559
CVE-2014-3567,2022-12-20,0.07559
CVE-2014-3567,2022-12-21,0.07559
CVE-2014-3567,2022-12-22,0.07559
CVE-2014-3567,2022-12-23,0.07559
CVE-2014-3567,2022-12-24,0.07559
CVE-2014-3567,2022-12-25,0.07559
CVE-2014-3567,2022-12-26,0.07559
CVE-2014-3567,2022-12-27,0.07559
CVE-2014-3567,2022-12-28,0.07559
CVE-2014-3567,2022-12-29,0.07559
CVE-2014-3567,2022-12-30,0.07559
CVE-2014-3567,2022-12-31,0.07559
CVE-2014-3567,2023-01-01,0.07559
CVE-2014-3567,2023-01-02,0.07559
CVE-2014-3567,2023-01-03,0.07559
CVE-2014-3567,2023-01-04,0.07559
CVE-2014-3567,2023-01-05,0.07559
CVE-2014-3567,2023-01-06,0.07559
CVE-2014-3567,2023-01-07,0.07559
CVE-2014-3567,2023-01-08,0.07559
CVE-2014-3567,2023-01-09,0.07559
CVE-2014-3567,2023-01-10,0.07559
CVE-2014-3567,2023-01-11,0.07559
CVE-2014-3567,2023-01-12,0.07559
CVE-2014-3567,2023-01-13,0.07559
CVE-2014-3567,2023-01-14,0.07559
CVE-2014-3567,2023-01-15,0.07559
CVE-2014-3567,2023-01-16,0.07559
CVE-2014-3567,2023-01-17,0.07559
CVE-2014-3567,2023-01-18,0.07559
CVE-2014-3567,2023-01-19,0.07559
CVE-2014-3567,2023-01-20,0.07559
CVE-2014-3567,2023-01-21,0.07559
CVE-2014-3567,2023-01-22,0.07559
CVE-2014-3567,2023-01-23,0.07559
CVE-2014-3567,2023-01-24,0.07559
CVE-2014-3567,2023-01-25,0.07559
CVE-2014-3567,2023-01-26,0.07559
CVE-2014-3567,2023-01-27,0.07559
CVE-2014-3567,2023-01-28,0.07559
CVE-2014-3567,2023-01-29,0.07559
CVE-2014-3567,2023-01-30,0.07559
CVE-2014-3567,2023-01-31,0.07559
CVE-2014-3567,2023-02-01,0.07559
CVE-2014-3567,2023-02-02,0.07559
CVE-2014-3567,2023-02-03,0.07559
CVE-2014-3567,2023-02-04,0.07559
CVE-2014-3567,2023-02-05,0.07559
CVE-2014-3567,2023-02-06,0.07559
CVE-2014-3567,2023-02-07,0.07559
CVE-2014-3567,2023-02-08,0.07559
CVE-2014-3567,2023-02-09,0.07559
CVE-2014-3567,2023-02-10,0.07559
CVE-2014-3567,2023-02-11,0.07559
CVE-2014-3567,2023-02-12,0.07559
CVE-2014-3567,2023-02-13,0.07559
CVE-2014-3567,2023-02-14,0.07559
CVE-2014-3567,2023-02-15,0.07559
CVE-2014-3567,2023-02-16,0.07559
CVE-2014-3567,2023-02-17,0.07559
CVE-2014-3567,2023-02-18,0.07559
CVE-2014-3567,2023-02-19,0.07559
CVE-2014-3567,2023-02-20,0.07559
CVE-2014-3567,2023-02-21,0.07559
CVE-2014-3567,2023-02-22,0.07559
CVE-2014-3567,2023-02-23,0.07559
CVE-2014-3567,2023-02-24,0.07559
CVE-2014-3567,2023-02-25,0.07559
CVE-2014-3567,2023-02-26,0.07559
CVE-2014-3567,2023-02-27,0.07559
CVE-2014-3567,2023-02-28,0.07559
CVE-2014-3567,2023-03-01,0.07559
CVE-2014-3567,2023-03-02,0.07559
CVE-2014-3567,2023-03-03,0.07559
CVE-2014-3567,2023-03-04,0.07559
CVE-2014-3567,2023-03-05,0.07559
CVE-2014-3567,2023-03-06,0.07559
CVE-2014-3567,2023-03-07,0.95689
CVE-2014-3567,2023-03-08,0.95689
CVE-2014-3567,2023-03-09,0.95689
CVE-2014-3567,2023-03-10,0.95689
CVE-2014-3567,2023-03-11,0.95689
CVE-2014-3567,2023-03-12,0.95689
CVE-2014-3567,2023-03-13,0.95689
CVE-2014-3567,2023-03-14,0.95689
CVE-2014-3567,2023-03-15,0.95689
CVE-2014-3567,2023-03-16,0.95689
CVE-2014-3567,2023-03-17,0.95689
CVE-2014-3567,2023-03-18,0.95689
CVE-2014-3567,2023-03-19,0.95689
CVE-2014-3567,2023-03-20,0.95689
CVE-2014-3567,2023-03-21,0.95689
CVE-2014-3567,2023-03-22,0.95689
CVE-2014-3567,2023-03-23,0.95689
CVE-2014-3567,2023-03-24,0.95689
CVE-2014-3567,2023-03-25,0.95689
CVE-2014-3567,2023-03-26,0.95689
CVE-2014-3567,2023-03-27,0.95689
CVE-2014-3567,2023-03-28,0.95689
CVE-2014-3567,2023-03-29,0.95689
CVE-2014-3567,2023-03-30,0.95689
CVE-2014-3567,2023-03-31,0.95689
CVE-2014-3567,2023-04-01,0.95689
CVE-2014-3567,2023-04-02,0.95565
CVE-2014-3567,2023-04-03,0.95565
CVE-2014-3567,2023-04-04,0.95565
CVE-2014-3567,2023-04-05,0.95565
CVE-2014-3567,2023-04-06,0.95565
CVE-2014-3567,2023-04-07,0.95565
CVE-2014-3567,2023-04-08,0.95565
CVE-2014-3567,2023-04-09,0.95565
CVE-2014-3567,2023-04-10,0.95565
CVE-2014-3567,2023-04-11,0.95565
CVE-2014-3567,2023-04-12,0.95565
CVE-2014-3567,2023-04-13,0.95565
CVE-2014-3567,2023-04-14,0.95565
CVE-2014-3567,2023-04-15,0.95565
CVE-2014-3567,2023-04-16,0.95565
CVE-2014-3567,2023-04-17,0.95565
CVE-2014-3567,2023-04-18,0.95565
CVE-2014-3567,2023-04-19,0.95565
CVE-2014-3567,2023-04-20,0.95565
CVE-2014-3567,2023-04-21,0.95565
CVE-2014-3567,2023-04-22,0.95565
CVE-2014-3567,2023-04-23,0.95565
CVE-2014-3567,2023-04-24,0.95565
CVE-2014-3567,2023-04-25,0.95565
CVE-2014-3567,2023-04-26,0.95565
CVE-2014-3567,2023-04-27,0.95565
CVE-2014-3567,2023-04-28,0.95565
CVE-2014-3567,2023-04-29,0.95565
CVE-2014-3567,2023-04-30,0.95565
CVE-2014-3567,2023-05-01,0.95565
CVE-2014-3567,2023-05-02,0.95565
CVE-2014-3567,2023-05-03,0.95565
CVE-2014-3567,2023-05-04,0.95565
CVE-2014-3567,2023-05-05,0.95565
CVE-2014-3567,2023-05-06,0.95565
CVE-2014-3567,2023-05-07,0.95565
CVE-2014-3567,2023-05-08,0.95565
CVE-2014-3567,2023-05-09,0.95565
CVE-2014-3567,2023-05-10,0.95565
CVE-2014-3567,2023-05-11,0.95565
CVE-2014-3567,2023-05-12,0.95565
CVE-2014-3567,2023-05-13,0.95565
CVE-2014-3567,2023-05-14,0.95565
CVE-2014-3567,2023-05-15,0.95565
CVE-2014-3567,2023-05-16,0.95565
CVE-2014-3567,2023-05-17,0.95565
CVE-2014-3567,2023-05-18,0.95565
CVE-2014-3567,2023-05-19,0.95565
CVE-2014-3567,2023-05-20,0.95565
CVE-2014-3567,2023-05-21,0.95565
CVE-2014-3567,2023-05-22,0.95565
CVE-2014-3567,2023-05-23,0.95565
CVE-2014-3567,2023-05-24,0.95565
CVE-2014-3567,2023-05-25,0.95565
CVE-2014-3567,2023-05-26,0.95565
CVE-2014-3567,2023-05-27,0.95565
CVE-2014-3567,2023-05-28,0.95565
CVE-2014-3567,2023-05-29,0.95565
CVE-2014-3567,2023-05-30,0.95565
CVE-2014-3567,2023-05-31,0.95565
CVE-2014-3567,2023-06-01,0.95565
CVE-2014-3567,2023-06-02,0.95565
CVE-2014-3567,2023-06-03,0.95565
CVE-2014-3567,2023-06-04,0.95565
CVE-2014-3567,2023-06-05,0.95565
CVE-2014-3567,2023-06-06,0.95565
CVE-2014-3567,2023-06-07,0.95565
CVE-2014-3567,2023-06-08,0.95565
CVE-2014-3567,2023-06-09,0.95565
CVE-2014-3567,2023-06-10,0.95565
CVE-2014-3567,2023-06-11,0.95565
CVE-2014-3567,2023-06-12,0.95565
CVE-2014-3567,2023-06-13,0.95565
CVE-2014-3567,2023-06-14,0.95565
CVE-2014-3567,2023-06-15,0.95565
CVE-2014-3567,2023-06-16,0.95565
CVE-2014-3567,2023-06-17,0.95565
CVE-2014-3567,2023-06-18,0.95565
CVE-2014-3567,2023-06-19,0.95565
CVE-2014-3567,2023-06-20,0.95565
CVE-2014-3567,2023-06-21,0.95565
CVE-2014-3567,2023-06-22,0.95565
CVE-2014-3567,2023-06-23,0.95565
CVE-2014-3567,2023-06-24,0.95565
CVE-2014-3567,2023-06-25,0.95362
CVE-2014-3567,2023-06-26,0.95362
CVE-2014-3567,2023-06-27,0.95362
CVE-2014-3567,2023-06-28,0.95362
CVE-2014-3567,2023-06-29,0.95362
CVE-2014-3567,2023-06-30,0.95362
CVE-2014-3567,2023-07-01,0.95362
CVE-2014-3567,2023-07-02,0.95362
CVE-2014-3567,2023-07-03,0.95362
CVE-2014-3567,2023-07-04,0.95362
CVE-2014-3567,2023-07-05,0.95362
CVE-2014-3567,2023-07-06,0.95362
CVE-2014-3567,2023-07-07,0.95362
CVE-2014-3567,2023-07-08,0.95362
CVE-2014-3567,2023-07-09,0.95362
CVE-2014-3567,2023-07-10,0.95362
CVE-2014-3567,2023-07-11,0.95362
CVE-2014-3567,2023-07-12,0.95362
CVE-2014-3567,2023-07-13,0.95362
CVE-2014-3567,2023-07-14,0.95362
CVE-2014-3567,2023-07-15,0.95362
CVE-2014-3567,2023-07-16,0.95362
CVE-2014-3567,2023-07-17,0.95362
CVE-2014-3567,2023-07-18,0.95362
CVE-2014-3567,2023-07-19,0.95362
CVE-2014-3567,2023-07-20,0.95362
CVE-2014-3567,2023-07-21,0.95362
CVE-2014-3567,2023-07-22,0.95362
CVE-2014-3567,2023-07-23,0.95362
CVE-2014-3567,2023-07-24,0.95362
CVE-2014-3567,2023-07-25,0.95362
CVE-2014-3567,2023-07-26,0.95362
CVE-2014-3567,2023-07-27,0.95362
CVE-2014-3567,2023-07-28,0.95362
CVE-2014-3567,2023-07-29,0.95362
CVE-2014-3567,2023-07-30,0.95362
CVE-2014-3567,2023-07-31,0.95362
CVE-2014-3567,2023-08-01,0.95362
CVE-2014-3567,2023-08-02,0.95362
CVE-2014-3567,2023-08-03,0.95362
CVE-2014-3567,2023-08-04,0.95362
CVE-2014-3567,2023-08-05,0.95362
CVE-2014-3567,2023-08-06,0.95362
CVE-2014-3567,2023-08-07,0.95362
CVE-2014-3567,2023-08-08,0.95362
CVE-2014-3567,2023-08-09,0.95362
CVE-2014-3567,2023-08-10,0.95362
CVE-2014-3567,2023-08-11,0.95362
CVE-2014-3567,2023-08-12,0.95362
CVE-2014-3567,2023-08-13,0.95362
CVE-2014-3567,2023-08-14,0.95362
CVE-2014-3567,2023-08-15,0.95362
CVE-2014-3567,2023-08-16,0.95362
CVE-2014-3567,2023-08-17,0.95362
CVE-2014-3567,2023-08-18,0.95362
CVE-2014-3567,2023-08-19,0.95362
CVE-2014-3567,2023-08-20,0.95362
CVE-2014-3567,2023-08-21,0.95362
CVE-2014-3567,2023-08-22,0.95362
CVE-2014-3567,2023-08-23,0.95362
CVE-2014-3567,2023-08-24,0.95362
CVE-2014-3567,2023-08-25,0.95362
CVE-2014-3567,2023-08-26,0.95362
CVE-2014-3567,2023-08-27,0.95362
CVE-2014-3567,2023-08-28,0.95362
CVE-2014-3567,2023-08-29,0.95362
CVE-2014-3567,2023-08-30,0.95362
CVE-2014-3567,2023-08-31,0.95362
CVE-2014-3567,2023-09-01,0.95362
CVE-2014-3567,2023-09-02,0.95362
CVE-2014-3567,2023-09-03,0.95362
CVE-2014-3567,2023-09-04,0.95362
CVE-2014-3567,2023-09-05,0.95362
CVE-2014-3567,2023-09-06,0.95362
CVE-2014-3567,2023-09-07,0.95362
CVE-2014-3567,2023-09-08,0.95362
CVE-2014-3567,2023-09-09,0.95362
CVE-2014-3567,2023-09-10,0.95362
CVE-2014-3567,2023-09-11,0.95362
CVE-2014-3567,2023-09-12,0.95362
CVE-2014-3567,2023-09-13,0.95362
CVE-2014-3567,2023-09-14,0.95362
CVE-2014-3567,2023-09-15,0.95362
CVE-2014-3567,2023-09-16,0.95362
CVE-2014-3567,2023-09-17,0.95362
CVE-2014-3567,2023-09-18,0.95362
CVE-2014-3567,2023-09-19,0.95362
CVE-2014-3567,2023-09-20,0.95362
CVE-2014-3567,2023-09-21,0.95362
CVE-2014-3567,2023-09-22,0.95362
CVE-2014-3567,2023-09-23,0.95362
CVE-2014-3567,2023-09-24,0.95362
CVE-2014-3567,2023-09-25,0.95362
CVE-2014-3567,2023-09-26,0.95362
CVE-2014-3567,2023-09-27,0.95362
CVE-2014-3567,2023-09-28,0.95362
CVE-2014-3567,2023-09-29,0.95362
CVE-2014-3567,2023-09-30,0.95362
CVE-2014-3567,2023-10-01,0.95362
CVE-2014-3567,2023-10-02,0.95362
CVE-2014-3567,2023-10-03,0.95362
CVE-2014-3567,2023-10-04,0.95362
CVE-2014-3567,2023-10-05,0.95362
CVE-2014-3567,2023-10-06,0.95362
CVE-2014-3567,2023-10-07,0.95362
CVE-2014-3567,2023-10-08,0.95362
CVE-2014-3567,2023-10-09,0.95362
CVE-2014-3567,2023-10-10,0.95362
CVE-2014-3567,2023-10-11,0.95362
CVE-2014-3567,2023-10-12,0.95362
CVE-2014-3567,2023-10-13,0.95362
CVE-2014-3567,2023-10-14,0.95362
CVE-2014-3567,2023-10-15,0.95362
CVE-2014-3567,2023-10-16,0.95362
CVE-2014-3567,2023-10-17,0.95362
CVE-2014-3567,2023-10-18,0.95362
CVE-2014-3567,2023-10-19,0.95362
CVE-2014-3567,2023-10-20,0.95362
CVE-2014-3567,2023-10-21,0.95362
CVE-2014-3567,2023-10-22,0.95362
CVE-2014-3567,2023-10-23,0.95362
CVE-2014-3567,2023-10-24,0.95362
CVE-2014-3567,2023-10-25,0.95362
CVE-2014-3567,2023-10-26,0.95362
CVE-2014-3567,2023-10-27,0.95362
CVE-2014-3567,2023-10-28,0.95362
CVE-2014-3567,2023-10-29,0.95362
CVE-2014-3567,2023-10-30,0.95362
CVE-2014-3567,2023-10-31,0.95362
CVE-2014-3567,2023-11-01,0.95362
CVE-2014-3567,2023-11-02,0.95362
CVE-2014-3567,2023-11-03,0.95362
CVE-2014-3567,2023-11-04,0.95362
CVE-2014-3567,2023-11-05,0.95362
CVE-2014-3567,2023-11-06,0.95362
CVE-2014-3567,2023-11-07,0.95362
CVE-2014-3567,2023-11-08,0.95043
CVE-2014-3567,2023-11-09,0.95043
CVE-2014-3567,2023-11-10,0.95043
CVE-2014-3567,2023-11-11,0.95043
CVE-2014-3567,2023-11-12,0.95043
CVE-2014-3567,2023-11-13,0.95043
CVE-2014-3567,2023-11-14,0.95043
CVE-2014-3567,2023-11-15,0.95043
CVE-2014-3567,2023-11-16,0.95043
CVE-2014-3567,2023-11-17,0.95043
CVE-2014-3567,2023-11-18,0.95043
CVE-2014-3567,2023-11-19,0.95043
CVE-2014-3567,2023-11-20,0.95043
CVE-2014-3567,2023-11-21,0.95043
CVE-2014-3567,2023-11-22,0.95043
CVE-2014-3567,2023-11-23,0.95043
CVE-2014-3567,2023-11-24,0.95043
CVE-2014-3567,2023-11-25,0.95043
CVE-2014-3567,2023-11-26,0.95043
CVE-2014-3567,2023-11-27,0.95043
CVE-2014-3567,2023-11-28,0.95043
CVE-2014-3567,2023-11-29,0.95043
CVE-2014-3567,2023-11-30,0.95043
CVE-2014-3567,2023-12-01,0.95043
CVE-2014-3567,2023-12-02,0.95043
CVE-2014-3567,2023-12-03,0.95043
CVE-2014-3567,2023-12-04,0.95043
CVE-2014-3567,2023-12-05,0.95043
CVE-2014-3567,2023-12-06,0.95043
CVE-2014-3567,2023-12-07,0.95043
CVE-2014-3567,2023-12-08,0.95043
CVE-2014-3567,2023-12-09,0.95043
CVE-2014-3567,2023-12-10,0.95043
CVE-2014-3567,2023-12-11,0.95043
CVE-2014-3567,2023-12-12,0.95043
CVE-2014-3567,2023-12-13,0.95043
CVE-2014-3567,2023-12-14,0.95043
CVE-2014-3567,2023-12-15,0.95043
CVE-2014-3567,2023-12-16,0.95043
CVE-2014-3567,2023-12-17,0.95043
CVE-2014-3567,2023-12-18,0.95043
CVE-2014-3567,2023-12-19,0.95043
CVE-2014-3567,2023-12-20,0.95043
CVE-2014-3567,2023-12-21,0.95043
CVE-2014-3567,2023-12-22,0.95043
CVE-2014-3567,2023-12-23,0.95043
CVE-2014-3567,2023-12-24,0.95043
CVE-2014-3567,2023-12-25,0.95043
CVE-2014-3567,2023-12-26,0.95043
CVE-2014-3567,2023-12-27,0.95043
CVE-2014-3567,2023-12-28,0.95043
CVE-2014-3567,2023-12-29,0.95043
CVE-2014-3567,2023-12-30,0.95043
CVE-2014-3567,2023-12-31,0.95043
CVE-2014-3567,2024-01-01,0.95043
CVE-2014-3567,2024-01-02,0.94672
CVE-2014-3567,2024-01-03,0.94672
CVE-2014-3567,2024-01-04,0.94672
CVE-2014-3567,2024-01-05,0.94672
CVE-2014-3567,2024-01-06,0.94672
CVE-2014-3567,2024-01-07,0.94672
CVE-2014-3567,2024-01-08,0.94672
CVE-2014-3567,2024-01-09,0.94672
CVE-2014-3567,2024-01-10,0.94672
CVE-2014-3567,2024-01-11,0.94672
CVE-2014-3567,2024-01-12,0.94672
CVE-2014-3567,2024-01-13,0.94672
CVE-2014-3567,2024-01-14,0.94672
CVE-2014-3567,2024-01-15,0.94672
CVE-2014-3567,2024-01-16,0.94672
CVE-2014-3567,2024-01-17,0.94672
CVE-2014-3567,2024-01-18,0.94672
CVE-2014-3567,2024-01-19,0.94672
CVE-2014-3567,2024-01-20,0.94672
CVE-2014-3567,2024-01-21,0.94672
CVE-2014-3567,2024-01-22,0.94672
CVE-2014-3567,2024-01-23,0.94672
CVE-2014-3567,2024-01-24,0.94672
CVE-2014-3567,2024-01-25,0.94672
CVE-2014-3567,2024-01-26,0.94672
CVE-2014-3567,2024-01-27,0.94672
CVE-2014-3567,2024-01-28,0.94672
CVE-2014-3567,2024-01-29,0.94672
CVE-2014-3567,2024-01-30,0.94672
CVE-2014-3567,2024-01-31,0.94672
CVE-2014-3567,2024-02-01,0.94672
CVE-2014-3567,2024-02-02,0.94672
CVE-2014-3567,2024-02-03,0.94672
CVE-2014-3567,2024-02-04,0.94672
CVE-2014-3567,2024-02-05,0.94672
CVE-2014-3567,2024-02-06,0.94672
CVE-2014-3567,2024-02-07,0.94672
CVE-2014-3567,2024-02-08,0.94672
CVE-2014-3567,2024-02-09,0.94672
CVE-2014-3567,2024-02-10,0.94672
CVE-2014-3567,2024-02-11,0.94672
CVE-2014-3567,2024-02-12,0.94672
CVE-2014-3567,2024-02-13,0.94672
CVE-2014-3567,2024-02-14,0.94672
CVE-2014-3567,2024-02-15,0.94672
CVE-2014-3567,2024-02-16,0.94672
CVE-2014-3567,2024-02-17,0.94672
CVE-2014-3567,2024-02-18,0.94672
CVE-2014-3567,2024-02-19,0.94672
CVE-2014-3567,2024-02-20,0.94672
CVE-2014-3567,2024-02-21,0.94672
CVE-2014-3567,2024-02-22,0.94672
CVE-2014-3567,2024-02-23,0.94672
CVE-2014-3567,2024-02-24,0.94672
CVE-2014-3567,2024-02-25,0.94672
CVE-2014-3567,2024-02-26,0.94672
CVE-2014-3567,2024-02-27,0.94672
CVE-2014-3567,2024-02-28,0.94672
CVE-2014-3567,2024-02-29,0.94672
CVE-2014-3567,2024-03-01,0.94672
CVE-2014-3567,2024-03-02,0.94672
CVE-2014-3567,2024-03-03,0.94672
CVE-2014-3567,2024-03-04,0.94672
CVE-2014-3567,2024-03-05,0.94672
CVE-2014-3567,2024-03-06,0.94672
CVE-2014-3567,2024-03-07,0.94672
CVE-2014-3567,2024-03-08,0.94672
CVE-2014-3567,2024-03-09,0.94672
CVE-2014-3567,2024-03-10,0.94672
CVE-2014-3567,2024-03-11,0.94672
CVE-2014-3567,2024-03-12,0.94672
CVE-2014-3567,2024-03-13,0.94672
CVE-2014-3567,2024-03-14,0.94672
CVE-2014-3567,2024-03-15,0.94672
CVE-2014-3567,2024-03-16,0.94672
CVE-2014-3567,2024-03-17,0.94672
CVE-2014-3567,2024-03-18,0.94672
CVE-2014-3567,2024-03-19,0.94672
CVE-2014-3567,2024-03-20,0.94672
CVE-2014-3567,2024-03-21,0.94672
CVE-2014-3567,2024-03-22,0.94672
CVE-2014-3567,2024-03-23,0.94672
CVE-2014-3567,2024-03-24,0.94672
CVE-2014-3567,2024-03-25,0.94672
CVE-2014-3567,2024-03-26,0.94672
CVE-2014-3567,2024-03-27,0.94672
CVE-2014-3567,2024-03-28,0.94672
CVE-2014-3567,2024-03-29,0.94672
CVE-2014-3567,2024-03-30,0.94672
CVE-2014-3567,2024-03-31,0.94672
CVE-2014-3567,2024-04-01,0.94672
CVE-2014-3567,2024-04-02,0.94672
CVE-2014-3567,2024-04-03,0.94672
CVE-2014-3567,2024-04-04,0.94672
CVE-2014-3567,2024-04-05,0.94672
CVE-2014-3567,2024-04-06,0.94672
CVE-2014-3567,2024-04-07,0.94672
CVE-2014-3567,2024-04-08,0.94672
CVE-2014-3567,2024-04-09,0.94672
CVE-2014-3567,2024-04-10,0.94672
CVE-2014-3567,2024-04-11,0.94672
CVE-2014-3567,2024-04-12,0.94672
CVE-2014-3567,2024-04-13,0.94672
CVE-2014-3567,2024-04-14,0.94685
CVE-2014-3567,2024-04-15,0.94685
CVE-2014-3567,2024-04-16,0.94685
CVE-2014-3567,2024-04-17,0.94685
CVE-2014-3567,2024-04-18,0.94685
CVE-2014-3567,2024-04-19,0.94685
CVE-2014-3567,2024-04-20,0.94685
CVE-2014-3567,2024-04-21,0.94685
CVE-2014-3567,2024-04-22,0.94685
CVE-2014-3567,2024-04-23,0.94685
CVE-2014-3567,2024-04-24,0.94685
CVE-2014-3567,2024-04-25,0.94685
CVE-2014-3567,2024-04-26,0.94685
CVE-2014-3567,2024-04-27,0.94685
CVE-2014-3567,2024-04-28,0.94685
CVE-2014-3567,2024-04-29,0.94685
CVE-2014-3567,2024-04-30,0.94685
CVE-2014-3567,2024-05-01,0.94685
CVE-2014-3567,2024-05-02,0.94685
CVE-2014-3567,2024-05-03,0.94685
CVE-2014-3567,2024-05-04,0.94685
CVE-2014-3567,2024-05-05,0.94685
CVE-2014-3567,2024-05-06,0.94685
CVE-2014-3567,2024-05-07,0.94685
CVE-2014-3567,2024-05-08,0.94685
CVE-2014-3567,2024-05-09,0.94685
CVE-2014-3567,2024-05-10,0.94685
CVE-2014-3567,2024-05-11,0.94685
CVE-2014-3567,2024-05-12,0.94685
CVE-2014-3567,2024-05-13,0.94685
CVE-2014-3567,2024-05-14,0.94685
CVE-2014-3567,2024-05-15,0.94685
CVE-2014-3567,2024-05-16,0.94685
CVE-2014-3567,2024-05-17,0.94685
CVE-2014-3567,2024-05-18,0.94685
CVE-2014-3567,2024-05-19,0.94685
CVE-2014-3567,2024-05-20,0.94685
CVE-2014-3567,2024-05-21,0.94685
CVE-2014-3567,2024-05-22,0.94685
CVE-2014-3567,2024-05-23,0.94685
CVE-2014-3567,2024-05-24,0.94685
CVE-2014-3567,2024-05-25,0.94685
CVE-2014-3567,2024-05-26,0.94685
CVE-2014-3567,2024-05-27,0.94685
CVE-2014-3567,2024-05-28,0.94685
CVE-2014-3567,2024-05-29,0.94685
CVE-2014-3567,2024-05-30,0.94685
CVE-2014-3567,2024-05-31,0.93725
CVE-2014-3567,2024-06-01,0.93725
CVE-2014-3567,2024-06-02,0.93725
CVE-2014-3567,2024-06-03,0.93725
CVE-2014-3567,2024-06-04,0.93725
CVE-2014-3567,2024-06-05,0.93725
CVE-2014-3567,2024-06-06,0.93725
CVE-2014-3567,2024-06-07,0.93725
CVE-2014-3567,2024-06-08,0.93725
CVE-2014-3567,2024-06-09,0.93725
CVE-2014-3567,2024-06-10,0.93725
CVE-2014-3567,2024-06-11,0.93725
CVE-2014-3567,2024-06-12,0.93725
CVE-2014-3567,2024-06-13,0.93725
CVE-2014-3567,2024-06-14,0.93725
CVE-2014-3567,2024-06-15,0.93725
CVE-2014-3567,2024-06-16,0.93725
CVE-2014-3567,2024-06-17,0.93725
CVE-2014-3567,2024-06-18,0.93725
CVE-2014-3567,2024-06-19,0.93725
CVE-2014-3567,2024-06-20,0.93725
CVE-2014-3567,2024-06-21,0.93725
CVE-2014-3567,2024-06-22,0.93725
CVE-2014-3567,2024-06-23,0.93725
CVE-2014-3567,2024-06-24,0.93725
CVE-2014-3567,2024-06-25,0.93725
CVE-2014-3567,2024-06-26,0.93725
CVE-2014-3567,2024-06-27,0.93725
CVE-2014-3567,2024-06-28,0.93725
CVE-2014-3567,2024-06-29,0.93725
CVE-2014-3567,2024-06-30,0.93725
CVE-2014-3567,2024-07-01,0.93725
CVE-2014-3567,2024-07-02,0.93725
CVE-2014-3567,2024-07-03,0.93725
CVE-2014-3567,2024-07-04,0.93725
CVE-2014-3567,2024-07-05,0.93725
CVE-2014-3567,2024-07-06,0.93725
CVE-2014-3567,2024-07-07,0.93725
CVE-2014-3567,2024-07-08,0.93725
CVE-2014-3567,2024-07-09,0.93725
CVE-2014-3567,2024-07-10,0.93725
CVE-2014-3567,2024-07-11,0.93725
CVE-2014-3567,2024-07-12,0.93725
CVE-2014-3567,2024-07-13,0.93725
CVE-2014-3567,2024-07-14,0.93725
CVE-2014-3567,2024-07-15,0.92748
CVE-2014-3567,2024-07-16,0.92748
CVE-2014-3567,2024-07-17,0.92748
CVE-2014-3567,2024-07-18,0.92748
CVE-2014-3567,2024-07-19,0.92748
CVE-2014-3567,2024-07-20,0.92748
CVE-2014-3567,2024-07-21,0.92748
CVE-2014-3567,2024-07-22,0.92748
CVE-2014-3567,2024-07-23,0.92748
CVE-2014-3567,2024-07-24,0.92748
CVE-2014-3567,2024-07-25,0.92748
CVE-2014-3567,2024-07-26,0.92748
CVE-2014-3567,2024-07-27,0.92748
CVE-2014-3567,2024-07-28,0.92748
CVE-2014-3567,2024-07-29,0.92748
CVE-2014-3567,2024-07-30,0.92748
CVE-2014-3567,2024-07-31,0.92748
CVE-2014-3567,2024-08-01,0.92748
CVE-2014-3567,2024-08-02,0.92748
CVE-2014-3567,2024-08-03,0.92748
CVE-2014-3567,2024-08-04,0.92748
CVE-2014-3567,2024-08-05,0.92748
CVE-2014-3567,2024-08-06,0.92748
CVE-2014-3567,2024-08-07,0.92748
CVE-2014-3567,2024-08-08,0.92748
CVE-2014-3567,2024-08-09,0.92748
CVE-2014-3567,2024-08-10,0.92748
CVE-2014-3567,2024-08-11,0.92748
CVE-2014-3567,2024-08-12,0.92748
CVE-2014-3567,2024-08-13,0.92748
CVE-2014-3567,2024-08-14,0.92748
CVE-2014-3567,2024-08-15,0.92748
CVE-2014-3567,2024-08-16,0.92748
CVE-2014-3567,2024-08-17,0.92748
CVE-2014-3567,2024-08-18,0.92748
CVE-2014-3567,2024-08-19,0.92748
CVE-2014-3567,2024-08-20,0.92748
CVE-2014-3567,2024-08-21,0.92748
CVE-2014-3567,2024-08-22,0.92748
CVE-2014-3567,2024-08-23,0.92748
CVE-2014-3567,2024-08-24,0.92748
CVE-2014-3567,2024-08-25,0.92748
CVE-2014-3567,2024-08-26,0.92748
CVE-2014-3567,2024-08-27,0.92748
CVE-2014-3567,2024-08-28,0.92748
CVE-2014-3567,2024-08-29,0.92748
CVE-2014-3567,2024-08-30,0.92748
CVE-2014-3567,2024-08-31,0.91652
CVE-2014-3567,2024-09-01,0.91652
CVE-2014-3567,2024-09-02,0.91652
CVE-2014-3567,2024-09-03,0.91652
CVE-2014-3567,2024-09-04,0.91652
CVE-2014-3567,2024-09-05,0.91652
CVE-2014-3567,2024-09-06,0.91652
CVE-2014-3567,2024-09-07,0.91652
CVE-2014-3567,2024-09-08,0.91652
CVE-2014-3567,2024-09-09,0.91652
CVE-2014-3567,2024-09-10,0.91652
CVE-2014-3567,2024-09-11,0.91652
CVE-2014-3567,2024-09-12,0.91652
CVE-2014-3567,2024-09-13,0.91652
CVE-2014-3567,2024-09-14,0.91652
CVE-2014-3567,2024-09-15,0.91652
CVE-2014-3567,2024-09-16,0.91652
CVE-2014-3567,2024-09-17,0.91652
CVE-2014-3567,2024-09-18,0.91652
CVE-2014-3567,2024-09-19,0.91652
CVE-2014-3567,2024-09-20,0.91652
CVE-2014-3567,2024-09-21,0.91652
CVE-2014-3567,2024-09-22,0.91652
CVE-2014-3567,2024-09-23,0.91652
CVE-2014-3567,2024-09-24,0.91652
CVE-2014-3567,2024-09-25,0.91652
CVE-2014-3567,2024-09-26,0.91652
CVE-2014-3567,2024-09-27,0.91652
CVE-2014-3567,2024-09-28,0.91652
CVE-2014-3567,2024-09-29,0.91652
CVE-2014-3567,2024-09-30,0.91652
CVE-2014-3567,2024-10-01,0.91652
CVE-2014-3567,2024-10-02,0.91652
CVE-2014-3567,2024-10-03,0.91652
CVE-2014-3567,2024-10-04,0.91652
CVE-2014-3567,2024-10-05,0.91652
CVE-2014-3567,2024-10-06,0.91652
CVE-2014-3567,2024-10-07,0.91652
CVE-2014-3567,2024-10-08,0.91652
CVE-2014-3567,2024-10-09,0.91652
CVE-2014-3567,2024-10-10,0.91652
CVE-2014-3567,2024-10-11,0.91652
CVE-2014-3567,2024-10-12,0.91652
CVE-2014-3567,2024-10-13,0.91652
CVE-2014-3567,2024-10-14,0.91652
CVE-2014-3567,2024-10-15,0.91652
CVE-2014-3567,2024-10-16,0.91652
CVE-2014-3567,2024-10-17,0.90079
CVE-2014-3567,2024-10-18,0.90079
CVE-2014-3567,2024-10-19,0.90079
CVE-2014-3567,2024-10-20,0.90079
CVE-2014-3567,2024-10-21,0.90079
CVE-2014-3567,2024-10-22,0.90079
CVE-2014-3567,2024-10-23,0.90079
CVE-2014-3567,2024-10-24,0.90079
CVE-2014-3567,2024-10-25,0.90079
CVE-2014-3567,2024-10-26,0.90079
CVE-2014-3567,2024-10-27,0.90079
CVE-2014-3567,2024-10-28,0.90079
CVE-2014-3567,2024-10-29,0.90079
CVE-2014-3567,2024-10-30,0.90079
CVE-2014-3567,2024-10-31,0.90079
CVE-2014-3567,2024-11-01,0.90079
CVE-2014-3567,2024-11-02,0.90079
CVE-2014-3567,2024-11-03,0.90079
CVE-2014-3567,2024-11-04,0.90079
CVE-2014-3567,2024-11-05,0.90079
CVE-2014-3567,2024-11-06,0.90079
CVE-2014-3567,2024-11-07,0.90079
CVE-2014-3567,2024-11-08,0.90079
CVE-2014-3567,2024-11-09,0.90079
CVE-2014-3567,2024-11-10,0.90079
CVE-2014-3567,2024-11-11,0.90079
CVE-2014-3567,2024-11-12,0.90079
CVE-2014-3567,2024-11-13,0.90079
CVE-2014-3567,2024-11-14,0.90079
CVE-2014-3567,2024-11-15,0.90079
CVE-2014-3567,2024-11-16,0.90079
CVE-2014-3567,2024-11-17,0.90079
CVE-2014-3567,2024-11-18,0.90079
CVE-2014-3567,2024-11-19,0.90079
CVE-2014-3567,2024-11-20,0.90079
CVE-2014-3567,2024-11-21,0.90079
CVE-2014-3567,2024-11-22,0.90079
CVE-2014-3567,2024-11-23,0.90079
CVE-2014-3567,2024-11-24,0.90079
CVE-2014-3567,2024-11-25,0.90079
CVE-2014-3567,2024-11-26,0.90079
CVE-2014-3567,2024-11-27,0.90079
CVE-2014-3567,2024-11-28,0.90079
CVE-2014-3567,2024-11-29,0.90079
CVE-2014-3567,2024-11-30,0.90079
CVE-2014-3567,2024-12-02,0.90079
CVE-2014-3567,2024-12-03,0.90079
CVE-2014-3567,2024-12-04,0.90079
CVE-2014-3567,2024-12-05,0.90079
CVE-2014-3567,2024-12-06,0.90079
CVE-2014-3567,2024-12-07,0.90079
CVE-2014-3567,2024-12-08,0.90079
CVE-2014-3567,2024-12-09,0.90079
CVE-2014-3567,2024-12-10,0.90079
CVE-2014-3567,2024-12-11,0.90079
CVE-2014-3567,2024-12-12,0.90079
CVE-2014-3567,2024-12-13,0.90079
CVE-2014-3567,2024-12-14,0.90079
CVE-2014-3567,2024-12-15,0.90079
CVE-2014-3567,2024-12-16,0.90079
CVE-2014-3567,2024-12-17,0.85141
CVE-2014-3567,2024-12-18,0.85141
CVE-2014-3567,2024-12-19,0.85141
CVE-2014-3567,2024-12-20,0.85141
CVE-2014-3567,2024-12-21,0.85141
CVE-2014-3567,2024-12-22,0.85141
CVE-2014-3567,2024-12-23,0.85141
CVE-2014-3567,2024-12-24,0.85141
CVE-2014-3567,2024-12-25,0.85141
CVE-2014-3567,2024-12-26,0.85141
CVE-2014-3567,2024-12-27,0.85141
CVE-2014-3567,2024-12-28,0.85141
CVE-2014-3567,2024-12-29,0.85141
CVE-2014-3567,2024-12-30,0.85141
CVE-2014-3567,2024-12-31,0.85141
CVE-2014-3567,2025-01-01,0.85141
CVE-2014-3567,2025-01-02,0.85141
CVE-2014-3567,2025-01-03,0.85141
CVE-2014-3567,2025-01-04,0.85141
CVE-2014-3567,2025-01-05,0.85141
CVE-2014-3567,2025-01-06,0.85141
CVE-2014-3567,2025-01-07,0.85141
CVE-2014-3567,2025-01-08,0.85141
CVE-2014-3567,2025-01-09,0.85141
CVE-2014-3567,2025-01-10,0.85141
CVE-2014-3567,2025-01-11,0.85141
CVE-2014-3567,2025-01-12,0.85141
CVE-2014-3567,2025-01-13,0.85141
CVE-2014-3567,2025-01-14,0.85141
CVE-2014-3567,2025-01-15,0.85141
CVE-2014-3567,2025-01-16,0.85141
CVE-2014-3567,2025-01-17,0.85141
CVE-2014-3567,2025-01-18,0.85141
CVE-2014-3567,2025-01-19,0.85141
CVE-2014-3567,2025-01-20,0.85141
CVE-2014-3567,2025-01-21,0.85141
CVE-2014-3567,2025-01-22,0.85141
CVE-2014-3567,2025-01-23,0.85141
CVE-2014-3567,2025-01-24,0.85141
CVE-2014-3567,2025-01-25,0.85141
CVE-2014-3567,2025-01-26,0.85141
CVE-2014-3567,2025-01-27,0.85141
CVE-2014-3567,2025-01-28,0.85141
CVE-2014-3567,2025-01-29,0.85141
CVE-2014-3567,2025-01-30,0.85141
CVE-2014-3567,2025-01-31,0.85141
CVE-2014-3567,2025-02-01,0.85141
CVE-2014-3567,2025-02-02,0.85141
CVE-2014-3567,2025-02-03,0.85141
CVE-2014-3567,2025-02-04,0.85141
CVE-2014-3567,2025-02-05,0.85141
CVE-2014-3567,2025-02-06,0.85141
CVE-2014-3567,2025-02-07,0.85141
CVE-2014-3567,2025-02-08,0.85141
CVE-2014-3567,2025-02-09,0.85141
CVE-2014-3567,2025-02-10,0.85141
CVE-2014-3567,2025-02-11,0.85141
CVE-2014-3567,2025-02-12,0.85141
CVE-2014-3567,2025-02-13,0.85141
CVE-2014-3567,2025-02-14,0.85141
CVE-2014-3567,2025-02-15,0.85141
CVE-2014-3567,2025-02-16,0.85141
CVE-2014-3567,2025-02-17,0.85141
CVE-2014-3567,2025-02-18,0.85141
CVE-2014-3567,2025-02-19,0.85141
CVE-2014-3567,2025-02-20,0.85141
CVE-2014-3567,2025-02-21,0.85141
CVE-2014-3567,2025-02-22,0.85141
CVE-2014-3567,2025-02-23,0.85141
CVE-2014-3567,2025-02-24,0.85141
CVE-2014-3567,2025-02-25,0.85141
CVE-2014-3567,2025-02-26,0.85141
CVE-2014-3567,2025-02-27,0.85141
CVE-2014-3567,2025-02-28,0.85141
CVE-2014-3567,2025-03-01,0.85141
CVE-2014-3567,2025-03-02,0.85141
CVE-2014-3567,2025-03-03,0.85141
CVE-2014-3567,2025-03-04,0.85141
CVE-2014-3567,2025-03-05,0.85141
CVE-2014-3567,2025-03-06,0.85141
CVE-2014-3567,2025-03-07,0.85141
CVE-2014-3567,2025-03-08,0.85141
CVE-2014-3567,2025-03-09,0.85141
CVE-2014-3567,2025-03-10,0.85141
CVE-2014-3567,2025-03-11,0.85141
CVE-2014-3567,2025-03-12,0.85141
CVE-2015-3107,2022-02-04,0.87556
CVE-2015-3107,2022-02-05,0.87556
CVE-2015-3107,2022-02-06,0.87556
CVE-2015-3107,2022-02-07,0.87556
CVE-2015-3107,2022-02-08,0.87556
CVE-2015-3107,2022-02-09,0.87556
CVE-2015-3107,2022-02-10,0.87556
CVE-2015-3107,2022-02-11,0.87556
CVE-2015-3107,2022-02-12,0.87556
CVE-2015-3107,2022-02-13,0.87556
CVE-2015-3107,2022-02-14,0.87556
CVE-2015-3107,2022-02-15,0.87556
CVE-2015-3107,2022-02-16,0.87556
CVE-2015-3107,2022-02-17,0.87556
CVE-2015-3107,2022-02-18,0.87556
CVE-2015-3107,2022-02-19,0.87556
CVE-2015-3107,2022-02-20,0.87556
CVE-2015-3107,2022-02-21,0.87556
CVE-2015-3107,2022-02-22,0.87556
CVE-2015-3107,2022-02-23,0.87556
CVE-2015-3107,2022-02-24,0.87556
CVE-2015-3107,2022-02-25,0.87556
CVE-2015-3107,2022-02-26,0.87556
CVE-2015-3107,2022-02-27,0.87556
CVE-2015-3107,2022-02-28,0.87556
CVE-2015-3107,2022-03-01,0.87556
CVE-2015-3107,2022-03-02,0.87556
CVE-2015-3107,2022-03-03,0.87556
CVE-2015-3107,2022-03-04,0.87556
CVE-2015-3107,2022-03-05,0.87556
CVE-2015-3107,2022-03-06,0.87556
CVE-2015-3107,2022-03-07,0.87556
CVE-2015-3107,2022-03-08,0.87556
CVE-2015-3107,2022-03-09,0.87556
CVE-2015-3107,2022-03-10,0.87556
CVE-2015-3107,2022-03-11,0.87556
CVE-2015-3107,2022-03-12,0.87556
CVE-2015-3107,2022-03-13,0.87556
CVE-2015-3107,2022-03-14,0.87556
CVE-2015-3107,2022-03-15,0.87556
CVE-2015-3107,2022-03-16,0.87556
CVE-2015-3107,2022-03-17,0.87556
CVE-2015-3107,2022-03-18,0.87556
CVE-2015-3107,2022-03-19,0.87556
CVE-2015-3107,2022-03-20,0.87556
CVE-2015-3107,2022-03-21,0.87556
CVE-2015-3107,2022-03-22,0.87556
CVE-2015-3107,2022-03-23,0.87556
CVE-2015-3107,2022-03-24,0.87556
CVE-2015-3107,2022-03-25,0.87556
CVE-2015-3107,2022-03-26,0.87556
CVE-2015-3107,2022-03-27,0.87556
CVE-2015-3107,2022-03-28,0.87556
CVE-2015-3107,2022-03-29,0.87556
CVE-2015-3107,2022-03-30,0.87556
CVE-2015-3107,2022-03-31,0.87556
CVE-2015-3107,2022-04-01,0.87556
CVE-2015-3107,2022-04-02,0.87556
CVE-2015-3107,2022-04-03,0.87556
CVE-2015-3107,2022-04-04,0.87556
CVE-2015-3107,2022-04-05,0.87556
CVE-2015-3107,2022-04-06,0.87556
CVE-2015-3107,2022-04-07,0.87556
CVE-2015-3107,2022-04-08,0.87556
CVE-2015-3107,2022-04-09,0.87556
CVE-2015-3107,2022-04-10,0.87556
CVE-2015-3107,2022-04-11,0.87556
CVE-2015-3107,2022-04-12,0.87556
CVE-2015-3107,2022-04-13,0.87556
CVE-2015-3107,2022-04-14,0.87556
CVE-2015-3107,2022-04-15,0.87556
CVE-2015-3107,2022-04-16,0.87556
CVE-2015-3107,2022-04-17,0.87556
CVE-2015-3107,2022-04-18,0.87556
CVE-2015-3107,2022-04-19,0.87556
CVE-2015-3107,2022-04-20,0.87556
CVE-2015-3107,2022-04-21,0.87556
CVE-2015-3107,2022-04-22,0.87556
CVE-2015-3107,2022-04-23,0.87556
CVE-2015-3107,2022-04-24,0.87556
CVE-2015-3107,2022-04-25,0.87556
CVE-2015-3107,2022-04-26,0.87556
CVE-2015-3107,2022-04-27,0.87556
CVE-2015-3107,2022-04-28,0.87556
CVE-2015-3107,2022-04-29,0.87556
CVE-2015-3107,2022-04-30,0.87556
CVE-2015-3107,2022-05-01,0.87556
CVE-2015-3107,2022-05-02,0.87556
CVE-2015-3107,2022-05-03,0.87556
CVE-2015-3107,2022-05-04,0.87556
CVE-2015-3107,2022-05-05,0.87556
CVE-2015-3107,2022-05-06,0.87556
CVE-2015-3107,2022-05-07,0.87556
CVE-2015-3107,2022-05-08,0.87556
CVE-2015-3107,2022-05-09,0.87556
CVE-2015-3107,2022-05-10,0.87556
CVE-2015-3107,2022-05-11,0.87556
CVE-2015-3107,2022-05-12,0.87556
CVE-2015-3107,2022-05-13,0.87556
CVE-2015-3107,2022-05-14,0.87556
CVE-2015-3107,2022-05-15,0.87556
CVE-2015-3107,2022-05-16,0.87556
CVE-2015-3107,2022-05-17,0.87556
CVE-2015-3107,2022-05-18,0.87556
CVE-2015-3107,2022-05-19,0.87556
CVE-2015-3107,2022-05-20,0.87556
CVE-2015-3107,2022-05-21,0.87556
CVE-2015-3107,2022-05-22,0.87556
CVE-2015-3107,2022-05-23,0.87556
CVE-2015-3107,2022-05-24,0.87556
CVE-2015-3107,2022-05-25,0.87556
CVE-2015-3107,2022-05-26,0.87556
CVE-2015-3107,2022-05-27,0.87556
CVE-2015-3107,2022-05-28,0.87556
CVE-2015-3107,2022-05-29,0.87556
CVE-2015-3107,2022-05-30,0.87556
CVE-2015-3107,2022-05-31,0.87556
CVE-2015-3107,2022-06-01,0.87556
CVE-2015-3107,2022-06-02,0.87556
CVE-2015-3107,2022-06-03,0.87556
CVE-2015-3107,2022-06-04,0.87556
CVE-2015-3107,2022-06-05,0.87556
CVE-2015-3107,2022-06-06,0.87556
CVE-2015-3107,2022-06-07,0.87556
CVE-2015-3107,2022-06-08,0.87556
CVE-2015-3107,2022-06-09,0.87556
CVE-2015-3107,2022-06-10,0.87556
CVE-2015-3107,2022-06-11,0.87556
CVE-2015-3107,2022-06-12,0.87556
CVE-2015-3107,2022-06-13,0.87556
CVE-2015-3107,2022-06-14,0.87556
CVE-2015-3107,2022-06-15,0.87556
CVE-2015-3107,2022-06-16,0.87556
CVE-2015-3107,2022-06-17,0.87556
CVE-2015-3107,2022-06-18,0.87556
CVE-2015-3107,2022-06-19,0.87556
CVE-2015-3107,2022-06-20,0.87556
CVE-2015-3107,2022-06-21,0.87556
CVE-2015-3107,2022-06-22,0.87556
CVE-2015-3107,2022-06-23,0.87556
CVE-2015-3107,2022-06-24,0.87556
CVE-2015-3107,2022-06-25,0.87556
CVE-2015-3107,2022-06-26,0.87556
CVE-2015-3107,2022-06-27,0.87556
CVE-2015-3107,2022-06-28,0.87556
CVE-2015-3107,2022-06-29,0.87556
CVE-2015-3107,2022-06-30,0.87556
CVE-2015-3107,2022-07-01,0.87556
CVE-2015-3107,2022-07-02,0.87556
CVE-2015-3107,2022-07-03,0.87556
CVE-2015-3107,2022-07-04,0.87556
CVE-2015-3107,2022-07-05,0.87556
CVE-2015-3107,2022-07-06,0.87556
CVE-2015-3107,2022-07-07,0.87556
CVE-2015-3107,2022-07-08,0.87556
CVE-2015-3107,2022-07-09,0.87556
CVE-2015-3107,2022-07-10,0.87556
CVE-2015-3107,2022-07-11,0.87556
CVE-2015-3107,2022-07-12,0.87556
CVE-2015-3107,2022-07-13,0.87556
CVE-2015-3107,2022-07-15,0.87556
CVE-2015-3107,2022-07-16,0.87556
CVE-2015-3107,2022-07-17,0.87556
CVE-2015-3107,2022-07-18,0.87556
CVE-2015-3107,2022-07-19,0.87556
CVE-2015-3107,2022-07-20,0.87556
CVE-2015-3107,2022-07-21,0.87556
CVE-2015-3107,2022-07-22,0.87556
CVE-2015-3107,2022-07-23,0.87556
CVE-2015-3107,2022-07-24,0.87556
CVE-2015-3107,2022-07-25,0.87556
CVE-2015-3107,2022-07-26,0.87556
CVE-2015-3107,2022-07-27,0.87556
CVE-2015-3107,2022-07-28,0.87556
CVE-2015-3107,2022-07-29,0.87556
CVE-2015-3107,2022-07-30,0.87556
CVE-2015-3107,2022-07-31,0.87556
CVE-2015-3107,2022-08-01,0.87556
CVE-2015-3107,2022-08-02,0.87556
CVE-2015-3107,2022-08-03,0.87556
CVE-2015-3107,2022-08-04,0.87556
CVE-2015-3107,2022-08-05,0.87556
CVE-2015-3107,2022-08-06,0.87556
CVE-2015-3107,2022-08-07,0.87556
CVE-2015-3107,2022-08-08,0.87556
CVE-2015-3107,2022-08-09,0.87556
CVE-2015-3107,2022-08-10,0.87556
CVE-2015-3107,2022-08-11,0.87556
CVE-2015-3107,2022-08-12,0.87556
CVE-2015-3107,2022-08-13,0.87556
CVE-2015-3107,2022-08-14,0.87556
CVE-2015-3107,2022-08-15,0.87556
CVE-2015-3107,2022-08-16,0.87556
CVE-2015-3107,2022-08-17,0.87556
CVE-2015-3107,2022-08-18,0.87556
CVE-2015-3107,2022-08-19,0.87556
CVE-2015-3107,2022-08-20,0.87556
CVE-2015-3107,2022-08-21,0.87556
CVE-2015-3107,2022-08-22,0.87556
CVE-2015-3107,2022-08-23,0.87556
CVE-2015-3107,2022-08-24,0.87556
CVE-2015-3107,2022-08-25,0.87556
CVE-2015-3107,2022-08-26,0.87556
CVE-2015-3107,2022-08-27,0.87556
CVE-2015-3107,2022-08-28,0.87556
CVE-2015-3107,2022-08-29,0.87556
CVE-2015-3107,2022-08-30,0.87556
CVE-2015-3107,2022-08-31,0.87556
CVE-2015-3107,2022-09-01,0.87556
CVE-2015-3107,2022-09-02,0.87556
CVE-2015-3107,2022-09-03,0.87556
CVE-2015-3107,2022-09-04,0.87556
CVE-2015-3107,2022-09-05,0.87556
CVE-2015-3107,2022-09-06,0.87556
CVE-2015-3107,2022-09-07,0.87556
CVE-2015-3107,2022-09-08,0.87556
CVE-2015-3107,2022-09-09,0.87556
CVE-2015-3107,2022-09-10,0.87556
CVE-2015-3107,2022-09-11,0.87556
CVE-2015-3107,2022-09-12,0.87556
CVE-2015-3107,2022-09-13,0.87556
CVE-2015-3107,2022-09-14,0.87556
CVE-2015-3107,2022-09-15,0.87556
CVE-2015-3107,2022-09-16,0.87556
CVE-2015-3107,2022-09-17,0.87556
CVE-2015-3107,2022-09-18,0.87556
CVE-2015-3107,2022-09-19,0.87556
CVE-2015-3107,2022-09-20,0.87556
CVE-2015-3107,2022-09-21,0.87556
CVE-2015-3107,2022-09-22,0.87556
CVE-2015-3107,2022-09-23,0.87556
CVE-2015-3107,2022-09-24,0.87556
CVE-2015-3107,2022-09-25,0.87556
CVE-2015-3107,2022-09-26,0.87556
CVE-2015-3107,2022-09-27,0.87556
CVE-2015-3107,2022-09-28,0.87556
CVE-2015-3107,2022-09-29,0.87556
CVE-2015-3107,2022-09-30,0.87556
CVE-2015-3107,2022-10-01,0.87556
CVE-2015-3107,2022-10-02,0.87556
CVE-2015-3107,2022-10-03,0.87556
CVE-2015-3107,2022-10-04,0.87556
CVE-2015-3107,2022-10-05,0.87556
CVE-2015-3107,2022-10-06,0.87556
CVE-2015-3107,2022-10-07,0.87556
CVE-2015-3107,2022-10-08,0.87556
CVE-2015-3107,2022-10-09,0.87556
CVE-2015-3107,2022-10-10,0.87556
CVE-2015-3107,2022-10-11,0.87556
CVE-2015-3107,2022-10-12,0.87556
CVE-2015-3107,2022-10-13,0.87556
CVE-2015-3107,2022-10-14,0.87556
CVE-2015-3107,2022-10-15,0.87556
CVE-2015-3107,2022-10-16,0.87556
CVE-2015-3107,2022-10-17,0.87556
CVE-2015-3107,2022-10-18,0.87556
CVE-2015-3107,2022-10-19,0.87556
CVE-2015-3107,2022-10-20,0.87556
CVE-2015-3107,2022-10-21,0.87556
CVE-2015-3107,2022-10-22,0.87556
CVE-2015-3107,2022-10-23,0.87556
CVE-2015-3107,2022-10-24,0.87556
CVE-2015-3107,2022-10-25,0.87556
CVE-2015-3107,2022-10-26,0.87556
CVE-2015-3107,2022-10-27,0.87556
CVE-2015-3107,2022-10-28,0.87556
CVE-2015-3107,2022-10-29,0.87556
CVE-2015-3107,2022-10-30,0.87556
CVE-2015-3107,2022-10-31,0.87556
CVE-2015-3107,2022-11-01,0.87556
CVE-2015-3107,2022-11-02,0.87556
CVE-2015-3107,2022-11-03,0.87556
CVE-2015-3107,2022-11-04,0.87556
CVE-2015-3107,2022-11-05,0.87556
CVE-2015-3107,2022-11-06,0.87556
CVE-2015-3107,2022-11-07,0.87556
CVE-2015-3107,2022-11-08,0.87556
CVE-2015-3107,2022-11-09,0.87556
CVE-2015-3107,2022-11-10,0.87556
CVE-2015-3107,2022-11-11,0.87556
CVE-2015-3107,2022-11-12,0.87556
CVE-2015-3107,2022-11-13,0.87556
CVE-2015-3107,2022-11-14,0.87556
CVE-2015-3107,2022-11-15,0.87556
CVE-2015-3107,2022-11-16,0.87556
CVE-2015-3107,2022-11-17,0.87556
CVE-2015-3107,2022-11-18,0.87556
CVE-2015-3107,2022-11-19,0.87556
CVE-2015-3107,2022-11-20,0.87556
CVE-2015-3107,2022-11-21,0.87556
CVE-2015-3107,2022-11-22,0.87556
CVE-2015-3107,2022-11-23,0.87556
CVE-2015-3107,2022-11-24,0.87556
CVE-2015-3107,2022-11-25,0.87556
CVE-2015-3107,2022-11-26,0.87556
CVE-2015-3107,2022-11-27,0.87556
CVE-2015-3107,2022-11-28,0.87556
CVE-2015-3107,2022-11-29,0.87556
CVE-2015-3107,2022-11-30,0.87556
CVE-2015-3107,2022-12-01,0.87556
CVE-2015-3107,2022-12-02,0.87556
CVE-2015-3107,2022-12-03,0.87556
CVE-2015-3107,2022-12-04,0.87556
CVE-2015-3107,2022-12-05,0.87556
CVE-2015-3107,2022-12-06,0.87556
CVE-2015-3107,2022-12-07,0.87556
CVE-2015-3107,2022-12-08,0.87556
CVE-2015-3107,2022-12-09,0.87556
CVE-2015-3107,2022-12-10,0.87556
CVE-2015-3107,2022-12-11,0.87556
CVE-2015-3107,2022-12-12,0.87556
CVE-2015-3107,2022-12-13,0.87556
CVE-2015-3107,2022-12-14,0.87556
CVE-2015-3107,2022-12-15,0.87556
CVE-2015-3107,2022-12-16,0.87556
CVE-2015-3107,2022-12-17,0.87556
CVE-2015-3107,2022-12-18,0.87556
CVE-2015-3107,2022-12-19,0.87556
CVE-2015-3107,2022-12-20,0.87556
CVE-2015-3107,2022-12-21,0.87556
CVE-2015-3107,2022-12-22,0.87556
CVE-2015-3107,2022-12-23,0.87556
CVE-2015-3107,2022-12-24,0.87556
CVE-2015-3107,2022-12-25,0.87556
CVE-2015-3107,2022-12-26,0.87556
CVE-2015-3107,2022-12-27,0.87556
CVE-2015-3107,2022-12-28,0.87556
CVE-2015-3107,2022-12-29,0.87556
CVE-2015-3107,2022-12-30,0.87556
CVE-2015-3107,2022-12-31,0.87556
CVE-2015-3107,2023-01-01,0.87556
CVE-2015-3107,2023-01-02,0.87556
CVE-2015-3107,2023-01-03,0.87556
CVE-2015-3107,2023-01-04,0.87556
CVE-2015-3107,2023-01-05,0.87556
CVE-2015-3107,2023-01-06,0.87556
CVE-2015-3107,2023-01-07,0.87556
CVE-2015-3107,2023-01-08,0.87556
CVE-2015-3107,2023-01-09,0.87556
CVE-2015-3107,2023-01-10,0.87556
CVE-2015-3107,2023-01-11,0.87556
CVE-2015-3107,2023-01-12,0.87556
CVE-2015-3107,2023-01-13,0.87556
CVE-2015-3107,2023-01-14,0.87556
CVE-2015-3107,2023-01-15,0.87556
CVE-2015-3107,2023-01-16,0.87556
CVE-2015-3107,2023-01-17,0.87556
CVE-2015-3107,2023-01-18,0.87556
CVE-2015-3107,2023-01-19,0.87556
CVE-2015-3107,2023-01-20,0.87556
CVE-2015-3107,2023-01-21,0.87556
CVE-2015-3107,2023-01-22,0.87556
CVE-2015-3107,2023-01-23,0.87556
CVE-2015-3107,2023-01-24,0.87556
CVE-2015-3107,2023-01-25,0.87556
CVE-2015-3107,2023-01-26,0.87556
CVE-2015-3107,2023-01-27,0.87556
CVE-2015-3107,2023-01-28,0.87556
CVE-2015-3107,2023-01-29,0.87556
CVE-2015-3107,2023-01-30,0.87556
CVE-2015-3107,2023-01-31,0.87556
CVE-2015-3107,2023-02-01,0.87556
CVE-2015-3107,2023-02-02,0.87556
CVE-2015-3107,2023-02-03,0.87556
CVE-2015-3107,2023-02-04,0.87556
CVE-2015-3107,2023-02-05,0.87556
CVE-2015-3107,2023-02-06,0.87556
CVE-2015-3107,2023-02-07,0.87556
CVE-2015-3107,2023-02-08,0.87556
CVE-2015-3107,2023-02-09,0.87556
CVE-2015-3107,2023-02-10,0.87556
CVE-2015-3107,2023-02-11,0.87556
CVE-2015-3107,2023-02-12,0.87556
CVE-2015-3107,2023-02-13,0.87556
CVE-2015-3107,2023-02-14,0.87556
CVE-2015-3107,2023-02-15,0.87556
CVE-2015-3107,2023-02-16,0.87556
CVE-2015-3107,2023-02-17,0.87556
CVE-2015-3107,2023-02-18,0.87556
CVE-2015-3107,2023-02-19,0.87556
CVE-2015-3107,2023-02-20,0.87556
CVE-2015-3107,2023-02-21,0.87556
CVE-2015-3107,2023-02-22,0.87556
CVE-2015-3107,2023-02-23,0.87556
CVE-2015-3107,2023-02-24,0.87556
CVE-2015-3107,2023-02-25,0.87556
CVE-2015-3107,2023-02-26,0.87556
CVE-2015-3107,2023-02-27,0.87556
CVE-2015-3107,2023-02-28,0.87556
CVE-2015-3107,2023-03-01,0.87556
CVE-2015-3107,2023-03-02,0.87556
CVE-2015-3107,2023-03-03,0.87556
CVE-2015-3107,2023-03-04,0.87556
CVE-2015-3107,2023-03-05,0.87556
CVE-2015-3107,2023-03-06,0.87556
CVE-2015-3107,2023-03-07,0.04095
CVE-2015-3107,2023-03-08,0.04095
CVE-2015-3107,2023-03-09,0.04095
CVE-2015-3107,2023-03-10,0.04095
CVE-2015-3107,2023-03-11,0.04095
CVE-2015-3107,2023-03-12,0.04095
CVE-2015-3107,2023-03-13,0.04095
CVE-2015-3107,2023-03-14,0.04095
CVE-2015-3107,2023-03-15,0.04095
CVE-2015-3107,2023-03-16,0.04095
CVE-2015-3107,2023-03-17,0.04095
CVE-2015-3107,2023-03-18,0.04095
CVE-2015-3107,2023-03-19,0.04095
CVE-2015-3107,2023-03-20,0.04095
CVE-2015-3107,2023-03-21,0.04095
CVE-2015-3107,2023-03-22,0.04095
CVE-2015-3107,2023-03-23,0.04095
CVE-2015-3107,2023-03-24,0.04095
CVE-2015-3107,2023-03-25,0.04095
CVE-2015-3107,2023-03-26,0.04095
CVE-2015-3107,2023-03-27,0.04095
CVE-2015-3107,2023-03-28,0.04095
CVE-2015-3107,2023-03-29,0.04095
CVE-2015-3107,2023-03-30,0.04095
CVE-2015-3107,2023-03-31,0.04095
CVE-2015-3107,2023-04-01,0.04095
CVE-2015-3107,2023-04-02,0.04095
CVE-2015-3107,2023-04-03,0.04095
CVE-2015-3107,2023-04-04,0.04095
CVE-2015-3107,2023-04-05,0.04095
CVE-2015-3107,2023-04-06,0.04095
CVE-2015-3107,2023-04-07,0.04095
CVE-2015-3107,2023-04-08,0.04095
CVE-2015-3107,2023-04-09,0.04095
CVE-2015-3107,2023-04-10,0.04095
CVE-2015-3107,2023-04-11,0.04095
CVE-2015-3107,2023-04-12,0.04095
CVE-2015-3107,2023-04-13,0.04095
CVE-2015-3107,2023-04-14,0.04095
CVE-2015-3107,2023-04-15,0.04095
CVE-2015-3107,2023-04-16,0.04095
CVE-2015-3107,2023-04-17,0.04095
CVE-2015-3107,2023-04-18,0.04095
CVE-2015-3107,2023-04-19,0.04095
CVE-2015-3107,2023-04-20,0.04095
CVE-2015-3107,2023-04-21,0.04095
CVE-2015-3107,2023-04-22,0.04095
CVE-2015-3107,2023-04-23,0.04095
CVE-2015-3107,2023-04-24,0.04095
CVE-2015-3107,2023-04-25,0.04095
CVE-2015-3107,2023-04-26,0.04095
CVE-2015-3107,2023-04-27,0.04095
CVE-2015-3107,2023-04-28,0.04095
CVE-2015-3107,2023-04-29,0.04095
CVE-2015-3107,2023-04-30,0.04095
CVE-2015-3107,2023-05-01,0.04095
CVE-2015-3107,2023-05-02,0.04095
CVE-2015-3107,2023-05-03,0.04095
CVE-2015-3107,2023-05-04,0.04095
CVE-2015-3107,2023-05-05,0.04095
CVE-2015-3107,2023-05-06,0.04095
CVE-2015-3107,2023-05-07,0.04095
CVE-2015-3107,2023-05-08,0.04095
CVE-2015-3107,2023-05-09,0.04095
CVE-2015-3107,2023-05-10,0.04095
CVE-2015-3107,2023-05-11,0.04095
CVE-2015-3107,2023-05-12,0.04095
CVE-2015-3107,2023-05-13,0.04095
CVE-2015-3107,2023-05-14,0.04095
CVE-2015-3107,2023-05-15,0.04095
CVE-2015-3107,2023-05-16,0.04095
CVE-2015-3107,2023-05-17,0.04095
CVE-2015-3107,2023-05-18,0.04095
CVE-2015-3107,2023-05-19,0.04095
CVE-2015-3107,2023-05-20,0.04095
CVE-2015-3107,2023-05-21,0.04095
CVE-2015-3107,2023-05-22,0.04095
CVE-2015-3107,2023-05-23,0.04095
CVE-2015-3107,2023-05-24,0.04095
CVE-2015-3107,2023-05-25,0.04095
CVE-2015-3107,2023-05-26,0.04095
CVE-2015-3107,2023-05-27,0.04095
CVE-2015-3107,2023-05-28,0.04095
CVE-2015-3107,2023-05-29,0.04095
CVE-2015-3107,2023-05-30,0.04095
CVE-2015-3107,2023-05-31,0.04095
CVE-2015-3107,2023-06-01,0.04095
CVE-2015-3107,2023-06-02,0.04095
CVE-2015-3107,2023-06-03,0.04095
CVE-2015-3107,2023-06-04,0.04095
CVE-2015-3107,2023-06-05,0.04095
CVE-2015-3107,2023-06-06,0.04095
CVE-2015-3107,2023-06-07,0.04095
CVE-2015-3107,2023-06-08,0.04095
CVE-2015-3107,2023-06-09,0.04095
CVE-2015-3107,2023-06-10,0.04095
CVE-2015-3107,2023-06-11,0.04095
CVE-2015-3107,2023-06-12,0.04095
CVE-2015-3107,2023-06-13,0.04095
CVE-2015-3107,2023-06-14,0.04095
CVE-2015-3107,2023-06-15,0.04095
CVE-2015-3107,2023-06-16,0.04095
CVE-2015-3107,2023-06-17,0.04095
CVE-2015-3107,2023-06-18,0.04095
CVE-2015-3107,2023-06-19,0.04095
CVE-2015-3107,2023-06-20,0.04095
CVE-2015-3107,2023-06-21,0.04095
CVE-2015-3107,2023-06-22,0.04095
CVE-2015-3107,2023-06-23,0.04095
CVE-2015-3107,2023-06-24,0.04095
CVE-2015-3107,2023-06-25,0.04095
CVE-2015-3107,2023-06-26,0.04095
CVE-2015-3107,2023-06-27,0.04095
CVE-2015-3107,2023-06-28,0.04095
CVE-2015-3107,2023-06-29,0.04095
CVE-2015-3107,2023-06-30,0.04095
CVE-2015-3107,2023-07-01,0.04095
CVE-2015-3107,2023-07-02,0.04095
CVE-2015-3107,2023-07-03,0.04095
CVE-2015-3107,2023-07-04,0.04095
CVE-2015-3107,2023-07-05,0.04095
CVE-2015-3107,2023-07-06,0.04095
CVE-2015-3107,2023-07-07,0.04095
CVE-2015-3107,2023-07-08,0.04095
CVE-2015-3107,2023-07-09,0.04667
CVE-2015-3107,2023-07-10,0.04667
CVE-2015-3107,2023-07-11,0.04667
CVE-2015-3107,2023-07-12,0.04667
CVE-2015-3107,2023-07-13,0.04667
CVE-2015-3107,2023-07-14,0.04667
CVE-2015-3107,2023-07-15,0.04667
CVE-2015-3107,2023-07-16,0.04667
CVE-2015-3107,2023-07-17,0.04667
CVE-2015-3107,2023-07-18,0.04667
CVE-2015-3107,2023-07-19,0.04667
CVE-2015-3107,2023-07-20,0.04667
CVE-2015-3107,2023-07-21,0.04667
CVE-2015-3107,2023-07-22,0.04667
CVE-2015-3107,2023-07-23,0.04667
CVE-2015-3107,2023-07-24,0.04667
CVE-2015-3107,2023-07-25,0.04667
CVE-2015-3107,2023-07-26,0.04667
CVE-2015-3107,2023-07-27,0.04667
CVE-2015-3107,2023-07-28,0.04667
CVE-2015-3107,2023-07-29,0.04667
CVE-2015-3107,2023-07-30,0.04667
CVE-2015-3107,2023-07-31,0.04667
CVE-2015-3107,2023-08-01,0.04667
CVE-2015-3107,2023-08-02,0.04667
CVE-2015-3107,2023-08-03,0.04667
CVE-2015-3107,2023-08-04,0.04667
CVE-2015-3107,2023-08-05,0.04667
CVE-2015-3107,2023-08-06,0.04667
CVE-2015-3107,2023-08-07,0.04667
CVE-2015-3107,2023-08-08,0.04667
CVE-2015-3107,2023-08-09,0.04667
CVE-2015-3107,2023-08-10,0.04667
CVE-2015-3107,2023-08-11,0.04667
CVE-2015-3107,2023-08-12,0.04667
CVE-2015-3107,2023-08-13,0.04667
CVE-2015-3107,2023-08-14,0.04667
CVE-2015-3107,2023-08-15,0.04667
CVE-2015-3107,2023-08-16,0.04667
CVE-2015-3107,2023-08-17,0.04667
CVE-2015-3107,2023-08-18,0.04667
CVE-2015-3107,2023-08-19,0.04667
CVE-2015-3107,2023-08-20,0.04667
CVE-2015-3107,2023-08-21,0.04667
CVE-2015-3107,2023-08-22,0.04667
CVE-2015-3107,2023-08-23,0.04667
CVE-2015-3107,2023-08-24,0.04667
CVE-2015-3107,2023-08-25,0.04667
CVE-2015-3107,2023-08-26,0.04667
CVE-2015-3107,2023-08-27,0.04667
CVE-2015-3107,2023-08-28,0.04667
CVE-2015-3107,2023-08-29,0.04667
CVE-2015-3107,2023-08-30,0.04667
CVE-2015-3107,2023-08-31,0.04667
CVE-2015-3107,2023-09-01,0.04667
CVE-2015-3107,2023-09-02,0.04667
CVE-2015-3107,2023-09-03,0.04667
CVE-2015-3107,2023-09-04,0.04667
CVE-2015-3107,2023-09-05,0.04667
CVE-2015-3107,2023-09-06,0.04667
CVE-2015-3107,2023-09-07,0.04667
CVE-2015-3107,2023-09-08,0.04667
CVE-2015-3107,2023-09-09,0.04667
CVE-2015-3107,2023-09-10,0.04667
CVE-2015-3107,2023-09-11,0.04667
CVE-2015-3107,2023-09-12,0.04667
CVE-2015-3107,2023-09-13,0.04667
CVE-2015-3107,2023-09-14,0.04667
CVE-2015-3107,2023-09-15,0.04667
CVE-2015-3107,2023-09-16,0.04667
CVE-2015-3107,2023-09-17,0.04667
CVE-2015-3107,2023-09-18,0.04667
CVE-2015-3107,2023-09-19,0.04667
CVE-2015-3107,2023-09-20,0.04667
CVE-2015-3107,2023-09-21,0.04667
CVE-2015-3107,2023-09-22,0.04667
CVE-2015-3107,2023-09-23,0.04667
CVE-2015-3107,2023-09-24,0.04667
CVE-2015-3107,2023-09-25,0.04667
CVE-2015-3107,2023-09-26,0.04667
CVE-2015-3107,2023-09-27,0.04667
CVE-2015-3107,2023-09-28,0.04667
CVE-2015-3107,2023-09-29,0.04667
CVE-2015-3107,2023-09-30,0.04667
CVE-2015-3107,2023-10-01,0.04667
CVE-2015-3107,2023-10-02,0.04667
CVE-2015-3107,2023-10-03,0.04667
CVE-2015-3107,2023-10-04,0.04667
CVE-2015-3107,2023-10-05,0.04667
CVE-2015-3107,2023-10-06,0.04667
CVE-2015-3107,2023-10-07,0.04667
CVE-2015-3107,2023-10-08,0.04667
CVE-2015-3107,2023-10-09,0.04667
CVE-2015-3107,2023-10-10,0.04667
CVE-2015-3107,2023-10-11,0.04667
CVE-2015-3107,2023-10-12,0.04667
CVE-2015-3107,2023-10-13,0.04667
CVE-2015-3107,2023-10-14,0.04667
CVE-2015-3107,2023-10-15,0.04667
CVE-2015-3107,2023-10-16,0.04667
CVE-2015-3107,2023-10-17,0.04667
CVE-2015-3107,2023-10-18,0.04667
CVE-2015-3107,2023-10-19,0.04667
CVE-2015-3107,2023-10-20,0.04667
CVE-2015-3107,2023-10-21,0.04667
CVE-2015-3107,2023-10-22,0.04667
CVE-2015-3107,2023-10-23,0.04667
CVE-2015-3107,2023-10-24,0.04667
CVE-2015-3107,2023-10-25,0.04667
CVE-2015-3107,2023-10-26,0.04667
CVE-2015-3107,2023-10-27,0.04667
CVE-2015-3107,2023-10-28,0.04667
CVE-2015-3107,2023-10-29,0.04667
CVE-2015-3107,2023-10-30,0.04667
CVE-2015-3107,2023-10-31,0.04667
CVE-2015-3107,2023-11-01,0.04667
CVE-2015-3107,2023-11-02,0.04667
CVE-2015-3107,2023-11-03,0.04667
CVE-2015-3107,2023-11-04,0.04667
CVE-2015-3107,2023-11-05,0.04667
CVE-2015-3107,2023-11-06,0.04667
CVE-2015-3107,2023-11-07,0.04667
CVE-2015-3107,2023-11-08,0.04667
CVE-2015-3107,2023-11-09,0.04667
CVE-2015-3107,2023-11-10,0.04667
CVE-2015-3107,2023-11-11,0.04667
CVE-2015-3107,2023-11-12,0.04667
CVE-2015-3107,2023-11-13,0.04667
CVE-2015-3107,2023-11-14,0.04667
CVE-2015-3107,2023-11-15,0.04667
CVE-2015-3107,2023-11-16,0.04667
CVE-2015-3107,2023-11-17,0.04667
CVE-2015-3107,2023-11-18,0.04667
CVE-2015-3107,2023-11-19,0.04667
CVE-2015-3107,2023-11-20,0.04667
CVE-2015-3107,2023-11-21,0.04667
CVE-2015-3107,2023-11-22,0.04667
CVE-2015-3107,2023-11-23,0.04667
CVE-2015-3107,2023-11-24,0.04667
CVE-2015-3107,2023-11-25,0.04667
CVE-2015-3107,2023-11-26,0.04667
CVE-2015-3107,2023-11-27,0.04667
CVE-2015-3107,2023-11-28,0.04667
CVE-2015-3107,2023-11-29,0.04667
CVE-2015-3107,2023-11-30,0.04667
CVE-2015-3107,2023-12-01,0.04667
CVE-2015-3107,2023-12-02,0.04667
CVE-2015-3107,2023-12-03,0.04667
CVE-2015-3107,2023-12-04,0.04667
CVE-2015-3107,2023-12-05,0.04667
CVE-2015-3107,2023-12-06,0.04667
CVE-2015-3107,2023-12-07,0.04667
CVE-2015-3107,2023-12-08,0.04667
CVE-2015-3107,2023-12-09,0.04667
CVE-2015-3107,2023-12-10,0.04667
CVE-2015-3107,2023-12-11,0.04667
CVE-2015-3107,2023-12-12,0.04667
CVE-2015-3107,2023-12-13,0.04667
CVE-2015-3107,2023-12-14,0.04667
CVE-2015-3107,2023-12-15,0.04667
CVE-2015-3107,2023-12-16,0.04667
CVE-2015-3107,2023-12-17,0.04667
CVE-2015-3107,2023-12-18,0.04667
CVE-2015-3107,2023-12-19,0.04667
CVE-2015-3107,2023-12-20,0.04667
CVE-2015-3107,2023-12-21,0.04667
CVE-2015-3107,2023-12-22,0.04667
CVE-2015-3107,2023-12-23,0.04667
CVE-2015-3107,2023-12-24,0.04667
CVE-2015-3107,2023-12-25,0.04667
CVE-2015-3107,2023-12-26,0.04667
CVE-2015-3107,2023-12-27,0.04667
CVE-2015-3107,2023-12-28,0.04667
CVE-2015-3107,2023-12-29,0.04667
CVE-2015-3107,2023-12-30,0.04667
CVE-2015-3107,2023-12-31,0.04667
CVE-2015-3107,2024-01-01,0.04667
CVE-2015-3107,2024-01-02,0.04667
CVE-2015-3107,2024-01-03,0.04667
CVE-2015-3107,2024-01-04,0.04667
CVE-2015-3107,2024-01-05,0.04667
CVE-2015-3107,2024-01-06,0.04667
CVE-2015-3107,2024-01-07,0.04667
CVE-2015-3107,2024-01-08,0.04667
CVE-2015-3107,2024-01-09,0.04667
CVE-2015-3107,2024-01-10,0.04667
CVE-2015-3107,2024-01-11,0.04667
CVE-2015-3107,2024-01-12,0.04667
CVE-2015-3107,2024-01-13,0.04667
CVE-2015-3107,2024-01-14,0.04667
CVE-2015-3107,2024-01-15,0.04667
CVE-2015-3107,2024-01-16,0.04667
CVE-2015-3107,2024-01-17,0.04667
CVE-2015-3107,2024-01-18,0.04667
CVE-2015-3107,2024-01-19,0.04667
CVE-2015-3107,2024-01-20,0.04667
CVE-2015-3107,2024-01-21,0.04667
CVE-2015-3107,2024-01-22,0.04667
CVE-2015-3107,2024-01-23,0.04667
CVE-2015-3107,2024-01-24,0.04667
CVE-2015-3107,2024-01-25,0.04667
CVE-2015-3107,2024-01-26,0.04667
CVE-2015-3107,2024-01-27,0.04667
CVE-2015-3107,2024-01-28,0.04667
CVE-2015-3107,2024-01-29,0.04667
CVE-2015-3107,2024-01-30,0.04667
CVE-2015-3107,2024-01-31,0.04667
CVE-2015-3107,2024-02-01,0.04667
CVE-2015-3107,2024-02-02,0.04667
CVE-2015-3107,2024-02-03,0.04667
CVE-2015-3107,2024-02-04,0.04667
CVE-2015-3107,2024-02-05,0.04667
CVE-2015-3107,2024-02-06,0.04667
CVE-2015-3107,2024-02-07,0.04667
CVE-2015-3107,2024-02-08,0.04667
CVE-2015-3107,2024-02-09,0.04667
CVE-2015-3107,2024-02-10,0.04667
CVE-2015-3107,2024-02-11,0.04667
CVE-2015-3107,2024-02-12,0.04667
CVE-2015-3107,2024-02-13,0.04667
CVE-2015-3107,2024-02-14,0.04667
CVE-2015-3107,2024-02-15,0.05222
CVE-2015-3107,2024-02-16,0.05222
CVE-2015-3107,2024-02-17,0.05222
CVE-2015-3107,2024-02-18,0.05222
CVE-2015-3107,2024-02-19,0.05222
CVE-2015-3107,2024-02-20,0.05222
CVE-2015-3107,2024-02-21,0.05222
CVE-2015-3107,2024-02-22,0.05222
CVE-2015-3107,2024-02-23,0.05222
CVE-2015-3107,2024-02-24,0.05222
CVE-2015-3107,2024-02-25,0.05222
CVE-2015-3107,2024-02-26,0.05222
CVE-2015-3107,2024-02-27,0.05222
CVE-2015-3107,2024-02-28,0.05222
CVE-2015-3107,2024-02-29,0.05222
CVE-2015-3107,2024-03-01,0.05222
CVE-2015-3107,2024-03-02,0.05222
CVE-2015-3107,2024-03-03,0.05222
CVE-2015-3107,2024-03-04,0.05222
CVE-2015-3107,2024-03-05,0.05222
CVE-2015-3107,2024-03-06,0.05222
CVE-2015-3107,2024-03-07,0.05222
CVE-2015-3107,2024-03-08,0.05222
CVE-2015-3107,2024-03-09,0.05222
CVE-2015-3107,2024-03-10,0.05222
CVE-2015-3107,2024-03-11,0.05222
CVE-2015-3107,2024-03-12,0.05222
CVE-2015-3107,2024-03-13,0.05222
CVE-2015-3107,2024-03-14,0.05222
CVE-2015-3107,2024-03-15,0.05222
CVE-2015-3107,2024-03-16,0.05222
CVE-2015-3107,2024-03-17,0.05222
CVE-2015-3107,2024-03-18,0.05222
CVE-2015-3107,2024-03-19,0.05222
CVE-2015-3107,2024-03-20,0.05222
CVE-2015-3107,2024-03-21,0.05222
CVE-2015-3107,2024-03-22,0.05222
CVE-2015-3107,2024-03-23,0.05222
CVE-2015-3107,2024-03-24,0.05222
CVE-2015-3107,2024-03-25,0.05222
CVE-2015-3107,2024-03-26,0.05222
CVE-2015-3107,2024-03-27,0.05222
CVE-2015-3107,2024-03-28,0.05222
CVE-2015-3107,2024-03-29,0.05222
CVE-2015-3107,2024-03-30,0.05222
CVE-2015-3107,2024-03-31,0.05222
CVE-2015-3107,2024-04-01,0.05222
CVE-2015-3107,2024-04-02,0.05222
CVE-2015-3107,2024-04-03,0.05222
CVE-2015-3107,2024-04-04,0.05222
CVE-2015-3107,2024-04-05,0.05222
CVE-2015-3107,2024-04-06,0.05222
CVE-2015-3107,2024-04-07,0.05222
CVE-2015-3107,2024-04-08,0.05222
CVE-2015-3107,2024-04-09,0.05222
CVE-2015-3107,2024-04-10,0.05222
CVE-2015-3107,2024-04-11,0.05222
CVE-2015-3107,2024-04-12,0.05222
CVE-2015-3107,2024-04-13,0.05222
CVE-2015-3107,2024-04-14,0.05222
CVE-2015-3107,2024-04-15,0.05222
CVE-2015-3107,2024-04-16,0.05222
CVE-2015-3107,2024-04-17,0.05222
CVE-2015-3107,2024-04-18,0.05222
CVE-2015-3107,2024-04-19,0.05222
CVE-2015-3107,2024-04-20,0.05222
CVE-2015-3107,2024-04-21,0.05222
CVE-2015-3107,2024-04-22,0.05222
CVE-2015-3107,2024-04-23,0.05222
CVE-2015-3107,2024-04-24,0.05222
CVE-2015-3107,2024-04-25,0.05222
CVE-2015-3107,2024-04-26,0.05222
CVE-2015-3107,2024-04-27,0.05222
CVE-2015-3107,2024-04-28,0.05222
CVE-2015-3107,2024-04-29,0.05222
CVE-2015-3107,2024-04-30,0.05222
CVE-2015-3107,2024-05-01,0.05222
CVE-2015-3107,2024-05-02,0.05222
CVE-2015-3107,2024-05-03,0.05222
CVE-2015-3107,2024-05-04,0.05222
CVE-2015-3107,2024-05-05,0.05222
CVE-2015-3107,2024-05-06,0.05222
CVE-2015-3107,2024-05-07,0.05222
CVE-2015-3107,2024-05-08,0.05222
CVE-2015-3107,2024-05-09,0.05222
CVE-2015-3107,2024-05-10,0.05222
CVE-2015-3107,2024-05-11,0.05222
CVE-2015-3107,2024-05-12,0.05222
CVE-2015-3107,2024-05-13,0.05222
CVE-2015-3107,2024-05-14,0.05222
CVE-2015-3107,2024-05-15,0.05222
CVE-2015-3107,2024-05-16,0.05222
CVE-2015-3107,2024-05-17,0.05222
CVE-2015-3107,2024-05-18,0.05222
CVE-2015-3107,2024-05-19,0.05222
CVE-2015-3107,2024-05-20,0.05222
CVE-2015-3107,2024-05-21,0.05222
CVE-2015-3107,2024-05-22,0.05222
CVE-2015-3107,2024-05-23,0.05222
CVE-2015-3107,2024-05-24,0.05222
CVE-2015-3107,2024-05-25,0.05222
CVE-2015-3107,2024-05-26,0.05222
CVE-2015-3107,2024-05-27,0.05222
CVE-2015-3107,2024-05-28,0.05222
CVE-2015-3107,2024-05-29,0.05222
CVE-2015-3107,2024-05-30,0.05222
CVE-2015-3107,2024-05-31,0.05222
CVE-2015-3107,2024-06-01,0.05222
CVE-2015-3107,2024-06-02,0.05222
CVE-2015-3107,2024-06-03,0.05222
CVE-2015-3107,2024-06-04,0.05222
CVE-2015-3107,2024-06-05,0.05222
CVE-2015-3107,2024-06-06,0.05222
CVE-2015-3107,2024-06-07,0.05222
CVE-2015-3107,2024-06-08,0.05222
CVE-2015-3107,2024-06-09,0.05222
CVE-2015-3107,2024-06-10,0.05222
CVE-2015-3107,2024-06-11,0.05222
CVE-2015-3107,2024-06-12,0.05222
CVE-2015-3107,2024-06-13,0.05222
CVE-2015-3107,2024-06-14,0.05222
CVE-2015-3107,2024-06-15,0.05222
CVE-2015-3107,2024-06-16,0.05222
CVE-2015-3107,2024-06-17,0.05222
CVE-2015-3107,2024-06-18,0.05222
CVE-2015-3107,2024-06-19,0.05222
CVE-2015-3107,2024-06-20,0.05222
CVE-2015-3107,2024-06-21,0.05222
CVE-2015-3107,2024-06-22,0.05222
CVE-2015-3107,2024-06-23,0.05222
CVE-2015-3107,2024-06-24,0.05222
CVE-2015-3107,2024-06-25,0.05222
CVE-2015-3107,2024-06-26,0.05222
CVE-2015-3107,2024-06-27,0.05222
CVE-2015-3107,2024-06-28,0.05222
CVE-2015-3107,2024-06-29,0.05222
CVE-2015-3107,2024-06-30,0.05222
CVE-2015-3107,2024-07-01,0.05222
CVE-2015-3107,2024-07-02,0.05222
CVE-2015-3107,2024-07-03,0.05222
CVE-2015-3107,2024-07-04,0.05222
CVE-2015-3107,2024-07-05,0.05222
CVE-2015-3107,2024-07-06,0.05222
CVE-2015-3107,2024-07-07,0.05222
CVE-2015-3107,2024-07-08,0.05222
CVE-2015-3107,2024-07-09,0.05222
CVE-2015-3107,2024-07-10,0.05222
CVE-2015-3107,2024-07-11,0.05222
CVE-2015-3107,2024-07-12,0.05222
CVE-2015-3107,2024-07-13,0.05222
CVE-2015-3107,2024-07-14,0.05222
CVE-2015-3107,2024-07-15,0.05222
CVE-2015-3107,2024-07-16,0.05222
CVE-2015-3107,2024-07-17,0.05222
CVE-2015-3107,2024-07-18,0.05222
CVE-2015-3107,2024-07-19,0.05222
CVE-2015-3107,2024-07-20,0.05222
CVE-2015-3107,2024-07-21,0.05222
CVE-2015-3107,2024-07-22,0.05222
CVE-2015-3107,2024-07-23,0.05222
CVE-2015-3107,2024-07-24,0.05222
CVE-2015-3107,2024-07-25,0.05222
CVE-2015-3107,2024-07-26,0.05222
CVE-2015-3107,2024-07-27,0.05222
CVE-2015-3107,2024-07-28,0.05222
CVE-2015-3107,2024-07-29,0.05222
CVE-2015-3107,2024-07-30,0.05222
CVE-2015-3107,2024-07-31,0.05222
CVE-2015-3107,2024-08-01,0.05222
CVE-2015-3107,2024-08-02,0.05222
CVE-2015-3107,2024-08-03,0.05222
CVE-2015-3107,2024-08-04,0.05222
CVE-2015-3107,2024-08-05,0.05222
CVE-2015-3107,2024-08-06,0.05222
CVE-2015-3107,2024-08-07,0.05222
CVE-2015-3107,2024-08-08,0.05222
CVE-2015-3107,2024-08-09,0.05222
CVE-2015-3107,2024-08-10,0.05222
CVE-2015-3107,2024-08-11,0.05222
CVE-2015-3107,2024-08-12,0.05222
CVE-2015-3107,2024-08-13,0.05222
CVE-2015-3107,2024-08-14,0.05222
CVE-2015-3107,2024-08-15,0.05222
CVE-2015-3107,2024-08-16,0.05222
CVE-2015-3107,2024-08-17,0.05222
CVE-2015-3107,2024-08-18,0.05222
CVE-2015-3107,2024-08-19,0.05222
CVE-2015-3107,2024-08-20,0.05222
CVE-2015-3107,2024-08-21,0.05222
CVE-2015-3107,2024-08-22,0.05222
CVE-2015-3107,2024-08-23,0.05222
CVE-2015-3107,2024-08-24,0.05222
CVE-2015-3107,2024-08-25,0.05222
CVE-2015-3107,2024-08-26,0.05222
CVE-2015-3107,2024-08-27,0.05222
CVE-2015-3107,2024-08-28,0.05222
CVE-2015-3107,2024-08-29,0.05222
CVE-2015-3107,2024-08-30,0.05222
CVE-2015-3107,2024-08-31,0.05222
CVE-2015-3107,2024-09-01,0.05222
CVE-2015-3107,2024-09-02,0.05222
CVE-2015-3107,2024-09-03,0.05222
CVE-2015-3107,2024-09-04,0.05222
CVE-2015-3107,2024-09-05,0.05222
CVE-2015-3107,2024-09-06,0.05222
CVE-2015-3107,2024-09-07,0.05222
CVE-2015-3107,2024-09-08,0.05222
CVE-2015-3107,2024-09-09,0.05222
CVE-2015-3107,2024-09-10,0.05222
CVE-2015-3107,2024-09-11,0.05222
CVE-2015-3107,2024-09-12,0.05222
CVE-2015-3107,2024-09-13,0.05222
CVE-2015-3107,2024-09-14,0.05222
CVE-2015-3107,2024-09-15,0.05222
CVE-2015-3107,2024-09-16,0.05222
CVE-2015-3107,2024-09-17,0.05222
CVE-2015-3107,2024-09-18,0.05222
CVE-2015-3107,2024-09-19,0.05222
CVE-2015-3107,2024-09-20,0.05222
CVE-2015-3107,2024-09-21,0.05222
CVE-2015-3107,2024-09-22,0.05222
CVE-2015-3107,2024-09-23,0.05222
CVE-2015-3107,2024-09-24,0.05222
CVE-2015-3107,2024-09-25,0.05222
CVE-2015-3107,2024-09-26,0.05222
CVE-2015-3107,2024-09-27,0.05222
CVE-2015-3107,2024-09-28,0.05222
CVE-2015-3107,2024-09-29,0.05222
CVE-2015-3107,2024-09-30,0.05222
CVE-2015-3107,2024-10-01,0.05222
CVE-2015-3107,2024-10-02,0.05222
CVE-2015-3107,2024-10-03,0.05222
CVE-2015-3107,2024-10-04,0.05222
CVE-2015-3107,2024-10-05,0.05222
CVE-2015-3107,2024-10-06,0.05222
CVE-2015-3107,2024-10-07,0.05222
CVE-2015-3107,2024-10-08,0.05222
CVE-2015-3107,2024-10-09,0.05222
CVE-2015-3107,2024-10-10,0.05222
CVE-2015-3107,2024-10-11,0.05222
CVE-2015-3107,2024-10-12,0.05222
CVE-2015-3107,2024-10-13,0.05222
CVE-2015-3107,2024-10-14,0.05222
CVE-2015-3107,2024-10-15,0.05222
CVE-2015-3107,2024-10-16,0.05222
CVE-2015-3107,2024-10-17,0.05222
CVE-2015-3107,2024-10-18,0.05222
CVE-2015-3107,2024-10-19,0.05222
CVE-2015-3107,2024-10-20,0.05222
CVE-2015-3107,2024-10-21,0.05222
CVE-2015-3107,2024-10-22,0.05222
CVE-2015-3107,2024-10-23,0.05222
CVE-2015-3107,2024-10-24,0.05222
CVE-2015-3107,2024-10-25,0.05222
CVE-2015-3107,2024-10-26,0.05222
CVE-2015-3107,2024-10-27,0.05222
CVE-2015-3107,2024-10-28,0.05222
CVE-2015-3107,2024-10-29,0.05222
CVE-2015-3107,2024-10-30,0.05222
CVE-2015-3107,2024-10-31,0.05222
CVE-2015-3107,2024-11-01,0.05222
CVE-2015-3107,2024-11-02,0.05222
CVE-2015-3107,2024-11-03,0.05222
CVE-2015-3107,2024-11-04,0.05222
CVE-2015-3107,2024-11-05,0.05222
CVE-2015-3107,2024-11-06,0.05222
CVE-2015-3107,2024-11-07,0.05222
CVE-2015-3107,2024-11-08,0.05222
CVE-2015-3107,2024-11-09,0.05222
CVE-2015-3107,2024-11-10,0.05222
CVE-2015-3107,2024-11-11,0.05222
CVE-2015-3107,2024-11-12,0.05222
CVE-2015-3107,2024-11-13,0.05222
CVE-2015-3107,2024-11-14,0.05222
CVE-2015-3107,2024-11-15,0.05222
CVE-2015-3107,2024-11-16,0.05222
CVE-2015-3107,2024-11-17,0.05222
CVE-2015-3107,2024-11-18,0.05222
CVE-2015-3107,2024-11-19,0.05222
CVE-2015-3107,2024-11-20,0.05222
CVE-2015-3107,2024-11-21,0.05222
CVE-2015-3107,2024-11-22,0.05222
CVE-2015-3107,2024-11-23,0.05222
CVE-2015-3107,2024-11-24,0.05222
CVE-2015-3107,2024-11-25,0.05222
CVE-2015-3107,2024-11-26,0.05222
CVE-2015-3107,2024-11-27,0.05222
CVE-2015-3107,2024-11-28,0.05222
CVE-2015-3107,2024-11-29,0.05222
CVE-2015-3107,2024-11-30,0.05222
CVE-2015-3107,2024-12-02,0.05222
CVE-2015-3107,2024-12-03,0.05222
CVE-2015-3107,2024-12-04,0.04501
CVE-2015-3107,2024-12-05,0.04501
CVE-2015-3107,2024-12-06,0.04501
CVE-2015-3107,2024-12-07,0.04501
CVE-2015-3107,2024-12-08,0.04501
CVE-2015-3107,2024-12-09,0.04501
CVE-2015-3107,2024-12-10,0.04501
CVE-2015-3107,2024-12-11,0.04501
CVE-2015-3107,2024-12-12,0.04501
CVE-2015-3107,2024-12-13,0.04501
CVE-2015-3107,2024-12-14,0.04501
CVE-2015-3107,2024-12-15,0.04501
CVE-2015-3107,2024-12-16,0.04501
CVE-2015-3107,2024-12-17,0.02691
CVE-2015-3107,2024-12-18,0.02691
CVE-2015-3107,2024-12-19,0.02691
CVE-2015-3107,2024-12-20,0.02691
CVE-2015-3107,2024-12-21,0.02691
CVE-2015-3107,2024-12-22,0.02691
CVE-2015-3107,2024-12-23,0.02691
CVE-2015-3107,2024-12-24,0.02691
CVE-2015-3107,2024-12-25,0.02691
CVE-2015-3107,2024-12-26,0.02691
CVE-2015-3107,2024-12-27,0.02691
CVE-2015-3107,2024-12-28,0.02691
CVE-2015-3107,2024-12-29,0.02691
CVE-2015-3107,2024-12-30,0.02691
CVE-2015-3107,2024-12-31,0.02691
CVE-2015-3107,2025-01-01,0.02691
CVE-2015-3107,2025-01-02,0.02691
CVE-2015-3107,2025-01-03,0.02691
CVE-2015-3107,2025-01-04,0.02691
CVE-2015-3107,2025-01-05,0.02691
CVE-2015-3107,2025-01-06,0.02691
CVE-2015-3107,2025-01-07,0.02691
CVE-2015-3107,2025-01-08,0.02691
CVE-2015-3107,2025-01-09,0.02691
CVE-2015-3107,2025-01-10,0.02691
CVE-2015-3107,2025-01-11,0.02691
CVE-2015-3107,2025-01-12,0.02691
CVE-2015-3107,2025-01-13,0.02691
CVE-2015-3107,2025-01-14,0.02691
CVE-2015-3107,2025-01-15,0.02691
CVE-2015-3107,2025-01-16,0.02691
CVE-2015-3107,2025-01-17,0.02691
CVE-2015-3107,2025-01-18,0.02691
CVE-2015-3107,2025-01-19,0.02691
CVE-2015-3107,2025-01-20,0.02691
CVE-2015-3107,2025-01-21,0.02691
CVE-2015-3107,2025-01-22,0.02691
CVE-2015-3107,2025-01-23,0.02691
CVE-2015-3107,2025-01-24,0.02691
CVE-2015-3107,2025-01-25,0.02691
CVE-2015-3107,2025-01-26,0.02691
CVE-2015-3107,2025-01-27,0.02691
CVE-2015-3107,2025-01-28,0.02691
CVE-2015-3107,2025-01-29,0.02691
CVE-2015-3107,2025-01-30,0.02691
CVE-2015-3107,2025-01-31,0.02691
CVE-2015-3107,2025-02-01,0.02691
CVE-2015-3107,2025-02-02,0.02691
CVE-2015-3107,2025-02-03,0.02691
CVE-2015-3107,2025-02-04,0.02691
CVE-2015-3107,2025-02-05,0.02691
CVE-2015-3107,2025-02-06,0.02691
CVE-2015-3107,2025-02-07,0.02691
CVE-2015-3107,2025-02-08,0.02691
CVE-2015-3107,2025-02-09,0.02691
CVE-2015-3107,2025-02-10,0.02691
CVE-2015-3107,2025-02-11,0.02691
CVE-2015-3107,2025-02-12,0.02691
CVE-2015-3107,2025-02-13,0.02691
CVE-2015-3107,2025-02-14,0.02691
CVE-2015-3107,2025-02-15,0.02691
CVE-2015-3107,2025-02-16,0.02691
CVE-2015-3107,2025-02-17,0.02691
CVE-2015-3107,2025-02-18,0.02691
CVE-2015-3107,2025-02-19,0.02691
CVE-2015-3107,2025-02-20,0.02691
CVE-2015-3107,2025-02-21,0.02691
CVE-2015-3107,2025-02-22,0.02691
CVE-2015-3107,2025-02-23,0.02691
CVE-2015-3107,2025-02-24,0.02691
CVE-2015-3107,2025-02-25,0.02691
CVE-2015-3107,2025-02-26,0.02691
CVE-2015-3107,2025-02-27,0.02691
CVE-2015-3107,2025-02-28,0.02691
CVE-2015-3107,2025-03-01,0.02691
CVE-2015-3107,2025-03-02,0.02691
CVE-2015-3107,2025-03-03,0.02691
CVE-2015-3107,2025-03-04,0.02691
CVE-2015-3107,2025-03-05,0.02691
CVE-2015-3107,2025-03-06,0.02691
CVE-2015-3107,2025-03-07,0.02691
CVE-2015-3107,2025-03-08,0.02691
CVE-2015-3107,2025-03-09,0.02691
CVE-2015-3107,2025-03-10,0.02691
CVE-2015-3107,2025-03-11,0.02691
CVE-2015-3107,2025-03-12,0.02691
CVE-2022-22536,2022-02-10,0.00885
CVE-2022-22536,2022-02-11,0.00885
CVE-2022-22536,2022-02-12,0.00885
CVE-2022-22536,2022-02-13,0.00885
CVE-2022-22536,2022-02-14,0.00885
CVE-2022-22536,2022-02-15,0.00885
CVE-2022-22536,2022-02-16,0.10855
CVE-2022-22536,2022-02-17,0.10855
CVE-2022-22536,2022-02-18,0.10855
CVE-2022-22536,2022-02-19,0.10855
CVE-2022-22536,2022-02-20,0.10855
CVE-2022-22536,2022-02-21,0.10855
CVE-2022-22536,2022-02-22,0.10855
CVE-2022-22536,2022-02-23,0.10855
CVE-2022-22536,2022-02-24,0.10855
CVE-2022-22536,2022-02-25,0.10855
CVE-2022-22536,2022-02-26,0.10855
CVE-2022-22536,2022-02-27,0.10855
CVE-2022-22536,2022-02-28,0.10855
CVE-2022-22536,2022-03-01,0.10855
CVE-2022-22536,2022-03-02,0.10855
CVE-2022-22536,2022-03-03,0.10855
CVE-2022-22536,2022-03-04,0.19548
CVE-2022-22536,2022-03-05,0.19548
CVE-2022-22536,2022-03-06,0.19548
CVE-2022-22536,2022-03-07,0.19548
CVE-2022-22536,2022-03-08,0.19548
CVE-2022-22536,2022-03-09,0.19548
CVE-2022-22536,2022-03-10,0.19548
CVE-2022-22536,2022-03-11,0.19548
CVE-2022-22536,2022-03-12,0.19548
CVE-2022-22536,2022-03-13,0.19548
CVE-2022-22536,2022-03-14,0.19548
CVE-2022-22536,2022-03-15,0.19548
CVE-2022-22536,2022-03-16,0.19548
CVE-2022-22536,2022-03-17,0.19548
CVE-2022-22536,2022-03-18,0.19548
CVE-2022-22536,2022-03-19,0.19548
CVE-2022-22536,2022-03-20,0.19548
CVE-2022-22536,2022-03-21,0.19548
CVE-2022-22536,2022-03-22,0.19548
CVE-2022-22536,2022-03-23,0.19548
CVE-2022-22536,2022-03-24,0.19548
CVE-2022-22536,2022-03-25,0.19548
CVE-2022-22536,2022-03-26,0.19548
CVE-2022-22536,2022-03-27,0.19548
CVE-2022-22536,2022-03-28,0.19548
CVE-2022-22536,2022-03-29,0.19548
CVE-2022-22536,2022-03-30,0.19548
CVE-2022-22536,2022-03-31,0.19548
CVE-2022-22536,2022-04-01,0.19548
CVE-2022-22536,2022-04-02,0.19548
CVE-2022-22536,2022-04-03,0.19548
CVE-2022-22536,2022-04-04,0.19548
CVE-2022-22536,2022-04-05,0.19548
CVE-2022-22536,2022-04-06,0.19548
CVE-2022-22536,2022-04-07,0.19548
CVE-2022-22536,2022-04-08,0.19548
CVE-2022-22536,2022-04-09,0.19548
CVE-2022-22536,2022-04-10,0.19548
CVE-2022-22536,2022-04-11,0.19548
CVE-2022-22536,2022-04-12,0.19548
CVE-2022-22536,2022-04-13,0.19548
CVE-2022-22536,2022-04-14,0.19548
CVE-2022-22536,2022-04-15,0.19548
CVE-2022-22536,2022-04-16,0.19548
CVE-2022-22536,2022-04-17,0.19548
CVE-2022-22536,2022-04-18,0.19548
CVE-2022-22536,2022-04-19,0.19548
CVE-2022-22536,2022-04-20,0.19548
CVE-2022-22536,2022-04-21,0.19548
CVE-2022-22536,2022-04-22,0.19548
CVE-2022-22536,2022-04-23,0.19548
CVE-2022-22536,2022-04-24,0.19548
CVE-2022-22536,2022-04-25,0.19548
CVE-2022-22536,2022-04-26,0.19548
CVE-2022-22536,2022-04-27,0.19548
CVE-2022-22536,2022-04-28,0.19548
CVE-2022-22536,2022-04-29,0.19548
CVE-2022-22536,2022-04-30,0.19548
CVE-2022-22536,2022-05-01,0.19548
CVE-2022-22536,2022-05-02,0.19548
CVE-2022-22536,2022-05-03,0.19548
CVE-2022-22536,2022-05-04,0.19548
CVE-2022-22536,2022-05-05,0.19548
CVE-2022-22536,2022-05-06,0.19548
CVE-2022-22536,2022-05-07,0.19548
CVE-2022-22536,2022-05-08,0.19548
CVE-2022-22536,2022-05-09,0.19548
CVE-2022-22536,2022-05-10,0.19548
CVE-2022-22536,2022-05-11,0.19548
CVE-2022-22536,2022-05-12,0.19548
CVE-2022-22536,2022-05-13,0.19548
CVE-2022-22536,2022-05-14,0.19548
CVE-2022-22536,2022-05-15,0.19548
CVE-2022-22536,2022-05-16,0.19548
CVE-2022-22536,2022-05-17,0.19548
CVE-2022-22536,2022-05-18,0.19548
CVE-2022-22536,2022-05-19,0.19548
CVE-2022-22536,2022-05-20,0.19548
CVE-2022-22536,2022-05-21,0.19548
CVE-2022-22536,2022-05-22,0.19548
CVE-2022-22536,2022-05-23,0.19548
CVE-2022-22536,2022-05-24,0.19548
CVE-2022-22536,2022-05-25,0.19548
CVE-2022-22536,2022-05-26,0.19548
CVE-2022-22536,2022-05-27,0.19548
CVE-2022-22536,2022-05-28,0.19548
CVE-2022-22536,2022-05-29,0.19548
CVE-2022-22536,2022-05-30,0.19548
CVE-2022-22536,2022-05-31,0.19548
CVE-2022-22536,2022-06-01,0.19548
CVE-2022-22536,2022-06-02,0.19548
CVE-2022-22536,2022-06-03,0.19548
CVE-2022-22536,2022-06-04,0.19548
CVE-2022-22536,2022-06-05,0.19548
CVE-2022-22536,2022-06-06,0.19548
CVE-2022-22536,2022-06-07,0.19548
CVE-2022-22536,2022-06-08,0.19548
CVE-2022-22536,2022-06-09,0.19548
CVE-2022-22536,2022-06-10,0.19548
CVE-2022-22536,2022-06-11,0.19548
CVE-2022-22536,2022-06-12,0.19548
CVE-2022-22536,2022-06-13,0.19548
CVE-2022-22536,2022-06-14,0.19548
CVE-2022-22536,2022-06-15,0.19548
CVE-2022-22536,2022-06-16,0.19548
CVE-2022-22536,2022-06-17,0.19548
CVE-2022-22536,2022-06-18,0.19548
CVE-2022-22536,2022-06-19,0.19548
CVE-2022-22536,2022-06-20,0.19548
CVE-2022-22536,2022-06-21,0.19548
CVE-2022-22536,2022-06-22,0.19548
CVE-2022-22536,2022-06-23,0.19548
CVE-2022-22536,2022-06-24,0.19548
CVE-2022-22536,2022-06-25,0.19548
CVE-2022-22536,2022-06-26,0.19548
CVE-2022-22536,2022-06-27,0.19548
CVE-2022-22536,2022-06-28,0.19548
CVE-2022-22536,2022-06-29,0.19548
CVE-2022-22536,2022-06-30,0.19548
CVE-2022-22536,2022-07-01,0.19548
CVE-2022-22536,2022-07-02,0.19548
CVE-2022-22536,2022-07-03,0.19548
CVE-2022-22536,2022-07-04,0.19548
CVE-2022-22536,2022-07-05,0.19548
CVE-2022-22536,2022-07-06,0.19548
CVE-2022-22536,2022-07-07,0.19548
CVE-2022-22536,2022-07-08,0.19548
CVE-2022-22536,2022-07-09,0.19548
CVE-2022-22536,2022-07-10,0.19548
CVE-2022-22536,2022-07-11,0.19548
CVE-2022-22536,2022-07-12,0.19548
CVE-2022-22536,2022-07-13,0.19548
CVE-2022-22536,2022-07-15,0.19548
CVE-2022-22536,2022-07-16,0.19548
CVE-2022-22536,2022-07-17,0.19548
CVE-2022-22536,2022-07-18,0.19548
CVE-2022-22536,2022-07-19,0.19548
CVE-2022-22536,2022-07-20,0.19548
CVE-2022-22536,2022-07-21,0.19548
CVE-2022-22536,2022-07-22,0.19548
CVE-2022-22536,2022-07-23,0.19548
CVE-2022-22536,2022-07-24,0.19548
CVE-2022-22536,2022-07-25,0.19548
CVE-2022-22536,2022-07-26,0.19548
CVE-2022-22536,2022-07-27,0.19548
CVE-2022-22536,2022-07-28,0.19548
CVE-2022-22536,2022-07-29,0.19548
CVE-2022-22536,2022-07-30,0.19548
CVE-2022-22536,2022-07-31,0.19548
CVE-2022-22536,2022-08-01,0.19548
CVE-2022-22536,2022-08-02,0.19548
CVE-2022-22536,2022-08-03,0.19548
CVE-2022-22536,2022-08-04,0.19548
CVE-2022-22536,2022-08-05,0.19548
CVE-2022-22536,2022-08-06,0.19548
CVE-2022-22536,2022-08-07,0.19548
CVE-2022-22536,2022-08-08,0.19548
CVE-2022-22536,2022-08-09,0.19548
CVE-2022-22536,2022-08-10,0.19548
CVE-2022-22536,2022-08-11,0.19548
CVE-2022-22536,2022-08-12,0.19548
CVE-2022-22536,2022-08-13,0.19548
CVE-2022-22536,2022-08-14,0.19548
CVE-2022-22536,2022-08-15,0.19548
CVE-2022-22536,2022-08-16,0.19548
CVE-2022-22536,2022-08-17,0.19548
CVE-2022-22536,2022-08-18,0.19548
CVE-2022-22536,2022-08-19,0.19548
CVE-2022-22536,2022-08-20,0.19548
CVE-2022-22536,2022-08-21,0.19548
CVE-2022-22536,2022-08-22,0.19548
CVE-2022-22536,2022-08-23,0.19548
CVE-2022-22536,2022-08-24,0.19548
CVE-2022-22536,2022-08-25,0.19548
CVE-2022-22536,2022-08-26,0.19548
CVE-2022-22536,2022-08-27,0.19548
CVE-2022-22536,2022-08-28,0.19548
CVE-2022-22536,2022-08-29,0.19548
CVE-2022-22536,2022-08-30,0.19548
CVE-2022-22536,2022-08-31,0.19548
CVE-2022-22536,2022-09-01,0.19548
CVE-2022-22536,2022-09-02,0.19548
CVE-2022-22536,2022-09-03,0.19548
CVE-2022-22536,2022-09-04,0.19548
CVE-2022-22536,2022-09-05,0.19548
CVE-2022-22536,2022-09-06,0.19548
CVE-2022-22536,2022-09-07,0.19548
CVE-2022-22536,2022-09-08,0.19548
CVE-2022-22536,2022-09-09,0.19548
CVE-2022-22536,2022-09-10,0.19548
CVE-2022-22536,2022-09-11,0.19548
CVE-2022-22536,2022-09-12,0.19548
CVE-2022-22536,2022-09-13,0.19548
CVE-2022-22536,2022-09-14,0.19548
CVE-2022-22536,2022-09-15,0.19548
CVE-2022-22536,2022-09-16,0.19548
CVE-2022-22536,2022-09-17,0.19548
CVE-2022-22536,2022-09-18,0.19548
CVE-2022-22536,2022-09-19,0.19548
CVE-2022-22536,2022-09-20,0.19548
CVE-2022-22536,2022-09-21,0.19548
CVE-2022-22536,2022-09-22,0.19548
CVE-2022-22536,2022-09-23,0.19548
CVE-2022-22536,2022-09-24,0.19548
CVE-2022-22536,2022-09-25,0.19548
CVE-2022-22536,2022-09-26,0.19548
CVE-2022-22536,2022-09-27,0.19548
CVE-2022-22536,2022-09-28,0.19548
CVE-2022-22536,2022-09-29,0.19548
CVE-2022-22536,2022-09-30,0.19548
CVE-2022-22536,2022-10-01,0.19548
CVE-2022-22536,2022-10-02,0.19548
CVE-2022-22536,2022-10-03,0.19548
CVE-2022-22536,2022-10-04,0.19548
CVE-2022-22536,2022-10-05,0.19548
CVE-2022-22536,2022-10-06,0.19548
CVE-2022-22536,2022-10-07,0.19548
CVE-2022-22536,2022-10-08,0.19548
CVE-2022-22536,2022-10-09,0.19548
CVE-2022-22536,2022-10-10,0.19548
CVE-2022-22536,2022-10-11,0.19548
CVE-2022-22536,2022-10-12,0.19548
CVE-2022-22536,2022-10-13,0.19548
CVE-2022-22536,2022-10-14,0.19548
CVE-2022-22536,2022-10-15,0.19548
CVE-2022-22536,2022-10-16,0.19548
CVE-2022-22536,2022-10-17,0.19548
CVE-2022-22536,2022-10-18,0.19548
CVE-2022-22536,2022-10-19,0.19548
CVE-2022-22536,2022-10-20,0.19548
CVE-2022-22536,2022-10-21,0.19548
CVE-2022-22536,2022-10-22,0.19548
CVE-2022-22536,2022-10-23,0.19548
CVE-2022-22536,2022-10-24,0.19548
CVE-2022-22536,2022-10-25,0.19548
CVE-2022-22536,2022-10-26,0.19548
CVE-2022-22536,2022-10-27,0.19548
CVE-2022-22536,2022-10-28,0.19548
CVE-2022-22536,2022-10-29,0.19548
CVE-2022-22536,2022-10-30,0.19548
CVE-2022-22536,2022-10-31,0.19548
CVE-2022-22536,2022-11-01,0.19548
CVE-2022-22536,2022-11-02,0.19548
CVE-2022-22536,2022-11-03,0.19548
CVE-2022-22536,2022-11-04,0.19548
CVE-2022-22536,2022-11-05,0.19548
CVE-2022-22536,2022-11-06,0.19548
CVE-2022-22536,2022-11-07,0.19548
CVE-2022-22536,2022-11-08,0.19548
CVE-2022-22536,2022-11-09,0.19548
CVE-2022-22536,2022-11-10,0.19548
CVE-2022-22536,2022-11-11,0.19548
CVE-2022-22536,2022-11-12,0.19548
CVE-2022-22536,2022-11-13,0.19548
CVE-2022-22536,2022-11-14,0.19548
CVE-2022-22536,2022-11-15,0.19548
CVE-2022-22536,2022-11-16,0.19548
CVE-2022-22536,2022-11-17,0.19548
CVE-2022-22536,2022-11-18,0.19548
CVE-2022-22536,2022-11-19,0.19548
CVE-2022-22536,2022-11-20,0.19548
CVE-2022-22536,2022-11-21,0.19548
CVE-2022-22536,2022-11-22,0.19548
CVE-2022-22536,2022-11-23,0.19548
CVE-2022-22536,2022-11-24,0.19548
CVE-2022-22536,2022-11-25,0.19548
CVE-2022-22536,2022-11-26,0.19548
CVE-2022-22536,2022-11-27,0.19548
CVE-2022-22536,2022-11-28,0.19548
CVE-2022-22536,2022-11-29,0.19548
CVE-2022-22536,2022-11-30,0.19548
CVE-2022-22536,2022-12-01,0.19548
CVE-2022-22536,2022-12-02,0.19548
CVE-2022-22536,2022-12-03,0.19548
CVE-2022-22536,2022-12-04,0.19548
CVE-2022-22536,2022-12-05,0.19548
CVE-2022-22536,2022-12-06,0.19548
CVE-2022-22536,2022-12-07,0.19548
CVE-2022-22536,2022-12-08,0.19548
CVE-2022-22536,2022-12-09,0.19548
CVE-2022-22536,2022-12-10,0.19548
CVE-2022-22536,2022-12-11,0.19548
CVE-2022-22536,2022-12-12,0.19548
CVE-2022-22536,2022-12-13,0.19548
CVE-2022-22536,2022-12-14,0.19548
CVE-2022-22536,2022-12-15,0.19548
CVE-2022-22536,2022-12-16,0.19548
CVE-2022-22536,2022-12-17,0.19548
CVE-2022-22536,2022-12-18,0.19548
CVE-2022-22536,2022-12-19,0.19548
CVE-2022-22536,2022-12-20,0.19548
CVE-2022-22536,2022-12-21,0.19548
CVE-2022-22536,2022-12-22,0.19548
CVE-2022-22536,2022-12-23,0.19548
CVE-2022-22536,2022-12-24,0.19548
CVE-2022-22536,2022-12-25,0.19548
CVE-2022-22536,2022-12-26,0.19548
CVE-2022-22536,2022-12-27,0.19548
CVE-2022-22536,2022-12-28,0.19548
CVE-2022-22536,2022-12-29,0.19548
CVE-2022-22536,2022-12-30,0.19548
CVE-2022-22536,2022-12-31,0.19548
CVE-2022-22536,2023-01-01,0.19548
CVE-2022-22536,2023-01-02,0.19548
CVE-2022-22536,2023-01-03,0.19548
CVE-2022-22536,2023-01-04,0.19548
CVE-2022-22536,2023-01-05,0.19548
CVE-2022-22536,2023-01-06,0.19548
CVE-2022-22536,2023-01-07,0.19548
CVE-2022-22536,2023-01-08,0.19548
CVE-2022-22536,2023-01-09,0.19548
CVE-2022-22536,2023-01-10,0.19548
CVE-2022-22536,2023-01-11,0.19548
CVE-2022-22536,2023-01-12,0.19548
CVE-2022-22536,2023-01-13,0.19548
CVE-2022-22536,2023-01-14,0.19548
CVE-2022-22536,2023-01-15,0.19548
CVE-2022-22536,2023-01-16,0.19548
CVE-2022-22536,2023-01-17,0.19548
CVE-2022-22536,2023-01-18,0.19548
CVE-2022-22536,2023-01-19,0.19548
CVE-2022-22536,2023-01-20,0.19548
CVE-2022-22536,2023-01-21,0.19548
CVE-2022-22536,2023-01-22,0.19548
CVE-2022-22536,2023-01-23,0.19548
CVE-2022-22536,2023-01-24,0.19548
CVE-2022-22536,2023-01-25,0.19548
CVE-2022-22536,2023-01-26,0.19548
CVE-2022-22536,2023-01-27,0.19548
CVE-2022-22536,2023-01-28,0.19548
CVE-2022-22536,2023-01-29,0.19548
CVE-2022-22536,2023-01-30,0.19548
CVE-2022-22536,2023-01-31,0.19548
CVE-2022-22536,2023-02-01,0.19548
CVE-2022-22536,2023-02-02,0.19548
CVE-2022-22536,2023-02-03,0.19548
CVE-2022-22536,2023-02-04,0.19548
CVE-2022-22536,2023-02-05,0.19548
CVE-2022-22536,2023-02-06,0.19548
CVE-2022-22536,2023-02-07,0.19548
CVE-2022-22536,2023-02-08,0.19548
CVE-2022-22536,2023-02-09,0.19548
CVE-2022-22536,2023-02-10,0.19548
CVE-2022-22536,2023-02-11,0.19548
CVE-2022-22536,2023-02-12,0.19548
CVE-2022-22536,2023-02-13,0.19548
CVE-2022-22536,2023-02-14,0.19548
CVE-2022-22536,2023-02-15,0.19548
CVE-2022-22536,2023-02-16,0.19548
CVE-2022-22536,2023-02-17,0.19548
CVE-2022-22536,2023-02-18,0.19548
CVE-2022-22536,2023-02-19,0.19548
CVE-2022-22536,2023-02-20,0.19548
CVE-2022-22536,2023-02-21,0.19548
CVE-2022-22536,2023-02-22,0.19548
CVE-2022-22536,2023-02-23,0.19548
CVE-2022-22536,2023-02-24,0.19548
CVE-2022-22536,2023-02-25,0.19548
CVE-2022-22536,2023-02-26,0.19548
CVE-2022-22536,2023-02-27,0.19548
CVE-2022-22536,2023-02-28,0.19548
CVE-2022-22536,2023-03-01,0.19548
CVE-2022-22536,2023-03-02,0.19548
CVE-2022-22536,2023-03-03,0.19548
CVE-2022-22536,2023-03-04,0.19548
CVE-2022-22536,2023-03-05,0.19548
CVE-2022-22536,2023-03-06,0.19548
CVE-2022-22536,2023-03-07,0.96621
CVE-2022-22536,2023-03-08,0.96621
CVE-2022-22536,2023-03-09,0.96621
CVE-2022-22536,2023-03-10,0.96621
CVE-2022-22536,2023-03-11,0.96621
CVE-2022-22536,2023-03-12,0.96621
CVE-2022-22536,2023-03-13,0.96621
CVE-2022-22536,2023-03-14,0.96592
CVE-2022-22536,2023-03-15,0.96592
CVE-2022-22536,2023-03-16,0.96592
CVE-2022-22536,2023-03-17,0.96592
CVE-2022-22536,2023-03-18,0.96592
CVE-2022-22536,2023-03-19,0.96592
CVE-2022-22536,2023-03-20,0.96592
CVE-2022-22536,2023-03-21,0.96592
CVE-2022-22536,2023-03-22,0.96592
CVE-2022-22536,2023-03-23,0.96592
CVE-2022-22536,2023-03-24,0.96592
CVE-2022-22536,2023-03-25,0.96592
CVE-2022-22536,2023-03-26,0.96772
CVE-2022-22536,2023-03-27,0.96772
CVE-2022-22536,2023-03-28,0.96772
CVE-2022-22536,2023-03-29,0.96772
CVE-2022-22536,2023-03-30,0.96772
CVE-2022-22536,2023-03-31,0.96772
CVE-2022-22536,2023-04-01,0.96772
CVE-2022-22536,2023-04-02,0.96772
CVE-2022-22536,2023-04-03,0.96772
CVE-2022-22536,2023-04-04,0.96772
CVE-2022-22536,2023-04-05,0.96772
CVE-2022-22536,2023-04-06,0.96772
CVE-2022-22536,2023-04-07,0.96772
CVE-2022-22536,2023-04-08,0.96833
CVE-2022-22536,2023-04-09,0.96833
CVE-2022-22536,2023-04-10,0.96833
CVE-2022-22536,2023-04-11,0.96833
CVE-2022-22536,2023-04-12,0.96833
CVE-2022-22536,2023-04-13,0.96833
CVE-2022-22536,2023-04-14,0.96833
CVE-2022-22536,2023-04-15,0.96833
CVE-2022-22536,2023-04-16,0.96833
CVE-2022-22536,2023-04-17,0.96833
CVE-2022-22536,2023-04-18,0.96833
CVE-2022-22536,2023-04-19,0.96833
CVE-2022-22536,2023-04-20,0.96833
CVE-2022-22536,2023-04-21,0.96724
CVE-2022-22536,2023-04-22,0.96724
CVE-2022-22536,2023-04-23,0.96724
CVE-2022-22536,2023-04-24,0.96724
CVE-2022-22536,2023-04-25,0.96724
CVE-2022-22536,2023-04-26,0.96724
CVE-2022-22536,2023-04-27,0.96724
CVE-2022-22536,2023-04-28,0.96724
CVE-2022-22536,2023-04-29,0.96724
CVE-2022-22536,2023-04-30,0.96724
CVE-2022-22536,2023-05-01,0.96724
CVE-2022-22536,2023-05-02,0.96724
CVE-2022-22536,2023-05-03,0.96724
CVE-2022-22536,2023-05-04,0.96654
CVE-2022-22536,2023-05-05,0.96654
CVE-2022-22536,2023-05-06,0.96654
CVE-2022-22536,2023-05-07,0.96654
CVE-2022-22536,2023-05-08,0.96042
CVE-2022-22536,2023-05-09,0.96042
CVE-2022-22536,2023-05-10,0.96042
CVE-2022-22536,2023-05-11,0.96042
CVE-2022-22536,2023-05-12,0.96042
CVE-2022-22536,2023-05-13,0.96042
CVE-2022-22536,2023-05-14,0.96042
CVE-2022-22536,2023-05-15,0.96042
CVE-2022-22536,2023-05-16,0.96042
CVE-2022-22536,2023-05-17,0.96042
CVE-2022-22536,2023-05-18,0.96042
CVE-2022-22536,2023-05-19,0.96042
CVE-2022-22536,2023-05-20,0.96042
CVE-2022-22536,2023-05-21,0.96042
CVE-2022-22536,2023-05-22,0.96042
CVE-2022-22536,2023-05-23,0.96042
CVE-2022-22536,2023-05-24,0.96042
CVE-2022-22536,2023-05-25,0.96042
CVE-2022-22536,2023-05-26,0.96042
CVE-2022-22536,2023-05-27,0.96042
CVE-2022-22536,2023-05-28,0.96042
CVE-2022-22536,2023-05-29,0.96042
CVE-2022-22536,2023-05-30,0.96128
CVE-2022-22536,2023-05-31,0.96128
CVE-2022-22536,2023-06-01,0.96128
CVE-2022-22536,2023-06-02,0.96128
CVE-2022-22536,2023-06-03,0.96128
CVE-2022-22536,2023-06-04,0.96128
CVE-2022-22536,2023-06-05,0.96128
CVE-2022-22536,2023-06-06,0.96128
CVE-2022-22536,2023-06-07,0.96128
CVE-2022-22536,2023-06-08,0.96128
CVE-2022-22536,2023-06-09,0.96128
CVE-2022-22536,2023-06-10,0.96128
CVE-2022-22536,2023-06-11,0.96128
CVE-2022-22536,2023-06-12,0.96128
CVE-2022-22536,2023-06-13,0.96141
CVE-2022-22536,2023-06-14,0.96141
CVE-2022-22536,2023-06-15,0.96141
CVE-2022-22536,2023-06-16,0.96141
CVE-2022-22536,2023-06-17,0.96141
CVE-2022-22536,2023-06-18,0.96141
CVE-2022-22536,2023-06-19,0.96141
CVE-2022-22536,2023-06-20,0.96141
CVE-2022-22536,2023-06-21,0.96141
CVE-2022-22536,2023-06-22,0.96141
CVE-2022-22536,2023-06-23,0.96141
CVE-2022-22536,2023-06-24,0.96141
CVE-2022-22536,2023-06-25,0.96141
CVE-2022-22536,2023-06-26,0.96213
CVE-2022-22536,2023-06-27,0.96213
CVE-2022-22536,2023-06-28,0.96213
CVE-2022-22536,2023-06-29,0.96213
CVE-2022-22536,2023-06-30,0.96213
CVE-2022-22536,2023-07-01,0.96213
CVE-2022-22536,2023-07-02,0.96213
CVE-2022-22536,2023-07-03,0.96213
CVE-2022-22536,2023-07-04,0.96213
CVE-2022-22536,2023-07-05,0.96213
CVE-2022-22536,2023-07-06,0.96213
CVE-2022-22536,2023-07-07,0.96213
CVE-2022-22536,2023-07-08,0.96468
CVE-2022-22536,2023-07-09,0.96468
CVE-2022-22536,2023-07-10,0.96734
CVE-2022-22536,2023-07-11,0.96734
CVE-2022-22536,2023-07-12,0.96734
CVE-2022-22536,2023-07-13,0.96734
CVE-2022-22536,2023-07-14,0.96734
CVE-2022-22536,2023-07-15,0.96734
CVE-2022-22536,2023-07-16,0.96734
CVE-2022-22536,2023-07-17,0.96734
CVE-2022-22536,2023-07-18,0.96734
CVE-2022-22536,2023-07-19,0.96734
CVE-2022-22536,2023-07-20,0.96734
CVE-2022-22536,2023-07-21,0.96734
CVE-2022-22536,2023-07-22,0.96734
CVE-2022-22536,2023-07-23,0.96536
CVE-2022-22536,2023-07-24,0.96536
CVE-2022-22536,2023-07-25,0.96536
CVE-2022-22536,2023-07-26,0.96536
CVE-2022-22536,2023-07-27,0.96536
CVE-2022-22536,2023-07-28,0.96536
CVE-2022-22536,2023-07-29,0.96536
CVE-2022-22536,2023-07-30,0.96536
CVE-2022-22536,2023-07-31,0.96536
CVE-2022-22536,2023-08-01,0.96536
CVE-2022-22536,2023-08-02,0.96536
CVE-2022-22536,2023-08-03,0.96536
CVE-2022-22536,2023-08-04,0.96536
CVE-2022-22536,2023-08-05,0.96556
CVE-2022-22536,2023-08-06,0.96556
CVE-2022-22536,2023-08-07,0.96556
CVE-2022-22536,2023-08-08,0.96556
CVE-2022-22536,2023-08-09,0.96556
CVE-2022-22536,2023-08-10,0.96556
CVE-2022-22536,2023-08-11,0.96556
CVE-2022-22536,2023-08-12,0.96556
CVE-2022-22536,2023-08-13,0.96556
CVE-2022-22536,2023-08-14,0.96556
CVE-2022-22536,2023-08-15,0.96556
CVE-2022-22536,2023-08-16,0.96556
CVE-2022-22536,2023-08-17,0.96556
CVE-2022-22536,2023-08-18,0.96556
CVE-2022-22536,2023-08-19,0.96556
CVE-2022-22536,2023-08-20,0.96538
CVE-2022-22536,2023-08-21,0.96538
CVE-2022-22536,2023-08-22,0.96538
CVE-2022-22536,2023-08-23,0.96538
CVE-2022-22536,2023-08-24,0.96538
CVE-2022-22536,2023-08-25,0.96538
CVE-2022-22536,2023-08-26,0.96538
CVE-2022-22536,2023-08-27,0.96538
CVE-2022-22536,2023-08-28,0.96538
CVE-2022-22536,2023-08-29,0.96538
CVE-2022-22536,2023-08-30,0.96538
CVE-2022-22536,2023-08-31,0.96538
CVE-2022-22536,2023-09-01,0.96538
CVE-2022-22536,2023-09-02,0.96441
CVE-2022-22536,2023-09-03,0.96441
CVE-2022-22536,2023-09-04,0.96441
CVE-2022-22536,2023-09-05,0.96441
CVE-2022-22536,2023-09-06,0.96441
CVE-2022-22536,2023-09-07,0.96441
CVE-2022-22536,2023-09-08,0.96441
CVE-2022-22536,2023-09-09,0.96441
CVE-2022-22536,2023-09-10,0.96441
CVE-2022-22536,2023-09-11,0.96441
CVE-2022-22536,2023-09-12,0.96441
CVE-2022-22536,2023-09-13,0.96441
CVE-2022-22536,2023-09-14,0.96441
CVE-2022-22536,2023-09-15,0.96441
CVE-2022-22536,2023-09-16,0.96441
CVE-2022-22536,2023-09-17,0.96539
CVE-2022-22536,2023-09-18,0.96539
CVE-2022-22536,2023-09-19,0.96539
CVE-2022-22536,2023-09-20,0.96539
CVE-2022-22536,2023-09-21,0.96539
CVE-2022-22536,2023-09-22,0.96068
CVE-2022-22536,2023-09-23,0.96068
CVE-2022-22536,2023-09-24,0.96068
CVE-2022-22536,2023-09-25,0.96068
CVE-2022-22536,2023-09-26,0.96068
CVE-2022-22536,2023-09-27,0.96068
CVE-2022-22536,2023-09-28,0.96068
CVE-2022-22536,2023-09-29,0.96068
CVE-2022-22536,2023-09-30,0.96068
CVE-2022-22536,2023-10-01,0.9584
CVE-2022-22536,2023-10-02,0.9584
CVE-2022-22536,2023-10-03,0.9584
CVE-2022-22536,2023-10-04,0.9584
CVE-2022-22536,2023-10-05,0.9584
CVE-2022-22536,2023-10-06,0.9584
CVE-2022-22536,2023-10-07,0.9584
CVE-2022-22536,2023-10-08,0.9584
CVE-2022-22536,2023-10-09,0.9584
CVE-2022-22536,2023-10-10,0.9584
CVE-2022-22536,2023-10-11,0.9584
CVE-2022-22536,2023-10-12,0.9584
CVE-2022-22536,2023-10-13,0.9584
CVE-2022-22536,2023-10-14,0.9584
CVE-2022-22536,2023-10-15,0.95848
CVE-2022-22536,2023-10-16,0.95848
CVE-2022-22536,2023-10-17,0.95848
CVE-2022-22536,2023-10-18,0.95848
CVE-2022-22536,2023-10-19,0.95848
CVE-2022-22536,2023-10-20,0.95848
CVE-2022-22536,2023-10-21,0.95848
CVE-2022-22536,2023-10-22,0.95848
CVE-2022-22536,2023-10-23,0.95848
CVE-2022-22536,2023-10-24,0.95848
CVE-2022-22536,2023-10-25,0.95848
CVE-2022-22536,2023-10-26,0.95848
CVE-2022-22536,2023-10-27,0.95848
CVE-2022-22536,2023-10-28,0.95848
CVE-2022-22536,2023-10-29,0.95848
CVE-2022-22536,2023-10-30,0.95848
CVE-2022-22536,2023-10-31,0.95848
CVE-2022-22536,2023-11-01,0.95848
CVE-2022-22536,2023-11-02,0.95848
CVE-2022-22536,2023-11-03,0.95848
CVE-2022-22536,2023-11-04,0.95848
CVE-2022-22536,2023-11-05,0.95848
CVE-2022-22536,2023-11-06,0.95848
CVE-2022-22536,2023-11-07,0.95848
CVE-2022-22536,2023-11-08,0.95848
CVE-2022-22536,2023-11-09,0.95848
CVE-2022-22536,2023-11-10,0.95848
CVE-2022-22536,2023-11-11,0.95848
CVE-2022-22536,2023-11-12,0.95848
CVE-2022-22536,2023-11-13,0.95848
CVE-2022-22536,2023-11-14,0.95701
CVE-2022-22536,2023-11-15,0.95701
CVE-2022-22536,2023-11-16,0.95701
CVE-2022-22536,2023-11-17,0.95701
CVE-2022-22536,2023-11-18,0.95701
CVE-2022-22536,2023-11-19,0.95701
CVE-2022-22536,2023-11-20,0.95701
CVE-2022-22536,2023-11-21,0.95701
CVE-2022-22536,2023-11-22,0.95701
CVE-2022-22536,2023-11-23,0.95701
CVE-2022-22536,2023-11-24,0.95701
CVE-2022-22536,2023-11-25,0.95701
CVE-2022-22536,2023-11-26,0.95701
CVE-2022-22536,2023-11-27,0.95701
CVE-2022-22536,2023-11-28,0.95701
CVE-2022-22536,2023-11-29,0.95701
CVE-2022-22536,2023-11-30,0.95701
CVE-2022-22536,2023-12-01,0.95701
CVE-2022-22536,2023-12-02,0.95701
CVE-2022-22536,2023-12-03,0.95701
CVE-2022-22536,2023-12-04,0.95701
CVE-2022-22536,2023-12-05,0.95701
CVE-2022-22536,2023-12-06,0.95701
CVE-2022-22536,2023-12-07,0.95701
CVE-2022-22536,2023-12-08,0.95701
CVE-2022-22536,2023-12-09,0.95701
CVE-2022-22536,2023-12-10,0.95701
CVE-2022-22536,2023-12-11,0.95701
CVE-2022-22536,2023-12-12,0.95701
CVE-2022-22536,2023-12-13,0.95701
CVE-2022-22536,2023-12-14,0.95701
CVE-2022-22536,2023-12-15,0.95701
CVE-2022-22536,2023-12-16,0.95701
CVE-2022-22536,2023-12-17,0.95701
CVE-2022-22536,2023-12-18,0.95701
CVE-2022-22536,2023-12-19,0.95701
CVE-2022-22536,2023-12-20,0.95701
CVE-2022-22536,2023-12-21,0.95701
CVE-2022-22536,2023-12-22,0.95701
CVE-2022-22536,2023-12-23,0.95701
CVE-2022-22536,2023-12-24,0.95701
CVE-2022-22536,2023-12-25,0.95701
CVE-2022-22536,2023-12-26,0.95701
CVE-2022-22536,2023-12-27,0.95701
CVE-2022-22536,2023-12-28,0.95701
CVE-2022-22536,2023-12-29,0.95701
CVE-2022-22536,2023-12-30,0.95701
CVE-2022-22536,2023-12-31,0.95701
CVE-2022-22536,2024-01-01,0.95701
CVE-2022-22536,2024-01-02,0.95701
CVE-2022-22536,2024-01-03,0.95701
CVE-2022-22536,2024-01-04,0.95701
CVE-2022-22536,2024-01-05,0.95701
CVE-2022-22536,2024-01-06,0.95701
CVE-2022-22536,2024-01-07,0.95701
CVE-2022-22536,2024-01-08,0.95701
CVE-2022-22536,2024-01-09,0.95701
CVE-2022-22536,2024-01-10,0.95701
CVE-2022-22536,2024-01-11,0.95701
CVE-2022-22536,2024-01-12,0.95701
CVE-2022-22536,2024-01-13,0.95701
CVE-2022-22536,2024-01-14,0.95701
CVE-2022-22536,2024-01-15,0.95701
CVE-2022-22536,2024-01-16,0.95701
CVE-2022-22536,2024-01-17,0.95701
CVE-2022-22536,2024-01-18,0.95701
CVE-2022-22536,2024-01-19,0.95701
CVE-2022-22536,2024-01-20,0.95701
CVE-2022-22536,2024-01-21,0.95701
CVE-2022-22536,2024-01-22,0.95701
CVE-2022-22536,2024-01-23,0.95701
CVE-2022-22536,2024-01-24,0.95701
CVE-2022-22536,2024-01-25,0.95569
CVE-2022-22536,2024-01-26,0.95569
CVE-2022-22536,2024-01-27,0.95569
CVE-2022-22536,2024-01-28,0.95569
CVE-2022-22536,2024-01-29,0.95569
CVE-2022-22536,2024-01-30,0.95569
CVE-2022-22536,2024-01-31,0.95569
CVE-2022-22536,2024-02-01,0.95569
CVE-2022-22536,2024-02-02,0.95569
CVE-2022-22536,2024-02-03,0.95569
CVE-2022-22536,2024-02-04,0.95569
CVE-2022-22536,2024-02-05,0.95569
CVE-2022-22536,2024-02-06,0.95569
CVE-2022-22536,2024-02-07,0.96409
CVE-2022-22536,2024-02-08,0.96409
CVE-2022-22536,2024-02-09,0.96409
CVE-2022-22536,2024-02-10,0.96409
CVE-2022-22536,2024-02-11,0.96409
CVE-2022-22536,2024-02-12,0.96409
CVE-2022-22536,2024-02-13,0.96409
CVE-2022-22536,2024-02-14,0.96409
CVE-2022-22536,2024-02-15,0.96409
CVE-2022-22536,2024-02-16,0.96409
CVE-2022-22536,2024-02-17,0.96409
CVE-2022-22536,2024-02-18,0.96409
CVE-2022-22536,2024-02-19,0.96409
CVE-2022-22536,2024-02-20,0.96409
CVE-2022-22536,2024-02-21,0.96409
CVE-2022-22536,2024-02-22,0.96409
CVE-2022-22536,2024-02-23,0.96459
CVE-2022-22536,2024-02-24,0.96459
CVE-2022-22536,2024-02-25,0.96459
CVE-2022-22536,2024-02-26,0.96459
CVE-2022-22536,2024-02-27,0.96459
CVE-2022-22536,2024-02-28,0.96459
CVE-2022-22536,2024-02-29,0.96459
CVE-2022-22536,2024-03-01,0.96459
CVE-2022-22536,2024-03-02,0.96459
CVE-2022-22536,2024-03-03,0.96459
CVE-2022-22536,2024-03-04,0.96459
CVE-2022-22536,2024-03-05,0.96459
CVE-2022-22536,2024-03-06,0.96459
CVE-2022-22536,2024-03-07,0.96507
CVE-2022-22536,2024-03-08,0.96507
CVE-2022-22536,2024-03-09,0.96507
CVE-2022-22536,2024-03-10,0.96507
CVE-2022-22536,2024-03-11,0.96507
CVE-2022-22536,2024-03-12,0.96507
CVE-2022-22536,2024-03-13,0.96507
CVE-2022-22536,2024-03-14,0.96507
CVE-2022-22536,2024-03-15,0.96507
CVE-2022-22536,2024-03-16,0.96507
CVE-2022-22536,2024-03-17,0.96507
CVE-2022-22536,2024-03-18,0.96507
CVE-2022-22536,2024-03-19,0.96507
CVE-2022-22536,2024-03-20,0.96507
CVE-2022-22536,2024-03-21,0.96507
CVE-2022-22536,2024-03-22,0.96507
CVE-2022-22536,2024-03-23,0.96507
CVE-2022-22536,2024-03-24,0.96507
CVE-2022-22536,2024-03-25,0.96507
CVE-2022-22536,2024-03-26,0.96507
CVE-2022-22536,2024-03-27,0.96507
CVE-2022-22536,2024-03-28,0.96507
CVE-2022-22536,2024-03-29,0.96507
CVE-2022-22536,2024-03-30,0.96507
CVE-2022-22536,2024-03-31,0.96507
CVE-2022-22536,2024-04-01,0.96507
CVE-2022-22536,2024-04-02,0.96507
CVE-2022-22536,2024-04-03,0.96507
CVE-2022-22536,2024-04-04,0.96496
CVE-2022-22536,2024-04-05,0.96496
CVE-2022-22536,2024-04-06,0.96496
CVE-2022-22536,2024-04-07,0.96496
CVE-2022-22536,2024-04-08,0.96496
CVE-2022-22536,2024-04-09,0.96496
CVE-2022-22536,2024-04-10,0.96496
CVE-2022-22536,2024-04-11,0.96496
CVE-2022-22536,2024-04-12,0.96496
CVE-2022-22536,2024-04-13,0.96496
CVE-2022-22536,2024-04-14,0.96496
CVE-2022-22536,2024-04-15,0.96496
CVE-2022-22536,2024-04-16,0.96496
CVE-2022-22536,2024-04-17,0.96496
CVE-2022-22536,2024-04-18,0.96496
CVE-2022-22536,2024-04-19,0.96496
CVE-2022-22536,2024-04-20,0.96496
CVE-2022-22536,2024-04-21,0.96496
CVE-2022-22536,2024-04-22,0.96496
CVE-2022-22536,2024-04-23,0.96496
CVE-2022-22536,2024-04-24,0.96496
CVE-2022-22536,2024-04-25,0.96496
CVE-2022-22536,2024-04-26,0.96496
CVE-2022-22536,2024-04-27,0.96496
CVE-2022-22536,2024-04-28,0.96496
CVE-2022-22536,2024-04-29,0.96496
CVE-2022-22536,2024-04-30,0.96496
CVE-2022-22536,2024-05-01,0.96496
CVE-2022-22536,2024-05-02,0.96496
CVE-2022-22536,2024-05-03,0.96479
CVE-2022-22536,2024-05-04,0.96479
CVE-2022-22536,2024-05-05,0.96479
CVE-2022-22536,2024-05-06,0.96479
CVE-2022-22536,2024-05-07,0.96479
CVE-2022-22536,2024-05-08,0.96479
CVE-2022-22536,2024-05-09,0.96479
CVE-2022-22536,2024-05-10,0.96479
CVE-2022-22536,2024-05-11,0.96479
CVE-2022-22536,2024-05-12,0.96479
CVE-2022-22536,2024-05-13,0.96479
CVE-2022-22536,2024-05-14,0.96479
CVE-2022-22536,2024-05-15,0.96479
CVE-2022-22536,2024-05-16,0.96479
CVE-2022-22536,2024-05-17,0.96479
CVE-2022-22536,2024-05-18,0.96479
CVE-2022-22536,2024-05-19,0.96479
CVE-2022-22536,2024-05-20,0.96479
CVE-2022-22536,2024-05-21,0.96479
CVE-2022-22536,2024-05-22,0.96479
CVE-2022-22536,2024-05-23,0.96479
CVE-2022-22536,2024-05-24,0.96479
CVE-2022-22536,2024-05-25,0.96479
CVE-2022-22536,2024-05-26,0.96479
CVE-2022-22536,2024-05-27,0.96479
CVE-2022-22536,2024-05-28,0.96479
CVE-2022-22536,2024-05-29,0.96479
CVE-2022-22536,2024-05-30,0.96479
CVE-2022-22536,2024-05-31,0.96509
CVE-2022-22536,2024-06-01,0.96509
CVE-2022-22536,2024-06-02,0.96509
CVE-2022-22536,2024-06-03,0.96509
CVE-2022-22536,2024-06-04,0.96509
CVE-2022-22536,2024-06-05,0.96509
CVE-2022-22536,2024-06-06,0.96509
CVE-2022-22536,2024-06-07,0.96509
CVE-2022-22536,2024-06-08,0.96509
CVE-2022-22536,2024-06-09,0.96509
CVE-2022-22536,2024-06-10,0.96509
CVE-2022-22536,2024-06-11,0.96509
CVE-2022-22536,2024-06-12,0.96509
CVE-2022-22536,2024-06-13,0.96509
CVE-2022-22536,2024-06-14,0.96509
CVE-2022-22536,2024-06-15,0.96509
CVE-2022-22536,2024-06-16,0.96509
CVE-2022-22536,2024-06-17,0.96509
CVE-2022-22536,2024-06-18,0.96509
CVE-2022-22536,2024-06-19,0.96509
CVE-2022-22536,2024-06-20,0.96509
CVE-2022-22536,2024-06-21,0.96509
CVE-2022-22536,2024-06-22,0.96509
CVE-2022-22536,2024-06-23,0.96509
CVE-2022-22536,2024-06-24,0.96509
CVE-2022-22536,2024-06-25,0.96509
CVE-2022-22536,2024-06-26,0.96509
CVE-2022-22536,2024-06-27,0.96509
CVE-2022-22536,2024-06-28,0.96509
CVE-2022-22536,2024-06-29,0.96464
CVE-2022-22536,2024-06-30,0.96464
CVE-2022-22536,2024-07-01,0.96464
CVE-2022-22536,2024-07-02,0.96464
CVE-2022-22536,2024-07-03,0.96464
CVE-2022-22536,2024-07-04,0.96464
CVE-2022-22536,2024-07-05,0.96464
CVE-2022-22536,2024-07-06,0.96464
CVE-2022-22536,2024-07-07,0.96464
CVE-2022-22536,2024-07-08,0.96464
CVE-2022-22536,2024-07-09,0.96464
CVE-2022-22536,2024-07-10,0.96464
CVE-2022-22536,2024-07-11,0.96464
CVE-2022-22536,2024-07-12,0.96464
CVE-2022-22536,2024-07-13,0.96464
CVE-2022-22536,2024-07-14,0.96464
CVE-2022-22536,2024-07-15,0.96464
CVE-2022-22536,2024-07-16,0.96464
CVE-2022-22536,2024-07-17,0.96464
CVE-2022-22536,2024-07-18,0.96464
CVE-2022-22536,2024-07-19,0.96464
CVE-2022-22536,2024-07-20,0.96464
CVE-2022-22536,2024-07-21,0.96464
CVE-2022-22536,2024-07-22,0.96464
CVE-2022-22536,2024-07-23,0.96464
CVE-2022-22536,2024-07-24,0.96226
CVE-2022-22536,2024-07-25,0.96226
CVE-2022-22536,2024-07-26,0.96226
CVE-2022-22536,2024-07-27,0.96226
CVE-2022-22536,2024-07-28,0.96226
CVE-2022-22536,2024-07-29,0.96226
CVE-2022-22536,2024-07-30,0.96226
CVE-2022-22536,2024-07-31,0.96226
CVE-2022-22536,2024-08-01,0.96226
CVE-2022-22536,2024-08-02,0.96226
CVE-2022-22536,2024-08-03,0.96226
CVE-2022-22536,2024-08-04,0.96226
CVE-2022-22536,2024-08-05,0.96226
CVE-2022-22536,2024-08-06,0.96226
CVE-2022-22536,2024-08-07,0.96257
CVE-2022-22536,2024-08-08,0.96257
CVE-2022-22536,2024-08-09,0.96257
CVE-2022-22536,2024-08-10,0.96257
CVE-2022-22536,2024-08-11,0.96257
CVE-2022-22536,2024-08-12,0.96257
CVE-2022-22536,2024-08-13,0.96257
CVE-2022-22536,2024-08-14,0.96257
CVE-2022-22536,2024-08-15,0.96257
CVE-2022-22536,2024-08-16,0.96257
CVE-2022-22536,2024-08-17,0.96257
CVE-2022-22536,2024-08-18,0.96257
CVE-2022-22536,2024-08-19,0.96257
CVE-2022-22536,2024-08-20,0.96257
CVE-2022-22536,2024-08-21,0.96257
CVE-2022-22536,2024-08-22,0.96257
CVE-2022-22536,2024-08-23,0.96257
CVE-2022-22536,2024-08-24,0.96257
CVE-2022-22536,2024-08-25,0.96257
CVE-2022-22536,2024-08-26,0.96257
CVE-2022-22536,2024-08-27,0.96257
CVE-2022-22536,2024-08-28,0.96257
CVE-2022-22536,2024-08-29,0.96257
CVE-2022-22536,2024-08-30,0.96257
CVE-2022-22536,2024-08-31,0.96257
CVE-2022-22536,2024-09-01,0.96257
CVE-2022-22536,2024-09-02,0.96257
CVE-2022-22536,2024-09-03,0.96257
CVE-2022-22536,2024-09-04,0.96257
CVE-2022-22536,2024-09-05,0.96257
CVE-2022-22536,2024-09-06,0.96257
CVE-2022-22536,2024-09-07,0.96257
CVE-2022-22536,2024-09-08,0.96257
CVE-2022-22536,2024-09-09,0.96257
CVE-2022-22536,2024-09-10,0.96257
CVE-2022-22536,2024-09-11,0.96257
CVE-2022-22536,2024-09-12,0.96257
CVE-2022-22536,2024-09-13,0.96257
CVE-2022-22536,2024-09-14,0.96257
CVE-2022-22536,2024-09-15,0.96061
CVE-2022-22536,2024-09-16,0.96061
CVE-2022-22536,2024-09-17,0.96061
CVE-2022-22536,2024-09-18,0.96061
CVE-2022-22536,2024-09-19,0.96061
CVE-2022-22536,2024-09-20,0.96061
CVE-2022-22536,2024-09-21,0.96061
CVE-2022-22536,2024-09-22,0.96061
CVE-2022-22536,2024-09-23,0.96061
CVE-2022-22536,2024-09-24,0.96061
CVE-2022-22536,2024-09-25,0.96061
CVE-2022-22536,2024-09-26,0.96061
CVE-2022-22536,2024-09-27,0.96061
CVE-2022-22536,2024-09-28,0.96061
CVE-2022-22536,2024-09-29,0.9588
CVE-2022-22536,2024-09-30,0.9588
CVE-2022-22536,2024-10-01,0.9588
CVE-2022-22536,2024-10-02,0.9588
CVE-2022-22536,2024-10-03,0.9588
CVE-2022-22536,2024-10-04,0.9588
CVE-2022-22536,2024-10-05,0.9588
CVE-2022-22536,2024-10-06,0.9588
CVE-2022-22536,2024-10-07,0.9588
CVE-2022-22536,2024-10-08,0.9588
CVE-2022-22536,2024-10-09,0.9588
CVE-2022-22536,2024-10-10,0.9588
CVE-2022-22536,2024-10-11,0.9588
CVE-2022-22536,2024-10-12,0.9588
CVE-2022-22536,2024-10-13,0.9588
CVE-2022-22536,2024-10-14,0.9588
CVE-2022-22536,2024-10-15,0.9588
CVE-2022-22536,2024-10-16,0.9588
CVE-2022-22536,2024-10-17,0.9588
CVE-2022-22536,2024-10-18,0.9588
CVE-2022-22536,2024-10-19,0.9588
CVE-2022-22536,2024-10-20,0.9588
CVE-2022-22536,2024-10-21,0.9588
CVE-2022-22536,2024-10-22,0.9588
CVE-2022-22536,2024-10-23,0.9588
CVE-2022-22536,2024-10-24,0.9588
CVE-2022-22536,2024-10-25,0.95801
CVE-2022-22536,2024-10-26,0.95801
CVE-2022-22536,2024-10-27,0.95801
CVE-2022-22536,2024-10-28,0.95801
CVE-2022-22536,2024-10-29,0.95801
CVE-2022-22536,2024-10-30,0.95801
CVE-2022-22536,2024-10-31,0.95801
CVE-2022-22536,2024-11-01,0.95801
CVE-2022-22536,2024-11-02,0.95801
CVE-2022-22536,2024-11-03,0.95801
CVE-2022-22536,2024-11-04,0.95801
CVE-2022-22536,2024-11-05,0.95801
CVE-2022-22536,2024-11-06,0.95801
CVE-2022-22536,2024-11-07,0.95801
CVE-2022-22536,2024-11-08,0.95801
CVE-2022-22536,2024-11-09,0.95801
CVE-2022-22536,2024-11-10,0.95801
CVE-2022-22536,2024-11-11,0.95801
CVE-2022-22536,2024-11-12,0.95801
CVE-2022-22536,2024-11-13,0.95801
CVE-2022-22536,2024-11-14,0.95801
CVE-2022-22536,2024-11-15,0.95801
CVE-2022-22536,2024-11-16,0.95801
CVE-2022-22536,2024-11-17,0.95801
CVE-2022-22536,2024-11-18,0.95801
CVE-2022-22536,2024-11-19,0.95801
CVE-2022-22536,2024-11-20,0.95766
CVE-2022-22536,2024-11-21,0.95766
CVE-2022-22536,2024-11-22,0.95766
CVE-2022-22536,2024-11-23,0.95766
CVE-2022-22536,2024-11-24,0.95766
CVE-2022-22536,2024-11-25,0.95766
CVE-2022-22536,2024-11-26,0.95766
CVE-2022-22536,2024-11-27,0.95766
CVE-2022-22536,2024-11-28,0.95766
CVE-2022-22536,2024-11-29,0.95766
CVE-2022-22536,2024-11-30,0.95766
CVE-2022-22536,2024-12-02,0.95766
CVE-2022-22536,2024-12-03,0.95766
CVE-2022-22536,2024-12-04,0.95766
CVE-2022-22536,2024-12-05,0.95766
CVE-2022-22536,2024-12-06,0.95766
CVE-2022-22536,2024-12-07,0.95766
CVE-2022-22536,2024-12-08,0.95766
CVE-2022-22536,2024-12-09,0.95766
CVE-2022-22536,2024-12-10,0.95766
CVE-2022-22536,2024-12-11,0.95766
CVE-2022-22536,2024-12-12,0.95766
CVE-2022-22536,2024-12-13,0.95766
CVE-2022-22536,2024-12-14,0.95766
CVE-2022-22536,2024-12-15,0.95766
CVE-2022-22536,2024-12-16,0.95766
CVE-2022-22536,2024-12-17,0.95627
CVE-2022-22536,2024-12-18,0.95749
CVE-2022-22536,2024-12-19,0.95749
CVE-2022-22536,2024-12-20,0.95749
CVE-2022-22536,2024-12-21,0.95749
CVE-2022-22536,2024-12-22,0.95749
CVE-2022-22536,2024-12-23,0.95749
CVE-2022-22536,2024-12-24,0.95749
CVE-2022-22536,2024-12-25,0.95749
CVE-2022-22536,2024-12-26,0.95749
CVE-2022-22536,2024-12-27,0.95749
CVE-2022-22536,2024-12-28,0.95749
CVE-2022-22536,2024-12-29,0.95749
CVE-2022-22536,2024-12-30,0.95749
CVE-2022-22536,2024-12-31,0.95749
CVE-2022-22536,2025-01-01,0.95749
CVE-2022-22536,2025-01-02,0.95749
CVE-2022-22536,2025-01-03,0.95749
CVE-2022-22536,2025-01-04,0.95749
CVE-2022-22536,2025-01-05,0.95749
CVE-2022-22536,2025-01-06,0.95749
CVE-2022-22536,2025-01-07,0.95749
CVE-2022-22536,2025-01-08,0.95749
CVE-2022-22536,2025-01-09,0.95749
CVE-2022-22536,2025-01-10,0.95749
CVE-2022-22536,2025-01-11,0.95749
CVE-2022-22536,2025-01-12,0.95749
CVE-2022-22536,2025-01-13,0.95749
CVE-2022-22536,2025-01-14,0.95749
CVE-2022-22536,2025-01-15,0.95749
CVE-2022-22536,2025-01-16,0.95749
CVE-2022-22536,2025-01-17,0.95749
CVE-2022-22536,2025-01-18,0.95749
CVE-2022-22536,2025-01-19,0.95749
CVE-2022-22536,2025-01-20,0.95749
CVE-2022-22536,2025-01-21,0.95749
CVE-2022-22536,2025-01-22,0.95749
CVE-2022-22536,2025-01-23,0.95749
CVE-2022-22536,2025-01-24,0.95749
CVE-2022-22536,2025-01-25,0.95749
CVE-2022-22536,2025-01-26,0.95749
CVE-2022-22536,2025-01-27,0.95749
CVE-2022-22536,2025-01-28,0.95749
CVE-2022-22536,2025-01-29,0.95749
CVE-2022-22536,2025-01-30,0.95749
CVE-2022-22536,2025-01-31,0.95749
CVE-2022-22536,2025-02-01,0.95749
CVE-2022-22536,2025-02-02,0.95749
CVE-2022-22536,2025-02-03,0.95749
CVE-2022-22536,2025-02-04,0.95749
CVE-2022-22536,2025-02-05,0.95749
CVE-2022-22536,2025-02-06,0.95749
CVE-2022-22536,2025-02-07,0.95749
CVE-2022-22536,2025-02-08,0.95749
CVE-2022-22536,2025-02-09,0.95749
CVE-2022-22536,2025-02-10,0.95749
CVE-2022-22536,2025-02-11,0.95749
CVE-2022-22536,2025-02-12,0.95749
CVE-2022-22536,2025-02-13,0.95749
CVE-2022-22536,2025-02-14,0.95749
CVE-2022-22536,2025-02-15,0.95749
CVE-2022-22536,2025-02-16,0.95749
CVE-2022-22536,2025-02-17,0.95749
CVE-2022-22536,2025-02-18,0.95749
CVE-2022-22536,2025-02-19,0.95749
CVE-2022-22536,2025-02-20,0.95749
CVE-2022-22536,2025-02-21,0.95749
CVE-2022-22536,2025-02-22,0.95749
CVE-2022-22536,2025-02-23,0.95749
CVE-2022-22536,2025-02-24,0.95749
CVE-2022-22536,2025-02-25,0.95749
CVE-2022-22536,2025-02-26,0.95735
CVE-2022-22536,2025-02-27,0.95735
CVE-2022-22536,2025-02-28,0.95735
CVE-2022-22536,2025-03-01,0.95735
CVE-2022-22536,2025-03-02,0.95735
CVE-2022-22536,2025-03-03,0.95735
CVE-2022-22536,2025-03-04,0.95735
CVE-2022-22536,2025-03-05,0.95735
CVE-2022-22536,2025-03-06,0.95735
CVE-2022-22536,2025-03-07,0.95735
CVE-2022-22536,2025-03-08,0.95735
CVE-2022-22536,2025-03-09,0.95735
CVE-2022-22536,2025-03-10,0.95735
CVE-2022-22536,2025-03-11,0.95735
CVE-2022-22536,2025-03-12,0.95735
CVE-2014-3632,2022-02-04,0.01055
CVE-2014-3632,2022-02-05,0.01055
CVE-2014-3632,2022-02-06,0.01055
CVE-2014-3632,2022-02-07,0.01055
CVE-2014-3632,2022-02-08,0.01055
CVE-2014-3632,2022-02-09,0.01055
CVE-2014-3632,2022-02-10,0.01055
CVE-2014-3632,2022-02-11,0.01055
CVE-2014-3632,2022-02-12,0.01055
CVE-2014-3632,2022-02-13,0.01055
CVE-2014-3632,2022-02-14,0.01055
CVE-2014-3632,2022-02-15,0.01055
CVE-2014-3632,2022-02-16,0.01055
CVE-2014-3632,2022-02-17,0.01055
CVE-2014-3632,2022-02-18,0.01055
CVE-2014-3632,2022-02-19,0.01055
CVE-2014-3632,2022-02-20,0.01055
CVE-2014-3632,2022-02-21,0.01055
CVE-2014-3632,2022-02-22,0.01055
CVE-2014-3632,2022-02-23,0.01055
CVE-2014-3632,2022-02-24,0.01055
CVE-2014-3632,2022-02-25,0.01055
CVE-2014-3632,2022-02-26,0.01055
CVE-2014-3632,2022-02-27,0.01055
CVE-2014-3632,2022-02-28,0.01055
CVE-2014-3632,2022-03-01,0.01055
CVE-2014-3632,2022-03-02,0.01055
CVE-2014-3632,2022-03-03,0.01055
CVE-2014-3632,2022-03-04,0.01055
CVE-2014-3632,2022-03-05,0.01055
CVE-2014-3632,2022-03-06,0.01055
CVE-2014-3632,2022-03-07,0.01055
CVE-2014-3632,2022-03-08,0.01055
CVE-2014-3632,2022-03-09,0.01055
CVE-2014-3632,2022-03-10,0.01055
CVE-2014-3632,2022-03-11,0.01055
CVE-2014-3632,2022-03-12,0.01055
CVE-2014-3632,2022-03-13,0.01055
CVE-2014-3632,2022-03-14,0.01055
CVE-2014-3632,2022-03-15,0.01055
CVE-2014-3632,2022-03-16,0.01055
CVE-2014-3632,2022-03-17,0.01055
CVE-2014-3632,2022-03-18,0.01055
CVE-2014-3632,2022-03-19,0.01055
CVE-2014-3632,2022-03-20,0.01055
CVE-2014-3632,2022-03-21,0.01055
CVE-2014-3632,2022-03-22,0.01055
CVE-2014-3632,2022-03-23,0.01055
CVE-2014-3632,2022-03-24,0.01055
CVE-2014-3632,2022-03-25,0.01055
CVE-2014-3632,2022-03-26,0.01055
CVE-2014-3632,2022-03-27,0.01055
CVE-2014-3632,2022-03-28,0.01055
CVE-2014-3632,2022-03-29,0.01055
CVE-2014-3632,2022-03-30,0.01055
CVE-2014-3632,2022-03-31,0.01055
CVE-2014-3632,2022-04-01,0.01055
CVE-2014-3632,2022-04-02,0.01055
CVE-2014-3632,2022-04-03,0.01055
CVE-2014-3632,2022-04-04,0.01055
CVE-2014-3632,2022-04-05,0.01055
CVE-2014-3632,2022-04-06,0.01055
CVE-2014-3632,2022-04-07,0.01055
CVE-2014-3632,2022-04-08,0.01055
CVE-2014-3632,2022-04-09,0.01055
CVE-2014-3632,2022-04-10,0.01055
CVE-2014-3632,2022-04-11,0.01055
CVE-2014-3632,2022-04-12,0.01055
CVE-2014-3632,2022-04-13,0.01055
CVE-2014-3632,2022-04-14,0.01055
CVE-2014-3632,2022-04-15,0.01055
CVE-2014-3632,2022-04-16,0.01055
CVE-2014-3632,2022-04-17,0.01055
CVE-2014-3632,2022-04-18,0.01055
CVE-2014-3632,2022-04-19,0.01055
CVE-2014-3632,2022-04-20,0.01055
CVE-2014-3632,2022-04-21,0.01055
CVE-2014-3632,2022-04-22,0.01055
CVE-2014-3632,2022-04-23,0.01055
CVE-2014-3632,2022-04-24,0.01055
CVE-2014-3632,2022-04-25,0.01055
CVE-2014-3632,2022-04-26,0.01055
CVE-2014-3632,2022-04-27,0.01055
CVE-2014-3632,2022-04-28,0.01055
CVE-2014-3632,2022-04-29,0.01055
CVE-2014-3632,2022-04-30,0.01055
CVE-2014-3632,2022-05-01,0.01055
CVE-2014-3632,2022-05-02,0.01055
CVE-2014-3632,2022-05-03,0.01055
CVE-2014-3632,2022-05-04,0.01055
CVE-2014-3632,2022-05-05,0.01055
CVE-2014-3632,2022-05-06,0.01055
CVE-2014-3632,2022-05-07,0.01055
CVE-2014-3632,2022-05-08,0.01055
CVE-2014-3632,2022-05-09,0.01055
CVE-2014-3632,2022-05-10,0.01055
CVE-2014-3632,2022-05-11,0.01055
CVE-2014-3632,2022-05-12,0.01055
CVE-2014-3632,2022-05-13,0.01055
CVE-2014-3632,2022-05-14,0.01055
CVE-2014-3632,2022-05-15,0.01055
CVE-2014-3632,2022-05-16,0.01055
CVE-2014-3632,2022-05-17,0.01055
CVE-2014-3632,2022-05-18,0.01055
CVE-2014-3632,2022-05-19,0.01055
CVE-2014-3632,2022-05-20,0.01055
CVE-2014-3632,2022-05-21,0.01055
CVE-2014-3632,2022-05-22,0.01055
CVE-2014-3632,2022-05-23,0.01055
CVE-2014-3632,2022-05-24,0.01055
CVE-2014-3632,2022-05-25,0.01055
CVE-2014-3632,2022-05-26,0.01055
CVE-2014-3632,2022-05-27,0.01055
CVE-2014-3632,2022-05-28,0.01055
CVE-2014-3632,2022-05-29,0.01055
CVE-2014-3632,2022-05-30,0.01055
CVE-2014-3632,2022-05-31,0.01055
CVE-2014-3632,2022-06-01,0.01055
CVE-2014-3632,2022-06-02,0.01055
CVE-2014-3632,2022-06-03,0.01055
CVE-2014-3632,2022-06-04,0.01055
CVE-2014-3632,2022-06-05,0.01055
CVE-2014-3632,2022-06-06,0.01055
CVE-2014-3632,2022-06-07,0.01055
CVE-2014-3632,2022-06-08,0.01055
CVE-2014-3632,2022-06-09,0.01055
CVE-2014-3632,2022-06-10,0.01055
CVE-2014-3632,2022-06-11,0.01055
CVE-2014-3632,2022-06-12,0.01055
CVE-2014-3632,2022-06-13,0.01055
CVE-2014-3632,2022-06-14,0.01055
CVE-2014-3632,2022-06-15,0.01055
CVE-2014-3632,2022-06-16,0.01055
CVE-2014-3632,2022-06-17,0.01055
CVE-2014-3632,2022-06-18,0.01055
CVE-2014-3632,2022-06-19,0.01055
CVE-2014-3632,2022-06-20,0.01055
CVE-2014-3632,2022-06-21,0.01055
CVE-2014-3632,2022-06-22,0.01055
CVE-2014-3632,2022-06-23,0.01055
CVE-2014-3632,2022-06-24,0.01055
CVE-2014-3632,2022-06-25,0.01055
CVE-2014-3632,2022-06-26,0.01055
CVE-2014-3632,2022-06-27,0.01055
CVE-2014-3632,2022-06-28,0.01055
CVE-2014-3632,2022-06-29,0.01055
CVE-2014-3632,2022-06-30,0.01055
CVE-2014-3632,2022-07-01,0.01055
CVE-2014-3632,2022-07-02,0.01055
CVE-2014-3632,2022-07-03,0.01055
CVE-2014-3632,2022-07-04,0.01055
CVE-2014-3632,2022-07-05,0.01055
CVE-2014-3632,2022-07-06,0.01055
CVE-2014-3632,2022-07-07,0.01055
CVE-2014-3632,2022-07-08,0.01055
CVE-2014-3632,2022-07-09,0.01055
CVE-2014-3632,2022-07-10,0.01055
CVE-2014-3632,2022-07-11,0.01055
CVE-2014-3632,2022-07-12,0.01055
CVE-2014-3632,2022-07-13,0.01055
CVE-2014-3632,2022-07-15,0.01055
CVE-2014-3632,2022-07-16,0.01055
CVE-2014-3632,2022-07-17,0.01055
CVE-2014-3632,2022-07-18,0.01055
CVE-2014-3632,2022-07-19,0.01055
CVE-2014-3632,2022-07-20,0.01055
CVE-2014-3632,2022-07-21,0.01055
CVE-2014-3632,2022-07-22,0.01055
CVE-2014-3632,2022-07-23,0.01055
CVE-2014-3632,2022-07-24,0.01055
CVE-2014-3632,2022-07-25,0.01055
CVE-2014-3632,2022-07-26,0.01055
CVE-2014-3632,2022-07-27,0.01055
CVE-2014-3632,2022-07-28,0.01055
CVE-2014-3632,2022-07-29,0.01055
CVE-2014-3632,2022-07-30,0.01055
CVE-2014-3632,2022-07-31,0.01055
CVE-2014-3632,2022-08-01,0.01055
CVE-2014-3632,2022-08-02,0.01055
CVE-2014-3632,2022-08-03,0.01055
CVE-2014-3632,2022-08-04,0.01055
CVE-2014-3632,2022-08-05,0.01055
CVE-2014-3632,2022-08-06,0.01055
CVE-2014-3632,2022-08-07,0.01055
CVE-2014-3632,2022-08-08,0.01055
CVE-2014-3632,2022-08-09,0.01055
CVE-2014-3632,2022-08-10,0.01055
CVE-2014-3632,2022-08-11,0.01055
CVE-2014-3632,2022-08-12,0.01055
CVE-2014-3632,2022-08-13,0.01055
CVE-2014-3632,2022-08-14,0.01055
CVE-2014-3632,2022-08-15,0.01055
CVE-2014-3632,2022-08-16,0.01055
CVE-2014-3632,2022-08-17,0.01055
CVE-2014-3632,2022-08-18,0.01055
CVE-2014-3632,2022-08-19,0.01055
CVE-2014-3632,2022-08-20,0.01055
CVE-2014-3632,2022-08-21,0.01055
CVE-2014-3632,2022-08-22,0.01055
CVE-2014-3632,2022-08-23,0.01055
CVE-2014-3632,2022-08-24,0.01055
CVE-2014-3632,2022-08-25,0.01055
CVE-2014-3632,2022-08-26,0.01055
CVE-2014-3632,2022-08-27,0.01055
CVE-2014-3632,2022-08-28,0.01055
CVE-2014-3632,2022-08-29,0.01055
CVE-2014-3632,2022-08-30,0.01055
CVE-2014-3632,2022-08-31,0.01055
CVE-2014-3632,2022-09-01,0.01055
CVE-2014-3632,2022-09-02,0.01055
CVE-2014-3632,2022-09-03,0.01055
CVE-2014-3632,2022-09-04,0.01055
CVE-2014-3632,2022-09-05,0.01055
CVE-2014-3632,2022-09-06,0.01055
CVE-2014-3632,2022-09-07,0.01055
CVE-2014-3632,2022-09-08,0.01055
CVE-2014-3632,2022-09-09,0.01055
CVE-2014-3632,2022-09-10,0.01055
CVE-2014-3632,2022-09-11,0.01055
CVE-2014-3632,2022-09-12,0.01055
CVE-2014-3632,2022-09-13,0.01055
CVE-2014-3632,2022-09-14,0.01055
CVE-2014-3632,2022-09-15,0.01055
CVE-2014-3632,2022-09-16,0.01055
CVE-2014-3632,2022-09-17,0.01055
CVE-2014-3632,2022-09-18,0.01055
CVE-2014-3632,2022-09-19,0.01055
CVE-2014-3632,2022-09-20,0.01055
CVE-2014-3632,2022-09-21,0.01055
CVE-2014-3632,2022-09-22,0.01055
CVE-2014-3632,2022-09-23,0.01055
CVE-2014-3632,2022-09-24,0.01055
CVE-2014-3632,2022-09-25,0.01055
CVE-2014-3632,2022-09-26,0.01055
CVE-2014-3632,2022-09-27,0.01055
CVE-2014-3632,2022-09-28,0.01055
CVE-2014-3632,2022-09-29,0.01055
CVE-2014-3632,2022-09-30,0.01055
CVE-2014-3632,2022-10-01,0.01055
CVE-2014-3632,2022-10-02,0.01055
CVE-2014-3632,2022-10-03,0.01055
CVE-2014-3632,2022-10-04,0.01055
CVE-2014-3632,2022-10-05,0.01055
CVE-2014-3632,2022-10-06,0.01055
CVE-2014-3632,2022-10-07,0.01055
CVE-2014-3632,2022-10-08,0.01055
CVE-2014-3632,2022-10-09,0.01055
CVE-2014-3632,2022-10-10,0.01055
CVE-2014-3632,2022-10-11,0.01055
CVE-2014-3632,2022-10-12,0.01055
CVE-2014-3632,2022-10-13,0.01055
CVE-2014-3632,2022-10-14,0.01055
CVE-2014-3632,2022-10-15,0.01055
CVE-2014-3632,2022-10-16,0.01055
CVE-2014-3632,2022-10-17,0.01055
CVE-2014-3632,2022-10-18,0.01055
CVE-2014-3632,2022-10-19,0.01055
CVE-2014-3632,2022-10-20,0.01055
CVE-2014-3632,2022-10-21,0.01055
CVE-2014-3632,2022-10-22,0.01055
CVE-2014-3632,2022-10-23,0.01055
CVE-2014-3632,2022-10-24,0.01055
CVE-2014-3632,2022-10-25,0.01055
CVE-2014-3632,2022-10-26,0.01055
CVE-2014-3632,2022-10-27,0.01055
CVE-2014-3632,2022-10-28,0.01055
CVE-2014-3632,2022-10-29,0.01055
CVE-2014-3632,2022-10-30,0.01055
CVE-2014-3632,2022-10-31,0.01055
CVE-2014-3632,2022-11-01,0.01055
CVE-2014-3632,2022-11-02,0.01055
CVE-2014-3632,2022-11-03,0.01055
CVE-2014-3632,2022-11-04,0.01055
CVE-2014-3632,2022-11-05,0.01055
CVE-2014-3632,2022-11-06,0.01055
CVE-2014-3632,2022-11-07,0.01055
CVE-2014-3632,2022-11-08,0.01055
CVE-2014-3632,2022-11-09,0.01055
CVE-2014-3632,2022-11-10,0.01055
CVE-2014-3632,2022-11-11,0.01055
CVE-2014-3632,2022-11-12,0.01055
CVE-2014-3632,2022-11-13,0.01055
CVE-2014-3632,2022-11-14,0.01055
CVE-2014-3632,2022-11-15,0.01055
CVE-2014-3632,2022-11-16,0.01055
CVE-2014-3632,2022-11-17,0.01055
CVE-2014-3632,2022-11-18,0.01055
CVE-2014-3632,2022-11-19,0.01055
CVE-2014-3632,2022-11-20,0.01055
CVE-2014-3632,2022-11-21,0.01055
CVE-2014-3632,2022-11-22,0.01055
CVE-2014-3632,2022-11-23,0.01055
CVE-2014-3632,2022-11-24,0.01055
CVE-2014-3632,2022-11-25,0.01055
CVE-2014-3632,2022-11-26,0.01055
CVE-2014-3632,2022-11-27,0.01055
CVE-2014-3632,2022-11-28,0.01055
CVE-2014-3632,2022-11-29,0.01055
CVE-2014-3632,2022-11-30,0.01055
CVE-2014-3632,2022-12-01,0.01055
CVE-2014-3632,2022-12-02,0.01055
CVE-2014-3632,2022-12-03,0.01055
CVE-2014-3632,2022-12-04,0.01055
CVE-2014-3632,2022-12-05,0.01055
CVE-2014-3632,2022-12-06,0.01055
CVE-2014-3632,2022-12-07,0.01055
CVE-2014-3632,2022-12-08,0.01055
CVE-2014-3632,2022-12-09,0.01055
CVE-2014-3632,2022-12-10,0.01055
CVE-2014-3632,2022-12-11,0.01055
CVE-2014-3632,2022-12-12,0.01055
CVE-2014-3632,2022-12-13,0.01055
CVE-2014-3632,2022-12-14,0.01055
CVE-2014-3632,2022-12-15,0.01055
CVE-2014-3632,2022-12-16,0.01055
CVE-2014-3632,2022-12-17,0.01055
CVE-2014-3632,2022-12-18,0.01055
CVE-2014-3632,2022-12-19,0.01055
CVE-2014-3632,2022-12-20,0.01055
CVE-2014-3632,2022-12-21,0.01055
CVE-2014-3632,2022-12-22,0.01055
CVE-2014-3632,2022-12-23,0.01055
CVE-2014-3632,2022-12-24,0.01055
CVE-2014-3632,2022-12-25,0.01055
CVE-2014-3632,2022-12-26,0.01055
CVE-2014-3632,2022-12-27,0.01055
CVE-2014-3632,2022-12-28,0.01055
CVE-2014-3632,2022-12-29,0.01055
CVE-2014-3632,2022-12-30,0.01055
CVE-2014-3632,2022-12-31,0.01055
CVE-2014-3632,2023-01-01,0.01055
CVE-2014-3632,2023-01-02,0.01055
CVE-2014-3632,2023-01-03,0.01055
CVE-2014-3632,2023-01-04,0.01055
CVE-2014-3632,2023-01-05,0.01055
CVE-2014-3632,2023-01-06,0.01055
CVE-2014-3632,2023-01-07,0.01055
CVE-2014-3632,2023-01-08,0.01055
CVE-2014-3632,2023-01-09,0.01055
CVE-2014-3632,2023-01-10,0.01055
CVE-2014-3632,2023-01-11,0.01055
CVE-2014-3632,2023-01-12,0.01055
CVE-2014-3632,2023-01-13,0.01055
CVE-2014-3632,2023-01-14,0.01055
CVE-2014-3632,2023-01-15,0.01055
CVE-2014-3632,2023-01-16,0.01055
CVE-2014-3632,2023-01-17,0.01055
CVE-2014-3632,2023-01-18,0.01055
CVE-2014-3632,2023-01-19,0.01055
CVE-2014-3632,2023-01-20,0.01055
CVE-2014-3632,2023-01-21,0.01055
CVE-2014-3632,2023-01-22,0.01055
CVE-2014-3632,2023-01-23,0.01055
CVE-2014-3632,2023-01-24,0.01055
CVE-2014-3632,2023-01-25,0.01055
CVE-2014-3632,2023-01-26,0.01055
CVE-2014-3632,2023-01-27,0.01055
CVE-2014-3632,2023-01-28,0.01055
CVE-2014-3632,2023-01-29,0.01055
CVE-2014-3632,2023-01-30,0.01055
CVE-2014-3632,2023-01-31,0.01055
CVE-2014-3632,2023-02-01,0.01055
CVE-2014-3632,2023-02-02,0.01055
CVE-2014-3632,2023-02-03,0.01018
CVE-2014-3632,2023-02-04,0.01018
CVE-2014-3632,2023-02-05,0.01018
CVE-2014-3632,2023-02-06,0.01018
CVE-2014-3632,2023-02-07,0.01018
CVE-2014-3632,2023-02-08,0.01018
CVE-2014-3632,2023-02-09,0.01018
CVE-2014-3632,2023-02-10,0.01018
CVE-2014-3632,2023-02-11,0.01018
CVE-2014-3632,2023-02-12,0.01018
CVE-2014-3632,2023-02-13,0.01055
CVE-2014-3632,2023-02-14,0.01055
CVE-2014-3632,2023-02-15,0.01055
CVE-2014-3632,2023-02-16,0.01055
CVE-2014-3632,2023-02-17,0.01055
CVE-2014-3632,2023-02-18,0.01055
CVE-2014-3632,2023-02-19,0.01055
CVE-2014-3632,2023-02-20,0.01055
CVE-2014-3632,2023-02-21,0.01055
CVE-2014-3632,2023-02-22,0.01055
CVE-2014-3632,2023-02-23,0.01055
CVE-2014-3632,2023-02-24,0.01055
CVE-2014-3632,2023-02-25,0.01055
CVE-2014-3632,2023-02-26,0.01055
CVE-2014-3632,2023-02-27,0.01055
CVE-2014-3632,2023-02-28,0.01055
CVE-2014-3632,2023-03-01,0.01055
CVE-2014-3632,2023-03-02,0.01055
CVE-2014-3632,2023-03-03,0.01055
CVE-2014-3632,2023-03-04,0.01055
CVE-2014-3632,2023-03-05,0.01055
CVE-2014-3632,2023-03-06,0.01055
CVE-2014-3632,2023-03-07,0.00368
CVE-2014-3632,2023-03-08,0.00368
CVE-2014-3632,2023-03-09,0.00368
CVE-2014-3632,2023-03-10,0.00368
CVE-2014-3632,2023-03-11,0.00368
CVE-2014-3632,2023-03-12,0.00368
CVE-2014-3632,2023-03-13,0.00368
CVE-2014-3632,2023-03-14,0.00368
CVE-2014-3632,2023-03-15,0.00368
CVE-2014-3632,2023-03-16,0.00368
CVE-2014-3632,2023-03-17,0.00368
CVE-2014-3632,2023-03-18,0.00368
CVE-2014-3632,2023-03-19,0.00368
CVE-2014-3632,2023-03-20,0.00368
CVE-2014-3632,2023-03-21,0.00368
CVE-2014-3632,2023-03-22,0.00368
CVE-2014-3632,2023-03-23,0.00368
CVE-2014-3632,2023-03-24,0.00368
CVE-2014-3632,2023-03-25,0.00368
CVE-2014-3632,2023-03-26,0.00368
CVE-2014-3632,2023-03-27,0.00368
CVE-2014-3632,2023-03-28,0.00368
CVE-2014-3632,2023-03-29,0.00368
CVE-2014-3632,2023-03-30,0.00368
CVE-2014-3632,2023-03-31,0.00368
CVE-2014-3632,2023-04-01,0.00368
CVE-2014-3632,2023-04-02,0.00368
CVE-2014-3632,2023-04-03,0.00368
CVE-2014-3632,2023-04-04,0.00368
CVE-2014-3632,2023-04-05,0.00368
CVE-2014-3632,2023-04-06,0.00368
CVE-2014-3632,2023-04-07,0.00368
CVE-2014-3632,2023-04-08,0.00368
CVE-2014-3632,2023-04-09,0.00368
CVE-2014-3632,2023-04-10,0.00368
CVE-2014-3632,2023-04-11,0.00368
CVE-2014-3632,2023-04-12,0.00368
CVE-2014-3632,2023-04-13,0.00368
CVE-2014-3632,2023-04-14,0.00368
CVE-2014-3632,2023-04-15,0.00368
CVE-2014-3632,2023-04-16,0.00368
CVE-2014-3632,2023-04-17,0.00368
CVE-2014-3632,2023-04-18,0.00368
CVE-2014-3632,2023-04-19,0.00368
CVE-2014-3632,2023-04-20,0.00368
CVE-2014-3632,2023-04-21,0.00368
CVE-2014-3632,2023-04-22,0.00368
CVE-2014-3632,2023-04-23,0.00368
CVE-2014-3632,2023-04-24,0.00368
CVE-2014-3632,2023-04-25,0.00368
CVE-2014-3632,2023-04-26,0.00368
CVE-2014-3632,2023-04-27,0.00368
CVE-2014-3632,2023-04-28,0.00368
CVE-2014-3632,2023-04-29,0.00368
CVE-2014-3632,2023-04-30,0.00368
CVE-2014-3632,2023-05-01,0.00368
CVE-2014-3632,2023-05-02,0.00368
CVE-2014-3632,2023-05-03,0.00368
CVE-2014-3632,2023-05-04,0.00368
CVE-2014-3632,2023-05-05,0.00368
CVE-2014-3632,2023-05-06,0.00368
CVE-2014-3632,2023-05-07,0.00368
CVE-2014-3632,2023-05-08,0.00368
CVE-2014-3632,2023-05-09,0.00368
CVE-2014-3632,2023-05-10,0.00368
CVE-2014-3632,2023-05-11,0.00368
CVE-2014-3632,2023-05-12,0.00368
CVE-2014-3632,2023-05-13,0.00368
CVE-2014-3632,2023-05-14,0.00368
CVE-2014-3632,2023-05-15,0.00368
CVE-2014-3632,2023-05-16,0.00368
CVE-2014-3632,2023-05-17,0.00368
CVE-2014-3632,2023-05-18,0.00368
CVE-2014-3632,2023-05-19,0.00368
CVE-2014-3632,2023-05-20,0.00368
CVE-2014-3632,2023-05-21,0.00368
CVE-2014-3632,2023-05-22,0.00368
CVE-2014-3632,2023-05-23,0.00368
CVE-2014-3632,2023-05-24,0.00368
CVE-2014-3632,2023-05-25,0.00368
CVE-2014-3632,2023-05-26,0.00368
CVE-2014-3632,2023-05-27,0.00368
CVE-2014-3632,2023-05-28,0.00368
CVE-2014-3632,2023-05-29,0.00368
CVE-2014-3632,2023-05-30,0.00368
CVE-2014-3632,2023-05-31,0.00368
CVE-2014-3632,2023-06-01,0.00368
CVE-2014-3632,2023-06-02,0.00368
CVE-2014-3632,2023-06-03,0.00368
CVE-2014-3632,2023-06-04,0.00368
CVE-2014-3632,2023-06-05,0.00368
CVE-2014-3632,2023-06-06,0.00368
CVE-2014-3632,2023-06-07,0.00368
CVE-2014-3632,2023-06-08,0.00368
CVE-2014-3632,2023-06-09,0.00368
CVE-2014-3632,2023-06-10,0.00368
CVE-2014-3632,2023-06-11,0.00368
CVE-2014-3632,2023-06-12,0.00368
CVE-2014-3632,2023-06-13,0.00368
CVE-2014-3632,2023-06-14,0.00368
CVE-2014-3632,2023-06-15,0.00368
CVE-2014-3632,2023-06-16,0.00368
CVE-2014-3632,2023-06-17,0.00368
CVE-2014-3632,2023-06-18,0.00368
CVE-2014-3632,2023-06-19,0.00368
CVE-2014-3632,2023-06-20,0.00368
CVE-2014-3632,2023-06-21,0.00368
CVE-2014-3632,2023-06-22,0.00368
CVE-2014-3632,2023-06-23,0.00368
CVE-2014-3632,2023-06-24,0.00368
CVE-2014-3632,2023-06-25,0.00368
CVE-2014-3632,2023-06-26,0.00368
CVE-2014-3632,2023-06-27,0.00368
CVE-2014-3632,2023-06-28,0.00368
CVE-2014-3632,2023-06-29,0.00368
CVE-2014-3632,2023-06-30,0.00368
CVE-2014-3632,2023-07-01,0.00368
CVE-2014-3632,2023-07-02,0.00368
CVE-2014-3632,2023-07-03,0.00368
CVE-2014-3632,2023-07-04,0.00368
CVE-2014-3632,2023-07-05,0.00368
CVE-2014-3632,2023-07-06,0.00368
CVE-2014-3632,2023-07-07,0.00368
CVE-2014-3632,2023-07-08,0.00368
CVE-2014-3632,2023-07-09,0.00368
CVE-2014-3632,2023-07-10,0.00368
CVE-2014-3632,2023-07-11,0.00368
CVE-2014-3632,2023-07-12,0.00368
CVE-2014-3632,2023-07-13,0.00368
CVE-2014-3632,2023-07-14,0.00368
CVE-2014-3632,2023-07-15,0.00368
CVE-2014-3632,2023-07-16,0.00368
CVE-2014-3632,2023-07-17,0.00368
CVE-2014-3632,2023-07-18,0.00368
CVE-2014-3632,2023-07-19,0.00368
CVE-2014-3632,2023-07-20,0.00368
CVE-2014-3632,2023-07-21,0.00368
CVE-2014-3632,2023-07-22,0.00368
CVE-2014-3632,2023-07-23,0.00368
CVE-2014-3632,2023-07-24,0.00368
CVE-2014-3632,2023-07-25,0.00368
CVE-2014-3632,2023-07-26,0.00368
CVE-2014-3632,2023-07-27,0.00368
CVE-2014-3632,2023-07-28,0.00368
CVE-2014-3632,2023-07-29,0.00368
CVE-2014-3632,2023-07-30,0.00368
CVE-2014-3632,2023-07-31,0.00368
CVE-2014-3632,2023-08-01,0.00368
CVE-2014-3632,2023-08-02,0.00368
CVE-2014-3632,2023-08-03,0.00368
CVE-2014-3632,2023-08-04,0.00368
CVE-2014-3632,2023-08-05,0.00368
CVE-2014-3632,2023-08-06,0.00368
CVE-2014-3632,2023-08-07,0.00368
CVE-2014-3632,2023-08-08,0.00368
CVE-2014-3632,2023-08-09,0.00368
CVE-2014-3632,2023-08-10,0.00368
CVE-2014-3632,2023-08-11,0.00368
CVE-2014-3632,2023-08-12,0.00368
CVE-2014-3632,2023-08-13,0.00368
CVE-2014-3632,2023-08-14,0.00368
CVE-2014-3632,2023-08-15,0.00368
CVE-2014-3632,2023-08-16,0.00368
CVE-2014-3632,2023-08-17,0.00368
CVE-2014-3632,2023-08-18,0.00368
CVE-2014-3632,2023-08-19,0.00368
CVE-2014-3632,2023-08-20,0.00368
CVE-2014-3632,2023-08-21,0.00368
CVE-2014-3632,2023-08-22,0.00368
CVE-2014-3632,2023-08-23,0.00368
CVE-2014-3632,2023-08-24,0.00368
CVE-2014-3632,2023-08-25,0.00368
CVE-2014-3632,2023-08-26,0.00368
CVE-2014-3632,2023-08-27,0.00368
CVE-2014-3632,2023-08-28,0.00368
CVE-2014-3632,2023-08-29,0.00368
CVE-2014-3632,2023-08-30,0.00368
CVE-2014-3632,2023-08-31,0.00368
CVE-2014-3632,2023-09-01,0.00368
CVE-2014-3632,2023-09-02,0.00368
CVE-2014-3632,2023-09-03,0.00368
CVE-2014-3632,2023-09-04,0.00368
CVE-2014-3632,2023-09-05,0.00368
CVE-2014-3632,2023-09-06,0.00368
CVE-2014-3632,2023-09-07,0.00368
CVE-2014-3632,2023-09-08,0.00368
CVE-2014-3632,2023-09-09,0.00368
CVE-2014-3632,2023-09-10,0.00368
CVE-2014-3632,2023-09-11,0.00368
CVE-2014-3632,2023-09-12,0.00368
CVE-2014-3632,2023-09-13,0.00368
CVE-2014-3632,2023-09-14,0.00368
CVE-2014-3632,2023-09-15,0.00368
CVE-2014-3632,2023-09-16,0.00368
CVE-2014-3632,2023-09-17,0.00368
CVE-2014-3632,2023-09-18,0.00368
CVE-2014-3632,2023-09-19,0.00368
CVE-2014-3632,2023-09-20,0.00368
CVE-2014-3632,2023-09-21,0.00368
CVE-2014-3632,2023-09-22,0.00368
CVE-2014-3632,2023-09-23,0.00368
CVE-2014-3632,2023-09-24,0.00368
CVE-2014-3632,2023-09-25,0.00368
CVE-2014-3632,2023-09-26,0.00368
CVE-2014-3632,2023-09-27,0.00368
CVE-2014-3632,2023-09-28,0.00368
CVE-2014-3632,2023-09-29,0.00368
CVE-2014-3632,2023-09-30,0.00368
CVE-2014-3632,2023-10-01,0.00368
CVE-2014-3632,2023-10-02,0.00368
CVE-2014-3632,2023-10-03,0.00368
CVE-2014-3632,2023-10-04,0.00368
CVE-2014-3632,2023-10-05,0.00368
CVE-2014-3632,2023-10-06,0.00368
CVE-2014-3632,2023-10-07,0.00368
CVE-2014-3632,2023-10-08,0.00368
CVE-2014-3632,2023-10-09,0.00368
CVE-2014-3632,2023-10-10,0.00368
CVE-2014-3632,2023-10-11,0.00368
CVE-2014-3632,2023-10-12,0.00368
CVE-2014-3632,2023-10-13,0.00368
CVE-2014-3632,2023-10-14,0.00368
CVE-2014-3632,2023-10-15,0.00368
CVE-2014-3632,2023-10-16,0.00368
CVE-2014-3632,2023-10-17,0.00368
CVE-2014-3632,2023-10-18,0.00368
CVE-2014-3632,2023-10-19,0.00368
CVE-2014-3632,2023-10-20,0.00368
CVE-2014-3632,2023-10-21,0.00368
CVE-2014-3632,2023-10-22,0.00368
CVE-2014-3632,2023-10-23,0.00368
CVE-2014-3632,2023-10-24,0.00368
CVE-2014-3632,2023-10-25,0.00368
CVE-2014-3632,2023-10-26,0.00368
CVE-2014-3632,2023-10-27,0.00368
CVE-2014-3632,2023-10-28,0.00368
CVE-2014-3632,2023-10-29,0.00368
CVE-2014-3632,2023-10-30,0.00368
CVE-2014-3632,2023-10-31,0.00368
CVE-2014-3632,2023-11-01,0.00368
CVE-2014-3632,2023-11-02,0.00368
CVE-2014-3632,2023-11-03,0.00368
CVE-2014-3632,2023-11-04,0.00368
CVE-2014-3632,2023-11-05,0.00368
CVE-2014-3632,2023-11-06,0.00368
CVE-2014-3632,2023-11-07,0.00368
CVE-2014-3632,2023-11-08,0.00368
CVE-2014-3632,2023-11-09,0.00368
CVE-2014-3632,2023-11-10,0.00368
CVE-2014-3632,2023-11-11,0.00368
CVE-2014-3632,2023-11-12,0.00368
CVE-2014-3632,2023-11-13,0.00368
CVE-2014-3632,2023-11-14,0.00368
CVE-2014-3632,2023-11-15,0.00368
CVE-2014-3632,2023-11-16,0.00368
CVE-2014-3632,2023-11-17,0.00368
CVE-2014-3632,2023-11-18,0.00368
CVE-2014-3632,2023-11-19,0.00368
CVE-2014-3632,2023-11-20,0.00368
CVE-2014-3632,2023-11-21,0.00368
CVE-2014-3632,2023-11-22,0.00368
CVE-2014-3632,2023-11-23,0.00368
CVE-2014-3632,2023-11-24,0.00368
CVE-2014-3632,2023-11-25,0.00368
CVE-2014-3632,2023-11-26,0.00368
CVE-2014-3632,2023-11-27,0.00368
CVE-2014-3632,2023-11-28,0.00368
CVE-2014-3632,2023-11-29,0.00368
CVE-2014-3632,2023-11-30,0.00368
CVE-2014-3632,2023-12-01,0.00368
CVE-2014-3632,2023-12-02,0.00368
CVE-2014-3632,2023-12-03,0.00368
CVE-2014-3632,2023-12-04,0.00368
CVE-2014-3632,2023-12-05,0.00368
CVE-2014-3632,2023-12-06,0.00368
CVE-2014-3632,2023-12-07,0.00368
CVE-2014-3632,2023-12-08,0.00368
CVE-2014-3632,2023-12-09,0.00368
CVE-2014-3632,2023-12-10,0.00368
CVE-2014-3632,2023-12-11,0.00368
CVE-2014-3632,2023-12-12,0.00368
CVE-2014-3632,2023-12-13,0.00368
CVE-2014-3632,2023-12-14,0.00368
CVE-2014-3632,2023-12-15,0.00368
CVE-2014-3632,2023-12-16,0.00368
CVE-2014-3632,2023-12-17,0.00368
CVE-2014-3632,2023-12-18,0.00368
CVE-2014-3632,2023-12-19,0.00368
CVE-2014-3632,2023-12-20,0.00368
CVE-2014-3632,2023-12-21,0.00368
CVE-2014-3632,2023-12-22,0.00368
CVE-2014-3632,2023-12-23,0.00368
CVE-2014-3632,2023-12-24,0.00368
CVE-2014-3632,2023-12-25,0.00368
CVE-2014-3632,2023-12-26,0.00368
CVE-2014-3632,2023-12-27,0.00368
CVE-2014-3632,2023-12-28,0.00368
CVE-2014-3632,2023-12-29,0.00368
CVE-2014-3632,2023-12-30,0.00368
CVE-2014-3632,2023-12-31,0.00368
CVE-2014-3632,2024-01-01,0.00368
CVE-2014-3632,2024-01-02,0.00368
CVE-2014-3632,2024-01-03,0.00368
CVE-2014-3632,2024-01-04,0.00368
CVE-2014-3632,2024-01-05,0.00368
CVE-2014-3632,2024-01-06,0.00368
CVE-2014-3632,2024-01-07,0.00368
CVE-2014-3632,2024-01-08,0.00368
CVE-2014-3632,2024-01-09,0.00368
CVE-2014-3632,2024-01-10,0.00368
CVE-2014-3632,2024-01-11,0.00368
CVE-2014-3632,2024-01-12,0.00368
CVE-2014-3632,2024-01-13,0.00368
CVE-2014-3632,2024-01-14,0.00368
CVE-2014-3632,2024-01-15,0.00368
CVE-2014-3632,2024-01-16,0.00368
CVE-2014-3632,2024-01-17,0.00368
CVE-2014-3632,2024-01-18,0.00368
CVE-2014-3632,2024-01-19,0.00368
CVE-2014-3632,2024-01-20,0.00368
CVE-2014-3632,2024-01-21,0.00368
CVE-2014-3632,2024-01-22,0.00368
CVE-2014-3632,2024-01-23,0.00368
CVE-2014-3632,2024-01-24,0.00368
CVE-2014-3632,2024-01-25,0.00368
CVE-2014-3632,2024-01-26,0.00368
CVE-2014-3632,2024-01-27,0.00368
CVE-2014-3632,2024-01-28,0.00368
CVE-2014-3632,2024-01-29,0.00368
CVE-2014-3632,2024-01-30,0.00368
CVE-2014-3632,2024-01-31,0.00368
CVE-2014-3632,2024-02-01,0.00368
CVE-2014-3632,2024-02-02,0.00368
CVE-2014-3632,2024-02-03,0.00368
CVE-2014-3632,2024-02-04,0.00368
CVE-2014-3632,2024-02-05,0.00368
CVE-2014-3632,2024-02-06,0.00368
CVE-2014-3632,2024-02-07,0.00368
CVE-2014-3632,2024-02-08,0.00368
CVE-2014-3632,2024-02-09,0.00368
CVE-2014-3632,2024-02-10,0.00368
CVE-2014-3632,2024-02-11,0.00368
CVE-2014-3632,2024-02-12,0.00368
CVE-2014-3632,2024-02-13,0.00368
CVE-2014-3632,2024-02-14,0.00368
CVE-2014-3632,2024-02-15,0.00368
CVE-2014-3632,2024-02-16,0.00368
CVE-2014-3632,2024-02-17,0.00368
CVE-2014-3632,2024-02-18,0.00368
CVE-2014-3632,2024-02-19,0.00368
CVE-2014-3632,2024-02-20,0.00368
CVE-2014-3632,2024-02-21,0.00368
CVE-2014-3632,2024-02-22,0.00368
CVE-2014-3632,2024-02-23,0.00368
CVE-2014-3632,2024-02-24,0.00368
CVE-2014-3632,2024-02-25,0.00368
CVE-2014-3632,2024-02-26,0.00368
CVE-2014-3632,2024-02-27,0.00368
CVE-2014-3632,2024-02-28,0.00368
CVE-2014-3632,2024-02-29,0.00368
CVE-2014-3632,2024-03-01,0.00368
CVE-2014-3632,2024-03-02,0.00368
CVE-2014-3632,2024-03-03,0.00368
CVE-2014-3632,2024-03-04,0.00368
CVE-2014-3632,2024-03-05,0.00368
CVE-2014-3632,2024-03-06,0.00368
CVE-2014-3632,2024-03-07,0.00368
CVE-2014-3632,2024-03-08,0.00368
CVE-2014-3632,2024-03-09,0.00368
CVE-2014-3632,2024-03-10,0.00368
CVE-2014-3632,2024-03-11,0.00368
CVE-2014-3632,2024-03-12,0.00368
CVE-2014-3632,2024-03-13,0.00368
CVE-2014-3632,2024-03-14,0.00368
CVE-2014-3632,2024-03-15,0.00368
CVE-2014-3632,2024-03-16,0.00368
CVE-2014-3632,2024-03-17,0.00368
CVE-2014-3632,2024-03-18,0.00368
CVE-2014-3632,2024-03-19,0.00368
CVE-2014-3632,2024-03-20,0.00368
CVE-2014-3632,2024-03-21,0.00368
CVE-2014-3632,2024-03-22,0.00368
CVE-2014-3632,2024-03-23,0.00368
CVE-2014-3632,2024-03-24,0.00368
CVE-2014-3632,2024-03-25,0.00368
CVE-2014-3632,2024-03-26,0.00368
CVE-2014-3632,2024-03-27,0.00368
CVE-2014-3632,2024-03-28,0.00368
CVE-2014-3632,2024-03-29,0.00368
CVE-2014-3632,2024-03-30,0.00368
CVE-2014-3632,2024-03-31,0.00368
CVE-2014-3632,2024-04-01,0.00368
CVE-2014-3632,2024-04-02,0.00368
CVE-2014-3632,2024-04-03,0.00368
CVE-2014-3632,2024-04-04,0.00368
CVE-2014-3632,2024-04-05,0.00368
CVE-2014-3632,2024-04-06,0.00368
CVE-2014-3632,2024-04-07,0.00368
CVE-2014-3632,2024-04-08,0.00368
CVE-2014-3632,2024-04-09,0.00368
CVE-2014-3632,2024-04-10,0.00368
CVE-2014-3632,2024-04-11,0.00368
CVE-2014-3632,2024-04-12,0.00368
CVE-2014-3632,2024-04-13,0.00368
CVE-2014-3632,2024-04-14,0.00368
CVE-2014-3632,2024-04-15,0.00368
CVE-2014-3632,2024-04-16,0.00368
CVE-2014-3632,2024-04-17,0.00368
CVE-2014-3632,2024-04-18,0.00368
CVE-2014-3632,2024-04-19,0.00368
CVE-2014-3632,2024-04-20,0.00368
CVE-2014-3632,2024-04-21,0.00368
CVE-2014-3632,2024-04-22,0.00368
CVE-2014-3632,2024-04-23,0.00368
CVE-2014-3632,2024-04-24,0.00368
CVE-2014-3632,2024-04-25,0.00368
CVE-2014-3632,2024-04-26,0.00368
CVE-2014-3632,2024-04-27,0.00368
CVE-2014-3632,2024-04-28,0.00368
CVE-2014-3632,2024-04-29,0.00368
CVE-2014-3632,2024-04-30,0.00368
CVE-2014-3632,2024-05-01,0.00368
CVE-2014-3632,2024-05-02,0.00368
CVE-2014-3632,2024-05-03,0.00368
CVE-2014-3632,2024-05-04,0.00368
CVE-2014-3632,2024-05-05,0.00368
CVE-2014-3632,2024-05-06,0.00368
CVE-2014-3632,2024-05-07,0.00368
CVE-2014-3632,2024-05-08,0.00368
CVE-2014-3632,2024-05-09,0.00368
CVE-2014-3632,2024-05-10,0.00368
CVE-2014-3632,2024-05-11,0.00368
CVE-2014-3632,2024-05-12,0.00368
CVE-2014-3632,2024-05-13,0.00368
CVE-2014-3632,2024-05-14,0.00368
CVE-2014-3632,2024-05-15,0.00368
CVE-2014-3632,2024-05-16,0.00368
CVE-2014-3632,2024-05-17,0.00368
CVE-2014-3632,2024-05-18,0.00368
CVE-2014-3632,2024-05-19,0.00368
CVE-2014-3632,2024-05-20,0.00368
CVE-2014-3632,2024-05-21,0.00368
CVE-2014-3632,2024-05-22,0.00368
CVE-2014-3632,2024-05-23,0.00368
CVE-2014-3632,2024-05-24,0.00368
CVE-2014-3632,2024-05-25,0.00368
CVE-2014-3632,2024-05-26,0.00368
CVE-2014-3632,2024-05-27,0.00368
CVE-2014-3632,2024-05-28,0.00368
CVE-2014-3632,2024-05-29,0.00368
CVE-2014-3632,2024-05-30,0.00368
CVE-2014-3632,2024-05-31,0.00368
CVE-2014-3632,2024-06-01,0.00368
CVE-2014-3632,2024-06-02,0.00368
CVE-2014-3632,2024-06-03,0.00368
CVE-2014-3632,2024-06-04,0.00368
CVE-2014-3632,2024-06-05,0.00368
CVE-2014-3632,2024-06-06,0.00368
CVE-2014-3632,2024-06-07,0.00368
CVE-2014-3632,2024-06-08,0.00368
CVE-2014-3632,2024-06-09,0.00368
CVE-2014-3632,2024-06-10,0.00368
CVE-2014-3632,2024-06-11,0.00368
CVE-2014-3632,2024-06-12,0.00368
CVE-2014-3632,2024-06-13,0.00368
CVE-2014-3632,2024-06-14,0.00368
CVE-2014-3632,2024-06-15,0.00368
CVE-2014-3632,2024-06-16,0.00368
CVE-2014-3632,2024-06-17,0.00368
CVE-2014-3632,2024-06-18,0.00368
CVE-2014-3632,2024-06-19,0.00368
CVE-2014-3632,2024-06-20,0.00368
CVE-2014-3632,2024-06-21,0.00368
CVE-2014-3632,2024-06-22,0.00368
CVE-2014-3632,2024-06-23,0.00368
CVE-2014-3632,2024-06-24,0.00368
CVE-2014-3632,2024-06-25,0.00368
CVE-2014-3632,2024-06-26,0.00368
CVE-2014-3632,2024-06-27,0.00368
CVE-2014-3632,2024-06-28,0.00368
CVE-2014-3632,2024-06-29,0.00368
CVE-2014-3632,2024-06-30,0.00368
CVE-2014-3632,2024-07-01,0.00368
CVE-2014-3632,2024-07-02,0.00368
CVE-2014-3632,2024-07-03,0.00368
CVE-2014-3632,2024-07-04,0.00368
CVE-2014-3632,2024-07-05,0.00368
CVE-2014-3632,2024-07-06,0.00368
CVE-2014-3632,2024-07-07,0.00368
CVE-2014-3632,2024-07-08,0.00368
CVE-2014-3632,2024-07-09,0.00368
CVE-2014-3632,2024-07-10,0.00368
CVE-2014-3632,2024-07-11,0.00368
CVE-2014-3632,2024-07-12,0.00368
CVE-2014-3632,2024-07-13,0.00368
CVE-2014-3632,2024-07-14,0.00368
CVE-2014-3632,2024-07-15,0.00368
CVE-2014-3632,2024-07-16,0.00368
CVE-2014-3632,2024-07-17,0.00368
CVE-2014-3632,2024-07-18,0.00368
CVE-2014-3632,2024-07-19,0.00368
CVE-2014-3632,2024-07-20,0.00368
CVE-2014-3632,2024-07-21,0.00368
CVE-2014-3632,2024-07-22,0.00368
CVE-2014-3632,2024-07-23,0.00368
CVE-2014-3632,2024-07-24,0.00368
CVE-2014-3632,2024-07-25,0.00368
CVE-2014-3632,2024-07-26,0.00368
CVE-2014-3632,2024-07-27,0.00368
CVE-2014-3632,2024-07-28,0.00368
CVE-2014-3632,2024-07-29,0.00368
CVE-2014-3632,2024-07-30,0.00368
CVE-2014-3632,2024-07-31,0.00368
CVE-2014-3632,2024-08-01,0.00368
CVE-2014-3632,2024-08-02,0.00368
CVE-2014-3632,2024-08-03,0.00368
CVE-2014-3632,2024-08-04,0.00368
CVE-2014-3632,2024-08-05,0.00368
CVE-2014-3632,2024-08-06,0.00368
CVE-2014-3632,2024-08-07,0.00368
CVE-2014-3632,2024-08-08,0.00368
CVE-2014-3632,2024-08-09,0.00368
CVE-2014-3632,2024-08-10,0.00368
CVE-2014-3632,2024-08-11,0.00368
CVE-2014-3632,2024-08-12,0.00368
CVE-2014-3632,2024-08-13,0.00368
CVE-2014-3632,2024-08-14,0.00368
CVE-2014-3632,2024-08-15,0.00368
CVE-2014-3632,2024-08-16,0.00368
CVE-2014-3632,2024-08-17,0.00368
CVE-2014-3632,2024-08-18,0.00368
CVE-2014-3632,2024-08-19,0.00368
CVE-2014-3632,2024-08-20,0.00368
CVE-2014-3632,2024-08-21,0.00368
CVE-2014-3632,2024-08-22,0.00368
CVE-2014-3632,2024-08-23,0.00368
CVE-2014-3632,2024-08-24,0.00368
CVE-2014-3632,2024-08-25,0.00368
CVE-2014-3632,2024-08-26,0.00368
CVE-2014-3632,2024-08-27,0.00368
CVE-2014-3632,2024-08-28,0.00368
CVE-2014-3632,2024-08-29,0.00368
CVE-2014-3632,2024-08-30,0.00368
CVE-2014-3632,2024-08-31,0.00368
CVE-2014-3632,2024-09-01,0.00368
CVE-2014-3632,2024-09-02,0.00368
CVE-2014-3632,2024-09-03,0.00368
CVE-2014-3632,2024-09-04,0.00368
CVE-2014-3632,2024-09-05,0.00368
CVE-2014-3632,2024-09-06,0.00368
CVE-2014-3632,2024-09-07,0.00368
CVE-2014-3632,2024-09-08,0.00368
CVE-2014-3632,2024-09-09,0.00368
CVE-2014-3632,2024-09-10,0.00368
CVE-2014-3632,2024-09-11,0.00368
CVE-2014-3632,2024-09-12,0.00368
CVE-2014-3632,2024-09-13,0.00368
CVE-2014-3632,2024-09-14,0.00368
CVE-2014-3632,2024-09-15,0.00368
CVE-2014-3632,2024-09-16,0.00368
CVE-2014-3632,2024-09-17,0.00368
CVE-2014-3632,2024-09-18,0.00368
CVE-2014-3632,2024-09-19,0.00368
CVE-2014-3632,2024-09-20,0.00368
CVE-2014-3632,2024-09-21,0.00368
CVE-2014-3632,2024-09-22,0.00368
CVE-2014-3632,2024-09-23,0.00368
CVE-2014-3632,2024-09-24,0.00368
CVE-2014-3632,2024-09-25,0.00368
CVE-2014-3632,2024-09-26,0.00368
CVE-2014-3632,2024-09-27,0.00368
CVE-2014-3632,2024-09-28,0.00368
CVE-2014-3632,2024-09-29,0.00368
CVE-2014-3632,2024-09-30,0.00368
CVE-2014-3632,2024-10-01,0.00368
CVE-2014-3632,2024-10-02,0.00368
CVE-2014-3632,2024-10-03,0.00368
CVE-2014-3632,2024-10-04,0.00368
CVE-2014-3632,2024-10-05,0.00368
CVE-2014-3632,2024-10-06,0.00368
CVE-2014-3632,2024-10-07,0.00368
CVE-2014-3632,2024-10-08,0.00368
CVE-2014-3632,2024-10-09,0.00368
CVE-2014-3632,2024-10-10,0.00368
CVE-2014-3632,2024-10-11,0.00368
CVE-2014-3632,2024-10-12,0.00368
CVE-2014-3632,2024-10-13,0.00368
CVE-2014-3632,2024-10-14,0.00368
CVE-2014-3632,2024-10-15,0.00368
CVE-2014-3632,2024-10-16,0.00368
CVE-2014-3632,2024-10-17,0.00368
CVE-2014-3632,2024-10-18,0.00368
CVE-2014-3632,2024-10-19,0.00368
CVE-2014-3632,2024-10-20,0.00368
CVE-2014-3632,2024-10-21,0.00368
CVE-2014-3632,2024-10-22,0.00368
CVE-2014-3632,2024-10-23,0.00368
CVE-2014-3632,2024-10-24,0.00368
CVE-2014-3632,2024-10-25,0.00368
CVE-2014-3632,2024-10-26,0.00368
CVE-2014-3632,2024-10-27,0.00368
CVE-2014-3632,2024-10-28,0.00368
CVE-2014-3632,2024-10-29,0.00368
CVE-2014-3632,2024-10-30,0.00368
CVE-2014-3632,2024-10-31,0.00368
CVE-2014-3632,2024-11-01,0.00368
CVE-2014-3632,2024-11-02,0.00368
CVE-2014-3632,2024-11-03,0.00368
CVE-2014-3632,2024-11-04,0.00368
CVE-2014-3632,2024-11-05,0.00368
CVE-2014-3632,2024-11-06,0.00368
CVE-2014-3632,2024-11-07,0.00368
CVE-2014-3632,2024-11-08,0.00368
CVE-2014-3632,2024-11-09,0.00368
CVE-2014-3632,2024-11-10,0.00368
CVE-2014-3632,2024-11-11,0.00368
CVE-2014-3632,2024-11-12,0.00368
CVE-2014-3632,2024-11-13,0.00368
CVE-2014-3632,2024-11-14,0.00368
CVE-2014-3632,2024-11-15,0.00368
CVE-2014-3632,2024-11-16,0.00368
CVE-2014-3632,2024-11-17,0.00368
CVE-2014-3632,2024-11-18,0.00368
CVE-2014-3632,2024-11-19,0.00368
CVE-2014-3632,2024-11-20,0.00368
CVE-2014-3632,2024-11-21,0.00368
CVE-2014-3632,2024-11-22,0.00368
CVE-2014-3632,2024-11-23,0.00368
CVE-2014-3632,2024-11-24,0.00368
CVE-2014-3632,2024-11-25,0.00368
CVE-2014-3632,2024-11-26,0.00368
CVE-2014-3632,2024-11-27,0.00368
CVE-2014-3632,2024-11-28,0.00368
CVE-2014-3632,2024-11-29,0.00368
CVE-2014-3632,2024-11-30,0.00368
CVE-2014-3632,2024-12-02,0.00368
CVE-2014-3632,2024-12-03,0.00368
CVE-2014-3632,2024-12-04,0.00368
CVE-2014-3632,2024-12-05,0.00368
CVE-2014-3632,2024-12-06,0.00368
CVE-2014-3632,2024-12-07,0.00368
CVE-2014-3632,2024-12-08,0.00368
CVE-2014-3632,2024-12-09,0.00368
CVE-2014-3632,2024-12-10,0.00368
CVE-2014-3632,2024-12-11,0.00368
CVE-2014-3632,2024-12-12,0.00368
CVE-2014-3632,2024-12-13,0.00368
CVE-2014-3632,2024-12-14,0.00368
CVE-2014-3632,2024-12-15,0.00368
CVE-2014-3632,2024-12-16,0.00368
CVE-2014-3632,2024-12-17,0.0032
CVE-2014-3632,2024-12-18,0.0032
CVE-2014-3632,2024-12-19,0.0032
CVE-2014-3632,2024-12-20,0.0032
CVE-2014-3632,2024-12-21,0.0032
CVE-2014-3632,2024-12-22,0.0032
CVE-2014-3632,2024-12-23,0.0032
CVE-2014-3632,2024-12-24,0.0032
CVE-2014-3632,2024-12-25,0.0032
CVE-2014-3632,2024-12-26,0.0032
CVE-2014-3632,2024-12-27,0.0032
CVE-2014-3632,2024-12-28,0.0032
CVE-2014-3632,2024-12-29,0.0032
CVE-2014-3632,2024-12-30,0.0032
CVE-2014-3632,2024-12-31,0.0032
CVE-2014-3632,2025-01-01,0.0032
CVE-2014-3632,2025-01-02,0.0032
CVE-2014-3632,2025-01-03,0.0032
CVE-2014-3632,2025-01-04,0.0032
CVE-2014-3632,2025-01-05,0.0032
CVE-2014-3632,2025-01-06,0.0032
CVE-2014-3632,2025-01-07,0.0032
CVE-2014-3632,2025-01-08,0.0032
CVE-2014-3632,2025-01-09,0.0032
CVE-2014-3632,2025-01-10,0.0032
CVE-2014-3632,2025-01-11,0.0032
CVE-2014-3632,2025-01-12,0.0032
CVE-2014-3632,2025-01-13,0.0032
CVE-2014-3632,2025-01-14,0.0032
CVE-2014-3632,2025-01-15,0.0032
CVE-2014-3632,2025-01-16,0.0032
CVE-2014-3632,2025-01-17,0.0032
CVE-2014-3632,2025-01-18,0.0032
CVE-2014-3632,2025-01-19,0.0032
CVE-2014-3632,2025-01-20,0.0032
CVE-2014-3632,2025-01-21,0.0032
CVE-2014-3632,2025-01-22,0.0032
CVE-2014-3632,2025-01-23,0.0032
CVE-2014-3632,2025-01-24,0.0032
CVE-2014-3632,2025-01-25,0.0032
CVE-2014-3632,2025-01-26,0.0032
CVE-2014-3632,2025-01-27,0.0032
CVE-2014-3632,2025-01-28,0.0032
CVE-2014-3632,2025-01-29,0.0032
CVE-2014-3632,2025-01-30,0.0032
CVE-2014-3632,2025-01-31,0.0032
CVE-2014-3632,2025-02-01,0.0032
CVE-2014-3632,2025-02-02,0.0032
CVE-2014-3632,2025-02-03,0.0032
CVE-2014-3632,2025-02-04,0.0032
CVE-2014-3632,2025-02-05,0.0032
CVE-2014-3632,2025-02-06,0.0032
CVE-2014-3632,2025-02-07,0.0032
CVE-2014-3632,2025-02-08,0.0032
CVE-2014-3632,2025-02-09,0.0032
CVE-2014-3632,2025-02-10,0.0032
CVE-2014-3632,2025-02-11,0.0032
CVE-2014-3632,2025-02-12,0.0032
CVE-2014-3632,2025-02-13,0.0032
CVE-2014-3632,2025-02-14,0.0032
CVE-2014-3632,2025-02-15,0.0032
CVE-2014-3632,2025-02-16,0.0032
CVE-2014-3632,2025-02-17,0.0032
CVE-2014-3632,2025-02-18,0.0032
CVE-2014-3632,2025-02-19,0.0032
CVE-2014-3632,2025-02-20,0.0032
CVE-2014-3632,2025-02-21,0.0032
CVE-2014-3632,2025-02-22,0.0032
CVE-2014-3632,2025-02-23,0.0032
CVE-2014-3632,2025-02-24,0.0032
CVE-2014-3632,2025-02-25,0.0032
CVE-2014-3632,2025-02-26,0.0032
CVE-2014-3632,2025-02-27,0.0032
CVE-2014-3632,2025-02-28,0.0032
CVE-2014-3632,2025-03-01,0.0032
CVE-2014-3632,2025-03-02,0.0032
CVE-2014-3632,2025-03-03,0.0032
CVE-2014-3632,2025-03-04,0.0032
CVE-2014-3632,2025-03-05,0.0032
CVE-2014-3632,2025-03-06,0.0032
CVE-2014-3632,2025-03-07,0.0032
CVE-2014-3632,2025-03-08,0.0032
CVE-2014-3632,2025-03-09,0.0032
CVE-2014-3632,2025-03-10,0.0032
CVE-2014-3632,2025-03-11,0.0032
CVE-2014-3632,2025-03-12,0.0032
CVE-2016-4624,2022-02-04,0.03031
CVE-2016-4624,2022-02-05,0.03031
CVE-2016-4624,2022-02-06,0.03031
CVE-2016-4624,2022-02-07,0.03031
CVE-2016-4624,2022-02-08,0.03031
CVE-2016-4624,2022-02-09,0.03031
CVE-2016-4624,2022-02-10,0.03031
CVE-2016-4624,2022-02-11,0.03031
CVE-2016-4624,2022-02-12,0.03031
CVE-2016-4624,2022-02-13,0.03031
CVE-2016-4624,2022-02-14,0.03031
CVE-2016-4624,2022-02-15,0.03031
CVE-2016-4624,2022-02-16,0.03031
CVE-2016-4624,2022-02-17,0.03031
CVE-2016-4624,2022-02-18,0.03031
CVE-2016-4624,2022-02-19,0.03031
CVE-2016-4624,2022-02-20,0.03031
CVE-2016-4624,2022-02-21,0.03031
CVE-2016-4624,2022-02-22,0.03031
CVE-2016-4624,2022-02-23,0.03031
CVE-2016-4624,2022-02-24,0.03031
CVE-2016-4624,2022-02-25,0.03031
CVE-2016-4624,2022-02-26,0.03031
CVE-2016-4624,2022-02-27,0.03031
CVE-2016-4624,2022-02-28,0.03031
CVE-2016-4624,2022-03-01,0.03031
CVE-2016-4624,2022-03-02,0.03031
CVE-2016-4624,2022-03-03,0.03031
CVE-2016-4624,2022-03-04,0.03031
CVE-2016-4624,2022-03-05,0.03031
CVE-2016-4624,2022-03-06,0.03031
CVE-2016-4624,2022-03-07,0.03031
CVE-2016-4624,2022-03-08,0.03031
CVE-2016-4624,2022-03-09,0.03031
CVE-2016-4624,2022-03-10,0.03031
CVE-2016-4624,2022-03-11,0.03031
CVE-2016-4624,2022-03-12,0.03031
CVE-2016-4624,2022-03-13,0.03031
CVE-2016-4624,2022-03-14,0.03031
CVE-2016-4624,2022-03-15,0.03031
CVE-2016-4624,2022-03-16,0.03031
CVE-2016-4624,2022-03-17,0.03031
CVE-2016-4624,2022-03-18,0.03031
CVE-2016-4624,2022-03-19,0.03031
CVE-2016-4624,2022-03-20,0.03031
CVE-2016-4624,2022-03-21,0.03031
CVE-2016-4624,2022-03-22,0.03031
CVE-2016-4624,2022-03-23,0.03031
CVE-2016-4624,2022-03-24,0.03031
CVE-2016-4624,2022-03-25,0.03031
CVE-2016-4624,2022-03-26,0.03031
CVE-2016-4624,2022-03-27,0.03031
CVE-2016-4624,2022-03-28,0.03031
CVE-2016-4624,2022-03-29,0.03031
CVE-2016-4624,2022-03-30,0.03031
CVE-2016-4624,2022-03-31,0.03031
CVE-2016-4624,2022-04-01,0.03031
CVE-2016-4624,2022-04-02,0.03031
CVE-2016-4624,2022-04-03,0.03031
CVE-2016-4624,2022-04-04,0.03031
CVE-2016-4624,2022-04-05,0.03031
CVE-2016-4624,2022-04-06,0.03031
CVE-2016-4624,2022-04-07,0.03031
CVE-2016-4624,2022-04-08,0.03031
CVE-2016-4624,2022-04-09,0.03031
CVE-2016-4624,2022-04-10,0.03031
CVE-2016-4624,2022-04-11,0.03031
CVE-2016-4624,2022-04-12,0.03031
CVE-2016-4624,2022-04-13,0.03031
CVE-2016-4624,2022-04-14,0.03031
CVE-2016-4624,2022-04-15,0.03031
CVE-2016-4624,2022-04-16,0.03031
CVE-2016-4624,2022-04-17,0.03031
CVE-2016-4624,2022-04-18,0.03031
CVE-2016-4624,2022-04-19,0.03031
CVE-2016-4624,2022-04-20,0.03031
CVE-2016-4624,2022-04-21,0.03031
CVE-2016-4624,2022-04-22,0.03031
CVE-2016-4624,2022-04-23,0.03031
CVE-2016-4624,2022-04-24,0.03031
CVE-2016-4624,2022-04-25,0.03031
CVE-2016-4624,2022-04-26,0.03031
CVE-2016-4624,2022-04-27,0.03031
CVE-2016-4624,2022-04-28,0.03031
CVE-2016-4624,2022-04-29,0.03031
CVE-2016-4624,2022-04-30,0.03031
CVE-2016-4624,2022-05-01,0.03031
CVE-2016-4624,2022-05-02,0.03031
CVE-2016-4624,2022-05-03,0.03031
CVE-2016-4624,2022-05-04,0.03031
CVE-2016-4624,2022-05-05,0.03031
CVE-2016-4624,2022-05-06,0.03031
CVE-2016-4624,2022-05-07,0.03031
CVE-2016-4624,2022-05-08,0.03031
CVE-2016-4624,2022-05-09,0.03031
CVE-2016-4624,2022-05-10,0.03031
CVE-2016-4624,2022-05-11,0.03031
CVE-2016-4624,2022-05-12,0.03031
CVE-2016-4624,2022-05-13,0.03031
CVE-2016-4624,2022-05-14,0.03031
CVE-2016-4624,2022-05-15,0.03031
CVE-2016-4624,2022-05-16,0.03031
CVE-2016-4624,2022-05-17,0.03031
CVE-2016-4624,2022-05-18,0.03031
CVE-2016-4624,2022-05-19,0.03031
CVE-2016-4624,2022-05-20,0.03031
CVE-2016-4624,2022-05-21,0.03031
CVE-2016-4624,2022-05-22,0.03031
CVE-2016-4624,2022-05-23,0.03031
CVE-2016-4624,2022-05-24,0.03031
CVE-2016-4624,2022-05-25,0.03031
CVE-2016-4624,2022-05-26,0.03031
CVE-2016-4624,2022-05-27,0.03031
CVE-2016-4624,2022-05-28,0.03031
CVE-2016-4624,2022-05-29,0.03031
CVE-2016-4624,2022-05-30,0.03031
CVE-2016-4624,2022-05-31,0.03031
CVE-2016-4624,2022-06-01,0.03421
CVE-2016-4624,2022-06-02,0.03421
CVE-2016-4624,2022-06-03,0.03421
CVE-2016-4624,2022-06-04,0.03421
CVE-2016-4624,2022-06-05,0.03421
CVE-2016-4624,2022-06-06,0.03421
CVE-2016-4624,2022-06-07,0.03421
CVE-2016-4624,2022-06-08,0.03421
CVE-2016-4624,2022-06-09,0.03421
CVE-2016-4624,2022-06-10,0.03421
CVE-2016-4624,2022-06-11,0.03421
CVE-2016-4624,2022-06-12,0.03421
CVE-2016-4624,2022-06-13,0.03421
CVE-2016-4624,2022-06-14,0.03421
CVE-2016-4624,2022-06-15,0.03421
CVE-2016-4624,2022-06-16,0.03421
CVE-2016-4624,2022-06-17,0.03421
CVE-2016-4624,2022-06-18,0.03421
CVE-2016-4624,2022-06-19,0.03421
CVE-2016-4624,2022-06-20,0.03421
CVE-2016-4624,2022-06-21,0.03421
CVE-2016-4624,2022-06-22,0.03421
CVE-2016-4624,2022-06-23,0.03421
CVE-2016-4624,2022-06-24,0.03421
CVE-2016-4624,2022-06-25,0.03421
CVE-2016-4624,2022-06-26,0.03421
CVE-2016-4624,2022-06-27,0.03421
CVE-2016-4624,2022-06-28,0.03421
CVE-2016-4624,2022-06-29,0.03421
CVE-2016-4624,2022-06-30,0.03421
CVE-2016-4624,2022-07-01,0.03421
CVE-2016-4624,2022-07-02,0.03421
CVE-2016-4624,2022-07-03,0.03421
CVE-2016-4624,2022-07-04,0.03421
CVE-2016-4624,2022-07-05,0.03421
CVE-2016-4624,2022-07-06,0.03421
CVE-2016-4624,2022-07-07,0.03421
CVE-2016-4624,2022-07-08,0.03421
CVE-2016-4624,2022-07-09,0.03421
CVE-2016-4624,2022-07-10,0.03421
CVE-2016-4624,2022-07-11,0.03421
CVE-2016-4624,2022-07-12,0.03421
CVE-2016-4624,2022-07-13,0.03421
CVE-2016-4624,2022-07-15,0.03421
CVE-2016-4624,2022-07-16,0.03421
CVE-2016-4624,2022-07-17,0.03421
CVE-2016-4624,2022-07-18,0.03421
CVE-2016-4624,2022-07-19,0.03421
CVE-2016-4624,2022-07-20,0.03421
CVE-2016-4624,2022-07-21,0.03421
CVE-2016-4624,2022-07-22,0.03421
CVE-2016-4624,2022-07-23,0.03421
CVE-2016-4624,2022-07-24,0.03421
CVE-2016-4624,2022-07-25,0.03421
CVE-2016-4624,2022-07-26,0.03421
CVE-2016-4624,2022-07-27,0.03421
CVE-2016-4624,2022-07-28,0.03421
CVE-2016-4624,2022-07-29,0.03421
CVE-2016-4624,2022-07-30,0.03421
CVE-2016-4624,2022-07-31,0.03421
CVE-2016-4624,2022-08-01,0.03421
CVE-2016-4624,2022-08-02,0.03421
CVE-2016-4624,2022-08-03,0.03421
CVE-2016-4624,2022-08-04,0.03421
CVE-2016-4624,2022-08-05,0.03421
CVE-2016-4624,2022-08-06,0.03421
CVE-2016-4624,2022-08-07,0.03421
CVE-2016-4624,2022-08-08,0.03421
CVE-2016-4624,2022-08-09,0.03421
CVE-2016-4624,2022-08-10,0.03421
CVE-2016-4624,2022-08-11,0.03421
CVE-2016-4624,2022-08-12,0.03421
CVE-2016-4624,2022-08-13,0.03421
CVE-2016-4624,2022-08-14,0.03421
CVE-2016-4624,2022-08-15,0.03421
CVE-2016-4624,2022-08-16,0.03421
CVE-2016-4624,2022-08-17,0.03421
CVE-2016-4624,2022-08-18,0.03421
CVE-2016-4624,2022-08-19,0.03421
CVE-2016-4624,2022-08-20,0.03421
CVE-2016-4624,2022-08-21,0.03421
CVE-2016-4624,2022-08-22,0.03421
CVE-2016-4624,2022-08-23,0.03421
CVE-2016-4624,2022-08-24,0.03421
CVE-2016-4624,2022-08-25,0.03421
CVE-2016-4624,2022-08-26,0.03421
CVE-2016-4624,2022-08-27,0.03421
CVE-2016-4624,2022-08-28,0.03421
CVE-2016-4624,2022-08-29,0.03421
CVE-2016-4624,2022-08-30,0.03421
CVE-2016-4624,2022-08-31,0.03421
CVE-2016-4624,2022-09-01,0.03421
CVE-2016-4624,2022-09-02,0.03421
CVE-2016-4624,2022-09-03,0.03421
CVE-2016-4624,2022-09-04,0.03421
CVE-2016-4624,2022-09-05,0.03421
CVE-2016-4624,2022-09-06,0.03421
CVE-2016-4624,2022-09-07,0.03421
CVE-2016-4624,2022-09-08,0.03421
CVE-2016-4624,2022-09-09,0.03421
CVE-2016-4624,2022-09-10,0.03421
CVE-2016-4624,2022-09-11,0.03421
CVE-2016-4624,2022-09-12,0.03421
CVE-2016-4624,2022-09-13,0.03421
CVE-2016-4624,2022-09-14,0.03421
CVE-2016-4624,2022-09-15,0.03421
CVE-2016-4624,2022-09-16,0.03421
CVE-2016-4624,2022-09-17,0.03421
CVE-2016-4624,2022-09-18,0.03421
CVE-2016-4624,2022-09-19,0.03421
CVE-2016-4624,2022-09-20,0.03421
CVE-2016-4624,2022-09-21,0.03421
CVE-2016-4624,2022-09-22,0.03421
CVE-2016-4624,2022-09-23,0.03421
CVE-2016-4624,2022-09-24,0.03421
CVE-2016-4624,2022-09-25,0.03421
CVE-2016-4624,2022-09-26,0.03421
CVE-2016-4624,2022-09-27,0.03421
CVE-2016-4624,2022-09-28,0.03421
CVE-2016-4624,2022-09-29,0.03421
CVE-2016-4624,2022-09-30,0.03421
CVE-2016-4624,2022-10-01,0.03421
CVE-2016-4624,2022-10-02,0.03421
CVE-2016-4624,2022-10-03,0.03421
CVE-2016-4624,2022-10-04,0.03421
CVE-2016-4624,2022-10-05,0.03421
CVE-2016-4624,2022-10-06,0.03421
CVE-2016-4624,2022-10-07,0.03421
CVE-2016-4624,2022-10-08,0.03421
CVE-2016-4624,2022-10-09,0.03421
CVE-2016-4624,2022-10-10,0.03421
CVE-2016-4624,2022-10-11,0.03421
CVE-2016-4624,2022-10-12,0.03421
CVE-2016-4624,2022-10-13,0.03421
CVE-2016-4624,2022-10-14,0.03421
CVE-2016-4624,2022-10-15,0.03421
CVE-2016-4624,2022-10-16,0.03421
CVE-2016-4624,2022-10-17,0.03421
CVE-2016-4624,2022-10-18,0.03421
CVE-2016-4624,2022-10-19,0.03421
CVE-2016-4624,2022-10-20,0.03421
CVE-2016-4624,2022-10-21,0.03421
CVE-2016-4624,2022-10-22,0.03421
CVE-2016-4624,2022-10-23,0.03421
CVE-2016-4624,2022-10-24,0.03421
CVE-2016-4624,2022-10-25,0.03421
CVE-2016-4624,2022-10-26,0.03421
CVE-2016-4624,2022-10-27,0.03421
CVE-2016-4624,2022-10-28,0.03421
CVE-2016-4624,2022-10-29,0.03421
CVE-2016-4624,2022-10-30,0.03421
CVE-2016-4624,2022-10-31,0.03421
CVE-2016-4624,2022-11-01,0.03421
CVE-2016-4624,2022-11-02,0.03421
CVE-2016-4624,2022-11-03,0.03421
CVE-2016-4624,2022-11-04,0.03421
CVE-2016-4624,2022-11-05,0.03421
CVE-2016-4624,2022-11-06,0.03421
CVE-2016-4624,2022-11-07,0.03421
CVE-2016-4624,2022-11-08,0.03421
CVE-2016-4624,2022-11-09,0.03421
CVE-2016-4624,2022-11-10,0.03421
CVE-2016-4624,2022-11-11,0.03421
CVE-2016-4624,2022-11-12,0.03421
CVE-2016-4624,2022-11-13,0.03421
CVE-2016-4624,2022-11-14,0.03421
CVE-2016-4624,2022-11-15,0.03421
CVE-2016-4624,2022-11-16,0.03421
CVE-2016-4624,2022-11-17,0.03421
CVE-2016-4624,2022-11-18,0.03421
CVE-2016-4624,2022-11-19,0.03421
CVE-2016-4624,2022-11-20,0.03421
CVE-2016-4624,2022-11-21,0.03421
CVE-2016-4624,2022-11-22,0.03421
CVE-2016-4624,2022-11-23,0.03421
CVE-2016-4624,2022-11-24,0.03421
CVE-2016-4624,2022-11-25,0.03421
CVE-2016-4624,2022-11-26,0.03421
CVE-2016-4624,2022-11-27,0.03421
CVE-2016-4624,2022-11-28,0.03421
CVE-2016-4624,2022-11-29,0.03421
CVE-2016-4624,2022-11-30,0.03421
CVE-2016-4624,2022-12-01,0.03421
CVE-2016-4624,2022-12-02,0.03421
CVE-2016-4624,2022-12-03,0.03421
CVE-2016-4624,2022-12-04,0.03421
CVE-2016-4624,2022-12-05,0.03421
CVE-2016-4624,2022-12-06,0.03421
CVE-2016-4624,2022-12-07,0.03421
CVE-2016-4624,2022-12-08,0.03421
CVE-2016-4624,2022-12-09,0.03421
CVE-2016-4624,2022-12-10,0.03421
CVE-2016-4624,2022-12-11,0.03421
CVE-2016-4624,2022-12-12,0.03421
CVE-2016-4624,2022-12-13,0.03421
CVE-2016-4624,2022-12-14,0.03421
CVE-2016-4624,2022-12-15,0.03421
CVE-2016-4624,2022-12-16,0.03421
CVE-2016-4624,2022-12-17,0.03421
CVE-2016-4624,2022-12-18,0.03421
CVE-2016-4624,2022-12-19,0.03421
CVE-2016-4624,2022-12-20,0.03421
CVE-2016-4624,2022-12-21,0.03421
CVE-2016-4624,2022-12-22,0.03421
CVE-2016-4624,2022-12-23,0.03421
CVE-2016-4624,2022-12-24,0.03421
CVE-2016-4624,2022-12-25,0.03421
CVE-2016-4624,2022-12-26,0.03421
CVE-2016-4624,2022-12-27,0.03421
CVE-2016-4624,2022-12-28,0.03421
CVE-2016-4624,2022-12-29,0.03421
CVE-2016-4624,2022-12-30,0.03421
CVE-2016-4624,2022-12-31,0.03421
CVE-2016-4624,2023-01-01,0.03421
CVE-2016-4624,2023-01-02,0.03421
CVE-2016-4624,2023-01-03,0.03421
CVE-2016-4624,2023-01-04,0.03421
CVE-2016-4624,2023-01-05,0.03421
CVE-2016-4624,2023-01-06,0.03421
CVE-2016-4624,2023-01-07,0.03421
CVE-2016-4624,2023-01-08,0.03421
CVE-2016-4624,2023-01-09,0.03421
CVE-2016-4624,2023-01-10,0.03421
CVE-2016-4624,2023-01-11,0.03421
CVE-2016-4624,2023-01-12,0.03421
CVE-2016-4624,2023-01-13,0.03421
CVE-2016-4624,2023-01-14,0.03421
CVE-2016-4624,2023-01-15,0.03421
CVE-2016-4624,2023-01-16,0.03421
CVE-2016-4624,2023-01-17,0.03421
CVE-2016-4624,2023-01-18,0.03421
CVE-2016-4624,2023-01-19,0.03421
CVE-2016-4624,2023-01-20,0.03421
CVE-2016-4624,2023-01-21,0.03421
CVE-2016-4624,2023-01-22,0.03421
CVE-2016-4624,2023-01-23,0.03421
CVE-2016-4624,2023-01-24,0.03421
CVE-2016-4624,2023-01-25,0.03421
CVE-2016-4624,2023-01-26,0.03421
CVE-2016-4624,2023-01-27,0.03421
CVE-2016-4624,2023-01-28,0.03421
CVE-2016-4624,2023-01-29,0.03421
CVE-2016-4624,2023-01-30,0.03421
CVE-2016-4624,2023-01-31,0.03421
CVE-2016-4624,2023-02-01,0.03421
CVE-2016-4624,2023-02-02,0.03421
CVE-2016-4624,2023-02-03,0.03421
CVE-2016-4624,2023-02-04,0.03421
CVE-2016-4624,2023-02-05,0.03421
CVE-2016-4624,2023-02-06,0.03421
CVE-2016-4624,2023-02-07,0.03421
CVE-2016-4624,2023-02-08,0.03421
CVE-2016-4624,2023-02-09,0.03421
CVE-2016-4624,2023-02-10,0.03421
CVE-2016-4624,2023-02-11,0.03421
CVE-2016-4624,2023-02-12,0.03421
CVE-2016-4624,2023-02-13,0.03421
CVE-2016-4624,2023-02-14,0.03421
CVE-2016-4624,2023-02-15,0.03421
CVE-2016-4624,2023-02-16,0.03421
CVE-2016-4624,2023-02-17,0.03421
CVE-2016-4624,2023-02-18,0.03421
CVE-2016-4624,2023-02-19,0.03421
CVE-2016-4624,2023-02-20,0.03421
CVE-2016-4624,2023-02-21,0.03421
CVE-2016-4624,2023-02-22,0.03421
CVE-2016-4624,2023-02-23,0.03421
CVE-2016-4624,2023-02-24,0.03421
CVE-2016-4624,2023-02-25,0.03421
CVE-2016-4624,2023-02-26,0.03421
CVE-2016-4624,2023-02-27,0.03421
CVE-2016-4624,2023-02-28,0.03421
CVE-2016-4624,2023-03-01,0.03421
CVE-2016-4624,2023-03-02,0.03421
CVE-2016-4624,2023-03-03,0.03421
CVE-2016-4624,2023-03-04,0.03421
CVE-2016-4624,2023-03-05,0.03421
CVE-2016-4624,2023-03-06,0.03421
CVE-2016-4624,2023-03-07,0.00516
CVE-2016-4624,2023-03-08,0.00516
CVE-2016-4624,2023-03-09,0.00516
CVE-2016-4624,2023-03-10,0.00516
CVE-2016-4624,2023-03-11,0.00516
CVE-2016-4624,2023-03-12,0.00516
CVE-2016-4624,2023-03-13,0.00516
CVE-2016-4624,2023-03-14,0.00516
CVE-2016-4624,2023-03-15,0.00516
CVE-2016-4624,2023-03-16,0.00516
CVE-2016-4624,2023-03-17,0.00516
CVE-2016-4624,2023-03-18,0.00516
CVE-2016-4624,2023-03-19,0.00516
CVE-2016-4624,2023-03-20,0.00516
CVE-2016-4624,2023-03-21,0.00516
CVE-2016-4624,2023-03-22,0.00516
CVE-2016-4624,2023-03-23,0.00516
CVE-2016-4624,2023-03-24,0.00516
CVE-2016-4624,2023-03-25,0.00516
CVE-2016-4624,2023-03-26,0.00516
CVE-2016-4624,2023-03-27,0.00516
CVE-2016-4624,2023-03-28,0.00516
CVE-2016-4624,2023-03-29,0.00516
CVE-2016-4624,2023-03-30,0.00516
CVE-2016-4624,2023-03-31,0.00516
CVE-2016-4624,2023-04-01,0.00516
CVE-2016-4624,2023-04-02,0.00516
CVE-2016-4624,2023-04-03,0.00516
CVE-2016-4624,2023-04-04,0.00516
CVE-2016-4624,2023-04-05,0.00516
CVE-2016-4624,2023-04-06,0.00516
CVE-2016-4624,2023-04-07,0.00516
CVE-2016-4624,2023-04-08,0.00516
CVE-2016-4624,2023-04-09,0.00516
CVE-2016-4624,2023-04-10,0.00516
CVE-2016-4624,2023-04-11,0.00516
CVE-2016-4624,2023-04-12,0.00516
CVE-2016-4624,2023-04-13,0.00516
CVE-2016-4624,2023-04-14,0.00516
CVE-2016-4624,2023-04-15,0.00516
CVE-2016-4624,2023-04-16,0.00516
CVE-2016-4624,2023-04-17,0.00516
CVE-2016-4624,2023-04-18,0.00516
CVE-2016-4624,2023-04-19,0.00516
CVE-2016-4624,2023-04-20,0.00516
CVE-2016-4624,2023-04-21,0.00516
CVE-2016-4624,2023-04-22,0.00516
CVE-2016-4624,2023-04-23,0.00516
CVE-2016-4624,2023-04-24,0.00516
CVE-2016-4624,2023-04-25,0.00516
CVE-2016-4624,2023-04-26,0.00516
CVE-2016-4624,2023-04-27,0.00516
CVE-2016-4624,2023-04-28,0.00516
CVE-2016-4624,2023-04-29,0.00516
CVE-2016-4624,2023-04-30,0.00516
CVE-2016-4624,2023-05-01,0.00516
CVE-2016-4624,2023-05-02,0.00516
CVE-2016-4624,2023-05-03,0.00516
CVE-2016-4624,2023-05-04,0.00516
CVE-2016-4624,2023-05-05,0.00516
CVE-2016-4624,2023-05-06,0.00516
CVE-2016-4624,2023-05-07,0.00516
CVE-2016-4624,2023-05-08,0.00516
CVE-2016-4624,2023-05-09,0.00516
CVE-2016-4624,2023-05-10,0.00516
CVE-2016-4624,2023-05-11,0.00516
CVE-2016-4624,2023-05-12,0.00516
CVE-2016-4624,2023-05-13,0.00516
CVE-2016-4624,2023-05-14,0.00516
CVE-2016-4624,2023-05-15,0.00516
CVE-2016-4624,2023-05-16,0.00516
CVE-2016-4624,2023-05-17,0.00516
CVE-2016-4624,2023-05-18,0.00516
CVE-2016-4624,2023-05-19,0.00516
CVE-2016-4624,2023-05-20,0.00516
CVE-2016-4624,2023-05-21,0.00516
CVE-2016-4624,2023-05-22,0.00516
CVE-2016-4624,2023-05-23,0.00516
CVE-2016-4624,2023-05-24,0.00516
CVE-2016-4624,2023-05-25,0.00516
CVE-2016-4624,2023-05-26,0.00516
CVE-2016-4624,2023-05-27,0.00516
CVE-2016-4624,2023-05-28,0.00516
CVE-2016-4624,2023-05-29,0.00516
CVE-2016-4624,2023-05-30,0.00516
CVE-2016-4624,2023-05-31,0.00516
CVE-2016-4624,2023-06-01,0.00516
CVE-2016-4624,2023-06-02,0.00516
CVE-2016-4624,2023-06-03,0.00516
CVE-2016-4624,2023-06-04,0.00516
CVE-2016-4624,2023-06-05,0.00516
CVE-2016-4624,2023-06-06,0.00516
CVE-2016-4624,2023-06-07,0.00516
CVE-2016-4624,2023-06-08,0.00516
CVE-2016-4624,2023-06-09,0.00516
CVE-2016-4624,2023-06-10,0.00516
CVE-2016-4624,2023-06-11,0.00516
CVE-2016-4624,2023-06-12,0.00516
CVE-2016-4624,2023-06-13,0.00516
CVE-2016-4624,2023-06-14,0.00516
CVE-2016-4624,2023-06-15,0.00516
CVE-2016-4624,2023-06-16,0.00516
CVE-2016-4624,2023-06-17,0.00516
CVE-2016-4624,2023-06-18,0.00516
CVE-2016-4624,2023-06-19,0.00516
CVE-2016-4624,2023-06-20,0.00516
CVE-2016-4624,2023-06-21,0.00516
CVE-2016-4624,2023-06-22,0.00516
CVE-2016-4624,2023-06-23,0.00516
CVE-2016-4624,2023-06-24,0.00516
CVE-2016-4624,2023-06-25,0.00516
CVE-2016-4624,2023-06-26,0.00516
CVE-2016-4624,2023-06-27,0.00516
CVE-2016-4624,2023-06-28,0.00516
CVE-2016-4624,2023-06-29,0.00516
CVE-2016-4624,2023-06-30,0.00516
CVE-2016-4624,2023-07-01,0.00516
CVE-2016-4624,2023-07-02,0.00516
CVE-2016-4624,2023-07-03,0.00516
CVE-2016-4624,2023-07-04,0.00516
CVE-2016-4624,2023-07-05,0.00516
CVE-2016-4624,2023-07-06,0.00516
CVE-2016-4624,2023-07-07,0.00516
CVE-2016-4624,2023-07-08,0.00516
CVE-2016-4624,2023-07-09,0.00516
CVE-2016-4624,2023-07-10,0.00516
CVE-2016-4624,2023-07-11,0.00516
CVE-2016-4624,2023-07-12,0.00516
CVE-2016-4624,2023-07-13,0.00516
CVE-2016-4624,2023-07-14,0.00516
CVE-2016-4624,2023-07-15,0.00516
CVE-2016-4624,2023-07-16,0.00516
CVE-2016-4624,2023-07-17,0.00516
CVE-2016-4624,2023-07-18,0.00516
CVE-2016-4624,2023-07-19,0.00516
CVE-2016-4624,2023-07-20,0.00516
CVE-2016-4624,2023-07-21,0.00516
CVE-2016-4624,2023-07-22,0.00516
CVE-2016-4624,2023-07-23,0.00516
CVE-2016-4624,2023-07-24,0.00516
CVE-2016-4624,2023-07-25,0.00516
CVE-2016-4624,2023-07-26,0.00516
CVE-2016-4624,2023-07-27,0.00516
CVE-2016-4624,2023-07-28,0.00516
CVE-2016-4624,2023-07-29,0.00516
CVE-2016-4624,2023-07-30,0.00516
CVE-2016-4624,2023-07-31,0.00516
CVE-2016-4624,2023-08-01,0.00516
CVE-2016-4624,2023-08-02,0.00516
CVE-2016-4624,2023-08-03,0.00516
CVE-2016-4624,2023-08-04,0.00516
CVE-2016-4624,2023-08-05,0.00516
CVE-2016-4624,2023-08-06,0.00516
CVE-2016-4624,2023-08-07,0.00516
CVE-2016-4624,2023-08-08,0.00516
CVE-2016-4624,2023-08-09,0.00516
CVE-2016-4624,2023-08-10,0.00516
CVE-2016-4624,2023-08-11,0.00516
CVE-2016-4624,2023-08-12,0.00516
CVE-2016-4624,2023-08-13,0.00516
CVE-2016-4624,2023-08-14,0.00516
CVE-2016-4624,2023-08-15,0.00516
CVE-2016-4624,2023-08-16,0.00516
CVE-2016-4624,2023-08-17,0.00516
CVE-2016-4624,2023-08-18,0.00516
CVE-2016-4624,2023-08-19,0.00516
CVE-2016-4624,2023-08-20,0.00516
CVE-2016-4624,2023-08-21,0.00516
CVE-2016-4624,2023-08-22,0.00516
CVE-2016-4624,2023-08-23,0.00516
CVE-2016-4624,2023-08-24,0.00516
CVE-2016-4624,2023-08-25,0.00516
CVE-2016-4624,2023-08-26,0.00516
CVE-2016-4624,2023-08-27,0.00516
CVE-2016-4624,2023-08-28,0.00516
CVE-2016-4624,2023-08-29,0.00516
CVE-2016-4624,2023-08-30,0.00516
CVE-2016-4624,2023-08-31,0.00516
CVE-2016-4624,2023-09-01,0.00516
CVE-2016-4624,2023-09-02,0.00516
CVE-2016-4624,2023-09-03,0.00516
CVE-2016-4624,2023-09-04,0.00516
CVE-2016-4624,2023-09-05,0.00516
CVE-2016-4624,2023-09-06,0.00516
CVE-2016-4624,2023-09-07,0.00516
CVE-2016-4624,2023-09-08,0.00516
CVE-2016-4624,2023-09-09,0.00516
CVE-2016-4624,2023-09-10,0.00516
CVE-2016-4624,2023-09-11,0.00516
CVE-2016-4624,2023-09-12,0.00516
CVE-2016-4624,2023-09-13,0.00516
CVE-2016-4624,2023-09-14,0.00516
CVE-2016-4624,2023-09-15,0.00516
CVE-2016-4624,2023-09-16,0.00516
CVE-2016-4624,2023-09-17,0.00516
CVE-2016-4624,2023-09-18,0.00516
CVE-2016-4624,2023-09-19,0.00516
CVE-2016-4624,2023-09-20,0.00516
CVE-2016-4624,2023-09-21,0.00516
CVE-2016-4624,2023-09-22,0.00516
CVE-2016-4624,2023-09-23,0.00516
CVE-2016-4624,2023-09-24,0.00516
CVE-2016-4624,2023-09-25,0.00516
CVE-2016-4624,2023-09-26,0.00516
CVE-2016-4624,2023-09-27,0.00516
CVE-2016-4624,2023-09-28,0.00516
CVE-2016-4624,2023-09-29,0.00516
CVE-2016-4624,2023-09-30,0.00516
CVE-2016-4624,2023-10-01,0.00516
CVE-2016-4624,2023-10-02,0.00516
CVE-2016-4624,2023-10-03,0.00516
CVE-2016-4624,2023-10-04,0.00516
CVE-2016-4624,2023-10-05,0.00516
CVE-2016-4624,2023-10-06,0.00516
CVE-2016-4624,2023-10-07,0.00516
CVE-2016-4624,2023-10-08,0.00516
CVE-2016-4624,2023-10-09,0.00516
CVE-2016-4624,2023-10-10,0.00516
CVE-2016-4624,2023-10-11,0.00516
CVE-2016-4624,2023-10-12,0.00516
CVE-2016-4624,2023-10-13,0.00516
CVE-2016-4624,2023-10-14,0.00516
CVE-2016-4624,2023-10-15,0.00516
CVE-2016-4624,2023-10-16,0.00516
CVE-2016-4624,2023-10-17,0.00516
CVE-2016-4624,2023-10-18,0.00516
CVE-2016-4624,2023-10-19,0.00516
CVE-2016-4624,2023-10-20,0.00516
CVE-2016-4624,2023-10-21,0.00516
CVE-2016-4624,2023-10-22,0.00516
CVE-2016-4624,2023-10-23,0.00516
CVE-2016-4624,2023-10-24,0.00516
CVE-2016-4624,2023-10-25,0.00516
CVE-2016-4624,2023-10-26,0.00516
CVE-2016-4624,2023-10-27,0.00516
CVE-2016-4624,2023-10-28,0.00516
CVE-2016-4624,2023-10-29,0.00516
CVE-2016-4624,2023-10-30,0.00516
CVE-2016-4624,2023-10-31,0.00516
CVE-2016-4624,2023-11-01,0.00516
CVE-2016-4624,2023-11-02,0.00516
CVE-2016-4624,2023-11-03,0.00516
CVE-2016-4624,2023-11-04,0.00516
CVE-2016-4624,2023-11-05,0.00516
CVE-2016-4624,2023-11-06,0.00516
CVE-2016-4624,2023-11-07,0.00516
CVE-2016-4624,2023-11-08,0.00516
CVE-2016-4624,2023-11-09,0.00516
CVE-2016-4624,2023-11-10,0.00516
CVE-2016-4624,2023-11-11,0.00516
CVE-2016-4624,2023-11-12,0.00516
CVE-2016-4624,2023-11-13,0.00516
CVE-2016-4624,2023-11-14,0.00516
CVE-2016-4624,2023-11-15,0.00516
CVE-2016-4624,2023-11-16,0.00516
CVE-2016-4624,2023-11-17,0.00516
CVE-2016-4624,2023-11-18,0.00516
CVE-2016-4624,2023-11-19,0.00516
CVE-2016-4624,2023-11-20,0.00516
CVE-2016-4624,2023-11-21,0.00516
CVE-2016-4624,2023-11-22,0.00516
CVE-2016-4624,2023-11-23,0.00516
CVE-2016-4624,2023-11-24,0.00516
CVE-2016-4624,2023-11-25,0.00516
CVE-2016-4624,2023-11-26,0.00516
CVE-2016-4624,2023-11-27,0.00516
CVE-2016-4624,2023-11-28,0.00516
CVE-2016-4624,2023-11-29,0.00516
CVE-2016-4624,2023-11-30,0.00516
CVE-2016-4624,2023-12-01,0.00516
CVE-2016-4624,2023-12-02,0.00516
CVE-2016-4624,2023-12-03,0.00516
CVE-2016-4624,2023-12-04,0.00516
CVE-2016-4624,2023-12-05,0.00516
CVE-2016-4624,2023-12-06,0.00516
CVE-2016-4624,2023-12-07,0.00516
CVE-2016-4624,2023-12-08,0.00516
CVE-2016-4624,2023-12-09,0.00516
CVE-2016-4624,2023-12-10,0.00516
CVE-2016-4624,2023-12-11,0.00516
CVE-2016-4624,2023-12-12,0.00516
CVE-2016-4624,2023-12-13,0.00516
CVE-2016-4624,2023-12-14,0.00516
CVE-2016-4624,2023-12-15,0.00516
CVE-2016-4624,2023-12-16,0.00516
CVE-2016-4624,2023-12-17,0.00516
CVE-2016-4624,2023-12-18,0.00516
CVE-2016-4624,2023-12-19,0.00516
CVE-2016-4624,2023-12-20,0.00516
CVE-2016-4624,2023-12-21,0.00516
CVE-2016-4624,2023-12-22,0.00516
CVE-2016-4624,2023-12-23,0.00516
CVE-2016-4624,2023-12-24,0.00516
CVE-2016-4624,2023-12-25,0.00516
CVE-2016-4624,2023-12-26,0.00516
CVE-2016-4624,2023-12-27,0.00516
CVE-2016-4624,2023-12-28,0.00516
CVE-2016-4624,2023-12-29,0.00516
CVE-2016-4624,2023-12-30,0.00516
CVE-2016-4624,2023-12-31,0.00516
CVE-2016-4624,2024-01-01,0.00516
CVE-2016-4624,2024-01-02,0.00516
CVE-2016-4624,2024-01-03,0.00516
CVE-2016-4624,2024-01-04,0.00516
CVE-2016-4624,2024-01-05,0.00516
CVE-2016-4624,2024-01-06,0.00516
CVE-2016-4624,2024-01-07,0.00516
CVE-2016-4624,2024-01-08,0.00516
CVE-2016-4624,2024-01-09,0.00516
CVE-2016-4624,2024-01-10,0.00516
CVE-2016-4624,2024-01-11,0.00516
CVE-2016-4624,2024-01-12,0.00516
CVE-2016-4624,2024-01-13,0.00516
CVE-2016-4624,2024-01-14,0.00516
CVE-2016-4624,2024-01-15,0.00516
CVE-2016-4624,2024-01-16,0.00516
CVE-2016-4624,2024-01-17,0.00516
CVE-2016-4624,2024-01-18,0.00516
CVE-2016-4624,2024-01-19,0.00516
CVE-2016-4624,2024-01-20,0.00516
CVE-2016-4624,2024-01-21,0.00516
CVE-2016-4624,2024-01-22,0.00516
CVE-2016-4624,2024-01-23,0.00516
CVE-2016-4624,2024-01-24,0.00516
CVE-2016-4624,2024-01-25,0.00516
CVE-2016-4624,2024-01-26,0.00516
CVE-2016-4624,2024-01-27,0.00516
CVE-2016-4624,2024-01-28,0.00516
CVE-2016-4624,2024-01-29,0.00516
CVE-2016-4624,2024-01-30,0.00516
CVE-2016-4624,2024-01-31,0.00516
CVE-2016-4624,2024-02-01,0.00516
CVE-2016-4624,2024-02-02,0.00516
CVE-2016-4624,2024-02-03,0.00516
CVE-2016-4624,2024-02-04,0.00516
CVE-2016-4624,2024-02-05,0.00516
CVE-2016-4624,2024-02-06,0.00516
CVE-2016-4624,2024-02-07,0.00516
CVE-2016-4624,2024-02-08,0.00516
CVE-2016-4624,2024-02-09,0.00516
CVE-2016-4624,2024-02-10,0.00516
CVE-2016-4624,2024-02-11,0.00516
CVE-2016-4624,2024-02-12,0.00516
CVE-2016-4624,2024-02-13,0.00516
CVE-2016-4624,2024-02-14,0.00516
CVE-2016-4624,2024-02-15,0.00516
CVE-2016-4624,2024-02-16,0.00516
CVE-2016-4624,2024-02-17,0.00516
CVE-2016-4624,2024-02-18,0.00516
CVE-2016-4624,2024-02-19,0.00516
CVE-2016-4624,2024-02-20,0.00516
CVE-2016-4624,2024-02-21,0.00516
CVE-2016-4624,2024-02-22,0.00516
CVE-2016-4624,2024-02-23,0.00516
CVE-2016-4624,2024-02-24,0.00516
CVE-2016-4624,2024-02-25,0.00516
CVE-2016-4624,2024-02-26,0.00516
CVE-2016-4624,2024-02-27,0.00516
CVE-2016-4624,2024-02-28,0.00516
CVE-2016-4624,2024-02-29,0.00516
CVE-2016-4624,2024-03-01,0.00516
CVE-2016-4624,2024-03-02,0.00516
CVE-2016-4624,2024-03-03,0.00516
CVE-2016-4624,2024-03-04,0.00516
CVE-2016-4624,2024-03-05,0.00516
CVE-2016-4624,2024-03-06,0.00516
CVE-2016-4624,2024-03-07,0.00516
CVE-2016-4624,2024-03-08,0.00516
CVE-2016-4624,2024-03-09,0.00561
CVE-2016-4624,2024-03-10,0.00561
CVE-2016-4624,2024-03-11,0.00561
CVE-2016-4624,2024-03-12,0.00561
CVE-2016-4624,2024-03-13,0.00561
CVE-2016-4624,2024-03-14,0.00561
CVE-2016-4624,2024-03-15,0.00561
CVE-2016-4624,2024-03-16,0.00561
CVE-2016-4624,2024-03-17,0.00561
CVE-2016-4624,2024-03-18,0.00561
CVE-2016-4624,2024-03-19,0.00561
CVE-2016-4624,2024-03-20,0.00561
CVE-2016-4624,2024-03-21,0.00561
CVE-2016-4624,2024-03-22,0.00561
CVE-2016-4624,2024-03-23,0.00561
CVE-2016-4624,2024-03-24,0.00561
CVE-2016-4624,2024-03-25,0.00561
CVE-2016-4624,2024-03-26,0.00561
CVE-2016-4624,2024-03-27,0.00561
CVE-2016-4624,2024-03-28,0.00561
CVE-2016-4624,2024-03-29,0.00561
CVE-2016-4624,2024-03-30,0.00561
CVE-2016-4624,2024-03-31,0.00561
CVE-2016-4624,2024-04-01,0.00561
CVE-2016-4624,2024-04-02,0.00561
CVE-2016-4624,2024-04-03,0.00561
CVE-2016-4624,2024-04-04,0.00561
CVE-2016-4624,2024-04-05,0.00561
CVE-2016-4624,2024-04-06,0.00561
CVE-2016-4624,2024-04-07,0.00561
CVE-2016-4624,2024-04-08,0.00561
CVE-2016-4624,2024-04-09,0.00561
CVE-2016-4624,2024-04-10,0.00561
CVE-2016-4624,2024-04-11,0.00561
CVE-2016-4624,2024-04-12,0.00561
CVE-2016-4624,2024-04-13,0.00561
CVE-2016-4624,2024-04-14,0.00561
CVE-2016-4624,2024-04-15,0.00561
CVE-2016-4624,2024-04-16,0.00561
CVE-2016-4624,2024-04-17,0.00561
CVE-2016-4624,2024-04-18,0.00561
CVE-2016-4624,2024-04-19,0.00561
CVE-2016-4624,2024-04-20,0.00561
CVE-2016-4624,2024-04-21,0.00561
CVE-2016-4624,2024-04-22,0.00561
CVE-2016-4624,2024-04-23,0.00561
CVE-2016-4624,2024-04-24,0.00561
CVE-2016-4624,2024-04-25,0.00561
CVE-2016-4624,2024-04-26,0.00561
CVE-2016-4624,2024-04-27,0.00561
CVE-2016-4624,2024-04-28,0.00561
CVE-2016-4624,2024-04-29,0.00561
CVE-2016-4624,2024-04-30,0.00561
CVE-2016-4624,2024-05-01,0.00561
CVE-2016-4624,2024-05-02,0.00561
CVE-2016-4624,2024-05-03,0.00561
CVE-2016-4624,2024-05-04,0.00561
CVE-2016-4624,2024-05-05,0.00561
CVE-2016-4624,2024-05-06,0.00561
CVE-2016-4624,2024-05-07,0.00561
CVE-2016-4624,2024-05-08,0.00561
CVE-2016-4624,2024-05-09,0.00561
CVE-2016-4624,2024-05-10,0.00561
CVE-2016-4624,2024-05-11,0.00561
CVE-2016-4624,2024-05-12,0.00561
CVE-2016-4624,2024-05-13,0.00561
CVE-2016-4624,2024-05-14,0.00561
CVE-2016-4624,2024-05-15,0.00561
CVE-2016-4624,2024-05-16,0.00561
CVE-2016-4624,2024-05-17,0.00561
CVE-2016-4624,2024-05-18,0.00561
CVE-2016-4624,2024-05-19,0.00561
CVE-2016-4624,2024-05-20,0.00561
CVE-2016-4624,2024-05-21,0.00561
CVE-2016-4624,2024-05-22,0.00561
CVE-2016-4624,2024-05-23,0.00561
CVE-2016-4624,2024-05-24,0.00561
CVE-2016-4624,2024-05-25,0.00561
CVE-2016-4624,2024-05-26,0.00561
CVE-2016-4624,2024-05-27,0.00561
CVE-2016-4624,2024-05-28,0.00561
CVE-2016-4624,2024-05-29,0.00561
CVE-2016-4624,2024-05-30,0.00561
CVE-2016-4624,2024-05-31,0.00561
CVE-2016-4624,2024-06-01,0.00561
CVE-2016-4624,2024-06-02,0.00561
CVE-2016-4624,2024-06-03,0.00561
CVE-2016-4624,2024-06-04,0.00561
CVE-2016-4624,2024-06-05,0.00561
CVE-2016-4624,2024-06-06,0.00561
CVE-2016-4624,2024-06-07,0.00561
CVE-2016-4624,2024-06-08,0.00561
CVE-2016-4624,2024-06-09,0.00561
CVE-2016-4624,2024-06-10,0.00561
CVE-2016-4624,2024-06-11,0.00561
CVE-2016-4624,2024-06-12,0.00561
CVE-2016-4624,2024-06-13,0.00561
CVE-2016-4624,2024-06-14,0.00561
CVE-2016-4624,2024-06-15,0.00561
CVE-2016-4624,2024-06-16,0.00561
CVE-2016-4624,2024-06-17,0.00561
CVE-2016-4624,2024-06-18,0.00561
CVE-2016-4624,2024-06-19,0.00561
CVE-2016-4624,2024-06-20,0.00561
CVE-2016-4624,2024-06-21,0.00561
CVE-2016-4624,2024-06-22,0.00561
CVE-2016-4624,2024-06-23,0.00561
CVE-2016-4624,2024-06-24,0.00561
CVE-2016-4624,2024-06-25,0.00561
CVE-2016-4624,2024-06-26,0.00561
CVE-2016-4624,2024-06-27,0.00561
CVE-2016-4624,2024-06-28,0.00561
CVE-2016-4624,2024-06-29,0.00561
CVE-2016-4624,2024-06-30,0.00561
CVE-2016-4624,2024-07-01,0.00561
CVE-2016-4624,2024-07-02,0.00561
CVE-2016-4624,2024-07-03,0.00561
CVE-2016-4624,2024-07-04,0.00561
CVE-2016-4624,2024-07-05,0.00561
CVE-2016-4624,2024-07-06,0.00561
CVE-2016-4624,2024-07-07,0.00561
CVE-2016-4624,2024-07-08,0.00561
CVE-2016-4624,2024-07-09,0.00561
CVE-2016-4624,2024-07-10,0.00561
CVE-2016-4624,2024-07-11,0.00561
CVE-2016-4624,2024-07-12,0.00561
CVE-2016-4624,2024-07-13,0.00561
CVE-2016-4624,2024-07-14,0.00561
CVE-2016-4624,2024-07-15,0.00561
CVE-2016-4624,2024-07-16,0.00561
CVE-2016-4624,2024-07-17,0.00561
CVE-2016-4624,2024-07-18,0.00561
CVE-2016-4624,2024-07-19,0.00561
CVE-2016-4624,2024-07-20,0.00561
CVE-2016-4624,2024-07-21,0.00561
CVE-2016-4624,2024-07-22,0.00561
CVE-2016-4624,2024-07-23,0.00561
CVE-2016-4624,2024-07-24,0.00561
CVE-2016-4624,2024-07-25,0.00561
CVE-2016-4624,2024-07-26,0.00561
CVE-2016-4624,2024-07-27,0.00561
CVE-2016-4624,2024-07-28,0.00561
CVE-2016-4624,2024-07-29,0.00561
CVE-2016-4624,2024-07-30,0.00561
CVE-2016-4624,2024-07-31,0.00561
CVE-2016-4624,2024-08-01,0.00561
CVE-2016-4624,2024-08-02,0.00561
CVE-2016-4624,2024-08-03,0.00561
CVE-2016-4624,2024-08-04,0.00561
CVE-2016-4624,2024-08-05,0.00561
CVE-2016-4624,2024-08-06,0.00561
CVE-2016-4624,2024-08-07,0.00561
CVE-2016-4624,2024-08-08,0.00561
CVE-2016-4624,2024-08-09,0.00561
CVE-2016-4624,2024-08-10,0.00561
CVE-2016-4624,2024-08-11,0.00561
CVE-2016-4624,2024-08-12,0.00561
CVE-2016-4624,2024-08-13,0.00561
CVE-2016-4624,2024-08-14,0.00561
CVE-2016-4624,2024-08-15,0.00561
CVE-2016-4624,2024-08-16,0.00561
CVE-2016-4624,2024-08-17,0.00561
CVE-2016-4624,2024-08-18,0.00561
CVE-2016-4624,2024-08-19,0.00561
CVE-2016-4624,2024-08-20,0.00561
CVE-2016-4624,2024-08-21,0.00574
CVE-2016-4624,2024-08-22,0.00574
CVE-2016-4624,2024-08-23,0.00574
CVE-2016-4624,2024-08-24,0.00574
CVE-2016-4624,2024-08-25,0.00574
CVE-2016-4624,2024-08-26,0.00574
CVE-2016-4624,2024-08-27,0.00574
CVE-2016-4624,2024-08-28,0.00574
CVE-2016-4624,2024-08-29,0.00574
CVE-2016-4624,2024-08-30,0.00574
CVE-2016-4624,2024-08-31,0.00574
CVE-2016-4624,2024-09-01,0.00574
CVE-2016-4624,2024-09-02,0.00574
CVE-2016-4624,2024-09-03,0.00574
CVE-2016-4624,2024-09-04,0.00574
CVE-2016-4624,2024-09-05,0.00574
CVE-2016-4624,2024-09-06,0.00574
CVE-2016-4624,2024-09-07,0.00574
CVE-2016-4624,2024-09-08,0.00574
CVE-2016-4624,2024-09-09,0.00574
CVE-2016-4624,2024-09-10,0.00574
CVE-2016-4624,2024-09-11,0.00574
CVE-2016-4624,2024-09-12,0.00574
CVE-2016-4624,2024-09-13,0.00574
CVE-2016-4624,2024-09-14,0.00574
CVE-2016-4624,2024-09-15,0.00574
CVE-2016-4624,2024-09-16,0.00574
CVE-2016-4624,2024-09-17,0.00574
CVE-2016-4624,2024-09-18,0.00574
CVE-2016-4624,2024-09-19,0.00574
CVE-2016-4624,2024-09-20,0.00574
CVE-2016-4624,2024-09-21,0.00574
CVE-2016-4624,2024-09-22,0.00574
CVE-2016-4624,2024-09-23,0.00574
CVE-2016-4624,2024-09-24,0.00574
CVE-2016-4624,2024-09-25,0.00574
CVE-2016-4624,2024-09-26,0.00574
CVE-2016-4624,2024-09-27,0.00574
CVE-2016-4624,2024-09-28,0.00574
CVE-2016-4624,2024-09-29,0.00574
CVE-2016-4624,2024-09-30,0.00574
CVE-2016-4624,2024-10-01,0.00574
CVE-2016-4624,2024-10-02,0.00574
CVE-2016-4624,2024-10-03,0.00574
CVE-2016-4624,2024-10-04,0.00574
CVE-2016-4624,2024-10-05,0.00574
CVE-2016-4624,2024-10-06,0.00574
CVE-2016-4624,2024-10-07,0.00574
CVE-2016-4624,2024-10-08,0.00574
CVE-2016-4624,2024-10-09,0.00574
CVE-2016-4624,2024-10-10,0.00574
CVE-2016-4624,2024-10-11,0.00574
CVE-2016-4624,2024-10-12,0.00574
CVE-2016-4624,2024-10-13,0.00574
CVE-2016-4624,2024-10-14,0.00574
CVE-2016-4624,2024-10-15,0.00574
CVE-2016-4624,2024-10-16,0.00574
CVE-2016-4624,2024-10-17,0.00574
CVE-2016-4624,2024-10-18,0.00574
CVE-2016-4624,2024-10-19,0.00574
CVE-2016-4624,2024-10-20,0.00574
CVE-2016-4624,2024-10-21,0.00574
CVE-2016-4624,2024-10-22,0.00574
CVE-2016-4624,2024-10-23,0.00574
CVE-2016-4624,2024-10-24,0.00574
CVE-2016-4624,2024-10-25,0.00574
CVE-2016-4624,2024-10-26,0.00574
CVE-2016-4624,2024-10-27,0.00574
CVE-2016-4624,2024-10-28,0.00574
CVE-2016-4624,2024-10-29,0.00574
CVE-2016-4624,2024-10-30,0.00574
CVE-2016-4624,2024-10-31,0.00574
CVE-2016-4624,2024-11-01,0.00574
CVE-2016-4624,2024-11-02,0.00574
CVE-2016-4624,2024-11-03,0.00574
CVE-2016-4624,2024-11-04,0.00574
CVE-2016-4624,2024-11-05,0.00574
CVE-2016-4624,2024-11-06,0.00574
CVE-2016-4624,2024-11-07,0.00574
CVE-2016-4624,2024-11-08,0.00574
CVE-2016-4624,2024-11-09,0.00574
CVE-2016-4624,2024-11-10,0.00574
CVE-2016-4624,2024-11-11,0.00574
CVE-2016-4624,2024-11-12,0.00574
CVE-2016-4624,2024-11-13,0.00574
CVE-2016-4624,2024-11-14,0.00574
CVE-2016-4624,2024-11-15,0.00574
CVE-2016-4624,2024-11-16,0.00574
CVE-2016-4624,2024-11-17,0.00574
CVE-2016-4624,2024-11-18,0.00574
CVE-2016-4624,2024-11-19,0.00574
CVE-2016-4624,2024-11-20,0.00574
CVE-2016-4624,2024-11-21,0.00574
CVE-2016-4624,2024-11-22,0.00574
CVE-2016-4624,2024-11-23,0.00574
CVE-2016-4624,2024-11-24,0.00574
CVE-2016-4624,2024-11-25,0.00574
CVE-2016-4624,2024-11-26,0.00574
CVE-2016-4624,2024-11-27,0.00574
CVE-2016-4624,2024-11-28,0.00574
CVE-2016-4624,2024-11-29,0.00574
CVE-2016-4624,2024-11-30,0.00574
CVE-2016-4624,2024-12-02,0.00574
CVE-2016-4624,2024-12-03,0.00574
CVE-2016-4624,2024-12-04,0.00574
CVE-2016-4624,2024-12-05,0.00574
CVE-2016-4624,2024-12-06,0.00574
CVE-2016-4624,2024-12-07,0.00574
CVE-2016-4624,2024-12-08,0.00574
CVE-2016-4624,2024-12-09,0.00574
CVE-2016-4624,2024-12-10,0.00574
CVE-2016-4624,2024-12-11,0.00574
CVE-2016-4624,2024-12-12,0.00574
CVE-2016-4624,2024-12-13,0.00574
CVE-2016-4624,2024-12-14,0.00574
CVE-2016-4624,2024-12-15,0.00574
CVE-2016-4624,2024-12-16,0.00574
CVE-2016-4624,2024-12-17,0.01053
CVE-2016-4624,2024-12-18,0.01053
CVE-2016-4624,2024-12-19,0.01053
CVE-2016-4624,2024-12-20,0.01053
CVE-2016-4624,2024-12-21,0.01053
CVE-2016-4624,2024-12-22,0.01053
CVE-2016-4624,2024-12-23,0.01053
CVE-2016-4624,2024-12-24,0.01053
CVE-2016-4624,2024-12-25,0.01053
CVE-2016-4624,2024-12-26,0.01053
CVE-2016-4624,2024-12-27,0.01053
CVE-2016-4624,2024-12-28,0.01053
CVE-2016-4624,2024-12-29,0.01053
CVE-2016-4624,2024-12-30,0.01053
CVE-2016-4624,2024-12-31,0.01053
CVE-2016-4624,2025-01-01,0.01053
CVE-2016-4624,2025-01-02,0.01053
CVE-2016-4624,2025-01-03,0.01053
CVE-2016-4624,2025-01-04,0.01053
CVE-2016-4624,2025-01-05,0.01053
CVE-2016-4624,2025-01-06,0.01053
CVE-2016-4624,2025-01-07,0.01053
CVE-2016-4624,2025-01-08,0.01053
CVE-2016-4624,2025-01-09,0.01053
CVE-2016-4624,2025-01-10,0.01053
CVE-2016-4624,2025-01-11,0.01053
CVE-2016-4624,2025-01-12,0.01053
CVE-2016-4624,2025-01-13,0.01053
CVE-2016-4624,2025-01-14,0.01053
CVE-2016-4624,2025-01-15,0.01053
CVE-2016-4624,2025-01-16,0.01053
CVE-2016-4624,2025-01-17,0.01053
CVE-2016-4624,2025-01-18,0.01053
CVE-2016-4624,2025-01-19,0.01053
CVE-2016-4624,2025-01-20,0.01053
CVE-2016-4624,2025-01-21,0.01053
CVE-2016-4624,2025-01-22,0.01053
CVE-2016-4624,2025-01-23,0.01053
CVE-2016-4624,2025-01-24,0.01053
CVE-2016-4624,2025-01-25,0.01053
CVE-2016-4624,2025-01-26,0.01053
CVE-2016-4624,2025-01-27,0.01053
CVE-2016-4624,2025-01-28,0.01053
CVE-2016-4624,2025-01-29,0.01053
CVE-2016-4624,2025-01-30,0.01053
CVE-2016-4624,2025-01-31,0.01053
CVE-2016-4624,2025-02-01,0.01053
CVE-2016-4624,2025-02-02,0.01053
CVE-2016-4624,2025-02-03,0.01053
CVE-2016-4624,2025-02-04,0.01053
CVE-2016-4624,2025-02-05,0.01053
CVE-2016-4624,2025-02-06,0.01053
CVE-2016-4624,2025-02-07,0.01053
CVE-2016-4624,2025-02-08,0.01053
CVE-2016-4624,2025-02-09,0.01053
CVE-2016-4624,2025-02-10,0.01053
CVE-2016-4624,2025-02-11,0.01053
CVE-2016-4624,2025-02-12,0.01053
CVE-2016-4624,2025-02-13,0.01053
CVE-2016-4624,2025-02-14,0.01053
CVE-2016-4624,2025-02-15,0.01053
CVE-2016-4624,2025-02-16,0.01053
CVE-2016-4624,2025-02-17,0.01053
CVE-2016-4624,2025-02-18,0.01053
CVE-2016-4624,2025-02-19,0.01053
CVE-2016-4624,2025-02-20,0.01053
CVE-2016-4624,2025-02-21,0.01053
CVE-2016-4624,2025-02-22,0.01053
CVE-2016-4624,2025-02-23,0.01053
CVE-2016-4624,2025-02-24,0.01053
CVE-2016-4624,2025-02-25,0.01053
CVE-2016-4624,2025-02-26,0.01053
CVE-2016-4624,2025-02-27,0.01053
CVE-2016-4624,2025-02-28,0.01053
CVE-2016-4624,2025-03-01,0.01053
CVE-2016-4624,2025-03-02,0.01053
CVE-2016-4624,2025-03-03,0.01053
CVE-2016-4624,2025-03-04,0.01053
CVE-2016-4624,2025-03-05,0.01053
CVE-2016-4624,2025-03-06,0.01053
CVE-2016-4624,2025-03-07,0.01053
CVE-2016-4624,2025-03-08,0.01053
CVE-2016-4624,2025-03-09,0.01053
CVE-2016-4624,2025-03-10,0.01053
CVE-2016-4624,2025-03-11,0.01053
CVE-2016-4624,2025-03-12,0.01053
CVE-2021-3496,2022-02-04,0.01404
CVE-2021-3496,2022-02-05,0.01404
CVE-2021-3496,2022-02-06,0.01404
CVE-2021-3496,2022-02-07,0.01404
CVE-2021-3496,2022-02-08,0.01404
CVE-2021-3496,2022-02-09,0.01404
CVE-2021-3496,2022-02-10,0.01404
CVE-2021-3496,2022-02-11,0.01404
CVE-2021-3496,2022-02-12,0.01404
CVE-2021-3496,2022-02-13,0.01404
CVE-2021-3496,2022-02-14,0.01404
CVE-2021-3496,2022-02-15,0.01404
CVE-2021-3496,2022-02-16,0.01404
CVE-2021-3496,2022-02-17,0.01404
CVE-2021-3496,2022-02-18,0.01404
CVE-2021-3496,2022-02-19,0.01404
CVE-2021-3496,2022-02-20,0.01404
CVE-2021-3496,2022-02-21,0.01404
CVE-2021-3496,2022-02-22,0.01404
CVE-2021-3496,2022-02-23,0.01404
CVE-2021-3496,2022-02-24,0.01404
CVE-2021-3496,2022-02-25,0.01404
CVE-2021-3496,2022-02-26,0.01404
CVE-2021-3496,2022-02-27,0.01404
CVE-2021-3496,2022-02-28,0.01404
CVE-2021-3496,2022-03-01,0.01404
CVE-2021-3496,2022-03-02,0.01404
CVE-2021-3496,2022-03-03,0.01404
CVE-2021-3496,2022-03-04,0.01404
CVE-2021-3496,2022-03-05,0.01404
CVE-2021-3496,2022-03-06,0.01404
CVE-2021-3496,2022-03-07,0.01404
CVE-2021-3496,2022-03-08,0.01404
CVE-2021-3496,2022-03-09,0.01404
CVE-2021-3496,2022-03-10,0.01404
CVE-2021-3496,2022-03-11,0.01404
CVE-2021-3496,2022-03-12,0.01404
CVE-2021-3496,2022-03-13,0.01404
CVE-2021-3496,2022-03-14,0.01404
CVE-2021-3496,2022-03-15,0.01404
CVE-2021-3496,2022-03-16,0.01404
CVE-2021-3496,2022-03-17,0.01404
CVE-2021-3496,2022-03-18,0.01404
CVE-2021-3496,2022-03-19,0.01404
CVE-2021-3496,2022-03-20,0.01404
CVE-2021-3496,2022-03-21,0.01404
CVE-2021-3496,2022-03-22,0.01404
CVE-2021-3496,2022-03-23,0.01404
CVE-2021-3496,2022-03-24,0.01404
CVE-2021-3496,2022-03-25,0.01404
CVE-2021-3496,2022-03-26,0.01404
CVE-2021-3496,2022-03-27,0.01404
CVE-2021-3496,2022-03-28,0.01404
CVE-2021-3496,2022-03-29,0.01404
CVE-2021-3496,2022-03-30,0.01404
CVE-2021-3496,2022-03-31,0.01404
CVE-2021-3496,2022-04-01,0.00885
CVE-2021-3496,2022-04-02,0.00885
CVE-2021-3496,2022-04-03,0.00885
CVE-2021-3496,2022-04-04,0.00885
CVE-2021-3496,2022-04-05,0.00885
CVE-2021-3496,2022-04-06,0.00885
CVE-2021-3496,2022-04-07,0.00885
CVE-2021-3496,2022-04-08,0.00885
CVE-2021-3496,2022-04-09,0.00885
CVE-2021-3496,2022-04-10,0.00885
CVE-2021-3496,2022-04-11,0.00885
CVE-2021-3496,2022-04-12,0.00885
CVE-2021-3496,2022-04-13,0.00885
CVE-2021-3496,2022-04-14,0.00885
CVE-2021-3496,2022-04-15,0.00885
CVE-2021-3496,2022-04-16,0.00885
CVE-2021-3496,2022-04-17,0.00885
CVE-2021-3496,2022-04-18,0.00885
CVE-2021-3496,2022-04-19,0.00885
CVE-2021-3496,2022-04-20,0.00885
CVE-2021-3496,2022-04-21,0.00885
CVE-2021-3496,2022-04-22,0.00885
CVE-2021-3496,2022-04-23,0.00885
CVE-2021-3496,2022-04-24,0.00885
CVE-2021-3496,2022-04-25,0.00885
CVE-2021-3496,2022-04-26,0.00885
CVE-2021-3496,2022-04-27,0.00885
CVE-2021-3496,2022-04-28,0.00885
CVE-2021-3496,2022-04-29,0.00885
CVE-2021-3496,2022-04-30,0.00885
CVE-2021-3496,2022-05-01,0.00885
CVE-2021-3496,2022-05-02,0.00885
CVE-2021-3496,2022-05-03,0.00885
CVE-2021-3496,2022-05-04,0.00885
CVE-2021-3496,2022-05-05,0.00885
CVE-2021-3496,2022-05-06,0.00885
CVE-2021-3496,2022-05-07,0.00885
CVE-2021-3496,2022-05-08,0.00885
CVE-2021-3496,2022-05-09,0.00885
CVE-2021-3496,2022-05-10,0.00885
CVE-2021-3496,2022-05-11,0.00885
CVE-2021-3496,2022-05-12,0.00885
CVE-2021-3496,2022-05-13,0.00885
CVE-2021-3496,2022-05-14,0.00885
CVE-2021-3496,2022-05-15,0.00885
CVE-2021-3496,2022-05-16,0.00885
CVE-2021-3496,2022-05-17,0.00885
CVE-2021-3496,2022-05-18,0.00885
CVE-2021-3496,2022-05-19,0.00885
CVE-2021-3496,2022-05-20,0.00885
CVE-2021-3496,2022-05-21,0.00885
CVE-2021-3496,2022-05-22,0.00885
CVE-2021-3496,2022-05-23,0.00885
CVE-2021-3496,2022-05-24,0.00885
CVE-2021-3496,2022-05-25,0.00885
CVE-2021-3496,2022-05-26,0.00885
CVE-2021-3496,2022-05-27,0.00885
CVE-2021-3496,2022-05-28,0.00885
CVE-2021-3496,2022-05-29,0.00885
CVE-2021-3496,2022-05-30,0.00885
CVE-2021-3496,2022-05-31,0.00885
CVE-2021-3496,2022-06-01,0.00885
CVE-2021-3496,2022-06-02,0.00885
CVE-2021-3496,2022-06-03,0.00885
CVE-2021-3496,2022-06-04,0.00885
CVE-2021-3496,2022-06-05,0.00885
CVE-2021-3496,2022-06-06,0.00885
CVE-2021-3496,2022-06-07,0.00885
CVE-2021-3496,2022-06-08,0.00885
CVE-2021-3496,2022-06-09,0.00885
CVE-2021-3496,2022-06-10,0.00885
CVE-2021-3496,2022-06-11,0.00885
CVE-2021-3496,2022-06-12,0.00885
CVE-2021-3496,2022-06-13,0.00885
CVE-2021-3496,2022-06-14,0.00885
CVE-2021-3496,2022-06-15,0.00885
CVE-2021-3496,2022-06-16,0.00885
CVE-2021-3496,2022-06-17,0.00885
CVE-2021-3496,2022-06-18,0.00885
CVE-2021-3496,2022-06-19,0.00885
CVE-2021-3496,2022-06-20,0.00885
CVE-2021-3496,2022-06-21,0.00885
CVE-2021-3496,2022-06-22,0.00885
CVE-2021-3496,2022-06-23,0.00885
CVE-2021-3496,2022-06-24,0.00885
CVE-2021-3496,2022-06-25,0.00885
CVE-2021-3496,2022-06-26,0.00885
CVE-2021-3496,2022-06-27,0.00885
CVE-2021-3496,2022-06-28,0.00885
CVE-2021-3496,2022-06-29,0.00885
CVE-2021-3496,2022-06-30,0.00885
CVE-2021-3496,2022-07-01,0.00885
CVE-2021-3496,2022-07-02,0.00885
CVE-2021-3496,2022-07-03,0.00885
CVE-2021-3496,2022-07-04,0.00885
CVE-2021-3496,2022-07-05,0.00885
CVE-2021-3496,2022-07-06,0.00885
CVE-2021-3496,2022-07-07,0.00885
CVE-2021-3496,2022-07-08,0.00885
CVE-2021-3496,2022-07-09,0.00885
CVE-2021-3496,2022-07-10,0.00885
CVE-2021-3496,2022-07-11,0.00885
CVE-2021-3496,2022-07-12,0.00885
CVE-2021-3496,2022-07-13,0.00885
CVE-2021-3496,2022-07-15,0.00885
CVE-2021-3496,2022-07-16,0.00885
CVE-2021-3496,2022-07-17,0.00885
CVE-2021-3496,2022-07-18,0.00885
CVE-2021-3496,2022-07-19,0.00885
CVE-2021-3496,2022-07-20,0.00885
CVE-2021-3496,2022-07-21,0.00885
CVE-2021-3496,2022-07-22,0.00885
CVE-2021-3496,2022-07-23,0.00885
CVE-2021-3496,2022-07-24,0.00885
CVE-2021-3496,2022-07-25,0.00885
CVE-2021-3496,2022-07-26,0.00885
CVE-2021-3496,2022-07-27,0.00885
CVE-2021-3496,2022-07-28,0.00885
CVE-2021-3496,2022-07-29,0.00885
CVE-2021-3496,2022-07-30,0.00885
CVE-2021-3496,2022-07-31,0.00885
CVE-2021-3496,2022-08-01,0.00885
CVE-2021-3496,2022-08-02,0.00885
CVE-2021-3496,2022-08-03,0.00885
CVE-2021-3496,2022-08-04,0.00885
CVE-2021-3496,2022-08-05,0.00885
CVE-2021-3496,2022-08-06,0.00885
CVE-2021-3496,2022-08-07,0.00885
CVE-2021-3496,2022-08-08,0.00885
CVE-2021-3496,2022-08-09,0.00885
CVE-2021-3496,2022-08-10,0.00885
CVE-2021-3496,2022-08-11,0.00885
CVE-2021-3496,2022-08-12,0.00885
CVE-2021-3496,2022-08-13,0.00885
CVE-2021-3496,2022-08-14,0.00885
CVE-2021-3496,2022-08-15,0.00885
CVE-2021-3496,2022-08-16,0.00885
CVE-2021-3496,2022-08-17,0.00885
CVE-2021-3496,2022-08-18,0.00885
CVE-2021-3496,2022-08-19,0.00885
CVE-2021-3496,2022-08-20,0.00885
CVE-2021-3496,2022-08-21,0.00885
CVE-2021-3496,2022-08-22,0.00885
CVE-2021-3496,2022-08-23,0.00885
CVE-2021-3496,2022-08-24,0.00885
CVE-2021-3496,2022-08-25,0.00885
CVE-2021-3496,2022-08-26,0.00885
CVE-2021-3496,2022-08-27,0.00885
CVE-2021-3496,2022-08-28,0.00885
CVE-2021-3496,2022-08-29,0.00885
CVE-2021-3496,2022-08-30,0.00885
CVE-2021-3496,2022-08-31,0.00885
CVE-2021-3496,2022-09-01,0.00885
CVE-2021-3496,2022-09-02,0.00885
CVE-2021-3496,2022-09-03,0.00885
CVE-2021-3496,2022-09-04,0.00885
CVE-2021-3496,2022-09-05,0.00885
CVE-2021-3496,2022-09-06,0.00885
CVE-2021-3496,2022-09-07,0.00885
CVE-2021-3496,2022-09-08,0.00885
CVE-2021-3496,2022-09-09,0.00885
CVE-2021-3496,2022-09-10,0.00885
CVE-2021-3496,2022-09-11,0.00885
CVE-2021-3496,2022-09-12,0.00885
CVE-2021-3496,2022-09-13,0.00885
CVE-2021-3496,2022-09-14,0.00885
CVE-2021-3496,2022-09-15,0.00885
CVE-2021-3496,2022-09-16,0.00885
CVE-2021-3496,2022-09-17,0.00885
CVE-2021-3496,2022-09-18,0.00885
CVE-2021-3496,2022-09-19,0.00885
CVE-2021-3496,2022-09-20,0.00885
CVE-2021-3496,2022-09-21,0.00885
CVE-2021-3496,2022-09-22,0.00885
CVE-2021-3496,2022-09-23,0.00885
CVE-2021-3496,2022-09-24,0.00885
CVE-2021-3496,2022-09-25,0.00885
CVE-2021-3496,2022-09-26,0.00885
CVE-2021-3496,2022-09-27,0.00885
CVE-2021-3496,2022-09-28,0.00885
CVE-2021-3496,2022-09-29,0.00885
CVE-2021-3496,2022-09-30,0.00885
CVE-2021-3496,2022-10-01,0.00885
CVE-2021-3496,2022-10-02,0.00885
CVE-2021-3496,2022-10-03,0.00885
CVE-2021-3496,2022-10-04,0.00885
CVE-2021-3496,2022-10-05,0.00885
CVE-2021-3496,2022-10-06,0.00885
CVE-2021-3496,2022-10-07,0.00885
CVE-2021-3496,2022-10-08,0.00885
CVE-2021-3496,2022-10-09,0.00885
CVE-2021-3496,2022-10-10,0.00885
CVE-2021-3496,2022-10-11,0.00885
CVE-2021-3496,2022-10-12,0.00885
CVE-2021-3496,2022-10-13,0.00885
CVE-2021-3496,2022-10-14,0.00885
CVE-2021-3496,2022-10-15,0.00885
CVE-2021-3496,2022-10-16,0.00885
CVE-2021-3496,2022-10-17,0.00885
CVE-2021-3496,2022-10-18,0.00885
CVE-2021-3496,2022-10-19,0.00885
CVE-2021-3496,2022-10-20,0.00885
CVE-2021-3496,2022-10-21,0.00885
CVE-2021-3496,2022-10-22,0.00885
CVE-2021-3496,2022-10-23,0.00885
CVE-2021-3496,2022-10-24,0.00885
CVE-2021-3496,2022-10-25,0.00885
CVE-2021-3496,2022-10-26,0.00885
CVE-2021-3496,2022-10-27,0.00885
CVE-2021-3496,2022-10-28,0.00885
CVE-2021-3496,2022-10-29,0.00885
CVE-2021-3496,2022-10-30,0.00885
CVE-2021-3496,2022-10-31,0.00954
CVE-2021-3496,2022-11-01,0.00954
CVE-2021-3496,2022-11-02,0.00954
CVE-2021-3496,2022-11-03,0.00954
CVE-2021-3496,2022-11-04,0.00954
CVE-2021-3496,2022-11-05,0.00954
CVE-2021-3496,2022-11-06,0.00954
CVE-2021-3496,2022-11-07,0.00954
CVE-2021-3496,2022-11-08,0.00954
CVE-2021-3496,2022-11-09,0.00954
CVE-2021-3496,2022-11-10,0.00954
CVE-2021-3496,2022-11-11,0.00954
CVE-2021-3496,2022-11-12,0.00954
CVE-2021-3496,2022-11-13,0.00954
CVE-2021-3496,2022-11-14,0.00954
CVE-2021-3496,2022-11-15,0.00954
CVE-2021-3496,2022-11-16,0.00954
CVE-2021-3496,2022-11-17,0.00954
CVE-2021-3496,2022-11-18,0.00954
CVE-2021-3496,2022-11-19,0.00954
CVE-2021-3496,2022-11-20,0.00954
CVE-2021-3496,2022-11-21,0.00954
CVE-2021-3496,2022-11-22,0.00954
CVE-2021-3496,2022-11-23,0.00954
CVE-2021-3496,2022-11-24,0.00954
CVE-2021-3496,2022-11-25,0.00954
CVE-2021-3496,2022-11-26,0.00954
CVE-2021-3496,2022-11-27,0.00954
CVE-2021-3496,2022-11-28,0.00954
CVE-2021-3496,2022-11-29,0.00954
CVE-2021-3496,2022-11-30,0.00954
CVE-2021-3496,2022-12-01,0.00954
CVE-2021-3496,2022-12-02,0.00954
CVE-2021-3496,2022-12-03,0.00954
CVE-2021-3496,2022-12-04,0.00954
CVE-2021-3496,2022-12-05,0.00954
CVE-2021-3496,2022-12-06,0.00954
CVE-2021-3496,2022-12-07,0.00954
CVE-2021-3496,2022-12-08,0.00954
CVE-2021-3496,2022-12-09,0.00954
CVE-2021-3496,2022-12-10,0.00954
CVE-2021-3496,2022-12-11,0.00954
CVE-2021-3496,2022-12-12,0.00954
CVE-2021-3496,2022-12-13,0.00954
CVE-2021-3496,2022-12-14,0.00954
CVE-2021-3496,2022-12-15,0.00954
CVE-2021-3496,2022-12-16,0.00954
CVE-2021-3496,2022-12-17,0.00954
CVE-2021-3496,2022-12-18,0.00954
CVE-2021-3496,2022-12-19,0.00954
CVE-2021-3496,2022-12-20,0.00954
CVE-2021-3496,2022-12-21,0.00954
CVE-2021-3496,2022-12-22,0.00954
CVE-2021-3496,2022-12-23,0.00954
CVE-2021-3496,2022-12-24,0.00954
CVE-2021-3496,2022-12-25,0.00954
CVE-2021-3496,2022-12-26,0.00954
CVE-2021-3496,2022-12-27,0.00954
CVE-2021-3496,2022-12-28,0.00954
CVE-2021-3496,2022-12-29,0.00954
CVE-2021-3496,2022-12-30,0.00954
CVE-2021-3496,2022-12-31,0.00954
CVE-2021-3496,2023-01-01,0.00954
CVE-2021-3496,2023-01-02,0.00954
CVE-2021-3496,2023-01-03,0.00954
CVE-2021-3496,2023-01-04,0.00954
CVE-2021-3496,2023-01-05,0.00954
CVE-2021-3496,2023-01-06,0.00954
CVE-2021-3496,2023-01-07,0.00954
CVE-2021-3496,2023-01-08,0.00954
CVE-2021-3496,2023-01-09,0.00954
CVE-2021-3496,2023-01-10,0.00954
CVE-2021-3496,2023-01-11,0.00954
CVE-2021-3496,2023-01-12,0.00954
CVE-2021-3496,2023-01-13,0.00954
CVE-2021-3496,2023-01-14,0.00954
CVE-2021-3496,2023-01-15,0.00954
CVE-2021-3496,2023-01-16,0.00954
CVE-2021-3496,2023-01-17,0.00954
CVE-2021-3496,2023-01-18,0.00954
CVE-2021-3496,2023-01-19,0.00954
CVE-2021-3496,2023-01-20,0.00954
CVE-2021-3496,2023-01-21,0.00954
CVE-2021-3496,2023-01-22,0.00954
CVE-2021-3496,2023-01-23,0.00954
CVE-2021-3496,2023-01-24,0.00954
CVE-2021-3496,2023-01-25,0.00954
CVE-2021-3496,2023-01-26,0.00954
CVE-2021-3496,2023-01-27,0.00954
CVE-2021-3496,2023-01-28,0.00954
CVE-2021-3496,2023-01-29,0.00954
CVE-2021-3496,2023-01-30,0.00954
CVE-2021-3496,2023-01-31,0.00954
CVE-2021-3496,2023-02-01,0.00954
CVE-2021-3496,2023-02-02,0.00954
CVE-2021-3496,2023-02-03,0.00954
CVE-2021-3496,2023-02-04,0.00954
CVE-2021-3496,2023-02-05,0.00954
CVE-2021-3496,2023-02-06,0.00954
CVE-2021-3496,2023-02-07,0.00954
CVE-2021-3496,2023-02-08,0.00954
CVE-2021-3496,2023-02-09,0.00954
CVE-2021-3496,2023-02-10,0.00954
CVE-2021-3496,2023-02-11,0.00954
CVE-2021-3496,2023-02-12,0.00954
CVE-2021-3496,2023-02-13,0.00954
CVE-2021-3496,2023-02-14,0.00954
CVE-2021-3496,2023-02-15,0.00954
CVE-2021-3496,2023-02-16,0.00954
CVE-2021-3496,2023-02-17,0.00954
CVE-2021-3496,2023-02-18,0.00954
CVE-2021-3496,2023-02-19,0.00954
CVE-2021-3496,2023-02-20,0.00954
CVE-2021-3496,2023-02-21,0.00954
CVE-2021-3496,2023-02-22,0.00954
CVE-2021-3496,2023-02-23,0.00954
CVE-2021-3496,2023-02-24,0.00954
CVE-2021-3496,2023-02-25,0.00954
CVE-2021-3496,2023-02-26,0.00954
CVE-2021-3496,2023-02-27,0.00954
CVE-2021-3496,2023-02-28,0.00954
CVE-2021-3496,2023-03-01,0.00954
CVE-2021-3496,2023-03-02,0.00954
CVE-2021-3496,2023-03-03,0.00954
CVE-2021-3496,2023-03-04,0.00954
CVE-2021-3496,2023-03-05,0.00954
CVE-2021-3496,2023-03-06,0.00954
CVE-2021-3496,2023-03-07,0.00092
CVE-2021-3496,2023-03-08,0.00092
CVE-2021-3496,2023-03-09,0.00092
CVE-2021-3496,2023-03-10,0.00092
CVE-2021-3496,2023-03-11,0.00092
CVE-2021-3496,2023-03-12,0.00092
CVE-2021-3496,2023-03-13,0.00092
CVE-2021-3496,2023-03-14,0.00092
CVE-2021-3496,2023-03-15,0.00092
CVE-2021-3496,2023-03-16,0.00092
CVE-2021-3496,2023-03-17,0.00092
CVE-2021-3496,2023-03-18,0.00092
CVE-2021-3496,2023-03-19,0.00092
CVE-2021-3496,2023-03-20,0.00092
CVE-2021-3496,2023-03-21,0.00092
CVE-2021-3496,2023-03-22,0.00092
CVE-2021-3496,2023-03-23,0.00092
CVE-2021-3496,2023-03-24,0.00092
CVE-2021-3496,2023-03-25,0.00092
CVE-2021-3496,2023-03-26,0.00092
CVE-2021-3496,2023-03-27,0.00092
CVE-2021-3496,2023-03-28,0.00092
CVE-2021-3496,2023-03-29,0.00092
CVE-2021-3496,2023-03-30,0.00092
CVE-2021-3496,2023-03-31,0.00092
CVE-2021-3496,2023-04-01,0.00092
CVE-2021-3496,2023-04-02,0.00092
CVE-2021-3496,2023-04-03,0.00092
CVE-2021-3496,2023-04-04,0.00092
CVE-2021-3496,2023-04-05,0.00092
CVE-2021-3496,2023-04-06,0.00092
CVE-2021-3496,2023-04-07,0.00092
CVE-2021-3496,2023-04-08,0.00092
CVE-2021-3496,2023-04-09,0.00092
CVE-2021-3496,2023-04-10,0.00092
CVE-2021-3496,2023-04-11,0.00092
CVE-2021-3496,2023-04-12,0.00092
CVE-2021-3496,2023-04-13,0.00092
CVE-2021-3496,2023-04-14,0.00092
CVE-2021-3496,2023-04-15,0.00092
CVE-2021-3496,2023-04-16,0.00092
CVE-2021-3496,2023-04-17,0.00092
CVE-2021-3496,2023-04-18,0.00092
CVE-2021-3496,2023-04-19,0.00092
CVE-2021-3496,2023-04-20,0.00092
CVE-2021-3496,2023-04-21,0.00092
CVE-2021-3496,2023-04-22,0.00092
CVE-2021-3496,2023-04-23,0.00092
CVE-2021-3496,2023-04-24,0.00092
CVE-2021-3496,2023-04-25,0.00092
CVE-2021-3496,2023-04-26,0.00092
CVE-2021-3496,2023-04-27,0.00092
CVE-2021-3496,2023-04-28,0.00092
CVE-2021-3496,2023-04-29,0.00092
CVE-2021-3496,2023-04-30,0.00092
CVE-2021-3496,2023-05-01,0.00092
CVE-2021-3496,2023-05-02,0.00092
CVE-2021-3496,2023-05-03,0.00092
CVE-2021-3496,2023-05-04,0.00092
CVE-2021-3496,2023-05-05,0.00092
CVE-2021-3496,2023-05-06,0.00092
CVE-2021-3496,2023-05-07,0.00092
CVE-2021-3496,2023-05-08,0.00092
CVE-2021-3496,2023-05-09,0.00092
CVE-2021-3496,2023-05-10,0.00092
CVE-2021-3496,2023-05-11,0.00092
CVE-2021-3496,2023-05-12,0.00092
CVE-2021-3496,2023-05-13,0.00092
CVE-2021-3496,2023-05-14,0.00092
CVE-2021-3496,2023-05-15,0.00092
CVE-2021-3496,2023-05-16,0.00092
CVE-2021-3496,2023-05-17,0.00092
CVE-2021-3496,2023-05-18,0.00092
CVE-2021-3496,2023-05-19,0.00092
CVE-2021-3496,2023-05-20,0.00092
CVE-2021-3496,2023-05-21,0.00092
CVE-2021-3496,2023-05-22,0.00092
CVE-2021-3496,2023-05-23,0.00092
CVE-2021-3496,2023-05-24,0.00092
CVE-2021-3496,2023-05-25,0.00092
CVE-2021-3496,2023-05-26,0.00092
CVE-2021-3496,2023-05-27,0.00092
CVE-2021-3496,2023-05-28,0.00092
CVE-2021-3496,2023-05-29,0.00092
CVE-2021-3496,2023-05-30,0.00092
CVE-2021-3496,2023-05-31,0.00092
CVE-2021-3496,2023-06-01,0.00092
CVE-2021-3496,2023-06-02,0.00092
CVE-2021-3496,2023-06-03,0.00092
CVE-2021-3496,2023-06-04,0.00092
CVE-2021-3496,2023-06-05,0.00092
CVE-2021-3496,2023-06-06,0.00092
CVE-2021-3496,2023-06-07,0.00092
CVE-2021-3496,2023-06-08,0.00092
CVE-2021-3496,2023-06-09,0.00092
CVE-2021-3496,2023-06-10,0.00092
CVE-2021-3496,2023-06-11,0.00092
CVE-2021-3496,2023-06-12,0.00092
CVE-2021-3496,2023-06-13,0.00092
CVE-2021-3496,2023-06-14,0.00092
CVE-2021-3496,2023-06-15,0.00092
CVE-2021-3496,2023-06-16,0.00092
CVE-2021-3496,2023-06-17,0.00092
CVE-2021-3496,2023-06-18,0.00092
CVE-2021-3496,2023-06-19,0.00092
CVE-2021-3496,2023-06-20,0.00092
CVE-2021-3496,2023-06-21,0.00092
CVE-2021-3496,2023-06-22,0.00092
CVE-2021-3496,2023-06-23,0.00092
CVE-2021-3496,2023-06-24,0.00092
CVE-2021-3496,2023-06-25,0.00092
CVE-2021-3496,2023-06-26,0.00092
CVE-2021-3496,2023-06-27,0.00092
CVE-2021-3496,2023-06-28,0.00092
CVE-2021-3496,2023-06-29,0.00092
CVE-2021-3496,2023-06-30,0.00092
CVE-2021-3496,2023-07-01,0.00092
CVE-2021-3496,2023-07-02,0.00092
CVE-2021-3496,2023-07-03,0.00092
CVE-2021-3496,2023-07-04,0.00092
CVE-2021-3496,2023-07-05,0.00092
CVE-2021-3496,2023-07-06,0.00092
CVE-2021-3496,2023-07-07,0.00092
CVE-2021-3496,2023-07-08,0.00092
CVE-2021-3496,2023-07-09,0.00092
CVE-2021-3496,2023-07-10,0.00092
CVE-2021-3496,2023-07-11,0.00092
CVE-2021-3496,2023-07-12,0.00092
CVE-2021-3496,2023-07-13,0.00092
CVE-2021-3496,2023-07-14,0.00092
CVE-2021-3496,2023-07-15,0.0012
CVE-2021-3496,2023-07-16,0.0012
CVE-2021-3496,2023-07-17,0.0012
CVE-2021-3496,2023-07-18,0.0012
CVE-2021-3496,2023-07-19,0.0012
CVE-2021-3496,2023-07-20,0.0012
CVE-2021-3496,2023-07-21,0.0012
CVE-2021-3496,2023-07-22,0.0012
CVE-2021-3496,2023-07-23,0.0012
CVE-2021-3496,2023-07-24,0.0012
CVE-2021-3496,2023-07-25,0.0012
CVE-2021-3496,2023-07-26,0.0012
CVE-2021-3496,2023-07-27,0.0012
CVE-2021-3496,2023-07-28,0.0012
CVE-2021-3496,2023-07-29,0.0012
CVE-2021-3496,2023-07-30,0.0012
CVE-2021-3496,2023-07-31,0.0012
CVE-2021-3496,2023-08-01,0.0012
CVE-2021-3496,2023-08-02,0.0012
CVE-2021-3496,2023-08-03,0.0012
CVE-2021-3496,2023-08-04,0.0012
CVE-2021-3496,2023-08-05,0.0012
CVE-2021-3496,2023-08-06,0.0012
CVE-2021-3496,2023-08-07,0.0012
CVE-2021-3496,2023-08-08,0.0012
CVE-2021-3496,2023-08-09,0.0012
CVE-2021-3496,2023-08-10,0.0012
CVE-2021-3496,2023-08-11,0.0012
CVE-2021-3496,2023-08-12,0.0012
CVE-2021-3496,2023-08-13,0.0012
CVE-2021-3496,2023-08-14,0.0012
CVE-2021-3496,2023-08-15,0.0012
CVE-2021-3496,2023-08-16,0.0012
CVE-2021-3496,2023-08-17,0.0012
CVE-2021-3496,2023-08-18,0.0012
CVE-2021-3496,2023-08-19,0.0012
CVE-2021-3496,2023-08-20,0.0012
CVE-2021-3496,2023-08-21,0.0012
CVE-2021-3496,2023-08-22,0.0012
CVE-2021-3496,2023-08-23,0.0012
CVE-2021-3496,2023-08-24,0.0012
CVE-2021-3496,2023-08-25,0.0012
CVE-2021-3496,2023-08-26,0.0012
CVE-2021-3496,2023-08-27,0.0012
CVE-2021-3496,2023-08-28,0.0012
CVE-2021-3496,2023-08-29,0.0012
CVE-2021-3496,2023-08-30,0.0012
CVE-2021-3496,2023-08-31,0.0012
CVE-2021-3496,2023-09-01,0.0012
CVE-2021-3496,2023-09-02,0.0012
CVE-2021-3496,2023-09-03,0.0012
CVE-2021-3496,2023-09-04,0.0012
CVE-2021-3496,2023-09-05,0.0012
CVE-2021-3496,2023-09-06,0.0012
CVE-2021-3496,2023-09-07,0.0012
CVE-2021-3496,2023-09-08,0.0012
CVE-2021-3496,2023-09-09,0.0012
CVE-2021-3496,2023-09-10,0.0012
CVE-2021-3496,2023-09-11,0.0012
CVE-2021-3496,2023-09-12,0.0012
CVE-2021-3496,2023-09-13,0.0012
CVE-2021-3496,2023-09-14,0.0012
CVE-2021-3496,2023-09-15,0.0012
CVE-2021-3496,2023-09-16,0.0012
CVE-2021-3496,2023-09-17,0.0012
CVE-2021-3496,2023-09-18,0.0012
CVE-2021-3496,2023-09-19,0.0012
CVE-2021-3496,2023-09-20,0.0012
CVE-2021-3496,2023-09-21,0.0012
CVE-2021-3496,2023-09-22,0.0012
CVE-2021-3496,2023-09-23,0.0012
CVE-2021-3496,2023-09-24,0.0012
CVE-2021-3496,2023-09-25,0.0012
CVE-2021-3496,2023-09-26,0.0012
CVE-2021-3496,2023-09-27,0.0012
CVE-2021-3496,2023-09-28,0.0012
CVE-2021-3496,2023-09-29,0.0012
CVE-2021-3496,2023-09-30,0.0012
CVE-2021-3496,2023-10-01,0.0012
CVE-2021-3496,2023-10-02,0.0012
CVE-2021-3496,2023-10-03,0.0012
CVE-2021-3496,2023-10-04,0.0012
CVE-2021-3496,2023-10-05,0.0012
CVE-2021-3496,2023-10-06,0.0012
CVE-2021-3496,2023-10-07,0.0012
CVE-2021-3496,2023-10-08,0.0012
CVE-2021-3496,2023-10-09,0.0012
CVE-2021-3496,2023-10-10,0.0012
CVE-2021-3496,2023-10-11,0.0012
CVE-2021-3496,2023-10-12,0.0012
CVE-2021-3496,2023-10-13,0.0012
CVE-2021-3496,2023-10-14,0.0012
CVE-2021-3496,2023-10-15,0.0012
CVE-2021-3496,2023-10-16,0.0012
CVE-2021-3496,2023-10-17,0.0012
CVE-2021-3496,2023-10-18,0.0012
CVE-2021-3496,2023-10-19,0.0012
CVE-2021-3496,2023-10-20,0.0012
CVE-2021-3496,2023-10-21,0.0012
CVE-2021-3496,2023-10-22,0.0012
CVE-2021-3496,2023-10-23,0.0012
CVE-2021-3496,2023-10-24,0.0012
CVE-2021-3496,2023-10-25,0.0012
CVE-2021-3496,2023-10-26,0.0012
CVE-2021-3496,2023-10-27,0.0012
CVE-2021-3496,2023-10-28,0.0012
CVE-2021-3496,2023-10-29,0.0012
CVE-2021-3496,2023-10-30,0.0012
CVE-2021-3496,2023-10-31,0.0012
CVE-2021-3496,2023-11-01,0.0012
CVE-2021-3496,2023-11-02,0.0012
CVE-2021-3496,2023-11-03,0.0012
CVE-2021-3496,2023-11-04,0.0012
CVE-2021-3496,2023-11-05,0.0012
CVE-2021-3496,2023-11-06,0.0012
CVE-2021-3496,2023-11-07,0.0012
CVE-2021-3496,2023-11-08,0.0012
CVE-2021-3496,2023-11-09,0.0012
CVE-2021-3496,2023-11-10,0.0012
CVE-2021-3496,2023-11-11,0.0012
CVE-2021-3496,2023-11-12,0.0012
CVE-2021-3496,2023-11-13,0.0012
CVE-2021-3496,2023-11-14,0.0012
CVE-2021-3496,2023-11-15,0.0012
CVE-2021-3496,2023-11-16,0.0012
CVE-2021-3496,2023-11-17,0.0012
CVE-2021-3496,2023-11-18,0.0012
CVE-2021-3496,2023-11-19,0.0012
CVE-2021-3496,2023-11-20,0.0012
CVE-2021-3496,2023-11-21,0.0012
CVE-2021-3496,2023-11-22,0.0012
CVE-2021-3496,2023-11-23,0.0012
CVE-2021-3496,2023-11-24,0.0012
CVE-2021-3496,2023-11-25,0.0012
CVE-2021-3496,2023-11-26,0.0012
CVE-2021-3496,2023-11-27,0.00117
CVE-2021-3496,2023-11-28,0.00117
CVE-2021-3496,2023-11-29,0.00117
CVE-2021-3496,2023-11-30,0.00117
CVE-2021-3496,2023-12-01,0.00117
CVE-2021-3496,2023-12-02,0.00117
CVE-2021-3496,2023-12-03,0.00117
CVE-2021-3496,2023-12-04,0.00117
CVE-2021-3496,2023-12-05,0.00117
CVE-2021-3496,2023-12-06,0.00117
CVE-2021-3496,2023-12-07,0.00117
CVE-2021-3496,2023-12-08,0.00117
CVE-2021-3496,2023-12-09,0.00117
CVE-2021-3496,2023-12-10,0.00117
CVE-2021-3496,2023-12-11,0.00117
CVE-2021-3496,2023-12-12,0.00117
CVE-2021-3496,2023-12-13,0.00117
CVE-2021-3496,2023-12-14,0.00117
CVE-2021-3496,2023-12-15,0.00117
CVE-2021-3496,2023-12-16,0.00117
CVE-2021-3496,2023-12-17,0.00117
CVE-2021-3496,2023-12-18,0.00117
CVE-2021-3496,2023-12-19,0.00117
CVE-2021-3496,2023-12-20,0.00117
CVE-2021-3496,2023-12-21,0.00117
CVE-2021-3496,2023-12-22,0.00117
CVE-2021-3496,2023-12-23,0.00117
CVE-2021-3496,2023-12-24,0.00117
CVE-2021-3496,2023-12-25,0.00117
CVE-2021-3496,2023-12-26,0.00117
CVE-2021-3496,2023-12-27,0.00117
CVE-2021-3496,2023-12-28,0.00117
CVE-2021-3496,2023-12-29,0.00117
CVE-2021-3496,2023-12-30,0.00117
CVE-2021-3496,2023-12-31,0.00117
CVE-2021-3496,2024-01-01,0.00117
CVE-2021-3496,2024-01-02,0.00117
CVE-2021-3496,2024-01-03,0.00117
CVE-2021-3496,2024-01-04,0.00117
CVE-2021-3496,2024-01-05,0.00117
CVE-2021-3496,2024-01-06,0.0015
CVE-2021-3496,2024-01-07,0.0015
CVE-2021-3496,2024-01-08,0.0015
CVE-2021-3496,2024-01-09,0.0015
CVE-2021-3496,2024-01-10,0.0015
CVE-2021-3496,2024-01-11,0.0015
CVE-2021-3496,2024-01-12,0.0015
CVE-2021-3496,2024-01-13,0.0015
CVE-2021-3496,2024-01-14,0.0015
CVE-2021-3496,2024-01-15,0.0015
CVE-2021-3496,2024-01-16,0.0015
CVE-2021-3496,2024-01-17,0.0015
CVE-2021-3496,2024-01-18,0.0015
CVE-2021-3496,2024-01-19,0.0015
CVE-2021-3496,2024-01-20,0.0015
CVE-2021-3496,2024-01-21,0.0015
CVE-2021-3496,2024-01-22,0.0015
CVE-2021-3496,2024-01-23,0.0015
CVE-2021-3496,2024-01-24,0.0015
CVE-2021-3496,2024-01-25,0.0015
CVE-2021-3496,2024-01-26,0.0015
CVE-2021-3496,2024-01-27,0.0015
CVE-2021-3496,2024-01-28,0.0015
CVE-2021-3496,2024-01-29,0.0015
CVE-2021-3496,2024-01-30,0.0015
CVE-2021-3496,2024-01-31,0.0015
CVE-2021-3496,2024-02-01,0.0015
CVE-2021-3496,2024-02-02,0.0015
CVE-2021-3496,2024-02-03,0.0015
CVE-2021-3496,2024-02-04,0.0015
CVE-2021-3496,2024-02-05,0.0015
CVE-2021-3496,2024-02-06,0.0015
CVE-2021-3496,2024-02-07,0.0015
CVE-2021-3496,2024-02-08,0.0015
CVE-2021-3496,2024-02-09,0.0015
CVE-2021-3496,2024-02-10,0.0015
CVE-2021-3496,2024-02-11,0.0015
CVE-2021-3496,2024-02-12,0.0015
CVE-2021-3496,2024-02-13,0.0015
CVE-2021-3496,2024-02-14,0.0015
CVE-2021-3496,2024-02-15,0.0015
CVE-2021-3496,2024-02-16,0.0015
CVE-2021-3496,2024-02-17,0.0015
CVE-2021-3496,2024-02-18,0.0015
CVE-2021-3496,2024-02-19,0.0015
CVE-2021-3496,2024-02-20,0.0015
CVE-2021-3496,2024-02-21,0.0015
CVE-2021-3496,2024-02-22,0.0015
CVE-2021-3496,2024-02-23,0.0015
CVE-2021-3496,2024-02-24,0.0015
CVE-2021-3496,2024-02-25,0.0015
CVE-2021-3496,2024-02-26,0.0015
CVE-2021-3496,2024-02-27,0.0015
CVE-2021-3496,2024-02-28,0.0015
CVE-2021-3496,2024-02-29,0.0015
CVE-2021-3496,2024-03-01,0.0015
CVE-2021-3496,2024-03-02,0.0015
CVE-2021-3496,2024-03-03,0.0015
CVE-2021-3496,2024-03-04,0.0015
CVE-2021-3496,2024-03-05,0.0015
CVE-2021-3496,2024-03-06,0.0015
CVE-2021-3496,2024-03-07,0.0015
CVE-2021-3496,2024-03-08,0.0015
CVE-2021-3496,2024-03-09,0.0015
CVE-2021-3496,2024-03-10,0.0015
CVE-2021-3496,2024-03-11,0.0015
CVE-2021-3496,2024-03-12,0.0015
CVE-2021-3496,2024-03-13,0.0015
CVE-2021-3496,2024-03-14,0.0015
CVE-2021-3496,2024-03-15,0.0015
CVE-2021-3496,2024-03-16,0.0015
CVE-2021-3496,2024-03-17,0.0015
CVE-2021-3496,2024-03-18,0.0015
CVE-2021-3496,2024-03-19,0.0015
CVE-2021-3496,2024-03-20,0.0015
CVE-2021-3496,2024-03-21,0.0015
CVE-2021-3496,2024-03-22,0.0015
CVE-2021-3496,2024-03-23,0.0015
CVE-2021-3496,2024-03-24,0.0015
CVE-2021-3496,2024-03-25,0.0015
CVE-2021-3496,2024-03-26,0.0015
CVE-2021-3496,2024-03-27,0.0015
CVE-2021-3496,2024-03-28,0.0015
CVE-2021-3496,2024-03-29,0.0015
CVE-2021-3496,2024-03-30,0.0015
CVE-2021-3496,2024-03-31,0.0015
CVE-2021-3496,2024-04-01,0.0015
CVE-2021-3496,2024-04-02,0.0015
CVE-2021-3496,2024-04-03,0.0015
CVE-2021-3496,2024-04-04,0.0015
CVE-2021-3496,2024-04-05,0.0015
CVE-2021-3496,2024-04-06,0.0015
CVE-2021-3496,2024-04-07,0.0015
CVE-2021-3496,2024-04-08,0.0015
CVE-2021-3496,2024-04-09,0.0015
CVE-2021-3496,2024-04-10,0.0015
CVE-2021-3496,2024-04-11,0.0015
CVE-2021-3496,2024-04-12,0.0015
CVE-2021-3496,2024-04-13,0.0015
CVE-2021-3496,2024-04-14,0.0015
CVE-2021-3496,2024-04-15,0.0015
CVE-2021-3496,2024-04-16,0.0015
CVE-2021-3496,2024-04-17,0.0015
CVE-2021-3496,2024-04-18,0.0015
CVE-2021-3496,2024-04-19,0.0015
CVE-2021-3496,2024-04-20,0.0015
CVE-2021-3496,2024-04-21,0.0015
CVE-2021-3496,2024-04-22,0.0015
CVE-2021-3496,2024-04-23,0.0015
CVE-2021-3496,2024-04-24,0.0015
CVE-2021-3496,2024-04-25,0.0015
CVE-2021-3496,2024-04-26,0.0015
CVE-2021-3496,2024-04-27,0.0015
CVE-2021-3496,2024-04-28,0.0015
CVE-2021-3496,2024-04-29,0.0015
CVE-2021-3496,2024-04-30,0.0015
CVE-2021-3496,2024-05-01,0.0015
CVE-2021-3496,2024-05-02,0.0015
CVE-2021-3496,2024-05-03,0.0015
CVE-2021-3496,2024-05-04,0.0015
CVE-2021-3496,2024-05-05,0.0015
CVE-2021-3496,2024-05-06,0.0015
CVE-2021-3496,2024-05-07,0.0015
CVE-2021-3496,2024-05-08,0.0015
CVE-2021-3496,2024-05-09,0.0015
CVE-2021-3496,2024-05-10,0.0015
CVE-2021-3496,2024-05-11,0.0015
CVE-2021-3496,2024-05-12,0.0015
CVE-2021-3496,2024-05-13,0.0015
CVE-2021-3496,2024-05-14,0.0015
CVE-2021-3496,2024-05-15,0.0015
CVE-2021-3496,2024-05-16,0.0015
CVE-2021-3496,2024-05-17,0.0015
CVE-2021-3496,2024-05-18,0.0015
CVE-2021-3496,2024-05-19,0.0015
CVE-2021-3496,2024-05-20,0.0015
CVE-2021-3496,2024-05-21,0.0015
CVE-2021-3496,2024-05-22,0.0015
CVE-2021-3496,2024-05-23,0.0015
CVE-2021-3496,2024-05-24,0.0015
CVE-2021-3496,2024-05-25,0.0015
CVE-2021-3496,2024-05-26,0.0015
CVE-2021-3496,2024-05-27,0.0015
CVE-2021-3496,2024-05-28,0.0015
CVE-2021-3496,2024-05-29,0.0015
CVE-2021-3496,2024-05-30,0.0015
CVE-2021-3496,2024-05-31,0.0015
CVE-2021-3496,2024-06-01,0.0015
CVE-2021-3496,2024-06-02,0.0015
CVE-2021-3496,2024-06-03,0.0015
CVE-2021-3496,2024-06-04,0.0015
CVE-2021-3496,2024-06-05,0.0015
CVE-2021-3496,2024-06-06,0.0015
CVE-2021-3496,2024-06-07,0.0015
CVE-2021-3496,2024-06-08,0.0015
CVE-2021-3496,2024-06-09,0.0015
CVE-2021-3496,2024-06-10,0.0015
CVE-2021-3496,2024-06-11,0.0015
CVE-2021-3496,2024-06-12,0.0015
CVE-2021-3496,2024-06-13,0.0015
CVE-2021-3496,2024-06-14,0.0015
CVE-2021-3496,2024-06-15,0.0015
CVE-2021-3496,2024-06-16,0.0015
CVE-2021-3496,2024-06-17,0.0015
CVE-2021-3496,2024-06-18,0.0015
CVE-2021-3496,2024-06-19,0.0015
CVE-2021-3496,2024-06-20,0.0015
CVE-2021-3496,2024-06-21,0.0015
CVE-2021-3496,2024-06-22,0.0015
CVE-2021-3496,2024-06-23,0.0015
CVE-2021-3496,2024-06-24,0.0015
CVE-2021-3496,2024-06-25,0.0015
CVE-2021-3496,2024-06-26,0.0015
CVE-2021-3496,2024-06-27,0.0015
CVE-2021-3496,2024-06-28,0.0015
CVE-2021-3496,2024-06-29,0.0015
CVE-2021-3496,2024-06-30,0.0015
CVE-2021-3496,2024-07-01,0.0015
CVE-2021-3496,2024-07-02,0.0015
CVE-2021-3496,2024-07-03,0.0015
CVE-2021-3496,2024-07-04,0.0015
CVE-2021-3496,2024-07-05,0.0015
CVE-2021-3496,2024-07-06,0.0015
CVE-2021-3496,2024-07-07,0.0015
CVE-2021-3496,2024-07-08,0.0015
CVE-2021-3496,2024-07-09,0.0015
CVE-2021-3496,2024-07-10,0.0015
CVE-2021-3496,2024-07-11,0.0015
CVE-2021-3496,2024-07-12,0.0015
CVE-2021-3496,2024-07-13,0.0015
CVE-2021-3496,2024-07-14,0.0015
CVE-2021-3496,2024-07-15,0.0015
CVE-2021-3496,2024-07-16,0.0015
CVE-2021-3496,2024-07-17,0.0015
CVE-2021-3496,2024-07-18,0.0015
CVE-2021-3496,2024-07-19,0.0015
CVE-2021-3496,2024-07-20,0.0015
CVE-2021-3496,2024-07-21,0.0015
CVE-2021-3496,2024-07-22,0.0015
CVE-2021-3496,2024-07-23,0.0015
CVE-2021-3496,2024-07-24,0.0015
CVE-2021-3496,2024-07-25,0.0015
CVE-2021-3496,2024-07-26,0.0015
CVE-2021-3496,2024-07-27,0.0015
CVE-2021-3496,2024-07-28,0.0015
CVE-2021-3496,2024-07-29,0.0015
CVE-2021-3496,2024-07-30,0.0015
CVE-2021-3496,2024-07-31,0.0015
CVE-2021-3496,2024-08-01,0.0015
CVE-2021-3496,2024-08-02,0.0015
CVE-2021-3496,2024-08-03,0.0015
CVE-2021-3496,2024-08-04,0.0015
CVE-2021-3496,2024-08-05,0.0015
CVE-2021-3496,2024-08-06,0.0015
CVE-2021-3496,2024-08-07,0.0015
CVE-2021-3496,2024-08-08,0.0015
CVE-2021-3496,2024-08-09,0.0015
CVE-2021-3496,2024-08-10,0.0015
CVE-2021-3496,2024-08-11,0.0015
CVE-2021-3496,2024-08-12,0.0015
CVE-2021-3496,2024-08-13,0.0015
CVE-2021-3496,2024-08-14,0.0015
CVE-2021-3496,2024-08-15,0.0015
CVE-2021-3496,2024-08-16,0.0015
CVE-2021-3496,2024-08-17,0.0015
CVE-2021-3496,2024-08-18,0.0015
CVE-2021-3496,2024-08-19,0.0015
CVE-2021-3496,2024-08-20,0.0015
CVE-2021-3496,2024-08-21,0.0015
CVE-2021-3496,2024-08-22,0.0015
CVE-2021-3496,2024-08-23,0.0015
CVE-2021-3496,2024-08-24,0.0015
CVE-2021-3496,2024-08-25,0.00181
CVE-2021-3496,2024-08-26,0.00181
CVE-2021-3496,2024-08-27,0.00181
CVE-2021-3496,2024-08-28,0.00181
CVE-2021-3496,2024-08-29,0.00181
CVE-2021-3496,2024-08-30,0.00181
CVE-2021-3496,2024-08-31,0.00181
CVE-2021-3496,2024-09-01,0.00181
CVE-2021-3496,2024-09-02,0.00181
CVE-2021-3496,2024-09-03,0.00181
CVE-2021-3496,2024-09-04,0.00181
CVE-2021-3496,2024-09-05,0.00181
CVE-2021-3496,2024-09-06,0.00181
CVE-2021-3496,2024-09-07,0.00181
CVE-2021-3496,2024-09-08,0.00181
CVE-2021-3496,2024-09-09,0.00181
CVE-2021-3496,2024-09-10,0.00181
CVE-2021-3496,2024-09-11,0.00181
CVE-2021-3496,2024-09-12,0.00181
CVE-2021-3496,2024-09-13,0.00181
CVE-2021-3496,2024-09-14,0.00181
CVE-2021-3496,2024-09-15,0.00181
CVE-2021-3496,2024-09-16,0.00181
CVE-2021-3496,2024-09-17,0.00181
CVE-2021-3496,2024-09-18,0.00181
CVE-2021-3496,2024-09-19,0.00181
CVE-2021-3496,2024-09-20,0.00181
CVE-2021-3496,2024-09-21,0.00181
CVE-2021-3496,2024-09-22,0.00181
CVE-2021-3496,2024-09-23,0.00181
CVE-2021-3496,2024-09-24,0.00181
CVE-2021-3496,2024-09-25,0.00181
CVE-2021-3496,2024-09-26,0.00181
CVE-2021-3496,2024-09-27,0.00181
CVE-2021-3496,2024-09-28,0.00181
CVE-2021-3496,2024-09-29,0.00181
CVE-2021-3496,2024-09-30,0.00181
CVE-2021-3496,2024-10-01,0.00181
CVE-2021-3496,2024-10-02,0.00181
CVE-2021-3496,2024-10-03,0.00181
CVE-2021-3496,2024-10-04,0.00181
CVE-2021-3496,2024-10-05,0.00181
CVE-2021-3496,2024-10-06,0.00181
CVE-2021-3496,2024-10-07,0.00181
CVE-2021-3496,2024-10-08,0.00181
CVE-2021-3496,2024-10-09,0.00181
CVE-2021-3496,2024-10-10,0.00181
CVE-2021-3496,2024-10-11,0.00181
CVE-2021-3496,2024-10-12,0.00181
CVE-2021-3496,2024-10-13,0.00181
CVE-2021-3496,2024-10-14,0.00181
CVE-2021-3496,2024-10-15,0.00181
CVE-2021-3496,2024-10-16,0.00181
CVE-2021-3496,2024-10-17,0.00181
CVE-2021-3496,2024-10-18,0.00181
CVE-2021-3496,2024-10-19,0.00181
CVE-2021-3496,2024-10-20,0.00181
CVE-2021-3496,2024-10-21,0.00181
CVE-2021-3496,2024-10-22,0.00181
CVE-2021-3496,2024-10-23,0.00181
CVE-2021-3496,2024-10-24,0.00181
CVE-2021-3496,2024-10-25,0.00181
CVE-2021-3496,2024-10-26,0.00181
CVE-2021-3496,2024-10-27,0.00181
CVE-2021-3496,2024-10-28,0.00181
CVE-2021-3496,2024-10-29,0.00181
CVE-2021-3496,2024-10-30,0.00181
CVE-2021-3496,2024-10-31,0.00181
CVE-2021-3496,2024-11-01,0.00181
CVE-2021-3496,2024-11-02,0.00181
CVE-2021-3496,2024-11-03,0.00181
CVE-2021-3496,2024-11-04,0.00181
CVE-2021-3496,2024-11-05,0.00181
CVE-2021-3496,2024-11-06,0.00181
CVE-2021-3496,2024-11-07,0.00181
CVE-2021-3496,2024-11-08,0.00181
CVE-2021-3496,2024-11-09,0.00181
CVE-2021-3496,2024-11-10,0.00181
CVE-2021-3496,2024-11-11,0.00181
CVE-2021-3496,2024-11-12,0.00181
CVE-2021-3496,2024-11-13,0.00181
CVE-2021-3496,2024-11-14,0.00181
CVE-2021-3496,2024-11-15,0.00181
CVE-2021-3496,2024-11-16,0.00181
CVE-2021-3496,2024-11-17,0.00181
CVE-2021-3496,2024-11-18,0.00181
CVE-2021-3496,2024-11-19,0.00181
CVE-2021-3496,2024-11-20,0.00181
CVE-2021-3496,2024-11-21,0.00181
CVE-2021-3496,2024-11-22,0.00181
CVE-2021-3496,2024-11-23,0.00181
CVE-2021-3496,2024-11-24,0.00181
CVE-2021-3496,2024-11-25,0.00181
CVE-2021-3496,2024-11-26,0.00181
CVE-2021-3496,2024-11-27,0.00181
CVE-2021-3496,2024-11-28,0.00181
CVE-2021-3496,2024-11-29,0.00181
CVE-2021-3496,2024-11-30,0.00181
CVE-2021-3496,2024-12-02,0.00181
CVE-2021-3496,2024-12-03,0.00181
CVE-2021-3496,2024-12-04,0.00181
CVE-2021-3496,2024-12-05,0.00181
CVE-2021-3496,2024-12-06,0.00181
CVE-2021-3496,2024-12-07,0.00181
CVE-2021-3496,2024-12-08,0.00181
CVE-2021-3496,2024-12-09,0.00181
CVE-2021-3496,2024-12-10,0.00181
CVE-2021-3496,2024-12-11,0.00181
CVE-2021-3496,2024-12-12,0.00181
CVE-2021-3496,2024-12-13,0.00181
CVE-2021-3496,2024-12-14,0.00181
CVE-2021-3496,2024-12-15,0.00181
CVE-2021-3496,2024-12-16,0.00181
CVE-2021-3496,2024-12-17,0.00132
CVE-2021-3496,2024-12-18,0.00132
CVE-2021-3496,2024-12-19,0.00132
CVE-2021-3496,2024-12-20,0.00132
CVE-2021-3496,2024-12-21,0.00132
CVE-2021-3496,2024-12-22,0.00132
CVE-2021-3496,2024-12-23,0.00132
CVE-2021-3496,2024-12-24,0.00132
CVE-2021-3496,2024-12-25,0.00132
CVE-2021-3496,2024-12-26,0.00132
CVE-2021-3496,2024-12-27,0.00132
CVE-2021-3496,2024-12-28,0.00132
CVE-2021-3496,2024-12-29,0.00132
CVE-2021-3496,2024-12-30,0.00132
CVE-2021-3496,2024-12-31,0.00132
CVE-2021-3496,2025-01-01,0.00132
CVE-2021-3496,2025-01-02,0.00132
CVE-2021-3496,2025-01-03,0.00132
CVE-2021-3496,2025-01-04,0.00132
CVE-2021-3496,2025-01-05,0.00132
CVE-2021-3496,2025-01-06,0.00132
CVE-2021-3496,2025-01-07,0.00132
CVE-2021-3496,2025-01-08,0.00132
CVE-2021-3496,2025-01-09,0.00132
CVE-2021-3496,2025-01-10,0.00132
CVE-2021-3496,2025-01-11,0.00132
CVE-2021-3496,2025-01-12,0.00132
CVE-2021-3496,2025-01-13,0.00132
CVE-2021-3496,2025-01-14,0.00132
CVE-2021-3496,2025-01-15,0.00132
CVE-2021-3496,2025-01-16,0.00132
CVE-2021-3496,2025-01-17,0.00132
CVE-2021-3496,2025-01-18,0.00132
CVE-2021-3496,2025-01-19,0.00132
CVE-2021-3496,2025-01-20,0.00132
CVE-2021-3496,2025-01-21,0.00132
CVE-2021-3496,2025-01-22,0.00132
CVE-2021-3496,2025-01-23,0.00132
CVE-2021-3496,2025-01-24,0.00132
CVE-2021-3496,2025-01-25,0.00132
CVE-2021-3496,2025-01-26,0.00132
CVE-2021-3496,2025-01-27,0.00132
CVE-2021-3496,2025-01-28,0.00132
CVE-2021-3496,2025-01-29,0.00132
CVE-2021-3496,2025-01-30,0.00132
CVE-2021-3496,2025-01-31,0.00132
CVE-2021-3496,2025-02-01,0.00132
CVE-2021-3496,2025-02-02,0.00132
CVE-2021-3496,2025-02-03,0.00132
CVE-2021-3496,2025-02-04,0.00132
CVE-2021-3496,2025-02-05,0.00132
CVE-2021-3496,2025-02-06,0.00132
CVE-2021-3496,2025-02-07,0.00132
CVE-2021-3496,2025-02-08,0.00132
CVE-2021-3496,2025-02-09,0.00132
CVE-2021-3496,2025-02-10,0.00132
CVE-2021-3496,2025-02-11,0.00132
CVE-2021-3496,2025-02-12,0.00132
CVE-2021-3496,2025-02-13,0.00132
CVE-2021-3496,2025-02-14,0.00132
CVE-2021-3496,2025-02-15,0.00132
CVE-2021-3496,2025-02-16,0.00132
CVE-2021-3496,2025-02-17,0.00132
CVE-2021-3496,2025-02-18,0.00132
CVE-2021-3496,2025-02-19,0.00132
CVE-2021-3496,2025-02-20,0.00132
CVE-2021-3496,2025-02-21,0.00132
CVE-2021-3496,2025-02-22,0.00132
CVE-2021-3496,2025-02-23,0.00132
CVE-2021-3496,2025-02-24,0.00132
CVE-2021-3496,2025-02-25,0.00132
CVE-2021-3496,2025-02-26,0.00132
CVE-2021-3496,2025-02-27,0.00132
CVE-2021-3496,2025-02-28,0.00132
CVE-2021-3496,2025-03-01,0.00132
CVE-2021-3496,2025-03-02,0.00132
CVE-2021-3496,2025-03-03,0.00132
CVE-2021-3496,2025-03-04,0.00132
CVE-2021-3496,2025-03-05,0.00132
CVE-2021-3496,2025-03-06,0.00132
CVE-2021-3496,2025-03-07,0.00132
CVE-2021-3496,2025-03-08,0.00132
CVE-2021-3496,2025-03-09,0.00132
CVE-2021-3496,2025-03-10,0.00132
CVE-2021-3496,2025-03-11,0.00132
CVE-2021-3496,2025-03-12,0.00132
CVE-2023-29286,2023-05-12,0.00059
CVE-2023-29286,2023-05-13,0.00059
CVE-2023-29286,2023-05-14,0.00059
CVE-2023-29286,2023-05-15,0.00059
CVE-2023-29286,2023-05-16,0.00059
CVE-2023-29286,2023-05-17,0.00059
CVE-2023-29286,2023-05-18,0.00185
CVE-2023-29286,2023-05-19,0.00185
CVE-2023-29286,2023-05-20,0.00185
CVE-2023-29286,2023-05-21,0.00185
CVE-2023-29286,2023-05-22,0.00185
CVE-2023-29286,2023-05-23,0.00185
CVE-2023-29286,2023-05-24,0.00185
CVE-2023-29286,2023-05-25,0.00185
CVE-2023-29286,2023-05-26,0.00185
CVE-2023-29286,2023-05-27,0.00185
CVE-2023-29286,2023-05-28,0.00185
CVE-2023-29286,2023-05-29,0.00185
CVE-2023-29286,2023-05-30,0.00185
CVE-2023-29286,2023-05-31,0.00185
CVE-2023-29286,2023-06-01,0.00185
CVE-2023-29286,2023-06-02,0.00185
CVE-2023-29286,2023-06-03,0.00185
CVE-2023-29286,2023-06-04,0.00185
CVE-2023-29286,2023-06-05,0.00185
CVE-2023-29286,2023-06-06,0.00185
CVE-2023-29286,2023-06-07,0.00185
CVE-2023-29286,2023-06-08,0.00185
CVE-2023-29286,2023-06-09,0.00185
CVE-2023-29286,2023-06-10,0.00185
CVE-2023-29286,2023-06-11,0.00185
CVE-2023-29286,2023-06-12,0.00188
CVE-2023-29286,2023-06-13,0.00169
CVE-2023-29286,2023-06-14,0.00169
CVE-2023-29286,2023-06-15,0.00169
CVE-2023-29286,2023-06-16,0.00169
CVE-2023-29286,2023-06-17,0.00169
CVE-2023-29286,2023-06-18,0.00169
CVE-2023-29286,2023-06-19,0.00169
CVE-2023-29286,2023-06-20,0.00169
CVE-2023-29286,2023-06-21,0.00169
CVE-2023-29286,2023-06-22,0.00169
CVE-2023-29286,2023-06-23,0.00169
CVE-2023-29286,2023-06-24,0.00169
CVE-2023-29286,2023-06-25,0.00169
CVE-2023-29286,2023-06-26,0.00169
CVE-2023-29286,2023-06-27,0.00169
CVE-2023-29286,2023-06-28,0.00169
CVE-2023-29286,2023-06-29,0.00169
CVE-2023-29286,2023-06-30,0.00169
CVE-2023-29286,2023-07-01,0.00169
CVE-2023-29286,2023-07-02,0.00169
CVE-2023-29286,2023-07-03,0.00169
CVE-2023-29286,2023-07-04,0.00169
CVE-2023-29286,2023-07-05,0.00169
CVE-2023-29286,2023-07-06,0.00169
CVE-2023-29286,2023-07-07,0.00169
CVE-2023-29286,2023-07-08,0.0019
CVE-2023-29286,2023-07-09,0.0019
CVE-2023-29286,2023-07-10,0.0019
CVE-2023-29286,2023-07-11,0.0019
CVE-2023-29286,2023-07-12,0.0019
CVE-2023-29286,2023-07-13,0.00205
CVE-2023-29286,2023-07-14,0.00205
CVE-2023-29286,2023-07-15,0.00205
CVE-2023-29286,2023-07-16,0.00181
CVE-2023-29286,2023-07-17,0.00181
CVE-2023-29286,2023-07-18,0.00181
CVE-2023-29286,2023-07-19,0.00181
CVE-2023-29286,2023-07-20,0.00181
CVE-2023-29286,2023-07-21,0.00181
CVE-2023-29286,2023-07-22,0.00181
CVE-2023-29286,2023-07-23,0.00181
CVE-2023-29286,2023-07-24,0.00252
CVE-2023-29286,2023-07-25,0.00252
CVE-2023-29286,2023-07-26,0.00252
CVE-2023-29286,2023-07-27,0.00252
CVE-2023-29286,2023-07-28,0.00252
CVE-2023-29286,2023-07-29,0.00252
CVE-2023-29286,2023-07-30,0.00252
CVE-2023-29286,2023-07-31,0.00252
CVE-2023-29286,2023-08-01,0.00252
CVE-2023-29286,2023-08-02,0.00252
CVE-2023-29286,2023-08-03,0.00252
CVE-2023-29286,2023-08-04,0.00252
CVE-2023-29286,2023-08-05,0.00252
CVE-2023-29286,2023-08-06,0.00252
CVE-2023-29286,2023-08-07,0.00252
CVE-2023-29286,2023-08-08,0.00252
CVE-2023-29286,2023-08-09,0.00252
CVE-2023-29286,2023-08-10,0.00252
CVE-2023-29286,2023-08-11,0.00252
CVE-2023-29286,2023-08-12,0.00252
CVE-2023-29286,2023-08-13,0.00252
CVE-2023-29286,2023-08-14,0.00252
CVE-2023-29286,2023-08-15,0.00252
CVE-2023-29286,2023-08-16,0.00252
CVE-2023-29286,2023-08-17,0.00252
CVE-2023-29286,2023-08-18,0.00252
CVE-2023-29286,2023-08-19,0.00252
CVE-2023-29286,2023-08-20,0.00252
CVE-2023-29286,2023-08-21,0.00252
CVE-2023-29286,2023-08-22,0.00252
CVE-2023-29286,2023-08-23,0.00252
CVE-2023-29286,2023-08-24,0.00252
CVE-2023-29286,2023-08-25,0.00252
CVE-2023-29286,2023-08-26,0.00252
CVE-2023-29286,2023-08-27,0.00252
CVE-2023-29286,2023-08-28,0.00252
CVE-2023-29286,2023-08-29,0.00252
CVE-2023-29286,2023-08-30,0.00252
CVE-2023-29286,2023-08-31,0.00252
CVE-2023-29286,2023-09-01,0.00252
CVE-2023-29286,2023-09-02,0.00252
CVE-2023-29286,2023-09-03,0.00252
CVE-2023-29286,2023-09-04,0.00252
CVE-2023-29286,2023-09-05,0.00252
CVE-2023-29286,2023-09-06,0.00252
CVE-2023-29286,2023-09-07,0.00252
CVE-2023-29286,2023-09-08,0.00252
CVE-2023-29286,2023-09-09,0.00252
CVE-2023-29286,2023-09-10,0.00252
CVE-2023-29286,2023-09-11,0.00252
CVE-2023-29286,2023-09-12,0.00252
CVE-2023-29286,2023-09-13,0.00252
CVE-2023-29286,2023-09-14,0.00252
CVE-2023-29286,2023-09-15,0.00252
CVE-2023-29286,2023-09-16,0.00252
CVE-2023-29286,2023-09-17,0.00252
CVE-2023-29286,2023-09-18,0.00252
CVE-2023-29286,2023-09-19,0.00252
CVE-2023-29286,2023-09-20,0.00252
CVE-2023-29286,2023-09-21,0.00252
CVE-2023-29286,2023-09-22,0.00252
CVE-2023-29286,2023-09-23,0.00252
CVE-2023-29286,2023-09-24,0.00252
CVE-2023-29286,2023-09-25,0.00252
CVE-2023-29286,2023-09-26,0.00252
CVE-2023-29286,2023-09-27,0.00252
CVE-2023-29286,2023-09-28,0.00252
CVE-2023-29286,2023-09-29,0.00252
CVE-2023-29286,2023-09-30,0.00252
CVE-2023-29286,2023-10-01,0.00252
CVE-2023-29286,2023-10-02,0.00252
CVE-2023-29286,2023-10-03,0.00252
CVE-2023-29286,2023-10-04,0.00252
CVE-2023-29286,2023-10-05,0.00252
CVE-2023-29286,2023-10-06,0.00252
CVE-2023-29286,2023-10-07,0.00252
CVE-2023-29286,2023-10-08,0.00252
CVE-2023-29286,2023-10-09,0.00252
CVE-2023-29286,2023-10-10,0.00252
CVE-2023-29286,2023-10-11,0.00252
CVE-2023-29286,2023-10-12,0.00252
CVE-2023-29286,2023-10-13,0.00252
CVE-2023-29286,2023-10-14,0.00212
CVE-2023-29286,2023-10-15,0.00212
CVE-2023-29286,2023-10-16,0.00212
CVE-2023-29286,2023-10-17,0.00212
CVE-2023-29286,2023-10-18,0.00212
CVE-2023-29286,2023-10-19,0.00212
CVE-2023-29286,2023-10-20,0.00212
CVE-2023-29286,2023-10-21,0.00212
CVE-2023-29286,2023-10-22,0.00212
CVE-2023-29286,2023-10-23,0.00212
CVE-2023-29286,2023-10-24,0.00212
CVE-2023-29286,2023-10-25,0.00212
CVE-2023-29286,2023-10-26,0.00212
CVE-2023-29286,2023-10-27,0.00212
CVE-2023-29286,2023-10-28,0.00212
CVE-2023-29286,2023-10-29,0.00212
CVE-2023-29286,2023-10-30,0.00212
CVE-2023-29286,2023-10-31,0.00212
CVE-2023-29286,2023-11-01,0.00212
CVE-2023-29286,2023-11-02,0.00212
CVE-2023-29286,2023-11-03,0.00212
CVE-2023-29286,2023-11-04,0.00212
CVE-2023-29286,2023-11-05,0.00212
CVE-2023-29286,2023-11-06,0.00212
CVE-2023-29286,2023-11-07,0.00212
CVE-2023-29286,2023-11-08,0.00212
CVE-2023-29286,2023-11-09,0.00212
CVE-2023-29286,2023-11-10,0.00212
CVE-2023-29286,2023-11-11,0.00212
CVE-2023-29286,2023-11-12,0.00212
CVE-2023-29286,2023-11-13,0.00212
CVE-2023-29286,2023-11-14,0.00212
CVE-2023-29286,2023-11-15,0.00212
CVE-2023-29286,2023-11-16,0.00212
CVE-2023-29286,2023-11-17,0.00212
CVE-2023-29286,2023-11-18,0.00212
CVE-2023-29286,2023-11-19,0.00212
CVE-2023-29286,2023-11-20,0.00212
CVE-2023-29286,2023-11-21,0.00212
CVE-2023-29286,2023-11-22,0.00212
CVE-2023-29286,2023-11-23,0.00212
CVE-2023-29286,2023-11-24,0.00212
CVE-2023-29286,2023-11-25,0.00212
CVE-2023-29286,2023-11-26,0.00212
CVE-2023-29286,2023-11-27,0.00212
CVE-2023-29286,2023-11-28,0.00212
CVE-2023-29286,2023-11-29,0.00212
CVE-2023-29286,2023-11-30,0.00212
CVE-2023-29286,2023-12-01,0.00212
CVE-2023-29286,2023-12-02,0.00212
CVE-2023-29286,2023-12-03,0.00212
CVE-2023-29286,2023-12-04,0.00212
CVE-2023-29286,2023-12-05,0.00209
CVE-2023-29286,2023-12-06,0.00209
CVE-2023-29286,2023-12-07,0.00209
CVE-2023-29286,2023-12-08,0.00209
CVE-2023-29286,2023-12-09,0.00209
CVE-2023-29286,2023-12-10,0.00209
CVE-2023-29286,2023-12-11,0.00209
CVE-2023-29286,2023-12-12,0.00209
CVE-2023-29286,2023-12-13,0.00209
CVE-2023-29286,2023-12-14,0.00209
CVE-2023-29286,2023-12-15,0.00209
CVE-2023-29286,2023-12-16,0.00209
CVE-2023-29286,2023-12-17,0.00209
CVE-2023-29286,2023-12-18,0.00209
CVE-2023-29286,2023-12-19,0.00209
CVE-2023-29286,2023-12-20,0.00209
CVE-2023-29286,2023-12-21,0.00209
CVE-2023-29286,2023-12-22,0.00209
CVE-2023-29286,2023-12-23,0.00209
CVE-2023-29286,2023-12-24,0.00209
CVE-2023-29286,2023-12-25,0.00209
CVE-2023-29286,2023-12-26,0.00209
CVE-2023-29286,2023-12-27,0.00209
CVE-2023-29286,2023-12-28,0.00209
CVE-2023-29286,2023-12-29,0.00209
CVE-2023-29286,2023-12-30,0.00209
CVE-2023-29286,2023-12-31,0.00209
CVE-2023-29286,2024-01-01,0.00209
CVE-2023-29286,2024-01-02,0.00209
CVE-2023-29286,2024-01-03,0.00209
CVE-2023-29286,2024-01-04,0.00209
CVE-2023-29286,2024-01-05,0.00209
CVE-2023-29286,2024-01-06,0.00209
CVE-2023-29286,2024-01-07,0.00209
CVE-2023-29286,2024-01-08,0.00209
CVE-2023-29286,2024-01-09,0.00209
CVE-2023-29286,2024-01-10,0.00209
CVE-2023-29286,2024-01-11,0.00209
CVE-2023-29286,2024-01-12,0.00209
CVE-2023-29286,2024-01-13,0.00209
CVE-2023-29286,2024-01-14,0.00209
CVE-2023-29286,2024-01-15,0.00209
CVE-2023-29286,2024-01-16,0.00209
CVE-2023-29286,2024-01-17,0.00209
CVE-2023-29286,2024-01-18,0.00209
CVE-2023-29286,2024-01-19,0.00209
CVE-2023-29286,2024-01-20,0.00209
CVE-2023-29286,2024-01-21,0.00267
CVE-2023-29286,2024-01-22,0.00267
CVE-2023-29286,2024-01-23,0.00267
CVE-2023-29286,2024-01-24,0.00267
CVE-2023-29286,2024-01-25,0.00267
CVE-2023-29286,2024-01-26,0.00267
CVE-2023-29286,2024-01-27,0.00267
CVE-2023-29286,2024-01-28,0.00267
CVE-2023-29286,2024-01-29,0.00267
CVE-2023-29286,2024-01-30,0.0021
CVE-2023-29286,2024-01-31,0.0021
CVE-2023-29286,2024-02-01,0.0021
CVE-2023-29286,2024-02-02,0.0021
CVE-2023-29286,2024-02-03,0.0021
CVE-2023-29286,2024-02-04,0.0021
CVE-2023-29286,2024-02-05,0.0021
CVE-2023-29286,2024-02-06,0.0021
CVE-2023-29286,2024-02-07,0.0021
CVE-2023-29286,2024-02-08,0.0021
CVE-2023-29286,2024-02-09,0.0021
CVE-2023-29286,2024-02-10,0.0021
CVE-2023-29286,2024-02-11,0.0021
CVE-2023-29286,2024-02-12,0.00288
CVE-2023-29286,2024-02-13,0.00288
CVE-2023-29286,2024-02-14,0.00288
CVE-2023-29286,2024-02-15,0.00288
CVE-2023-29286,2024-02-16,0.00288
CVE-2023-29286,2024-02-17,0.00288
CVE-2023-29286,2024-02-18,0.00288
CVE-2023-29286,2024-02-19,0.00288
CVE-2023-29286,2024-02-20,0.00288
CVE-2023-29286,2024-02-21,0.00288
CVE-2023-29286,2024-02-22,0.00288
CVE-2023-29286,2024-02-23,0.00288
CVE-2023-29286,2024-02-24,0.00288
CVE-2023-29286,2024-02-25,0.00288
CVE-2023-29286,2024-02-26,0.00288
CVE-2023-29286,2024-02-27,0.00288
CVE-2023-29286,2024-02-28,0.00288
CVE-2023-29286,2024-02-29,0.00288
CVE-2023-29286,2024-03-01,0.00288
CVE-2023-29286,2024-03-02,0.00288
CVE-2023-29286,2024-03-03,0.00288
CVE-2023-29286,2024-03-04,0.00288
CVE-2023-29286,2024-03-05,0.00288
CVE-2023-29286,2024-03-06,0.00288
CVE-2023-29286,2024-03-07,0.00288
CVE-2023-29286,2024-03-08,0.00288
CVE-2023-29286,2024-03-09,0.00288
CVE-2023-29286,2024-03-10,0.00288
CVE-2023-29286,2024-03-11,0.00288
CVE-2023-29286,2024-03-12,0.00288
CVE-2023-29286,2024-03-13,0.00288
CVE-2023-29286,2024-03-14,0.00288
CVE-2023-29286,2024-03-15,0.00288
CVE-2023-29286,2024-03-16,0.00288
CVE-2023-29286,2024-03-17,0.00288
CVE-2023-29286,2024-03-18,0.00288
CVE-2023-29286,2024-03-19,0.00288
CVE-2023-29286,2024-03-20,0.00288
CVE-2023-29286,2024-03-21,0.00288
CVE-2023-29286,2024-03-22,0.00288
CVE-2023-29286,2024-03-23,0.00288
CVE-2023-29286,2024-03-24,0.00288
CVE-2023-29286,2024-03-25,0.00288
CVE-2023-29286,2024-03-26,0.00288
CVE-2023-29286,2024-03-27,0.00288
CVE-2023-29286,2024-03-28,0.00288
CVE-2023-29286,2024-03-29,0.00288
CVE-2023-29286,2024-03-30,0.00288
CVE-2023-29286,2024-03-31,0.00288
CVE-2023-29286,2024-04-01,0.00288
CVE-2023-29286,2024-04-02,0.00288
CVE-2023-29286,2024-04-03,0.00288
CVE-2023-29286,2024-04-04,0.00288
CVE-2023-29286,2024-04-05,0.00288
CVE-2023-29286,2024-04-06,0.00288
CVE-2023-29286,2024-04-07,0.00288
CVE-2023-29286,2024-04-08,0.00288
CVE-2023-29286,2024-04-09,0.00288
CVE-2023-29286,2024-04-10,0.00288
CVE-2023-29286,2024-04-11,0.00288
CVE-2023-29286,2024-04-12,0.00288
CVE-2023-29286,2024-04-13,0.00288
CVE-2023-29286,2024-04-14,0.00288
CVE-2023-29286,2024-04-15,0.00288
CVE-2023-29286,2024-04-16,0.00288
CVE-2023-29286,2024-04-17,0.00288
CVE-2023-29286,2024-04-18,0.00288
CVE-2023-29286,2024-04-19,0.00288
CVE-2023-29286,2024-04-20,0.00288
CVE-2023-29286,2024-04-21,0.00288
CVE-2023-29286,2024-04-22,0.00288
CVE-2023-29286,2024-04-23,0.00288
CVE-2023-29286,2024-04-24,0.00288
CVE-2023-29286,2024-04-25,0.00288
CVE-2023-29286,2024-04-26,0.00288
CVE-2023-29286,2024-04-27,0.00288
CVE-2023-29286,2024-04-28,0.00288
CVE-2023-29286,2024-04-29,0.00288
CVE-2023-29286,2024-04-30,0.00288
CVE-2023-29286,2024-05-01,0.00288
CVE-2023-29286,2024-05-02,0.00288
CVE-2023-29286,2024-05-03,0.00288
CVE-2023-29286,2024-05-04,0.00288
CVE-2023-29286,2024-05-05,0.00288
CVE-2023-29286,2024-05-06,0.00288
CVE-2023-29286,2024-05-07,0.00288
CVE-2023-29286,2024-05-08,0.00288
CVE-2023-29286,2024-05-09,0.00288
CVE-2023-29286,2024-05-10,0.00288
CVE-2023-29286,2024-05-11,0.00288
CVE-2023-29286,2024-05-12,0.00288
CVE-2023-29286,2024-05-13,0.00288
CVE-2023-29286,2024-05-14,0.00288
CVE-2023-29286,2024-05-15,0.00288
CVE-2023-29286,2024-05-16,0.00288
CVE-2023-29286,2024-05-17,0.00288
CVE-2023-29286,2024-05-18,0.00288
CVE-2023-29286,2024-05-19,0.00288
CVE-2023-29286,2024-05-20,0.00288
CVE-2023-29286,2024-05-21,0.00288
CVE-2023-29286,2024-05-22,0.00288
CVE-2023-29286,2024-05-23,0.00288
CVE-2023-29286,2024-05-24,0.00288
CVE-2023-29286,2024-05-25,0.00288
CVE-2023-29286,2024-05-26,0.00288
CVE-2023-29286,2024-05-27,0.00288
CVE-2023-29286,2024-05-28,0.00288
CVE-2023-29286,2024-05-29,0.00288
CVE-2023-29286,2024-05-30,0.00288
CVE-2023-29286,2024-05-31,0.00288
CVE-2023-29286,2024-06-01,0.00288
CVE-2023-29286,2024-06-02,0.00288
CVE-2023-29286,2024-06-03,0.00288
CVE-2023-29286,2024-06-04,0.00288
CVE-2023-29286,2024-06-05,0.00288
CVE-2023-29286,2024-06-06,0.00288
CVE-2023-29286,2024-06-07,0.00288
CVE-2023-29286,2024-06-08,0.00288
CVE-2023-29286,2024-06-09,0.00288
CVE-2023-29286,2024-06-10,0.00288
CVE-2023-29286,2024-06-11,0.00288
CVE-2023-29286,2024-06-12,0.00409
CVE-2023-29286,2024-06-13,0.00409
CVE-2023-29286,2024-06-14,0.00409
CVE-2023-29286,2024-06-15,0.00409
CVE-2023-29286,2024-06-16,0.00409
CVE-2023-29286,2024-06-17,0.00409
CVE-2023-29286,2024-06-18,0.00409
CVE-2023-29286,2024-06-19,0.00409
CVE-2023-29286,2024-06-20,0.00409
CVE-2023-29286,2024-06-21,0.00409
CVE-2023-29286,2024-06-22,0.00409
CVE-2023-29286,2024-06-23,0.00409
CVE-2023-29286,2024-06-24,0.00409
CVE-2023-29286,2024-06-25,0.00409
CVE-2023-29286,2024-06-26,0.00409
CVE-2023-29286,2024-06-27,0.00409
CVE-2023-29286,2024-06-28,0.00409
CVE-2023-29286,2024-06-29,0.00409
CVE-2023-29286,2024-06-30,0.00409
CVE-2023-29286,2024-07-01,0.00409
CVE-2023-29286,2024-07-02,0.00409
CVE-2023-29286,2024-07-03,0.00409
CVE-2023-29286,2024-07-04,0.00409
CVE-2023-29286,2024-07-05,0.00409
CVE-2023-29286,2024-07-06,0.00409
CVE-2023-29286,2024-07-07,0.00409
CVE-2023-29286,2024-07-08,0.00409
CVE-2023-29286,2024-07-09,0.00409
CVE-2023-29286,2024-07-10,0.00409
CVE-2023-29286,2024-07-11,0.00409
CVE-2023-29286,2024-07-12,0.00409
CVE-2023-29286,2024-07-13,0.00409
CVE-2023-29286,2024-07-14,0.00409
CVE-2023-29286,2024-07-15,0.00409
CVE-2023-29286,2024-07-16,0.00409
CVE-2023-29286,2024-07-17,0.00409
CVE-2023-29286,2024-07-18,0.00409
CVE-2023-29286,2024-07-19,0.00409
CVE-2023-29286,2024-07-20,0.00409
CVE-2023-29286,2024-07-21,0.00409
CVE-2023-29286,2024-07-22,0.00409
CVE-2023-29286,2024-07-23,0.00409
CVE-2023-29286,2024-07-24,0.00409
CVE-2023-29286,2024-07-25,0.00409
CVE-2023-29286,2024-07-26,0.00409
CVE-2023-29286,2024-07-27,0.00409
CVE-2023-29286,2024-07-28,0.00409
CVE-2023-29286,2024-07-29,0.00409
CVE-2023-29286,2024-07-30,0.00409
CVE-2023-29286,2024-07-31,0.00409
CVE-2023-29286,2024-08-01,0.00409
CVE-2023-29286,2024-08-02,0.00409
CVE-2023-29286,2024-08-03,0.00409
CVE-2023-29286,2024-08-04,0.00409
CVE-2023-29286,2024-08-05,0.00409
CVE-2023-29286,2024-08-06,0.00409
CVE-2023-29286,2024-08-07,0.00409
CVE-2023-29286,2024-08-08,0.00409
CVE-2023-29286,2024-08-09,0.00409
CVE-2023-29286,2024-08-10,0.00409
CVE-2023-29286,2024-08-11,0.00409
CVE-2023-29286,2024-08-12,0.00409
CVE-2023-29286,2024-08-13,0.00409
CVE-2023-29286,2024-08-14,0.00409
CVE-2023-29286,2024-08-15,0.00409
CVE-2023-29286,2024-08-16,0.00409
CVE-2023-29286,2024-08-17,0.00409
CVE-2023-29286,2024-08-18,0.00409
CVE-2023-29286,2024-08-19,0.00409
CVE-2023-29286,2024-08-20,0.00409
CVE-2023-29286,2024-08-21,0.00409
CVE-2023-29286,2024-08-22,0.00409
CVE-2023-29286,2024-08-23,0.00409
CVE-2023-29286,2024-08-24,0.00409
CVE-2023-29286,2024-08-25,0.00409
CVE-2023-29286,2024-08-26,0.00409
CVE-2023-29286,2024-08-27,0.00409
CVE-2023-29286,2024-08-28,0.00409
CVE-2023-29286,2024-08-29,0.00409
CVE-2023-29286,2024-08-30,0.00409
CVE-2023-29286,2024-08-31,0.00409
CVE-2023-29286,2024-09-01,0.00409
CVE-2023-29286,2024-09-02,0.00409
CVE-2023-29286,2024-09-03,0.00409
CVE-2023-29286,2024-09-04,0.00409
CVE-2023-29286,2024-09-05,0.00409
CVE-2023-29286,2024-09-06,0.00409
CVE-2023-29286,2024-09-07,0.00409
CVE-2023-29286,2024-09-08,0.00409
CVE-2023-29286,2024-09-09,0.00409
CVE-2023-29286,2024-09-10,0.00409
CVE-2023-29286,2024-09-11,0.00409
CVE-2023-29286,2024-09-12,0.00409
CVE-2023-29286,2024-09-13,0.00409
CVE-2023-29286,2024-09-14,0.00409
CVE-2023-29286,2024-09-15,0.00409
CVE-2023-29286,2024-09-16,0.00409
CVE-2023-29286,2024-09-17,0.00409
CVE-2023-29286,2024-09-18,0.00409
CVE-2023-29286,2024-09-19,0.00409
CVE-2023-29286,2024-09-20,0.00409
CVE-2023-29286,2024-09-21,0.00409
CVE-2023-29286,2024-09-22,0.00409
CVE-2023-29286,2024-09-23,0.00409
CVE-2023-29286,2024-09-24,0.00409
CVE-2023-29286,2024-09-25,0.00409
CVE-2023-29286,2024-09-26,0.00409
CVE-2023-29286,2024-09-27,0.00409
CVE-2023-29286,2024-09-28,0.00409
CVE-2023-29286,2024-09-29,0.00409
CVE-2023-29286,2024-09-30,0.00409
CVE-2023-29286,2024-10-01,0.00409
CVE-2023-29286,2024-10-02,0.00409
CVE-2023-29286,2024-10-03,0.00409
CVE-2023-29286,2024-10-04,0.00409
CVE-2023-29286,2024-10-05,0.00409
CVE-2023-29286,2024-10-06,0.00409
CVE-2023-29286,2024-10-07,0.00409
CVE-2023-29286,2024-10-08,0.00288
CVE-2023-29286,2024-10-09,0.00288
CVE-2023-29286,2024-10-10,0.00288
CVE-2023-29286,2024-10-11,0.00288
CVE-2023-29286,2024-10-12,0.00288
CVE-2023-29286,2024-10-13,0.00288
CVE-2023-29286,2024-10-14,0.00288
CVE-2023-29286,2024-10-15,0.00288
CVE-2023-29286,2024-10-16,0.00288
CVE-2023-29286,2024-10-17,0.00288
CVE-2023-29286,2024-10-18,0.00288
CVE-2023-29286,2024-10-19,0.00288
CVE-2023-29286,2024-10-20,0.00288
CVE-2023-29286,2024-10-21,0.00405
CVE-2023-29286,2024-10-22,0.00405
CVE-2023-29286,2024-10-23,0.00405
CVE-2023-29286,2024-10-24,0.00405
CVE-2023-29286,2024-10-25,0.00405
CVE-2023-29286,2024-10-26,0.00405
CVE-2023-29286,2024-10-27,0.00405
CVE-2023-29286,2024-10-28,0.00405
CVE-2023-29286,2024-10-29,0.00405
CVE-2023-29286,2024-10-30,0.00405
CVE-2023-29286,2024-10-31,0.00405
CVE-2023-29286,2024-11-01,0.00405
CVE-2023-29286,2024-11-02,0.00405
CVE-2023-29286,2024-11-03,0.00405
CVE-2023-29286,2024-11-04,0.00405
CVE-2023-29286,2024-11-05,0.00405
CVE-2023-29286,2024-11-06,0.00405
CVE-2023-29286,2024-11-07,0.00405
CVE-2023-29286,2024-11-08,0.00405
CVE-2023-29286,2024-11-09,0.00405
CVE-2023-29286,2024-11-10,0.00405
CVE-2023-29286,2024-11-11,0.00405
CVE-2023-29286,2024-11-12,0.00405
CVE-2023-29286,2024-11-13,0.00405
CVE-2023-29286,2024-11-14,0.00405
CVE-2023-29286,2024-11-15,0.00405
CVE-2023-29286,2024-11-16,0.00405
CVE-2023-29286,2024-11-17,0.00405
CVE-2023-29286,2024-11-18,0.00405
CVE-2023-29286,2024-11-19,0.00405
CVE-2023-29286,2024-11-20,0.00405
CVE-2023-29286,2024-11-21,0.00405
CVE-2023-29286,2024-11-22,0.00405
CVE-2023-29286,2024-11-23,0.00405
CVE-2023-29286,2024-11-24,0.00405
CVE-2023-29286,2024-11-25,0.00405
CVE-2023-29286,2024-11-26,0.00405
CVE-2023-29286,2024-11-27,0.00405
CVE-2023-29286,2024-11-28,0.00405
CVE-2023-29286,2024-11-29,0.00405
CVE-2023-29286,2024-11-30,0.00405
CVE-2023-29286,2024-12-02,0.00463
CVE-2023-29286,2024-12-03,0.00463
CVE-2023-29286,2024-12-04,0.00463
CVE-2023-29286,2024-12-05,0.00463
CVE-2023-29286,2024-12-06,0.00463
CVE-2023-29286,2024-12-07,0.00463
CVE-2023-29286,2024-12-08,0.00463
CVE-2023-29286,2024-12-09,0.00463
CVE-2023-29286,2024-12-10,0.00463
CVE-2023-29286,2024-12-11,0.00463
CVE-2023-29286,2024-12-12,0.00463
CVE-2023-29286,2024-12-13,0.00463
CVE-2023-29286,2024-12-14,0.00463
CVE-2023-29286,2024-12-15,0.00463
CVE-2023-29286,2024-12-16,0.00463
CVE-2023-29286,2024-12-17,0.00105
CVE-2023-29286,2024-12-18,0.00105
CVE-2023-29286,2024-12-19,0.00105
CVE-2023-29286,2024-12-20,0.00105
CVE-2023-29286,2024-12-21,0.00105
CVE-2023-29286,2024-12-22,0.00105
CVE-2023-29286,2024-12-23,0.00105
CVE-2023-29286,2024-12-24,0.00105
CVE-2023-29286,2024-12-25,0.00105
CVE-2023-29286,2024-12-26,0.00105
CVE-2023-29286,2024-12-27,0.00105
CVE-2023-29286,2024-12-28,0.00105
CVE-2023-29286,2024-12-29,0.00105
CVE-2023-29286,2024-12-30,0.00105
CVE-2023-29286,2024-12-31,0.00105
CVE-2023-29286,2025-01-01,0.00105
CVE-2023-29286,2025-01-02,0.00105
CVE-2023-29286,2025-01-03,0.00105
CVE-2023-29286,2025-01-04,0.00105
CVE-2023-29286,2025-01-05,0.00105
CVE-2023-29286,2025-01-06,0.00105
CVE-2023-29286,2025-01-07,0.00105
CVE-2023-29286,2025-01-08,0.00105
CVE-2023-29286,2025-01-09,0.00105
CVE-2023-29286,2025-01-10,0.00105
CVE-2023-29286,2025-01-11,0.00105
CVE-2023-29286,2025-01-12,0.00105
CVE-2023-29286,2025-01-13,0.00105
CVE-2023-29286,2025-01-14,0.00105
CVE-2023-29286,2025-01-15,0.00105
CVE-2023-29286,2025-01-16,0.00105
CVE-2023-29286,2025-01-17,0.00105
CVE-2023-29286,2025-01-18,0.00105
CVE-2023-29286,2025-01-19,0.00105
CVE-2023-29286,2025-01-20,0.00105
CVE-2023-29286,2025-01-21,0.00105
CVE-2023-29286,2025-01-22,0.00105
CVE-2023-29286,2025-01-23,0.00105
CVE-2023-29286,2025-01-24,0.00105
CVE-2023-29286,2025-01-25,0.00105
CVE-2023-29286,2025-01-26,0.00105
CVE-2023-29286,2025-01-27,0.00105
CVE-2023-29286,2025-01-28,0.00105
CVE-2023-29286,2025-01-29,0.00105
CVE-2023-29286,2025-01-30,0.00105
CVE-2023-29286,2025-01-31,0.00105
CVE-2023-29286,2025-02-01,0.00105
CVE-2023-29286,2025-02-02,0.00105
CVE-2023-29286,2025-02-03,0.00105
CVE-2023-29286,2025-02-04,0.00105
CVE-2023-29286,2025-02-05,0.00105
CVE-2023-29286,2025-02-06,0.00105
CVE-2023-29286,2025-02-07,0.00105
CVE-2023-29286,2025-02-08,0.00105
CVE-2023-29286,2025-02-09,0.00105
CVE-2023-29286,2025-02-10,0.00105
CVE-2023-29286,2025-02-11,0.00105
CVE-2023-29286,2025-02-12,0.00105
CVE-2023-29286,2025-02-13,0.00105
CVE-2023-29286,2025-02-14,0.00105
CVE-2023-29286,2025-02-15,0.00105
CVE-2023-29286,2025-02-16,0.00105
CVE-2023-29286,2025-02-17,0.00105
CVE-2023-29286,2025-02-18,0.00105
CVE-2023-29286,2025-02-19,0.00105
CVE-2023-29286,2025-02-20,0.00105
CVE-2023-29286,2025-02-21,0.00105
CVE-2023-29286,2025-02-22,0.00105
CVE-2023-29286,2025-02-23,0.00105
CVE-2023-29286,2025-02-24,0.00105
CVE-2023-29286,2025-02-25,0.00105
CVE-2023-29286,2025-02-26,0.00105
CVE-2023-29286,2025-02-27,0.00105
CVE-2023-29286,2025-02-28,0.00105
CVE-2023-29286,2025-03-01,0.00105
CVE-2023-29286,2025-03-02,0.00105
CVE-2023-29286,2025-03-03,0.00105
CVE-2023-29286,2025-03-04,0.00105
CVE-2023-29286,2025-03-05,0.00105
CVE-2023-29286,2025-03-06,0.00105
CVE-2023-29286,2025-03-07,0.00105
CVE-2023-29286,2025-03-08,0.00105
CVE-2023-29286,2025-03-09,0.00105
CVE-2023-29286,2025-03-10,0.00105
CVE-2023-29286,2025-03-11,0.00105
CVE-2023-29286,2025-03-12,0.00105
CVE-2025-1866,2025-03-04,0.00043
CVE-2025-1866,2025-03-05,0.00043
CVE-2025-1866,2025-03-06,0.00043
CVE-2025-1866,2025-03-07,0.00043
CVE-2025-1866,2025-03-08,0.00043
CVE-2025-1866,2025-03-09,0.00043
CVE-2025-1866,2025-03-10,0.00043
CVE-2025-1866,2025-03-11,0.00043
CVE-2025-1866,2025-03-12,0.00043
