Score;Date;Post ID;Comment ID;CVE_ID
4;31/10/2012;12dt5c;c6uab0h;CVE-2012-2027
1;19/01/2013;16bjte;c7ztgud;CVE-2012-0507
4;05/04/2013;1bqc0w;c99e2lm;CVE-2012-4681
2;08/05/2013;1676jf;c9ur79z;CVE-2013-1347
22;19/08/2013;1ko1gz;cbqyisy;CVE-2012-0217
7;22/08/2013;1ktj2r;cbsoz5w;cve-2013-2028
2;29/11/2013;1rpa42;cdpi1r1;CVE-2012-1823
2;05/12/2013;1s5y66;cdu8baq;CVE-2006-6880
2;19/12/2013;1t2yqo;ce5afhj;CVE-2012-1823
2;13/01/2014;1v34qu;ceogc69;CVE-2012-4681
1;04/02/2014;1wxrnn;cf6ewn7;CVE-2014-1681
1;27/02/2014;1z1kxq;cfpscvh;CVE-2011-4321
7;31/03/2014;21uevx;cggmbx1;CVE-2014-0591
1;29/08/2014;2eshz0;ck3eyt6;CVE-2012-5357
1;29/08/2014;2eshz0;ck3opjx;CVE-1012-5358
3;14/10/2014;2j82ti;cl98wiw;cve-2014-6271
1;17/10/2014;2jgi12;clbnhfj;CVE-2004-1254
3;22/10/2014;2k03ig;clgprdy;CVE-2014-3490
3;06/01/2015;2rhseb;cngdfz7;CVE-2008-0923
-1;25/01/2015;2tlp4x;co09pg8;CVE-2014-8642
2;04/02/2015;2urazg;coazaoh;cve-2014-6324
1;12/02/2015;2vmlr9;coj0z6e;CVE-2015-0008
1;12/02/2015;2vmlr9;coj2rel;CVE-2015-0008
1;02/04/2015;318aa7;cpzdu2q;CVE-2012-0158
1;17/04/2015;32xhhk;cqfk3a9;CVE-2015-1635
1;11/05/2015;35ltq7;cr5x4og;CVE-2015-3152
2;18/07/2015;3dpa2q;ct7lg7z;CVE-2012-4953
7;22/07/2015;3e7pps;ctcd08q;cve-2015-0311
10;28/08/2015;3io1m5;cui6k2a;CVE-2006-2369
1;12/11/2015;3sf0nn;cwxipv9;cve-2012-1823
1;09/12/2015;3w3z66;cxt82xb;CVE-2012-0394
11;02/02/2016;43vgzz;czlip60;CVE-2015-3456
5;09/02/2016;44xnbz;cztpa8o;CVE-2009-3023
2;15/02/2016;45ttxx;d00n18r;CVE-2015-6172
1;22/07/2016;4u4858;d5n0cl7;CVE-2016-0701
1;24/10/2016;58rra0;d965pwf;CVE-2016-4631
1;02/11/2016;5anncd;d9i2l3c;cve-2016-0189
1;04/04/2017;63dbhh;dftfu5p;cve-2009-2692
1;26/04/2017;67f3zh;dgrtxlh;CVE-2008-0166
2;29/04/2017;6831r5;dgw1pn4;CVE-2017-5638
1;02/05/2017;68li59;dh0t6nu;cve-2014-3566
32;13/05/2017;6auev1;dhhm3gx;CVE-2017-0148
2;15/06/2017;6hb2dh;dixbvpq;CVE-2015-1538
9;03/07/2017;6l16rq;djqcgg8;CVE-2011-3402
1;21/08/2017;6uxwaw;dlx9m61;CVE-2017-1000001
9;16/09/2017;70da0v;dn2j70o;CVE-2017-5638
1;17/10/2017;76x1ht;doiaccd;CVE-2017-13080
2;28/11/2017;7g3fj3;dqg8d20;CVE-2017-16944
4;25/01/2018;7suluv;dt7syew;CVE-2017-0143
3;30/01/2018;7tzuxw;dtgief3;CVE-2016-6663
2;27/02/2018;80gb4c;duvsnmt;CVE-2012-6708
1;23/04/2018;8e9yw8;dxtquqv;CVE-2017-14491
2;05/05/2018;8h7a76;dyhvlh9;CVE-2001-1521
2;21/06/2018;8slhs0;e113pzw;CVE-2018-0886
6;01/08/2018;93q5mo;e3feyw3;cve-2017-8570
1;02/08/2018;93q5mo;e3hbgmu;cve-2018-7600
1;23/08/2018;991tkt;e4ptshm;CVE-2017-11882
4;05/09/2018;9d1ccg;e5eqdg5;cve-2018-0950
1;09/10/2018;9mrjgc;e7h2jxm;CVE-2009-2493
6;25/10/2018;9r5qzb;e8ejsze;cve-2015-3684
2;17/11/2018;9xral9;e9wewmn;cve-2018-10933
2;25/11/2018;a07j78;eagog4l;cve-2018-10933
1;30/11/2018;a1tw47;easpngt;CVE-2012-4929
1;24/01/2019;ajchi1;eeuixq3;cve-2108-8725
2;16/02/2019;ar5n0l;egl3d8y;CVE-2017-9765
2;22/02/2019;asos7t;eh281sz;CVE-2017-16643
22;16/05/2019;bpd84v;enrz6sb;CVE-2019-0708
-1;16/05/2019;bpd84v;ens851p;CVE-2019-0708
-4;16/05/2019;bpd84v;ens8rgf;CVE-2019-0708
0;16/05/2019;bpd84v;ensfdcx;CVE-2019-0708
-2;16/05/2019;bpd84v;ensl52b;CVE-2019-0708
6;16/05/2019;bpd84v;entgow8;cve-2019-0708
3;17/05/2019;bpd84v;enu8gm9;CVE-2019-0708
1;17/05/2019;bpd84v;env1ikw;CVE-2019-0708
1;17/05/2019;bpd84v;envgcos;CVE-2019-0708
3;22/05/2019;brltwf;eoeysna;CVE-2019-9818
14;24/05/2019;bsbbqd;eol0utc;CVE-2019-0708
2;02/06/2019;bvsqzu;epuucvk;cve-2018-10933
1;04/06/2019;bpd84v;epz571s;CVE-2019-0708
1;05/06/2019;bx3gl6;eq3dy34;CVE-2017-5715
1;05/06/2019;bu2f25;eq3s86c;CVE-2001-0572
2;10/07/2019;cb565l;etew5xu;CVE-2019-13450
1;14/07/2019;ccnahy;etr4ubr;CVE-2019-3916
12;20/09/2019;d6w0us;f0vx3qn;CVE-2011-2013
11;20/09/2019;d6w0us;f0vziu1;CVE-2018-17793
4;20/09/2019;d6w0us;f0w6ool;CVE-2019-0708
14;20/09/2019;d6w0us;f0wgs9j;CVE-2011-0762
1;05/10/2019;ddnuoq;f2kn68c;CVE-2019-15295
5;06/11/2019;dsgkt0;f6p9156;CVE-2019-13720
2;28/12/2019;egr94i;fc91cqf;CVE-2018-4990
67;05/01/2020;ek50nb;fd6c8di;CVE-2005-4560
1;14/01/2020;eomrkd;fee6klm;CVE-2015-0699
1;17/01/2020;eq5j3z;feo61nr;CVE-2020-0601
6;23/01/2020;esr6we;ffc7zq7;CVE-2019-11932
1;02/02/2020;ex9vqt;fgbrxxr;CVE-2018-14847
1;29/04/2020;g9hogt;foycjh3;cve-2018-20062
20;24/06/2020;hf8vjp;fvwme29;CVE-2020-8515
7;28/07/2020;hzgjjw;fzjrjz0;CVE-2020-1350
1;17/09/2021;pphzyc;hd7b7ik;CVE-2021-40444
3;16/10/2021;q8wa0g;hgt8w5y;CVE-2020-11022
1;28/10/2021;j9nv92;hif98hy;CVE-2021-37980
2;23/11/2021;r06q5j;hlsenx9;CVE-2004-0120
14;11/12/2021;rdz43x;ho55u6g;cve-2021-44228
3;15/12/2021;rgtxfx;homoq9u;CVE-2021-44228
2;16/12/2021;rhdvnu;hothkyh;CVE-2021-44228
3;22/12/2021;rm68jd;hpkyyxd;CVE-2021-44228
1;27/12/2021;rhdvnu;hq4eh7j;CVE-2021-44228
2;29/12/2021;rqsam1;hqei0ps;CVE-2021-44837
0;15/01/2022;s496gt;hspziph;CVE-2008-0923
2;28/01/2022;se8667;hukkbx9;CVE-2022-0316
1;03/03/2022;t5jwnk;hz62i2e;CVE-2008-0923
2;01/04/2022;tt8mnu;i30vwsj;CVE-2022-22963
2;10/06/2022;v967je;ibwtoqd;cve-2022-30190
2;11/08/2022;wlfhs3;ijxagak;CVE-2022-0028
6;24/08/2022;wwmb92;ilmb3vm;CVE-2018-6654
1;08/10/2022;xye4gv;irh06up;CVE-2005-3142
1;08/10/2022;xye4gv;irhixsl;CVE-2005-3142
2;03/01/2023;101eunz;j2p9aqk;CVE-2021-30751
2;05/01/2023;103ns3o;j31tknw;CVE-2022-31226
3;01/02/2023;10qydj4;j6ue3js;CVE-2023-24055
1;21/03/2023;11wfhk5;jd1do0b;CVE-2023-23397
6;18/05/2023;13kp3nw;jklm5ua;CVE-2023-28206
1;21/05/2023;13nacqj;jkzdjey;cve-2020-0729
2;30/05/2023;13uzbbl;jm56i3r;CVE-2020-5741
1;15/09/2023;16isma0;k0nvubh;CVE-2023-38408
1;15/09/2023;16isma0;k0nxrpb;CVE-2023-38408
1;30/09/2023;16w8n0d;k2xa0rm;cve-2020-19909
1;16/10/2023;1791wi9;k53fsg7;CVE-2023-4487
2;11/11/2023;17t005o;k8ur52r;CVE-2023-27974
1;14/11/2023;17unomm;k980naa;cve-2023-40632
2;26/01/2024;1abisvv;kjnx4p9;CVE-2013-4650
2;04/02/2024;1ahwwq7;kotho5l;CVE-2018-15473
1;06/02/2024;1ak0vq5;kp5qha6;cve-2022-41099
1;07/02/2024;1ak0vq5;kpbp15n;CVE-2024-20666
1;08/02/2024;1ak0vq5;kpg6h75;CVE-2024-20666
2;08/02/2024;1ak0vq5;kpg8e5w;CVE-2024-20666
1;08/02/2024;1ak0vq5;kpg8sk7;CVE-2024-20666
1;08/02/2024;1ak0vq5;kpgfjvd;CVE-2024-20666
5;23/02/2024;1axzhdp;krrbkrg;CVE-2023-34362
1;13/05/2024;1cqqbg0;l3v0ui0;CVE-2000-0114
1;13/05/2024;1cqqbg0;l3v92ih;CVE-1999-0524
1;04/08/2024;1ehdj1c;lgf12sx;CVE-2013-3900
1;04/09/2024;1f7ihja;llfolpr;CVE-2024-38063
3;25/09/2024;1fol1ju;lotfr18;CVE-2024-38063
1;25/09/2024;1fpbu53;lox64xk;CVE-2019-16292
2;25/09/2024;1fpbu53;loxdz65;cve-2019-15292
1;11/11/2024;1gny1q8;lwibuhx;cve-2024-6387
3;11/01/2020;en4m7j;fdw3ahh;CVE-2019-19781
2;13/01/2020;en4m7j;fe6sie8;CVE-2019-19781
2;14/01/2020;eok43a;fee3vg6;CVE-2020-0601
3;16/01/2020;en4m7j;fejsami;cve-2019-19781
1;17/01/2020;en4m7j;femb64g;cve-2019-19781
3;19/01/2020;equ1hq;feyflr7;CVE-2016-1645
6;19/01/2020;equ1hq;feykb75;CVE-2020-0674
1;02/03/2020;fbi46n;fj974do;CVE-2020-2551
1;02/03/2020;fbi46n;fj97c3d;cve-2020-2551
1;06/03/2020;fb8pum;fjlttv4;CVE-2020-0688
2;16/03/2020;fiy0i8;fkms5rr;CVE-2017-11882
4;30/03/2020;frr3b7;flxsbc4;CVE-2020-0796
2;11/04/2020;fz0p2h;fn4pyjj;CVE-2017-0199
1;04/05/2020;gcnqc1;fpg5i8u;CVE-2020-11651
1;03/07/2020;hkjxob;fwt5jdm;CVE-2020-5902
5;03/07/2020;hkjxob;fwtdss1;CVE-2020-5902
1;06/07/2020;hkjxob;fx1ywcp;CVE-2020-5902
1;14/07/2020;hra13z;fy39i37;CVE-2020-1350
1;17/07/2020;hr9rmp;fyehhjt;cve-2020-1350
4;05/08/2020;i4126x;g0gd6pi;CVE-2019-11510
2;01/10/2020;j38dja;g7a6emy;CVE-2020-1472
1;14/10/2020;jal83d;g8rni7y;CVE-2020-16952
2;14/10/2020;jakhco;g8rnwzm;cve-2020-16898
1;14/10/2020;jakhco;g8ro4z5;CVE-2020-16898
2;03/11/2020;jk9ym1;gaylob8;CVE-2020-14750
2;05/12/2020;k65o0d;geqid7h;cve-2020-1472
4;31/01/2021;l8pruw;glgy8yb;CVE-2021-3156
1;05/02/2021;l8pruw;gm6bide;CVE-2021-3156
2;28/02/2021;lu9n5n;gp7opkc;cve-2021-21972
2;10/03/2021;m1doj7;gqgwhw9;CVE-2021-1732
1;26/04/2021;jn5pyw;gvxf51y;CVE-2020-7034
2;17/05/2021;nehhb4;gyhz8bc;CVE-2017-0199
1;05/06/2021;nnt29k;h0nq7qs;CVE-2021-21985
3;15/06/2021;o0akuf;h1usoyv;CVE-2016-0051
0;30/06/2021;oaqroc;h3l2oqs;cve-2021-1675
3;02/07/2021;obrp7o;h3soe4y;CVE-2021-34527
1;03/07/2021;obrp7o;h3wi2o3;cve-2021-34527
3;21/07/2021;oo3bcc;h5z00qr;CVE-2021-36934
8;02/08/2021;owgte3;h7h44au;CVE-2021-36934
1;01/09/2021;pg1ezi;hb89b22;CVE-2021-26084
1;06/10/2021;q2dum6;hfmi61m;CVE-2021-41773
1;06/10/2021;q2dum6;hfmrp15;CVE-2021-41773
1;15/10/2021;q8u7dz;hgrs35q;CVE-2021-40438
1;16/10/2021;q8u7dz;hgtqwdj;cve-2021-40438
1;22/10/2021;qdbwkf;hhlf0e5;CVE-2021-21224
5;28/10/2021;qhu5ey;hifsizg;CVE-2021-30892
2;11/11/2021;qoq5aa;hk920gw;CVE-2021-34527
11;12/12/2021;rd38z9;hoail27;CVE-2021-44228
1;13/12/2021;rd38z9;hofl0qb;cve-2021-44228
1;14/12/2021;rd38z9;hog32pf;CVE-2021-44228
1;15/12/2021;rd38z9;hokxszd;CVE-2021-44228
3;15/12/2021;rgq6ht;homxln5;CVE-2021-44228
6;15/12/2021;rgu7a8;hon006m;CVE-2021-45046
1;16/12/2021;rd38z9;horp00t;cve-2021-44228
16;17/12/2021;rhx7zf;hov0qlm;cve-2021-44228
2;17/12/2021;rhx7zf;howd677;cve-2021-44228
15;17/12/2021;rik8fc;hoxn8if;CVE-2021-44228
8;17/12/2021;rik8fc;hoyae0t;CVE-2021-45046
0;18/12/2021;rik8fc;hp0xfy4;CVE-2021-45046
1;19/12/2021;rgu7a8;hp4fslq;CVE-2021-45105
3;28/12/2021;rqjrwr;hqauxwt;CVE-2021-44832
2;21/01/2022;s604u6;htj95s0;CVE-2021-31166
2;27/01/2022;sd9e7n;hugxcoj;CVE-2021-31207
3;30/01/2022;sfi33g;huthza9;CVE-2019-17571
2;14/02/2022;srxqyw;hwyad5i;CVE-2021-44228
2;30/03/2022;trzzw0;i2pq9kk;CVE-2022-22963
6;19/04/2022;u742fq;i5ciixn;CVE-2021-3970
2;20/04/2022;u7qa2i;i5gufqz;cve-2022-21449
1;22/04/2022;u6knkh;i5qwmig;CVE-2022-29072
2;23/04/2022;u8w2qu;i5unc6v;CVE-2022-21443
1;10/05/2022;uis0hd;i81earp;cve-2022-1388
1;10/05/2022;ukwer4;i81eg9t;cve-2022-1388
2;26/05/2022;uyene2;ia3qkxa;CVE-2017-9947
1;31/05/2022;v06w2o;iantidd;CVE-2022-30190
2;04/06/2022;v3kvod;ib4alch;cve-2022-26134
1;04/06/2022;v3kvod;ib4ehdp;cve-2022-26134
1;04/06/2022;v3kvod;ib4lgpi;cve-2022-26134
1;05/06/2022;v3kvod;ib8w3mx;cve-2022-26134
5;06/06/2022;v56qin;ibcqnm0;cve-2022-26134
1;01/07/2022;vo9hs7;ief2545;CVE-2022-28219
2;01/11/2022;yjgn8p;iunqy5r;CVE-2022-3602
2;25/12/2022;zut231;j1lq8i9;CVE-2016-10401
6;11/01/2023;108jk6s;j3txxgb;cve-2022-23529
2;11/01/2023;108jk6s;j3w7llt;CVE-2022-23529
9;15/03/2023;11rdvvw;jc8s513;cve-2023-23397
2;24/04/2023;12wnsnm;jhjydf7;cve-2023-27350
1;05/05/2023;11i3e7v;jixvku1;CVE-2023-21931
5;11/06/2023;146xajr;jnsivvd;CVE-2023-27997
1;13/06/2023;146xajr;jnypmci;cve-2023-27997
1;13/06/2023;146xajr;jnyrzx3;cve-2023-27997
1;07/07/2023;14td42m;jr1oi1e;CVE-2023-36934
1;18/07/2023;152p78u;jsf2yeo;CVE-2023-26360
1;19/07/2023;1534eo0;jsm1c3i;cve-2023-3519
1;24/07/2023;158baqa;jt93wzh;cve-2023-3519
1;24/07/2023;15814mz;jt93yqb;cve-2023-3519
1;25/07/2023;158zmfv;jtdn38b;CVE-2023-35078
1;02/09/2023;16818fx;jysudzr;cve-2023-34039
1;06/09/2023;1534eo0;jzberl7;CVE-2023-3519
1;12/09/2023;16gzudb;k0apo6l;cve-2023-4809
1;01/10/2023;16wtwj2;k2z36hw;cve-2023-40044
1;01/10/2023;16wtwj2;k2z3ayg;cve-2023-40044
1;05/10/2023;16zw5h8;k3ingoi;CVE-2023-4911
1;27/10/2023;17hmmgp;k6om213;CVE-2022-27926
1;11/11/2023;17qvs5j;k8rrk1o;cve-2023-47246
1;11/11/2023;17qvs5j;k8rs17r;cve-2023-47246
1;25/12/2023;18qrslf;kewr5zg;CVE-2023-45741
1;17/02/2024;1asdo3k;kqt5h5k;CVE-2024-21413
1;05/03/2024;1b6j9r6;kterzc2;cve-2024-27198
1;01/04/2024;1bqvwrz;kxkauhq;CVE-2024-3094
1;01/04/2024;1bqvwrz;kxlciso;cve-2024-3094
1;10/04/2024;1c06lgp;kyvvq3v;CVE-2024-26234
7;12/04/2024;1c26l77;kz9dpq2;cve-2024-3400
2;21/04/2024;1c02edh;l0jn81g;cve-2023-24932
1;23/04/2024;1caapws;l0vudnq;CVE-2024-4040
2;23/04/2024;1ca23j6;l0vuez8;CVE-2024-4040
2;25/04/2024;1c8orbq;l17cjwj;CVE-2024-3400
1;21/07/2024;1e8h89b;le75igo;cve-2024-38112
1;17/11/2024;1gt2wyu;lxlik80;CVE-2024-5690
3;19/11/2024;1gu29sw;lxxcovi;cve-2024-0012
1;11/12/2024;1havfwc;m1ksgay;CVE-2024-50623
2;17/12/2024;1hd02ra;m2ja8qc;CVE-2024-53677
2;25/12/2024;1hlfchp;m3ooh54;CVE-2024-8904
5;10/04/2024;1bzjwc3;kyuys19;CVE-2024-3094
1;27/06/2017;6jt2am;djgqo1c;CVE-2017-9948
2;06/07/2017;6ldh6e;djveo6c;CVE-2017-7526
1;16/06/2018;8kngfb;e0rqeno;CVE-2018-12020
1;13/12/2018;a3xug2;ebo2gt0;CVE-2018-19788
1;29/12/2018;aamv3c;ectjax1;CVE-2015-0318
13;14/05/2019;boedhf;enfrd1k;CVE-2019-3568
8;14/05/2019;bomo92;enilla5;cve-2019-0708
2;15/05/2019;bouf6m;enmp88u;cve-2019-3568
4;18/06/2019;c22nwg;eriml6v;cve-2019-11477
1;24/06/2019;bximb8;erwrf3w;CVE-2018-10562
3;15/07/2019;cdbvpc;ettdtg3;CVE-2011-2642
1;14/08/2019;cpq3dl;ewunppg;cve-2019-1181
2;24/09/2019;d8dj8b;f1bacrb;CVE-2019-1367
1;27/09/2019;d9u5g3;f1m5yju;CVE-2019-8286
1;30/09/2019;db0ae5;f20vh5b;CVE-2018-0296
41;31/12/2019;ei4jan;fco5cdb;CVE-2019-0708
48;10/01/2020;emhfba;fdp4nhh;CVE-2019-17026
1;14/01/2020;eoehb9;fee27lx;CVE-2020-0601
1;18/01/2020;eq3mb3;feppwzh;cve-2019-19781
1;22/01/2020;erkjd5;ff7zzjg;CVE-2019-16328
3;22/02/2020;f7qqh8;fidgx7l;CVE-2019-0708
1;11/03/2020;fgnbj3;fk6w5z9;CVE-2020-0976
1;11/03/2020;fgnbj3;fk7f97z;CVE-2020-0976
1;06/04/2020;fvfcj5;fmleqq5;cve-2020-3142
2;18/04/2020;g3dfcl;fnrj654;CVE-2018-8174
3;22/04/2020;g67p7m;fo844zh;CVE-2019-15943
8;22/05/2020;go3egz;frfrjbe;CVE-2020-12271
1;06/06/2020;fgnbj3;ft3eg2r;cve-2020-0796
15;10/06/2020;gzydjv;ftk51i6;CVE-2020-1206
2;11/06/2020;h0nilc;fto8g4u;CVE-2020-12345
6;03/07/2020;hkdgk6;fwsuq77;CVE-2016-6515
-1;14/07/2020;hr6cn7;fy2tjij;CVE-2020-1350
7;15/07/2020;hr8its;fy4d41j;CVE-2019-19781
3;16/07/2020;hrwbva;fy79dmu;CVE-2020-1350
3;31/07/2020;i1etlr;fzwwpud;CVE-1999-0047
1;03/08/2020;i2c6nb;g064suf;cve-2020-1036
18;01/09/2020;ikta6h;g3nmjrf;CVE-2020-5902
2;09/09/2020;iolori;g4iojsn;CVE-2018-8453
0;11/09/2020;iqpjhk;g4tjtkt;CVE-2016-4484
4;15/09/2020;isy1hw;g5el6s9;CVE-2020-0601
1;17/09/2020;iujf01;g5mnr2q;CVE-2020-1938
1;20/09/2020;iw4dwu;g5zva0s;CVE-2020-1472
1;22/09/2020;ixn8wq;g67wc4c;CVE-2020-0022
1;22/09/2020;ixn8wq;g684yej;cve-2020-7373
1;22/09/2020;ixn8wq;g68zydr;CVE-2020-5902
1;28/09/2020;j1esc2;g6yp8zf;CVE-2020-14293
3;31/10/2020;jl7cop;gaqisxu;CVE-2020-17087
21;05/11/2020;jo8kf1;gb7ctkh;CVE-2020-2034
2;12/11/2020;jqpl5b;gc048nn;CVE-2019-17502
2;15/11/2020;jqpl5b;gcf58wg;CVE-2019-17502
1;16/11/2020;jv27mw;gchbfwy;CVE-2004-0113
1;27/11/2020;k1pdj8;gdr48z6;CVE-2020-15999
15;02/12/2020;k5cuur;gef1wi3;CVE-2020-5902
2;02/12/2020;k5cuur;gef7k46;CVE-2016-7256
1;04/12/2020;k6lcqn;gelq5n2;CVE-2020-0674
6;29/12/2020;kmnkyh;ghfu00d;CVE-2008-0923
39;12/01/2021;kvn8qv;gj0mioh;CVE-2020-13169
1;14/01/2021;kxbbip;gja4bgz;CVE-2020-24613
1;17/01/2021;kzai4v;gjn3z8r;CVE-2019-7286
2;19/01/2021;l0tl6y;gjw01mt;CVE-2019-0708
2;21/01/2021;l19phh;gk3p1sr;CVE-2000-0588
3;21/01/2021;l19phh;gk3pw5r;CVE-2000-0588
2;25/01/2021;l19phh;gkpte7i;CVE-1999-0765
2;25/01/2021;l19phh;gkqya5y;CVE-2018-9206
1;17/02/2021;llsnpb;gnr869l;cve-2018-10562
1;17/02/2021;llsnpb;gnr8bsp;cve-2018-10562
3;18/02/2021;llwct8;gnuww3z;CVE-2019-17502
3;19/02/2021;llwct8;gnz5k8n;CVE-2016-2554
1;19/02/2021;llwct8;gnzb2ki;cve-2017-5638
1;19/02/2021;lkc92r;go1fn7d;CVE-2018-10562
-2;22/02/2021;lpt73d;godavtw;CVE-2017-0005
1;26/02/2021;lsfcgl;got8b9v;CVE-2017-0005
6;27/02/2021;ltn3co;gp1dql9;CVE-2021-21974
5;03/03/2021;lwdcoj;gphsou1;CVE-2021-27078
5;12/03/2021;m3nncy;gqptizn;CVE-2021-25347
1;19/03/2021;m7ztqe;grg52ox;CVE-2021-28133
251;20/03/2021;m93vsl;grkwane;CVE-2021-22986
1;29/03/2021;mf5xwu;gsol77u;cve-2021-3449
1;04/04/2021;mk10pt;gtdcf2f;CVE-2019-6111
1;08/04/2021;mmqxld;gttih1c;CVE-2020-12351
1;11/04/2021;mo7d4i;gu4aom5;CVE-2021-30480
0;18/04/2021;mt8kki;guzuado;CVE-2020-1048
5;21/04/2021;mv6u4j;gvbugjh;CVE-2020-27930
-5;28/04/2021;n0hc0o;gw7g1ln;CVE-2019-11708
1;01/05/2021;n261to;gwj3910;CVE-2021-21220
1;07/05/2021;n796go;gxbi8s9;CVE-2020-28017
1;12/05/2021;n9xmas;gxszu68;CVE-2021-20016
13;13/05/2021;nblizi;gy0psvp;CVE-2021-20016
1;19/05/2021;nex5q8;gynbeku;CVE-2019-8761
2;24/05/2021;nex5q8;gzc0kzn;CVE-2019-8761
5;29/05/2021;nnuvbz;gzwzcly;CVE-2020-3882
5;03/06/2021;nra0y6;h0f93o5;CVE-2021-28114
7;05/06/2021;nsqcim;h0osjt4;CVE-2021-21985
82;19/06/2021;o3ae0e;h2av72e;CVE-2019-11510
36;19/06/2021;o3ae0e;h2b9ztv;CVE-2021-22893
2;24/06/2021;o71cx9;h2w8it4;CVE-2021-21572
1;27/06/2021;o7sul9;h37qv4q;CVE-2018-18472
1;29/06/2021;oa8q4p;h3g6p6b;cve-2021-21702
8;30/06/2021;oaz3fr;h3ktyvp;cve-2021-1675
6;30/06/2021;oaz3fr;h3l21v3;cve-2021-1675
4;30/06/2021;oaz3fr;h3mbov8;cve-2021-1675
9;01/07/2021;oaz3fr;h3n9xmb;CVE-2021-1675
2;01/07/2021;oaz3fr;h3nrwz8;CVE-2021-1675
3;01/07/2021;oaz3fr;h3nys0c;cve-2021-1675
2;01/07/2021;oaz3fr;h3paimp;cve-2021-1675
3;02/07/2021;oaz3fr;h3s3uh6;CVE-2021-34527
6;04/07/2021;odqgdt;h41wq0p;CVE-2021-1675
1;05/07/2021;odqgdt;h44mw2k;cve-2021-1675
3;07/07/2021;of4ska;h4aqchx;CVE-2021-34527
2;07/07/2021;of6zuf;h4arbkt;CVE-2021-34527
3;07/07/2021;ofdtff;h4bwncp;CVE-2020-1938
111;07/07/2021;ofq0vc;h4e0jn0;CVE-2021-34527
-8;09/07/2021;ogwl0k;h4m3xw4;CVE-2021-30116
1;09/07/2021;ogotcr;h4m7kfs;CVE-2021-34527
9;15/07/2021;okps2b;h5a1usl;CVE-2021-1879
1;21/07/2021;oo6a8f;h5yvrrp;CVE-2021-36934
1;21/07/2021;oo6a8f;h5ywhim;CVE-2021-36934
1;21/07/2021;oo4ko0;h605bqs;CVE-2021-33909
-2;26/07/2021;ort4w6;h6kjfji;CVE-2016-4657
3;28/07/2021;otbrl5;h6ufvcr;CVE-2019-18935
9;08/08/2021;ozxo8l;h84q4pf;CVE-2021-20090
2;08/08/2021;p0fe23;h8682v9;CVE-2021-30354
7;12/08/2021;p2ywds;h8nbiwn;CVE-2021-34527
2;24/08/2021;paepgv;ha6m44n;CVE-2021-34473
2;28/08/2021;pczj17;hamiozo;CVE-2021-36934
1;03/09/2021;pgy8j6;hbfsg6t;CVE-2021-28139
3;10/09/2021;pl8ywu;hcag1pu;CVE-2021-40444
9;14/09/2021;po8fou;hcvuulf;CVE-1999-0898
1;15/09/2021;pnn3vc;hcw8dgv;CVE-2021-30860
2;20/09/2021;prno6v;hdk0imm;CVE-2021-40444
2;20/09/2021;pruqlm;hdlidxl;cve-2021-36260
8;21/09/2021;psr23x;hds232e;CVE-2021-22005
10;28/09/2021;px7giy;hemgnm5;CVE-2021-24800
5;08/10/2021;q40fsx;hfw79z1;CVE-2021-42013
1;10/10/2021;q54c0c;hg5928m;CVE-2021-22005
1;11/10/2021;q3wh6d;hg8vvoz;CVE-2021-41773
22;27/10/2021;qgfgtm;hi7f7nx;CVE-2022-1337
5;08/11/2021;qplmey;hjug2rd;CVE-2021-40539
1;11/11/2021;qr27il;hk70xrn;CVE-2021-3064
3;13/11/2021;qsdcn2;hketpba;CVE-2021-3064
80;15/11/2021;qujoez;hkqgebe;CVE-2020-8515
24;23/11/2021;r00x6d;hlqo1ti;CVE-2021-41379
29;23/11/2021;r0hmkc;hlsmnh9;CVE-2021-36934
4;24/11/2021;r0hmkc;hlupqc6;CVE-2021-41379
1;27/11/2021;r1snbq;hmaiabs;CVE-2021-41379
2;05/12/2021;r98bny;hnc3sjr;CVE-2021-44077
1;07/12/2021;raz33n;hnl9dtp;CVE-2021-0967
9;11/12/2021;rdfbht;ho39t1j;CVE-2021-44228
5;11/12/2021;rdehcr;ho3rtlm;cve-2021-44228
13;11/12/2021;rdru9c;ho45n2s;cve-2021-44228
1;11/12/2021;rdru9c;ho4xa2y;cve-2021-44228
1;11/12/2021;rdru9c;ho5b9el;cve-2021-44228
1;11/12/2021;rdfbht;ho5bqy0;CVE-2021-44228
19;12/12/2021;re9glg;ho7341l;cve-2021-44228
3;12/12/2021;rechpi;ho8odmd;cve-2021-44228
7;12/12/2021;rechpi;ho8p2aw;cve-2021-44228
7;13/12/2021;rf57gi;hoc1ali;CVE-2021-44228
1;13/12/2021;rdfbht;hod6rld;cve-2021-44228
1;13/12/2021;rf57gi;hodkk79;CVE-2021-44228
6;13/12/2021;rf94iw;hodvahm;cve-2021-44228
4;13/12/2021;rfe8sq;hodxrfu;CVE-2021-44228
1;13/12/2021;reycu7;hofbe46;CVE-2021-44228
2;13/12/2021;reycu7;hofowq5;CVE-2021-44228
1;14/12/2021;rdfbht;hoh2f2y;CVE-2021-44228
27;14/12/2021;rg9mcv;hoj00ap;CVE-2021-44228
2;14/12/2021;rg97t7;hoj1vei;cve-2021-44228
44;14/12/2021;rggu9r;hokalcn;CVE-2021-45046
3;15/12/2021;rg69wg;holmsmy;CVE-2021-44228
0;15/12/2021;rgxczj;homwt35;CVE-2021-44228
-1;15/12/2021;rgxczj;homxdom;CVE-2021-44228
1;15/12/2021;rgxczj;hon91x5;CVE-2021-44228
11;15/12/2021;rgrkl2;honokro;CVE-2021-44228
10;15/12/2021;rh2dc4;hop0ltk;CVE-2021-44228
2;15/12/2021;rh2dc4;hopcjzm;cve-2021-4104
8;16/12/2021;rh9ksw;hopvg7h;CVE-2021-30860
2;16/12/2021;rgzauu;hoqq6gf;cve-2021-44228
3;16/12/2021;rheg2d;hotbzbc;CVE-2021-40438
1;17/12/2021;rhd711;hoxof2w;cve-2021-45046
1;19/12/2021;rjn18v;hp5uvgi;CVE-2021-4104
3;19/12/2021;rjm9eg;hp6mulf;CVE-2021-45105
168;19/12/2021;rk1x4w;hp76tfg;CVE-2021-44228
37;19/12/2021;rk1x4w;hp7xaah;CVE-2021-44228
2;20/12/2021;rk1x4w;hp8jqa3;cve-2021-44228
2;20/12/2021;rjn18v;hp9g2gt;CVE-2021-44228
1;20/12/2021;rkhe8z;hp9x7lx;cve-2021-44228
1;20/12/2021;rk1x4w;hpao6m8;cve-2021-44228
2;20/12/2021;rkou5z;hpby648;CVE-2021-45046
1;20/12/2021;rkou5z;hpc7kiy;CVE-2021-44228
1;21/12/2021;rkou5z;hpdhbvz;cve-2021-45046
7;22/12/2021;rma1le;hpmd1i1;CVE-2021-42287
1;23/12/2021;nnuvbz;hpqass6;cve-2020-3882
3;25/12/2021;ro9lpx;hpx4hmf;CVE-2021-44224
1;26/12/2021;robyrr;hq0ie2d;CVE-2021-44790
1;26/12/2021;rob20m;hq166zq;CVE-2019-11931
9;28/12/2021;rqgtot;hqaqcqa;CVE-2021-44832
31;28/12/2021;rqgtot;hqbdug1;CVE-2021-44832
3;28/12/2021;rqqwrv;hqc7ljq;CVE-2021-44832
1;28/12/2021;rqgtot;hqc7oa6;CVE-2021-44832
3;29/12/2021;rrad5p;hqg4ry3;CVE-2021-82244
-3;30/12/2021;rrrp91;hqi93jn;CVE-2021-4104
2;04/01/2022;rg9mcv;hr6t2ec;CVE-2021-44228
2;04/01/2022;rvvndz;hr98gqa;CVE-2019-5736
29;14/01/2022;s3uxp7;hsnh6zw;CVE-2021-32648
2;16/01/2022;s5bxty;hsxt21d;CVE-2021-44228
1;18/01/2022;s6oxl1;ht50d33;CVE-2021-31166
1;20/01/2022;s8rdc2;hti241k;CVE-2022-0185
10;22/01/2022;s9ws3a;htq4bfo;CVE-2016-5636
1;23/01/2022;s9ws3a;htwuc8p;CVE-2016-5636
107;26/01/2022;scw73m;hu92wl6;CVE-2021-4034
2;26/01/2022;scw73m;huao6b8;CVE-2021-4034
2;26/01/2022;scivpa;hubo0ty;CVE-2022-23968
1;08/02/2022;sn4kja;hw3i4h6;CVE-2022-21882
8;11/02/2022;sppaje;hwgna3u;CVE-2021-4034
2;11/02/2022;sppaje;hwhzngt;CVE-2021-34527
1;12/02/2022;smbnzt;hwmgswd;CVE-2022-24568
3;17/02/2022;st8gia;hx98z8e;CVE-2022-0609
95;19/02/2022;swb2fk;hxlg36h;CVE-2021-44731
4;12/03/2022;tbuk3d;i0cnju4;CVE-2022-23277
2;13/03/2022;td8fuv;i0inrnn;CVE-2017-5638
1;15/03/2022;temfui;i0qtmle;CVE-2022-23278
5;24/03/2022;tltfhn;i1w0de4;CVE-2022-24421
64;26/03/2022;toxn1t;i27yjv1;CVE-2022-1096
7;26/03/2022;toxn1t;i28742q;CVE-2022-1096
2;27/03/2022;toxn1t;i2ah8kl;CVE-2022-1096
4;27/03/2022;toxn1t;i2ahmei;CVE-2022-1096
11;28/03/2022;tpyuh1;i2ektyg;CVE-2022-1096
37;28/03/2022;tpyuh1;i2enzbr;CVE-2022-1096
110;30/03/2022;tsd9v7;i2r1kz9;CVE-2022-22965
4;30/03/2022;tsd9v7;i2rqalq;CVE-2022-22963
1;31/03/2022;tsp2gf;i2srtqy;CVE-2022-22963
7;31/03/2022;tsd9v7;i2tgt2k;CVE-2022-22963
1;31/03/2022;tsd9v7;i2u6a8z;CVE-2022-22963
3;31/03/2022;tt0zxu;i2uqn2l;CVE-2022-22963
1;03/04/2022;tufxn4;i36ge7o;CVE-2021-44228
1;08/04/2022;tg6x8e;i3udsor;CVE-2022-23812
3;13/04/2022;u2q2ri;i4kfulf;cve-2022-22965
7;14/04/2022;u3kjb9;i4riyk2;CVE-2018-4878
3;16/04/2022;u4o8ui;i4x5wos;CVE-2022-26809
45;01/05/2022;ug6g2i;i6y4ip3;CVE-2021-34527
1;04/05/2022;uhpq62;i78px7q;CVE-2022-29072
1;12/05/2022;sd5v2i;i8cr7yf;CVE-2022-21972
5;21/05/2022;uun8c7;i9g9n1o;CVE-2017-0144
2;21/05/2022;uusgu3;i9h5jo8;cve-2021-44228
1;22/05/2022;uusgu3;i9icbxn;CVE-2021-44228
10;23/05/2022;uw8k0x;i9q19hh;CVE-2022-29072
1;26/05/2022;uy32rh;ia2jof0;CVE-2022-1802
1;29/05/2022;uzrszj;iaes4y0;CVE-2021-1675
7;31/05/2022;v11wpx;ian3v2g;cve-2022-30190
2;03/06/2022;v1sdjo;ib2jo6z;CVE-2022-30190
6;04/06/2022;v4n83d;ib59ba2;cve-2022-30190
1;07/06/2022;v71087;ibio4yv;cve-2019-11358
1;09/06/2022;v24nue;ibqq8t7;cve-2022-30190
1;09/06/2022;v2m9ga;ibqwaah;cve-2022-30190
1;09/06/2022;v8c18z;ibr3wcs;cve-2021-42287
2;12/06/2022;va428f;ic3midn;CVE-2018-0171
4;13/06/2022;vbipo9;ic8ydlv;cve-2022-30190
1;15/06/2022;vcr1us;icfrglo;cve-2021-4034
1;26/06/2022;vkmkpv;idu5ncr;CVE-2021-31207
1;27/06/2022;vm0l6e;idzkoqj;CVE-2021-26414
2;27/06/2022;vm0l6e;idzlmyt;CVE-2021-22779
1;28/06/2022;vmkm0c;ie4fegg;CVE-2018-1002105
18;30/06/2022;vo6xje;iec141f;CVE-2022-26134
1;30/06/2022;vo7up9;iecxdjf;CVE-2017-0144
1;02/07/2022;vp1msj;ieipgq0;CVE-2022-26925
6;03/07/2022;vpxirn;ieobiio;CVE-2021-3156
2;06/07/2022;vserfj;if1x6ea;cve-2022-22980
1;07/07/2022;vthnmt;if8aozp;CVE-2022-0778
5;12/07/2022;vwygh9;ifuq6zm;CVE-2022-27254
2;14/07/2022;vz37x8;ig5vnv3;CVE-2022-1890
35;18/07/2022;w1nxnm;igm530h;CVE-2022-30136
55;18/07/2022;w1nxnm;igm8fr6;cve-2022-30136
36;23/07/2022;w5ybqf;ihaqo5c;CVE-2022-2294
7;27/07/2022;w9489b;ihtz3qn;CVE-2017-0144
1;02/08/2022;we6pjl;iimd64h;CVE-2021-46703
-1;05/08/2022;wge35c;ij20bdt;CVE-2022-29127
4;17/08/2022;wqeeu5;ikn8pxn;CVE-2022-29558
1;19/08/2022;wqeeu5;iky32ft;cve-2022-27255
3;21/08/2022;wtj9tm;il7486u;CVE-2022-32893
2;24/08/2022;wwf5oe;ilkq78u;CVE-2022-30190
3;26/08/2022;wxtfz3;iluvfuh;CVE-2022-0847
20;15/09/2022;xf0p2q;iojp1wt;CVE-2022-37969
9;15/09/2022;xf0p2q;iokpimk;CVE-2022-37969
2;01/10/2022;xratxt;iqlc8s0;cve-2022-41040
0;11/10/2022;y1ab5g;irx56nx;CVE-2022-22965
1;11/10/2022;y1ab5g;irxf8ta;CVE-2019-17571
2;11/10/2022;y1ab5g;irxhe9d;CVE-2022-23307
1;12/10/2022;y1hn9d;irzll5t;CVE-2022-41040
1;15/10/2022;y2y5as;isf7y36;CVE-2022-41352
2;17/10/2022;y6e2zv;isosvof;CVE-2022-69420
4;19/10/2022;y82mhz;isy13cm;CVE-2022-42889
2;19/10/2022;y82mhz;iszh7ui;CVE-2022-42889
2;22/10/2022;y9yxls;ita1jfa;cve-2022-42889
8;31/10/2022;yij58g;iuix9kx;CVE-2002-20001
4;01/11/2022;yjclls;iun3pb4;CVE-2022-3602
2;13/11/2022;yqk3l7;iw7aly6;cve-2020-1337
3;16/11/2022;yv51s3;iwjdxpb;cve-2022-37966
1;25/11/2022;moaadv;ixrk8f9;CVE-2017-0144
1;25/11/2022;moaadv;ixry29d;CVE-2017-0144
1;01/12/2022;z9fsdv;iygq9sx;CVE-2022-29127
1;04/12/2022;zcdqyg;iyx0w3p;CVE-2019-0708
2;08/12/2022;zfc7sn;izcoe9u;CVE-2022-41128
9;14/12/2022;zlfkfp;j069zim;CVE-2022-37958
2;14/12/2022;zlks8j;j084otf;CVE-2021-4159
9;14/12/2022;zm267l;j08q5h1;CVE-2022-27518
3;19/12/2022;zpxfxa;j0v2gmc;CVE-2021-3156
1;22/12/2022;zpcbal;j19mbfv;CVE-2019-1003013
4;02/01/2023;100x28a;j2mo04x;CVE-2021-44228
6;05/01/2023;103stfs;j31rtsc;CVE-2016-10972
9;23/01/2023;10ir1fa;j5ihs86;CVE-2023-24059
9;27/01/2023;10lxeel;j629jq0;cve-2013-1690
6;31/01/2023;10q1n6g;j6oj38m;CVE-2023-24055
3;11/02/2023;10zgrur;j83yy01;CVE-2023-22809
2;11/02/2023;10zgrur;j84izsi;CVE-2023-22809
11;21/02/2023;118a586;j9gtd41;CVE-2023-23524
5;27/02/2023;11ct953;ja5m0vk;CVE-2017-9822
8;02/03/2023;11f8d6h;jak9uec;CVE-2022-21894
7;03/03/2023;11fzhyz;jaqmnvd;CVE-2022-21894
3;07/03/2023;11l5zoy;jbasrlf;CVE-2023-27532
2;08/03/2023;11l0ug1;jbck02o;CVE-2020-5741
17;08/03/2023;11lgu67;jbe77na;CVE-2018-13379
1;12/03/2023;11p0o6u;jbxt99w;cve-2022-47966
243;15/03/2023;11s4xy8;jcbv51s;CVE-2019-18935
3;16/03/2023;11suykr;jcfrcqa;CVE-2023-23397
4;16/03/2023;11suykr;jcfx8my;CVE-2023-23397
2;16/03/2023;11suykr;jcgnxp6;CVE-2023-23397
2;17/03/2023;11sw7z7;jcj87p7;CVE-2023-23397
-1;17/03/2023;11suykr;jcjvl87;CVE-2023-23397
3;18/03/2023;11tq0q3;jcoh3ak;CVE-2023-24033
483;21/03/2023;11xkhmj;jd3i1k8;CVE-2023-23397
13;21/03/2023;11xkhmj;jd4fsui;CVE-2023-23397
5;21/03/2023;11xkhmj;jd4zoz2;CVE-2023-23397
2;22/03/2023;11xkhmj;jd72xt2;CVE-2023-23397
28;23/03/2023;11z7jqa;jdbdzpk;CVE-2023-23397
6;23/03/2023;11z7jqa;jdbllbp;CVE-2023-23397
78;23/03/2023;11z7jqa;jdbwvwc;CVE-2023-23397
24;23/03/2023;11z7jqa;jdc4279;CVE-2023-23397
1;24/03/2023;11z7jqa;jdfx5jl;CVE-2023-23397
2;24/03/2023;11z7jqa;jdfxrak;CVE-2023-23397
1;25/03/2023;120xq7m;jdloveo;CVE-2023-23397
4;25/03/2023;120xq7m;jdltso7;CVE-2023-23397
2;27/03/2023;1233x03;jdugms0;cve-2023-23397
1;28/03/2023;11seveo;je0tyte;cve-2023-23397
2;28/03/2023;120xq7m;je0udmq;cve-2023-23397
1;04/04/2023;12bbo8n;jexey2f;cve-2013-3900
1;04/04/2023;12bbo8n;jexrv7y;cve-2013-3900
1;10/04/2023;12dy7o3;jfqzwys;CVE-2022-27597
0;12/04/2023;12ix96p;jfxrblf;CVE-2023-21554
3;14/04/2023;12lycph;jg93urq;CVE-2023-0669
176;17/04/2023;12pgu47;jgm8ybx;CVE-2023-2033
6;17/04/2023;12pgu47;jgnvul8;CVE-2023-2033
45;19/04/2023;12s89nx;jgx9em3;CVE-2017-6742
8;26/04/2023;12z9t6t;jhs0m27;cve-2023-27524
1;27/04/2023;12ypls2;jhwi5aq;CVE-2023-1389
1;04/05/2023;12iyh8w;jit4w1i;CVE-2022-26134
5;09/05/2023;13d45ew;jjih8w9;CVE-2023-32233
2;11/05/2023;13e3b8s;jjojgkl;CVE-2023-23397
13;14/05/2023;13h9s08;jk551lp;cve-2023-24932
7;14/05/2023;13h9s08;jk5n10a;cve-2023-24932
2;16/05/2023;13jec1u;jkf9fay;CVE-2021-22005
2;18/05/2023;13j5hml;jklpfxl;CVE-2023-25717
13;18/05/2023;13l22sf;jko154s;CVE-2023-32784
9;18/05/2023;13l22sf;jkodrdb;CVE-2023-32784
17;18/05/2023;13lafdh;jkoow83;CVE-2023-3278
15;19/05/2023;13lafdh;jkqfmqe;CVE-2023-3278
1;23/05/2023;13orosf;jl9sx46;CVE-2023-32154
1;31/05/2023;13v15f3;jmdnxkl;CVE-2018-6593
7;02/06/2023;13ycqhh;jmnr14y;CVE-2023-34362
1;07/06/2023;1438x2i;jnaa2xw;CVE-2023-34362
4;10/06/2023;145zoux;jnnm78l;CVE-2023-34362
3;10/06/2023;145zoux;jnojykh;CVE-2023-34362
6;11/06/2023;146zebv;jnt8q93;CVE-2022-42475
14;01/07/2023;14nqtpk;jq8u6kh;CVE-2022-26134
1;01/07/2023;14nqtpk;jq8yvfd;CVE-2022-26134
1;16/07/2023;151bnru;js8oo80;CVE-2023-34362
1;24/07/2023;1580dqy;jta9af8;CVE-2023-33148
1;24/07/2023;1580dqy;jtad38j;CVE-2023-33148
1;26/07/2023;159z5pu;jthwhrg;CVE-2021-36934
1;18/08/2023;15uqrg5;jwsc8gg;cve-2022-0185
1;19/08/2023;15vesv6;jwx1k78;CVE-2023-38185
1;22/08/2023;15yag0t;jxbpbc5;CVE-2023-40477
1;25/08/2023;1604b0m;jxo8wlf;CVE-2022-3219
1;27/08/2023;1622xia;jxzfb34;CVE-2022-29072
1;27/08/2023;1622xia;jxzrvix;cve-2020-19909
1;01/09/2023;166q153;jynoou2;CVE-2023-3595
1;07/09/2023;16cat68;jzk4a07;cve-2022-47966
1;11/09/2023;16fh3x1;k0329e0;CVE-2022-26706
1;22/09/2023;16os7io;k1qarhw;CVE-1234-56789
1;24/09/2023;16p4p5w;k1zphq0;CVE-2022-22302
1;27/09/2023;16tddml;k2fnl5p;cve-2023-4863
1;28/09/2023;16u0vis;k2jh0i4;CVE-2016-5195
1;28/09/2023;16u7czc;k2kq127;cve-2023-4863
1;29/09/2023;16vgmcr;k2qttxf;CVE-2023-40044
1;29/09/2023;16ut8zm;k2rzkvh;cve-2023-41064
1;01/10/2023;16x3h1e;k30zbx5;cve-2020-19909
1;05/10/2023;170j7y5;k3lnbhj;cve-2023-4911
1;06/10/2023;171b2of;k3r0bap;CVE-2021-44228
1;11/10/2023;173oiob;k4cxkjr;CVE-2020-19909
1;11/10/2023;174yct9;k4d35zr;CVE-2020-19909
1;11/10/2023;173oiob;k4d9sjh;CVE-2023-38545
1;11/10/2023;175535g;k4dvtt3;CVE-2023-38545
1;16/10/2023;1791shj;k549wp2;CVE-2023-44487
1;18/10/2023;177ggsu;k5dggjh;cve-2019-14510
1;19/10/2023;17bdm57;k5iwrom;cve-2023-20198
1;25/10/2023;17bmhh1;k6cy0dg;cve-2023-44487
1;26/10/2023;17gj9gw;k6iibbn;CVE-2023-5631
1;29/10/2023;17iui8h;k6xldoc;CVE-2023-27163
3;01/11/2023;17lbwra;k7d9fls;cve-2023-35359
5;01/11/2023;17lbwra;k7dpg50;CVE-2023-26563
9;03/11/2023;17mw5u0;k7o5nlp;CVE-2023-20198
2;04/11/2023;17mw5u0;k7qzb6x;CVE-2023-20198
3;09/11/2023;17r9kdk;k8hyk1l;CVE-2023-22518
3;09/11/2023;17r9kdk;k8i1hc0;CVE-2020-0005
3;09/11/2023;17r9kdk;k8i2y2v;CVE-2023-22518
36;10/11/2023;17rrlvf;k8kyjcy;CVE-2023-4966
5;10/11/2023;17s4swe;k8p2af3;CVE-2023-34362
1;27/11/2023;184gfrp;kawo04j;CVE-2023-4966
3;07/12/2023;18bubqf;kcda8y8;CVE-2023-5058
46;08/12/2023;18d9arb;kcfv26a;cve-2023-45866
1;08/12/2023;18cht7z;kckao03;CVE-2023-40238
4;10/12/2023;18f4udb;kcsgj4n;CVE-2023-50164
5;10/12/2023;18f4udb;kcsoby8;CVE-2023-50164
1;12/12/2023;18fslut;kd220v1;CVE-2022-3602
1;12/12/2023;18gmjs8;kd2t9vw;CVE-2020-1472
95;18/12/2023;18kynxm;kdvv5x4;cve-2023-45866
180;18/12/2023;18lboou;kdx7u4i;CVE-2023-42793
9;19/12/2023;18lrluk;ke1axvb;CVE-2023-45866
1;20/12/2023;18mzscw;ke7cf4f;CVE-2023-48795
5;21/12/2023;18mzscw;ke959ag;CVE-2023-48795
1;21/12/2023;18nk5fc;kecez8d;CVE-2022-3369
4;23/12/2023;18pbemj;kenrwp7;CVE-2023-7024
2;25/12/2023;18qrudw;kex0m7x;CVE-2023-45741
6;01/01/2024;18vnpac;kfwal6t;CVE-2023-41990
1;08/01/2024;191jzke;kgw6ht8;CVE-2023-48795
3;08/01/2024;191w9o7;kgyfi1v;cve-2023-4863
1;09/01/2024;191w9o7;kgzhmd9;CVE-2016-2208
2;09/01/2024;191w9o7;kgzvapl;CVE-2016-2208
10;10/01/2024;1931s2f;kh6q7no;CVE-2023-45866
1;10/01/2024;1931s2f;kh6qy1t;CVE-2023-45866
3;10/01/2024;193k7c1;kh9r0jg;CVE-2023-46805
1;26/01/2024;1abbnne;kjoywiw;CVE-2023-40036
7;01/02/2024;1agcug5;kohb7sg;CVE-2023-23397
5;06/02/2024;1ajlnyq;kp7zl9j;CVE-2023-4863
10;08/02/2024;1alhcvi;kpfph1r;CVE-2023-36661
2;08/02/2024;1alhcvi;kpfua4d;cve-2024-21893
3;10/02/2024;1ancw5s;kpt85sx;CVE-2023-46805
1;14/02/2024;1aq0wdu;kqeczyd;cve-2023-4966
1;15/02/2024;1ara68e;kqkr4xm;CVE-2024-23739
1;20/02/2024;1aur20u;krcrb9m;CVE-2023-1769
9;25/02/2024;1azxz12;ks4ktde;cve-2023-34362
10;26/02/2024;1b0hmg6;ksape4x;CVE-2024-1708
2;27/02/2024;1azz9d5;kse0kaw;CVE-2024-1708
2;28/02/2024;1b279sl;ksjsv6h;CVE-2023-38035
2;02/03/2024;1b4dgh9;ksyk6nn;cve-2023-23397
5;03/03/2024;1b51vn2;kt2sa7i;CVE-2024-23479
1;03/03/2024;1b336cb;kt607i4;CVE-2024-21762
1;16/03/2024;1beyqzs;kv4k77r;CVE-2017-12761
176;18/03/2024;1bhjhs6;kve9aty;CVE-2018-20817
25;21/03/2024;1bjxpcu;kvvazqa;CVE-2024-2169
11;23/03/2024;1bkzhie;kw5gcol;CVE-2024-29916
12;26/03/2024;1bo4h0r;kwmnw6m;CVE-2023-45866
2;28/03/2024;1bp2v7z;kwxybyd;CVE-2020-1066
2;28/03/2024;1bprhe0;kx11222;CVE-2022-31705
38;29/03/2024;1bqw8yc;kx63wt0;CVE-2024-3094
1;30/03/2024;1bqw8yc;kx82bdr;CVE-2024-3094
4;01/04/2024;1bsso9y;kxjarfi;CVE-2024-3094
1;01/04/2024;1brfjsb;kxjb2c6;CVE-2024-3094
1;01/04/2024;1bqn0mk;kxjc44j;CVE-2024-1086
2;01/04/2024;1brpqe6;kxjcc1m;cve-2024-3094
3;01/04/2024;1bt2q2b;kxk2p9r;cve-2023-50969
3;02/04/2024;1btpooz;kxp9934;CVE-2024-3094
23;03/04/2024;1butq6l;kxuuy05;CVE-2024-28085
1;04/04/2024;1bsyqmo;kxzjrpq;cve-2024-3094
34;07/04/2024;1bxndpv;kyebz35;CVE-2024-3094
1;07/04/2024;1bx6j4x;kyexxgw;CVE-2021-3448
1;09/04/2024;1bzdh5y;kyssqsw;CVE-2004-1831
8;12/04/2024;1c237ue;kz9vjaj;cve-2024-3400
3;12/04/2024;1c237ue;kzb4gtf;cve-2024-3400
2;13/04/2024;1c2ipvf;kzcyjkv;CVE-2024-3400
2;13/04/2024;1c237ue;kzdgay4;cve-2024-3400
13;14/04/2024;1c3sxkr;kzkl5os;CVE-2023-42326
6;17/04/2024;1c5s0bt;kzz3wua;cve-2024-3400
1;19/04/2024;1c7ye21;l0bqqn6;CVE-2024-31497
1;21/04/2024;1c89pg9;l0kl9bb;CVE-2024-2188
10;27/04/2024;1cedcgg;l1j0asr;CVE-2024-20353
1;28/04/2024;1cfh7mq;l1p1zcq;CVE-2017-8570
18;29/04/2024;1cfgdi4;l1r0idu;CVE-2024-27956
8;30/04/2024;1ch6okf;l20i2u3;CVE-2022-38028
11;01/05/2024;1ch6okf;l21kbmj;cve-2022-38028
23;04/05/2024;1cju6a5;l2jm4ws;CVE-2021-22986
2;04/05/2024;1cju6a5;l2kyf7l;CVE-2021-22986
1;04/05/2024;1cju6a5;l2l9n20;cve-2021-22986
1;08/05/2024;1cmr2fd;l327x48;CVE-2016-0147
1;08/05/2024;1cmr2fd;l32d0bm;CVE-2012-1889
2;17/05/2024;1cu9c83;l4hsgno;CVE-2023-41993
1;18/05/2024;1cu9c83;l4kbd8q;CVE-2024-3661
9;18/05/2024;1cu9c83;l4lxc30;cve-2024-3661
4;20/05/2024;1cvwywm;l4ty3ow;CVE-2014-100005
27;24/05/2024;1czavp1;l5g5x4e;CVE-2017-6195
9;25/05/2024;1d0ar72;l5nikdk;CVE-2024-20666
1;26/05/2024;1d0tcq1;l5q2bpl;CVE-2024-1086
1;02/06/2024;1d5rvo6;l6qij6b;CVE-2024-33891
58;05/06/2024;1d8vh20;l791l90;CVE-2024-1086
44;05/06/2024;1d8vh20;l7af4jr;CVE-2023-3609
1;06/06/2024;1d8vh20;l7e4ny5;CVE-2024-1086
3;07/06/2024;1d9gxbw;l7hoi00;CVE-2023-22522
14;11/06/2024;1dcvj45;l82bns1;CVE-2024-3661
1;12/06/2024;1de22yb;l89z155;cve-2024-26211
18;14/06/2024;1df3u5o;l8ia2ln;cve-2024-30103
3;14/06/2024;1devdtu;l8mhufz;CVE-2021-38759
14;15/06/2024;1dg6jiy;l8oac28;CVE-2024-30078
20;15/06/2024;1dg6jiy;l8ocscw;CVE-2024-30078
103;15/06/2024;1dg6jiy;l8om3al;CVE-2024-30078
6;15/06/2024;1dg6jiy;l8omcyn;CVE-2024-30082
1;15/06/2024;1dg6jiy;l8sa2lu;CVE-2024-30078
3;17/06/2024;1dhejkg;l8xtjaw;CVE-2022-45868
1;20/06/2024;1dk3p7g;l9fe9bl;CVE-2024-30078
7;23/06/2024;1dm8o1c;l9vgwys;CVE-2024-0762
1;23/06/2024;1dmh7ep;l9ytie7;CVE-2023-21502
1;26/06/2024;1dosfqi;lafmx1k;CVE-2024-37032
2;27/06/2024;1dpyatk;laku63r;CVE-2024-3094
7;01/07/2024;1dsupfa;lb4yqqf;CVE-2024-6387
35;01/07/2024;1dsupfa;lb54y1c;cve-2024-6387
1;02/07/2024;1dsgwdw;lbc5jo5;CVE-2024-5806
1;03/07/2024;1ducj4h;lbhz4vg;cve-2021-34481
2;03/07/2024;1ducj4h;lbiettu;CVE-2021-34527
-10;04/07/2024;1duwcp3;lbkz9z2;CVE-2024-20353
3;04/07/2024;1duwcp3;lbm47bg;CVE-2024-20399
1;12/07/2024;1e0mlvy;lctnhic;CVE-2023-20269
18;15/07/2024;1e34z2z;ld8o7so;CVE-2022-21587
1;15/07/2024;1e34z2z;ldc8gdp;CVE-2022-21587
16;22/07/2024;1e9l5j4;lefbej0;CVE-2016-0763
1;28/07/2024;1eedl38;lfdt3fl;CVE-2023-52424
36;30/07/2024;1efq6j8;lfmoah6;CVE-2024-37085
3;31/07/2024;1egac0o;lfrt4v9;CVE-2024-6387
17;31/07/2024;1egac0o;lfrzm5x;cve-2024-6387
11;31/07/2024;1egac0o;lfs38v8;CVE-2006-5051
1;31/07/2024;1egac0o;lfs5zp6;CVE-2024-6387
11;31/07/2024;1egac0o;lfs88iq;CVE-2024-6387
2;10/08/2024;1eoejui;lhe6kfp;CVE-2021-44228
9;13/08/2024;1eqc84o;lhvmvtc;CVE-2022-38392
2;15/08/2024;1esu755;li8ebew;CVE-2022-38028
9;15/08/2024;1esv50y;li9lg15;CVE-2024-38063
1;18/08/2024;1eueblc;lioof15;cve-2024-6783
3;21/08/2024;1exvj5b;lj9k37s;CVE-2024-4323
1;29/08/2024;1f40erg;lkhkznw;CVE-2024-21302
1;31/08/2024;1f5xy5q;lkwl3t6;cve-2023-40481
2;31/08/2024;1f5xy5q;lkwn1q2;CVE-2023-31102
-3;15/09/2024;1fhhsoh;lnadvr3;CVE-2020-24586
24;26/09/2024;1fq3tts;lp3ez51;CVE-2024-47176
2;01/10/2024;1fsqxmw;lps8sh8;CVE-2017-0144
4;02/10/2024;1fuk4fx;lq1jzom;CVE-2020-36603
1;03/10/2024;1fvaidf;lq72st6;CVE-2024-3080
1;03/10/2024;1fvaidf;lq74pc2;CVE-2024-38077
1;09/10/2024;1fte6w0;lr299xs;CVE-2005-2541
20;21/10/2024;1g8hg5e;lsythqq;CVE-2024-44133
1;21/10/2024;1g8hg5e;lt06f1b;CVE-2024-44133
1;23/10/2024;1gahv67;lte2cbc;CVE-2024-47575
1;24/10/2024;1ganmnv;ltiepzb;CVE-2024-47575
5;25/10/2024;1gbt83o;lto9zkp;CVE-2024-44068
23;25/10/2024;1gbt83o;ltokksv;CVE-2024-44068
23;25/10/2024;1gbt83o;ltp6wnq;CVE-2024-44068
1;28/10/2024;1gcl9ou;lu7rxyj;CVE-2024-38202
1;02/11/2024;1gh89iu;lv0ks29;CVE-2024-1234
3;06/11/2024;1gl2gta;lvr0c9v;CVE-2024-38063
1;09/11/2024;1gmlvsc;lwa33ui;CVE-2022-0540
34;11/11/2024;1gosyuo;lwkyzps;CVE-2024-45409
2;14/11/2024;1gqj6ec;lx4cowj;CVE-2024-43451
-6;15/11/2024;1gs8rob;lxccq1k;CVE-2024-3094
27;20/11/2024;1gvq69f;ly4488x;cve-2024-0012
-5;20/11/2024;1gvq69f;ly4fcl4;cve-2024-0012
1;21/11/2024;1gvq69f;ly8kkg0;cve-2024-0012
0;25/11/2024;1gzq1nn;lyy32tg;CVE-2024-11477
1;28/11/2024;1gzqkjz;lzcs5f1;CVE-2024-11477
1;29/11/2024;1gzqkjz;lzi565u;CVE-2024-11477
7;05/12/2024;1h6w5dn;m0gra1p;CVE-2024-42327
7;05/12/2024;1h6w5dn;m0guokm;CVE-2024-42327
1;05/12/2024;1h3e5hg;m0iyxia;CVE-2024-11680
1;08/12/2024;1g8hg5e;m126dn0;CVE-2024-44133
17;12/12/2024;1hcutu5;m1rfl3o;CVE-2023-46805
22;15/12/2024;1hecwd6;m23omff;CVE-2024-54492
12;19/12/2024;1hi017f;m2vt770;CVE-2024-12356
52;20/12/2024;1hieb0l;m2y9e3d;CVE-2023-46805
1;21/12/2024;1hik4r3;m3761t7;CVE-2023-48788
126;24/12/2024;1hlb7zj;m3ksspa;CVE-2023-46805
6;24/12/2024;1hlljkr;m3nef1y;CVE-2023-1389
4;25/12/2024;1hlzpmk;m3q6yp1;CVE-2024-30088
2;28/12/2024;1hoc196;m48jdki;CVE-2022-29131
1;31/12/2024;1hq9egw;m4nrbv7;CVE-2024-12356
5;31/12/2024;1hqbxt5;m4ri5ef;CVE-2024-12356
3;04/11/2021;qmc0ji;hj8uuxm;CVE-2016-5636
2;14/03/2022;te17gu;i0n1rmt;CVE-2022-1234
1;15/04/2022;u2w5rh;i4tx49m;CVE-2017-8769
2;16/06/2022;vdowjf;iclqc20;CVE-2010-2568
2;17/06/2022;vdnyx2;icogsg9;CVE-2013-4567
2;04/09/2022;x5as1l;in047q0;CVE-2016-9312
1;16/03/2023;11spkp2;jcfcr04;cve-2023-23397
3;21/05/2023;13o0cro;jl23cg4;CVE-2016-4657
1;29/10/2023;17iyrbq;k6xybmc;cve-2022-30190
1;06/11/2023;17p4m87;k848we7;cve-2023-4966
4;10/12/2023;18favn4;kctsxih;CVE-2023-45866
1;27/12/2023;18sacab;kf6wbcs;CVE-2023-4966
1;25/01/2024;19fkffe;kjkm90a;cve-2020-5735
1;15/02/2024;1aqppah;kql257h;cve-2024-21412
1;17/03/2024;1bgspbo;kv9hpm2;CVE-2017-5753
1;17/05/2024;1ctrl70;l4e6fxl;cve-2024-3400
4;09/06/2024;1dbg7q0;l7r4253;CVE-2023-1389
1;12/07/2024;1e12wdc;lctodiv;cve-2024-38021
1;11/08/2024;1eooewv;lhjkp90;CVE-2024-38021
1;13/11/2024;1gpwcf1;lwuah5q;CVE-2023-41064
2;15/07/2012;whd5d;c5ea1xa;CVE-2012-1182
1;15/01/2013;16mc90;c7xchgo;CVE-2012-0158
2;11/02/2013;18a0ix;c8d2khh;CVE-2011-4161
2;27/02/2013;18zsos;c8mbmrm;CVE-2010-0249
2;10/03/2014;200j28;cfysr71;cve-2014-0038
1;02/05/2014;24i89o;ch7dekf;CVE-2014-1776
1;02/05/2014;24i89o;ch7f5uj;cve-2014-1776
1;04/07/2014;29uqrd;ciopwh0;CVE-2010-2568
1;26/08/2014;2e1xsb;ck0gypd;CVE-2014-1939
1;16/10/2014;2jg25j;clbffef;CVE-2010-0425
2;28/10/2014;2kkagz;clm336x;CVE-2008-0166
1;16/11/2014;2mfpau;cm431k2;CVE-2014-6271
3;24/11/2014;2n9zhv;cmc049n;cve-2014-6324
2;29/01/2015;2tz0bm;co4c5m3;CVE-2015-0235
1;20/06/2015;39bcib;cscvx2u;cve-2015-2360
2;23/09/2015;3lpjra;cvbw44r;cve-2015-1538
1;03/11/2015;3r7s77;cwmzwpx;CVE-2014-0160
2;05/11/2015;3rnnyv;cwpo5at;CVE-2014-6271
2;09/01/2016;40788l;cys0vlk;CVE-2015-1548
12;20/03/2016;4b75s5;d16qnzt;CVE-2015-3864
1;03/05/2016;4hh02i;d2qxbwd;CVE-2010-3128
46;02/07/2016;4qykgr;d4wxl69;CVE-2015-6639
1;28/07/2016;4uwlfs;d5uu46t;cve-2013-6117
51;19/10/2016;58889c;d8yjtrv;CVE-2010-2568
2;16/12/2016;5igaly;db9ffih;CVE-2016-582384
11;19/12/2016;5j5u0j;dbdsjm6;CVE-2016-582384
1;12/01/2017;5nbljh;dcc3fsd;CVE-2016-5195
2;07/02/2017;5snuj1;ddgi6wf;CVE-2017-5521
4;13/03/2017;5z3uwl;devt67o;CVE-2017-5675
1;07/04/2017;641k7f;dfynb9f;CVE-2017-6975
5;12/05/2017;6as92a;dhgyydp;CVE-2017-0290
21;14/06/2017;6h6z1c;diw5gbr;cve-2017-7494
4;05/08/2017;6rk572;dl6ycx2;cve-2005-4131
3;11/09/2017;6zilrj;dmvko6l;CVE-2017-9805
12;16/09/2017;70cv5w;dn2gee1;CVE-2017-5638
10;26/09/2017;72kba2;dnjqee1;CVE-2014-3306
2;29/09/2017;736o5h;dnoblcr;cve-2017-7269
2;12/10/2017;75vlmq;do9tgal;CVE-2017-5638
3;15/11/2017;7d60dv;dpvk8bz;cve-2017-7494
1;28/11/2017;7g4ine;dqgr4wj;CVE-2017-1182
3;29/11/2017;7g4gxj;dqhfn0i;CVE-2012-4220
1;29/11/2017;7g4gxj;dqhk7b4;CVE-2012-4220
1;10/02/2018;7wlwye;du1p5bi;CVE-2011-3402
1;10/02/2018;7wlwye;du1shpk;CVE-2010-1749
1;13/03/2018;847db1;dvnlnu3;CVE-2014-9495
4;28/08/2018;9awgim;e4yn2xd;CVE-2017-7269
3;31/08/2018;9brpw1;e55axzj;CVE-2010-3333
1;17/09/2018;9giifr;e65s5b6;CVE-2018-2676
1;23/09/2018;9giifr;e6gy7fl;CVE-2018-2676
1;25/09/2018;9giifr;e6luvea;CVE-2018-2676
37;12/10/2018;9ng73q;e7n7a59;CVE-2001-0144
1;17/10/2018;9oulsh;e7ymkgk;cve-2018-10933
2;18/10/2018;9p8g0y;e80dxd7;CVE-2018-10933
1;07/11/2018;9ryy7r;e98b6o8;CVE-2017-7541
1;08/11/2018;9ryy7r;e9aagzl;CVE-2017-7541
1;08/11/2018;9ryy7r;e9ac8vl;CVE-2017-7541
1;16/11/2018;9ryy7r;e9si965;CVE-2017-7541
1;16/11/2018;9vmjkr;e9tnt0u;CVE-2010-2568
1;01/12/2018;a2036w;eav0fzf;CVE-2018-14634
292;21/12/2018;a8364a;ec7umja;CVE-2017-0213
21;21/12/2018;a8364a;ec7ws2w;CVE-2017-0213
9;21/12/2018;a8364a;ec7x9cc;CVE-2017-0213
10;21/12/2018;a8364a;ec81456;CVE-2017-0213
5;21/12/2018;a8364a;ec8mdbl;CVE-2017-0213
2;01/02/2019;aimw2r;efibgpy;CVE-2019-6496
3;03/02/2019;amsru2;efoj0zu;CVE-2017-0143
0;04/02/2019;amuq6i;efoxsdp;CVE-2017-0561
0;04/02/2019;amuq6i;efoyrqg;CVE-2017-0561
1;04/02/2019;amuq6i;efoz8wb;CVE-2017-0561
1;07/02/2019;ao2ilh;efxyg3b;CVE-2019-1986
1;20/02/2019;asm8qv;egv8h5c;CVE-2011-2716
1;25/02/2019;aug05y;eh9gahi;CVE-2019-9111
0;06/06/2019;bxi98t;eq6y60t;CVE-2018-10562
0;06/06/2019;bxi98t;eq6y9jz;CVE-2018-10562
0;06/06/2019;bxi98t;eq6ybba;CVE-2018-10562
1;26/07/2019;ci2o47;ev17id5;cve-2019-3969
26;06/08/2019;cmncfj;ew4n2qv;CVE-2019-13377
2;06/09/2019;d0ht7y;ez9q5py;cve-2019-0708
14;17/09/2019;d5gjxj;f0mwen9;CVE-2018-14712
1;29/10/2019;dohgmz;f5p26cn;CVE-2019-11043
2;08/12/2019;e7elzs;fa2i04g;CVE-2019-9810
2;08/12/2019;e7pary;fa5vda4;cve-2019-1405
2;20/12/2019;edfw03;fbhyo42;CVE-2018-15919
4;31/12/2019;ehxp2e;fcmupqy;CVE-2019-11708
2;31/12/2019;ei30mq;fcn1o3f;CVE-2015-3860
59;15/01/2020;ep5vfj;fehfnq2;CVE-2020-0601
3;16/01/2020;ep5vfj;fejejvf;cve-2020-0601
2;28/01/2020;euvy8n;fftlx8f;CVE-2016-1909
1;07/02/2020;f0hqn4;fgu5n7v;CVE-2015-3431
3;22/02/2020;f6em95;fic2wg2;CVE-2017-5638
13;29/03/2020;fr37hj;fltj8cx;CVE-2015-1538
1;15/04/2020;g21xs8;fnizzvz;CVE-2020-11445
2;23/04/2020;g6clmo;fo96nvq;CVE-2016-4631
2;23/04/2020;g6pyct;fobvdiw;cve-2018-20250
2;13/06/2020;h80gok;fuohpy2;CVE-2020-13656
6;13/06/2020;h80gok;fuoir9x;cve-2019-4923
5;12/07/2020;hpx873;fxv06a7;CVE-2012-0644
19;15/09/2020;it4jvv;g5dikau;CVE-2020-1472
9;19/09/2020;ivi11j;g5ss0tu;CVE-2016-5195
2;02/10/2020;j3wwpv;g7g7x3c;CVE-2015-3864
94;06/11/2020;joz1ht;gbbec5z;CVE-2019-17502
1;29/11/2020;k315tc;gdzxul8;CVE-2020-16009
2;29/11/2020;k315tc;ge33aji;CVE-2020-15865
1;30/11/2020;k315tc;ge6k7r7;CVE-2020-16009
2;04/12/2020;k6ncpz;geme6xq;CVE-2018-20250
1;13/01/2021;kvrcqi;gj4q2ag;CVE-2020-7750
2;23/01/2021;l30te3;gkfks0h;CVE-2020-26664
6;24/01/2021;l3vzum;gkit384;CVE-2020-3421
2;24/01/2021;l30te3;gkk2lt6;CVE-2020-26664
2;05/02/2021;ld3yag;gm4nlxc;CVE-2021-21148
2;10/03/2021;m23qrw;gqgzz0e;CVE-2021-26855
55;21/03/2021;m9f5o1;grohr29;CVE-2020-15999
3;25/03/2021;md4cvp;gs7dc5c;CVE-2021-3450
1;11/04/2021;mnmlpj;gu4a2nm;CVE-2021-30480
42;13/04/2021;mq3glh;gudje46;CVE-2021-3156
17;13/04/2021;mq3glh;gudu46w;cve-2021-3156
14;13/04/2021;mq3glh;gue2xrg;CVE-2021-3156
1;23/04/2021;mt52p3;gvkgcq6;CVE-2020-15999
70;05/05/2021;n55geb;gwzkr7d;cve-2021-30657
10;05/05/2021;n55geb;gx0ncnk;CVE-2021-30666
7;10/06/2021;nwoa1c;h1aftad;CVE-2021-21132
1;29/06/2021;o8u875;h3gqucd;cve-2020-0729
31;01/07/2021;obpmzr;h3p7rup;CVE-2021-1675
1;09/09/2021;pkpqr1;hc5ps0r;cve-2021-40444
15;09/09/2021;pkpqr1;hc5wwh9;CVE-2021-40444
2;05/10/2021;q1jnzg;hffgu9s;CVE-2020-12440
2;05/10/2021;q1dqpz;hffwkuq;CVE-2021-40444
1;05/10/2021;q1dqpz;hfgawpf;cve-2021-40444
1;11/10/2021;q61e8f;hgadzf0;CVE-2006-3092
343;22/10/2021;qd6o48;hhki18e;CVE-2002-2443
21;11/12/2021;re2j3s;ho53ed3;CVE-2021-44228
20;11/12/2021;re2j3s;ho5avqv;CVE-2021-44228
1;12/12/2021;rel34n;ho89qec;CVE-2019-14889
2;13/12/2021;rfbirb;hoez9um;CVE-2021-44228
1;15/12/2021;rgjjld;hokytjz;cve-2021-36934
6;15/12/2021;rgvqkd;homm08a;cve-2021-45046
11;17/12/2021;rifkgs;hoyvu9o;CVE-2021-44228
4;03/01/2022;rulmw8;hr1dl40;CVE-2019-9483
2;06/01/2022;rx3h40;hrfyt28;CVE-2020-26935
1;09/01/2022;rzmiv6;hrx43w1;CVE-2020-12695
1;10/01/2022;rzmiv6;hs249xz;CVE-2020-12695
4;01/02/2022;shvaau;hv4qpp4;cve-2021-4034
1;06/02/2022;skfcg6;hvsgfw2;CVE-2017-0213
363;27/02/2022;t2tul0;hyovi33;CVE-2021-26855
2;13/03/2022;td2gv8;i0h0uyl;CVE-2021-43217
2;19/03/2022;thlqm3;i1cazzc;CVE-2022-23812
3;28/03/2022;tpyqx2;i2fbsxp;CVE-2022-1096
81;10/04/2022;u0iuxo;i46gq1l;CVE-2018-17336
1;27/04/2022;ucrnif;i6cvooz;CVE-2019-9514
5;09/05/2022;ulhzsn;i7xbmlc;cve-2022-1388
1;10/05/2022;ulhzsn;i81ecj9;cve-2022-1388
6;13/05/2022;uoinc1;i8geroc;cve-2022-30525
0;27/05/2022;uynlg3;ia8i67e;cve-2022-22972
2;31/05/2022;v0gece;iao32vj;CVE-2017-12617
17;01/06/2022;v2foet;iat6ryl;cve-2022-30190
5;01/06/2022;v2foet;iatjnle;cve-2022-30190
0;07/06/2022;v6kynw;ibhrjdc;cve-2022-26134
1;09/06/2022;v1diin;ibqoccq;cve-2022-30190
1;09/06/2022;v0ygq9;ibqq0kz;cve-2022-30190
3;14/06/2022;vc8cfd;iccupcy;CVE-2022-30190
1;16/06/2022;vcq23o;icjljj7;CVE-2020-8515
12;21/06/2022;vh8n60;id69l01;CVE-2019-1040
2;01/07/2022;votsxc;iefwamz;CVE-2017-9841
6;04/07/2022;vr7zi5;ietqbex;cve-2022-30190
1;13/07/2022;vxufeh;ig0q9jw;CVE-2018-4904
40;18/07/2022;w1kpep;igkxjis;CVE-2022-22806
2;13/08/2022;wmi22w;ik3kh9p;CVE-2018-10933
58;15/08/2022;wp5uvd;ikexz42;CVE-2018-11529
49;15/08/2022;wp5uvd;ikf35zo;CVE-2020-13428
1;16/08/2022;wp5uvd;ikgjgog;CVE-2019-2107
19;23/08/2022;wvchn8;ilfivxh;CVE-2021-36260
2;06/10/2022;xwvoj7;ira93q9;CVE-2019-11510
6;09/10/2022;xzlk53;irobsna;CVE-2021-3156
18;09/10/2022;xzxtmj;irozxje;CVE-2019-8646
11;11/10/2022;y0ykws;irw7qzq;cve-2022-41352
0;11/10/2022;y0ykws;irwdkls;cve-2022-41352
38;29/10/2022;ygebat;iu8e5ro;CVE-2021-25802
1;30/10/2022;ygebat;iud1hdn;CVE-2020-9922
1;04/11/2022;ygebat;iv1n49l;CVE-2021-39144
3;09/12/2022;zgvdf9;izizgoo;CVE-2022-26138
-1;30/12/2022;zybp3s;j27rp6u;CVE-2018-10561
1;13/02/2023;111hzo3;j8ey6h7;CVE-2023-23514
5;14/02/2023;112h4da;j8kblj5;CVE-2015-9235
64;25/02/2023;11bt4j2;ja04zi6;CVE-2019-16253
2;26/02/2023;11c41vn;ja3holz;cve-2022-47412
2;03/03/2023;11f72kn;jat9kcm;CVE-2020-5741
1;03/03/2023;11f72kn;jat9pq2;CVE-2020-5741
1;06/03/2023;11inty8;jb2yl8o;CVE-2023-23514
1;17/03/2023;11t895y;jci6lsq;CVE-2022-3590
48;20/03/2023;11vpzlp;jcwx2xo;CVE-2023-24033
4;23/04/2023;12vnpqe;jhdfni9;CVE-2023-28205
9;24/05/2023;13qmlj0;jlffhxp;CVE-2023-28131
2;15/06/2023;149eyux;jo90563;CVE-2023-0669
3;06/07/2023;14rvcpm;jquaq0e;CVE-2023-32434
1;11/08/2023;15n5zzy;jvqbz6j;CVE-2020-28472
1;02/09/2023;1680vle;jyt6shi;CVE-2023-38831
1;03/09/2023;1695vru;jyzzl29;CVE-2023-2640
1;10/10/2023;174ngrx;k4bt8jw;CVE-2019-12480
1;11/10/2023;174ngrx;k4eul72;CVE-2019-12480
1;06/11/2023;17pdn9k;k84k2b1;CVE-2017-9841
271;30/11/2023;187w0vi;kbh5bh0;CVE-2023-24023
3;01/12/2023;187w0vi;kbkpuyi;CVE-2023-24023
10;06/12/2023;18c3wjz;kca77pw;CVE-2017-13077
1;07/12/2023;18chvix;kcbj0x7;CVE-2000-0538
15;07/12/2023;18chvix;kcbj34d;CVE-2000-0538
1;10/12/2023;jh8hi6;kcqh1sc;CVE-2017-7932
1;10/12/2023;18e95da;kcr21lz;CVE-2023-4863
1;19/12/2023;18lzabu;ke0us1v;CVE-2023-22809
1;20/12/2023;18lpagu;ke8vyg3;CVE-2023-27997
1;26/12/2023;18qpuwi;kexj3ft;cve-2023-48024
2;27/12/2023;18qpuwi;kf2lp2z;cve-2023-50965
12;11/01/2024;193unnz;khf2g26;CVE-2023-33297
2;15/01/2024;196lbbs;ki0n18x;CVE-2023-20185
19;21/02/2024;1avyroo;kre6v7d;CVE-2023-52160
37;21/02/2024;1avyroo;krey079;CVE-2023-52160
2;11/03/2024;1bca8wu;kuem9f1;CVE-2023-25690
2;29/03/2024;1bqf349;kx2qefd;CVE-2011-2716
6;30/03/2024;1bqxbwb;kx78oas;cve-2024-3094
-14;06/04/2024;1bx3wwr;kyaozgx;CVE-2021-44228
1;26/04/2024;1cddh72;l1budtm;CVE-2017-6667
1;27/04/2024;1cddh72;l1hkutv;CVE-2022-20776
1;10/05/2024;1coxppf;l3hsvi4;CVE-2023-20198
1;16/05/2024;1csyil7;l48kn3w;CVE-2021-4034
-6;13/06/2024;1dewfg9;l8i5k3r;CVE-2013-3587
9;01/07/2024;1dswq4t;lb59739;cve-2024-6387
1;03/07/2024;1dujap0;lbi080q;CVE-2024-6387
1;07/08/2024;1em6f7n;lgx7h4j;CVE-2024-5084
3;10/08/2024;1eoeopq;lhdi89q;CVE-2023-31315
2;17/08/2024;1eso7av;lii2xg6;CVE-2020-1745
1;28/08/2024;1f23s2o;lkcxb09;CVE-2022-38392
1;01/09/2024;1csyil7;lkytyfq;CVE-2019-18634
3;04/09/2024;1f8l08r;llfxbdm;CVE-2024-0519
1;19/09/2024;1cddh72;lnz12tt;CVE-2023-20090
1;22/09/2024;1fmyxmh;lof6l9l;CVE-2024-3661
3;21/10/2024;1g7xb06;lszws4t;CVE-2024-1208
1;30/10/2024;dkjte2;luhs8r4;CVE-2015-9251
199;09/11/2024;1gn8u6i;lw8o05j;CVE-2023-5808
1;07/12/2024;1h8pd6h;m0v8hzk;CVE-2024-3385
1;07/12/2024;1h8pd6h;m0v8nxh;CVE-2024-3385
5;22/12/2024;1hjppim;m39pcbx;CVE-2021-22205
4;26/11/2011;mpdgt;c32ryva;CVE-2010-3081
3;11/04/2012;s3gcb;c4atlbt;CVE-2012-1182
11;29/11/2013;1rojtg;cdpoz45;cve-2013-6397
4;19/02/2014;1yd42l;cfjfgmx;CVE-2013-6420
3;11/04/2014;22r6sz;cgpogbb;CVE-2014-0160
3;11/04/2014;22r6sz;cgpok6p;CVE-2014-0160
1;11/04/2014;22r6sz;cgpxc23;cve-2014-0160
2;25/04/2014;23vhtd;ch1ciq0;CVE-2014-2913
1;24/06/2014;28z142;ciftrdo;CVE-2012-0132
3;25/06/2014;28zh4k;cigbz5y;CVE-2012-0031
1;03/10/2014;2erlfi;ckzbla5;CVE-2014-5045
3;25/04/2015;33r6b6;cqnud24;CVE-2014-0160
4;13/07/2015;3d2g09;ct1q9uk;CVE-2015-0235
5;28/07/2015;3ey2pv;ctjjfk0;CVE-2015-5477
3;29/09/2015;3mvd91;cvihm53;CVE-2015-3183
2;30/09/2015;3mvd91;cvjfg9d;CVE-2015-3183
6;05/01/2016;3zk2su;cymsqir;CVE-2015-0235
6;17/02/2016;467t4s;d03d2rk;CVE-2015-7547
2;17/02/2016;467t4s;d03qnip;cve-2015-7547
3;28/04/2016;4gorgn;d2k3sap;CVE-2016-2118
2;17/06/2016;421m7g;d4d8yqh;CVE-2013-2207
1;17/02/2017;5un5u0;ddvq8gd;CVE-2013-7459
1;16/04/2017;63wegs;dgcmihl;CVE-2016-10229
3;01/06/2017;6ekzv1;dib3817;cve-2017-1000367
2;01/06/2017;6ekzv1;dibgvvs;cve-2017-1000367
5;25/08/2017;6vyl7i;dm40p6l;CVE-2016-6210
1;25/08/2017;6vyl7i;dm4eyfr;CVE-2016-6210
11;17/10/2017;76xzl1;doi5hqv;CVE-2017-15265
11;04/01/2018;7o21np;ds69drv;CVE-2017-5754
3;19/03/2018;85le29;dvycruy;CVE-2018-1057
-1;25/05/2018;8m2adv;dzklbf1;CVE-2004-0839
0;30/01/2019;alh22l;efed6ex;CVE-2017-6074
2;30/01/2019;alh22l;efedtb5;CVE-2017-6074
1;30/01/2019;alh22l;efee1qn;cve-2016-9962
19;31/01/2019;alh22l;efeixrd;CVE-2016-7545
3;01/02/2019;alym5z;efjdo8d;CVE-2016-0800
7;17/02/2019;arncpa;egotmo5;CVE-2017-7471
21;18/02/2019;arx7xo;egqc160;CVE-2013-5211
1;22/02/2019;at4f8j;eh0r69w;CVE-2019-6340
16;07/06/2019;bxvphc;eq9zjmv;cve-2019-3396
1;13/06/2019;c03qlw;er20k7i;cve-2017-13090
5;24/06/2019;c4aqlu;erwz8oi;CVE-2017-5703
17;03/09/2019;cz6vvw;eywuxxj;CVE-2019-10197
1;15/10/2019;dhws1y;f3tjpez;CVE-2019-14287
5;16/11/2019;dx3jx6;f7o7imr;CVE-2019-11135
1;28/11/2019;e2rus4;f8zt64q;CVE-2019-19330
3;07/01/2020;elecdk;fdhcqfa;cve-2019-1543
1;29/04/2020;ga6x6g;foxxej5;CVE-2018-5735
3;29/04/2020;ga6x6g;foy4xuo;CVE-2019-16746
1;29/04/2020;ga6x6g;foy52wd;CVE-2019-16746
3;06/07/2020;hked0h;fx3xv11;CVE-2019-15917
1;20/09/2020;iwd28f;g5yyb9o;CVE-2020-1472
12;22/09/2020;ixpg9k;g687fi8;CVE-2016-2183
2;13/01/2021;kvo5b6;gj43olw;CVE-2014-0160
3;26/01/2021;l5kvot;gkvcdrc;CVE-2020-14318
3;27/01/2021;l5qw7v;gkz363g;CVE-2021-3156
1;29/01/2021;l6vqg4;gl72b2k;CVE-2021-3156
2;29/01/2021;l7ji1o;gl7i8rz;CVE-2021-3156
2;29/01/2021;l7ji1o;gl8flod;CVE-2021-23239
1;29/01/2021;l7ji1o;gl8tu45;CVE-2018-12126
2;08/03/2021;m09306;gq6vn1j;cve-2020-28243
60;13/03/2021;m4ceaf;gqtxr7o;CVE-2019-10149
-57;15/07/2021;okogo2;h599z8r;CVE-2021-22555
3;05/08/2021;oy7cod;h7rz4k3;CVE-2021-34527
5;14/10/2021;q7gzky;hgledtu;CVE-2021-41773
1;30/10/2021;qipigg;hioq0oi;CVE-2009-0545
9;10/12/2021;rdgamw;ho0wcfh;cve-2021-44228
2;11/12/2021;rdgamw;ho2isf9;cve-2021-44228
3;24/12/2021;rmun9b;hpsa01f;CVE-2021-22205
10;26/01/2022;sct9zx;hu99ai0;CVE-2021-4034
1;28/02/2022;t2pi0q;hypoi04;CVE-2021-3996
2;16/03/2022;tey61t;i0v4b58;CVE-2022-0778
2;16/03/2022;tey61t;i0xzz5s;CVE-2022-0778
3;10/05/2022;um7spt;i81p5jp;CVE-2021-44228
1;16/06/2022;vdhg5r;ickk5yk;CVE-2020-15778
1;25/06/2022;vklle8;idq7w5u;CVE-2020-15778
4;25/06/2022;vklle8;idqa7n3;CVE-2020-15778
9;21/07/2022;w435ag;ih21hoo;CVE-2022-34918
3;01/11/2022;ygxgmv;iun6php;CVE-2022-3786
1;23/11/2022;z1v0ww;ixg8741;CVE-2003-0252
1;06/02/2023;10tuhtz;j7g6hl7;CVE-2022-37454
1;23/05/2023;13ons7q;jlb6psu;CVE-2023-25136
1;29/09/2023;16vgp3f;k2qub97;CVE-2023-5217
1;04/10/2023;16zc62v;k3fem7h;cve-2023-4911
1;04/10/2023;16zc62v;k3gfvah;cve-2023-4911
1;12/10/2023;175r6o5;k4j1twx;CVE-2023-38546
1;12/10/2023;175r6o5;k4jnjrf;cve-2023-5345
1;24/10/2023;17exqq1;k66ry6b;CVE-2022-24903
2;19/12/2023;18lsur4;kdzy06u;CVE-2023-28321
3;19/12/2023;18lsur4;ke00qa2;CVE-2023-28321
11;22/01/2024;19d5dn1;kj40rsl;CVE-2022-28722
12;01/02/2024;1agmixp;kohygxb;cve-2023-6246
17;07/02/2024;1al6fwg;kpckmj2;CVE-2023-40547
5;08/02/2024;1al6fwg;kpfnbdr;CVE-2023-40547
1;18/06/2024;1d8l1uj;l9345fx;cve-2024-21626
1;02/07/2024;1dsrjaq;lbah8lr;cve-2024-6387
1;19/07/2024;1e69b0b;ldw7kcy;CVE-2024-6387
1;28/07/2024;1eedlux;lfdt49z;CVE-2023-52424
3;25/10/2024;1gbta38;ltoaprd;CVE-2024-44068
5;31/10/2024;1ggle5u;luqiiul;CVE-2024-38474
2;31/10/2024;1ggle5u;luqw7rv;CVE-2024-38474
2;09/06/2014;27p6co;ci3ce76;CVE-2013-6282
4;13/08/2014;2dbws8;cjom9qd;CVE-2013-1690
-1;10/03/2015;2yitlg;cpabdme;CVE-2013-5892
2;15/06/2015;39xcwv;cs7harv;CVE-2015-2361
1;08/01/2016;3zsi40;cyqjcuc;CVE-2014-6332
3;08/04/2016;4dwz57;d1v9a2o;cve-2016-1019
3;18/01/2017;5okz2c;dckh6qo;cve-2016-2384
2;23/03/2017;613l81;dfbjwks;CVE-2016-0189
-1;21/04/2017;66nx6k;dgkih7s;CVE-2017-7892
2;22/04/2017;66nx6k;dglait5;CVE-2009-1897
1;24/04/2017;675gq9;dgozbg3;CVE-2017-3823
1;08/03/2019;ayqh5m;ei3762v;CVE-2008-0923
1;10/03/2019;ayqh5m;ei74tml;CVE-2008-0923
4;24/06/2019;c4ltvo;erxoud4;CVE-2019-0708
4;04/03/2020;fdanyj;fjh4nh5;CVE-2019-15126
3;26/01/2021;l4zq7g;gksvcc3;CVE-2017-0144
5;09/01/2024;191w799;kh0ej0v;CVE-2023-23397
1;09/05/2017;69zxr4;dhbzdkr;CVE-2017-5689
2;27/06/2017;6jtvku;djgzm1v;CVE-2017-0199
1;27/06/2017;6jtvku;djh8wjf;CVE-2017-0199
2;27/06/2017;6jtvku;djhbmwq;CVE-2017-0199
1;03/10/2017;73smdw;dnvdw9y;cve-2016-0019
2;26/02/2018;80ex76;duv0qvd;CVE-2015-9254
14;10/05/2018;8iehdu;dyr3uoc;CVE-2018-8174
7;10/05/2018;8iehdu;dyr6mxx;CVE-2018-8174
1;10/05/2018;8iehdu;dyrdiiv;cve-2018-0886
1;10/05/2018;8iehdu;dyrorfg;CVE-2018-8120
1;11/05/2018;8ina5f;dytsz85;CVE-2018-0886
147;05/02/2019;ani14t;eftlhge;cve-2017-18362
43;06/02/2019;ani14t;efuc8ox;CVE-2017-18362
2;11/02/2019;aph4nu;eg8eqho;cve-2017-18362
2;27/08/2019;cw6jgn;ey8mfli;CVE-2018-8453
2;30/08/2019;cxhdkz;eylztih;CVE-2019-11733
1;23/10/2019;dlt0jk;f4v1a47;cve-2019-9510
3;22/01/2020;esc2p1;ff98gg1;CVE-2019-16513
1;27/01/2020;etax84;ffpg1la;CVE-2020-7984
1;17/03/2020;fgr293;fkqypji;CVE-2020-0796
1;24/06/2020;hduz98;fvsxlw0;cve-2020-14159
4;25/06/2020;he1bm8;fvzrkuu;cve-2017-18362
18;14/07/2020;hr67jn;fy2z7wx;CVE-2020-1350
0;29/08/2020;ii9rod;g37uzfx;CVE-2020-0609
2;13/10/2020;ja8i23;g8oqzun;CVE-2020-15910
-3;13/10/2020;ja8i23;g8qgczs;CVE-2020-15909
1;14/10/2020;jal11d;g8spujx;CVE-2020-1472
2;20/10/2020;jeg25c;g9esquq;CVE-2017-18362
2;18/12/2020;kfluq6;gg9actz;CVE-2020-7984
10;04/02/2021;lbvggq;glxsvwf;cve-2020-1472
2;11/02/2021;lh09ci;gmvud54;cve-2020-1472
1;02/03/2021;lv8xz6;gpczvpr;CVE-2001-0144
86;03/03/2021;lwmo5c;gpiak7u;CVE-2021-26855
9;03/03/2021;lwmo5c;gpigxzj;CVE-2021-26855
3;05/03/2021;lwmo5c;gptmzry;CVE-2021-26855
1;06/03/2021;lwmo5c;gpzmnyn;CVE-2021-26855
7;13/05/2021;nbpc18;gy15w5o;CVE-2018-0171
2;14/05/2021;nbpc18;gy1q7lr;CVE-2018-0171
31;30/06/2021;ob6y02;h3lwz6e;CVE-2021-34527
17;30/06/2021;ob4mc8;h3m5v38;cve-2021-1675
5;30/06/2021;ob6y02;h3m9mf1;cve-2021-1675
4;01/07/2021;ob4mc8;h3mifsp;cve-2021-1675
3;01/07/2021;ob6y02;h3pgtsu;CVE-2021-1675
4;02/07/2021;oc65gc;h3ssjf6;CVE-2021-34527
0;02/07/2021;ob6y02;h3ti7iw;cve-2021-1675
2;02/07/2021;ocggbv;h3uskww;CVE-2021-34527
1;03/07/2021;ocggbv;h3vey3s;CVE-2020-8427
1;06/07/2021;oepjvg;h4858ab;CVE-2021-34527
80;06/07/2021;oer8jo;h48c2uk;CVE-2021-30116
7;06/07/2021;oer8jo;h49girx;CVE-2021-30116
8;07/07/2021;of0izj;h4aq5lu;CVE-2021-30116
1;07/07/2021;oc65gc;h4ay27a;CVE-2021-34527
3;08/07/2021;ofvhyw;h4f6q7v;cve-2021-1675
2;08/07/2021;ofpu23;h4fyyz5;CVE-2021-30116
1;08/07/2021;og9hk3;h4hyb8d;cve-2021-1675
1;09/07/2021;ocggbv;h4jr25u;CVE-2021-30116
2;09/07/2021;ocggbv;h4jsyvx;CVE-2021-30116
1;09/07/2021;ob6y02;h4mmept;cve-2021-34527
2;12/07/2021;og9hk3;h4zami3;CVE-2021-34527
3;21/07/2021;oobfk2;h601moz;CVE-2021-33909
4;23/07/2021;oq4abs;h699z48;CVE-2021-36934
1;03/08/2021;otnui3;h7kc45s;cve-2021-3438
1;13/08/2021;ob6y02;h8reiwc;CVE-2021-36958
1;13/08/2021;mqoxbg;h8s0sb6;CVE-2021-35193
8;19/08/2021;p7erde;h9j8guc;CVE-2021-36958
14;21/08/2021;p8ik84;h9qqq83;CVE-2021-31207
4;21/08/2021;p8ik84;h9r88e2;CVE-2021-31207
1;21/08/2021;p8ik84;h9r8ad6;CVE-2021-31207
3;25/08/2021;pbeipm;haba7bv;CVE-2021-36958
6;09/09/2021;pkzg5v;hc6wztw;CVE-2021-36958
1;09/09/2021;pl5o37;hc8fhk2;cve-2021-40444
6;10/09/2021;pl5o37;hc8xwc2;CVE-2021-40444
7;10/09/2021;pl5o37;hc9200b;CVE-2021-40444
6;10/09/2021;pl5o37;hcbojup;CVE-2021-40444
18;13/09/2021;pniq6m;hcq3ncs;CVE-2021-40444
33;16/09/2021;ppa8gx;hd2aotf;CVE-2021-40444
1;17/09/2021;ppa8gx;hd5pz2t;cve-2021-34481
2;17/09/2021;ppa8gx;hd5qjfo;cve-2021-34481
1;17/09/2021;ppa8gx;hd6q436;cve-2021-34481
2;20/09/2021;prvver;hdm5cny;cve-2021-34481
1;23/09/2021;prvver;hdxrd2f;cve-2021-34481
6;11/10/2021;q61jpd;hg9o6xg;cve-2021-34481
7;11/10/2021;q5wlsp;hg9rgst;cve-2021-34470
1;18/11/2021;qnrjgq;hl30444;CVE-2021-26855
20;10/12/2021;rdba36;ho014k3;CVE-2021-44228
2;10/12/2021;rdbb6m;ho08b9e;cve-2021-44228
7;10/12/2021;rdba36;ho0txtl;CVE-2021-44228
10;10/12/2021;rdba36;ho1bp9n;CVE-2021-44228
3;10/12/2021;rdimbb;ho1k9xd;CVE-2021-44228
1;11/12/2021;rdba36;ho296r0;cve-2021-4428
4;11/12/2021;rdba36;ho3kr9s;CVE-2021-44228
5;11/12/2021;rdba36;ho4esh4;CVE-2019-17571
2;11/12/2021;rdba36;ho4hfmh;CVE-2021-44228
13;11/12/2021;rdba36;ho5nmfr;CVE-2021-44228
2;11/12/2021;re5dht;ho6fu2v;CVE-2021-44228
1;12/12/2021;rdba36;hoai6wo;cve-2021-44228
1;13/12/2021;rdba36;hocp8qw;cve-2021-44228
3;13/12/2021;rdba36;hoesq9y;CVE-2021-44228
2;13/12/2021;rfdlky;hofb2es;CVE-2019-17571
2;14/12/2021;rdba36;hohjygs;cve-2021-44228
1;14/12/2021;rg4wfq;hojhopl;CVE-2021-44228
2;14/12/2021;rfdlky;hojuvx0;CVE-2019-17571
1;15/12/2021;rg4wfq;homaoab;CVE-2021-44228
1;15/12/2021;rfdlky;homsf8v;CVE-2021-44228
1;15/12/2021;rdba36;hon8lwz;CVE-2021-45046
1;15/12/2021;rhah6l;hopl7fu;cve-2021-44228
1;16/12/2021;rg4wfq;hopvo2e;CVE-2021-44228
3;17/12/2021;rifqyd;hoxhhzn;cve-2021-44228
2;18/12/2021;rifqyd;hp12u31;CVE-2021-44228
2;28/12/2021;rqk8ou;hqaq636;CVE-2021-44832
2;16/01/2022;s5faf6;hsxr0s5;CVE-2019-17571
1;19/01/2022;s7ax29;ht96yhp;CVE-2021-44228
1;18/03/2022;rmzu7d;i17d4bl;CVE-2021-44228
1;22/03/2022;tbtopx;i1pocf0;CVE-2022-0715
1;25/03/2022;rg4wfq;i242z59;CVE-2021-44228
2;02/04/2022;ttr5af;i35b0db;CVE-2021-36277
2;06/04/2022;tx6ig2;i3kk5dr;CVE-2020-8601
2;15/04/2022;u459x6;i4ud8ec;CVE-2021-31589
2;31/05/2022;v0tuvs;iamlfaj;cve-2022-30190
2;31/05/2022;v0tuvs;iamy74d;cve-2022-30190
1;01/06/2022;v1mxqz;iaq7kfs;CVE-2022-30190
1;02/06/2022;v0tuvs;iaxqxro;cve-2022-30190
1;05/06/2022;v3z9xr;ib8w2zc;cve-2022-26134
2;15/06/2022;vcobre;ici6thn;CVE-2022-30190
2;18/07/2022;w28ea5;igorem0;CVE-2022-30136
2;10/08/2022;wkc8kq;ijoln44;CVE-2022-0316
7;10/08/2022;wkwsnn;ijpsca6;CVE-2022-35748
1;10/08/2022;wkwsnn;ijq6isc;CVE-2022-35748
-1;10/08/2022;wkwsnn;ijq6xoc;CVE-2022-35748
2;01/09/2022;x30dix;imntqob;cve-2021-36260
19;30/09/2022;xscrmt;iqjxnbv;CVE-2020-0610
1;01/10/2022;xrj29m;iqmtxze;CVE-2022-41040
1;17/10/2022;y3ch1g;isob57h;CVE-2022-40684
0;21/10/2022;y9rjv6;it9072y;CVE-2015-2862
2;31/10/2022;yicq2a;iujo505;CVE-2022-22048
1;10/11/2022;yqz3dt;ivub49r;CVE-2022-40684
2;05/12/2022;zd2r1o;iz0gsv0;CVE-2022-34382
4;23/12/2022;zt04qb;j1bwnal;CVE-2022-41076
1;14/02/2023;112bjmk;j8jra7w;CVE-2021-44228
2;16/02/2023;10wd6m6;j8sg4ot;CVE-2022-29620
1;03/03/2023;11g3g00;jarog0n;cve-2023-23313
3;09/03/2023;11muq3m;jbla38o;cve-2020-9294
5;13/03/2023;11qmhv8;jc43jub;CVE-2023-27532
1;15/03/2023;11qmhv8;jc8ah55;cve-2023-27532
4;16/03/2023;11t5jue;jchhptt;CVE-2023-23397
5;17/03/2023;11tt3bc;jcl2igg;CVE-2023-23397
7;17/03/2023;11tt3bc;jcl6231;CVE-2023-23397
3;17/03/2023;11tt3bc;jcl6eku;CVE-2023-23397
7;17/03/2023;11tt3bc;jcl6rgz;CVE-2023-23397
9;17/03/2023;11tt3bc;jcl7aj7;CVE-2023-23397
2;17/03/2023;11t5jue;jcl88t0;CVE-2023-23397
3;17/03/2023;11tt3bc;jclkh9p;cve-2023-23397
3;17/03/2023;11tt3bc;jcm8zs9;cve-2023-23397
3;18/03/2023;11tt3bc;jco66rp;cve-2023-23397
2;28/03/2023;124mkj6;je0ubtn;cve-2023-23397
2;31/03/2023;125sxuo;jecqfn8;CVE-2013-3900
5;01/04/2023;1286fv5;jej93dm;cve-2023-23397
1;02/04/2023;125sxuo;jemm506;CVE-2013-3900
6;10/04/2023;12hrci1;jfr3bbc;cve-2022-40684
1;12/04/2023;12iwccr;jfy5odg;CVE-2022-41040
1;01/05/2023;133s7kz;jif2b9v;CVE-2023-27532
1;05/06/2023;1411h17;jmzx3uu;CVE-2023-34362
-1;07/06/2023;143f8dw;jn9ojga;CVE-2023-34362
2;07/06/2023;13xjs1y;jnabaon;CVE-2023-34362
4;12/06/2023;147t4cp;jnxnk8q;cve-2023-27997
1;13/06/2023;146gqao;jnz2iju;CVE-2023-27997
1;13/06/2023;147t4cp;jo0idda;CVE-2023-27997
1;16/06/2023;14aa8is;jocb4ex;CVE-2021-44832
1;12/07/2023;14x5dtq;jrmw4eo;cve-2023-36884
1;20/07/2023;151r0d4;jss5y5b;CVE-2023-3519
1;27/07/2023;15b307x;jto1ado;CVE-2023-3029
1;27/07/2023;15b307x;jto2b97;CVE-2023-30297
1;28/07/2023;15b307x;jtumqdh;cve-2023-30297
1;11/08/2023;15nu1ds;jvomgjo;CVE-2022-0316
1;28/08/2023;15yhg7j;jy4fm28;cve-2020-19909
1;27/09/2023;16tkvu4;k2fgwwu;CVE-2023-5129
1;27/09/2023;16tkvu4;k2hgrro;CVE-2023-5129
1;27/09/2023;16tkvu4;k2hpqqw;CVE-2023-5219
1;28/09/2023;16tkvu4;k2jqv0c;CVE-2023-4863
1;28/09/2023;16tkvu4;k2lpfq0;cve-2023-4863
1;28/09/2023;16tx8t1;k2lzczj;cve-2023-4863
1;29/09/2023;16tkvu4;k2rhlsb;CVE-2023-4863
1;29/09/2023;16tx8t1;k2rid2k;CVE-2023-4863
1;18/10/2023;17an7yu;k5epbp5;CVE-2023-40044
1;08/11/2023;17q63zq;k8d0d2s;CVE-2022-21894
1;23/11/2023;18198qh;kafnbxt;CVE-2023-46604
2;08/12/2023;18df0xp;kcja8o6;CVE-2023-44221
5;03/01/2024;18wwejv;kg2bhnq;CVE-2023-1671
2;03/01/2024;18wwejv;kg3q9h9;CVE-2023-1671
2;23/01/2024;19dswfm;kj9c1hs;CVE-2024-0204
7;06/02/2024;1akk17t;kp8o67i;CVE-2022-42475
1;08/02/2024;1aloaic;kphtuge;cve-2024-20666
1;09/02/2024;1amdazk;kplyv6r;cve-2024-21762
1;12/02/2024;1amdazk;kq2g2px;CVE-2024-21762
2;21/02/2024;1awf1q9;krit7as;CVE-2024-1709
2;23/02/2024;1axkcf9;krpf001;CVE-2024-1708
1;29/02/2024;1b2dd4l;kspjvsw;CVE-2022-29499
5;01/03/2024;1b3xrc5;ksvy8s4;CVE-2024-1708
4;12/03/2024;1bcslhi;kuiasop;cve-2021-34481
16;14/03/2024;1beqtta;kuvpygu;CVE-2028-3972
3;14/03/2024;1bbu8er;kuwbyo8;cve-2024-23112
1;13/04/2024;1c28kty;kzdw0eg;cve-2024-3400
2;03/05/2024;1cjfn4e;l2fy6r4;cve-2024-20666
3;06/06/2024;1d9czeq;l7e6dl7;cve-2024-20666
1;01/07/2024;1dsse9e;lb53yg1;CVE-2024-6387
1;02/07/2024;1dtekaf;lb91gsw;CVE-2006-5051
1;24/07/2024;1e6vidh;leosp5j;cve-2024-20419
5;05/08/2024;1ekly89;lglsoii;CVE-2023-23397
4;16/08/2024;1etmv4j;lifo5i4;CVE-2024-38063
1;23/08/2024;1ezhpdz;ljlrxi7;CVE-2022-28672
1;25/10/2024;1gajckv;ltn2b17;CVE-2024-9464
2;13/11/2024;1gqgn13;lwz74zw;CVE-2024-23113
1;23/11/2024;1gxi0fj;lymetp4;CVE-2024-44308
1;24/11/2024;1gwzbrp;lyq208m;CVE-2024-42057
4;09/12/2024;1hakbt7;m19ashv;CVE-2024-43451
1;11/12/2024;1haqgss;m1hosx5;CVE-2024-50623
3;21/12/2024;1hi2l1r;m375xee;CVE-2023-51630
1;30/12/2024;1hploy5;m4iw7j8;cve-2023-36266
3;20/04/2016;4fk5kd;d2apczi;cve-2014-6271
1;22/11/2016;5e4x9a;daaai7l;CVE-2015-8562
1;22/11/2016;5e4x9a;daawym8;CVE-2015-2208
1;18/01/2017;5o9op1;dckagtx;cve-2014-0160
1;01/10/2017;73lfgf;dnrhozt;CVE-2003-0201
6;01/10/2017;73lfgf;dnrt4nh;CVE-2003-0201
7;30/01/2018;7tx1ab;dtgs6i8;CVE-2018-0420
2;06/06/2018;8ouiu2;e06kbs7;cve-2010-2961
2;29/10/2018;9sf7o3;e8oyb7s;CVE-2018-10933
4;30/12/2018;aavint;ecvfm38;cve-2017-5638
1;15/02/2019;aqiz77;egjwavx;cve-2018-5736
6;22/04/2019;bfw1xo;elhp7om;CVE-2017-11882
1;13/10/2019;dgv74p;f3ierh1;CVE-2019-15943
2;28/02/2020;faek74;fizjb80;CVE-2019-15126
12;28/03/2020;fqlewo;flr2yjw;CVE-2019-13343
1;28/11/2020;k2uz47;gdx4o4y;CVE-2018-14567
8;04/02/2021;lc6p8v;glyaymb;cve-2020-0796
1;25/03/2021;mctn2y;gs7odoj;CVE-2021-27137
3;26/04/2021;myse9q;gvxssnp;CVE-2021-3450
1;05/05/2021;n583lb;gx1f33t;CVE-2017-5638
1;17/06/2021;o25qnu;h25fyp0;CVE-2007-2447
17;03/07/2021;ocqaah;h3w0eco;CVE-2021-1675
4;03/07/2021;ocqaah;h3w4hfw;CVE-2021-1675
8;03/07/2021;ocqaah;h3w7nze;CVE-2021-1675
0;03/07/2021;ocqaah;h3yena6;CVE-2021-1675
3;03/07/2021;ocqaah;h3ythq6;CVE-2021-1675
1;25/08/2021;p20s19;ha8xd7g;CVE-2015-3456
1;17/12/2021;ri6nv5;hoyvvgy;CVE-2021-44228
6;11/09/2022;xb71nf;inyg0yc;CVE-2021-41524
2;22/12/2022;zrwrv3;j16tqfd;CVE-2022-41375
6;11/01/2023;10927di;j3vxkoh;CVE-2007-0071
1;24/09/2023;16r4bkk;k217ej1;CVE-2014-6271
2;03/03/2024;1b358bp;kt5y1zo;CVE-2024-21762
1;25/05/2008;6kpp9;c044lis;CVE-2007-5384
2;24/02/2009;7zkzu;c07upmw;CVE-2008-1104
1;12/09/2009;9j519;c0d1xbq;CVE-2008-4609
1;07/01/2010;amoz1;c0idg2o;CVE-2006-1067
2;09/02/2010;aztv2;c0k9hok;CVE-2009-4324
1;14/02/2010;b1s44;c0kjece;CVE-2009-2841
2;18/03/2010;bex4f;c0mfe3d;CVE-2010-0307
8;09/05/2010;c1rgn;c0po2au;CVE-2007-4305
3;25/06/2010;ciwir;c0swm0l;cve-2008-3531
2;30/07/2010;cv0t0;c0vkdmb;CVE-2010-0232
15;12/08/2010;d09d1;c0wl5cg;CVE-2010-2550
2;21/08/2010;d3s3c;c0xcqfx;CVE-2010-2568
3;17/09/2010;dersh;c0zr2ze;CVE-2010-3081
3;17/11/2010;e7r7d;c15zl0j;CVE-2010-0886
1;24/11/2010;eam63;c16q0w4;CVE-2010-0840
10;08/12/2010;ehv6k;c189iys;CVE-2010-3850
7;08/12/2010;ehv6k;c189t16;CVE-2010-4258
2;08/12/2010;ehv6k;c189t91;CVE-2010-4258
1;21/12/2010;eowse;c19v30y;CVE-2010-0432
1;22/12/2010;eowse;c1a0xh0;CVE-2010-0432
1;24/02/2011;frfs3;c1i3671;cve-2011-0414
0;04/03/2011;fwgng;c1j9uma;CVE-2006-6027
3;08/03/2011;fzbwv;c1juo4k;CVE-2011-0411
9;17/06/2011;i2a7x;c20csy9;CVE-2011-1302
3;05/08/2011;j9p7v;c2ag6we;CVE-2011-2517
13;26/08/2011;jv1kh;c2fevu8;CVE-2011-0609
2;27/08/2011;jv1kh;c2fhznq;cve-2011-0609
9;05/09/2011;k5mdd;c2hookd;CVE-2010-4073
1;15/11/2011;mcavz;c2zxgj3;CVE-2011-0997
2;27/11/2011;mpwqh;c3323tt;CVE-2009-3555
5;03/12/2011;mxm99;c34u1t4;CVE-2011-2479
7;15/12/2011;nco3b;c386lgl;CVE-2011-0708
2;20/12/2011;nikeb;c39nt5v;CVE-2005-1825
11;29/12/2011;nuwdb;c3c4diq;CVE-2011-3414
5;23/01/2012;os8wl;c3jt70m;CVE-2012-0056
3;27/01/2012;oytch;c3l6nb6;CVE-2012-0056
2;30/01/2012;p2vx4;c3m4q6w;CVE-2011-4062
1;31/01/2012;p2vx4;c3mjkjh;CVE-2012-0056
2;02/02/2012;p6rsx;c3n5vqa;CVE-2010-1759
1;03/02/2012;p7jp7;c3negkt;CVE-2011-4885
1;10/02/2012;pjl1h;c3pvqc2;CVE-2011-2462
5;10/02/2012;pjl1h;c3pxn91;CVE-2011-2462
5;24/02/2012;q3gpu;c3ufg01;CVE-2011-2981
34;13/03/2012;quxfm;c40nh8y;cve-2012-0002
1;14/03/2012;qv5ju;c40vwgc;CVE-2010-1807
1;14/03/2012;qv5ju;c40w0zj;CVE-2011-3026
2;14/03/2012;qwo4e;c412941;cve-2012-0002
1;27/03/2012;ree39;c45hua2;CVE-2011-3544
3;28/03/2012;rhek0;c45wf3m;cve-2012-0507
1;29/03/2012;ree39;c46e48i;CVE-2012-0507
3;01/04/2012;rnza1;c47evic;CVE-2007-2438
1;08/04/2012;rso3x;c49xkj8;CVE-2012-2087
3;20/04/2012;shtfr;c4eczw3;CVE-2006-7250
1;25/04/2012;sqfea;c4gigax;CVE-2012-0507
5;01/05/2012;t0ti7;c4inikk;cve-2012-1675
6;03/05/2012;t4lxw;c4jk0ej;cve-2012-1823
2;03/05/2012;t4lxw;c4jkio2;cve-2012-1823
2;03/05/2012;t4lxw;c4jkrxo;cve-2012-1823
5;03/05/2012;t4lxw;c4jqkyq;cve-2012-1823
-2;04/05/2012;t794f;c4k6f44;CVE-2012-0779
3;05/05/2012;t794f;c4kjpeq;cve-2012-1823
2;07/05/2012;ta12k;c4l2zkb;cve-2012-0779
1;11/05/2012;thdsf;c4mmdqc;CVE-2006-1183
5;20/05/2012;tuyp3;c4q3x52;CVE-2012-2376
2;26/05/2012;u4ktw;c4sj9a6;CVE-2012-0507
1;28/05/2012;u4ktw;c4t8alr;CVE-2012-0507
8;11/06/2012;uvfg6;c4z0bs8;cve-2012-2122
9;13/06/2012;uz5ul;c4zvh01;CVE-2006-0744
1;13/06/2012;v03cn;c509odn;CVE-2012-1875
8;23/06/2012;vhm13;c54nqh1;CVE-2012-1823
3;10/07/2012;wbj8m;c5c42t2;CVE-1999-0012
1;11/07/2012;w9liv;c5c93ye;CVE-2012-2495
2;11/07/2012;wcp3z;c5c9nwu;CVE-2012-1876
3;20/07/2012;wvdzr;c5gzsdj;CVE-2007-1912
6;21/07/2012;wwq76;c5ha2q1;CVE-2009-2698
1;23/07/2012;wwq76;c5hy6p4;CVE-2009-2698
3;04/08/2012;xm1tj;c5nw0rp;CVE-2011-3544
3;04/08/2012;xiyzb;c5o10sg;CVE-2012-1889
1;20/08/2012;yju8u;c5w81ps;cve-2012-1535
2;24/09/2012;10dv2h;c6cpbzw;CVE-2012-1182
4;10/10/2012;118ue9;c6kepey;CVE-2011-2358
1;16/10/2012;11lfa3;c6ni2z5;CVE-2012-5088
6;25/10/2012;122d85;c6rni2a;CVE-2012-2619
1;26/10/2012;12474o;c6s2vg6;CVE-2012-5671
1;26/10/2012;12474o;c6s6rvv;CVE-2012-5671
2;10/11/2012;12ydh8;c6z8jv5;CVE-2012-5076
3;30/11/2012;141qy3;c794syf;CVE-2008-6975
1;21/12/2012;156ni0;c7jv800;CVE-2008-3843
1;21/12/2012;156ni0;c7k3pwv;CVE-2008-3842
3;22/12/2012;1598lz;c7kftzx;CVE-2012-1682
1;22/12/2012;1598lz;c7kfwjm;cve-2012-4681
2;22/12/2012;159s0r;c7kjs93;cve-2012-4969
1;23/12/2012;1598lz;c7ksi1s;cve-2012-4681
7;08/01/2013;164pa7;c7t6lsg;CVE-2012-6081
2;10/01/2013;167c11;c7u8bwo;CVE-2013-0156
5;10/01/2013;16b4n1;c7uqmjl;CVE-2012-2088
2;11/01/2013;16c6lm;c7va8kn;cve-2013-0422
2;18/01/2013;16tyo9;c7zcq5h;cve-2013-0422
9;29/01/2013;17fr96;c85c0tl;CVE-2009-4565
3;29/01/2013;17hnot;c85lafj;CVE-2013-0229
3;05/02/2013;17xopq;c8a11hx;cve-2013-0422
3;10/02/2013;188q6t;c8cnctr;CVE-2013-0633
16;15/02/2013;18j956;c8fkbvd;CVE-2011-2483
2;17/02/2013;18oirt;c8gmn89;CVE-2012-2088
3;19/02/2013;18ro3c;c8hiqnr;cve-2012-5671
3;21/02/2013;18xljr;c8izhot;cve-2013-0641
1;22/02/2013;18xljr;c8k0pcy;cve-2013-0641
4;01/03/2013;19gx6s;c8o1g1y;CVE-2013-1493
3;01/03/2013;19gu02;c8o4m8b;CVE-2013-1775
1;01/03/2013;19h7fy;c8o4orc;CVE-1999-0504
0;05/03/2013;19nsk7;c8q3ffa;CVE-2003-0352
1;07/03/2013;19s2vk;c8r7vxb;CVE-2009-3555
1;25/03/2013;1acw5i;c91w195;cve-2010-3081
2;25/03/2013;1ayyld;c929s4l;CVE-2013-1892
10;29/03/2013;1b82jo;c94to4h;CVE-2013-1900
1;30/03/2013;1an2aa;c954j9j;CVE-2013-1895
5;30/03/2013;1bamsd;c95ef1b;CVE-2013-2266
1;11/04/2013;1c2oun;c9d3b6r;CVE-2013-1899
2;14/04/2013;1casj0;c9er7bx;CVE-2012-0498
3;26/04/2013;1d5qae;c9ncfkn;cve-2010-1420
6;27/04/2013;1d5vtn;c9nhc42;cve-2012-5671
1;27/04/2013;1d5qae;c9nrq7o;CVE-2011-3426
2;03/05/2013;1dmsnw;c9rvrja;CVE-2010-4344
2;04/05/2013;1do892;c9sai59;CVE-2013-1347
3;13/05/2013;1e8zws;c9y0lf4;CVE-2013-2070
9;15/05/2013;1eb9iw;c9yz0v8;CVE-2013-2094
14;16/05/2013;1ee0eg;c9zmr14;CVE-2013-2097
1;25/05/2013;1ez8fh;ca5iwsp;CVE-2012-6399
4;25/05/2013;1ez8fh;ca5ixoc;CVE-2012-6399
7;02/06/2013;1fhn2w;caaghnh;CVE-2013-2848
12;04/06/2013;1fm6r1;cabt29v;CVE-2013-1862
3;04/06/2013;1fn6th;cac67fj;CVE-2013-1892
10;05/06/2013;1fqe4g;cacr0na;cve-2012-1823
1;05/06/2013;1fqe4g;cacw9lz;cve-2012-1823
5;05/06/2013;1fqe4g;cacy74g;cve-2012-1823
17;01/07/2013;1hdyjq;catjcc3;CVE-2006-7140
3;02/07/2013;1he9nh;caub1tz;CVE-2013-3925
4;25/07/2013;1j0mad;cba61nq;CVE-2012-1000
1;06/08/2013;1jr43a;cbhs054;CVE-2013-1690
1;07/08/2013;1jvn55;cbiqga4;CVE-2013-4852
14;29/08/2013;1lc109;cbxu6fk;CVE-2013-1776
2;29/08/2013;1lc109;cby0gcf;CVE-2013-1775
1;02/09/2013;1ljnnc;cbzw9ed;CVE-2013-3582
39;09/09/2013;1lyxxr;cc4gf9t;CVE-2023-0879
10;21/09/2013;1mtuxa;cccmf67;CVE-2009-2765
4;25/09/2013;1n3oth;ccfd1lb;cve-2013-3893
2;05/10/2013;1nqhag;cclpolq;cve-2013-1705
1;09/10/2013;1o1xdj;cco2wz1;CVE-2013-3897
9;29/10/2013;1phjr7;cd2cw35;CVE-2012-1823
7;29/10/2013;1phjr7;cd2e6ot;CVE-2012-1823
5;30/10/2013;1phjr7;cd2rbnv;CVE-2012-1823
3;30/10/2013;1phjr7;cd2rm8v;CVE-2012-1823
1;31/10/2013;1pe684;cd42xux;cve-2012-4792
1;30/11/2013;1rkd9p;cdq06w0;cve-2012-1823
6;13/12/2013;1sqzvw;ce0fm67;CVE-2011-3464
1;09/01/2014;1uqtg1;cel07og;CVE-2011-4106
12;02/02/2014;1wr52q;cf59imb;CVE-2014-0038
2;03/02/2014;1wszqw;cf5zk49;cve-2014-0038
1;03/02/2014;1wxq91;cf6bi5q;cve-2014-0038
1;25/02/2014;1ykt3t;cfo2ozo;cve-2014-1266
2;03/03/2014;1zgkr2;cfti2tg;CVE-2014-1266
5;11/03/2014;204xf8;cfzxwt6;CVE-2012-0002
-3;15/03/2014;20gdin;cg34dir;CVE-2014-0301
85;07/04/2014;22gaar;cgmm253;CVE-2014-0160
18;07/04/2014;22gaar;cgmph50;CVE-2014-0160
45;08/04/2014;22gaar;cgmtpaa;CVE-2014-0160
4;08/04/2014;22huui;cgn6bcf;CVE-2014-0160
34;09/04/2014;22man5;cgoef9m;CVE-2012-0223
10;09/04/2014;22man5;cgofmyq;CVE-2012-0223
6;10/04/2014;22gaar;cgojxcb;CVE-2014-0160
1;22/04/2014;23pfsa;cgz9gf2;CVE-2014-1295
5;22/04/2014;23pkmp;cgzff7b;CVE-2014-1295
6;23/04/2014;23pkmp;cgzii9t;CVE-2014-1322
1;23/04/2014;23qaav;cgzikhs;CVE-2010-5298
2;28/04/2014;243dgx;ch4e6wa;cve-2013-3893
3;05/05/2014;24rzot;cha3de4;CVE-2009-1394
9;12/05/2014;25cskj;chfwa7m;CVE-2014-0196
1;28/05/2014;24yb5g;cht66kn;CVE-2014-0130
13;31/05/2014;26ymkc;chvqrh1;CVE-2014-0038
1;05/06/2014;27dj7z;chzqt31;CVE-2014-0224
5;05/06/2014;27dhcn;chzqurq;CVE-2014-0224
15;05/06/2014;27dhcn;chzt9x2;CVE-2014-0195
9;05/06/2014;27dhcn;chzuk1e;CVE-2014-0198
8;05/06/2014;27dhcn;chzw4qu;CVE-2014-0198
3;06/06/2014;27fl04;ci0mqxn;CVE-2014-3153
21;12/06/2014;27zdxc;ci5uzye;CVE-2014-3153
3;20/06/2014;28jbe1;cicclit;CVE-2011-3189
3;25/06/2014;28yy57;cigiquw;CVE-2012-6422
5;01/07/2014;29km4i;cim0cxv;CVE-2012-0053
1;11/07/2014;2af17a;ciusaiy;CVE-2013-5914
2;12/07/2014;2ach86;civ4v9h;CVE-2014-4609
2;16/07/2014;2ach86;ciz06h7;CVE-2014-4609
8;25/07/2014;2bo73r;cj7bp45;CVE-2009-5016
4;04/08/2014;2cir86;cjgfboz;CVE-2009-1123
1;07/08/2014;2cu3uq;cjjghb7;CVE-2014-3508
5;08/08/2014;2cza5e;cjki48p;CVE-2014-3509
4;19/08/2014;2dzlc3;cjuz8ow;CVE-2014-1510
1;20/08/2014;2e0tbo;cjvq5iq;CVE-2014-0160
3;22/08/2014;2e3s9p;cjxfr73;CVE-2014-4943
3;25/08/2014;2edhta;cjzs0vj;cve-2014-0521
1;27/08/2014;2eo45f;ck1nxny;cve-2014-3514
8;27/08/2014;2epuzi;ck1rxdx;CVE-2014-3990
9;18/09/2014;2grwdc;ckm31f9;CVE-2014-0150
2;22/09/2014;2h4q1y;ckpm6bn;cve-2014-2881
14;25/09/2014;2hehgk;ckrzbnl;CVE-2014-7169
23;25/09/2014;2hehgk;ckrzs6e;CVE-2014-7169
2;25/09/2014;2hbxtc;ckrzw3p;CVE-2014-7169
39;25/09/2014;2hehgk;cks0ryy;CVE-2014-0160
3;25/09/2014;2hbxtc;cks49x4;CVE-2014-7169
1;25/09/2014;2heqhm;cks64kl;CVE-2014-6271
2;25/09/2014;2hehgk;cks8dpr;CVE-2014-6271
1;25/09/2014;2hfrkv;cks93m9;CVE-2014-6271
1;25/09/2014;2hfnea;cks9wv0;CVE-2014-1568
-10;25/09/2014;2hehgk;cksess4;CVE-2014-6271
28;25/09/2014;2hehgk;cksjl44;CVE-2014-7169
1;26/09/2014;2hhfa2;cksorbz;CVE-2014-7169
0;26/09/2014;2hehgk;ckspbl2;CVE-2014-6271
2;26/09/2014;2hehgk;cksrw8a;CVE-2014-7169
3;26/09/2014;2hehgk;cksx1df;CVE-2014-6271
1;26/09/2014;2hj08s;ckt4bz2;cve-2014-6271
2;26/09/2014;2hg9jk;ckt6c9l;CVE-2014-6271
1;26/09/2014;2hehgk;ckt6dqr;CVE-2014-7169
1;30/09/2014;2hv7w6;ckwbn99;cve-2014-6271
2;04/10/2014;2i3cjh;cl0dysb;CVE-2014-7284
6;14/10/2014;2j7h3c;cl92btv;cve-2014-4114
17;14/10/2014;2j893i;cl9a5ow;CVE-2014-4114
3;14/10/2014;2j893i;cl9arjx;CVE-2014-4114
2;14/10/2014;2j7kg9;cl9big6;cve-2014-4114
3;14/10/2014;2j893i;cl9jt93;CVE-2014-4148
1;14/10/2014;2j893i;cl9n3ep;CVE-2014-4148
2;15/10/2014;2j893i;cl9ou3r;CVE-2011-1249
5;15/10/2014;2j9enm;cl9rz69;cve-2014-3566
2;19/10/2014;2jnmsu;cldh8pw;CVE-2014-6271
-2;22/10/2014;2jxbzx;clgc48v;CVE-2014-4859
1;24/10/2014;2j893i;cliw0d5;cve-2014-4148
3;29/10/2014;2kp0v5;clneg1l;CVE-2014-3704
1;31/10/2014;2kvlnh;clp33n9;CVE-2014-6273
9;06/11/2014;2lh69d;clv3y2t;cve-2014-1635
7;10/11/2014;2lv1mn;clyici7;cve-2014-4114
2;12/11/2014;2m1alz;cm0npfy;CVE-2014-0092
7;13/11/2014;2m6hhv;cm1fj86;CVE-2014-6332
2;18/11/2014;2mo5f0;cm66cr9;cve-2014-6324
22;18/11/2014;2mosqh;cm66sfc;cve-2014-6324
2;19/11/2014;2mr9cz;cm7fpq7;CVE-2014-3153
29;01/12/2014;2nxkqn;cmi2646;CVE-2014-8104
3;05/12/2014;2ocf9s;cmm7noi;cve-2014-6324
10;05/12/2014;2ocf9s;cmmdhyg;cve-2014-6324
2;08/12/2014;2ocf9s;cmp3wjr;cve-2014-6324
2;09/12/2014;2oqo2j;cmplmto;CVE-2014-8967
3;11/12/2014;2oy00q;cmrpbbi;CVE-2013-6435
6;11/12/2014;2oyg49;cms78k3;CVE-2014-9031
9;17/12/2014;2pm2xd;cmxx4k4;CVE-2014-9090
2;18/12/2014;2poyp6;cmyoklm;CVE-2014-9222
4;18/12/2014;2polm6;cmyolzu;CVE-2014-9222
6;18/12/2014;2poyp6;cmyqwfz;CVE-2014-9222
14;20/12/2014;2pt0w8;cn09uex;CVE-2014-9295
7;20/12/2014;2pw5kr;cn0k5sl;CVE-2014-9390
6;08/01/2015;2rrmi6;cnilrbd;CVE-2014-3570
3;21/01/2015;2syoge;cnvpkss;CVE-2014-9583
2;22/01/2015;2t6oh9;cnwuatz;CVE-2009-1244
1;23/01/2015;2t7gay;cnytkcs;cve-2010-1870
1;27/01/2015;2tuq1k;co2gsfs;CVE-2015-0235
3;28/01/2015;2tulbd;co2zwy1;cve-2015-0235
3;28/01/2015;2tulbd;co30xjo;CVE-2015-0235
1;28/01/2015;2tulbd;co346y4;cve-2015-0235
1;29/01/2015;2u1gym;co4gy5m;CVE-2015-0235
8;13/02/2015;2vop9n;coju70w;CVE-2014-2264
2;13/02/2015;2vop9n;cok433v;CVE-2013-6955
0;14/02/2015;2vmdnv;colf6y4;CVE-2014-6412
2;14/02/2015;2vmdnv;colgr94;CVE-2014-6412
8;22/02/2015;2wsbf6;cotu3kd;CVE-2014-8142
1;03/03/2015;2xtoe9;cp3a7bc;CVE-2015-0204
2;05/03/2015;2xtjio;cp4mhgd;cve-2015-0204
1;05/03/2015;2y1p8k;cp5dy2b;cve-2015-0204
7;05/03/2015;2y11sy;cp5g2jx;CVE-2012-0518
0;17/03/2015;2zbg6p;cphrn7k;cve-2012-2110
3;18/03/2015;2ze94x;cpijl5k;CVE-2014-9462
1;19/03/2015;2zl8dn;cpjyv3s;CVE-2015-0286
5;30/03/2015;30tbwu;cpvkxl8;cve-2011-2461
1;14/04/2015;32h871;cqc3jnn;CVE-2015-1855
1;15/04/2015;32p6x1;cqdle4j;CVE-2012-1836
1;20/04/2015;338qxi;cqikn3y;CVE-2014-0515
1;22/04/2015;338qxi;cqkriht;CVE-2015-1701
1;23/04/2015;324mqd;cqm5g51;cve-2015-0240
1;11/05/2015;35ffsd;cr5gnjy;CVE-2015-0935
16;13/05/2015;35tnv8;cr80ldp;CVE-2015-3456
1;14/05/2015;35xb2d;cr9b389;CVE-2007-1320
0;20/05/2015;36kyka;crfepek;CVE-2015-1716
3;21/05/2015;36kyka;crgj1ra;CVE-2015-4000
7;17/06/2015;3a2owv;cs9jwsr;CVE-2015-2865
2;30/06/2015;3bm1z4;csnf10h;CVE-2015-3113
4;08/07/2015;3cjsg8;cswj1ha;CVE-2015-5352
3;08/07/2015;3cjsg8;cswnb86;CVE-2015-5352
13;09/07/2015;3cofxf;csxjqel;CVE-2015-1793
7;10/07/2015;3cofxf;csy1xfe;CVE-2015-1793
1;10/07/2015;3cjsg8;csy7zjj;CVE-2015-5352
13;13/07/2015;3d4cd4;ct1onxb;CVE-2014-2204
9;20/07/2015;3dyuwv;cta1d5u;CVE-2015-2426
9;21/07/2015;3dyuwv;ctadjey;CVE-2015-2426
2;21/07/2015;3dyuwv;ctajhqv;CVE-2015-0093
1;24/07/2015;3ed4fu;cte3274;CVE-2015-3245
10;27/07/2015;3es6q4;cti2dtz;CVE-2015-1538
0;30/07/2015;3ed4fu;ctlmzbl;CVE-2015-5477
2;01/08/2015;3explo;ctnm9wx;cve-2015-5477
1;05/08/2015;3fr21i;cts5vot;CVE-2015-5477
1;24/08/2015;3hzqx0;cudocwq;CVE-2014-3153
1;03/09/2015;3jf31p;cuoz0mx;CVE-2014-9601
5;03/09/2015;3j3gd7;cupgftq;cve-2015-1033
1;04/09/2015;3jltrv;cuqfne1;CVE-2099-1337
3;05/09/2015;3jnbr5;curp5cm;CVE-2014-1563
1;11/09/2015;3k9an9;cuyb37n;cve-2015-1538
6;21/09/2015;3ltv71;cv97u06;CVE-2015-1801
2;30/09/2015;3mvmom;cvjn0fw;CVE-2015-5157
39;08/10/2015;3nyky8;cvshuay;CVE-2015-1538
6;08/10/2015;3nyky8;cvszyda;CVE-2015-1358
3;13/10/2015;3ombeu;cvyknbg;CVE-2015-5897
3;27/10/2015;3qarhc;cwepymn;CVE-2014-7269
4;07/11/2015;3rrr9z;cwrw30c;CVE-2013-4810
1;11/11/2015;3rrr9z;cwweuik;CVE-2015-4852
1;15/11/2015;3rrr9z;cx1ems4;CVE-2015-4852
1;02/12/2015;3rrr9z;cxju83r;cve-2015-4852
2;15/12/2015;3wt0yk;cy04une;CVE-2015-8562
2;15/12/2015;3wt0yk;cy0cn1v;CVE-2015-8562
2;29/12/2015;3youqo;cyf9z6e;CVE-2015-7503
14;12/01/2016;40lotk;cyvbnr1;CVE-2014-2216
4;14/01/2016;40y1k9;cyy84s9;cve-2016-0777
11;14/01/2016;40y1k9;cyy8esu;cve-2016-0777
15;14/01/2016;40y1k9;cyy8k6p;cve-2016-0777
2;18/01/2016;41gjds;cz2uxrg;CVE-2015-2419
1;18/01/2016;3zpe0d;cz33h4t;CVE-2016-1494
4;19/01/2016;41kblx;cz3jdm2;CVE-2014-3153
2;19/01/2016;41od4u;cz4db8s;cve-2016-0728
4;19/01/2016;41od4u;cz4eti0;CVE-2016-0728
1;21/01/2016;421i83;cz72f6o;CVE-2016-0728
1;24/01/2016;41vvse;cz9p7ql;CVE-2014-4487
1;05/02/2016;41kblx;czpesgb;CVE-2014-3153
1;11/02/2016;453i8i;czvynrc;CVE-2016-1287
4;11/02/2016;453i8i;czw45x1;CVE-2015-6327
2;11/02/2016;453i8i;czwh5gl;cve-2016-1287
1;14/02/2016;45had2;czzggiz;CVE-2014-1767
2;15/02/2016;45fr4m;d00kvdj;CVE-2016-0801
1;16/02/2016;462v0t;d01xwb8;CVE-2015-7547
34;16/02/2016;462xx0;d01zigr;cve-2015-7547
32;16/02/2016;462xx0;d022ndr;CVE-2015-7547
20;16/02/2016;462xx0;d0232fi;CVE-2015-7547
3;17/02/2016;462xx0;d02swpm;CVE-2015-7547
13;17/02/2016;462xx0;d02undj;CVE-2015-7547
1;17/02/2016;462xx0;d03g6bc;CVE-2015-7547
3;23/02/2016;473wo2;d09yk5w;CVE-2015-4698
5;01/03/2016;48gce1;d0jf2jh;CVE-2016-0703
10;01/03/2016;48gce1;d0jojdh;CVE-2015-3197
3;01/03/2016;48gce1;d0joocp;CVE-2015-3197
5;01/03/2016;48gce1;d0jqq4u;CVE-2016-0703
1;03/03/2016;48gce1;d0mbqio;CVE-2014-3566
2;10/03/2016;49vh7m;d0v7crc;CVE-2016-0777
9;16/03/2016;4akx52;d11wl32;CVE-2015-7545
2;31/03/2016;4crr4d;d1kv2uy;CVE-2012-1823
12;08/04/2016;4dwr9i;d1vjb3f;cve-2016-1764
75;12/04/2016;4eh141;d2050zs;CVE-2016-1531
1;15/04/2016;4eh141;d23d372;cve-2016-1531
7;25/04/2016;4garpu;d2gc7dq;CVE-2015-8618
4;26/04/2016;4gf94l;d2hrqcv;CVE-2015-6055
1;03/05/2016;4hpm35;d2rkhas;CVE-2016-2107
1;03/05/2016;4hqihn;d2rkjky;CVE-2016-3714
34;04/05/2016;4hs5dl;d2s4xyx;CVE-2016-1898
4;04/05/2016;4hu9cn;d2syw7j;CVE-2016-2107
1;05/05/2016;4hu9cn;d2tzb0p;CVE-2016-2107
1;05/05/2016;4hu9cn;d2u9x5m;CVE-2016-2107
2;27/05/2016;4l66if;d3lrpkm;CVE-2013-7456
2;08/06/2016;4mgudr;d41efxr;cve-2014-8142
3;09/06/2016;4n45x1;d41nbpe;CVE-2007-4201
3;11/06/2016;4ndufs;d44qqb5;CVE-2014-0515
11;14/06/2016;4nxu0l;d48fflf;CVE-2016-1291
1;16/06/2016;4nt0zg;d4c1v0r;CVE-2016-1681
7;20/06/2016;4oyfvl;d4gjaj4;CVE-2016-2177
3;20/06/2016;4oyfvl;d4gl3sv;CVE-2016-2177
2;23/06/2016;4pd1q5;d4lgvyp;CVE-2016-4300
1;03/07/2016;4ll05e;d4xh8b7;CVE-2014-0166
20;05/07/2016;4r7rp7;d4zim97;CVE-2016-2843
3;06/07/2016;4rjmyy;d51ms72;CVE-2001-0876
3;18/07/2016;4tfc4k;d5gvebs;CVE-2016-1000109
5;19/07/2016;4tg0gt;d5hlqgq;CVE-2016-1640
2;24/07/2016;4u86a4;d5o9qu6;cve-2016-5771
11;24/07/2016;4u86a4;d5oa3ls;CVE-2016-5770
1;25/07/2016;4tqnq9;d5pidpa;CVE-2016-1000105
29;09/08/2016;4wybax;d6aw24h;CVE-2016-3287
2;12/08/2016;4x1wks;d6eey7a;CVE-2016-5696
6;17/08/2016;4xznlu;d6kg3jq;CVE-2016-1287
3;18/08/2016;4y9aor;d6mf1mh;cve-2016-6313
2;28/08/2016;4zodbd;d6zy1ly;CVE-2015-8399
54;30/08/2016;508w8c;d72k8dj;CVE-2015-8562
3;12/09/2016;52dgxh;d7jevzy;cve-2012-1675
15;12/09/2016;52dgxh;d7jvy8l;CVE-2016-6662
1;13/09/2016;52dgxh;d7kq5hm;CVE-2016-6663
2;13/09/2016;52dgxh;d7ldnrm;cve-2016-6662
1;25/09/2016;53npbv;d80z9pj;CVE-2016-1000243
3;03/10/2016;55psqn;d8ctiug;CVE-2016-2776
1;04/10/2016;55sdpu;d8d9qbk;CVE-2016-6584
1;09/10/2016;55l1of;d8knorg;CVE-2015-7358
3;10/10/2016;56qyfj;d8ln68y;CVE-2016-5425
2;10/10/2016;56qyfj;d8ltpls;CVE-2016-5425
0;20/10/2016;58gob4;d907z6b;cve-2016-5195
0;20/10/2016;58gsmx;d908sr9;cve-2016-5195
2;21/10/2016;58libx;d92awqk;CVE-2016-5195
7;01/11/2016;5ag423;d9gqxn4;CVE-2016-7855
4;02/11/2016;5alvop;d9i3w8m;CVE-2016-6662
1;04/11/2016;5aojwl;d9lzir2;CVE-2016-6663
1;04/11/2016;5alvop;d9lzjr8;CVE-2016-6663
1;17/11/2016;5d67xp;da3iigo;CVE-2016-1247
6;12/12/2016;5hfkc2;db33ewq;CVE-2016-582384
3;13/12/2016;5hfkc2;db4vdko;CVE-2016-582384
2;17/12/2016;5iu7jj;dbbg798;CVE-2006-2451
1;20/12/2016;5i7t93;dbfymjo;CVE-2016-9565
1;21/12/2016;5ii9g9;dbg5j46;CVE-2016-9566
16;26/12/2016;5kbo5v;dbn0ft8;CVE-2016-10033
12;28/12/2016;5kot1a;dbpn619;CVE-2016-10045
2;28/12/2016;5kbo5v;dbpomrx;CVE-2016-10045
6;28/12/2016;5kqfic;dbpzm3i;CVE-2008-4106
6;04/01/2017;5lzcjb;dbzzk5t;CVE-2016-9016
2;13/01/2017;5npnww;dcdv68p;CVE-2016-1247
2;21/01/2017;5p4hk0;dcpuajx;cve-2016-5195
36;24/01/2017;5pw8pe;dcuempn;CVE-2016-10156
8;24/01/2017;5pw8pe;dcuk7n3;CVE-2016-10156
1;24/01/2017;5przby;dcv0xbq;cve-2017-3823
1;14/02/2017;5t7sxs;ddqjgss;CVE-2016-2554
17;22/02/2017;5vjpgj;de2rjqa;CVE-2017-6074
1;27/02/2017;5u8u8d;de9zuxl;CVE-2017-5925
1;02/03/2017;5wrm3r;defcejz;CVE-2016-4625
128;07/03/2017;5y1pag;demkabd;CVE-2013-6282
8;13/03/2017;5z54lr;devzqhl;CVE-2016-7255
3;25/03/2017;6119bi;dfeqm46;CVE-2014-3977
2;30/03/2017;61stmb;dflzma5;cve-2017-7269
21;01/04/2017;62qnql;dfpdtws;CVE-2016-5119
48;08/04/2017;647wac;dg0jdpk;CVE-2002-1337
7;13/04/2017;653ta3;dg7aq9o;CVE-2016-10229
3;13/04/2017;653ta3;dg7oxds;cve-2016-10229
1;17/04/2017;654qcu;dgdwvd0;CVE-2017-0199
1;20/04/2017;6648he;dgivlsf;CVE-2017-7280
5;25/04/2017;67dizh;dgq0c7t;CVE-2017-7477
1;25/04/2017;67dizh;dgqagny;CVE-2015-5156
2;27/04/2017;67qt6u;dgtgqwi;CVE-2017-5135
9;27/04/2017;67qt6u;dgtifwe;CVE-2017-5135
1;03/05/2017;68z1u8;dh2fsze;CVE-2014-0476
26;03/05/2017;68zrwx;dh2kwh7;cve-2017-5689
10;03/05/2017;692w7m;dh3cbtu;CVE-2017-8295
1;04/05/2017;6957tn;dh3vcbv;cve-2017-5689
13;15/05/2017;6ba9ky;dhkzux1;CVE-2017-0143
7;15/05/2017;6ba9ky;dhl6yqy;CVE-2017-0143
2;15/05/2017;6ba9ky;dhlag5p;CVE-2017-0143
1;17/05/2017;6bp4l6;dhod1tm;CVE-2017-6079
11;26/05/2017;6df3ix;di29ik3;CVE-2017-7494
3;01/06/2017;6e83wp;diaxbgh;CVE-2017-1000367
2;20/06/2017;6i7p6h;dj592wp;CVE-2017-1000364
1;23/06/2017;6i7p6h;djaiomi;CVE-2017-1000379
1;27/06/2017;6jtbmf;djguheh;CVE-2017-0199
3;28/06/2017;6jttgo;djibl6t;CVE-2017-0199
1;29/06/2017;6jtshf;djjm4jx;CVE-2017-4904
7;29/06/2017;6k8c0l;djk0oh4;CVE-2017-9445
4;29/06/2017;6k8c0l;djkusch;CVE-2017-1000379
1;30/06/2017;6k8c0l;djly5xg;CVE-2017-1000379
1;01/07/2017;6kl3sm;djn0d50;CVE-2017-0144
5;14/07/2017;6n6a94;dk7hv50;CVE-2017-11103
13;15/07/2017;6nfoqg;dk94586;CVE-2017-7728
21;26/07/2017;6po7xy;dkqttr7;CVE-2017-11615
26;26/07/2017;6po7xy;dkqu8aw;CVE-2017-11615
13;26/07/2017;6po7xy;dkrd9iu;CVE-1999-1066
4;11/08/2017;6sx4q5;dlhtslp;CVE-2017-1000117
1;05/09/2017;6ya4iw;dmlugxo;CVE-2017-9805
5;05/09/2017;6yadaf;dmm3ntw;CVE-2017-9805
1;07/09/2017;6yadaf;dmokza5;cve-2017-9805
1;11/09/2017;6yzpva;dmuslc3;CVE-2017-9791
1;14/09/2017;701qe4;dn0lo72;cve-2017-3193
1;14/09/2017;701qe4;dn0lo72;cve-2017-3193
40;15/09/2017;707ntt;dn17i3j;CVE-2017-5638
38;15/09/2017;707ntt;dn17i3j;CVE-2017-5638
3;16/09/2017;701qe4;dn3h1rf;CVE-2016-6563
1;18/09/2017;70t85t;dn6vqe1;CVE-2017-9805
1;21/09/2017;70t85t;dnawqm5;cve-2017-5638
1;28/09/2017;72j9fn;dnmluxu;CVE-2017-11120
2;02/10/2017;73srk7;dntmwea;CVE-2017-14491
3;03/10/2017;73srk7;dnusqc3;CVE-2017-14491
2;04/10/2017;742hgb;dnvw4wv;CVE-2017-12615
4;11/10/2017;75jqgl;do85w05;cve-2012-1856
2;16/10/2017;76onkk;dogcmsz;CVE-2017-13080
5;16/10/2017;76ocy4;dogkdx1;CVE-2017-13080
8;24/10/2017;78ip12;doubpld;CVE-2016-8492
20;03/11/2017;7akczx;dpastwf;CVE-2017-13077
10;05/11/2017;7b0kqc;dpedlv3;CVE-2017-15361
1;06/11/2017;7b3z4i;dpf1qtg;CVE-2017-5123
2;06/11/2017;7b3zhl;dpf1srd;CVE-2017-5123
1;06/11/2017;7b3zhl;dpferg2;CVE-2017-5123
1;06/11/2017;7b3zhl;dpffg6u;CVE-2017-5123
3;10/11/2017;7c0vfh;dpmmw3h;cve-2016-1287
26;14/11/2017;7cus2h;dpt2aph;CVE-2017-5124
45;15/11/2017;7d057z;dpui6kw;CVE-2017-11882
41;27/11/2017;7fw0lr;dqf099q;CVE-2017-9445
29;27/11/2017;7fw0lr;dqf4skd;CVE-2016-10156
7;01/12/2017;7gsy4r;dqlx2c8;CVE-2016-3198
4;01/12/2017;7gsy4r;dqlxrsm;CVE-2016-3198
1;04/12/2017;7gsmc6;dqqws52;CVE-2017-16651
2;08/12/2017;7i8clt;dqxzyhf;CVE-2017-5689
1;10/12/2017;7i8clt;dr11fsz;CVE-2017-5689
4;12/12/2017;7jcfo4;dr5ajyr;CVE-2017-1000408
6;13/12/2017;7jkaoc;dr7ldcs;CVE-2017-15940
4;14/12/2017;7jez1f;dr83yvm;CVE-2017-16521
53;15/12/2017;7jzwpf;dran07w;CVE-2016-10372
10;18/12/2017;7kjcuy;drex6zs;CVE-2017-17562
7;26/12/2017;7m0b40;drsdlvl;CVE-2017-8046
15;27/12/2017;7mdz6y;drtfyfx;CVE-2007-2926
62;04/01/2018;7nya2h;ds5p54i;CVE-2017-5754
38;04/01/2018;7nya2h;ds5qfym;CVE-2014-0160
2;10/01/2018;7pdxuz;dsgj6sa;CVE-2017-11882
1;11/01/2018;7pe6y4;dsif4zb;CVE-2017-5753
11;12/01/2018;7pwghm;dsklh0f;CVE-2017-5705
1;17/01/2018;7nya2h;dst1rgg;CVE-2017-5715
1;08/02/2018;7vwx9m;dtxauix;CVE-2017-12542
12;10/02/2018;7wgii0;du0zxbo;CVE-2018-6871
5;10/02/2018;7wgii0;du1p4eh;cve-2018-1055
4;10/02/2018;7wgii0;du1p7i7;cve-2018-1055
-1;11/02/2018;7wgii0;du2pwtm;CVE-2018-1055
2;11/02/2018;7wgii0;du2q9ya;CVE-2018-1056
3;12/02/2018;7wynr4;du589tp;CVE-2018-6791
2;15/02/2018;7xql82;duac2vw;CVE-2018-0101
6;15/02/2018;7xr4ge;duafnwj;CVE-2018-0101
51;18/02/2018;7yccpv;duffj5e;CVE-2018-5124
42;20/02/2018;7yrhdc;duitfra;CVE-2017-7003
5;06/03/2018;82fr0p;dvalsjn;CVE-2018-6789
5;07/03/2018;82patu;dvbs39h;CVE-2018-7584
16;10/03/2018;8380d7;dvgk2ku;cve-2015-7755
11;14/03/2018;84db69;dvovekc;CVE-2018-0787
5;16/03/2018;84lwa0;dvrxdrt;CVE-2018-1057
7;18/03/2018;85bvox;dvwhsp9;CVE-2012-3409
21;05/04/2018;89rci6;dwtsoty;CVE-2018-0986
19;05/04/2018;89rci6;dwu95s0;CVE-2012-6706
1;11/04/2018;8b6b6l;dx6brl9;CVE-2018-7600
1;12/04/2018;8b6b6l;dx8m4cq;CVE-2018-7600
1;13/04/2018;8bw9vb;dxa6cig;CVE-2017-0263
1;24/04/2018;7pw0au;dxveea0;cve-2018-1000001
12;01/05/2018;8g7x2k;dy9tdnz;CVE-2018-10115
-3;02/05/2018;8gg1pm;dybdiqe;CVE-2018-10561
1;07/05/2018;8g5uk4;dykpggr;CVE-2017-7525
12;09/05/2018;8i5tmt;dypadh5;CVE-2018-8897
1;10/05/2018;8iadoi;dyri5m6;CVE-2018-10561
1;12/05/2018;8i1et8;dyuu1lb;CVE-2018-8897
3;22/05/2018;8l0afg;dze2e7p;CVE-2017-0213
12;28/05/2018;8mq0ln;dzpkoqh;CVE-2018-1418
-6;28/05/2018;8mq0ln;dzpkpdi;CVE-2018-1418
76;30/05/2018;8n73b4;dzta4vv;cve-2018-11235
9;30/05/2018;8n73b4;dztntss;CVE-2018-11235
5;30/05/2018;8n73b4;dzumy5c;CVE-2018-11235
2;05/06/2018;8n73b4;e0504cb;CVE-2018-11235
16;06/06/2018;8p2f8u;e08h7vd;CVE-2018-6830
11;06/06/2018;8p2f8u;e08iwd5;CVE-2018-6830
10;06/06/2018;8p2f8u;e08jd5h;CVE-2018-6831
7;07/06/2018;8p23cp;e09olxo;CVE-1995-0001
2;10/06/2018;8np4uv;e0g1850;cve-2018-3639
1;26/06/2018;8np4uv;e1bm7uk;CVE-2015-9253
3;07/07/2018;8wt4wm;e1y5h5v;CVE-2017-3248
1;09/07/2018;8psfhn;e22e3e6;CVE-2018-1000621
32;09/07/2018;8xbzzf;e22vgs2;CVE-2017-10271
5;13/07/2018;8ya6pq;e2bba6p;CVE-2018-0976
1;03/08/2018;9404zf;e3i9vss;CVE-2015-4495
35;14/08/2018;97a6ty;e46rv9l;CVE-2018-3615
1;17/08/2018;97w102;e4dbbvj;CVE-2013-4434
9;21/08/2018;997dbv;e4lhcin;CVE-2018-0952
1;22/08/2018;97w102;e4n0h2c;cve-2018-15473
1;23/08/2018;97w102;e4p2lud;CVE-2003-0190
3;23/08/2018;99f2q9;e4pum5w;CVE-2018-11776
1;24/08/2018;99f2q9;e4qctu5;CVE-2018-11776
57;26/08/2018;9agx9a;e4vg7jf;CVE-2018-11776
9;26/08/2018;9agx9a;e4vru1k;CVE-2018-11776
2;27/08/2018;9agx9a;e4x3f7a;cve-2018-11776
2;03/09/2018;9cc6mv;e5biu23;CVE-2018-7600
5;04/09/2018;9cx8al;e5dx2ck;cve-2018-11235
7;06/09/2018;9dgm6e;e5hua9q;CVE-2018-0434
1;14/09/2018;9fkvm4;e5xvjiz;cve-2018-2893
8;21/09/2018;9hia91;e6dhi7s;CVE-2016-10033
6;08/10/2018;9mdusg;e7ekjaa;CVE-2018-18066
1;12/10/2018;9mx3ni;e7npl8f;CVE-2017-9780
11;16/10/2018;9oqep8;e7vwpij;CVE-2018-10933
28;16/10/2018;9oqep8;e7w0rw5;CVE-2018-10933
10;16/10/2018;9oqep8;e7wc8qk;CVE-2018-10933
2;20/10/2018;9oqep8;e841xx8;cve-2018-10933
2;22/10/2018;9pt24v;e88khpc;CVE-2018-10933
1;02/11/2018;9s7bl0;e8wbw4s;CVE-2018-15688
5;05/11/2018;9ubvmj;e93f5nn;CVE-2018-16986
2;06/11/2018;9uq0hr;e962a4y;CVE-2016-1000031
17;08/11/2018;9v0na5;e99ezfy;CVE-2008-0923
10;21/11/2018;9z3agl;ea73105;CVE-2018-4389
37;28/11/2018;a13ze3;eamxk3r;CVE-2018-17612
3;28/11/2018;9zjz3d;eamyb1c;CVE-2011-2767
4;04/12/2018;a2tzmx;eb23vco;CVE-2018-1002105
18;05/12/2018;a38env;eb4j8we;CVE-2018-19788
1;05/12/2018;9tohgm;eb57yt0;CVE-2018-19126
5;13/12/2018;a5lgdr;eboq51o;CVE-2018-8626
1;14/12/2018;a1zyzk;ebsg273;CVE-2017-14491
1;27/12/2018;a9yajv;ecnnqgk;CVE-2018-8653
5;14/01/2019;aefsrg;ee1domx;cve-2018-1111
11;16/01/2019;agaiv7;ee6kl39;CVE-2019-6111
5;24/01/2019;aikhj7;eethhmh;CVE-2018-8518
2;24/01/2019;aikhj7;eethqd3;CVE-2018-8518
31;25/01/2019;ajekyh;eew04w0;CVE-2010-3035
4;25/01/2019;ajekyh;eewksth;CVE-2010-3035
1;26/01/2019;ak0h8u;ef13kl6;CVE-2010-1128
2;28/01/2019;aklf99;ef5w4sr;CVE-2019-1653
2;01/02/2019;am2567;efipij6;CVE-2018-6871
7;01/02/2019;am2567;efivlx6;CVE-2018-16858
1;02/02/2019;akrsi7;efkr0ki;CVE-2017-10204
13;12/02/2019;apsq46;egb61j8;CVE-2019-5736
29;19/02/2019;asahms;egst647;CVE-2018-4193
1;21/02/2019;asxh0j;egxqceh;CVE-2018-7602
2;21/02/2019;aszzg6;egym5ps;CVE-2018-7600
5;22/02/2019;aspe1q;eh0wi56;CVE-2018-20250
2;02/03/2019;awgze5;ehmo153;cve-2013-0156
6;02/03/2019;awgze5;ehnbcdt;CVE-2013-0156
1;28/03/2019;b44tnz;ejkd9kb;CVE-2019-0604
1;29/03/2019;aeqamz;ejomogb;cve-2018-11776
3;10/04/2019;bas2kj;ekijlwn;cve-2019-0211
2;16/04/2019;bds3wj;el0hv4y;CVE-2019-0841
3;17/04/2019;be1vnm;el2vo5a;CVE-2019-0726
5;24/04/2019;bgpj5o;elnat1k;CVE-2018-20250
-9;09/05/2019;bmh12z;emwksxs;CVE-2019-5021
-3;13/05/2019;bo0sg2;enc0c7s;CVE-2019-5418
9;13/05/2019;bo70kw;encs2st;CVE-2019-1862
79;13/05/2019;bo6oad;encvvx4;CVE-2014-8244
52;14/05/2019;bofpri;engxshd;CVE-2019-11815
-5;14/05/2019;bofpri;enh4phb;CVE-2019-11815
3;14/05/2019;boknus;enhd3bt;CVE-2019-3568
2;14/05/2019;boknus;enhwlzi;cve-2019-3568
35;14/05/2019;bols7b;eni5kql;CVE-2018-11091
1;14/05/2019;bo0sg2;enizeaj;CVE-2019-5418
1;15/05/2019;boqdp5;enldxlk;cve-2019-0708
1;15/05/2019;boz97l;enn2bfg;cve-2019-8339
-2;16/05/2019;bonwil;enqtp9r;CVE-2019-0708
2;16/05/2019;bols7b;entcoew;CVE-2018-12130
1;16/05/2019;bonwil;entohay;CVE-2019-0708
1;17/05/2019;bo70kw;enxr5v5;CVE-2019-1862
2;17/05/2019;bonwil;enxskm3;cve-2019-0708
1;21/05/2019;bonwil;eobpd04;CVE-2019-0708
7;21/05/2019;br8mpp;eoc29go;CVE-2019-0708
2;22/05/2019;bonwil;eoeo7nr;CVE-2019-0708
7;22/05/2019;brllt5;eoev4hk;CVE-2019-0708
7;22/05/2019;brllt5;eof2q9v;cve-2019-0708
1;24/05/2019;bonwil;eon8oal;cve-2019-0708
3;27/05/2019;bsja7c;eox8l3u;cve-2019-11815
12;28/05/2019;bu25wo;ep7hvya;cve-2019-0708
19;29/05/2019;bufbc4;epbgtjn;CVE-2014-4113
2;30/05/2019;bum64z;epg1oi5;CVE-2019-0708
1;31/05/2019;asd3g8;eplbit3;CVE-2019-8942
5;18/06/2019;c1qng5;erfsq13;CVE-2019-5599
4;24/06/2019;c4k3p5;erxjrm6;CVE-2012-6399
28;24/07/2019;ch86o6;euqx6yj;CVE-1999-0667
1;26/07/2019;ci2tih;ev1yyxh;CVE-2018-5704
1;30/07/2019;cjihoq;eveyxm7;CVE-2019-12255
3;30/07/2019;cjihoq;evfmq52;CVE-2019-12256
44;30/07/2019;cjrlo8;evfozja;CVE-2019-8646
2;02/08/2019;ch86o6;evtkmbh;CVE-1999-0667
22;08/08/2019;cnkb0b;ewbu77y;CVE-2019-0887
2;15/08/2019;cpzlwx;ewx664l;CVE-2019-1162
2;18/08/2019;crk77z;ex9l6m5;CVE-2019-9624
1;21/08/2019;ckjlhs;exlhu90;CVE-2012-0547
27;05/09/2019;d01b0u;ez4x5rl;CVE-2019-0703
13;06/09/2019;d0ftje;ez9nphr;CVE-2019-15846
1;06/09/2019;d0ftje;ez9sdrl;cve-2019-13917
3;06/09/2019;d0ftje;ezb5pjf;CVE-2019-15846
2;07/09/2019;d0ftje;ezen13f;cve-2019-15846
35;11/09/2019;d2bv6n;ezuz3ri;CVE-2019-11184
8;03/10/2019;dcn75t;f2akah8;CVE-2018-0950
8;11/10/2019;dg52sw;f3aipse;CVE-2019-16920
1;11/10/2019;dg52sw;f3asg49;CVE-2017-13080
1;16/10/2019;dhxln5;f3yvulf;CVE-2019-14287
1;16/10/2019;dimry9;f3yw00u;CVE-2019-14287
128;22/10/2019;dljeb7;f4r6hk6;CVE-2018-1000199
1;26/10/2019;dnjm5f;f5bqfxz;CVE-2019-11043
4;27/10/2019;dnlyjc;f5emn0r;CVE-2019-14287
3;03/11/2019;dqox70;f6axefq;cve-2018-8023
5;04/11/2019;dqxwb3;f6hksl4;CVE-2019-16662
1;04/11/2019;dqxwb3;f6id173;CVE-2019-16663
61;12/11/2019;dviqh1;f7cy6io;CVE-2019-11135
1;16/11/2019;dx9xcr;f7opuw8;CVE-2019-11931
5;17/11/2019;dxcyjd;f7phlsa;cve-2019-11933
44;17/11/2019;dxgf0i;f7q4tac;CVE-2019-1347
1;06/12/2019;e6lh1g;f9t00na;CVE-2019-19620
6;06/12/2019;e6yaah;f9u45x9;cve-2019-19521
1;11/12/2019;e99uc5;fahe1aa;CVE-2017-12149
2;11/12/2019;e99v79;fahe84y;CVE-2017-12149
9;30/12/2019;ehboi8;fcjdhle;CVE-2009-1337
3;11/01/2020;emr5ny;fdsxef8;CVE-2019-19781
3;15/01/2020;eooyil;fef7jz5;CVE-2020-0601
0;15/01/2020;en4mmo;fegqani;cve-2019-19781
1;20/01/2020;en4mmo;ff3isjs;CVE-2019-19781
5;21/01/2020;ers70v;ff64ja4;cve-2019-19886
0;25/01/2020;etopcw;ffij8ym;CVE-2019-14895
15;02/02/2020;exmr98;fgae0v5;CVE-2004-0360
10;03/02/2020;eya43p;fgg115c;CVE-2019-18988
7;03/02/2020;eya43p;fgg1ut6;CVE-2018-18988
18;03/02/2020;eya43p;fgg26nt;CVE-2018-18988
31;04/02/2020;eysqro;fgizwc3;CVE-2019-18426
5;04/02/2020;eyqhm8;fgjuz7d;CVE-2019-11878
5;05/02/2020;ezef8s;fgmzg9g;CVE-2020-6007
3;06/02/2020;ez6oon;fgpkxtp;CVE-2020-8417
5;13/02/2020;f32fg4;fhh1bpc;CVE-2020-5390
12;17/02/2020;f4z4j2;fhxzz44;CVE-2019-0708
1;18/02/2020;f4z4j2;fi0hxo0;CVE-2020-0609
5;22/02/2020;f7antb;fidpg45;cve-2020-1938
1;26/02/2020;f9nchp;fitvg6j;CVE-2020-0688
1;26/02/2020;f8u22i;fiv8mc4;cve-2020-8794
3;27/02/2020;f9xi96;fivyr8o;CVE-2019-15126
11;27/02/2020;f9xi96;fivyut0;CVE-2019-15126
1;28/02/2020;faxdrc;fj1set6;CVE-2019-15126
73;06/03/2020;fe8f02;fjmh3tn;CVE-2020-3843
2;07/03/2020;fecy6f;fjq0kol;CVE-2020-8597
-15;11/03/2020;fgppw6;fk6t5np;cve-2020-0796
1;11/03/2020;fel5a6;fk78of7;CVE-2020-10189
1;11/03/2020;fel5a6;fk84563;cve-2020-10189
4;13/03/2020;fhicnq;fkdujds;CVE-2017-11882
16;17/03/2020;fkeh9d;fks8cnn;CVE-2020-3950
2;18/03/2020;fkeh9d;fktw3hj;CVE-2020-3950
4;27/03/2020;fpt234;fln4o1t;CVE-2019-4716
1;28/03/2020;fqlegv;fls9v6c;CVE-2020-8816
2;31/03/2020;frwnqp;flz45wm;cve-2019-19781
11;31/03/2020;frwnqp;flzdv87;CVE-2020-0609
9;31/03/2020;frwnqp;fm0rtj0;CVE-2020-0609
2;31/03/2020;frwnqp;fm0yjon;CVE-2020-0609
8;19/04/2020;g42vaf;fnvho51;CVE-2019-0090
67;14/05/2020;gjjjoy;fql9phe;CVE-2019-0887
3;18/05/2020;gjnh58;fr1vx1l;CVE-2020-11794
1;19/05/2020;gbbntz;fr3iydn;cve-2019-1069
10;10/06/2020;h06mk1;ftkrvxn;CVE-2020-1317
3;06/07/2020;hm1wf9;fx52fzi;CVE-2020-5902
3;08/07/2020;hnixth;fxbov26;CVE-2019-19781
5;08/07/2020;hnixth;fxbrz6i;CVE-2019-19781
2;08/07/2020;hnixth;fxbwerb;cve-2019-19781
1;08/07/2020;hnjb5f;fxc2v0p;CVE-2007-4528
1;09/07/2020;hnnyf4;fxexlob;CVE-2020-8193
1;14/07/2020;hr9oqb;fy389r8;CVE-2020-1350
2;17/07/2020;hr5itd;fyeft5f;cve-2020-1350
1;25/07/2020;hq0sx5;fz5ncrd;cve-2020-5902
-9;27/07/2020;hylfnw;fzdpeh1;CVE-2020-13373
19;07/08/2020;i5mkpz;g0q42fd;CVE-2020-6007
2;12/08/2020;i80uki;g175owl;CVE-2020-9771
2;12/08/2020;i80uki;g19719q;CVE-2017-2636
2;13/08/2020;i8f6tn;g1ax413;CVE-2020-2035
3;03/09/2020;ilbkfc;g3uf9qr;CVE-2020-3430
7;08/09/2020;ioumdi;g4g05lm;CVE-2020-24553
1;10/09/2020;ilbkfc;g4nok46;CVE-2020-3495
3;13/09/2020;iraw75;g55gbsq;CVE-2020-15505
12;14/09/2020;isk4fo;g58vl3n;CVE-2020-1472
3;15/09/2020;isk4fo;g5cv2c2;cve-2020-1472
29;22/09/2020;ixxtny;g69j35k;CVE-2020-8437
28;23/09/2020;ixxtny;g6afq07;CVE-2020-8437
11;24/09/2020;iyoovi;g6dyq3n;CVE-2020-1472
22;24/09/2020;iz6vvd;g6h37s3;CVE-2020-1472
3;25/09/2020;iz6vvd;g6iyra5;CVE-2020-1472
1;29/09/2020;iyoovi;g71l2jt;CVE-2020-1472
32;13/10/2020;jajcff;g8q0fav;cve-2020-16898
21;13/10/2020;jajcff;g8q20h2;CVE-2020-16898
1;13/10/2020;jajcff;g8qmehs;cve-2020-16898
3;14/10/2020;jb43w3;g8tisrv;CVE-2020-16898
6;16/10/2020;jc2ltn;g8zo4hs;CVE-2019-11253
2;17/10/2020;jcgf45;g92v1gc;cve-2020-16898
5;17/10/2020;jcgf45;g92wua1;CVE-2020-16899
5;29/10/2020;jk2o26;gahgtcy;cve-2020-14882
11;02/11/2020;jm85hw;gaux6ha;CVE-2020-15999
3;02/11/2020;jm620p;gavk2ty;CVE-2019-14835
97;03/11/2020;jnc5fw;gb0mvxb;CVE-2020-15228
3;03/11/2020;jndbtx;gb0nbh2;CVE-2020-14871
1;03/11/2020;jm85hw;gb1cojm;CVE-2020-17087
3;03/11/2020;jndbtx;gb1vpp4;CVE-2020-14871
44;09/11/2020;jqycve;gbqcvbk;CVE-2020-27403
13;11/11/2020;js79b0;gbxgnmi;CVE-2020-8705
3;12/11/2020;jsxqg5;gc29por;CVE-2020-25705
1;16/11/2020;jm85hw;gciszpc;cve-2020-17087
9;22/11/2020;jycr5q;gd4zj5c;cve-2019-11581
1;28/11/2020;k1nnz2;gdw50ft;CVE-2020-4000
1;29/11/2020;jqycve;gdywjgz;CVE-2020-27403
59;04/12/2020;k6hy49;gem3xak;CVE-2020-15680
105;09/12/2020;k9dvgb;gf4cbzs;CVE-2020-1472
3;09/12/2020;k9n9a4;gf5a718;cve-2020-17049
16;10/12/2020;kaddim;gf9m5iw;CVE-2020-6016
0;16/12/2020;k6ox2z;gfzk6q3;CVE-2019-18634
1;27/12/2020;kkpivk;gh5jfio;CVE-2020-10148
3;28/12/2020;kkpivk;gha0a3c;CVE-2020-10148
2;31/12/2020;kmidks;ghkivi3;CVE-2020-14882
39;06/01/2021;kr8def;gi9lo56;CVE-2020-16898
88;20/01/2021;l1csit;gjypom9;CVE-2020-25712
9;21/01/2021;l1csit;gk0ce9g;CVE-2015-8025
6;26/01/2021;l51sro;gktaodt;CVE-9000-1337
32;27/01/2021;l5nfwv;gkwaetd;CVE-2021-3156
3;27/01/2021;l5nfwv;gkxoi5s;cve-2021-3156
2;27/01/2021;l5nfwv;gkyc3dz;CVE-2021-3156
1;30/01/2021;l5nfwv;glf3x5x;CVE-2021-3156
0;05/02/2021;ld6xl3;gm68h5b;CVE-2021-21148
2;20/02/2021;lnwka2;go3xfex;cve-2020-8276
9;22/02/2021;lplcwj;gobumui;CVE-2019-0803
0;25/02/2021;ls2lcf;goqp3x8;CVE-2021-21972
17;02/03/2021;lvwrof;gpeo2q3;cve-2020-28243
3;03/03/2021;lwnlzu;gpida9x;CVE-2020-1350
2;18/03/2021;m65iix;grbt8bn;CVE-2021-1000005
2;22/03/2021;maljih;grthrrh;CVE-2021-26295
10;05/04/2021;mkf0wj;gti89ao;CVE-2019-8761
20;07/04/2021;mm4hwx;gtpcqde;CVE-2018-1000810
6;08/04/2021;mmkqst;gtrzjzs;CVE-2021-24086
19;14/04/2021;mqouvj;guhrm8k;CVE-2021-24027
1;29/04/2021;n09io6;gw9xr90;CVE-2021-20271
54;30/04/2021;n264o0;gwhgal9;CVE-2021-29921
17;05/05/2021;n4vgi9;gwyu68b;CVE-2020-28021
3;12/05/2021;n9yys4;gxtl127;CVE-2021-27075
1;17/05/2021;nbjhtw;gyhh98v;cve-2019-5674
2;18/05/2021;nbjhtw;gyji580;cve-2019-5674
7;02/06/2021;nqgw6j;h0byhvq;cve-2021-3506
21;29/06/2021;oadasi;h3h2cxi;CVE-2021-1675
7;30/06/2021;oadasi;h3jwmsu;CVE-2021-1675
2;30/06/2021;oadasi;h3l4cg1;cve-2021-1675
0;30/06/2021;oadasi;h3lkwkq;CVE-2021-1675
4;30/06/2021;oadasi;h3max9v;CVE-2021-1675
6;01/07/2021;oadasi;h3mmgfv;cve-2021-1675
2;01/07/2021;oadasi;h3o8pc9;cve-2021-1675
2;02/07/2021;oadasi;h3txexw;CVE-2021-34527
2;06/07/2021;ocau2t;h4aflkg;CVE-2021-34527
15;07/07/2021;ofck6d;h4d5iuf;CVE-2021-34527
2;16/07/2021;okj84v;h5ck9cc;cve-2021-22555
8;20/07/2021;oo2azl;h5vwnnw;cve-2021-33909
2;23/07/2021;opctl7;h6b4jxm;CVE-2021-36934
7;27/07/2021;osgku2;h6ohag8;CVE-2021-30807
3;04/08/2021;oxw1ex;h7oy2ny;CVE-2021-32803
20;08/08/2021;p0d5zk;h85rl06;CVE-2021-29923
6;08/08/2021;p0d5zk;h882kwg;CVE-2021-29921
2;27/08/2021;p69h99;hamb3nh;CVE-2020-1568
7;29/08/2021;pdqmpe;has218x;CVE-2021-34527
3;03/09/2021;ph78v9;hbgsqp8;CVE-2021-26084
1;07/09/2021;pjy2io;hbzo1u1;CVE-2021-40444
23;11/09/2021;plptk3;hcdxgzu;CVE-2021-40444
9;13/09/2021;pn4mx1;hcnta0n;CVE-2021-40444
14;24/09/2021;puobj0;he4eddp;CVE-2020-8276
11;30/09/2021;pymyhj;hev5ptz;CVE-2021-30528
23;03/10/2021;q0cf3q;hf735jw;cve-2021-1810
2;06/10/2021;q1xkwf;hfn64l7;CVE-2021-41773
21;08/10/2021;q3mrll;hfsrfb1;CVE-2021-41773
2;08/10/2021;q3mrll;hfttpwc;CVE-2021-41773
20;08/10/2021;q3mrll;hfu2gx9;CVE-2021-41773
7;12/10/2021;q6vi78;hgehuh7;CVE-2021-30883
24;23/10/2021;qe4y4w;hhr4maw;CVE-2021-30573
20;23/10/2021;qe4y4w;hhr501k;CVE-2021-30573
14;25/10/2021;qfbea1;hhylgmy;CVE-2021-22205
16;25/10/2021;qfbea1;hhyssfj;CVE-2021-22205
8;25/10/2021;qffyae;hhzltwu;cve-2019-0211
9;25/10/2021;qffyae;hi0rcx0;CVE-2021-21703
13;28/10/2021;qhhb6m;hid4rz2;CVE-2021-36260
-34;28/10/2021;qhsdfd;hifavy2;CVE-2021-30892
1;07/11/2021;qhhb6m;hjn8l31;CVE-2021-36260
2;10/11/2021;qfbea1;hk27oe8;cve-2021-22205
3;11/11/2021;qdoosy;hk9cylf;CVE-2002-20001
9;23/11/2021;r0eeam;hlse4m5;CVE-2021-26414
7;10/12/2021;rcwws9;ho025ea;CVE-2021-44228
10;10/12/2021;rcwws9;ho0ekb1;CVE-2021-44228
1;10/12/2021;rcwws9;ho10vin;CVE-2021-44228
30;10/12/2021;rdlqlb;ho1vbsk;CVE-2021-44228
11;11/12/2021;rdlqlb;ho2xg5p;CVE-2021-44228
3;11/12/2021;rcwws9;ho3uf7c;CVE-2019-1757
6;11/12/2021;rcwws9;ho51no0;cve-2021-44228
1;12/12/2021;rcwws9;ho6z1a6;CVE-2021-44228
26;13/12/2021;rf7k0f;hocdujm;CVE-2021-44228
12;13/12/2021;rff34u;hoeiyxs;CVE-2021-44228
4;14/12/2021;rg1lg5;hohf4ud;cve-2021-42287
1;14/12/2021;rfkylb;hohlxb8;CVE-2021-44228
32;14/12/2021;rgds91;hoki0tc;CVE-2020-9488
51;15/12/2021;rgds91;holnyy3;cve-2021-45046
1;17/12/2021;ric6k8;how3rid;CVE-2021-45046
27;19/12/2021;rk1vtu;hp7qk6x;CVE-2021-45105
1;19/12/2021;rj54p9;hp874bp;CVE-2021-45105
8;20/12/2021;rk1vtu;hp8elow;CVE-2021-45046
3;20/12/2021;rk1vtu;hp8h6hg;CVE-2021-45046
3;20/12/2021;rk1vtu;hp8hir8;CVE-2021-4104
2;20/12/2021;rk1vtu;hp90he4;CVE-2021-45046
8;20/12/2021;rkhnem;hpb32oh;CVE-2021-44228
2;22/12/2021;rlti8c;hpiuv25;CVE-2021-45105
4;22/12/2021;rlti8c;hpj3c12;cve-2021-45105
4;28/12/2021;rqqimc;hqc05qk;cve-2021-44832
12;06/01/2022;rwoeqn;hrfgrtr;CVE-2021-44228
2;06/01/2022;rwoeqn;hrhtjjc;CVE-2021-44228
27;07/01/2022;rxpcjk;hrl4vvl;cve-2021-45046
24;14/01/2022;s38dzf;hsktb36;CVE-2021-30860
19;18/01/2022;s6oynd;ht508da;CVE-2021-31166
49;18/01/2022;s6oynd;ht5onze;CVE-2022-21907
12;18/01/2022;s6oynd;ht5yxsc;CVE-2022-21907
2;27/01/2022;se3k50;hugurnw;CVE-2021-4034
7;28/01/2022;sf3qj4;hung33w;CVE-2021-4034
19;01/02/2022;shp27l;hv43796;CVE-2021-44142
7;01/02/2022;shp27l;hv4vfuw;CVE-2021-44142
1;04/02/2022;shp27l;hvm914p;CVE-2021-44142
1;09/02/2022;snu42f;hw8v502;CVE-2022-21999
16;11/02/2022;sq4sak;hwkofaa;CVE-2022-21663
3;15/02/2022;spxi3h;hx0mnrq;CVE-2020-13529
1;17/02/2022;suklub;hxc300c;CVE-2022-23131
3;18/02/2022;svhs1p;hxfxz76;CVE-2021-44730
2;08/03/2022;t8qqhd;hztx0kv;cve-2022-0847
14;12/03/2022;tcschf;i0fisco;CVE-2022-26503
11;16/03/2022;tf6uxp;i0uvngx;cve-2022-25636
11;21/03/2022;tj0jca;i1hbktf;CVE-2022-0811
4;21/03/2022;tj0jca;i1iqgxe;cve-2022-0811
11;22/03/2022;tk5pi5;i1oafsh;CVE-2021-36368
1;23/03/2022;tk5pi5;i1ruphd;CVE-2021-36368
1;23/03/2022;tk5pi5;i1sg2fb;CVE-2016-20012
42;28/03/2022;tpyqhl;i2e673e;CVE-2022-1096
30;28/03/2022;tpyqhl;i2efcx4;CVE-2022-1096
4;29/03/2022;tqqszf;i2kc0gt;CVE-2022-0185
3;30/03/2022;ts09s3;i2oos9d;CVE-2022-22963
8;31/03/2022;tt2m51;i2v1cot;CVE-2022-22963
57;01/04/2022;ttd9m8;i2xwuof;CVE-2022-1162
1;07/04/2022;txni06;i3saqod;CVE-2022-0847
5;11/04/2022;u105k8;i4acy4t;CVE-2022-22965
1;14/04/2022;u3uxyf;i4rpg5o;CVE-2022-20695
3;21/04/2022;u833nk;i5of6ss;CVE-2022-21449
5;27/04/2022;ucupf9;i6dffy2;CVE-2021-22204
24;09/05/2022;ulppoj;i7xalkp;CVE-2022-1388
2;09/05/2022;ulppoj;i7ziy9y;CVE-2021-22986
1;10/05/2022;ulppoj;i81nxmv;cve-2021-22986
5;31/05/2022;v155c4;iand00i;cve-2022-30190
3;03/06/2022;v3ojgg;ib0ed94;CVE-2022-30190
3;03/06/2022;v3lxem;ib2kdcm;cve-2021-26084
4;03/06/2022;v3lxem;ib2z0up;cve-2022-26134
2;04/06/2022;v42o0o;ib3imso;cve-2022-26134
3;07/06/2022;v6oyyw;ibgnblv;CVE-2022-26531
1;08/06/2022;v6rccw;ibl9fl5;CVE-2022-29622
1;08/06/2022;v6rccw;ibltwnw;CVE-2022-29622
1;09/06/2022;v155c4;ibqphfc;cve-2022-30190
1;09/06/2022;v2maa4;ibqx8gc;cve-2022-30190
13;16/06/2022;vdprqx;icljoo7;CVE-2022-22057
1;27/07/2022;w8llor;ihux177;CVE-2022-1388
2;28/07/2022;w8llor;ihyt2ud;CVE-2022-1388
6;09/08/2022;wjgjmr;ijjz9dl;CVE-2019-9213
12;23/08/2022;wvgbfz;ilf625k;CVE-2022-22715
2;23/08/2022;wuwpbx;ilg0grq;CVE-2020-6364
3;06/10/2022;xxg7lm;irbw8jz;CVE-2022-30333
3;17/10/2022;y6hdrr;isqcta1;cve-2022-42889
6;19/10/2022;y7gf09;isxg695;CVE-2022-42889
-7;19/10/2022;y7gf09;isxizjs;cve-2022-42889
6;19/10/2022;y7gf09;isxna5g;cve-2022-42889
3;19/10/2022;y82j1r;isz6eql;CVE-2022-42889
2;20/10/2022;y7gf09;it24zx5;CVE-2022-42889
2;31/10/2022;ygx4gf;iufwhfv;CVE-2022-2274
8;01/11/2022;yj6v3p;iumr6k4;CVE-2022-3602
5;01/11/2022;yj6v3p;iumraw3;CVE-2022-2274
17;01/11/2022;yjc7z7;iun0ir5;CVE-2022-3786
36;01/11/2022;yjc7z7;iun2qq0;CVE-2022-3602
2;01/11/2022;ygx4gf;iun4nwx;CVE-2022-3602
7;01/11/2022;yj6v3p;iun5z1m;cve-2022-3602
39;01/11/2022;yjc7z7;iun84lr;CVE-2022-3602
1;01/11/2022;ygx4gf;iunm35e;CVE-2022-3602
1;01/11/2022;ygx4gf;iunv04u;CVE-2022-3602
2;01/11/2022;yj6v3p;iunxdes;CVE-2022-3602
3;10/11/2022;yr1k9p;ivreaql;CVE-2022-40304
3;10/11/2022;yqcj6s;ivt19du;CVE-2022-45130
3;10/11/2022;yqcj6s;ivt7dn7;CVE-2022-45130
6;10/11/2022;yqcj6s;ivtfj1i;cve-2022-21703
8;16/12/2022;zn7sib;j0ho5b5;CVE-2022-28672
0;16/12/2022;zn7sib;j0hoca3;CVE-2022-28672
9;16/12/2022;zn7sib;j0i0azx;CVE-2013-2830
10;19/12/2022;zpxaxz;j0v1oml;CVE-2021-3156
1;22/12/2022;zrbyeg;j19ted6;CVE-2021-34824
1;11/01/2023;zz6gmf;j3wn3ua;CVE-2023-22952
-37;18/01/2023;10fhsfu;j4x83gk;CVE-2023-22809
11;19/01/2023;10fhsfu;j4z2u3c;CVE-2023-22809
26;23/01/2023;10jnjkq;j5ljdm7;CVE-2022-38181
2;31/01/2023;10q6feb;j6owi63;CVE-2003-0190
1;03/02/2023;10pzzi2;j72cutk;CVE-2022-38048
6;18/02/2023;114exjh;j8zb0s5;CVE-2023-20032
20;02/03/2023;11fxotv;jaln34h;CVE-2022-21894
30;15/03/2023;11s80zo;jccxi0m;CVE-2023-23415
19;23/03/2023;11zj3v5;jdd0gh9;cve-2023-27532
1;24/03/2023;11zj3v5;jdgms5c;CVE-2023-27532
6;19/04/2023;12rn4iv;jgw39je;CVE-2023-20025
3;20/04/2023;12ru3cl;jh0mktz;CVE-2021-0920
1;22/04/2023;12rn4iv;jhavepw;CVE-2023-20025
16;09/06/2023;145gdlj;jnku2xa;CVE-2023-2868
4;12/06/2023;147aok5;jnvrgsb;CVE-2023-27997
17;04/07/2023;14q9y5p;jqos76u;CVE-2023-32784
2;12/07/2023;14xcujc;jrpdstm;cve-2023-36884
1;18/07/2023;15341md;jsh4iel;CVE-2023-3519
1;18/07/2023;15341md;jsi12y8;CVE-2023-3519
1;20/07/2023;15341md;jssnsy5;cve-2022-27510
1;22/07/2023;1565ia0;jsxwn7o;cve-2023-3519
1;24/07/2023;15895t4;jt90e36;CVE-2023-29032
1;02/08/2023;15dotaq;juf0b1z;CVE-2022-40648
1;02/08/2023;11fxotv;juglj4y;cve-2022-21894
1;12/08/2023;15o9wyr;jvudume;CVE-2022-2588
1;12/08/2023;15o9wyr;jvv09pd;CVE-2021-22555
1;27/08/2023;161sail;jxxhres;CVE-2020-19909
1;29/08/2023;164gzrt;jy9zr05;CVE-2023-38802
1;06/09/2023;155hz6z;jzbfe6h;CVE-2023-3519
1;21/09/2023;16ooziz;k1mjfmb;CVE-2023-41064
1;05/10/2023;16zv8q1;k3i8xbc;CVE-2023-4911
1;05/10/2023;16zyyjv;k3jb6di;cve-2023-22515
1;05/10/2023;170ewp5;k3n5ttn;CVE-2022-3602
1;11/10/2023;170ewp5;k4di9n1;CVE-2023-38545
1;11/10/2023;171ou0w;k4fryae;cve-2023-22515
1;15/10/2023;178mbjz;k516767;CVE-2023-42118
1;31/10/2023;17klaop;k787q95;cve-2023-22518
3;11/12/2023;18dy5x3;kcygl3v;CVE-2023-50164
1;12/12/2023;18dy5x3;kd1ddeo;cve-2023-50164
6;20/12/2023;18mr9no;ke8l7fk;CVE-2023-48795
4;22/12/2023;18odl8g;kehrk3s;CVE-2023-51385
1;23/12/2023;18odl8g;ken9rbr;cve-2023-51385
1;30/12/2023;18nwxsp;kflghg4;CVE-2023-36887
1;31/12/2023;18nwxsp;kfng0jj;CVE-2023-43641
1;31/12/2023;18nwxsp;kfnnjr3;CVE-2023-43641
8;31/01/2024;1afi2kg;koa55eg;CVE-2023-6246
4;31/01/2024;1afselg;kocnbgz;cve-2024-21626
1;13/03/2024;1bd7yev;kumiynm;CVE-2024-26602
1;13/03/2024;1bd7yev;kuokpxr;CVE-2024-26602
1;27/03/2024;1bo9aap;kwsdyjr;CVE-2023-32233
1;02/04/2024;1bt8vx9;kxqa2gd;cve-2024-3094
1;02/04/2024;1bquxnm;kxqaa0v;cve-2024-3094
2;02/04/2024;1bt8vx9;kxqpm5s;cve-2024-3094
1;04/04/2024;1bt8vx9;kxzjfm3;cve-2024-3094
3;13/04/2024;1c24uvz;kzbdoje;cve-2024-3400
21;16/04/2024;1c5gxfl;kzw8khh;CVE-2024-3400
1;18/04/2024;1c3lhbh;l03yv6b;CVE-2024-2201
9;13/05/2024;1cqurbm;l3u4ndw;CVE-2024-25641
7;13/05/2024;1cqpxyo;l3u9est;CVE-2023-43785
1;24/05/2024;1czkebp;l5izc7k;cve-2023-39143
1;30/05/2024;1d3t1sk;l6bd9zs;CVE-2024-24919
2;18/06/2024;1di2f3z;l95t8cv;cve-2024-0044
13;01/07/2024;1dsofck;lb3ta57;CVE-2024-6387
9;01/07/2024;1dsofck;lb3yora;cve-2024-6387
16;01/07/2024;1dsofck;lb49an5;cve-2024-6387
1;01/07/2024;1dsofck;lb56w7y;cve-2024-6387
1;01/07/2024;1dsofck;lb6zarf;cve-2024-6387
5;01/07/2024;1dsofck;lb7gn2s;CVE-2024-6387
3;02/07/2024;1dsofck;lb9olpz;cve-2024-6387
2;09/07/2024;1dyzqkf;lcc8h9k;CVE-2024-6409
1;10/07/2024;1dyzqkf;lcg6wsz;CVE-2024-6387
5;06/08/2024;1ekyytb;lgpx8pu;CVE-2020-24899
1;14/08/2024;1emve1z;li4hzgw;cve-2024-38856
3;16/08/2024;1et0e1x;liefshd;CVE-2024-36877
1;31/08/2024;1et0e1x;lkufesy;CVE-2024-36877
2;04/09/2024;1f7yoo4;lle4hou;cve-2021-4034
62;05/09/2024;1f9qa6p;llp1v6c;CVE-2024-30078
7;09/09/2024;1fcrkkc;lmas10h;CVE-2024-40711
3;14/09/2024;1ffwh33;ln0qn39;CVE-2023-28324
2;18/10/2024;1g5okub;lshvhug;CVE-2024-45844
3;26/10/2024;1gc5yg1;ltwogc0;CVE-2022-25476
2;29/10/2024;1gc5yg1;lu9ycae;CVE-2024-40431
4;12/11/2024;1gppo5i;lwtdoyk;CVE-2024-8068
1;20/11/2024;1gv14hr;ly4zsmp;CVE-2024-8687
1;14/12/2024;1hd7m8o;m1y65up;CVE-2024-55557
3;21/12/2024;1hhihsv;m35fe3i;cve-2024-50340
6;22/12/2009;ah9au;c0hkvcj;cve-2009-1869
1;24/10/2010;dubhz;c139nbo;CVE-2009-1897
3;17/11/2010;e7dmf;c15xo0a;CVE-2010-3654
6;18/06/2013;1gldjz;caljp2d;CVE-2011-1083
1;23/07/2013;1iv85n;cb8eej6;CVE-2000-1816
7;04/09/2013;1lnqdc;cc17ul7;CVE-2013-2471
1;26/11/2014;2ndvan;cmdppij;CVE-2013-1862
3;16/08/2015;3h5fby;cu55iq0;cve-2014-4322
1;13/02/2016;454hx2;czyoj9w;CVE-2015-6639
2;24/10/2016;58z4s8;d962gub;CVE-2016-5195
1;12/04/2017;64sbf2;dg5xstf;CVE-2017-6975
5;27/07/2017;6pqshp;dksnzq8;CVE-2017-9417
2;05/01/2018;7nvhfu;ds7l008;CVE-2017-5754
1;27/03/2018;86lcpv;dwcnui2;CVE-2017-16930
1;13/04/2018;8bwa00;dxa6c6f;CVE-2017-0263
1;15/05/2018;8j6o6o;dz08yi1;CVE-2018-8897
5;10/08/2018;968s9m;e3ysp6c;CVE-2018-8897
3;10/08/2018;968s9m;e3yspgg;CVE-2018-8897
2;21/08/2018;997r55;e4lk9av;CVE-2018-0952
1;24/08/2018;997r55;e4r4v57;CVE-2018-0952
26;12/02/2019;apjel8;egagpr4;cve-2018-1038
6;13/09/2019;d3ituu;f03f8yy;cve-2019-8014
21;13/11/2019;dvvwyi;f7f0u4b;CVE-2019-1347
3;07/02/2020;ezgngl;fgs6fsp;CVE-2018-11529
2;12/08/2020;i7wwt1;g18ol6n;CVE-2020-1337
1;27/02/2021;lsbzjj;goxajo0;CVE-2020-8625
9;02/04/2021;mievav;gt4ar66;CVE-2021-27208
2;30/06/2021;oad9up;h3l3k72;CVE-2021-29657
4;07/08/2021;oztebm;h83gtnt;cve-2018-16334
2;11/08/2021;p0w8a1;h8janog;CVE-2020-0674
3;18/09/2021;pq9yn4;hdb0o1z;CVE-2020-14871
3;31/01/2023;10onasj;j6ma6jw;CVE-2021-21551
5;31/01/2023;10pzopa;j6onamp;CVE-2021-4287
20;09/02/2023;10xxu98;j7v0i6q;CVE-2023-22671
1;15/09/2023;16jd8tr;k0rb6uy;cve-2023-4863
1;21/10/2023;17cqgk8;k5rwwpq;CVE-2023-38831
1;08/10/2024;1fptxt3;lqx9wcl;CVE-2024-3094
3;29/08/2011;jxy4p;c2g3km2;CVE-2011-0411
3;04/10/2011;l0n58;c2owc0h;CVE-2011-3192
1;10/10/2011;l5w5g;c2qcwge;CVE-2011-3364
1;13/03/2012;quw3q;c40ok8q;cve-2012-0002
1;13/03/2012;quw3q;c40oli4;cve-2012-0002
1;13/03/2012;quw3q;c40pty2;cve-2012-0002
2;11/04/2012;s3j0b;c4b6jio;CVE-2012-1182
2;19/07/2012;wt6ry;c5gapjh;CVE-2010-3081
1;16/11/2012;138xo2;c729ly1;CVE-2010-4669
3;18/11/2012;13d3hx;c73ausf;CVE-2012-1493
2;07/01/2013;162zm2;c7sdtq9;CVE-2012-0507
2;10/01/2013;16cca4;c7upmtm;CVE-2012-4681
2;22/02/2013;18zoa4;c8jfgl5;CVE-2012-5536
1;13/06/2013;1ga6yf;caiarkr;cve-2012-6399
1;26/09/2013;1n3ype;ccfk341;cve-2013-3893
4;14/03/2014;20eoob;cg2howj;CVE-2013-5211
2;27/03/2014;21h829;cgd6hp7;cve-2014-1761
18;08/04/2014;22ghax;cgmrnig;CVE-2014-0160
1;08/04/2014;22ghax;cgmtx7u;CVE-2014-0160
11;10/04/2014;22nkps;cgolukh;cve-2014-0160
2;10/04/2014;22n0z9;cgoyfxj;CVE-2009-4494
1;16/04/2014;235hf3;cgtsdok;CVE-2011-1268
2;28/04/2014;2475sy;ch4fbqa;CVE-2014-0515
1;29/04/2014;249xea;ch53l0o;CVE-2014-1776
1;30/04/2014;24d34j;ch68x0f;cve-2014-1776
0;11/05/2014;25760w;chf8s1g;CVE-2014-1776
-1;11/05/2014;25760w;chf9tsf;CVE-2014-1776
2;05/06/2014;27djnw;chzvay7;CVE-2014-0160
1;05/06/2014;27dp96;ci0064j;CVE-2014-0224
3;07/06/2014;27iiy4;ci16hso;CVE-2011-5280
2;07/06/2014;27j5c1;ci1js05;CVE-2008-0923
1;11/06/2014;27rx7y;ci4v6p0;CVE-2014-0224
13;21/06/2014;28nh04;cicy5xr;CVE-2011-1871
16;23/06/2014;28vi8w;cif0gtt;CVE-2008-0166
1;16/07/2014;2aunhw;ciz8lta;CVE-2014-0591
15;03/08/2014;2cj0lj;cjfz6hm;CVE-2014-0244
1;04/08/2014;2cj0lj;cjgnoha;CVE-2014-2264
1;04/08/2014;2cj0lj;cjgs5do;CVE-2014-0224
5;05/08/2014;2cmg4s;cjh7c4m;CVE-2014-3560
7;09/08/2014;2d1zln;cjlhwgt;CVE-2014-0160
1;14/08/2014;2dh425;cjppeda;CVE-2014-3519
5;16/09/2014;2gkbos;ckjzura;CVE-2014-3616
6;24/09/2014;2hc5rk;ckrfwge;CVE-2014-6271
2;24/09/2014;2hc5rk;ckrjdaa;cve-2014-6271
2;25/09/2014;2hc5rk;cks1tkb;CVE-2014-7169
22;25/09/2014;2hf734;cks5swq;CVE-2014-7169
8;25/09/2014;2hfjl0;cks8ke3;CVE-2014-7169
1;25/09/2014;2hfjl0;cksb6ra;CVE-2014-6271
3;25/09/2014;2hfjl0;ckse0br;CVE-2014-7169
1;25/09/2014;2hgpwc;cksijij;cve-2014-6271
1;25/09/2014;2hgjru;cksio9a;CVE-2014-7169
1;25/09/2014;2hf734;cksmk6a;CVE-2014-6271
1;26/09/2014;2hf734;cksy7re;CVE-2014-6271
1;26/09/2014;2hhhjx;ckt7ugt;CVE-2014-7169
2;26/09/2014;2hixko;cktdk8c;cve-2014-6271
0;28/09/2014;2hqbvj;ckv1iuv;CVE-2014-7186
1;28/09/2014;2hqbvj;ckv2eaj;CVE-2014-6271
1;28/09/2014;2hqbvj;ckv2riw;CVE-2014-6277
1;29/09/2014;2hscgw;ckvj857;CVE-2014-6277
2;29/09/2014;2hstt2;ckvqy1z;CVE-2014-6277
1;29/09/2014;2hstt2;ckw05x0;CVE-2014-7169
1;04/10/2014;2i720v;cl0dgfw;CVE-2014-6270
1;07/10/2014;2ikbqp;cl31gop;CVE-2014-6277
21;11/10/2014;2iyyyi;cl6u1yt;CVE-2013-1848
3;14/10/2014;2j7j33;cl9aqes;CVE-2014-4114
2;14/10/2014;2j7j33;cl9fg3u;cve-2014-4114
3;15/10/2014;2jbfry;cla3ue5;cve-2014-3566
0;15/10/2014;2jbfry;cla58jc;cve-2014-3566
9;15/10/2014;2jbfry;cla6737;CVE-2014-3566
6;15/10/2014;2jbrqk;claf4pg;CVE-2014-3513
2;16/10/2014;2jd1aa;clan3xe;cve-2014-3566
2;16/10/2014;2jcu99;clb0r24;cve-2013-2729
3;17/10/2014;2jitzx;clc3ud9;CVE-2014-6491
1;18/10/2014;2jm81u;cld9ms1;CVE-2014-4114
3;18/11/2014;2mo320;cm66xxi;CVE-2014-6324
3;18/11/2014;2mo320;cm67ul4;cve-2014-6324
3;18/11/2014;2mp6wb;cm6ay8f;CVE-2009-1676
-1;19/11/2014;2mpgez;cm6h65l;CVE-2014-6324
2;19/11/2014;2mpgez;cm6zay6;cve-2014-6324
2;20/11/2014;2ms3p9;cm7qgix;cve-2014-6324
2;20/11/2014;2mvhd8;cm7xhfp;CVE-2014-0751
1;21/11/2014;2myiy0;cm8zw7s;cve-2014-6324
1;14/12/2014;2p6wyk;cmuisaq;CVE-2012-0002
2;07/01/2015;2rm8aw;cnhfz2f;CVE-2014-9322
6;08/01/2015;2rqoez;cnikk9w;CVE-2014-3572
6;14/01/2015;2se55n;cnovueb;CVE-2014-6324
1;22/01/2015;2t6kmi;cnxef8o;CVE-2015-0310
10;23/01/2015;2tepgx;cnycgac;CVE-2015-0311
3;27/01/2015;2tui27;co2fnoc;cve-2015-0235
1;28/01/2015;2tui27;co389oc;cve-2015-0235
32;28/01/2015;2ty76r;co3f9r9;CVE-2015-0235
19;28/01/2015;2ty76r;co3fhs5;CVE-2015-0235
9;28/01/2015;2ty76r;co3g3oo;CVE-2015-0235
3;28/01/2015;2ty76r;co3h9h5;cve-2015-0235
2;28/01/2015;2ty76r;co3m81y;CVE-2015-0235
5;28/01/2015;2ty76r;co3n5yb;CVE-2015-0235
0;28/01/2015;2ty76r;co3sl7d;CVE-1234-5678
1;29/01/2015;2u0kp1;co4n3he;CVE-2014-8272
6;02/02/2015;2uiwrp;co8v4zt;CVE-2015-0313
2;06/02/2015;2uxnwh;cocq62d;CVE-2014-9293
1;18/02/2015;2w95ut;copdarw;cve-2015-0008
3;04/03/2015;2xu8h3;cp3yehw;CVE-2015-0204
28;17/03/2015;2za11u;cph9bp6;cve-2015-0235
9;19/03/2015;2zl2pb;cpjwmt6;CVE-2015-0285
4;20/03/2015;2zmshh;cpkxcq4;CVE-2015-0291
2;17/04/2015;32v94b;cqfkmla;cve-2015-1635
5;06/05/2015;352auq;cr0omux;cve-2012-2122
10;07/05/2015;357f8g;cr1sx72;cve-2014-6324
1;13/05/2015;35uci0;cr8ap7e;CVE-2007-1744
1;20/05/2015;36lzcy;crfikpv;CVE-2015-3036
7;03/06/2015;38eoeu;crugy2e;CVE-2012-4681
2;10/06/2015;399ydd;cs1yukx;CVE-2014-3122
1;08/07/2015;3cljgo;cswofpj;CVE-2015-5352
27;09/07/2015;3co6bd;csxcvps;CVE-2015-1793
9;09/07/2015;3co6bd;csxdr2x;CVE-2015-1793
4;09/07/2015;3co6bd;csxdy31;CVE-2015-1793
6;11/07/2015;3cvv7o;cszirsq;cve-2015-5122
3;12/07/2015;3cvv7o;ct0jg0f;CVE-2015-5123
33;12/07/2015;3d00rv;ct0oerv;CVE-2015-5122
1;12/07/2015;3cvv7o;ct0xqxy;CVE-2015-5119
2;16/07/2015;3dilqh;ct5ol3q;CVE-2007-1744
-1;16/07/2015;3dilqh;ct5zd1t;CVE-2009-1244
2;20/07/2015;3dyrlf;cta2iye;CVE-2015-2426
6;21/07/2015;3e2wt2;ctbabpr;cve-2014-6324
2;24/07/2015;3eeq3f;cteaenl;CVE-2015-3245
2;30/07/2015;3f4fo4;ctlf9ki;CVE-2015-5477
3;30/07/2015;3f6n3n;ctlr8yq;CVE-2015-5477
1;30/07/2015;3f4fo4;ctlv9n6;CVE-2015-5477
4;31/07/2015;3f6n3n;ctmox59;CVE-2015-5477
1;05/08/2015;3fuqa0;ctsazor;cve-2015-5477
2;08/08/2015;3g5h7u;ctw49cc;CVE-2015-3245
1;15/08/2015;3h0krj;cu3u561;CVE-2015-0235
2;08/09/2015;3k32s7;cuue06z;CVE-2015-5722
1;19/09/2015;3lajjl;cv6m38f;CVE-2004-0740
1;12/10/2015;3o29ne;cvwia32;CVE-2014-9373
3;16/10/2015;3p00hi;cw25grv;CVE-2015-7645
1;22/10/2015;3ppio2;cw8cucw;CVE-2014-0160
1;26/10/2015;3qa6uj;cwdpttv;cve-2015-2342
2;13/11/2015;3sjgor;cwygefn;CVE-2015-5722
2;18/11/2015;3tacml;cx4pb8s;CVE-2013-4784
3;04/12/2015;3veh73;cxmv6w6;CVE-2015-3194
17;16/12/2015;3wyq44;cy0fm3z;CVE-2014-8730
2;16/12/2015;3wyyec;cy0fq9q;Cve-2015-5119
4;18/12/2015;3xa5kp;cy2u7ko;CVE-2015-7754
1;14/01/2016;40nger;cyxlb8p;CVE-2014-6271
5;14/01/2016;40xund;cyy4zj2;CVE-2016-0777
1;14/01/2016;40xund;cyyf6d1;cve-2016-0777
1;15/01/2016;40xund;cyz5h2q;cve-2016-0777
3;19/01/2016;41p4go;cz401kh;cve-2016-0728
3;19/01/2016;41p4go;cz402s8;cve-2016-0728
3;26/01/2016;42siip;czcpscc;CVE-2016-0742
1;29/01/2016;4353pg;czga97w;cve-2016-0701
4;08/02/2016;44rqai;czse5m0;CVE-2015-6933
16;16/02/2016;462ob3;d020rva;CVE-2015-7547
1;16/02/2016;462ob3;d024c5c;CVE-2015-7547
3;16/02/2016;462ob3;d02aflf;CVE-2015-7547
2;17/02/2016;462ob3;d034dzh;cve-2015-7547
3;19/02/2016;46m3w2;d065oip;CVE-2015-7547
6;22/02/2016;46xjle;d08s60k;CVE-2015-7547
5;01/03/2016;48f349;d0jd994;CVE-2015-7244
1;03/03/2016;48samb;d0m22pu;CVE-2013-2566
2;08/03/2016;49grzu;d0rwpe4;CVE-2016-0800
5;23/03/2016;4biqvj;d1a22pd;CVE-2014-0160
1;25/03/2016;4bv5d9;d1d28dg;CVE-2014-0160
9;12/04/2016;4eh97n;d203it0;CVE-2016-2118
49;14/04/2016;4eqaw3;d22fpbb;CVE-2014-0160
3;18/04/2016;4fbeaa;d27grrc;CVE-2016-2315
3;18/04/2016;4fbeaa;d27p95f;CVE-2016-2324
1;30/04/2016;4gup63;d2nt2fr;CVE-2007-1744
3;06/05/2016;4hzynn;d2uipgd;CVE-2016-0728
1;13/05/2016;4izypf;d33ezku;CVE-2015-1635
1;20/05/2016;4k9kcq;d3dgfqd;CVE-2015-2362
1;09/06/2016;4nbsre;d42ilcp;CVE-2005-1219
0;07/07/2016;4robyn;d52rc3s;CVE-2016-2207
3;18/07/2016;4tequc;d5gsw9j;CVE-2016-1273
-3;18/07/2016;4tequc;d5h4sop;CVE-2016-1273
227;10/08/2016;4x18x3;d6blwo8;CVE-2016-3287
8;10/08/2016;4x18x3;d6br1wv;CVE-2014-0160
50;10/08/2016;4x2z37;d6cdwl3;CVE-2016-3287
25;11/08/2016;4x8lt5;d6dcjw5;CVE-2016-5696
3;11/08/2016;4x8lt5;d6dco47;CVE-2016-5696
21;11/08/2016;4x8lt5;d6dn6d9;cve-2016-5696
6;11/08/2016;4x8lt5;d6doyt2;CVE-2016-5696
8;11/08/2016;4x8lt5;d6dpe1a;CVE-2016-5696
6;11/08/2016;4x8lt5;d6drx1c;CVE-2016-5696
8;12/08/2016;4x8lt5;d6dxxxm;CVE-2016-5696
1;12/08/2016;4x8lt5;d6e7jfp;cve-2016-5696
1;12/08/2016;4x8lt5;d6ekw1v;cve-2016-5696
15;17/08/2016;4y46zb;d6kw0ed;CVE-2016-0777
3;24/08/2016;4zbb4g;d6upm42;CVE-2016-1521
11;25/08/2016;4zih79;d6wfatf;CVE-2016-4631
1;21/10/2016;58mjns;d91qukl;CVE-2016-5195
1;21/10/2016;58kc16;d91uln6;CVE-2016-5195
2;18/12/2016;5ivqcp;dbckoro;CVE-2016-7020
0;20/12/2016;5jct4w;dbft1vi;CVE-2016-9565
3;03/01/2017;5ltp2y;dbyg488;CVE-2016-2183
3;07/01/2017;5ml91s;dc4iljr;CVE-2015-0008
2;10/01/2017;5n44y6;dc94aey;CVE-2016-9587
4;13/01/2017;5npg7n;dcdy6w1;CVE-2015-7547
60;14/01/2017;5ny33l;dcfasht;cve-2016-9962
1;29/01/2017;5qr62f;dd1vdox;CVE-2015-4642
2;10/02/2017;5t43ob;ddl19ha;CVE-2016-9244
2;27/02/2017;5wgkkd;de9x6vl;CVE-2016-9962
5;09/03/2017;5yeeqn;depdvv7;CVE-2017-6074
2;12/03/2017;5yvnib;detw6my;CVE-2017-5638
1;26/03/2017;618ccr;dffsr18;cve-2017-0022
21;11/04/2017;64pu53;dg4ku81;CVE-2017-0199
4;11/04/2017;64pu53;dg4n1ns;CVE-2017-0199
2;11/04/2017;64pu53;dg4pz15;CVE-2017-0199
4;11/04/2017;64pu53;dg4xtk6;CVE-2017-0199
36;13/04/2017;655f3d;dg7j28b;cve-2016-10229
67;13/04/2017;655f3d;dg7pkpp;CVE-2016-10229
10;13/04/2017;655f3d;dg7pu3x;cve-2016-10229
3;13/04/2017;655f3d;dg87dmj;CVE-2016-10229
23;15/04/2017;65j5nc;dgaw45u;CVE-2017-0146
1;10/05/2017;6adgna;dhdrd6o;CVE-2017-7269
1;15/05/2017;6bacmd;dhl7r7u;CVE-2017-7269
1;15/05/2017;6bacmd;dhlrf3o;CVE-2017-0144
3;17/05/2017;6b3vqj;dhnqhec;CVE-2017-0145
3;24/05/2017;6d0uzg;dhyyejg;cve-2017-7494
2;26/05/2017;6dgvhl;di2ll2a;CVE-2015-8400
5;13/06/2017;6h1ih3;diuqfxc;CVE-2017-8543
17;13/06/2017;6h1ih3;div0zm5;CVE-2017-0014
3;14/06/2017;6h1ih3;diw58tl;CVE-2017-8464
1;23/06/2017;6hfq4p;djasyv4;CVE-2017-8529
1;23/06/2017;6iv2hm;djb5rda;CVE-2017-0199
37;27/06/2017;6jsnex;djguysm;cve-2017-0199
14;27/06/2017;6jsnex;djgw0zb;CVE-2017-0199
1;27/06/2017;6j1da2;djh53ju;CVE-2017-8529
1;27/06/2017;6jsnex;djh6l0b;CVE-2017-0199
2;27/06/2017;6jsnex;djh74j4;CVE-2017-0199
2;28/06/2017;6jsnex;djhvqn1;CVE-2017-0199
4;28/06/2017;6jva16;djhxv3j;CVE-2017-8558
3;04/07/2017;6l6wlw;djrqusl;CVE-2017-7477
3;12/07/2017;6mty4b;dk4aqz2;cve-2017-8563
1;12/07/2017;6mty4b;dk566mj;CVE-2017-8621
1;20/07/2017;6ock5a;dkgzz88;CVE-2017-8495
1;24/07/2017;6paz6l;dko1nva;CVE-2016-6209
1;26/07/2017;6pj40x;dkq077b;CVE-2017-8563
5;31/07/2017;6qmn49;dkykjlf;CVE-2017-0295
4;02/08/2017;6qwn76;dl1e2l1;CVE-2016-7182
1;02/08/2017;5yg101;dl2i9kw;CVE-2017-9791
1;02/08/2017;5yg101;dl2ilwe;cve-2017-9791
3;10/08/2017;6spq6w;dlf3x7l;CVE-2016-0742
2;07/09/2017;6ypiqm;dmp5nq3;CVE-2016-9311
2;12/09/2017;6znqjk;dmwralx;cve-2017-5638
2;13/09/2017;6zpmrq;dmy0zi0;CVE-2017-8628
4;13/09/2017;6zt1mm;dmy2tnz;CVE-2017-8628
5;20/09/2017;71bzco;dn9ys54;CVE-2017-9798
1;12/10/2017;75pajy;do8s1ev;CVE-2017-11776
2;12/10/2017;75xnam;do9p12i;cve-2017-11776
216;15/10/2017;76lj5q;doewxex;CVE-2017-13077
1;16/10/2017;76lj5q;dofq8ex;CVE-2016-7406
1;16/10/2017;76lj5q;dofqbk0;CVE-2017-13077
2;16/10/2017;76lj5q;dog17pl;CVE-2017-13082
66;16/10/2017;76qir7;dog8lag;CVE-2017-13080
18;16/10/2017;76qir7;dog9hsp;CVE-2017-13080
6;16/10/2017;76pgfo;dogc2sb;CVE-2017-13080
11;16/10/2017;76pgfo;dogc40r;CVE-2017-13080
3;16/10/2017;76pgfo;dogdjwi;CVE-2017-13080
1;17/10/2017;76zpb1;dohyzns;CVE-2017-13080
10;17/10/2017;770yph;doi5mze;CVE-2017-13080
1;17/10/2017;76zpb1;doi5p1j;CVE-2017-13077
9;18/10/2017;776jsj;dojemk9;CVE-2017-13077
1;27/10/2017;7934st;doz6dbu;CVE-2017-11771
1;13/11/2017;7c8kg2;dprc36z;CVE-2017-3230
4;15/11/2017;7d4ifz;dpuwngf;CVE-2017-11882
21;21/11/2017;7eghhp;dq5mqse;CVE-2017-5705
1;22/11/2017;7eghhp;dq6ux8t;CVE-2017-5705
3;28/11/2017;7g2tje;dqgkdm1;cve-2016-6433
5;29/11/2017;7g7ajt;dqi8cir;CVE-2017-0295
7;29/11/2017;7gehog;dqiftzb;CVE-2017-13872
11;29/11/2017;7gefzg;dqihov2;CVE-2017-13872
6;29/11/2017;7gefzg;dqihupv;CVE-2017-13872
1;30/11/2017;7gefzg;dqkjedh;CVE-2017-1000257
3;08/12/2017;7ie2i7;dqylnl9;CVE-2017-11937
1;11/12/2017;7j4zr3;dr3p610;CVE-2017-8563
1;14/12/2017;7jtgq7;dr96xsi;CVE-2012-5081
6;29/12/2017;7mwuix;drxc8qb;CVE-2017-8529
7;03/01/2018;7nxmm8;ds5fevd;CVE-2017-5753
6;04/01/2018;7nyhc5;ds5n46g;CVE-2017-5715
2;04/01/2018;7nl8r0;ds64lka;CVE-2017-5753
1;04/01/2018;7nydcj;ds64qbn;CVE-2017-13862
5;04/01/2018;7nyrxd;ds64snf;CVE-2017-5715
1;04/01/2018;7nyrxd;ds65snn;CVE-2017-5715
8;04/01/2018;7o14up;ds68gs6;CVE-2017-5715
3;04/01/2018;7nydcj;ds6a7mi;CVE-2017-5753
5;04/01/2018;7o2ks8;ds6b3gy;CVE-2017-5715
2;04/01/2018;7o28qq;ds6bir2;CVE-2017-7269
1;04/01/2018;7nyhc5;ds6bpe3;CVE-2017-5715
12;04/01/2018;7o27qo;ds6d945;CVE-2017-5715
3;04/01/2018;7o2q28;ds6dc93;CVE-2017-5754
3;04/01/2018;7o2h3n;ds6dejt;CVE-2017-5715
1;04/01/2018;7o39et;ds6f6i6;cve-2017-5715
2;04/01/2018;7nyz8f;ds6fgxe;cve-2017-5754
3;04/01/2018;7nyrxd;ds6fjvk;CVE-2017-5715
8;04/01/2018;7o39et;ds6fux0;CVE-2017-5715
0;04/01/2018;7nydcj;ds6g2hr;CVE-2017-5753
12;04/01/2018;7o39et;ds6ge7y;CVE-2017-5753
2;04/01/2018;7o39et;ds6p3pr;CVE-2017-5754
2;04/01/2018;7o39et;ds6pwl1;CVE-2017-5715
2;04/01/2018;7o39et;ds6vw7d;cve-2017-5754
3;04/01/2018;7o39et;ds6wc6m;CVE-2017-5715
4;04/01/2018;7o39et;ds6yfyy;CVE-2017-5715
8;04/01/2018;7nyhc5;ds71rhr;CVE-2017-5754
2;04/01/2018;7o39et;ds73amv;CVE-2017-5715
3;05/01/2018;7o39et;ds7ayw4;cve-2017-5715
3;05/01/2018;7o39et;ds7d62g;CVE-2017-5754
1;05/01/2018;7o39et;ds7gta4;CVE-2017-5754
2;05/01/2018;7o39et;ds7k4vq;CVE-2017-5715
6;05/01/2018;7o39et;ds7pt3a;cve-2017-5715
3;05/01/2018;7o39et;ds7vbrf;cve-2017-5715
1;05/01/2018;7o39et;ds7vtja;CVE-2017-5715
1;05/01/2018;7o39et;ds7vugs;CVE-2017-5715
7;05/01/2018;7o39et;ds7wi0z;CVE-2017-5754
1;05/01/2018;7o39et;ds7yjom;cve-2017-5715
2;05/01/2018;7o2bxw;ds7yu7n;cve-2017-5754
1;05/01/2018;7o2ks8;ds7z6ho;CVE-2017-5715
3;05/01/2018;7o39et;ds7zl5p;CVE-2017-5715
2;05/01/2018;7o2bxw;ds81edm;CVE-2017-5715
1;05/01/2018;7o39et;ds823x2;CVE-2017-5715
2;05/01/2018;7o2bxw;ds83dge;CVE-2017-5715
2;05/01/2018;7o39et;ds85rst;CVE-2017-5715
1;05/01/2018;7oawnl;ds894qk;CVE-2017-5715
1;05/01/2018;7o39et;ds8i6ei;CVE-2017-5754
5;05/01/2018;7o39et;ds8iq8x;CVE-2017-5753
2;05/01/2018;7o39et;ds8n2ox;cve-2017-5715
1;05/01/2018;7o39et;ds8ntv3;cve-2017-5715
2;05/01/2018;7o39et;ds8twch;CVE-2017-5753
1;05/01/2018;7nyrxd;ds8y9tj;CVE-2017-5715
2;06/01/2018;7oe367;ds9jbzy;CVE-2017-5754
4;06/01/2018;7oicjg;ds9pr2s;CVE-2017-5753
2;06/01/2018;7oh4ab;dsa24nf;CVE-2017-5715
1;06/01/2018;7o39et;dsagqjs;CVE-2017-5754
1;07/01/2018;7o39et;dsbkuqg;cve-2017-5715
1;07/01/2018;7o3wxu;dsc44hw;cve-2017-5715
5;08/01/2018;7ot0ke;dscel26;CVE-2017-5753
4;08/01/2018;7oubgr;dscfplm;CVE-2017-5754
2;08/01/2018;7oubgr;dscxspl;CVE-2017-5753
1;08/01/2018;7o39et;dsd0iuq;CVE-2017-5715
1;08/01/2018;7oubgr;dsd1mua;cve-2017-5715
6;08/01/2018;7oxxbn;dsd4zqt;CVE-2017-5753
5;08/01/2018;7ozp9q;dsde48b;cve-2017-5715
5;08/01/2018;7p0krg;dsdmmnj;CVE-2017-5715
6;08/01/2018;7ozp9q;dsdw6ar;CVE-2017-5715
4;09/01/2018;7ozp9q;dseu60h;cve-2017-5715
1;09/01/2018;7o39et;dsey51d;CVE-2017-5715
2;09/01/2018;7ozp9q;dsf0y6w;cve-2017-5715
1;09/01/2018;7p6bym;dsf5tf5;CVE-2013-4786
1;09/01/2018;7p0r7c;dsf8jj0;CVE-2017-5753
1;09/01/2018;7oxq1t;dsf97jr;cve-2017-5715
1;09/01/2018;7o39et;dsfcyup;CVE-2017-5715
2;09/01/2018;7ozp9q;dsfdekl;CVE-2017-5753
2;09/01/2018;7p9185;dsffdik;CVE-2017-5715
4;09/01/2018;7p8yyv;dsfm9hb;CVE-2017-5754
1;09/01/2018;7ozp9q;dsfwaml;cve-2017-5715
2;09/01/2018;7ozp9q;dsfwgm5;cve-2017-5715
1;10/01/2018;7o39et;dsfysid;cve-2017-5715
1;10/01/2018;7o39et;dsfzc8d;cve-2017-5715
3;10/01/2018;7pdbnq;dsgk8f5;CVE-2017-5754
1;10/01/2018;7peu99;dsgogpo;cve-2017-5715
2;10/01/2018;7peu99;dsgq35w;cve-2017-5715
3;10/01/2018;7ozp9q;dsgsx39;CVE-2017-5715
1;10/01/2018;7peu99;dshfnxa;cve-2017-5715
1;10/01/2018;7piba6;dshgp15;cve-2017-5715
4;10/01/2018;7piapi;dshhts2;CVE-2017-5754
1;11/01/2018;7piapi;dsi8aq9;CVE-2017-5715
5;11/01/2018;7pocez;dsiq2xb;CVE-2017-5715
3;11/01/2018;7p76em;dsjb1ig;CVE-2017-5715
1;11/01/2018;7pkq7x;dsje7kv;cve-2017-5715
1;11/01/2018;7pocez;dsjmb9j;CVE-2017-5715
4;11/01/2018;7prz7c;dsjmsq6;cve-2017-5715
1;12/01/2018;7pfkuy;dsjr6z1;CVE-2017-5715
2;12/01/2018;7p76em;dsk380h;CVE-2017-5753
21;12/01/2018;7pvxh6;dsken3n;CVE-2017-5753
3;12/01/2018;7psahr;dskg73b;cve-2017-5715
1;12/01/2018;7p76em;dskgxie;CVE-2017-5753
2;12/01/2018;7psrxz;dskm68c;cve-2017-5715
3;12/01/2018;7pxdg4;dskwab5;cve-2017-5715
1;12/01/2018;7psahr;dsky910;cve-2017-5715
5;12/01/2018;7px22t;dsl8qtz;cve-2017-5715
1;15/01/2018;7qit1p;dsplnfo;cve-2017-5715
9;15/01/2018;7qlyf5;dsqf4vi;CVE-2017-3765
1;17/01/2018;7qkxkm;dsto5yi;CVE-2017-5753
1;17/01/2018;7qkxkm;dstxjm3;CVE-2017-5753
2;17/01/2018;7piapi;dsu9jz9;cve-2017-5715
2;17/01/2018;7ozp9q;dsu9qyj;cve-2017-5715
1;18/01/2018;7r1gaf;dsvcdsd;CVE-2017-5715
1;19/01/2018;7raf4w;dsw8rh9;cve-2017-5715
15;22/01/2018;7s6kmm;dt2cyv5;cve-2017-5715
5;22/01/2018;7s6kmm;dt2d4x7;CVE-2017-5715
4;22/01/2018;7s6kmm;dt2lel1;CVE-2017-5715
2;22/01/2018;7o39et;dt2v4gu;CVE-2017-5715
5;22/01/2018;7o39et;dt308cx;CVE-2017-5715
5;22/01/2018;7s8zz8;dt33t6o;CVE-2017-5753
4;22/01/2018;7s6kmm;dt35vmm;cve-2017-5715
11;23/01/2018;7sboac;dt3po0l;cve-2017-5715
1;23/01/2018;7s8zz8;dt44cd6;CVE-2017-5753
1;23/01/2018;7sboac;dt4j255;cve-2017-5715
5;24/01/2018;7sn23c;dt6eplo;CVE-2017-5715
-2;27/01/2018;7t8h29;dtb2h53;CVE-2017-5753
2;27/01/2018;7t8h29;dtcb4ll;CVE-2017-5753
2;29/01/2018;7tu7dn;dtff5j3;CVE-2018-0764
1;01/02/2018;7o39et;dtkec83;CVE-2017-5715
5;01/02/2018;7uk3r8;dtkvrtt;CVE-2017-5715
2;13/02/2018;7wz363;du6n58v;CVE-2017-8563
2;14/02/2018;7xafsj;du8z1nb;cve-2017-5715
1;21/02/2018;7o39et;dulhzdi;cve-2017-5715
9;21/02/2018;7z716n;dum2nsw;CVE-2018-0826
7;21/02/2018;7z716n;dumbidl;CVE-2018-0826
1;08/03/2018;82udk7;dvds8vg;CVE-2017-3735
1;08/03/2018;82udk7;dveelgx;CVE-2017-3735
1;09/03/2018;82udk7;dveymgk;cve-2017-3735
3;13/03/2018;843w0w;dvnazft;cve-2018-0886
1;14/03/2018;8437on;dvo1au2;CVE-2018-1057
1;14/03/2018;843w0w;dvoopgm;cve-2018-0886
2;14/03/2018;843w0w;dvp5lo4;cve-2018-0886
1;14/03/2018;84fm9y;dvpew17;CVE-2018-0101
1;15/03/2018;84kv3i;dvqc2gk;cve-2018-0886
1;16/03/2018;84p08n;dvt0ha0;cve-2018-0886
1;16/03/2018;82pgrv;dvtndx3;CVE-2017-5715
1;20/03/2018;7ozp9q;dw01zps;cve-2017-5715
1;20/03/2018;7piapi;dw025ec;cve-2017-5715
2;24/03/2018;86o7uu;dw7hoxk;CVE-2016-5195
1;29/03/2018;87umhz;dwhxqwd;CVE-2018-1038
3;29/03/2018;843w0w;dwhzzx3;CVE-2018-1038
3;29/03/2018;87lxdc;dwi05gd;cve-2018-1038
1;30/03/2018;843w0w;dwid5jx;cve-2018-1038
3;30/03/2018;8831gb;dwideg0;cve-2018-0886
3;30/03/2018;88b5rr;dwjjlgk;CVE-2018-1038
3;30/03/2018;88b5rr;dwjtxnd;cve-2018-1038
1;31/03/2018;88fhsk;dwkauaq;cve-2018-1038
2;09/04/2018;8ay1ov;dx2ey09;CVE-2017-5638
5;12/04/2018;8bmuc5;dx88735;CVE-2017-8529
1;12/04/2018;8ba4sm;dx8gjmz;cve-2018-0886
2;12/04/2018;8ba4sm;dx8go5e;cve-2018-0886
1;13/04/2018;8ba4sm;dxahs5l;cve-2018-0886
2;13/04/2018;8c05vi;dxbj0tu;CVE-2015-7272
1;17/04/2018;8cjyt6;dxhz67p;cve-2018-0886
2;23/04/2018;8ecqee;dxuszqu;CVE-2018-7600
1;27/04/2018;8faj8v;dy23k2t;CVE-2013-4786
1;01/05/2018;8g6739;dy9loto;CVE-2018-3628
0;02/05/2018;8ggqac;dybiazf;CVE-2018-0737
3;02/05/2018;8ggqac;dybiic4;CVE-2018-3628
3;02/05/2018;8ggqac;dybmz28;CVE-2018-3632
1;04/05/2018;8grcb4;dyf6pf9;cve-2018-0886
2;05/05/2018;8h0gd3;dyhoz5b;cve-2017-5715
1;07/05/2018;8hozur;dylncbk;cve-2018-0886
82;08/05/2018;8hzvko;dyntqwq;cve-2018-0886
10;08/05/2018;8hzvko;dyo61yr;cve-2018-0886
1;09/05/2018;8hwr5p;dyolzzf;CVE-2017-8529
7;09/05/2018;8i4coq;dyot8px;cve-2018-0886
2;09/05/2018;8i4coq;dyp1h6k;cve-2018-0886
1;09/05/2018;8i6gtq;dypbvrw;cve-2018-0886
1;09/05/2018;8i4coq;dyphmat;cve-2018-0886
1;09/05/2018;8i7cmn;dyprh22;CVE-2018-0886
3;09/05/2018;8i7mwm;dypvlc9;CVE-2018-8154
3;09/05/2018;8i9or1;dyq0zy7;cve-2018-0886
1;09/05/2018;8i9pbr;dyq1j9i;cve-2018-0886
1;09/05/2018;8i7cmn;dyq7238;CVE-2018-0886
7;10/05/2018;8i7mwm;dyq9tfp;CVE-2018-8154
13;10/05/2018;8hzvko;dyqdgor;cve-2018-0886
2;10/05/2018;8i4coq;dyqjmo2;cve-2018-0886
6;10/05/2018;8hzvko;dyquvsa;cve-2018-0886
4;10/05/2018;8hzvko;dyr36wl;CVE-2018-8174
1;10/05/2018;8ienv7;dyr48mo;CVE-2018-0886
5;10/05/2018;8hzvko;dyr4qa0;CVE-2018-8174
3;10/05/2018;8ienv7;dyr4qs8;CVE-2018-0886
2;10/05/2018;8ienv7;dyr9cov;CVE-2018-0866
1;10/05/2018;8ifw1c;dyro9rl;cve-2018-0886
2;10/05/2018;8ig8eu;dyrzpyp;CVE-2017-5715
6;11/05/2018;8hzvko;dyt6d1d;CVE-2018-0886
1;11/05/2018;8ii0bl;dytgwbl;CVE-2018-0886
11;13/05/2018;8j271w;dywnifs;cve-2018-0886
9;13/05/2018;8j271w;dywordd;cve-2018-0886
6;13/05/2018;8j271w;dywosjh;cve-2018-0886
1;13/05/2018;8j271w;dywp0rv;cve-2018-0886
2;13/05/2018;8j271w;dyx2uva;CVE-2018-0886
28;13/05/2018;8j3zkc;dyxklae;CVE-2018-0886
10;14/05/2018;8jb7v3;dyyc490;CVE-2017-17688
1;14/05/2018;8hzvko;dyylvf8;cve-2018-0886
1;14/05/2018;8j271w;dyylyp1;cve-2018-0886
2;15/05/2018;8jmjt9;dz0riur;cve-2018-0886
1;17/05/2018;8k413w;dz4xb0p;CVE-2018-0886
8;18/05/2018;8kc6cy;dz6gu1e;CVE-2018-10070
2;21/05/2018;8l10kq;dzcisko;CVE-2017-8664
2;21/05/2018;8l2205;dzcqams;CVE-2018-1057
3;22/05/2018;8l3bz2;dzdirgu;CVE-2017-5715
3;23/05/2018;8l4n4x;dzfe1op;CVE-2017-5753
1;23/05/2018;8jn681;dzgpnla;CVE-2018-0886
1;23/05/2018;8jng3t;dzgpupi;CVE-2018-0886
1;24/05/2018;8ltebm;dzidv55;cve-2018-0886
1;29/05/2018;8mzae9;dzrvnwz;cve-2018-0886
11;30/05/2018;8n961z;dzug7lv;CVE-2018-6145
4;03/06/2018;8o6qbx;e01o34w;CVE-2017-0176
3;08/06/2018;8pja01;e0c018x;CVE-2017-5689
2;13/06/2018;8q9z56;e0l72d4;cve-2018-0886
1;14/06/2018;8q9z56;e0o4xsz;cve-2017-5715
15;18/06/2018;8rzcmi;e0vgg9q;cve-2018-0886
5;19/06/2018;8s7ydj;e0x76pk;CVE-2018-0886
3;21/06/2018;8sr47c;e12rmoh;CVE-2018-8174
1;25/06/2018;8ts0kc;e19rfu2;CVE-2018-0886
2;27/06/2018;8q9z56;e1e9tm8;CVE-2017-5715
3;29/06/2018;8usw4z;e1i73na;cve-2017-5715
1;05/07/2018;8w308n;e1tuy3h;cve-2018-0886
1;06/07/2018;8wmmec;e1woiqy;cve-2018-0886
32;09/07/2018;8xa878;e21vons;CVE-2017-12542
1;13/07/2018;8ydl79;e2buetx;CVE-2018-0886
2;18/07/2018;8xfdyd;e2m0d8t;CVE-2018-8308
3;20/07/2018;8xfdyd;e2pz5ub;CVE-2018-8202
5;24/07/2018;91fvba;e2y4cwt;CVE-2018-10115
2;26/07/2018;8xfdyd;e31fuun;CVE-2018-8356
1;26/07/2018;91wwe6;e334uml;CVE-2017-12542
1;01/08/2018;93io8g;e3em64x;CVE-2018-1000117
9;06/08/2018;953f65;e3psla6;CVE-2018-5390
1;07/08/2018;95ck3k;e3s2cgk;CVE-2018-0886
2;10/08/2018;96au59;e3z4pyh;CVE-2018-3110
1;15/08/2018;97bxx8;e483p69;CVE-2018-3615
5;15/08/2018;97bxx8;e48d4fp;CVE-2018-3615
0;24/08/2018;99xef3;e4rz8x7;CVE-2017-18014
15;28/08/2018;9ayyzf;e4z29bz;CVE-2018-8440
1;29/08/2018;983wc6;e50wlil;CVE-2018-7600
7;29/08/2018;9b2wvy;e515twc;CVE-2005-2122
2;06/09/2018;9d9hpj;e5h19sz;CVE-2017-5715
1;06/09/2018;9d9hpj;e5h20zu;CVE-2018-3639
12;09/09/2018;9e78fa;e5nxnws;CVE-2018-4229
65;12/09/2018;9f1q8d;e5tu481;CVE-2018-8475
17;12/09/2018;9f1q8d;e5u0v45;CVE-2018-8475
3;12/09/2018;9f1q8d;e5udbtc;CVE-2018-8457
26;12/09/2018;9f8nsi;e5umdye;CVE-2018-1244
5;13/09/2018;9fixbz;e5xcsfz;CVE-2018-8344
5;14/09/2018;9eym50;e5yfuh9;CVE-2018-8421
1;21/09/2018;9hg61a;e6da8el;cve-2018-8421
2;24/09/2018;9eym50;e6jb4co;cve-2018-8421
1;25/09/2018;9islt2;e6m3231;cve-2017-7269
2;06/10/2018;9lrq5q;e7adngr;cve-2018-8421
2;08/10/2018;9mfbu0;e7ef8cj;CVE-2013-3623
1;12/10/2018;9mz23b;e7n17sr;CVE-2018-8265
2;18/10/2018;9p8f4j;e80i6nd;CVE-2018-0886
1;19/10/2018;9pmcms;e82rvfr;CVE-2018-10933
2;01/11/2018;9t4ima;e8ur3gf;CVE-2018-8154
17;02/11/2018;9tinha;e8wnbfd;CVE-2018-15688
15;02/11/2018;9tinha;e8wojzc;CVE-2018-1111
1;03/11/2018;9tinha;e8zqcwe;CVE-2018-15687
5;08/11/2018;9v5i06;e99p6au;cve-2018-0886
5;09/11/2018;9vdfsq;e9btcg0;cve-2015-0235
29;13/11/2018;9wrbtt;e9n0mua;CVE-2018-8256
4;19/11/2018;9wrbtt;ea1tbop;CVE-2018-8546
1;30/11/2018;a1c138;eas2xym;CVE-2018-0886
5;03/12/2018;a2nmxp;eazt1sw;CVE-2017-8529
6;04/12/2018;a2tyxj;eb243g2;cve-2018-1002105
12;12/12/2018;a4x6jh;ebnrmm9;CVE-2018-8626
7;13/12/2018;a4x6jh;ebpryw9;cve-2018-1113
12;19/12/2018;a4x6jh;ec4lnk8;CVE-2018-8653
1;20/12/2018;a7c5m9;ec5m6n3;CVE-2018-8653
7;20/12/2018;a7p8to;ec77pd0;CVE-2018-8423
2;20/12/2018;a7p8to;ec7azog;CVE-2018-8653
3;22/12/2018;a8ewgh;ecahsjv;CVE-2018-8653
5;22/12/2018;a8ewgh;ecakkej;CVE-2018-8653
13;08/01/2019;ady8fw;edl38kw;CVE-2019-0586
2;10/01/2019;aeby1v;edozith;cve-2018-0886
6;10/01/2019;ady8fw;edq57nz;CVE-2019-0588
1;11/01/2019;ady8fw;edshuf5;CVE-2019-0547
0;11/01/2019;aexfw9;edubrsb;cve-2018-16864
2;16/01/2019;ady8fw;ee7bztv;CVE-2019-0547
2;30/01/2019;alaxjx;efch2cz;CVE-2018-8581
2;30/01/2019;akf4kr;efcpa61;CVE-2018-8581
3;31/01/2019;alrdhr;efh53n2;CVE-2018-8581
6;05/02/2019;ancwet;eft74be;CVE-2019-0550
0;05/02/2019;ancwet;eftddm0;CVE-2011-5046
1;05/02/2019;ancwet;eftiyhb;CVE-2015-6125
2;06/02/2019;ani8zn;efvc45i;CVE-2017-15054
1;06/02/2019;ancwet;efw0l93;cve-2015-7547
1;08/02/2019;ani8zn;eg0ptb0;CVE-2000-0992
3;08/02/2019;ani8zn;eg10l2n;CVE-2019-6111
3;12/02/2019;apqwwt;egaxtbt;CVE-2019-5736
1;13/02/2019;apyosx;egdvrcx;CVE-2018-8581
2;20/02/2019;asf3p6;egvkxi2;cve-2018-8340
2;20/02/2019;asuvuu;egwy3k5;CVE-2018-0171
1;28/02/2019;avonvo;ehgs1bw;Cve-2018-0886
2;03/03/2019;awjmhb;ehooxkr;CVE-2018-6260
2;04/03/2019;awvh0k;ehr1f50;CVE-2017-8529
1;04/03/2019;awvh0k;ehr7oxs;CVE-2017-5715
1;04/03/2019;axb4hi;ehsdakh;CVE-2018-8581
1;07/03/2019;aybnxa;ei0c5ky;CVE-2019-5786
4;13/03/2019;b08coa;eig8f6k;CVE-2019-0603
2;15/03/2019;b1hq73;eilpiv6;CVE-2018-20250
3;16/03/2019;b1ls5e;eimp4fg;cve-2019-7238
0;31/03/2019;b7hok9;ejt72dp;CVE-2019-8936
13;09/04/2019;bb9dsi;ekhr42y;CVE-2019-0803
1;26/04/2019;bh9gfp;elt10jc;CVE-2018-8307
1;14/05/2019;bolt2s;enhx06w;CVE-2019-0708
4;14/05/2019;bolt2s;enhx1rq;CVE-2019-0708
2;14/05/2019;bolt2s;enhystx;CVE-2019-0708
34;14/05/2019;boly55;eni7rma;cve-2019-0708
10;14/05/2019;bom77a;eniby2t;cve-2019-0708
5;14/05/2019;bom77a;enic792;cve-2019-0708
14;15/05/2019;bou5ax;enkvur9;CVE-2019-0708
18;15/05/2019;bou5ax;enkw25d;CVE-2018-12126
7;15/05/2019;bou5ax;enlhlkz;cve-2019-0708
125;15/05/2019;bou5ax;enm97ea;cve-2019-0708
1;15/05/2019;bou5ax;enmpxw5;CVE-2019-0708
6;15/05/2019;bou5ax;enmpzqx;cve-2019-0708
1;15/05/2019;bokw6d;enn6yoz;CVE-2018-1433
3;16/05/2019;bpcv9t;enrs6q7;CVE-2018-3639
3;17/05/2019;bou5ax;envbj8x;CVE-2018-3640
3;18/05/2019;bpztwj;eo0nnvc;CVE-2018-14847
3;21/05/2019;br3nll;eo9yfsx;CVE-2019-0708
1;21/05/2019;brejj4;eodm9d5;CVE-2019-0708
1;22/05/2019;brhsaf;eofr930;CVE-2019-1862
2;22/05/2019;brejj4;eog17yh;CVE-2019-0708
2;23/05/2019;brejj4;eoigj0r;CVE-2019-0708
1;27/05/2019;brprh2;ep22efo;Cve-2017-0143
1;30/05/2019;buud7l;epjeucr;CVE-2019-0708
2;02/06/2019;bvujac;epsou8s;CVE-2019-0708
1;07/06/2019;bxyne6;eqaluz8;CVE-2019-0708
2;09/06/2019;byfaa8;eqivhyd;CVE-2019-0708
9;12/06/2019;bznm10;eqv2sbn;CVE-2019-0174
-1;13/06/2019;bzuorb;eqz3nfc;CVE-2019-0708
3;13/06/2019;bzuorb;er0z3h2;CVE-2019-9510
3;13/06/2019;c02zbp;er2v8hk;CVE-2019-0708
2;14/06/2019;c0kf18;er6g9po;CVE-2019-2102
5;17/06/2019;c1r37f;erf1x2y;CVE-2019-11477
15;17/06/2019;c1r37f;erf3htp;cve-2019-11477
5;17/06/2019;c1r37f;erf5fus;CVE-2019-11477
2;18/06/2019;c1onwb;ergnzf0;cve-2019-5439
1;18/06/2019;c24br8;erhkf6q;CVE-2019-0708
3;27/06/2019;c6a9xn;es7die0;CVE-2019-0603
1;28/06/2019;c6lp7l;esa8zsz;cve-2015-7755
6;29/06/2019;c6vvq0;esboxth;CVE-2019-0708
1;02/07/2019;c732ed;esj6x6k;CVE-2019-12939
1;16/07/2019;cdftro;etvu1lv;cve-2019-0708
1;17/07/2019;cdwc98;etzvin0;cve-2019-0708
1;24/07/2019;ch76o7;euq608b;CVE-2019-13615
2;25/07/2019;chmhuu;euvdgu6;CVE-2019-5525
2;28/07/2019;cilbhi;ev9c82n;CVE-2019-13567
4;30/07/2019;cjtcn2;evh8jhb;CVE-2019-13450
79;08/08/2019;cnj0mj;ewbafi6;CVE-2015-7985
1;10/08/2019;coc58u;ewjx89i;CVE-2019-12257
1;11/08/2019;co1p5x;ewmdt70;CVE-2019-0708
1;11/08/2019;co1p5x;ewmsgyc;CVE-2017-3158
7;14/08/2019;cpx206;ewtt3dm;CVE-2019-1181
38;14/08/2019;cq8qex;ewunjfm;CVE-2019-1162
48;14/08/2019;cq8qex;ewunvm9;CVE-2019-1162
20;14/08/2019;cq8qex;ewup3bi;CVE-2019-1162
6;14/08/2019;cq8qex;ewupkd6;CVE-2019-1162
2;14/08/2019;cq8qex;ewupufm;CVE-2019-1162
10;14/08/2019;cq8qex;ewuuqj5;CVE-2019-1162
5;14/08/2019;cq8qex;ewuuvdt;CVE-2019-1162
4;15/08/2019;cq8qex;ewxps96;CVE-2019-1162
1;15/08/2019;cpep9g;ewzhfgv;CVE-2019-0965
13;18/08/2019;cs3n75;excwirh;CVE-2019-8286
32;18/08/2019;cs3n75;exd5egr;CVE-2019-8286
2;30/08/2019;cxgsoi;eym6x0o;CVE-2011-0638
1;10/09/2019;d1ss5w;ezsty7u;cve-2019-0708
6;11/09/2019;d2qjr1;ezwfjqg;CVE-2017-12542
6;11/09/2019;d2qjr1;ezwhyab;CVE-2017-12542
3;12/09/2019;d296nh;ezzj1dk;CVE-2019-1214
9;12/09/2019;d296nh;f00bxxo;CVE-2019-1214
1;14/09/2019;d3p33e;f08nrxj;CVE-2020-1666
1;17/09/2019;d296nh;f0kjcrl;CVE-2019-1138
10;24/09/2019;d8ad6q;f1b96c3;CVE-2019-1367
1;25/09/2019;d8ad6q;f1drn19;CVE-2019-1367
5;25/09/2019;d90laz;f1dvwuh;CVE-2019-1367
1;25/09/2019;d90laz;f1eb6d3;CVE-2019-1367
1;25/09/2019;d94smj;f1f1b1r;CVE-2019-1367
1;25/09/2019;d94smj;f1f4pk4;CVE-2019-1367
1;26/09/2019;d94smj;f1ij02i;CVE-2019-1367
6;27/09/2019;da3g94;f1nc5uj;CVE-2019-16759
2;03/10/2019;dcpztx;f2a03o9;CVE-2019-8942
1;03/10/2019;dcnfm3;f2a3fzf;CVE-2019-1161
2;04/10/2019;dcwup8;f2dekg9;CVE-2019-0708
2;04/10/2019;dcwup8;f2ejy1r;CVE-2019-0708
2;04/10/2019;dd730q;f2ekbo1;CVE-2019-1367
5;04/10/2019;dd730q;f2fd4k6;cve-2019-1367
14;07/10/2019;dejsqd;f2vzbi5;CVE-2019-1367
1;07/10/2019;dejsqd;f2ycxnw;CVE-2019-1367
1;08/10/2019;deromc;f2zv799;cve-2019-1367
2;08/10/2019;demq9x;f2zvjf1;cve-2019-1367
24;08/10/2019;df10l5;f30f81v;CVE-2019-1362
2;08/10/2019;df10l5;f30mz13;CVE-2019-1367
11;10/10/2019;dg2fsh;f38u2xi;CVE-2019-1166
2;14/10/2019;dhqkk7;f3rlrnr;cve-2018-0886
1;15/10/2019;dhxlsi;f3tfbgr;CVE-2019-14287
1;15/10/2019;dhqkk7;f3v1vpc;CVE-2018-0886
0;15/10/2019;dhniy1;f3vn4zo;CVE-2019-16371
1;16/10/2019;dhxlsi;f3yvtwo;CVE-2019-14287
8;20/10/2019;dkdyxt;f4ech5g;CVE-2019-3980
3;20/10/2019;dkdyxt;f4fgsne;CVE-2019-3980
7;20/10/2019;dkdyxt;f4fhpy5;CVE-2019-3980
1;23/10/2019;dm1va4;f4wkff4;CVE-2016-3239
2;25/10/2019;dn0uo1;f570rpu;CVE-2018-8453
36;01/11/2019;dq64hc;f614uc2;cve-2019-13720
66;01/11/2019;dq64hc;f618suu;CVE-2019-13720
1;01/11/2019;dq64hc;f61t7ak;cve-2019-13720
2;05/11/2019;drgo8a;f6lkpnx;CVE-2019-0708
1;12/11/2019;duqnhy;f7c5nex;CVE-2018-8566
35;12/11/2019;dve1hn;f7c9m2o;CVE-2018-12207
3;13/11/2019;dve1hn;f7d2cab;CVE-2018-12207
1;13/11/2019;dvqhhp;f7eqkd3;cve-2019-13720
5;21/11/2019;dve1hn;f87ms60;CVE-2019-1388
10;10/12/2019;e8rzev;faejefg;CVE-2019-1349
1;10/12/2019;e8lrex;faesat3;CVE-2019-5544
2;30/12/2019;ehco16;fcjzzyf;cve-2019-0708
0;30/12/2019;ehco16;fcl3a0w;CVE-2019-1226
1;30/12/2019;ehco16;fclfopd;CVE-2019-9510
1;01/01/2020;ehco16;fcpaxnv;CVE-2019-1181
1;06/01/2020;ekuubj;fdduqwi;CVE-2000-1200
1;07/01/2020;ekuubj;fdhk2wy;CVE-2000-1200
3;08/01/2020;elw5sr;fdlf2a3;cve-2019-1559
1;11/01/2020;en0n9m;fdtovea;CVE-2017-8529
1;11/01/2020;en1rzf;fdyprkt;CVE-2019-19781
4;14/01/2020;eogm9e;fedvhe2;CVE-2020-0601
7;14/01/2020;eogm9e;fedw2fk;CVE-2020-0601
1;14/01/2020;eobmvu;fee10br;CVE-2020-0601
3;14/01/2020;eobmvu;fee15hc;CVE-2020-0601
34;14/01/2020;eoll74;fee1qwg;CVE-2020-0601
5;14/01/2020;eoll74;fee1rus;CVE-2020-0601
5;14/01/2020;eoll74;fee2htr;CVE-2020-0601
8;14/01/2020;eogm9e;fee2jbb;CVE-2020-0601
31;14/01/2020;eogm9e;fee2wyc;CVE-2020-0601
2;14/01/2020;eoll74;fee35ay;CVE-2020-0601
10;14/01/2020;eogm9e;fee35z0;cve-2020-0601
171;14/01/2020;eoll74;fee3txw;CVE-2020-0601
8;14/01/2020;eobmvu;fee3u4h;CVE-2020-0601
1;14/01/2020;eogm9e;fee40qt;cve-2020-0601
6;14/01/2020;eogm9e;fee414p;CVE-2020-0601
7;14/01/2020;eoll74;fee46pc;CVE-2020-0601
3;14/01/2020;eobmvu;fee50f5;CVE-2020-0601
3;14/01/2020;eobmvu;fee5hai;cve-2020-0601
74;14/01/2020;eogm9e;fee6s6t;CVE-2020-0609
0;14/01/2020;eoll74;fee8mas;CVE-2020-0601
1;14/01/2020;eoll74;feeb9v6;CVE-2020-0601
5;14/01/2020;eogm9e;feebqfv;CVE-2020-0601
1;14/01/2020;eog7hi;feefrbz;CVE-2020-0601
3;14/01/2020;eoll74;feei1ao;CVE-2020-0601
5;14/01/2020;eoqxuq;feekyrl;CVE-2020-0609
7;14/01/2020;eoll74;feelfx2;CVE-2020-0601
2;14/01/2020;eoll74;feeng06;CVE-2020-0601
2;14/01/2020;eogm9e;feeok45;CVE-2020-0608
15;14/01/2020;eoll74;feer4hm;CVE-2020-0601
1;14/01/2020;eoll74;feermv1;CVE-2020-0601
1;15/01/2020;eoll74;fef3085;cve-2020-0601
1;15/01/2020;eogm9e;fef3lbc;CVE-2020-0601
2;15/01/2020;eozx4f;feg69gm;CVE-2020-0601
1;15/01/2020;eozx4f;fegih3r;CVE-2020-0601
0;15/01/2020;eop1qp;fegko0p;CVE-2020-0601
1;15/01/2020;eoll74;fegx821;CVE-2020-0601
1;15/01/2020;eoll74;fegxdif;CVE-2020-0601
2;15/01/2020;eoll74;feh70f3;cve-2020-0601
1;16/01/2020;epb77h;feid8t0;CVE-2020-0601
12;16/01/2020;epje0v;fejwy3k;CVE-2020-0601
1;16/01/2020;eogm9e;fek1t9m;CVE-2020-0601
1;16/01/2020;eogm9e;fekah4y;CVE-2020-0601
5;16/01/2020;epms6z;fekcmuu;CVE-2020-0601
1;16/01/2020;epms6z;fekkjgg;CVE-2020-0601
3;17/01/2020;ep0v5b;felw052;CVE-2020-0609
2;17/01/2020;epgtzh;femvb26;CVE-2019-19781
2;19/01/2020;eqztmm;fezu42p;CVE-2020-0601
5;20/01/2020;erc3l9;ff2r1pv;CVE-2020-0601
2;20/01/2020;erdbfl;ff40q18;cve-2019-1559
2;22/01/2020;erj7qw;ff9rpol;CVE-2018-8653
1;27/01/2020;eupfii;ffqqi2h;cve-2020-0601
32;28/01/2020;ev4n8h;fftdquo;cve-2019-11510
8;28/01/2020;ev4n8h;ffttd6a;CVE-2020-0601
3;28/01/2020;ev4n8h;ffttezc;CVE-2020-0601
3;02/02/2020;expanx;fgc036y;CVE-2020-0609
2;03/02/2020;ey4sar;fggjdc6;CVE-2020-0674
7;04/02/2020;eydtuc;fghc73l;CVE-2019-18988
1;04/02/2020;eyfkb4;fgifq4p;CVE-2016-9463
18;11/02/2020;f1zjf7;fh9eh8p;CVE-2020-0674
2;11/02/2020;f1zjf7;fhat5zb;CVE-2020-0674
3;11/02/2020;f1zjf7;fhbn003;CVE-2020-0674
4;11/02/2020;f1zjf7;fhbtmk3;CVE-2020-0674
3;11/02/2020;f1zjf7;fhc2e8r;CVE-2020-0689
3;11/02/2020;f1zjf7;fhc32on;CVE-2020-0674
49;11/02/2020;f1zjf7;fhc3qiv;CVE-2020-0688
2;15/02/2020;f3w6x5;fhomhiu;CVE-2019-18634
2;15/02/2020;f3w6x5;fhomuiz;cve-2019-0708
1;22/02/2020;f7algz;fietv27;cve-2020-1938
12;24/02/2020;f8rek2;fin00gc;CVE-2019-0708
7;24/02/2020;f8t8bc;finjya5;CVE-2019-18196
2;24/02/2020;f8t8bc;finvnpi;CVE-2019-11769
1;24/02/2020;f8t8bc;finzaqy;CVE-2019-18988
0;24/02/2020;f8t8bc;fio5o3w;CVE-2019-18196
1;25/02/2020;f8t8bc;fip3h8r;CVE-2019-18988
14;25/02/2020;f8t8bc;fipc2c2;CVE-2019-11769
11;25/02/2020;f9az5v;fiqqg0f;CVE-2020-0710
20;26/02/2020;f9phxs;fit5plf;CVE-2020-0688
1;27/02/2020;f9phxs;fiw8iwy;CVE-2020-0688
18;28/02/2020;faqlva;fj0la5m;CVE-2020-1938
2;01/03/2020;fbcxo6;fj5c71e;CVE-2019-19781
1;02/03/2020;fc9d6r;fj9d5qv;CVE-2020-0688
1;03/03/2020;fcitmf;fjbjlwv;CVE-2019-13053
1;04/03/2020;fd03hh;fjf31r0;cve-2020-0688
1;09/03/2020;feehqd;fk0mz3c;CVE-2020-0796
1;10/03/2020;ffux05;fk4qhxh;cve-2020-10189
115;10/03/2020;fgiiiy;fk4xlzj;CVE-2020-0796
22;10/03/2020;fgiiiy;fk53pes;CVE-2020-0796
98;10/03/2020;fgiiiy;fk53q3s;CVE-2020-0796
19;10/03/2020;fgiiiy;fk5503o;CVE-2020-0796
82;10/03/2020;fgiiiy;fk570w6;CVE-2020-0796
62;10/03/2020;fgiiiy;fk57lzz;CVE-2020-0796
5;10/03/2020;fgiiiy;fk5efor;CVE-2020-0796
1;11/03/2020;feehqd;fk7eqv7;CVE-2020-0796
1;11/03/2020;fglaoy;fk82h5y;cve-2020-10189
1;12/03/2020;fh538f;fkaf4yf;CVE-2020-0765
1;12/03/2020;fheisu;fkb68zr;CVE-2020-0609
5;12/03/2020;fg4lux;fkb9htp;CVE-2020-0796
3;12/03/2020;fg4lux;fkc19ge;CVE-2020-0796
1;12/03/2020;fhi4st;fkccjiq;CVE-2020-0796
1;12/03/2020;fgiiiy;fkclgn2;CVE-2020-0796
6;18/03/2020;fkhcza;fksq5b0;CVE-2020-0765
2;22/03/2020;fmh461;fl641iy;CVE-2020-0765
6;25/03/2020;fo8j0o;flff2dz;CVE-2019-19781
1;25/03/2020;fov34o;flhpcx1;CVE-2020-0612
1;29/03/2020;fr22lh;fltdlcr;CVE-2018-3646
1;31/03/2020;fs2d1a;flzybro;CVE-2019-0708
1;31/03/2020;fs2d1a;fm0cr1c;CVE-2019-06111
8;31/03/2020;fs2d1a;fm21bpf;CVE-2019-1226
6;05/04/2020;fuyxpt;fmgbz4u;CVE-2019-13450
1;07/04/2020;fwosoe;fmpxiiy;CVE-2020-0688
5;14/04/2020;g0uqta;fne5qx1;CVE-2020-0938
2;14/04/2020;g17nf7;fnev870;CVE-2019-13449
4;14/04/2020;g17nf7;fnfflhz;CVE-2017-3823
1;15/04/2020;g0xrjn;fnh1jio;cve-2020-3952
6;15/04/2020;g17nf7;fnhf0du;CVE-2018-15715
3;16/04/2020;g0uqta;fnlg448;CVE-2020-1020
1;23/04/2020;g6ridn;fod0n5l;CVE-2020-0688
2;24/04/2020;g7f6sp;fohptum;CVE-2019-1010259
6;25/04/2020;g7j3aq;fohztrq;CVE-2017-8563
2;30/04/2020;fyfs59;fp1izzd;cve-2020-3952
1;14/05/2020;ghzoop;fql643v;CVE-2020-1048
7;10/06/2020;h0m5q9;ftmyt7p;CVE-2020-1291
-1;14/06/2020;h8908w;furkwrp;cve-2017-11776
2;18/06/2020;hbm32g;fv9wq94;CVE-2017-8563
1;19/06/2020;hbe0n1;fvauenu;CVE-2020-11901
2;19/06/2020;hbe0n1;fvb88yh;CVE-2020-11896
1;23/06/2020;he8ok8;fvq4xbb;CVE-2018-0886
40;27/06/2020;hgrbgq;fw61nmx;CVE-2019-10690
1;29/06/2020;hht8jb;fweiivq;CVE-2014-6271
2;29/06/2020;hfmgde;fwepkkf;CVE-2019-0708
3;01/07/2020;hj8u0g;fwkzild;CVE-2020-1425
1;01/07/2020;hjb8zj;fwmawla;CVE-2020-1425
1;02/07/2020;hj8u0g;fwo2rls;CVE-2020-1425
2;02/07/2020;hj8u0g;fwp6qf7;CVE-2020-1425
2;08/07/2020;hmuztu;fxa47e2;CVE-2020-8193
13;10/07/2020;houg82;fxkb0jc;CVE-2020-2034
1;12/07/2020;hpi5yk;fxsqrkd;CVE-2020-2021
52;14/07/2020;hr2eav;fy1xmdo;CVE-2020-1350
259;14/07/2020;hr5dfe;fy1ydxb;CVE-2020-1350
21;14/07/2020;hr5dfe;fy2s3xx;CVE-2020-1350
2;15/07/2020;hr5dfe;fy4opbq;CVE-2020-1350
1;15/07/2020;hr5dfe;fy5gkc9;CVE-2020-1350
1;15/07/2020;hrq0mn;fy5pfhc;CVE-2020-1349
3;15/07/2020;hr2eav;fy6xx3w;CVE-2020-1350
1;16/07/2020;hsa0nt;fy9hlgd;cve-2020-1350
1;17/07/2020;hsp4dt;fyc15kg;CVE-2020-1350
1;17/07/2020;hsp4dt;fycrxlb;CVE-2020-1350
120;17/07/2020;ht181m;fye1kz7;CVE-2017-5521
-9;17/07/2020;ht46e5;fyen7ms;CVE-2020-1350
8;20/07/2020;huj0nd;fynsr79;CVE-2020-1350
1;21/07/2020;hr2eav;fyreyou;CVE-2020-1350
4;22/07/2020;hvdmwq;fyv5roe;CVE-2020-1350
9;22/07/2020;hvdmwq;fyv6b1i;CVE-2020-1350
1;22/07/2020;hvdmwq;fyvkl08;CVE-2020-1350
1;27/07/2020;hywvlc;fzgexnm;CVE-2019-0708
1;27/07/2020;hywvlc;fzghe08;CVE-2019-0708
1;29/07/2020;hrq0mn;fzn9302;CVE-2020-1349
4;02/08/2020;i1xauc;g023x5b;cve-2015-0942
3;06/08/2020;i46t3n;g0k0vl9;cve-2019-11510
73;10/08/2020;i73zsc;g0zob97;CVE-2020-13699
5;10/08/2020;i73zsc;g10gl23;CVE-2020-13699
50;11/08/2020;i7ljqo;g14ccvs;CVE-2020-1472
3;11/08/2020;i7ljqo;g14vb1o;CVE-2020-1472
115;12/08/2020;i7ljqo;g16xux2;CVE-2020-1472
4;12/08/2020;i7yh5d;g17aduz;CVE-2020-1472
3;12/08/2020;i7ljqo;g18xcng;CVE-2020-1472
5;17/08/2020;ibhumt;g1vsu1i;cve-2018-0886
4;19/08/2020;icd336;g236v0d;CVE-1234-5678
1;19/08/2020;icwdxq;g25ml1q;CVE-2020-1350
4;20/08/2020;idb95e;g28vjfm;CVE-2019-14615
37;24/08/2020;ifnwg8;g2pg4b9;CVE-2020-6109
1;01/09/2020;ikgt0r;g3lv4z8;CVE-2020-1472
20;05/09/2020;imq3xw;g449r4j;CVE-2019-12255
4;05/09/2020;imq3xw;g44bc48;CVE-2019-12255
6;09/09/2020;ionjq4;g4j8hs5;CVE-2020-16875
3;14/09/2020;isp1bp;g59jyj8;CVE-2020-1472
8;14/09/2020;isp1bp;g59llak;CVE-2020-1472
3;14/09/2020;isp1bp;g59o08n;CVE-2020-1472
12;14/09/2020;isp1bp;g59xz1t;CVE-2020-1472
21;15/09/2020;it9mon;g5d22c3;CVE-2020-1472
14;15/09/2020;it9mon;g5e0oq4;CVE-2020-1472
10;15/09/2020;it9mon;g5eyod1;CVE-2020-1472
1;16/09/2020;i7yh5d;g5ffqin;cve-2020-1472
15;16/09/2020;itpjaz;g5g20uj;CVE-2020-1472
2;17/09/2020;isp1bp;g5jipvc;cve-2020-1472
2;17/09/2020;its4ib;g5l8d5v;CVE-2020-1472
25;18/09/2020;iuxuga;g5oo99b;CVE-2018-15557
2;18/09/2020;iurmcg;g5pb0iw;CVE-2020-1472
0;20/09/2020;iw5bzv;g5x1bmk;CVE-2019-19781
53;20/09/2020;iwczvy;g5z4fi6;CVE-2020-1472
3;20/09/2020;iwczvy;g5zelp9;cve-2020-1472
11;20/09/2020;iweyp8;g5zzccs;CVE-2020-1472
10;20/09/2020;iwczvy;g6001yw;CVE-2020-1472
7;20/09/2020;iwczvy;g61l28c;CVE-2020-1472
4;21/09/2020;iwczvy;g623dod;CVE-2020-1472
1;21/09/2020;ix2vqt;g64r1m1;CVE-2020-1472
1;21/09/2020;isp1bp;g65rcf4;cve-2020-1472
2;22/09/2020;ixpglu;g68zcae;CVE-2020-1472
0;23/09/2020;iy1kgz;g6a6efq;CVE-2020-1472
16;23/09/2020;iy3rpn;g6azc3e;CVE-2020-1472
1;23/09/2020;iwczvy;g6b4kxg;CVE-2020-1472
1;23/09/2020;ixw222;g6d346s;CVE-2020-1472
4;24/09/2020;iyowpo;g6fo8fp;CVE-2020-1472
2;25/09/2020;izlczh;g6k1muo;CVE-2020-1472
2;29/09/2020;j1nrh6;g71jyqo;CVE-2020-1472
1;29/09/2020;j1y3oz;g72a4zy;CVE-2020-1472
2;02/10/2020;j3ld5h;g7cshmh;cve-2020-1472
28;04/10/2020;j4q4m2;g7maa13;CVE-2020-1472
2;04/10/2020;j4q4m2;g7o2jun;CVE-2020-1472
2;04/10/2020;j4q4m2;g7omycx;CVE-2019-1424
1;05/10/2020;j4q4m2;g7rsgxt;CVE-2020-1472
-1;07/10/2020;j67z7r;g7yckd8;CVE-2020-1472
5;07/10/2020;j6rgqz;g806or3;CVE-2020-0765
1;07/10/2020;j6u7ys;g80x6ja;CVE-2020-1472
2;09/10/2020;j7t8oo;g8793vn;CVE-2018-6981
47;10/10/2020;j8u68z;g8e0ep3;CVE-2020-1472
1;11/10/2020;j8u68z;g8fqohl;CVE-2020-1472
3;11/10/2020;j8u68z;g8fr2fo;CVE-2020-1472
1;11/10/2020;j8u68z;g8gxn1j;CVE-2020-1472
6;11/10/2020;j8u68z;g8gxuvv;CVE-2020-1472
1;11/10/2020;j8u68z;g8hoe6i;CVE-2020-1472
-1;11/10/2020;j8u68z;g8hohjy;CVE-2020-1472
0;11/10/2020;j8u68z;g8hoyrf;CVE-2020-1472
0;11/10/2020;j8u68z;g8hp3hr;CVE-2020-1472
2;11/10/2020;j8u68z;g8ic1dj;CVE-2018-13379
1;12/10/2020;j9qtcm;g8m18u0;CVE-2020-1472
1;13/10/2020;jadavv;g8ov9uc;CVE-2020-6963
24;13/10/2020;jadzeq;g8pu0ae;CVE-2020-16898
5;13/10/2020;jakajv;g8q6kkd;cve-2020-16898
14;13/10/2020;jampd7;g8qgsk2;CVE-2020-16898
1;14/10/2020;j8u4uw;g8rctoj;CVE-2016-0778
1;14/10/2020;jb2x1l;g8tvlay;CVE-2020-1472
2;14/10/2020;jampd7;g8u93df;CVE-2020-16898
7;15/10/2020;jadzeq;g8vjs7f;CVE-2020-16951
1;15/10/2020;jbima3;g8vu7gw;CVE-2020-16898
2;16/10/2020;jadzeq;g918ca8;CVE-2020-16947
3;16/10/2020;jadzeq;g91uu9b;CVE-2020-1472
7;18/10/2020;jdh29g;g986134;CVE-2020-1425
15;18/10/2020;jdh29g;g98ati7;CVE-2020-17022
6;18/10/2020;jdh29g;g99m70w;CVE-2020-17022
-6;19/10/2020;jdh29g;g9apffg;CVE-2020-1472
2;19/10/2020;jdx22n;g9blbmw;CVE-2017-14495
1;19/10/2020;je2tau;g9ce0ej;CVE-2020-1472
1;19/10/2020;je2tau;g9chuh7;CVE-2020-1472
3;21/10/2020;jfb79x;g9kusv3;CVE-2020-3118
8;22/10/2020;jfowpg;g9mzpzm;CVE-2020-16952
1;30/10/2020;jkp22s;galy22p;CVE-2020-14882
3;30/10/2020;jkp22s;gamehjk;CVE-2020-14882
2;05/11/2020;jnvw2m;gb8xj1u;CVE-2018-3646
4;10/11/2020;jrflat;gbt8r5v;CVE-2020-1698
2;10/11/2020;jrflat;gbtuj8w;CVE-2020-17087
2;10/11/2020;jrflat;gbvb071;cve-2020-17051
7;13/11/2020;jrflat;gc5ceah;CVE-2020-17049
1;16/11/2020;juuwpc;gcg5qq3;CVE-2019-9160
9;17/11/2020;jvvp4r;gcmeuln;CVE-2020-17049
1;20/11/2020;jxs0m9;gcyq69q;CVE-2020-17049
1;21/11/2020;jrflat;gd0qvad;CVE-2020-17049
3;21/11/2020;jy5jj1;gd0v7d8;CVE-2020-17049
1;09/12/2020;k9dix9;gf78wge;cve-2020-4006
1;10/12/2020;ka3r53;gfb5akb;CVE-2020-1048
36;16/12/2020;kebhgj;gg1omqh;CVE-2020-9399
13;19/12/2020;keyis3;ggecndz;CVE-2020-4006
2;05/01/2021;kqrc3z;gi6jehn;CVE-2017-12542
13;12/01/2021;kvwtvk;gj1tvnx;cve-2021-1678
10;13/01/2021;kvwtvk;gj3oxpm;CVE-2020-0689
6;14/01/2021;kvwtvk;gj7lf5v;CVE-2021-1678
3;14/01/2021;kvwtvk;gj83nje;CVE-2021-1678
7;15/01/2021;kxwdt2;gjdbblh;CVE-2017-0144
1;16/01/2021;kxw2fs;gjf6v31;CVE-2018-20252
24;17/01/2021;kysqsc;gjj321f;CVE-2020-1472
72;17/01/2021;kysqsc;gjjwbv8;CVE-2020-1472
9;17/01/2021;kysqsc;gjk1lh2;CVE-2008-0166
13;17/01/2021;kysqsc;gjm68rw;CVE-2020-1472
13;17/01/2021;kysqsc;gjm95qv;CVE-2020-1472
2;17/01/2021;kysqsc;gjmk9ty;CVE-2020-1472
2;18/01/2021;kzr4l8;gjpidwx;CVE-2020-1472
1;19/01/2021;kysqsc;gjti8ca;CVE-2020-1472
1;19/01/2021;l0gdri;gju9c1m;CVE-2020-1472
3;27/01/2021;l5paq9;gkxl9xw;cve-2021-3156
8;27/01/2021;l6b613;gkzfu8g;CVE-2021-3156
2;27/01/2021;l6bdpw;gkzoaqt;CVE-2020-1472
1;28/01/2021;l6bdpw;gl2e39z;CVE-2020-1472
2;28/01/2021;l73k1g;gl5tj5a;cve-2020-1472
1;29/01/2021;l7z4vh;gl9p3hp;cve-2020-1472
4;30/01/2021;l8qabr;glew6h4;cve-2021-3156
7;02/02/2021;laul05;glqh78k;cve-2020-1472
1;03/02/2021;lbviia;glx4m5n;cve-2020-1472
2;04/02/2021;lcjp7t;gm0xggd;cve-2020-1472
1;04/02/2021;lcfxuo;gm19xi4;cve-2020-0688
1;04/02/2021;lcfxuo;gm1alzq;cve-2020-0688
1;05/02/2021;iwykuh;gm52hg9;CVE-2020-1472
6;08/02/2021;lfi15m;gmlx1th;CVE-2020-1472
1;09/02/2021;lfrsl7;gmo5ex4;cve-2020-1472
12;09/02/2021;lfxqni;gmogarb;cve-2020-1472
2;09/02/2021;lg41kx;gmp5hni;cve-2020-1472
80;09/02/2021;lgcbxu;gmqjw8p;cve-2020-1472
12;09/02/2021;lgcbxu;gmqqprl;CVE-2021-24078
8;09/02/2021;lgcbxu;gmqrafj;CVE-2017-8563
1;10/02/2021;lg9hh8;gmt1708;CVE-2021-1732
1;10/02/2021;lg9hh8;gmt1862;CVE-2021-1732
2;10/02/2021;lgcbxu;gmtalvs;CVE-2020-1472
1;10/02/2021;lgcbxu;gmvn5wk;CVE-2020-1472
0;11/02/2021;lhpwxk;gmyvwux;CVE-2020-0765
0;16/02/2021;llc7j1;gnomcpt;CVE-2020-1472
2;16/02/2021;llc7j1;gnoobsq;cve-2020-1472
5;18/02/2021;lmrknz;gnxixl2;CVE-2020-1472
1;19/02/2021;lnk4us;go0x9sc;CVE-2020-0765
1;22/02/2021;lpy8wi;godqsh7;cve-2020-1472
1;24/02/2021;lrbz1j;goks7s9;cve-2020-1472
0;24/02/2021;lr8t2i;golg8m5;CVE-2017-8503
1;28/02/2021;lsgu85;gp3pfag;CVE-2020-1300
1;28/02/2021;ltomo0;gp5mje6;CVE-2021-21972
2;02/03/2021;lwah3d;gpgljnh;CVE-2021-24085
24;02/03/2021;lwcnkn;gpgp64g;CVE-2021-26855
51;03/03/2021;lwcnkn;gphew3f;CVE-2021-26855
8;03/03/2021;lwcnkn;gphijqm;CVE-2021-26855
19;03/03/2021;lwcnkn;gpi5tjg;CVE-2021-26855
3;03/03/2021;lwcnkn;gpilyuc;CVE-2021-26855
1;03/03/2021;lwcnkn;gpin7yt;CVE-2021-26855
3;03/03/2021;lwcnkn;gpjarcr;CVE-2021-27065
5;03/03/2021;lwcnkn;gpjkayt;CVE-2021-27065
1;03/03/2021;lwcnkn;gpkz6j4;CVE-2021-26855
2;04/03/2021;lwcnkn;gpnbx4z;CVE-2021-26855
0;05/03/2021;lxhhvf;gpr4rue;CVE-2020-1171
4;05/03/2021;lyiltc;gpta1xb;CVE-2021-26855
2;05/03/2021;lyiltc;gptniai;CVE-2021-26855
3;06/03/2021;lyl1xb;gpvacv2;cve-2021-27065
1;06/03/2021;lwcnkn;gpzd7k0;CVE-2021-26855
2;06/03/2021;lyiltc;gpzlslz;cve-2021-26855
23;06/03/2021;lz8or5;gq0ocqd;CVE-2021-26855
5;06/03/2021;lz8or5;gq0qh9q;CVE-2021-26855
1;07/03/2021;lycbxx;gq32w4f;CVE-2021-26855
18;07/03/2021;lzogj5;gq3at4c;CVE-2021-27065
12;07/03/2021;lzogj5;gq3crpi;cve-2021-26855
21;07/03/2021;lzogj5;gq3ooxg;CVE-2021-26855
1;07/03/2021;lz5m21;gq3zk4v;CVE-2021-26855
4;07/03/2021;lzogj5;gq48t0j;CVE-2021-26855
2;07/03/2021;lz5m21;gq49vml;CVE-2021-26857
4;07/03/2021;lzjqk9;gq4ub6i;CVE-2021-26855
4;07/03/2021;lz1jp4;gq4vj47;CVE-2021-27065
3;07/03/2021;lz65y4;gq4yvtz;CVE-2021-26855
17;07/03/2021;lzw5y5;gq52639;CVE-2021-26855
3;07/03/2021;lzogj5;gq5fl3d;CVE-2021-26855
2;08/03/2021;lz1jp4;gq5mj3c;CVE-2021-26857
1;08/03/2021;lzxfip;gq8341r;CVE-2021-26855
1;08/03/2021;lzjqk9;gq83twt;CVE-2021-26855
29;08/03/2021;m0gp6r;gq84duk;CVE-2021-26855
2;08/03/2021;m0hnjz;gq88mtg;CVE-2021-26855
2;08/03/2021;m0dyzh;gq8iqxv;CVE-2021-26855
-1;08/03/2021;m0lxot;gq8krtd;CVE-2021-26855
1;08/03/2021;m0lxot;gq8o5yy;Cve-2021-26855
2;08/03/2021;m0dyzh;gq8si02;CVE-2021-27065
6;08/03/2021;m0mk8g;gq92kgc;CVE-2021-27065
4;08/03/2021;m0mk8g;gq9aauf;CVE-2021-27065
1;09/03/2021;lzjqk9;gqbkt1y;CVE-2021-26855
1;09/03/2021;lzogj5;gqbnv5e;CVE-2021-26855
4;09/03/2021;m0z90n;gqdi8h6;CVE-2021-26902
2;09/03/2021;m0xflh;gqdotbz;CVE-2021-26855
2;09/03/2021;m16y8m;gqduggu;CVE-2021-26857
6;10/03/2021;m0z90n;gqf7dga;CVE-2021-27077
1;10/03/2021;m0z90n;gqgddew;CVE-2021-26411
1;10/03/2021;lyrxyv;gqgp3l8;CVE-2021-26857
1;10/03/2021;m1jkuz;gqgq3qo;CVE-2021-1640
1;11/03/2021;m22hl7;gqkby0q;CVE-2021-27065
1;11/03/2021;m22hl7;gqkcpfu;CVE-2021-27065
345;11/03/2021;m2prtj;gql36w3;CVE-2021-34527
6;11/03/2021;m2prtj;gql8bi6;CVE-2020-1350
1;11/03/2021;lwcnkn;gqlqypo;cve-2021-26855
1;11/03/2021;m2prtj;gqm75es;CVE-2021-24078
7;12/03/2021;m2prtj;gqmvi9i;CVE-2021-3156
5;12/03/2021;m2prtj;gqn077a;CVE-2021-3156
1;12/03/2021;m2prtj;gqn4smt;CVE-2021-26877
2;12/03/2021;m0z90n;gqo1fir;CVE-2021-26897
1;12/03/2021;lwseqr;gqp3xyx;CVE-2021-21166
1;12/03/2021;m3nbkj;gqqtpjq;CVE-2021-26877
1;12/03/2021;m2prtj;gqqvmuv;CVE-2020-28188
3;14/03/2021;m4dsk7;gquny49;CVE-2021-26855
2;14/03/2021;m2prtj;gqussxw;CVE-2021-24078
41;14/03/2021;m4i3xu;gqutxt3;cve-2021-27365
15;14/03/2021;m4i3xu;gquxtzp;cve-2021-27365
2;15/03/2021;m5j818;gr0wti6;CVE-2021-1640
7;16/03/2021;m6az8v;gr5dmtb;CVE-2019-1107
1;18/03/2021;m7yyo6;greqqkg;Cve-2021-26855
1;24/03/2021;mbyo0t;gs28mmr;CVE-2021-27065
1;25/03/2021;lwcnkn;gs74ocj;CVE-2021-26855
6;25/03/2021;md1bd1;gs7itnn;CVE-2021-3450
2;01/04/2021;mhe53h;gt1d90s;CVE-2021-26855
18;02/04/2021;mir4rx;gt64dvs;CVE-2018-13379
1;08/04/2021;mlyszg;gtr1whp;CVE-2021-3449
1;08/04/2021;mmp70q;gtsrfyp;CVE-2021-26855
31;13/04/2021;mpune3;guekd51;CVE-2021-28480
-1;20/04/2021;muadgf;gv5p5fj;cve-2020-12271
18;21/04/2021;mvnv9s;gvdi20j;CVE-2020-36195
24;28/04/2021;n02iog;gw4vlah;CVE-2021-20271
3;05/05/2021;n4qzz5;gx1g7ic;cve-2021-21551
6;05/05/2021;n5fobw;gx26j1u;CVE-2020-28014
6;05/05/2021;n4qzz5;gx2tll7;cve-2021-21551
4;11/05/2021;n9obtj;gxrwsls;CVE-2021-31166
6;11/05/2021;na5jtc;gxs8ixi;CVE-2021-31207
12;19/05/2021;ng49yv;gyot4xm;CVE-2021-31166
2;19/05/2021;ng49yv;gyqbqhi;CVE-2021-31166
3;21/05/2021;n9obtj;gyy4xg7;CVE-2020-17049
2;25/05/2021;nk5l5o;gzcxrql;CVE-2017-7240
2;26/05/2021;nlrrrp;gzklsjq;CVE-2019-0708
1;01/06/2021;nobkq0;h06b717;CVE-2021-1730
12;04/06/2021;nsc9yk;h0m8pw2;cve-2020-1472
4;09/06/2021;nvvwsh;h1632h3;CVE-2021-33742
11;09/06/2021;nuvt4i;h17bykw;CVE-2021-26414
6;11/06/2021;nuvt4i;h1fg60f;CVE-2021-31958
1;11/06/2021;nuvt4i;h1g1r3c;CVE-2021-26414
4;11/06/2021;nuvt4i;h1g6psd;cve-2021-26414
4;12/06/2021;ny10zy;h1i0tqo;CVE-2021-31166
2;22/06/2021;o5li24;h2p1qo6;CVE-2017-7923
3;25/06/2021;o7gphq;h306tel;CVE-2018-18472
3;30/06/2021;oanv72;h3k7iu1;cve-2021-1675
2;30/06/2021;oanv72;h3kxj8i;CVE-2021-1675
1;30/06/2021;oanv72;h3l1wja;cve-2021-1675
7;30/06/2021;oaxwqu;h3lan7b;cve-2021-1675
1;30/06/2021;oaxwqu;h3ljrvm;cve-2021-1675
95;30/06/2021;ob4s06;h3lrcvt;CVE-2021-1675
3;30/06/2021;ob52fh;h3m0ie8;CVE-2021-1675
1;30/06/2021;ob52fh;h3m40b5;CVE-2021-1675
10;30/06/2021;ob4s06;h3m646i;CVE-2021-1675
44;30/06/2021;ob4s06;h3ma04x;cve-2021-1675
2;01/07/2021;ob4s06;h3o6jcg;cve-2021-1675
11;01/07/2021;ob4s06;h3o7cxt;CVE-2021-1675
8;01/07/2021;ob4s06;h3o9bie;CVE-2021-1675
2;01/07/2021;ob4s06;h3oo2o0;cve-2021-1675
8;01/07/2021;ob4s06;h3ootou;cve-2021-1675
3;01/07/2021;ob4s06;h3p3uud;cve-2021-1675
1;01/07/2021;ob4s06;h3p5ogf;CVE-2021-1675
1;01/07/2021;ob4s06;h3pivgl;CVE-2021-1675
2;01/07/2021;obs04t;h3pnn6c;cve-2021-1675
3;02/07/2021;obubp1;h3rf8dt;cve-2021-1675
1;02/07/2021;ob4s06;h3rnm6p;CVE-2021-34527
2;02/07/2021;obubp1;h3rptg1;cve-2021-1675
2;02/07/2021;ob4s06;h3rui87;CVE-2021-34527
2;02/07/2021;ob4s06;h3ruiiq;CVE-2021-34527
1;02/07/2021;ob4s06;h3ruj8r;CVE-2021-34527
1;02/07/2021;ob4s06;h3rujmm;CVE-2021-34527
1;02/07/2021;ob4s06;h3ruk1z;CVE-2021-34527
2;02/07/2021;ob4s06;h3rulnx;CVE-2021-34527
1;02/07/2021;ob4s06;h3rum9d;CVE-2021-34527
1;02/07/2021;ob4s06;h3runf7;CVE-2021-34527
3;02/07/2021;ob4s06;h3ruq27;CVE-2021-34527
1;02/07/2021;ob4s06;h3rurj0;CVE-2021-34527
1;02/07/2021;ob4s06;h3rus9d;CVE-2021-34527
1;02/07/2021;ob4s06;h3ruv8i;CVE-2021-34527
2;02/07/2021;ob4s06;h3rux1i;CVE-2021-34527
1;02/07/2021;ob4s06;h3ruxf6;CVE-2021-34527
1;02/07/2021;ob4s06;h3ruzba;CVE-2021-34527
1;02/07/2021;ob4s06;h3rv4pq;CVE-2021-34527
1;02/07/2021;ob4s06;h3rvfem;CVE-2021-34527
2;02/07/2021;ob4s06;h3rvigo;CVE-2021-34527
1;02/07/2021;ob4s06;h3rvnaz;CVE-2021-34527
1;02/07/2021;oc43qn;h3s0c2l;cve-2021-1675
6;02/07/2021;ob4s06;h3s4o53;CVE-2021-34527
6;02/07/2021;oc6cpp;h3t1g9m;cve-2021-1675
10;02/07/2021;oc6cpp;h3t43ed;cve-2021-1675
2;02/07/2021;ob4s06;h3t5rmy;CVE-2021-34527
10;02/07/2021;occa9m;h3thbqk;CVE-2021-34527
2;02/07/2021;ocbmbg;h3tl1h8;cve-2021-1675
2;02/07/2021;occa9m;h3tu1oq;CVE-2021-34527
2;02/07/2021;ocdcc6;h3tv9ip;CVE-2021-34527
7;02/07/2021;ocezbt;h3uaigj;CVE-2021-34527
4;02/07/2021;occ9by;h3uk8t8;CVE-2021-1645
1;02/07/2021;occ9by;h3ukokh;CVE-2021-34527
1;02/07/2021;occ9by;h3v82z7;CVE-2021-34527
1;03/07/2021;ob4s06;h3v97i4;CVE-2021-34527
40;03/07/2021;ocm6lv;h3vgzty;CVE-2021-34527
30;03/07/2021;ocm6lv;h3vjtov;cve-2021-1675
3;03/07/2021;ocdts0;h3vvbn5;CVE-2021-34527
2;03/07/2021;ocdts0;h3vxg05;cve-2021-1675
-5;03/07/2021;ocn2q7;h3wljj2;CVE-2021-34527
3;03/07/2021;ocn2q7;h3y50jd;CVE-2021-34527
15;04/07/2021;odpi42;h41t016;cve-2021-1675
1;05/07/2021;odpi42;h43lkio;CVE-2021-34527
2;05/07/2021;ob4s06;h43ypk2;CVE-2021-1675
2;05/07/2021;odsj07;h446v8u;CVE-2021-34527
5;06/07/2021;oeungp;h495wc2;CVE-2021-30116
4;06/07/2021;of12xl;h49lnvw;CVE-2021-34527
2;06/07/2021;nuvt4i;h4aa7e2;CVE-2021-34527
38;06/07/2021;of4gcb;h4ad66x;CVE-2021-1765
1;07/07/2021;of4gcb;h4c2hod;CVE-2021-34527
1;07/07/2021;of4gjk;h4cirvy;CVE-2021-34527
2;07/07/2021;oflbny;h4e2lge;CVE-2021-34527
1;07/07/2021;ofrtpe;h4eck7k;CVE-2021-34527
2;07/07/2021;of4gcb;h4egypr;CVE-2021-34527
1;07/07/2021;of4gjk;h4enl4e;CVE-2021-34527
6;08/07/2021;ofplh2;h4f3r3u;CVE-2021-34527
12;08/07/2021;ofpzp7;h4fi6u9;CVE-2016-3238
3;08/07/2021;ofplh2;h4flfhv;CVE-2021-34527
5;08/07/2021;ofxb0a;h4fvdk4;CVE-2021-34527
7;08/07/2021;og2ogi;h4ga4cp;cve-2021-1675
1;08/07/2021;m2prtj;h4gbscy;CVE-2021-34527
58;08/07/2021;og3ja3;h4gk845;CVE-2021-34527
4;08/07/2021;og3ja3;h4gptnj;cve-2021-1675
4;08/07/2021;og3ja3;h4gsale;CVE-2021-34527
23;08/07/2021;og3ja3;h4gt5lc;cve-2021-1675
5;08/07/2021;og3ja3;h4gvcer;CVE-2021-34527
2;08/07/2021;og3ja3;h4gwgfo;cve-2021-1675
1;08/07/2021;og6x0m;h4gxbdi;cve-2021-1675
2;08/07/2021;og3ja3;h4h7aqa;cve-2021-1675
2;08/07/2021;og3ja3;h4h9h3f;cve-2021-1675
1;08/07/2021;og3ja3;h4hphxo;CVE-2021-34527
1;08/07/2021;og87to;h4hrbat;cve-2021-1675
2;08/07/2021;of4gjk;h4hz6pl;cve-2021-34527
1;08/07/2021;ofu1h7;h4hz9lp;cve-2021-34527
1;08/07/2021;of4gjk;h4hzxt7;cve-2021-1675
1;08/07/2021;og3ja3;h4iefn8;cve-2021-1675
1;08/07/2021;og3ja3;h4iyaj4;CVE-2021-34527
3;09/07/2021;ogxd7m;h4lomro;cve-2021-34527
3;09/07/2021;ogyg3s;h4lrz7m;cve-2021-1675
2;10/07/2021;oh5s43;h4pc2pt;cve-2021-34527
8;11/07/2021;oi98ce;h4u7kti;CVE-2021-34527
5;12/07/2021;oi98ce;h4v6hom;CVE-2021-34527
1;12/07/2021;oiocv5;h4wqjnr;CVE-2021-34527
7;12/07/2021;oip99a;h4wsiph;CVE-2021-34527
13;13/07/2021;ojfl7d;h51bihj;CVE-2021-34527
4;13/07/2021;ojfl7d;h521p3i;CVE-2021-34527
1;13/07/2021;oj7r7v;h52io61;CVE-2021-34527
6;13/07/2021;oj7r7v;h52kst6;CVE-2021-34458
4;13/07/2021;oj7r7v;h5324af;cve-2020-17049
5;13/07/2021;oj7r7v;h534s7f;cve-2021-33757
5;13/07/2021;ojpmyr;h535xcf;CVE-2021-31196
1;14/07/2021;ojvcqn;h54n5m7;CVE-2021-34527
1;15/07/2021;oj7r7v;h58lsla;CVE-2021-34448
8;15/07/2021;okv31q;h5ah91e;CVE-2021-34527
2;16/07/2021;ol548t;h5djrny;CVE-2021-34527
2;16/07/2021;ol548t;h5dwus0;CVE-2021-34527
2;16/07/2021;oj7r7v;h5e6v90;CVE-2021-34527
5;16/07/2021;olqfpo;h5gc979;CVE-2021-34527
1;16/07/2021;olqfpo;h5gd1qb;cve-2021-34481
1;18/07/2021;om1xqs;h5kude1;CVE-2021-34527
1;18/07/2021;om1xqs;h5lsajz;CVE-2021-34527
1;18/07/2021;omvi77;h5oybbf;cve-2020-17049
2;19/07/2021;onaprb;h5qi1b1;CVE-2021-34527
2;19/07/2021;onfc5j;h5sm6bt;cve-2021-1675
1;20/07/2021;onaprb;h5uwzm0;CVE-2021-34527
1;20/07/2021;onfc5j;h5vtzsj;cve-2021-1675
2;20/07/2021;onz8jv;h5xn5jx;CVE-2021-33910
3;21/07/2021;onr5c2;h5ywofi;CVE-2021-36934
2;21/07/2021;onr5c2;h5zbz8v;CVE-2021-36934
4;21/07/2021;oo6bpr;h5zg3gr;CVE-2021-36934
1;21/07/2021;onr5c2;h5zncsu;CVE-2021-36934
21;21/07/2021;ooldm1;h6045g6;CVE-2021-33909
1;21/07/2021;oosrwf;h60m80c;CVE-2021-33909
10;22/07/2021;oopkwx;h64bks0;CVE-2021-36934
1;23/07/2021;oopkwx;h69nbxq;CVE-2021-36934
1;27/07/2021;osjnna;h6pm7b2;cve-2021-36934
1;27/07/2021;osjnna;h6pm7ln;cve-2021-36934
7;27/07/2021;osjnna;h6pmbt8;cve-2021-36934
12;29/07/2021;otl76s;h6wnvj8;CVE-2021-33910
1;29/07/2021;otix5q;h6wy3oh;CVE-2016-3238
23;29/07/2021;ou8x47;h70rdmz;CVE-2021-34470
5;02/08/2021;owa1e5;h7eoa3t;CVE-2016-0718
7;05/08/2021;ou8x47;h7ukx7n;CVE-2021-34470
1;07/08/2021;owh8qs;h819xq0;CVE-2021-34470
94;08/08/2021;p07c74;h84spfb;CVE-2021-1675
9;10/08/2021;p1hmwi;h8fm04r;CVE-2021-34481
9;10/08/2021;p1hmwi;h8fxshp;CVE-2021-34535
3;11/08/2021;p1hmwi;h8h5oss;cve-2021-34481
44;11/08/2021;p1hmwi;h8haddq;cve-2021-34481
6;11/08/2021;p1hmwi;h8iy01c;CVE-2021-36949
7;11/08/2021;p1hmwi;h8jvb8e;cve-2021-34481
1;11/08/2021;p2a36n;h8kebqy;cve-2021-34481
19;12/08/2021;p2qlb4;h8lzkos;CVE-2021-1675
4;12/08/2021;p2h6gp;h8m4kt7;CVE-2021-34527
7;12/08/2021;p1hmwi;h8nad6m;CVE-2021-36958
5;12/08/2021;p2sy8p;h8nodug;CVE-2021-36958
2;12/08/2021;p1hmwi;h8nxbes;cve-2021-34481
1;12/08/2021;p1v2sm;h8o4w5i;cve-2021-34481
19;12/08/2021;p1hmwi;h8oa25u;cve-2021-34481
6;12/08/2021;p3af85;h8pnu1d;cve-2021-34481
3;12/08/2021;p3af85;h8pwuc1;cve-2021-34481
3;13/08/2021;ou8x47;h8q6by1;cve-2021-34470
3;13/08/2021;p2h6gp;h8qf0gr;CVE-2021-34481
4;13/08/2021;p2h6gp;h8s1eyw;cve-2021-34481
5;13/08/2021;p1hmwi;h8t4bdr;CVE-2021-36934
3;13/08/2021;p3d23l;h8tmpkl;cve-2021-34470
2;13/08/2021;p2h6gp;h8u53r8;cve-2021-34481
5;13/08/2021;p3lxif;h8u84lb;cve-2021-34481
3;13/08/2021;p2h6gp;h8u8p3x;cve-2021-34481
2;13/08/2021;p3lxif;h8ulppc;cve-2021-34481
2;14/08/2021;p3lxif;h8wfpvc;cve-2021-34481
21;14/08/2021;p1hmwi;h8ysoc7;CVE-2021-36958
9;16/08/2021;p4enqg;h94ogu1;CVE-2021-34527
2;16/08/2021;p1hmwi;h95njbl;CVE-2021-34473
5;16/08/2021;p5d0v7;h95ynby;cve-2021-34481
13;16/08/2021;p2h6gp;h96vpvh;cve-2021-34481
1;16/08/2021;p2h6gp;h96wqts;cve-2021-34481
2;17/08/2021;p2czsb;h9aumvl;cve-2021-34481
3;17/08/2021;p62gjw;h9awprf;cve-2021-34481
2;17/08/2021;p6b8mq;h9bxz7e;cve-2021-34481
1;18/08/2021;p6robe;h9fhydp;cve-2021-34481
11;18/08/2021;p71mdi;h9gmhow;cve-2021-34481
3;19/08/2021;p3af85;h9ic3tt;cve-2021-34481
4;19/08/2021;p7bk4v;h9iudwz;cve-2021-34481
1;19/08/2021;p7f8lh;h9jdqo5;CVE-2021-34527
1;20/08/2021;oo6bpr;h9oao6t;CVE-2021-36934
6;21/08/2021;p8j6hv;h9r3dms;CVE-2021-31196
3;22/08/2021;p7bk4v;h9wm84w;cve-2021-34481
2;23/08/2021;p7bk4v;ha0or8y;CVE-2021-34481
6;23/08/2021;pa0lup;ha1bsvp;CVE-2021-34481
1;23/08/2021;pa6ca3;ha2hgav;cve-2021-34481
1;24/08/2021;p3af85;ha7erir;cve-2021-34481
1;25/08/2021;pa4ck4;haa9xid;CVE-2021-34473
1;26/08/2021;pbxmxr;hafvi3r;CVE-2021-3712
1;26/08/2021;pbxmxr;hah71kb;cve-2021-3712
1;27/08/2021;p7bk4v;hahxxkx;cve-2021-34481
1;27/08/2021;pbi2mc;hai5ci2;CVE-2021-34481
2;27/08/2021;pcjy49;hajfj4j;CVE-2021-34527
2;27/08/2021;p1hmwi;hajjh8g;CVE-2021-36934
1;28/08/2021;pcs58b;haphunm;cve-2021-1675
20;29/08/2021;pdw5du;hat3j7l;cve-2021-34481
9;29/08/2021;pdw5du;hau3pw9;cve-2021-34481
1;30/08/2021;peozqu;hayqgcp;CVE-2021-34527
1;30/08/2021;pdw5du;hazkhw3;cve-2021-34481
7;01/09/2021;pg0shl;hb8hs22;CVE-2021-26084
2;02/09/2021;pg4pef;hba6jnv;cve-2021-34481
6;02/09/2021;pgk113;hbbrc7x;cve-2021-34481
1;03/09/2021;pgowsz;hbellb9;cve-2020-1048
1;04/09/2021;phhq4n;hbkmxn8;CVE-2021-26084
1;09/09/2021;pka9rc;hc5i0si;CVE-2021-34481
13;09/09/2021;pl2ucq;hc7tc9p;CVE-2021-40346
3;09/09/2021;pl2ucq;hc7tk5l;cve-2021-40346
19;09/09/2021;pl3pi5;hc84970;CVE-2021-34527
2;09/09/2021;pl90za;hc8vv7i;CVE-2021-40444
16;10/09/2021;pl90za;hc8y8p3;cve-2021-40444
7;10/09/2021;pl3pi5;hc90qe2;cve-2021-34481
1;10/09/2021;p2czsb;hcb2a07;cve-2021-34481
10;10/09/2021;pl90za;hcb4n29;CVE-2021-40444
1;13/09/2021;pkhy04;hco7u80;CVE-2021-40444
1;13/09/2021;pnhzio;hcpgo5m;CVE-2021-36958
46;14/09/2021;pnve0h;hcsbnc4;CVE-2021-40444
2;14/09/2021;pnmzdj;hcsnun7;CVE-2021-36958
11;14/09/2021;pnmzdj;hcsq35g;CVE-2021-34481
10;14/09/2021;pnve0h;hcugl97;CVE-2021-36965
7;14/09/2021;pnve0h;hcugldu;CVE-2021-40444
2;14/09/2021;pnve0h;hcurg3b;CVE-2021-40444
1;14/09/2021;pnmzdj;hcv0uvq;CVE-2021-36958
3;14/09/2021;pnve0h;hcvfjdb;cve-2021-34481
3;15/09/2021;pnve0h;hcw8ywv;CVE-2021-36965
6;15/09/2021;pnve0h;hcxs0nl;cve-2021-34481
3;15/09/2021;pnve0h;hcyi9kb;CVE-2021-40444
5;15/09/2021;pnve0h;hcyqw4s;CVE-2021-40444
3;16/09/2021;porwtd;hd13jr4;CVE-2021-1678
3;17/09/2021;pnve0h;hd5p51l;cve-2021-1678
2;17/09/2021;ppdztz;hd7spd1;cve-2021-1678
2;17/09/2021;pppzvt;hd8t056;cve-2021-1678
2;17/09/2021;pq1yhk;hd8x36l;cve-2021-36934
16;18/09/2021;pq6pju;hda7j46;cve-2021-1678
5;18/09/2021;pq996i;hdaljsx;cve-2021-1678
22;18/09/2021;pnve0h;hdalrdu;cve-2021-1678
1;18/09/2021;pnve0h;hdanep6;cve-2021-34481
3;18/09/2021;pq6pju;hddcqfo;cve-2021-26414
7;20/09/2021;pnve0h;hdlebyg;CVE-2021-1678
3;20/09/2021;prst9w;hdlfe6u;CVE-2021-1678
1;20/09/2021;pppzvt;hdlt5t2;cve-2021-1678
4;20/09/2021;ps27dq;hdn5wp7;CVE-2021-40444
1;21/09/2021;psf4ku;hdpyk7v;CVE-2021-1678
1;21/09/2021;psiivt;hds1g5f;cve-2021-1678
7;22/09/2021;psudk0;hdsjpvd;cve-2021-34481
6;22/09/2021;pt3c5f;hdttiga;CVE-2021-40444
1;22/09/2021;pdw5du;hdu5gmw;cve-2021-34481
1;22/09/2021;pdw5du;hdu5lml;cve-2021-34481
4;22/09/2021;ptckmw;hdvfrnz;CVE-2020-4005
1;22/09/2021;psnr6h;hdvvc6v;CVE-2021-22005
11;22/09/2021;pt8097;hdvxin9;CVE-2016-9940
3;23/09/2021;ptqnmy;hdy8igt;cve-2021-1678
6;23/09/2021;ptwvrv;hdz689x;CVE-2021-34527
2;23/09/2021;ptwvrv;hdzq8a1;CVE-2021-1678
2;23/09/2021;ptwvrv;hdzwh7p;cve-2021-34481
1;24/09/2021;pt8097;he2b4dd;CVE-2021-40444
1;24/09/2021;ptwvrv;he2k5dy;CVE-2021-34481
3;24/09/2021;ptwvrv;he38gsi;CVE-2021-34527
1;24/09/2021;ptwvrv;he395u7;CVE-2021-34527
1;24/09/2021;ptwvrv;he3al1u;cve-2021-34481
1;24/09/2021;ptwvrv;he3csti;CVE-2021-34527
1;24/09/2021;ptwvrv;he3ewdj;CVE-2021-34527
1;24/09/2021;ptwvrv;he3rs3h;CVE-2021-34481
1;24/09/2021;ptwvrv;he3uhoj;CVE-2021-34527
12;27/09/2021;pwfj9q;hegozjo;cve-2021-34481
1;29/09/2021;pxshek;heptkvl;CVE-2021-22005
1;29/09/2021;pxu4od;hepvuht;cve-2021-34481
1;30/09/2021;pyksrv;hev55jm;cve-2021-34481
8;30/09/2021;pynmps;hevkrsj;cve-2021-34481
1;30/09/2021;pymph2;hevyqdz;cve-2021-1678
35;30/09/2021;pynmps;hewe848;cve-2021-34481
1;01/10/2021;pynmps;hewz54a;CVE-2021-34527
1;01/10/2021;pynmps;hexphe9;cve-2021-34481
1;01/10/2021;pynmps;hexqs65;cve-2021-1678
1;01/10/2021;pysak2;heyd75e;cve-2021-1678
3;04/10/2021;q0jkte;hfbk4nx;CVE-2019-1181
1;04/10/2021;pymph2;hfeg6rl;cve-2021-1678
5;08/10/2021;q4460z;hfwb0ni;cve-2021-41773
1;09/10/2021;q44hyj;hfy6nrw;cve-2021-1678
2;12/10/2021;q6ni2z;hgcyv4p;CVE-2021-1678
13;12/10/2021;q6dldm;hgdmhaf;CVE-2021-26427
1;12/10/2021;q6ni2z;hgee6k3;CVE-2021-40444
11;14/10/2021;q6dldm;hgkh9as;cve-2021-1678
2;14/10/2021;q7pqjo;hgmgkde;cve-2021-1678
4;14/10/2021;q83a11;hgnhxvk;cve-2021-1678
1;16/10/2021;q8sgdi;hgwlt9v;cve-2021-1678
178;18/10/2021;qamxfa;hh40m82;cve-2021-34481
2;18/10/2021;qamxfa;hh57hdw;cve-2021-1678
10;18/10/2021;qamxfa;hh5ngyc;cve-2021-1678
3;18/10/2021;qamxfa;hh5nx4r;cve-2021-1678
2;19/10/2021;q8sgdi;hh6jy9k;cve-2021-34481
1;19/10/2021;qamxfa;hh6t2m8;cve-2021-1678
5;19/10/2021;qbb2e0;hh9mfku;cve-2021-1678
6;22/10/2021;qdcm32;hhmc8bp;CVE-2021-1678
1;22/10/2021;qdcm32;hhmiaao;CVE-2021-1678
2;22/10/2021;qdcm32;hhmu1gw;CVE-2021-1678
4;22/10/2021;qdcm32;hhmzmzl;cve-2021-1678
7;22/10/2021;qdeley;hhn3ijd;cve-2021-34481
6;23/10/2021;qec9du;hhsk47b;CVE-2021-40444
2;23/10/2021;qec9du;hhso5x1;CVE-2021-40444
13;29/10/2021;qi084q;higrma7;cve-2020-1350
1;30/10/2021;qioywo;himnbi3;CVE-2021-31207
40;31/10/2021;qjz04u;hitnyz0;CVE-2021-22205
3;02/11/2021;qjz04u;hj0dky9;cve-2021-22205
3;02/11/2021;qjz04u;hj0ec4p;cve-2021-22205
2;02/11/2021;qjz04u;hj0ktan;cve-2021-22205
2;05/11/2021;qmp675;hjfp3p4;cve-2021-1678
1;05/11/2021;qni5fj;hjgk1oa;CVE-2021-26855
1;06/11/2021;qnt4vb;hjjyhrc;CVE-2021-26427
29;09/11/2021;qqd3nu;hjzks2g;CVE-2021-42321
24;10/11/2021;qqj5w9;hk0qo1z;CVE-2020-0688
5;10/11/2021;qqd3nu;hk34c8g;CVE-2021-22048
2;10/11/2021;qqj60j;hk3ax89;cve-2021-42287
4;10/11/2021;qqumpx;hk3paui;CVE-2021-42321
10;10/11/2021;qr09mk;hk3pz00;CVE-2021-3064
1;10/11/2021;qr09mk;hk3v4vs;CVE-2021-3064
5;10/11/2021;qqd3nu;hk41oo7;cve-2021-42287
2;11/11/2021;qqj60j;hk6vpq9;cve-2021-42287
14;11/11/2021;qrp486;hk8f72k;CVE-2021-0157
5;15/11/2021;qug6wy;hkq3dhd;CVE-2021-34484
20;16/11/2021;qvigfk;hkwq2qf;CVE-2021-0157
1;17/11/2021;pf2fxv;hl18gp7;CVE-2021-31207
72;23/11/2021;r066kq;hlqk3hd;CVE-2021-41379
-3;23/11/2021;r0hn2k;hlu01g6;CVE-2021-41379
4;24/11/2021;r0hn2k;hlu93oa;CVE-2021-41379
3;24/11/2021;r19ajk;hlxdpcw;cve-2021-26414
1;24/11/2021;r0t7ud;hly5aae;cve-2021-34470
3;29/11/2021;r4yc32;hmktnnj;CVE-2021-42321
2;01/12/2021;r674z2;hms4i6t;CVE-2021-41379
1;03/12/2021;r7a4fy;hn3ar79;CVE-2021-34481
3;04/12/2021;r8webv;hn8gs3o;CVE-2020-1350
7;07/12/2021;razhy9;hnljj07;cve-2021-44515
3;07/12/2021;razhy9;hnlygzu;cve-2021-44515
1;09/12/2021;rbw73k;hnumpk8;CVE-2020-16592
1;10/12/2021;rcnkv9;hnzf7tt;CVE-2021-31983
7;10/12/2021;rcuzta;ho06fe3;CVE-2021-44228
37;10/12/2021;rdjt8t;ho1k0yd;cve-2021-44228
13;10/12/2021;rdjt8t;ho1r7za;CVE-2021-44228
1;11/12/2021;rdjt8t;ho2ml14;cve-2021-44228
4;11/12/2021;rdq4i7;ho2pz0j;CVE-2021-44228
5;11/12/2021;rdbaeb;ho2sp9t;cve-2021-44228
5;11/12/2021;rdjt8t;ho2vwia;cve-2021-44228
3;11/12/2021;rdbaeb;ho3rw0d;cve-2021-44228
4;11/12/2021;rdbaeb;ho46yq7;cve-2021-44228
1;11/12/2021;rdbaeb;ho4hdv3;CVE-2021-44228
3;11/12/2021;rdjt8t;ho4oxiu;cve-2021-44228
7;11/12/2021;rdnn5y;ho53hhv;cve-2021-44228
24;11/12/2021;re7pzd;ho62zaf;cve-2021-44228
1;11/12/2021;rdnn5y;ho68a68;CVE-2021-44228
1;12/12/2021;rdnn5y;ho6sq9l;cve-2021-44228
4;12/12/2021;rdnn5y;ho7go98;CVE-2021-44228
4;12/12/2021;re7pzd;ho7vm8r;CVE-2021-44228
17;12/12/2021;reqc6f;ho9vmx6;cve-2021-44228
7;12/12/2021;reqc6f;hob5jzg;cve-2021-44228
3;12/12/2021;reqc6f;hob5tni;cve-2021-44228
4;13/12/2021;reqc6f;hobcj0b;cve-2021-44228
12;13/12/2021;reqc6f;hobwx2k;cve-2021-44228
8;13/12/2021;rezejm;hoc2sbt;cve-2021-44228
18;13/12/2021;rf6eze;hoc78sr;cve-2021-44228
3;13/12/2021;rezejm;hoc9l7i;cve-2021-44228
2;13/12/2021;reqc6f;hod1j25;CVE-2021-4104
34;13/12/2021;rf97b2;hod31d8;CVE-2019-17571
6;13/12/2021;rf97b2;hod85ra;CVE-2021-44228
20;13/12/2021;rf97b2;hodcz8z;CVE-2021-44228
4;13/12/2021;rf97b2;hodgn6p;CVE-2021-4104
6;13/12/2021;rezejm;hodiq05;cve-2021-4104
5;13/12/2021;rf97b2;hodovr5;CVE-2021-44228
8;13/12/2021;rfcch5;hodpws6;CVE-2021-44228
6;13/12/2021;rfeve6;hodwzzc;CVE-2021-44228
3;13/12/2021;rezejm;hoe48ld;cve-2021-44228
1;13/12/2021;rfa4px;hoe5aml;CVE-2021-44228
-3;13/12/2021;rf97b2;hoe6dgk;CVE-2021-44228
3;13/12/2021;rf97b2;hoeblk9;cve-2021-44228
3;13/12/2021;rf97b2;hoeeekh;CVE-2021-4104
12;13/12/2021;rf97b2;hoeioi6;CVE-2019-17571
19;13/12/2021;rfkwvr;hoejkdb;CVE-2021-44228
38;13/12/2021;rf97b2;hoevke2;CVE-2021-44228
2;13/12/2021;rfm4e9;hoew2mx;cve-2021-44228
4;13/12/2021;rf97b2;hof3f7h;CVE-2021-44228
8;13/12/2021;rfn1fd;hofdf9m;cve-2021-44228
3;13/12/2021;rfrmsg;hofohba;CVE-2021-44228
1;13/12/2021;rfdwfs;hofyoyj;cve-2021-44228
1;14/12/2021;rezejm;hog5e1c;cve-2021-44228
2;14/12/2021;rezejm;hog6li3;CVE-2021-4104
2;14/12/2021;rezejm;hog7awz;cve-2021-44228
7;14/12/2021;rfuger;hog98dn;cve-2021-44228
2;14/12/2021;rfvu6q;hoggep1;cve-2021-44228
3;14/12/2021;rfvu6q;hogitd6;cve-2021-44228
2;14/12/2021;rezejm;hogrpva;CVE-2021-44228
17;14/12/2021;rfvbfm;hogwgny;cve-2021-44228
1;14/12/2021;rfj20y;hoh1auf;cve-2021-4104
2;14/12/2021;rfvbfm;hoi3gvn;CVE-2021-44228
7;14/12/2021;rfqlip;hoic90a;cve-2021-44228
17;14/12/2021;rg5dpt;hoicdqh;CVE-2021-44228
1;14/12/2021;rg5ss2;hoiczuj;CVE-2019-17571
5;14/12/2021;rg49lc;hoikp3e;CVE-2021-4104
11;14/12/2021;rg3jb8;hoitpmm;cve-2021-44228
1;14/12/2021;rg3jb8;hoiw81j;cve-2021-44228
4;14/12/2021;rgbec2;hoj2ljd;CVE-2021-44228
1;14/12/2021;rg8kyh;hoj44vj;cve-2021-44228
1;14/12/2021;rfvbfm;hoj54vt;cve-2021-44228
7;14/12/2021;rgbqpr;hojffhd;CVE-2021-43233
7;14/12/2021;rg3jb8;hojiapm;CVE-2021-44228
3;14/12/2021;rg5dpt;hojkcmn;CVE-2021-44228
1;14/12/2021;rg8kyh;hok8qgz;CVE-2021-45046
26;14/12/2021;rgggwx;hokd2qb;CVE-2021-44228
3;14/12/2021;rg3jb8;hokgdqy;cve-2021-44228
25;14/12/2021;rgigex;hokhs5s;CVE-2021-43240
1;14/12/2021;rgektp;hokl5qy;CVE-2021-4104
1;14/12/2021;rgektp;hokl6dg;CVE-2021-4104
11;15/12/2021;rgggwx;hokvpfh;cve-2021-44228
2;15/12/2021;rg3jb8;hokxn5f;cve-2021-44228
6;15/12/2021;rgm622;hol4253;CVE-2021-45046
8;15/12/2021;rgggwx;hol53x2;CVE-2021-45046
3;15/12/2021;rgndby;hola9pf;CVE-2021-4104
5;15/12/2021;rgggwx;holo7dn;cve-2016-2345
6;15/12/2021;rflx5t;hom3ej3;CVE-2021-44228
3;15/12/2021;rgstmn;hom7m2q;cve-2021-44228
2;15/12/2021;rf97b2;homur82;cve-2021-44228
32;15/12/2021;rh0ev1;honjwdv;cve-2021-44228
9;15/12/2021;rgigex;honoyvl;CVE-2021-43890
1;15/12/2021;rg8kyh;honrehx;CVE-2021-44228
1;15/12/2021;rezejm;honurg4;CVE-2021-44228
7;15/12/2021;rh0ev1;hooc9g8;CVE-2019-17571
3;15/12/2021;rh5yfv;hooddyw;cve-2021-45046
7;15/12/2021;rh5yfv;hoodipj;CVE-2021-45046
2;15/12/2021;rgxa1r;hoofpjl;CVE-2021-45046
3;15/12/2021;rh0ev1;hoourhv;cve-2021-44228
3;15/12/2021;rha9js;hopkpqf;cve-2021-44228
8;15/12/2021;rhbwn1;hopnrnb;CVE-2021-44228
1;15/12/2021;rgn2lu;hopo3uw;CVE-2021-44228
3;15/12/2021;rgxa1r;hopofm1;CVE-2021-44228
1;16/12/2021;rh2dt0;hoprg9b;CVE-2021-44228
3;16/12/2021;rhd773;hoq0qlu;CVE-2021-44228
3;16/12/2021;rhnlxb;hos1r69;cve-2021-34481
2;16/12/2021;rh0ev1;hos4ufg;CVE-2021-4104
1;16/12/2021;rg5dpt;hosfpp5;cve-2021-44228
2;16/12/2021;rhpufm;hoslaw4;CVE-2021-44228
14;16/12/2021;rhwwyi;hotcj1g;CVE-2021-42287
2;16/12/2021;rhwpjk;hotibe6;CVE-2021-44228
4;16/12/2021;rhwwyi;hotxot2;cve-2021-44228
1;16/12/2021;rhwwyi;hotymhb;CVE-2021-44228
3;16/12/2021;rhwwyi;hotzlz6;CVE-2021-44228
5;17/12/2021;ri1xcc;houwdkb;cve-2021-45046
3;17/12/2021;rhwwyi;hov2ujz;CVE-2021-4104
2;17/12/2021;rg5dpt;hov7kt3;CVE-2021-44228
2;17/12/2021;rfoz5d;hov87gd;CVE-2021-44228
5;17/12/2021;rhwwyi;hov89we;CVE-2021-44228
1;17/12/2021;rhwwyi;hovsr9h;CVE-2021-44228
2;17/12/2021;ri5b4a;howxjhs;CVE-2021-44228
1;17/12/2021;rhwwyi;hoxec63;cve-2021-4104
1;17/12/2021;rfoz5d;hoxq2yy;cve-2021-44228
1;17/12/2021;rezejm;hoxr6ym;CVE-2021-44228
4;17/12/2021;rij9er;hoybdso;CVE-2021-44228
6;17/12/2021;ril8r0;hoytjom;CVE-2021-45046
1;17/12/2021;rfoz5d;hoyvic1;CVE-2021-44228
1;17/12/2021;rfoz5d;hoz1z5s;CVE-2021-44228
2;17/12/2021;riqtcp;hoz5rgb;CVE-2021-44228
4;18/12/2021;rit8wm;hp1jq24;CVE-2021-44228
61;18/12/2021;rj8y6u;hp1zp9t;CVE-2021-44228
8;18/12/2021;rj8y6u;hp20s3m;CVE-2021-44228
7;18/12/2021;rjdk8z;hp2ualc;CVE-2021-44228
1;18/12/2021;rj8y6u;hp2z73a;CVE-2021-44228
2;18/12/2021;rj3ulu;hp3c9qc;CVE-2021-44228
2;18/12/2021;rj8y6u;hp3gkjn;CVE-2021-44228
1;18/12/2021;rj14u2;hp3sjnf;cve-2021-44228
1;18/12/2021;rj8y6u;hp3vakl;cve-2021-44228
2;19/12/2021;rjazcu;hp6o39g;CVE-2021-44228
10;20/12/2021;rkaco9;hp9irvy;CVE-2021-45105
3;20/12/2021;rkaco9;hpam3ba;CVE-2021-44228
27;20/12/2021;rkx37f;hpcg9k4;CVE-2021-42287
3;22/12/2021;rm0a5n;hpjja80;cve-2021-1678
1;22/12/2021;rgoej9;hplpnjl;cve-2021-34481
11;22/12/2021;rmhkeo;hpmb4f9;CVE-2021-44790
1;23/12/2021;rmhkeo;hpnds0y;CVE-2021-44224
6;23/12/2021;rmhkeo;hpnp6gg;CVE-2021-44790
2;23/12/2021;rlg6oy;hpo2ysa;CVE-2021-43890
8;23/12/2021;rmr153;hpopiep;cve-2021-44228
2;23/12/2021;rmz5uo;hpp5ahm;cve-2021-44228
4;23/12/2021;rn1eqf;hppkhfr;cve-2021-44228
17;27/12/2021;rpbq8z;hq3iha5;CVE-2021-44228
2;27/12/2021;rpbq8z;hq5wa55;CVE-2021-44228
7;27/12/2021;rpt1f4;hq6h6r2;CVE-2021-44228
12;28/12/2021;rqikwo;hqarf56;CVE-2021-44832
11;28/12/2021;rqikwo;hqaukgx;CVE-2021-44832
9;28/12/2021;rqikwo;hqavkod;CVE-2021-44832
1;28/12/2021;rqikwo;hqbc1tu;CVE-2021-44832
2;28/12/2021;rqkjn5;hqbm8l0;CVE-2021-44228
2;29/12/2021;rqkbzp;hqe3e0h;CVE-2021-8888
25;01/01/2022;rtn6yz;hquekio;cve-2021-34481
3;01/01/2022;rtn6yz;hquxt88;cve-2021-34481
3;02/01/2022;rtwzj5;hqvr7nf;cve-2021-44228
4;04/01/2022;rvpu5i;hr6z19z;CVE-2021-44228
2;04/01/2022;rvpu5i;hr71wsf;CVE-2021-44228
1;05/01/2022;rkvao0;hrdmz4y;cve-2021-44228
4;05/01/2022;rwqs6t;hrearza;CVE-2021-4104
2;08/01/2022;ryuj0h;hrs52tl;CVE-2021-28041
1;10/01/2022;s0n89c;hs3c75c;CVE-2020-0609
5;11/01/2022;s0yyjx;hs6ice8;CVE-2021-44832
52;11/01/2022;s1jcue;hs8ku3u;CVE-2022-21969
14;11/01/2022;s1jcue;hs8plbr;CVE-2022-21907
6;12/01/2022;s1jcue;hsa4u0q;CVE-2022-21907
3;12/01/2022;s1oqv8;hsbx6wg;CVE-2022-21843
10;12/01/2022;s21ae1;hscppgi;CVE-2022-21849
1;12/01/2022;s1jcue;hsd5xez;CVE-2022-21907
1;12/01/2022;s1jcue;hsdoco8;CVE-2022-21969
5;13/01/2022;s2ryiz;hsggd9s;CVE-2021-44790
6;13/01/2022;s2ryiz;hsgjlvc;CVE-2021-43527
4;13/01/2022;s30p6w;hshulev;CVE-2021-34470
1;13/01/2022;s1jcue;hsinv4h;CVE-2022-21849
2;16/01/2022;s50nk8;hsumhcr;cve-2021-42287
4;18/01/2022;s6vllw;ht785fx;cve-2022-21907
1;20/01/2022;s7vwnw;htep00f;cve-2020-17049
1;20/01/2022;s7vwnw;hthj18r;CVE-2020-1599
1;21/01/2022;s8v1x9;htjt1oa;cve-2021-1678
3;21/01/2022;s1jcue;htleyw0;CVE-2022-21907
19;24/01/2022;sb8fx8;htz3apl;CVE-2021-31854
33;25/01/2022;sc9auf;hu4wyjv;CVE-2021-44224
2;25/01/2022;scmorq;hu81voy;CVE-2021-4034
12;26/01/2022;scmorq;hu845p2;CVE-2021-4034
3;26/01/2022;scmorq;hub760u;CVE-2021-4034
4;26/01/2022;sd6pft;hubderr;CVE-2019-1201
13;28/01/2022;seqlk6;hukwh8n;CVE-2021-22204
5;29/01/2022;sfgzpx;huq9en4;CVE-2019-16294
2;29/01/2022;sfru7y;hurt9zd;CVE-2022-21882
4;31/01/2022;sh9ygx;hv18xu7;CVE-2021-4034
1;31/01/2022;sh6laz;hv273gb;CVE-2019-11135
0;01/02/2022;sfru7y;hv4tsol;cve-2021-4034
12;06/02/2022;sltvxk;hvt09ul;CVE-2021-44142
39;08/02/2022;snbn8q;hw451gc;CVE-2022-21984
2;08/02/2022;snbn8q;hw4sfez;CVE-2022-21997
2;09/02/2022;snbn8q;hw7f08k;cve-2022-21920
4;09/02/2022;snbn8q;hw7xn42;cve-2022-21989
1;15/02/2022;s1jcue;hwz2zc5;CVE-2022-21920
2;15/02/2022;sq1kq5;hx1shvv;CVE-2013-3900
3;15/02/2022;snbn8q;hx3cmh0;cve-2022-21999
2;17/02/2022;stxwqe;hx8wcy4;CVE-2022-0609
1;17/02/2022;su3mg2;hx8xd0k;cve-2021-1678
2;17/02/2022;s1jcue;hxbit9s;cve-2022-21920
1;23/02/2022;sz393f;hy1g3x7;CVE-2019-19906
2;25/02/2022;szkj3r;hybet9x;CVE-2022-23176
1;03/03/2022;s6x4o9;hz5kjyn;CVE-2021-44228
9;08/03/2022;t992xm;hzt6xs0;cve-2022-0847
11;08/03/2022;t992xm;hzv66fs;CVE-2022-23277
3;09/03/2022;t992xm;hzyatma;CVE-2022-23277
5;09/03/2022;t992xm;hzyuva2;CVE-2022-23294
1;09/03/2022;ta7h5k;hzzq46r;cve-2020-1472
1;10/03/2022;ta7h5k;i031v8v;CVE-2021-42287
2;10/03/2022;tb4xqu;i05whgp;cve-2020-1206
8;12/03/2022;tcqvth;i0f5o4c;CVE-2022-26500
1;15/03/2022;terlgk;i0rekz9;cve-2021-26414
6;18/03/2022;tgxb4w;i166vco;CVE-2022-23812
1;21/03/2022;tikq2y;i1jbsfu;CVE-2017-8529
21;26/03/2022;tp0lf0;i289ixh;cve-2022-1096
68;26/03/2022;tp0lf0;i28nmco;CVE-2022-1096
-3;27/03/2022;tp0lf0;i2cgkga;CVE-2022-0609
1;30/03/2022;tr6qoa;i2nw8rb;cve-2021-42287
1;30/03/2022;ta7h5k;i2qp2sw;CVE-2021-42287
3;31/03/2022;tsy0ni;i2uqogk;CVE-2022-22965
1;01/04/2022;tryig1;i2zzr2k;cve-2022-22965
2;03/04/2022;tusvr9;i36jcyg;CVE-2022-22943
696;07/04/2022;ty00d4;i3plbmz;CVE-2022-23176
2;09/04/2022;tzwkss;i4302uc;CVE-2022-23176
15;12/04/2022;u1q5q5;i4gh8pp;CVE-2022-26809
19;13/04/2022;u29ys9;i4hzr0k;CVE-2019-10690
1;13/04/2022;u1yf3b;i4m8yk2;CVE-2022-22954
1;18/04/2022;u6j8md;i59byh9;CVE-2022-29072
4;20/04/2022;u825xj;i5ipcpw;cve-2021-42287
2;20/04/2022;u81b5j;i5jaabz;CVE-2022-0540
33;21/04/2022;u8msmd;i5m25kq;CVE-2022-29072
25;21/04/2022;u8msmd;i5m7td9;CVE-2022-29072
2;21/04/2022;u8pxrf;i5nqe1v;CVE-2021-34527
1;21/04/2022;u8pxrf;i5o2ek4;cve-2021-34481
1;21/04/2022;u8pxrf;i5o616o;CVE-2021-34481
1;21/04/2022;u8pxrf;i5o6sm6;CVE-2021-34481
1;21/04/2022;u8pxrf;i5o99vj;CVE-2021-34527
1;22/04/2022;u8pxrf;i5pren7;cve-2021-36958
2;22/04/2022;u8pxrf;i5rc8rk;CVE-2021-34527
1;02/05/2022;ugnwdz;i71is9s;CVE-2022-24457
1;04/05/2022;uhr3ve;i7b7t1j;CVE-2022-29072
0;04/05/2022;uhr3ve;i7bv5br;CVE-2022-29072
1;09/05/2022;ul7dfn;i7wgqkx;CVE-2017-12542
1;09/05/2022;ul5bzm;i7y26mu;CVE-2021-26414
2;10/05/2022;um9qur;i830csz;CVE-2022-26937
33;10/05/2022;um9qur;i83ihtj;CVE-2022-29104
18;10/05/2022;um9qur;i83sanv;CVE-2022-21978
1;11/05/2022;um9qur;i85fbwh;CVE-2022-26925
6;11/05/2022;un9fgm;i86p1ma;cve-2021-26414
5;11/05/2022;um9qur;i86y04h;cve-2022-26923
3;11/05/2022;um9qur;i88d3qv;CVE-2022-26923
6;14/05/2022;um9qur;i8jbfx6;cve-2022-26925
16;14/05/2022;up7sdb;i8jwfju;CVE-2022-26925
4;15/05/2022;um9qur;i8qye4s;CVE-2022-26925
9;17/05/2022;urlwnp;i8xzggj;cve-2022-26925
1;18/05/2022;qyviy5;i931fwc;cve-2021-42287
1;19/05/2022;ustqgd;i973kk0;CVE-2021-34527
2;19/05/2022;uslq1g;i97jzjc;cve-2022-22960
1;19/05/2022;um9qur;i99b6co;cve-2021-1678
8;21/05/2022;uus4rd;i9h862t;CVE-2021-44228
2;22/05/2022;uus4rd;i9ie4et;cve-2021-44228
1;22/05/2022;uuybmx;i9lic9p;CVE-2010-1622
1;23/05/2022;uvwq5s;i9qgq54;CVE-2013-3900
45;25/05/2022;uxfy4k;i9xn640;CVE-2022-22806
2;30/05/2022;um9qur;iai8p2s;cve-2022-26923
1;30/05/2022;v1563w;iakgo4i;cve-2021-1675
17;31/05/2022;v1fkw2;iam70wl;cve-2022-30190
6;31/05/2022;v1fkw2;iann0hx;CVE-2022-30190
1;31/05/2022;v1fkw2;iap6hms;cve-2022-30190
1;01/06/2022;v2fmgl;ias14bm;cve-2022-30190
2;01/06/2022;v1fkw2;ias1xdf;CVE-2022-30190
1;01/06/2022;v2fmgl;iau1v8h;cve-2022-30190
4;02/06/2022;v3blmn;iaxh792;CVE-2022-30190
2;03/06/2022;v35d5g;iazt7pt;cve-2022-30190
1;03/06/2022;v1fkw2;ib1nzej;cve-2022-30190
1;08/06/2022;v3blmn;ibmhpmw;cve-2022-30190
1;08/06/2022;v7wila;ibn4mbd;cve-2021-26414
1;09/06/2022;v7fw5f;ibqh86k;cve-2022-26134
1;09/06/2022;v1fkw2;ibqp8po;cve-2022-30190
1;09/06/2022;v4dsqh;ibqum3o;cve-2022-30190
1;09/06/2022;v3blmn;ibqwwtj;cve-2022-30190
1;14/06/2022;vc04jg;icbnle2;CVE-2021-44832
5;14/06/2022;vbunt3;icbnrif;cve-2021-26414
11;14/06/2022;vbunt3;iccp1dz;CVE-2022-30190
3;14/06/2022;vc8o5o;iccq2q5;CVE-2022-30190
14;14/06/2022;vbunt3;iccqw43;CVE-2022-30190
3;14/06/2022;vbunt3;iccs2yy;CVE-2022-30190
4;14/06/2022;vbunt3;iccteqi;CVE-2022-30190
1;14/06/2022;vbunt3;iccwg1r;CVE-2022-30190
4;14/06/2022;vbunt3;iccxjwv;CVE-2022-30190
1;14/06/2022;vbunt3;icd26ls;CVE-2021-26414
64;14/06/2022;vbunt3;icdmg6y;cve-2021-26414
1;14/06/2022;vcdfs5;icdp2pk;CVE-2021-34527
2;14/06/2022;vcdfs5;icdql3y;cve-2021-34527
6;15/06/2022;vbunt3;icf56of;cve-2021-26414
3;15/06/2022;vcwg2r;icgryod;CVE-2022-0715
3;15/06/2022;vcwg2r;icgsd3q;CVE-2022-0715
2;15/06/2022;vcwg2r;ich5cc2;CVE-2022-0715
3;15/06/2022;vd4tpv;ici6owf;CVE-2022-30190
1;16/06/2022;vbunt3;icmll6p;CVE-2022-30154
1;17/06/2022;vbunt3;icqbdwv;CVE-2021-26414
2;21/06/2022;vghwqp;id6gsiz;CVE-2022-30168
1;22/06/2022;vgrrnh;idcg61v;CVE-2022-30165
1;24/06/2022;spxso6;idiqjq7;CVE-2020-0765
3;25/06/2022;vk66sk;idnj9wf;CVE-2021-1730
1;26/06/2022;vl8fo2;idtpxr2;CVE-2021-45608
3;30/06/2022;vny90e;ieaoosi;cve-2020-17049
2;05/07/2022;vruq8k;iexnyik;cve-2021-26414
3;06/07/2022;vsy9f3;if4qo22;CVE-2021-34527
2;07/07/2022;vtjh7y;if7jrpn;cve-2021-26414
4;11/07/2022;vw5b5l;ifoj4b2;cve-2021-26414
3;11/07/2022;vwrp5w;ifrta6z;cve-2021-34481
3;12/07/2022;vx1vdl;ifwgs9v;CVE-2022-22047
2;14/07/2022;vyd1ow;ig2fjpi;cve-2021-34481
1;18/07/2022;w1l2ox;igp1fcw;CVE-2016-0639
8;23/07/2022;w65tm9;ihbz6bo;CVE-2017-5754
17;25/07/2022;w7hua5;ihkpb4u;cve-2021-34481
4;25/07/2022;w7hua5;ihl20de;cve-2021-34481
5;28/07/2022;wa2jcx;ihylqqd;CVE-2021-41773
5;30/07/2022;wbyoov;iianz8t;cve-2021-26414
2;03/08/2022;wer16z;iir75jv;cve-2021-34481
10;09/08/2022;wjtdq7;ijlwgcz;CVE-2022-35804
3;09/08/2022;wjtdq7;ijm4k8v;CVE-2022-35742
2;09/08/2022;wjtdq7;ijm586g;cve-2022-34713
5;10/08/2022;wktz8v;ijph6wk;CVE-2022-35748
10;10/08/2022;wkvbfr;ijqdofi;CVE-2022-35748
6;10/08/2022;wkvbfr;ijqdsc1;CVE-2022-35748
3;10/08/2022;wkx2oc;ijr44mc;cve-2021-34481
3;10/08/2022;wkvbfr;ijr9tcp;CVE-2022-35748
1;10/08/2022;wkvbfr;ijrsc4n;CVE-2022-35748
1;11/08/2022;wkx2oc;iju9gqe;cve-2021-34481
3;13/08/2022;wms70u;ik3had2;cve-2021-26414
50;17/08/2022;wqoxvj;iknxecu;cve-2022-27255
4;18/08/2022;wqttsf;ikqt3kg;cve-2021-33757
1;18/08/2022;wrgaly;iks61o4;cve-2021-42287
64;18/08/2022;wrler0;iku2xkq;CVE-2021-32471
3;19/08/2022;wrler0;ikvgdps;CVE-2022-38392
3;19/08/2022;wsboyp;ikxcxrf;cve-2021-26414
3;19/08/2022;wsghpu;ikyguvh;CVE-2022-38392
1;22/08/2022;wtaagt;ilaiyl1;CVE-2010-3055
1;22/08/2022;wtaagt;ilak62b;CVE-2010-3055
3;26/08/2022;wy4on1;iluowvf;CVE-2022-31676
4;26/08/2022;wy4on1;iluuxih;CVE-2022-31676
29;27/08/2022;wyywcj;ilzw0s4;CVE-2022-21907
1;30/08/2022;x1fgll;ime3gho;CVE-2004-0998
10;07/09/2022;x7r14i;ine5k1d;CVE-2019-1653
3;13/09/2022;xcxdss;ioa5yu5;CVE-2022-34722
18;13/09/2022;xcxdss;iob8tus;CVE-2022-34718
1;13/09/2022;xcxdss;iobj5rw;CVE-2022-34722
6;14/09/2022;xcxdss;iodddoc;CVE-2022-34722
4;14/09/2022;xcxdss;iofhjrb;CVE-2022-38005
2;14/09/2022;xcxdss;iogeg5l;CVE-2022-34718
6;15/09/2022;xcxdss;ioifpjw;CVE-2022-37969
3;15/09/2022;xesvxr;iok4xl1;CVE-2021-34473
1;26/09/2022;sq1kq5;ipywi8b;CVE-2013-3900
1;28/09/2022;xq6ay1;iq7xahl;CVE-2021-42287
3;02/10/2022;xt999v;iqot8ts;CVE-2021-44228
2;03/10/2022;xcxdss;ique9qi;CVE-2022-34718
1;07/10/2022;xy83d5;irfv99l;cve-2021-34481
2;08/10/2022;xyb0q9;irj4bqt;cve-2021-34481
1;10/10/2022;xzlvca;irre6e4;CVE-2022-30190
1;11/10/2022;y1byg7;irwtcaz;CVE-2022-41040
9;11/10/2022;y0z1xa;irwwevs;CVE-2022-38028
2;11/10/2022;y0z1xa;irwy6g6;CVE-2022-21979
2;12/10/2022;y1om9h;irzzlcj;cve-2021-34481
1;13/10/2022;y0z1xa;is61f0v;cve-2022-38042
3;13/10/2022;y0z1xa;is634ek;CVE-2022-38042
2;14/10/2022;y3bj75;is8jyod;cve-2021-26414
1;14/10/2022;y0z1xa;is8rmah;CVE-2022-38042
1;15/10/2022;xy1zty;isf8roa;CVE-2022-40684
0;22/10/2022;y0z1xa;itbc706;CVE-2022-41033
41;23/10/2022;yb2wjc;iteircg;CVE-2022-41040
81;25/10/2022;yd398y;itqfamx;CVE-2019-0708
2;26/10/2022;ydxnpo;itv21mc;cve-2021-42287
1;28/10/2022;yfeet1;iu4ka2f;CVE-2022-21893
2;29/10/2022;yg1726;iu7lh1n;CVE-2022-38042
2;31/10/2022;yima0j;iujruw1;cve-2021-34481
1;01/11/2022;yj849e;iumcjoz;cve-2021-34481
2;01/11/2022;yj6woi;iumlib0;CVE-2022-40674
14;01/11/2022;yj6woi;iumlz9u;CVE-2022-3602
2;01/11/2022;sq1kq5;iumnp1c;CVE-2013-3900
2;01/11/2022;yj6woi;iumoyei;CVE-2022-40674
7;01/11/2022;yj6woi;iumzt6y;CVE-2022-3602
3;01/11/2022;yj6woi;iun5a0k;cve-2022-3602
21;08/11/2022;ypbpju;ivkst05;CVE-2022-41040
50;08/11/2022;ypbpju;ivkzb68;CVE-2022-41047
143;08/11/2022;ypbpju;ivlhuqg;cve-2022-37967
22;08/11/2022;ypbpju;ivlkw4i;cve-2022-37966
5;09/11/2022;ypbpju;ivmtfem;CVE-2022-37966
7;09/11/2022;ypbpju;ivpbj42;CVE-2022-41073
0;10/11/2022;ypbpju;ivtltow;CVE-2022-41073
5;14/11/2022;ypbpju;iw9y56l;cve-2022-37966
5;14/11/2022;yutlt9;iwb4z5z;cve-2022-37967
3;14/11/2022;yuxptq;iwbia6n;CVE-2022-38023
2;14/11/2022;ypbpju;iwdgh7y;CVE-2022-37967
1;14/11/2022;yuxptq;iwdo9qn;cve-2022-37966
2;14/11/2022;ypbpju;iwdqhyk;cve-2022-37966
6;15/11/2022;ypbpju;iwequp8;cve-2022-37966
3;15/11/2022;ypbpju;iwi6b2l;CVE-2021-42287
1;16/11/2022;ypbpju;iwj2q5q;cve-2022-37966
2;16/11/2022;ypbpju;iwju86j;CVE-2022-41073
2;16/11/2022;y5sbvv;iwlmohj;cve-2021-42287
1;17/11/2022;yx3vz5;iwofv9w;cve-2022-37966
1;18/11/2022;yy4wcv;iwsv4dv;cve-2022-41073
1;20/11/2022;ypbpju;ix4wfe7;cve-2022-37966
45;22/11/2022;z1tgxj;ixczbna;CVE-2021-34527
1;23/11/2022;z1tgxj;ixgl6v1;cve-2021-34481
2;24/11/2022;yy4wcv;ixkf5ca;cve-2022-37966
10;25/11/2022;ypbpju;ixs4h6i;cve-2022-37967
2;27/11/2022;z5mqh7;ixyvzx3;cve-2022-37967
1;29/11/2022;z7ymto;iy93ayp;cve-2019-11510
1;30/11/2022;z82vih;iyccrpr;CVE-2022-3859
5;30/11/2022;z8pdpr;iycm76j;CVE-2022-4135
3;07/12/2022;zao4yi;izbp5qb;CVE-2022-41040
3;09/12/2022;zh4v04;izlcvs2;cve-2021-42287
3;13/12/2022;zkuyes;j01r2tf;CVE-2022-21903
62;13/12/2022;zkmwww;j02fcam;CVE-2022-41076
10;13/12/2022;zkmwww;j045wlq;cve-2022-37967
14;14/12/2022;zkmwww;j04f8ua;cve-2022-37966
4;14/12/2022;zkmwww;j055cct;cve-2022-37966
16;14/12/2022;zkmwww;j08mvh9;cve-2022-37966
7;15/12/2022;zkmwww;j0a2ues;cve-2022-37966
5;15/12/2022;zkmwww;j0bholx;cve-2022-38042
1;16/12/2022;znijot;j0h3pnv;CVE-2013-3900
1;16/12/2022;znijot;j0hfw0d;CVE-2017-5715
1;16/12/2022;znijot;j0hg103;CVE-2013-3900
1;16/12/2022;znijot;j0hj3a5;CVE-2017-5753
6;17/12/2022;zo33cn;j0mgoxk;cve-2022-37967
56;20/12/2022;zq6r3a;j0wxnqx;CVE-2022-37958
1;20/12/2022;zq6r3a;j0ys9ol;CVE-2022-37958
-5;20/12/2022;zq6r3a;j0yy71e;CVE-2022-3524
4;20/12/2022;zq6r3a;j0z1o2x;CVE-2022-37958
2;21/12/2022;zr2h6o;j12ktdn;CVE-2021-42287
1;21/12/2022;zqtbas;j14qr9u;CVE-2021-43883
3;25/12/2022;zv835m;j1nxm2b;CVE-2022-47938
5;27/12/2022;zwc318;j1tyhm7;CVE-2022-24516
1;30/12/2022;zkmwww;j29c4y9;cve-2022-38023
3;30/12/2022;zz9p08;j2abef3;CVE-2019-1873
3;01/01/2023;1006m4d;j2g1lqx;cve-2022-47939
4;01/01/2023;1006m4d;j2g1m0e;cve-2022-47939
2;05/01/2023;zntii4;j34563h;cve-2022-37966
10;06/01/2023;104xl4g;j38e8j7;CVE-2022-41040
6;06/01/2023;1050sly;j38vbin;CVE-2022-41080
5;07/01/2023;1050sly;j3agkb9;CVE-2022-41080
2;07/01/2023;1051xn8;j3d2d9x;cve-2021-26414
82;10/01/2023;108gvht;j3s4yl3;CVE-2023-21674
65;10/01/2023;108gvht;j3s5b2y;CVE-2022-41099
12;10/01/2023;108gvht;j3stxtg;cve-2023-21674
45;12/01/2023;10a1enh;j433dmz;CVE-2022-41099
1;13/01/2023;10a1enh;j489twt;CVE-2022-41099
2;15/01/2023;10cmmcr;j4goa5u;CVE-2022-37966
1;17/01/2023;10dwqvd;j4pd8xg;CVE-2022-38023
3;17/01/2023;10duyyz;j4s19rl;CVE-2022-32168
1;18/01/2023;10a1enh;j4usyco;CVE-2022-41099
1;19/01/2023;10a1enh;j514d79;cve-2022-41099
1;19/01/2023;10a1enh;j514par;cve-2022-41099
1;22/01/2023;10hhmmm;j5dhnbv;CVE-2021-1678
5;23/01/2023;10j70ng;j5jejwu;CVE-2023-21563
7;24/01/2023;108gvht;j5mh6ri;CVE-2022-41099
3;25/01/2023;10kx6xs;j5tpvuj;CVE-2022-41099
1;25/01/2023;10kp4ye;j5ugc7j;CVE-2023-24055
3;26/01/2023;10lht3a;j5xeo1m;CVE-2020-1472
6;29/01/2023;10o1wfw;j6c6qxn;CVE-2020-1472
1;02/02/2023;10cmmcr;j6xtng7;CVE-2022-41099
31;02/02/2023;10rxye1;j6ydg1p;CVE-2023-24055
2;02/02/2023;10rrn5i;j6ylome;cve-2022-37967
1;04/02/2023;108gvht;j76yg6a;cve-2022-37966
-1;04/02/2023;10syxm9;j78a1me;CVE-2021-30481
2;05/02/2023;10tprg4;j791svz;CVE-2021-21974
1;06/02/2023;10uo948;j7glm92;CVE-2020-1350
2;07/02/2023;10wcg15;j7mcr8m;CVE-2022-40259
2;13/02/2023;110yz7o;j8c1nqo;cve-2021-26414
4;13/02/2023;111bsd0;j8ei9eu;cve-2021-34481
40;14/02/2023;1128v87;j8j3u2p;CVE-2023-21707
16;14/02/2023;1128v87;j8j4gfk;CVE-2023-21692
14;14/02/2023;1128v87;j8jat7p;CVE-2023-21823
1;14/02/2023;1128v87;j8jczf8;CVE-2023-21823
4;14/02/2023;1128v87;j8jdqw0;CVE-2023-21823
30;14/02/2023;1128v87;j8jojeq;CVE-2023-21689
2;15/02/2023;112o1te;j8lcdl7;CVE-2022-41099
4;15/02/2023;1128v87;j8lhj2r;CVE-2023-21803
8;15/02/2023;1128v87;j8mvyl6;CVE-2023-2176
0;15/02/2023;11338bi;j8oovf8;CVE-2022-0725
19;16/02/2023;1128v87;j8r1g23;cve-2023-23376
1;16/02/2023;1128v87;j8sfdkt;CVE-2023-21716
2;18/02/2023;115bcde;j92g6lm;CVE-2022-41099
2;19/02/2023;1128v87;j964cxd;CVE-2023-21716
2;19/02/2023;1128v87;j96d2n2;CVE-2023-21692
1;20/02/2023;1128v87;j99p9gy;CVE-2023-23376
2;24/02/2023;11a6wvh;j9t4ahq;CVE-2023-23379
3;24/02/2023;11atnhm;j9tzebl;cve-2021-26414
7;27/02/2023;11dhuty;ja8qnr7;CVE-2022-43552
4;28/02/2023;11dhuty;jad4ono;CVE-2022-43552
3;28/02/2023;11dhuty;jadop0x;CVE-2022-43552
2;28/02/2023;11edgx8;jadzqq8;CVE-2022-43552
1;28/02/2023;11dhuty;jaeehvr;CVE-2022-43552
2;02/03/2023;11g3jg1;janpufq;CVE-2022-37966
1;04/03/2023;11iakrt;jax6ih1;CVE-2022-44721
4;06/03/2023;11k0ed5;jb5tdep;cve-2016-0728
20;06/03/2023;11kdnai;jb6tsu8;cve-2021-42291
40;07/03/2023;11l4zbr;jbat1kl;CVE-2023-27530
6;07/03/2023;11l4zbr;jbb96e8;CVE-2023-27530
3;07/03/2023;11l4zbr;jbc0n0d;CVE-2023-27530
3;08/03/2023;11l4zbr;jbcp7cm;CVE-2023-27532
1;08/03/2023;11l4zbr;jbcq4b3;CVE-2023-27532
3;08/03/2023;11lchc4;jbdaf7m;CVE-2022-43552
4;14/03/2023;11qdf1b;jc6ed7i;cve-2022-37966
17;14/03/2023;11r8gg2;jc7cfk1;CVE-2023-23392
57;14/03/2023;11r8gg2;jc7oi0d;CVE-2023-2337
21;14/03/2023;11r8gg2;jc7xrz6;CVE-2022-43552
7;14/03/2023;11r8gg2;jc81rkg;CVE-2023-23397
41;14/03/2023;11r8gg2;jc83l3b;CVE-2023-23397
8;15/03/2023;11r8gg2;jc8cpge;cve-2022-37967
5;15/03/2023;11r8gg2;jca0kld;cve-2023-23397
47;15/03/2023;11rssg1;jca4nfs;CVE-2023-23397
16;15/03/2023;11rssg1;jcakppi;CVE-2023-23397
14;15/03/2023;11rssg1;jcakroj;CVE-2023-23397
11;15/03/2023;11rssg1;jcapdah;cve-2023-23397
4;15/03/2023;11rssg1;jcaupcw;CVE-2023-23397
25;15/03/2023;11rssg1;jcawl9g;CVE-2023-23397
1;15/03/2023;11rssg1;jcawq3y;CVE-2023-23397
2;15/03/2023;11rssg1;jcb7lud;CVE-2023-23397
1;15/03/2023;11rssg1;jcb9r95;CVE-2023-23397
2;15/03/2023;11rssg1;jcbbj6l;CVE-2023-23397
3;15/03/2023;11r8gg2;jcbnedp;CVE-2023-23397
1;15/03/2023;110yz7o;jcbti27;CVE-2021-26414
5;15/03/2023;11rssg1;jcbv9ig;CVE-2023-23397
1;15/03/2023;11rssg1;jcc5hld;CVE-2023-23397
23;15/03/2023;11r8gg2;jcc6nnp;CVE-2023-23397
2;15/03/2023;11rssg1;jccdu0e;CVE-2023-23397
8;15/03/2023;11rssg1;jccrp32;CVE-2023-23397
3;15/03/2023;11rvitl;jcctxv7;CVE-2023-23397
1;15/03/2023;11rwfcv;jcd57sr;cve-2023-23397
2;16/03/2023;11r8gg2;jcdzuj0;CVE-2023-23397
5;16/03/2023;11r8gg2;jcf8kq8;CVE-2023-23397
2;16/03/2023;11rycl4;jcfdjse;CVE-2023-23397
1;16/03/2023;11st141;jcfg0np;CVE-2017-15303
1;16/03/2023;11rssg1;jcflaur;CVE-2023-23397
2;16/03/2023;11sv9yw;jcfnvtn;CVE-2023-23397
1;16/03/2023;11stwde;jcfrrio;cve-2023-23397
2;16/03/2023;11rssg1;jcfrrq4;CVE-2023-23397
1;16/03/2023;11rssg1;jcfuddx;CVE-2023-2339
1;16/03/2023;11rssg1;jcfx08d;CVE-2023-23397
1;16/03/2023;11rycl4;jcg3vxb;CVE-2023-23397
2;16/03/2023;11kdnai;jcgh6ky;CVE-2021-42291
1;16/03/2023;11spobw;jcgn0v8;CVE-2023-21692
2;17/03/2023;11rssg1;jcio6cz;CVE-2023-23397
3;17/03/2023;11tgus5;jcjuopn;CVE-2023-23397
2;17/03/2023;11rgz8g;jcjzpjf;CVE-2023-23397
2;17/03/2023;11rgz8g;jcjzs4l;CVE-2023-23397
1;17/03/2023;11tq35d;jckbl1w;CVE-2023-23397
6;17/03/2023;11r8gg2;jcksv0j;CVE-2023-23397
48;17/03/2023;11tuje4;jckto63;CVE-2023-23397
2;17/03/2023;11tq35d;jcl6wy6;CVE-2023-23397
1;17/03/2023;11tq35d;jclaivf;CVE-2023-23397
45;17/03/2023;11to7qz;jcle2ll;CVE-2023-23397
5;17/03/2023;11tuje4;jcmtar6;cve-2022-47939
1;18/03/2023;11ttpp6;jcnzrzh;CVE-2023-23397
2;18/03/2023;11tq35d;jco0iaw;CVE-2023-23397
2;18/03/2023;11ttpp6;jcoj1og;CVE-2023-23397
4;18/03/2023;11to7qz;jcol0jl;CVE-2023-23397
1;18/03/2023;11tuje4;jcoyfov;CVE-2023-23397
9;19/03/2023;11veq1z;jctdq4u;CVE-2023-23397
2;20/03/2023;11wcsmp;jcxdpm2;CVE-2023-23397
1;20/03/2023;11ttpp6;jcxk9vq;CVE-2023-23397
3;20/03/2023;11t49mp;jcybqm5;CVE-2023-23397
1;20/03/2023;11tq35d;jcyjhy4;CVE-2023-23397
1;21/03/2023;11wub8y;jd2b8hi;CVE-2023-23397
2;21/03/2023;11t49mp;jd31oda;cve-2023-23397
2;21/03/2023;11rssg1;jd35d9w;CVE-2023-23397
3;21/03/2023;11xn6w8;jd4i08y;CVE-2016-2183
3;23/03/2023;11zrsg7;jddtz9r;CVE-2023-23397
5;26/03/2023;122or4w;jdsv67k;CVE-2021-3064
1;27/03/2023;11tgus5;jdxmeo2;CVE-2023-23397
0;28/03/2023;124aukz;jdymuhk;CVE-2023-24880
27;28/03/2023;124afup;jdyn3sc;cve-2022-37967
2;29/03/2023;125fcpj;je4xutm;CVE-2023-23397
1;29/03/2023;11tgus5;je53eim;CVE-2023-23397
1;29/03/2023;11wneyr;je5gywa;CVE-2023-24880
1;03/04/2023;12aaxgr;jes2ltg;CVE-2022-43552
1;06/04/2023;12cptda;jf4sttw;CVE-2022-37966
1;06/04/2023;12cm2df;jf6nydb;CVE-2022-34724
1;08/04/2023;12f75w9;jffl2kk;CVE-2022-41034
1;10/04/2023;12hg67k;jfq3157;cve-2022-38023
4;11/04/2023;12cptda;jfu323w;CVE-2022-38023
223;11/04/2023;12imjjn;jfu4fqg;CVE-2022-37967
1;11/04/2023;11xhabi;jfu7svx;CVE-2022-38023
19;11/04/2023;12imjjn;jfudz12;CVE-2023-21554
110;11/04/2023;12imjjn;jfufp6y;CVE-2022-38023
22;11/04/2023;12imjjn;jfuiiug;CVE-2023-28252
4;11/04/2023;12imjjn;jfunkh4;CVE-2022-26923
3;11/04/2023;12imjjn;jfusb00;CVE-2022-26923
11;11/04/2023;12imjjn;jfutnhi;cve-2022-38023
9;11/04/2023;12imjjn;jfuxtyf;cve-2021-42291
1;11/04/2023;12cm2df;jfuzp3k;CVE-2023-28223
6;11/04/2023;12imjjn;jfv23sg;cve-2023-28252
8;12/04/2023;12imjjn;jfx2zzh;cve-2021-42291
3;12/04/2023;12iv4hz;jfy3ea8;CVE-2018-13379
8;12/04/2023;12imjjn;jfy7g0f;CVE-2023-23384
2;12/04/2023;12imjjn;jfya1rh;CVE-2021-42291
1;12/04/2023;12imjjn;jfykgl4;CVE-2023-21554
2;12/04/2023;12imjjn;jfysc1c;CVE-2023-28250
2;12/04/2023;12iv4hz;jfyw8tj;CVE-2019-5589
17;12/04/2023;12imjjn;jfzg8d7;CVE-2023-28292
1;12/04/2023;12jfgui;jfzmvuy;cve-2021-42291
12;12/04/2023;12jouk4;jg04ebq;cve-2022-37969
2;12/04/2023;12jfgui;jg0rdze;cve-2021-42291
6;12/04/2023;12imjjn;jg0rhx8;cve-2021-42291
2;13/04/2023;12jouk4;jg1a585;CVE-2023-21554
3;13/04/2023;12imjjn;jg2ck78;CVE-2021-42291
6;13/04/2023;12imjjn;jg3ax2n;CVE-2022-38023
2;13/04/2023;12jouk4;jg3gnsl;CVE-2023-28252
2;13/04/2023;12kku0y;jg4ta8x;CVE-2023-24880
9;13/04/2023;12imjjn;jg4ztu5;CVE-2022-37967
2;17/04/2023;12pndlx;jgmqage;cve-2022-37967
1;18/04/2023;12cptda;jgrwe2s;cve-2022-37967
1;19/04/2023;12imjjn;jgvr37k;cve-2022-38023
5;19/04/2023;12imjjn;jgvuudk;CVE-2022-38023
2;20/04/2023;12imjjn;jgyoqdq;cve-2022-38023
2;20/04/2023;12sqvnl;jh27tsh;CVE-2023-27350
1;24/04/2023;12xgoxs;jhk9ahz;cve-2021-26414
3;27/04/2023;1303zcx;jhv9ufy;cve-2023-27350
30;29/04/2023;1331nz9;ji7jy6u;CVE-2022-26923
22;01/05/2023;134jtvn;jifcit8;CVE-2022-41099
103;01/05/2023;134jtvn;jifee8i;CVE-2022-41099
6;01/05/2023;134jtvn;jifejup;CVE-2022-41099
6;03/05/2023;136cwjz;jipg4da;CVE-2023-28879
2;03/05/2023;136cwjz;jiph5g0;cve-2023-28879
27;03/05/2023;136cwjz;jipjimf;CVE-2023-28879
1;05/05/2023;137w63x;jiyjhj4;CVE-2021-40124
1;08/05/2023;139vo53;jjaligl;CVE-2022-38023
25;09/05/2023;13cu0c2;jjhr1yi;CVE-2023-24941
96;09/05/2023;13cu0c2;jjhrgci;CVE-2023-24932
8;09/05/2023;13cu0c2;jjhtg63;CVE-2023-29336
29;09/05/2023;13cu0c2;jji4imb;CVE-2023-24932
5;09/05/2023;13cu0c2;jji4iwc;cve-2021-42291
27;09/05/2023;13cu0c2;jjiap15;cve-2023-24932
35;09/05/2023;13cu0c2;jjizl07;CVE-2023-24932
6;10/05/2023;13cu0c2;jjjyded;cve-2023-24932
58;10/05/2023;13dd18b;jjko8g9;CVE-2023-32233
15;10/05/2023;13dkd8z;jjlnsb4;cve-2023-24932
16;10/05/2023;13dd18b;jjlu6k8;CVE-2023-32233
6;10/05/2023;13cu0c2;jjmbiq4;CVE-2023-24932
5;11/05/2023;13dd18b;jjplz1n;CVE-2023-32233
1;13/05/2023;13dd18b;jk06lbm;CVE-2023-32233
6;15/05/2023;13hfnsz;jk6nvyd;cve-2023-24932
5;15/05/2023;13hfnsz;jk95hup;CVE-2023-24881
9;15/05/2023;13hfnsz;jk95iph;CVE-2022-37966
2;15/05/2023;13dd18b;jk9diet;CVE-2023-32233
3;16/05/2023;13ihzjp;jkd54jt;CVE-2023-25717
1;18/05/2023;13hfnsz;jklbrbb;CVE-2022-37966
1;18/05/2023;13klk78;jkmjxl2;CVE-2023-32784
1;18/05/2023;13l4q1u;jkol9o3;cve-2023-24932
3;19/05/2023;13l0urb;jkqp1ej;CVE-2023-23397
5;19/05/2023;13lo23l;jkrn9ec;CVE-2023-25717
1;19/05/2023;13l2b2s;jkrwg5h;CVE-2022-41099
1;20/05/2023;13m7mwx;jkv13lq;cve-2023-23397
2;20/05/2023;13n8fqz;jkyhls2;cve-2021-26414
3;21/05/2023;13nxb2i;jl1hi8c;cve-2022-41099
1;21/05/2023;13nxb2i;jl1iape;CVE-2022-41099
1;22/05/2023;11i51s0;jl4s4en;cve-2022-37967
2;22/05/2023;13ol6xx;jl5mvzs;cve-2022-21920
3;22/05/2023;13hfnsz;jl7al6w;CVE-2022-37966
3;24/05/2023;13qtkbm;jlhagh9;CVE-2023-2868
1;01/06/2023;13xgwjm;jmisftg;CVE-2023-21563
2;02/06/2023;13wxuej;jmmno4b;CVE-2023-34362
1;02/06/2023;11txrea;jmn0tfy;cve-2023-24932
44;04/06/2023;140mae8;jmwc1p7;cve-2023-24932
1;05/06/2023;140mae8;jmz8p4e;cve-2023-24932
2;07/06/2023;13wxuej;jnaaonj;CVE-2023-34362
1;07/06/2023;143k1bp;jnaf8z5;cve-2022-38023
1;07/06/2023;143k1bp;jnaiwlh;CVE-2022-38023
2;13/06/2023;148bqn8;jo04ia8;CVE-2022-43931
4;13/06/2023;148fwct;jo06pme;cve-2022-38023
19;13/06/2023;148geic;jo0jr4p;CVE-2023-29357
7;13/06/2023;148geic;jo0r3vq;CVE-2023-29357
47;13/06/2023;148geic;jo179kb;CVE-2022-38023
39;13/06/2023;148geic;jo1nb7i;cve-2023-32019
5;14/06/2023;148geic;jo2ndpp;cve-2023-32019
4;14/06/2023;148geic;jo32ujo;CVE-2023-32019
5;14/06/2023;148geic;jo39ugs;CVE-2023-29357
1;14/06/2023;148geic;jo3oqi1;CVE-2022-38023
1;14/06/2023;148geic;jo3pk8o;CVE-2022-38023
1;14/06/2023;148geic;jo3r8w5;cve-2022-37967
6;14/06/2023;148geic;jo478qo;cve-2023-32019
1;14/06/2023;148geic;jo4j1x2;CVE-2022-38023
1;14/06/2023;148geic;jo506dc;CVE-2022-38023
1;14/06/2023;12ksjc3;jo5xpp5;CVE-2022-38023
2;15/06/2023;148geic;jo66zly;CVE-2022-38023
1;15/06/2023;148geic;jo791rx;cve-2023-32019
2;15/06/2023;148geic;jo7qq1y;cve-2023-32019
9;15/06/2023;148geic;jo82ctx;CVE-2023-32019
193;15/06/2023;14a6rc1;jo8x1mo;cve-2023-34362
10;15/06/2023;14aa6gf;jo9g5ps;CVE-2023-35036
5;16/06/2023;148geic;jode18k;cve-2023-32019
1;17/06/2023;14ajqdx;joinseq;cve-2023-32019
1;19/06/2023;149v26h;joopj8q;cve-2023-32019
2;20/06/2023;148geic;jot5pk5;cve-2022-37967
5;20/06/2023;14eidww;jov010y;CVE-2021-26414
11;22/06/2023;14g5aaj;jp3mwtx;CVE-2021-34527
2;22/06/2023;14g7eny;jp3v698;cve-2022-38023
1;22/06/2023;148geic;jp5ixfh;cve-2022-38023
2;23/06/2023;14h9uu9;jp9ujw4;cve-2022-38023
3;27/06/2023;14kd3je;jppxf79;CVE-2022-37967
4;04/07/2023;14qee8u;jqn6ber;CVE-2023-24903
3;05/07/2023;14r558y;jqqnd3u;cve-2022-37967
1;05/07/2023;14r558y;jqr4htt;CVE-2022-38023
5;06/07/2023;14rjhma;jqukrab;CVE-2019-18935
5;06/07/2023;14sbtei;jqwy3ku;CVE-2023-34362
2;10/07/2023;14uz7sh;jrcugt6;CVE-2003-0352
1;10/07/2023;14vltyz;jrg7rtr;cve-2022-38023
1;11/07/2023;14wtpne;jrjmarm;CVE-2022-38023
2;11/07/2023;14wt6x2;jrjp1gv;cve-2021-34481
1;11/07/2023;14wtpne;jrk79gu;CVE-2023-32057
3;11/07/2023;14wtpne;jrk8tv3;CVE-2023-34362
1;11/07/2023;14wtpne;jrkfnwz;CVE-2022-37967
-3;11/07/2023;14wtpne;jrkkipi;CVE-2023-35311
1;11/07/2023;14wtpne;jrl2cmm;CVE-2023-35348
1;11/07/2023;14wtpne;jrlj2zd;CVE-2023-24932
3;12/07/2023;14wtpne;jrmbzwd;CVE-2023-36884
1;12/07/2023;14wtpne;jrn32jp;cve-2022-38023
1;12/07/2023;14wtpne;jrn45ct;CVE-2023-32019
1;12/07/2023;14xmkw6;jro1dov;CVE-2022-38023
1;12/07/2023;14xmkw6;jroqci9;cve-2022-38023
1;12/07/2023;14xmkw6;jrox8zy;cve-2020-1472
6;12/07/2023;14wtpne;jrp6obg;cve-2022-38023
25;12/07/2023;14xuk8z;jrpef6n;cve-2023-36884
1;12/07/2023;14xmkw6;jrpfmp7;cve-2022-38023
1;12/07/2023;14wtpne;jrq1g6p;CVE-2022-37967
1;12/07/2023;14wtpne;jrq4bwn;CVE-2022-38023
1;12/07/2023;14wt6x2;jrq4n89;CVE-2021-34527
1;12/07/2023;14wtpne;jrqdxh6;CVE-2023-35365
1;12/07/2023;14wtpne;jrqi9pe;cve-2022-37967
1;12/07/2023;14xuk8z;jrql6z4;cve-2023-36884
1;13/07/2023;13hfnsz;jrsi1bi;cve-2022-37966
2;13/07/2023;14wtpne;jrsnz9m;CVE-2023-36934
6;13/07/2023;14yndry;jrtcrla;cve-2022-37967
1;13/07/2023;13dkd8z;jrurxcl;cve-2023-24932
1;13/07/2023;14wtpne;jrv0cnr;CVE-2023-36884
1;14/07/2023;14wtpne;jrvr4pe;CVE-2023-21716
1;14/07/2023;14z8kl0;jrwmf3c;CVE-2023-24932
1;15/07/2023;150j751;js3v9fu;CVE-2023-36884
1;16/07/2023;150j751;js5cmgn;CVE-2022-37966
1;18/07/2023;150j751;jsgmhvw;CVE-2022-26931
1;18/07/2023;14yoa76;jsh5yxe;CVE-2023-35311
1;20/07/2023;152zhd0;jspataf;cve-2023-3519
1;20/07/2023;154x3tt;jsrcyg3;CVE-2023-36884
1;21/07/2023;154kmbv;jsu0ee8;CVE-2023-3519
1;21/07/2023;155lec2;jsvxtrf;CVE-2022-38392
1;21/07/2023;1543cm5;jswtfho;CVE-2023-36884
1;22/07/2023;14zbyf2;jt10mvk;CVE-2023-24881
1;23/07/2023;157hx41;jt5vtdx;CVE-2021-31372
1;23/07/2023;157hx41;jt5w5os;CVE-2021-0275
1;24/07/2023;1585es4;jt8h1p1;cve-2021-26414
1;24/07/2023;1587wyo;jt9zrdp;cve-2023-38408
1;24/07/2023;1587wyo;jta87cg;cve-2023-32254
1;24/07/2023;14wtpne;jtadbhh;CVE-2023-36884
1;26/07/2023;15acky6;jtk6dlq;CVE-2021-42287
4;26/07/2023;15acejw;jtkxpr9;CVE-2023-35078
1;27/07/2023;15b55ul;jtp6ghb;cve-2020-3452
1;27/07/2023;15axp4m;jtppx60;CVE-2023-36884
1;28/07/2023;15b55ul;jtuq3dl;CVE-2023-27997
1;31/07/2023;15eav0l;ju6km2v;CVE-2014-4752
1;31/07/2023;15eatc0;ju7n0ai;CVE-2022-38023
1;31/07/2023;15eb4ok;ju8mncm;cve-2021-34481
1;03/08/2023;15hbycz;juoaj1p;cve-2021-34481
1;03/08/2023;15hb86m;juocr66;CVE-2022-22950
1;08/08/2023;15lkmhv;jvbo8kh;CVE-2023-36884
1;08/08/2023;15lkmhv;jvbr7cs;CVE-2023-36910
1;08/08/2023;15lkmhv;jvbs3cz;CVE-2023-29330
1;08/08/2023;15lkmhv;jvbufuq;CVE-2023-35078
1;08/08/2023;15lkmhv;jvc11j6;CVE-2023-21709
1;08/08/2023;15lkmhv;jvci4i2;CVE-2023-36910
1;08/08/2023;15lkmhv;jvcjro3;cve-2023-38180
1;08/08/2023;15lp4op;jvcs7f5;CVE-2022-40982
1;08/08/2023;15lkmhv;jvd5lpi;CVE-2023-38170
1;09/08/2023;15hb86m;jverrzd;cve-2022-22963
1;09/08/2023;15lp4op;jvfyofg;cve-2022-40982
1;09/08/2023;15lkmhv;jvh5157;CVE-2023-38178
1;10/08/2023;15jy693;jvjhrce;CVE-2023-36884
1;10/08/2023;15lkmhv;jvjiy7n;CVE-2023-36884
1;10/08/2023;14yoa76;jvl4hhw;CVE-2023-35311
1;10/08/2023;15lkmhv;jvlcdy6;CVE-2023-36884
1;11/08/2023;15lkmhv;jvs8smo;CVE-2023-36884
1;11/08/2023;15lkmhv;jvs9h96;cve-2023-32019
1;14/08/2023;15lkmhv;jw5a6vw;CVE-2023-32019
1;15/08/2023;15s4ulb;jwcd28r;CVE-2022-1096
1;16/08/2023;15lkmhv;jwgr2gq;CVE-2022-43552
1;16/08/2023;15lkmhv;jwh102v;CVE-2023-32001
1;17/08/2023;15lkmhv;jwl3jd0;CVE-2023-36769
1;18/08/2023;15ssoob;jwrzwpn;CVE-2023-33151
1;21/08/2023;15xamu3;jx6n3ma;CVE-2023-1017
1;21/08/2023;15xf79b;jx6slft;CVE-2023-23397
1;22/08/2023;15xjvob;jx89770;cve-2023-3519
1;22/08/2023;15y2day;jx9f9op;CVE-2021-36934
1;22/08/2023;11txrea;jx9zyew;CVE-2022-41099
1;23/08/2023;15yz8xh;jxehqam;cve-2023-40477
1;25/08/2023;160uocr;jxon9ax;cve-2022-37966
1;30/08/2023;15s8e72;jyeliue;CVE-2023-32001
1;31/08/2023;1667qi4;jyid7u6;cve-2020-19909
1;12/09/2023;16gtrdf;k0a3k7z;CVE-2021-34527
1;12/09/2023;16gtnhy;k0ab1d6;CVE-2023-35674
1;12/09/2023;16gtnhy;k0auz5z;cve-2023-38149
1;12/09/2023;16gtnhy;k0b0v98;CVE-2020-19909
1;12/09/2023;16gtnhy;k0b77j8;cve-2023-36761
1;12/09/2023;16gtnhy;k0bbwc7;cve-2020-19909
1;13/09/2023;16h5x0m;k0cw1al;CVE-2023-27253
1;13/09/2023;16gtnhy;k0duqbp;cve-2022-37967
1;13/09/2023;16gtnhy;k0e5utm;cve-2022-37967
1;13/09/2023;15xcs3x;k0fbmxr;cve-2021-26414
1;13/09/2023;16hyuj3;k0gwxk9;cve-2021-42287
1;14/09/2023;16hyuj3;k0i0wsh;CVE-2021-42287
1;14/09/2023;16hxhbh;k0jticm;CVE-2023-23397
1;15/09/2023;16gtnhy;k0qtfa2;CVE-2022-37967
1;21/09/2023;16ojqve;k1l4oh1;cve-2022-37967
1;26/09/2023;141dmsd;k2ac06i;cve-2023-24932
1;26/09/2023;141dmsd;k2ad1pm;cve-2023-24932
1;27/09/2023;16teato;k2eu60q;CVE-2023-5129
1;27/09/2023;16teato;k2eudsn;cve-2023-4863
1;27/09/2023;16teato;k2f3nzj;cve-2023-4863
1;27/09/2023;16teato;k2f5b7j;CVE-2023-5129
1;27/09/2023;16teato;k2f7g9j;CVE-2023-4823
1;27/09/2023;16teato;k2fcgkv;CVE-2023-5129
1;27/09/2023;16teato;k2g23l1;CVE-2023-4863
1;27/09/2023;16teato;k2ggpqv;CVE-2023-41992
1;27/09/2023;16teato;k2gs0tb;CVE-2023-4863
1;27/09/2023;16teato;k2gvfzj;CVE-2023-4863
1;27/09/2023;16teato;k2hrj8m;CVE-2023-5219
1;27/09/2023;16teato;k2hwiam;CVE-2023-4863
1;27/09/2023;16teato;k2hwqry;CVE-2023-4863
1;27/09/2023;16teato;k2hx2cg;CVE-2023-5129
1;28/09/2023;16teato;k2if3vm;CVE-2023-4863
1;28/09/2023;16teato;k2if976;CVE-2023-4863
1;28/09/2023;16teato;k2j2b2z;CVE-2023-4863
1;28/09/2023;16twcth;k2j9299;CVE-2023-5192
1;28/09/2023;16twcth;k2je1pl;CVE-2023-5129
1;28/09/2023;16twcth;k2jmi05;CVE-2023-4863
1;28/09/2023;16twcth;k2jx4qh;CVE-2023-4863
1;28/09/2023;16u0hhi;k2jyeu8;CVE-2023-5129
1;28/09/2023;16teato;k2k30n1;CVE-2023-4863
1;28/09/2023;16u0hhi;k2ksluw;CVE-2023-5129
1;28/09/2023;16teato;k2l15ms;CVE-2023-41993
1;28/09/2023;16uht8w;k2mpk73;CVE-2013-3900
1;29/09/2023;16vc57c;k2rtmke;CVE-2023-4863
1;04/10/2023;16ztfna;k3gll2j;CVE-2006-5745
1;07/10/2023;172fgoy;k3wc0w2;CVE-2023-38039
1;10/10/2023;174ncwy;k4av6wr;CVE-2023-44487
1;10/10/2023;174ncwy;k4b0mi3;CVE-2023-44487
1;10/10/2023;174ncwy;k4b1h8k;CVE-2023-36563
1;10/10/2023;174ncwy;k4bee4u;CVE-2022-37967
1;10/10/2023;174ncwy;k4bu15c;cve-2022-37966
1;10/10/2023;174ncwy;k4cele2;cve-2023-36563
1;11/10/2023;1755c9y;k4dxqza;CVE-2023-38545
1;11/10/2023;174ncwy;k4elbhy;cve-2023-35349
1;11/10/2023;174ncwy;k4h8792;cve-2022-37966
1;12/10/2023;1757y88;k4jnqx3;cve-2023-38545
1;12/10/2023;1757y88;k4jnvxj;cve-2023-38545
1;13/10/2023;176u0mc;k4p84t4;cve-2021-42287
1;14/10/2023;177pcwm;k4v0xjn;CVE-2021-36934
1;14/10/2023;176u0mc;k4vob9s;cve-2021-42287
1;20/10/2023;17c72iy;k5p5qzx;CVE-2018-15715
1;20/10/2023;17br8qs;k5qgd5n;cve-2021-26414
1;25/10/2023;17fc0vz;k6brpkt;CVE-2022-38083
1;25/10/2023;17g47tw;k6fuiom;CVE-2023-34048
1;25/10/2023;174ncwy;k6g59gh;CVE-2022-37966
1;27/10/2023;17gds1y;k6orvt1;CVE-2023-5217
1;27/10/2023;1757y88;k6pid6s;CVE-2023-38545
1;28/10/2023;17hvirc;k6rwowk;cve-2023-20269
1;31/10/2023;17kfqfq;k77xvlp;cve-2023-22518
1;31/10/2023;17kfqfq;k78aovf;cve-2020-0688
1;01/11/2023;17kfqfq;k7cp3yt;CVE-2023-22518
1;04/11/2023;17lx0no;k7usqos;cve-2022-26925
9;07/11/2023;17pyv1z;k88ikjk;CVE-2023-38545
4;07/11/2023;17pyv1z;k88je49;CVE-2023-38545
2;08/11/2023;17q2zb0;k8dmhuc;CVE-2023-22518
4;08/11/2023;17q2zb0;k8eaxfr;CVE-2023-22515
1;09/11/2023;17r9o9a;k8iqtch;CVE-2023-38545
1;10/11/2023;17q2zb0;k8m5fwr;cve-2023-46604
1;14/11/2023;17v51z1;k988fw9;CVE-2022-26526
16;14/11/2023;17v5ckh;k98cyva;cve-2023-38545
32;14/11/2023;17v5ckh;k98u8ws;CVE-2023-46604
8;14/11/2023;17v5ckh;k992ef1;CVE-2023-36025
2;14/11/2023;17v5ckh;k99njv8;CVE-2023-38545
2;15/11/2023;17v5ckh;k9aehft;cve-2023-36025
8;15/11/2023;17v5ckh;k9ao2tx;CVE-2023-38545
2;15/11/2023;17v5ckh;k9dhods;CVE-2023-38545
5;15/11/2023;17v5ckh;k9e4y5v;CVE-2023-36028
4;15/11/2023;17v5ckh;k9eexv0;CVE-2023-38545
2;16/11/2023;17vjdzn;k9hxuuh;CVE-2023-23583
2;16/11/2023;17q3hr9;k9i40vw;CVE-2023-38545
1;17/11/2023;17vjdzn;k9n75o6;CVE-2023-235833
1;19/11/2023;14rrb3m;k9vu0mq;CVE-2023-26203
2;19/11/2023;17v5ckh;k9w18li;CVE-2021-34481
1;20/11/2023;17z62ud;ka28vbb;CVE-2008-3704
1;21/11/2023;17zusk2;ka4wiaq;cve-2023-20269
71;22/11/2023;181fmim;kacd29c;CVE-2020-17049
8;01/12/2023;188iq99;kblnzb3;cve-2022-37966
2;02/12/2023;188fxve;kbn28uv;cve-2022-37966
1;06/12/2023;18canb9;kcacuri;CVE-2019-0708
13;12/12/2023;18gn0e2;kd1r6sy;CVE-2023-36028
11;12/12/2023;18gn0e2;kd1szny;CVE-2023-36028
14;12/12/2023;18gp6pc;kd2i3pg;CVE-2023-6345
2;12/12/2023;18gp6pc;kd2zpbb;CVE-2023-35618
2;13/12/2023;18gp6pc;kd3zsll;cve-2023-36019
21;13/12/2023;18gp6pc;kd40nth;cve-2021-42291
3;13/12/2023;18ffij4;kd7m5lc;CVE-2023-38174
2;15/12/2023;18j56ob;kdhuia3;CVE-2019-5088
-3;18/12/2023;18kwc3c;kdv25ny;CVE-2020-16898
4;19/12/2023;18lo46i;kdzx3fc;CVE-2022-37966
2;20/12/2023;18mc0vw;ke4apdn;CVE-2017-3881
1;21/12/2023;18likjm;ke96oec;cve-2022-21920
1;22/12/2023;18gp6pc;kegjmg1;CVE-2022-37966
3;22/12/2023;18ocm12;kehbsaq;CVE-2019-0708
2;26/12/2023;18r6dvk;kezip1b;CVE-2010-2772
3;27/12/2023;18rnw9s;kf4rvhe;CVE-2023-2868
2;09/01/2024;18gp6pc;kh33dsz;CVE-2024-20674
13;09/01/2024;192lsy0;kh3bkyv;CVE-2024-20666
18;09/01/2024;192lsy0;kh3cnam;CVE-2024-20700
29;09/01/2024;192lsy0;kh3faw6;CVE-2024-20666
4;09/01/2024;192lsy0;kh3kkq7;CVE-2024-20674
3;09/01/2024;192lsy0;kh3q0my;CVE-2024-20674
16;09/01/2024;192lsy0;kh4a4ca;CVE-2024-20666
1;10/01/2024;192lsy0;kh7vq4u;CVE-2024-20666
1;10/01/2024;192lsy0;kh7x9mh;cve-2023-7104
2;10/01/2024;192lsy0;kh7yeux;CVE-2024-20666
1;10/01/2024;192lsy0;kh7yymn;CVE-2024-20666
5;10/01/2024;192lsy0;kh9580e;cve-2024-20666
2;11/01/2024;192lsy0;khchxgz;CVE-2024-20666
5;11/01/2024;192lsy0;khcmc1n;cve-2021-42291
1;11/01/2024;191twx3;kheqn75;CVE-2023-35636
3;12/01/2024;192lsy0;khgzrlx;cve-2024-20666
1;12/01/2024;192lsy0;khj6v1h;CVE-2024-20666
2;12/01/2024;192lsy0;khk9ne6;cve-2024-20666
2;14/01/2024;195t2b0;khrbqu3;cve-2024-20666
2;15/01/2024;196y5t2;khye9x9;CVE-2021-43905
3;16/01/2024;19759ql;ki4v6kc;cve-2021-44228
6;16/01/2024;1983tij;ki4vtww;CVE-2023-6548
15;16/01/2024;1982j0l;ki4z6zg;cve-2022-41099
4;16/01/2024;1983tij;ki4zruo;CVE-2023-6184
2;16/01/2024;1982j0l;ki6cd9a;cve-2022-41099
1;19/01/2024;18c5emw;kilxxwr;CVE-2021-26414
5;19/01/2024;19apsd4;kimji81;CVE-2019-0765
6;19/01/2024;19av1ra;kinl0vf;cve-2023-24932
1;20/01/2024;19avtx5;kisfa05;CVE-2021-1678
1;21/01/2024;19bt9te;kixrq1z;CVE-2024-20666
1;21/01/2024;19bt9te;kixxcaz;CVE-2024-20666
1;22/01/2024;18kwc3c;kizg7jv;CVE-2020-16898
22;23/01/2024;19dwt40;kj8pwri;CVE-2008-5174
10;23/01/2024;19dwt40;kj8xd44;CVE-2008-5174
1;29/01/2024;1adtcsq;kk3h4e6;CVE-2024-20666
2;29/01/2024;1adxtgt;kk45xsq;CVE-2023-46805
3;29/01/2024;1aduhje;kk47kf0;cve-2022-41099
1;30/01/2024;1aea80c;kk8nwee;CVE-2020-16947
1;31/01/2024;1981o2g;kobnjy2;CVE-2023-46805
5;06/02/2024;1ajtmbe;kp567ht;CVE-2024-20666
2;06/02/2024;1ajtmbe;kp5qty8;CVE-2024-20666
5;09/02/2024;1am72sk;kpkv282;CVE-2024-23113
1;09/02/2024;1am72sk;kpmahcg;CVE-2024-21762
2;09/02/2024;1amlcdw;kpn281t;CVE-2024-1212
2;09/02/2024;1amkz28;kpnjshu;cve-2024-21762
1;09/02/2024;1amlcdw;kpowfbh;CVE-2024-1212
1;10/02/2024;1amlcdw;kpr6j5c;CVE-2024-1212
16;11/02/2024;1ao3471;kpwpwcg;CVE-2024-21762
1;12/02/2024;1aonein;kq1kebu;cve-2022-40684
1;12/02/2024;1ao3471;kq1qaqp;CVE-2023-46805
9;13/02/2024;1apmhzs;kq9ocb6;CVE-2024-21401
4;13/02/2024;1apmhzs;kq9w83v;CVE-2024-21410
1;14/02/2024;1apmhzs;kqemud4;CVE-2024-20666
1;15/02/2024;1aqrzt8;kqh41a3;cve-2021-34481
1;15/02/2024;1apmhzs;kqjf9uv;CVE-2024-20666
2;15/02/2024;16bsrhk;kqkmx81;CVE-2023-4863
10;18/02/2024;1au3wse;kr1h7oh;CVE-2024-21413
1;19/02/2024;1aus4ax;kr72b4e;cve-2023-4966
2;20/02/2024;1augkro;kr8fsw7;cve-2024-21762
-9;21/02/2024;1aw8usf;krgll2n;CVE-2019-14899
1;21/02/2024;1awlh01;kriyyma;CVE-2024-21888
6;22/02/2024;1awlh01;krjdhrj;CVE-2023-46805
2;22/02/2024;1awqyp9;krjwqdx;CVE-2024-1709
19;22/02/2024;1ax6wxd;krlwg7g;CVE-2023-30367
1;23/02/2024;1axjeh4;krp8apl;CVE-2023-50388
1;23/02/2024;1axjeh4;krpjyol;CVE-2023-50387
2;23/02/2024;1axjeh4;krr7p2q;CVE-2023-50387
8;25/02/2024;1azmhp1;ks2b0z7;CVE-2021-3438
1;25/02/2024;1azmhp1;ks2mrf5;CVE-2021-3438
1;05/03/2024;1b6f9im;kteqlzr;CVE-2021-42735
3;06/03/2024;1b7an1n;ktnwkfs;CVE-2024-22254
38;12/03/2024;1bcp2ql;kujjgjy;CVE-2024-27198
7;12/03/2024;1bcp2ql;kujpp25;CVE-2024-21400
7;12/03/2024;1bcp2ql;kujsy3n;cve-2024-20666
6;12/03/2024;1bcwdcz;kujx2z3;CVE-2021-42287
18;12/03/2024;1bcp2ql;kuk27h3;CVE-2021-1730
7;12/03/2024;1bcp2ql;kuk6w4n;CVE-2024-21400
5;13/03/2024;1bcp2ql;kunoey1;CVE-2024-26199
1;13/03/2024;1bcp2ql;kuonjsi;CVE-2023-36019
4;13/03/2024;1bcp2ql;kuqdyyk;CVE-2024-1708
1;19/03/2024;1bcp2ql;kvltphc;cve-2022-41099
139;21/03/2024;1bkeid1;kvxngut;CVE-2021-28562
39;29/03/2024;1bqu3zx;kx6bzvx;cve-2024-3094
-7;01/04/2024;1bt46c5;kxjo6h8;cve-2024-3094
1;04/04/2024;1apmhzs;ky0vsu3;CVE-2024-21378
2;05/04/2024;1bwc3v8;ky51ftj;CVE-2023-38175
26;09/04/2024;1bzjwwv;kysbltx;CVE-2024-2886
3;09/04/2024;1bzjwwv;kysu8t8;CVE-2024-28921
2;09/04/2024;1bzjwwv;kytj5m6;CVE-2024-29988
6;10/04/2024;1c05k6f;kyupdde;CVE-2024-2511
5;10/04/2024;1bzjwwv;kyuw4og;CVE-2023-5363
9;10/04/2024;1bzjwwv;kywdn2o;cve-2023-24932
2;10/04/2024;1c0oq5l;kyyca7b;cve-2024-20666
1;12/04/2024;1c2alo9;kz8lhw4;CVE-2024-3400
3;12/04/2024;1c23979;kz90co6;CVE-2023-42326
20;14/04/2024;1c3yvtc;kzk5z79;CVE-2024-26234
1;14/04/2024;1c3yvtc;kzkm3zo;CVE-2024-24576
2;16/04/2024;1c4qd8i;kzsiq4b;CVE-2024-3400
21;16/04/2024;1c4wmoj;kzt6oje;CVE-2024-31497
3;16/04/2024;1c4wmoj;kztb9vr;CVE-2024-31497
4;16/04/2024;1c5ln06;kzv1wjr;CVE-2024-26224
1;16/04/2024;1c4wmoj;kzw4ce6;CVE-2024-31497
17;17/04/2024;1c66aj2;kzytoxe;CVE-2024-3400
2;17/04/2024;1bzjwwv;kzzvd0p;CVE-2023-24932
15;19/04/2024;1c83a1p;l0ccu9r;CVE-2024-3400
5;20/04/2024;1c8t031;l0gsk92;CVE-2024-3400
-2;20/04/2024;1c8t031;l0gzi3n;CVE-2024-20295
-26;20/04/2024;1c8t031;l0gztgg;CVE-2024-20295
-7;20/04/2024;1c8t031;l0h0dnj;CVE-2024-20295
14;20/04/2024;1c8t031;l0h0sc1;CVE-2024-20295
-2;20/04/2024;1c8t031;l0h1oql;CVE-2024-20295
80;20/04/2024;1c8t031;l0h2z3b;CVE-2024-20295
-5;20/04/2024;1c8t031;l0h39pp;CVE-2024-20276
17;20/04/2024;1c8t031;l0h456l;CVE-2024-20295
1;20/04/2024;1c8t031;l0h47it;CVE-2024-20295
1;23/04/2024;1caipq7;l0uvf3e;cve-2024-21413
3;24/04/2024;1cc3p5p;l12qgqk;CVE-2024-4040
15;24/04/2024;1cc63t0;l13kjqt;CVE-2024-20353
6;24/04/2024;1cc6naa;l144miy;CVE-2024-20359
-4;25/04/2024;1cc63t0;l16hk0l;CVE-2024-3400
37;27/04/2024;1ceisaq;l1ix007;CVE-2024-20359
8;29/04/2024;1cg62nr;l1u6025;CVE-2017-7149
2;30/04/2024;1cgumye;l1y6se1;CVE-2022-38028
1;30/04/2024;1cg01er;l20otuu;CVE-2024-29066
3;30/04/2024;1bzjwwv;l20p6dx;CVE-2024-29066
2;01/05/2024;1cgumye;l21p2ks;cve-2022-38028
21;02/05/2024;1cih2xl;l2934rr;CVE-2023-21563
3;02/05/2024;1cih2xl;l29i3jd;CVE-2023-21563
2;03/05/2024;1cj99ie;l2eiz7f;CVE-2024-0727
1;07/05/2024;1aq3tg1;l2y3cw7;cve-2024-20666
1;10/05/2024;1cofca8;l3h4ssf;CVE-2022-41099
2;10/05/2024;1cofca8;l3hggpr;cve-2022-41099
1;11/05/2024;1cofca8;l3jiia1;CVE-2022-41099
6;11/05/2024;1cpbez3;l3k3te0;CVE-2019-0708
14;11/05/2024;1cpk2li;l3l9lxr;CVE-2023-4807
3;11/05/2024;1cpbez3;l3mj460;CVE-2019-1182
5;14/05/2024;1crk56o;l40excy;CVE-2023-38545
1;14/05/2024;1crk56o;l412smc;CVE-2024-30051
20;14/05/2024;1crk56o;l414epq;CVE-2024-30051
3;14/05/2024;1crw7a9;l42c62a;CVE-2022-38392
2;14/05/2024;1crk56o;l42dhsd;cve-2024-26248
1;14/05/2024;1crk56o;l42fp6r;cve-2024-26248
4;14/05/2024;1crk56o;l42kbrr;CVE-2024-30040
2;15/05/2024;1cquy1n;l450x2n;CVE-2018-18240
8;15/05/2024;1csthsg;l47qvmo;CVE-2024-28075
2;16/05/2024;1crk56o;l49uiqg;CVE-2024-2398
10;16/05/2024;1ctdbjd;l4b7khc;CVE-2023-38545
22;18/05/2024;1cv5dia;l4n9gxh;CVE-2023-46218
1;19/05/2024;1cvy3zz;l4sfw72;CVE-2019-1161
1;20/05/2024;1cwhc85;l4w1y3y;cve-2024-28072
2;21/05/2024;1cwjc3j;l5167bt;CVE-2013-3900
1;22/05/2024;1cxhgzj;l577fpx;CVE-2022-37966
5;24/05/2024;1czvsr2;l5j6y3b;CVE-2024-22273
1;28/05/2024;1d2kju3;l632u1b;CVE-2024-5274
3;31/05/2024;1d4x733;l6hjb25;cve-2021-34481
9;05/06/2024;1d7tf8e;l76itgz;CVE-2023-49210
3;06/06/2024;1d7tf8e;l7fks16;CVE-2023-49210
15;11/06/2024;1dd65v4;l85ga34;CVE-2024-5274
1;11/06/2024;1dd65v4;l85xnun;CVE-2023-50868
1;11/06/2024;1dd65v4;l85yn1m;CVE-2024-30040
2;11/06/2024;1dd65v4;l86ttu9;cve-2024-26248
3;11/06/2024;1dd65v4;l86v544;cve-2024-26248
1;12/06/2024;1d7tf8e;l88yrbx;CVE-2023-49210
1;12/06/2024;1dd65v4;l8a95p8;CVE-2024-21445
7;12/06/2024;1dd65v4;l8bdebk;cve-2024-30103
1;12/06/2024;1bcp2ql;l8bsvn4;CVE-2024-21433
1;13/06/2024;1dex70p;l8fmwiy;cve-2024-21762
18;13/06/2024;1deytn5;l8fo5l7;CVE-2024-30103
22;13/06/2024;1deytn5;l8foqrq;CVE-2024-30103
3;13/06/2024;1devbdy;l8giz33;CVE-2024-30103
3;14/06/2024;1dfqit8;l8kz0um;cve-2021-42287
1;14/06/2024;1dd65v4;l8l9k6a;CVE-2024-21445
20;15/06/2024;1dggl80;l8qphlr;CVE-2024-30078
2;15/06/2024;1dgo0wx;l8r8125;cve-2024-20666
3;21/06/2024;1dl2vrp;l9mfnbf;CVE-2024-20666
1;24/06/2024;1dmm84c;la3jveu;CVE-2024-25578
1;25/06/2024;1do0r74;la8mhe6;CVE-2022-29072
1;26/06/2024;1dounho;lacfrmr;CVE-2023-30367
1;27/06/2024;1b3uqdw;laij8hk;CVE-2023-30367
1;27/06/2024;1dpqlg8;lakf36y;CVE-2019-0708
2;29/06/2024;1dpws7a;lat3jhl;CVE-2024-37087
1;30/06/2024;1drdid3;lb0157c;cve-2024-20666
11;01/07/2024;1dspa43;lb4562s;cve-2024-6387
38;01/07/2024;1dspa43;lb4coiv;cve-2024-6387
34;01/07/2024;1dspa43;lb4dttl;CVE-2006-5051
8;01/07/2024;1dspa43;lb4j2ym;cve-2024-6387
2;01/07/2024;1dsgi6t;lb549r7;CVE-2019-2725
2;01/07/2024;1dspa43;lb5tjvv;cve-2024-6387
3;01/07/2024;1dspa43;lb7b2z0;cve-2024-6387
5;02/07/2024;1dspa43;lb7qnc3;cve-2024-6387
5;02/07/2024;1dt4we5;lb90uts;cve-2023-44487
1;02/07/2024;1dspa43;lb9mgj6;cve-2024-6387
3;02/07/2024;1dspa43;lb9on8n;cve-2024-6387
2;02/07/2024;1dspa43;lbc0mfq;CVE-2024-6387
3;03/07/2024;1du55p7;lbg0gx9;CVE-2022-41080
6;03/07/2024;1duqr6l;lbii3hb;CVE-2021-34527
3;04/07/2024;1duqr6l;lbkbl2u;CVE-2021-34481
1;05/07/2024;1dpws7a;lbs5h19;CVE-2024-37085
1;08/07/2024;1dy4f0v;lc6hcju;CVE-2024-6387
2;09/07/2024;1dyegkw;lccdns1;CVE-2024-21762
17;09/07/2024;1dyu3ia;lcdoilb;CVE-2024-38077
16;09/07/2024;1dyu3ia;lcdr18c;CVE-2024-38112
1;09/07/2024;1dyu3ia;lcdr3go;CVE-2024-3596
3;09/07/2024;1dyu3ia;lcfbirp;cve-2024-26248
5;09/07/2024;1dyu3ia;lcfbw9m;cve-2024-26248
9;10/07/2024;1dyu3ia;lcgcmjd;CVE-2024-0727
3;10/07/2024;1dyu3ia;lchh6pt;CVE-2024-38080
2;10/07/2024;1dyu3ia;lci0c10;cve-2024-3596
3;11/07/2024;1dyu3ia;lcng1au;CVE-2024-38015
3;11/07/2024;1dyu3ia;lcqrr1h;CVE-2024-38021
1;12/07/2024;1e1qfmi;lcwg9th;CVE-2024-38112
1;15/07/2024;1dyu3ia;lda6rxf;CVE-2024-38027
2;15/07/2024;1dyu3ia;ldaznid;CVE-2024-38027
1;17/07/2024;1e5pw2n;ldnms8u;CVE-2020-13428
1;18/07/2024;1dyu3ia;ldqv3gm;CVE-2024-3596
1;20/07/2024;1e7srza;le2vma2;CVE-2021-1647
1;20/07/2024;1e75kq7;le4m78k;CVE-2024-3400
1;20/07/2024;1e7t7wv;le5gand;cve-2022-41099
1;23/07/2024;1e8a76v;lehq9ir;CVE-2024-38058
3;23/07/2024;1ea8pym;lek1eyk;CVE-2013-3900
3;24/07/2024;1eb22pb;leqhmq1;CVE-2017-5754
1;31/07/2024;1egl37i;lft2rkd;CVE-2013-3900
1;03/08/2024;1ei77tr;lg8r5g4;CVE-2022-47966
1;07/08/2024;1emc325;lgyewiz;CVE-2019-0708
6;10/08/2024;1eouiii;lhiebg1;CVE-2017-5689
1;13/08/2024;1eqziiy;lhx8gjj;CVE-2024-38202
26;13/08/2024;1eqziiy;lhx9ibj;CVE-2024-38202
6;13/08/2024;1eqziiy;lhy22qn;CVE-2024-38199
75;13/08/2024;1eqziiy;lhy28sm;CVE-2024-37968
8;13/08/2024;1eqziiy;lhys1xb;cve-2023-24932
10;13/08/2024;1eqziiy;lhz4g37;CVE-2024-37968
1;13/08/2024;1eqziiy;lhzcw6w;CVE-2024-38063
11;14/08/2024;1es09xf;li41kwk;CVE-2020-16898
-2;14/08/2024;1es09xf;li4hii9;cve-2024-38063
3;15/08/2024;1eqziiy;li83910;CVE-2024-37968
42;15/08/2024;1eqziiy;li8dwvg;CVE-2024-37968
23;15/08/2024;1eqziiy;li8frc7;CVE-2024-37968
6;15/08/2024;1esm4pp;li8gadv;CVE-2024-37968
2;15/08/2024;1esm4pp;li8gkwp;CVE-2024-37968
3;15/08/2024;1eqziiy;libcr7y;CVE-2024-37968
1;16/08/2024;1eqziiy;lic5m0q;CVE-2024-38063
2;16/08/2024;1es09xf;liduai7;CVE-2024-38063
1;16/08/2024;1esm4pp;lif2z1o;CVE-2023-23415
1;16/08/2024;1eqziiy;lifq2yo;CVE-2024-38063
1;17/08/2024;1es09xf;lijb07c;CVE-2024-38063
1;19/08/2024;1es09xf;lit4crm;CVE-2024-38063
1;19/08/2024;1es09xf;liv3ier;CVE-2024-38063
1;19/08/2024;1dfqit8;liwjw7m;cve-2021-42287
1;25/08/2024;1f0h213;ljsan38;CVE-2021-21551
1;29/08/2024;1f46iv4;lkiz4dm;cve-2024-6053
5;30/08/2024;1f4mwn9;lkmilq4;cve-2024-38063
3;01/09/2024;1f6en1y;lkzq1jy;CVE-2024-38063
4;01/09/2024;1f6en1y;ll2283t;CVE-2024-38063
9;10/09/2024;1fda3gu;lmeegv1;CVE-2022-21894
19;10/09/2024;1fda3gu;lmfdaxc;CVE-2024-7965
1;10/09/2024;1fd9p0f;lmg7ume;CVE-2024-38063
6;10/09/2024;1fda3gu;lmgpeft;CVE-2024-40766
1;10/09/2024;1cwjc3j;lmgvjd6;CVE-2013-3900
2;10/09/2024;1fda3gu;lmh8m52;CVE-2024-43491
8;10/09/2024;1fda3gu;lmhqvpe;cve-2024-43491
10;10/09/2024;1fda3gu;lmi4026;cve-2024-26248
7;10/09/2024;1fda3gu;lmi6ap1;cve-2024-26248
1;10/09/2024;1fda3gu;lmifjbd;CVE-2024-43491
2;11/09/2024;1fdrnq4;lmkvzyw;cve-2020-19909
4;11/09/2024;1fda3gu;lml8dr8;CVE-2024-7889
1;11/09/2024;1fda3gu;lmlo4nd;cve-2023-24932
2;11/09/2024;1fdwp1w;lmm0dus;CVE-2024-3400
2;11/09/2024;1fdwp1w;lmn7id9;CVE-2024-34686
1;11/09/2024;1feg6m4;lmofbb8;CVE-2024-3596
2;12/09/2024;1feh5wz;lmqiijn;CVE-2023-23696
8;12/09/2024;1feh5wz;lmqlz18;CVE-2023-23696
1;13/09/2024;1deex5z;lmyyrda;CVE-2023-24932
2;15/09/2024;1fgjapq;ln6t3d1;CVE-2023-23397
1;19/09/2024;1fjuwik;lnw5os9;CVE-2024-43461
1;20/09/2024;1fl9lc5;lo2hkwo;CVE-2022-41099
16;24/09/2024;1fo9ar0;lop3omx;cve-2020-19909
1;02/10/2024;1fub1jm;lpy2q2y;CVE-2024-38063
1;02/10/2024;1ftrnzu;lpykvyu;CVE-2022-2601
3;08/10/2024;1fys57l;lqwl8fa;CVE-2024-2398
11;08/10/2024;1fys57l;lqwpv0g;CVE-2024-7264
36;08/10/2024;1fys57l;lqxwdxr;CVE-2024-45519
1;08/10/2024;1fys57l;lqzre9g;CVE-2024-43583
6;08/10/2024;1fys57l;lqzrgjr;cve-2024-43572
1;08/10/2024;1fys57l;lqzrjsu;CVE-2024-43583
1;08/10/2024;1fys57l;lqzrlun;CVE-2024-43583
1;08/10/2024;1fys57l;lqzrmw0;CVE-2024-43583
15;09/10/2024;1fys57l;lr25rtt;CVE-2024-43581
3;09/10/2024;1fys57l;lr2fm8m;CVE-2024-43468
2;09/10/2024;1fys57l;lr2kqg7;CVE-2024-43593
4;09/10/2024;1fys57l;lr2zdzw;CVE-2024-43582
2;09/10/2024;1fys57l;lr3vcxd;CVE-2024-43583
2;09/10/2024;1fys57l;lr3x3ri;CVE-2024-7264
1;10/10/2024;1fyzcog;lr9ipof;CVE-2023-21765
1;11/10/2024;1femlpl;lrf0ztq;cve-2024-20666
2;15/10/2024;1g49d4u;ls409yc;CVE-2024-9680
6;22/10/2024;1g9bveq;lt7wypd;CVE-2024-38812
1;23/10/2024;1g9nrgb;ltchg0c;cve-2023-24932
1;25/10/2024;1gbh4io;ltms23p;CVE-2024-28929
5;27/10/2024;1gdi8e1;lu2ueuw;CVE-2024-1234
5;03/11/2024;1gim2io;lv7tj3i;CVE-2023-20198
2;12/11/2024;1goota5;lwqxdt1;CVE-2024-10487
25;12/11/2024;1gpe5kc;lwrizlx;CVE-2024-10487
6;12/11/2024;1gpe5kc;lwsdhqn;CVE-2024-43451
2;12/11/2024;1gpe5kc;lwt6fxi;CVE-2024-5535
4;12/11/2024;1gpe5kc;lwt907e;cve-2024-43451
1;13/11/2024;1goota5;lwxiy8x;CVE-2024-21302
3;17/11/2024;1gti4ux;lxng0mv;cve-2022-2929
9;22/11/2024;1gxahog;lygl65m;cve-2019-9510
2;25/11/2024;1gzezsa;lyvwo1r;cve-2023-4863
2;25/11/2024;1gz4q4m;lyxhkzt;cve-2023-23397
1;27/11/2024;1h0qkue;lz98rfi;cve-2024-5921
1;27/11/2024;1h0qkue;lzbf6to;CVE-2013-5211
1;01/12/2024;1h3dg7z;lzujhmq;CVE-2023-30367
2;05/12/2024;1h7ckf8;m0l850n;CVE-2022-41099
1;06/12/2024;1h7ckf8;m0rmx18;CVE-2023-4807
1;09/12/2024;1h9ujaa;m15yght;CVE-2024-43451
8;09/12/2024;1h9ujaa;m176g6o;CVE-2024-43451
1;09/12/2024;1h79o1t;m17a58n;CVE-2022-38023
6;09/12/2024;1h9ujaa;m17epzn;CVE-2024-43451
11;09/12/2024;1h9ujaa;m17etsg;CVE-2024-43451
6;09/12/2024;1h9ujaa;m17ex7l;CVE-2024-43451
2;09/12/2024;1h9ujaa;m17fcgn;CVE-2024-43451
2;09/12/2024;1h9ujaa;m17ffiy;CVE-2024-43451
2;09/12/2024;1h9ujaa;m17fhb9;CVE-2024-43451
1;09/12/2024;1h9ujaa;m17flso;CVE-2024-43451
1;09/12/2024;1h9ujaa;m17fr5a;CVE-2024-43451
11;09/12/2024;1h9ujaa;m17h7l8;CVE-2024-43451
10;09/12/2024;1h9ujaa;m17hvv0;CVE-2024-43451
3;09/12/2024;1h9ujaa;m17ix5c;CVE-2024-43451
2;09/12/2024;1h9ujaa;m18jgjq;CVE-2024-43451
2;09/12/2024;1h9ujaa;m192yup;CVE-2024-43451
38;10/12/2024;1hav717;m1d9phl;CVE-2024-11691
2;10/12/2024;1hav717;m1ew1ux;cve-2024-43451
2;10/12/2024;1hb7u6g;m1ffcou;CVE-2022-41099
1;11/12/2024;1hav717;m1i1c8s;CVE-2024-43451
1;13/12/2024;1hc4e9x;m1udyox;CVE-2023-34634
1;13/12/2024;1g454l2;m1ugaje;CVE-2024-21302
1;16/12/2024;1hav717;m2apmm8;CVE-2024-49138
3;02/12/2022;za7tei;iyl2i0n;CVE-2014-0160
