Affected Vendor(s),CVE_ID,CVSS v3.0
Symantec,CVE-2005-2715,
Novell,CVE-2006-6425,
Novell,CVE-2006-6424,
Novell,CVE-2006-6424,
Mozilla Firefox,CVE-2006-6504,
Symantec,CVE-2006-5822,
Symantec,CVE-2006-6222,
Microsoft,CVE-2006-5581,
Microsoft,CVE-2006-4704,
Sophos,CVE-2006-6335,
Sophos,CVE-2006-6335,
Adobe,CVE-2006-5856,
Novell,CVE-2006-5854,
Verity,CVE-2006-5819,
Microsoft,CVE-2006-4687,
WinZip Computing,CVE-2006-5198,
NetIQ,CVE-2006-5487,
Citrix,CVE-2006-5821,
America Online,CVE-2006-5650,
Novell,CVE-2006-5478,
Novell,CVE-2006-5478,
Microsoft,CVE-2006-3650,
Microsoft,CVE-2006-2387,
Microsoft,CVE-2006-3435,
Computer Associates,CVE-2006-5143,
Computer Associates,CVE-2006-5143,
Ipswitch,CVE-2006-5000,
Ipswitch,CVE-2006-4379,
Microsoft,CVE-2006-3450,
Microsoft,CVE-2006-3451,
Mozilla Firefox,CVE-2006-3677,
eIQnetworks,CVE-2006-3838,
eIQnetworks,CVE-2006-3838,
Microsoft,CVE-2006-2388,
WebEx Communications Inc.,CVE-2006-3423,
Apple,CVE-2006-1467,
GraceNote,CVE-2006-3134,
Microsoft,CVE-2006-2383,
Microsoft,CVE-2006-2382,
Novell,CVE-2006-2496,
Apple,CVE-2006-1463,
Verisign,CVE-2006-2273,
3Com  TippingPoint,CVE-2006-0993,
Sophos,CVE-2006-0994,
Mozilla Firefox,CVE-2006-0748,
Mozilla Firefox,CVE-2006-1730,
Mozilla Firefox,CVE-2006-0749,
Novell,CVE-2006-0992,
Microsoft,CVE-2006-0014,
Symantec,CVE-2006-0990,
Symantec,CVE-2006-0989,
Microsoft,CVE-2006-0028,
Ipswitch,CVE-2005-3526,
Adobe,CVE-2005-3525,
Clam AntiVirus,CVE-2006-0162,
"3Com  TippingPoint, Juniper",,
Hewlett-Packard,CVE-2007-6195,
St. Bernard,CVE-2007-6281,
Trend Micro,CVE-2007-6507,
Microsoft,CVE-2007-3039,
Microsoft,CVE-2007-5344,
Microsoft,CVE-2007-3903,
Microsoft,CVE-2007-3902,
Novell,CVE-2007-6302,
Hewlett-Packard,CVE-2007-6204,
Skype,CVE-2007-5989,
Computer Associates,CVE-2007-5328,
Apple,CVE-2007-4672,
Apple,CVE-2007-4676,
Apple,CVE-2007-4676,
Apple,CVE-2007-4677,
Novell,CVE-2007-5767,
RealNetworks,CVE-2007-2264,
RealNetworks,CVE-2007-4599,
RealNetworks,CVE-2007-2263,
Hewlett-Packard,CVE-2007-5413,
"IBM, Verity",CVE-2007-5909,
Oracle / PeopleSoft,CVE-2007-5766,
Firebird,CVE-2007-4992,
IBM,CVE-2007-2582,
Microsoft,CVE-2007-2228,
IBM,CVE-2007-4880,
Microsoft,CVE-2007-4991,
MIT,CVE-2007-3999,
Trend Micro,CVE-2007-4731,
Trend Micro,CVE-2007-4218,
EMC,CVE-2007-3618,
Microsoft,CVE-2007-2223,
Microsoft,CVE-2007-3035,
Microsoft,CVE-2007-3037,
Novell,CVE-2007-2954,
BakBone,CVE-2007-3911,
Ipswitch,CVE-2007-2795,
Ipswitch,CVE-2007-2795,
Panda Software,CVE-2007-3026,
Symantec,CVE-2007-0447,
Symantec,CVE-2007-3699,
Microsoft,CVE-2007-1751,
Microsoft,CVE-2007-3027,
Arris,CVE-2007-2796,
Computer Associates,CVE-2007-2864,
Computer Associates,CVE-2007-2863,
Samba,CVE-2007-2446,
Samba,CVE-2007-2446,
Samba,CVE-2007-2446,
Samba,CVE-2007-2446,
Samba,CVE-2007-2446,
Computer Associates,CVE-2007-2522,
Microsoft,CVE-2007-0944,
Microsoft,CVE-2007-0215,
Trend Micro,CVE-2007-2508,
Trend Micro,CVE-2007-2508,
Apple,CVE-2007-2175,
Computer Associates,CVE-2007-2139,
GraceNote,CVE-2007-0443,
BMC Software,CVE-2007-1972,
BMC Software,CVE-2007-2136,
IBM,CVE-2007-2137,
Oracle / PeopleSoft,CVE-2007-2135,
Oracle / PeopleSoft,CVE-2007-2170,
Novell,CVE-2007-2171,
Kaspersky,CVE-2007-1112,
Kaspersky,CVE-2007-0445,
Yahoo!,CVE-2007-1680,
IBM,CVE-2007-1675,
Apple,CVE-2007-0714,
Novell,CVE-2007-1350,
Apache,CVE-2007-0774,
Mercury,CVE-2007-0446,
Citrix,CVE-2007-0444,
Sun Microsystems,CVE-2007-0243,
Computer Associates,CVE-2007-0169,
Computer Associates,CVE-2007-0169,
Computer Associates,CVE-2007-0168,
QUALCOMM,CVE-2006-6336,
Microsoft,CVE-2008-4019,
America Online,,
America Online,,
EMC,CVE-2008-3684,
EMC,CVE-2008-3685,
Mozilla Firefox,CVE-2008-5013,
Mozilla Firefox,CVE-2008-5021,
Adobe,CVE-2007-6637,
RealNetworks,,
RealNetworks,,
RealNetworks,,
Oracle,,
Microsoft,CVE-2008-4259,
Microsoft,CVE-2008-4837,
Microsoft,CVE-2008-4028,
Microsoft,CVE-2008-4027,
Microsoft,CVE-2008-4255,
BMC Software,CVE-2008-5982,
Sun Microsystems,CVE-2008-5339,
Sun Microsystems,CVE-2008-5359,
Cerulean Studios,CVE-2008-5403,
Trillian,CVE-2008-5402,
Cerulean Studios,CVE-2008-5401,
EMC,CVE-2008-5420,
EMC,CVE-2008-5419,
Adobe,CVE-2008-4813,
Adobe,CVE-2008-4813,
Adobe,CVE-2008-2992,
IBM,CVE-2008-4801,
SonicWALL,CVE-2008-4918,
Microsoft,CVE-2008-3475,
Microsoft,CVE-2008-3471,
Apple,CVE-2008-3641,
Novell,CVE-2008-4480,
Novell,CVE-2008-4478,
Novell,CVE-2008-4479,
Novell,CVE-2008-4478,
Apple,CVE-2008-3627,
Apple,CVE-2008-3627,
Apple,CVE-2008-3627,
Apple,CVE-2008-3626,
Apple,CVE-2008-3625,
Apple,CVE-2008-3635,
Microsoft,CVE-2008-3013,
Microsoft,CVE-2008-3015,
"Adium, Pidgin",CVE-2008-2927,
Symantec,CVE-2008-3703,
OpenLDAP Foundation,CVE-2008-2952,
Microsoft,CVE-2008-2258,
Microsoft,CVE-2008-2257,
Microsoft,CVE-2008-3021,
Microsoft,CVE-2008-3006,
RealNetworks,CVE-2008-1309,
RealNetworks,CVE-2008-3066,
Apple,CVE-2008-2317,
Mozilla Firefox,CVE-2008-2785,
Sun Microsystems,CVE-2008-3111,
Sun Microsystems,CVE-2008-3112,
Novell,CVE-2008-3159,
Microsoft,CVE-2008-1444,
Microsoft,CVE-2008-1442,
Apple,CVE-2008-1585,
Apple,CVE-2008-1584,
Computer Associates,CVE-2008-2541,
Computer Associates,CVE-2008-2541,
Hewlett-Packard,CVE-2008-1661,
Motorola,CVE-2008-2548,
Adobe,CVE-2007-0071,
Cerulean Studios,CVE-2008-2409,
Cerulean Studios,CVE-2008-2408,
Cerulean Studios,CVE-2008-2407,
IBM,CVE-2008-2499,
Computer Associates,CVE-2008-2241,
Computer Associates,CVE-2008-2242,
Symantec,CVE-2008-2291,
Symantec,CVE-2008-2286,
Microsoft,CVE-2008-1091,
Apple,CVE-2008-1026,
Adobe,CVE-2007-6019,
Microsoft,CVE-2008-1083,
Apple,CVE-2008-1022,
Apple,CVE-2008-1021,
Apple,CVE-2008-1020,
Apple,CVE-2008-1018,
Apple,CVE-2008-1017,
Apple,CVE-2008-1019,
Novell,CVE-2008-0924,
IBM,CVE-2008-0727,
IBM,CVE-2008-0727,
Sun Microsystems,CVE-2008-1188,
Sun Microsystems,CVE-2008-1188,
Microsoft,CVE-2008-0113,
Symantec,CVE-2008-0638,
Microsoft,CVE-2008-0077,
Novell,CVE-2008-0639,
Adobe,CVE-2008-0726,
Symantec,CVE-2008-0457,
Citrix,CVE-2008-0356,
IBM,CVE-2008-0247,
Novell,,
IBM,,
Hewlett-Packard,CVE-2007-2280,
Symantec,CVE-2009-3027,
Hewlett-Packard,CVE-2009-3849,
Hewlett-Packard,CVE-2009-3848,
Hewlett-Packard,CVE-2009-3849,
Hewlett-Packard,CVE-2009-3845,
Adobe,CVE-2009-3799,
Adobe,CVE-2009-3794,
Hewlett-Packard,CVE-2009-3844,
Microsoft,CVE-2009-4310,
Microsoft,CVE-2009-4309,
Microsoft,CVE-2009-3674,
Microsoft,CVE-2009-3673,
Microsoft,CVE-2009-3671,
Hewlett-Packard,CVE-2009-3843,
Apple,CVE-2009-0954,
Microsoft,CVE-2009-3129,
Microsoft,CVE-2009-3127,
Hewlett-Packard,CVE-2009-2685,
Sun Microsystems,CVE-2009-3874,
Sun Microsystems,CVE-2009-3871,
Sun Microsystems,CVE-2009-3869,
Sun Microsystems,CVE-2009-3866,
Sun Microsystems,CVE-2009-3867,
Novell,CVE-2009-3862,
"EMC, OpenText",,
Adobe,CVE-2009-2985,
Microsoft,CVE-2009-2503,
Microsoft,CVE-2009-2531,
Microsoft,CVE-2009-2530,
Microsoft,CVE-2009-0555,
EMC,CVE-2009-1120,
Novell,,
Adobe,CVE-2009-3068,
Mozilla Firefox,CVE-2009-3077,
Apple,CVE-2009-2798,
Apple,CVE-2009-2799,
Microsoft,CVE-2009-1920,
Symantec,CVE-2009-1430,
Symantec,CVE-2009-1429,
Oracle,CVE-2009-1978,
Oracle,CVE-2009-1977,
Microsoft,CVE-2009-1133,
Microsoft,CVE-2009-2496,
Microsoft,CVE-2009-0562,
Microsoft,CVE-2009-1136,
Microsoft,CVE-2009-1923,
Computer Associates,CVE-2009-2026,
EMC,,
Sun Microsystems,,
Sun Microsystems,CVE-2009-2675,
Microsoft,CVE-2009-1919,
Microsoft,CVE-2009-1918,
Novell,,
Microsoft,CVE-2009-1539,
Adobe,CVE-2009-1860,
Apple,CVE-2009-1719,
Adobe,CVE-2009-1855,
Microsoft,CVE-2009-1532,
Microsoft,CVE-2009-1134,
Microsoft,CVE-2009-1531,
Microsoft,CVE-2009-1530,
Microsoft,CVE-2009-1528,
Microsoft,CVE-2009-1529,
Microsoft,CVE-2009-0563,
Apple,CVE-2009-1709,
Apple,CVE-2009-1701,
Apple,CVE-2009-1698,
"Adium, Pidgin",CVE-2009-1376,
Apple,CVE-2009-0010,
Apple,CVE-2009-0957,
Apple,CVE-2009-0954,
Apple,CVE-2009-0953,
Apple,CVE-2009-0952,
Apple,CVE-2009-0951,
Safenet,CVE-2009-1943,
Apple,CVE-2009-0154,
Apple,CVE-2009-0945,
Apple,CVE-2009-0010,
Microsoft,CVE-2009-1130,
Microsoft,CVE-2009-0556,
Symantec,CVE-2009-1430,
Oracle,CVE-2009-0993,
Novell,CVE-2009-1350,
Mozilla Firefox,CVE-2009-1044,
Adobe,CVE-2009-0927,
Mozilla Firefox,CVE-2009-0775,
Microsoft,CVE-2009-0076,
Microsoft,CVE-2009-0075,
Novell,CVE-2009-0410,
EMC,CVE-2009-0311,
Apple,CVE-2009-0007,
Apple,CVE-2009-0006,
Apple,CVE-2009-0003,
Apple,CVE-2009-0002,
Oracle,CVE-2008-5440,
Oracle,CVE-2008-5448,
Microsoft,CVE-2008-4835,
Microsoft,CVE-2008-4834,
Trend Micro,,10.0
Novell,,9.0
Novell,,9.0
Novell,,9.0
Novell,,9.0
Novell,,9.0
Novell,,9.0
Rocket,,10.0
Hewlett-Packard,,10.0
Hewlett-Packard,CVE-2010-4113,10.0
Symantec,CVE-2010-0114,10.0
SAP,,9.0
Microsoft,CVE-2010-3346,10.0
Microsoft,CVE-2010-3345,10.0
Microsoft,CVE-2010-3964,10.0
Microsoft,CVE-2010-3937,6.8
Novell,,9.0
Novell,,10.0
Novell,,10.0
RealNetworks,CVE-2010-4394,9.0
RealNetworks,CVE-2010-4391,9.0
RealNetworks,CVE-2010-4392,9.0
RealNetworks,CVE-2010-4389,9.0
RealNetworks,CVE-2010-4388,9.0
RealNetworks,CVE-2010-4388,9.0
RealNetworks,CVE-2010-4388,9.0
RealNetworks,CVE-2010-4396,9.0
RealNetworks,CVE-2010-4378,9.0
RealNetworks,CVE-2010-2999,9.0
RealNetworks,CVE-2010-4377,9.0
RealNetworks,CVE-2010-4376,9.0
RealNetworks,CVE-2010-2997,9.0
RealNetworks,CVE-2010-4397,9.0
RealNetworks,CVE-2010-4384,9.0
RealNetworks,CVE-2010-4395,9.0
RealNetworks,CVE-2010-4375,9.0
Mozilla Firefox,CVE-2010-3767,9.0
Mozilla Firefox,CVE-2010-3766,9.0
CA,CVE-2010-3984,10.0
Apple,CVE-2010-3800,9.0
Apple,CVE-2010-3800,9.0
Apple,CVE-2010-3802,9.0
Apple,CVE-2010-3801,9.0
Apple,CVE-2010-1508,10.0
Apple,CVE-2010-3812,9.0
Novell,CVE-2010-4321,9.0
Apple,CVE-2010-3792,9.0
Apple,CVE-2010-3791,9.0
Apple,CVE-2010-3795,9.0
Apple,CVE-2010-3788,9.0
Apple,CVE-2010-3794,9.0
Apple,CVE-2010-3789,10.0
Apple,CVE-2010-3793,10.0
Apple,CVE-2010-1843,7.8
Novell,,10.0
Microsoft,CVE-2010-3335,9.0
Microsoft,CVE-2010-2573,9.0
Apple,CVE-2010-0515,9.0
Novell,,10.0
Novell,,9.0
Novell,,10.0
Novell,,10.0
Novell,,10.0
Novell,,10.0
Novell,,10.0
SAP,,10.0
Cisco,CVE-2010-3040,10.0
Cisco,CVE-2010-3040,10.0
Cisco,CVE-2010-3040,10.0
Cisco,CVE-2010-3040,10.0
Juniper,,6.4
Novell,,10.0
ProFTPD,,10.0
Adobe,CVE-2010-4090,7.5
Adobe,CVE-2010-3655,9.0
Symantec,CVE-2010-0112,10.0
Symantec,CVE-2010-0112,10.0
Symantec,CVE-2010-0112,10.0
Symantec,CVE-2010-0112,10.0
Symantec,CVE-2010-0112,10.0
Symantec,CVE-2010-0112,10.0
Symantec,CVE-2010-0112,10.0
Mozilla Firefox,CVE-2010-3183,9.0
IBM,CVE-2008-2154,9.0
IBM,,9.0
IBM,,9.0
IBM,,10.0
IBM,,10.0
RealNetworks,CVE-2010-3751,9.0
RealNetworks,CVE-2010-3750,9.0
RealNetworks,CVE-2010-3749,9.0
RealNetworks,CVE-2010-3747,9.0
RealNetworks,CVE-2010-2998,9.0
Oracle,CVE-2010-3559,9.0
Oracle,CVE-2010-3555,9.0
Oracle,CVE-2010-3552,9.0
Sun Microsystems,CVE-2010-3565,9.0
Sun Microsystems,CVE-2010-3566,9.0
Sun Microsystems,CVE-2010-3571,9.0
Sun Microsystems,CVE-2010-3563,10.0
Oracle,CVE-2010-2419,9.0
IBM,,10.0
Microsoft,CVE-2010-3225,10.0
Microsoft,CVE-2010-1883,10.0
Microsoft,CVE-2010-3328,10.0
SAP,,10.0
SAP,,10.0
IBM,,10.0
Adobe,CVE-2010-3632,9.0
Adobe,CVE-2010-3622,10.0
Adobe,CVE-2010-3621,9.0
Novell,,10.0
Novell,,7.8
IBM,,7.8
IBM,,
IBM,,5.0
IBM,,10.0
IBM,,10.0
IBM,,10.0
IBM,,10.0
IBM,,10.0
IBM,,10.0
IBM,,10.0
Novell,,10.0
IBM,,10.0
Mozilla Firefox,CVE-2010-2766,10.0
Hewlett-Packard,CVE-2010-3008,7.8
Hewlett-Packard,CVE-2010-3007,10.0
Mozilla Firefox,CVE-2010-2760,9.0
Mozilla Firefox,CVE-2010-3168,9.0
Mozilla Firefox,CVE-2010-3167,9.0
Apple,CVE-2010-1806,9.0
Novell,,9.0
Apple,CVE-2010-1818,9.0
RealNetworks,CVE-2010-3000,10.0
RealNetworks,CVE-2010-2996,10.0
Trend Micro,,9.0
Adobe,CVE-2010-2876,9.0
Adobe,CVE-2010-2874,10.0
Adobe,CVE-2010-2873,10.0
Adobe,CVE-2010-2872,10.0
Adobe,CVE-2010-2871,10.0
"IBM, Autonomy",,10.0
"IBM, Autonomy",,10.0
"IBM, Autonomy",,10.0
"IBM, Autonomy",,10.0
Cisco,,10.0
Apple,CVE-2010-1392,10.0
Apple,CVE-2010-1787,10.0
Apple,CVE-2010-0049,10.0
Microsoft,CVE-2010-1903,10.0
Microsoft,CVE-2010-1900,10.0
Adobe,CVE-2010-2188,10.0
Microsoft,CVE-2010-2553,10.0
Microsoft,CVE-2010-1882,10.0
Apple,CVE-2010-0048,10.0
Novell,,9.0
Apple,CVE-2010-1784,10.0
Novell,,10.0
Apple,CVE-2010-1785,10.0
Apple,CVE-2010-1786,10.0
Novell,CVE-2010-4315,10.0
Novell,CVE-2010-4314,10.0
Novell,CVE-2010-4320,9.0
Hewlett-Packard,CVE-2010-2703,10.0
Novell,CVE-2010-2773,10.0
Novell,"CVE-2010-2778, CVE-2010-2779",4.3
Mozilla Firefox,CVE-2010-1208,10.0
Mozilla Firefox,CVE-2010-2752,10.0
Mozilla Firefox,CVE-2010-1214,10.0
Mozilla Firefox,CVE-2010-2753,10.0
Mozilla Firefox,CVE-2010-1209,10.0
Novell,CVE-2010-2777,9.0
Ipswitch,,10.0
Ipswitch,,9.0
Ipswitch,,10.0
IBM,,10.0
Oracle,CVE-2010-0907,9.0
Oracle,CVE-2010-0904,10.0
Oracle,CVE-2010-0906,10.0
Oracle,CVE-2010-0906,10.0
Oracle,CVE-2010-0906,9.0
Oracle,CVE-2010-0899,9.0
Oracle,CVE-2010-0904,9.7
Microsoft,CVE-2010-0814,10.0
Adobe,CVE-2010-2202,10.0
Adobe,CVE-2010-2160,10.0
Adobe,CVE-2010-2160,10.0
Mozilla Firefox,CVE-2010-1199,10.0
Novell,CVE-2010-0284,10.0
Adobe,CVE-2010-2188,10.0
Adobe,CVE-2010-2171,10.0
Adobe,CVE-2010-2162,10.0
Hewlett-Packard,CVE-2010-1964,10.0
Sourcefire,,7.7
Hewlett-Packard,CVE-2010-1961,10.0
Hewlett-Packard,CVE-2010-1960,10.0
Microsoft,CVE-2010-0821,10.0
Microsoft,CVE-2010-1253,10.0
Microsoft,CVE-2010-1262,10.0
Apple,CVE-2010-1749,10.0
Apple,CVE-2010-1402,10.0
Apple,CVE-2010-1403,10.0
Apple,CVE-2010-1401,10.0
Apple,CVE-2010-1398,10.0
Apple,CVE-2010-1404,10.0
Apple,CVE-2010-1397,10.0
Apple,CVE-2010-1399,10.0
Apple,CVE-2010-1770,10.0
Apple,CVE-2010-1396,10.0
Apple,CVE-2010-1119,10.0
Novell,,10.0
Adobe,CVE-2010-1292,10.0
Adobe,CVE-2010-1283,10.0
Adobe,CVE-2010-1281,10.0
Hewlett-Packard,CVE-2010-1555,10.0
Hewlett-Packard,CVE-2010-1554,10.0
Hewlett-Packard,CVE-2010-1553,10.0
Hewlett-Packard,CVE-2010-1552,10.0
Hewlett-Packard,CVE-2010-1551,10.0
Hewlett-Packard,CVE-2010-1550,10.0
Hewlett-Packard,CVE-2010-1549,10.0
RealNetworks,CVE-2010-1317,8.3
Novell,,10.0
Adobe,CVE-2010-1278,10.0
Apple,CVE-2010-1120,10.0
Sun Microsystems,CVE-2010-0897,7.8
Sun Microsystems,CVE-2010-0897,10.0
Sun Microsystems,CVE-2010-0897,7.8
Cisco,CVE-2010-0589,10.0
Adobe,CVE-2010-0195,10.0
Microsoft,CVE-2010-0268,10.0
Microsoft,CVE-2010-0479,10.0
Apple,CVE-2010-0062,10.0
Apple,CVE-2010-0529,10.0
CA,CVE-2010-1223,10.0
CA,CVE-2010-1223,10.0
Mozilla Firefox,CVE-2010-1028,10.0
Mozilla Firefox,CVE-2010-1121,10.0
Novell,CVE-2010-0625,10.0
Sun Microsystems,CVE-2010-0838,10.0
Sun Microsystems,CVE-2010-0842,10.0
Sun Microsystems,CVE-2010-0846,10.0
Apple,CVE-2010-0505,10.0
Sun Microsystems,CVE-2010-0849,10.0
Oracle,CVE-2010-0840,10.0
Sun Microsystems,CVE-2010-0095,10.0
Sun Microsystems,CVE-2010-0841,10.0
Sun Microsystems,CVE-2010-0844,10.0
Sun Microsystems,CVE-2010-0843,10.0
Sun Microsystems,CVE-2010-0094,10.0
Mozilla Firefox,CVE-2010-0175,10.0
Mozilla Firefox,CVE-2010-0177,10.0
Mozilla Firefox,CVE-2010-0176,10.0
Mozilla Firefox,CVE-2010-0164,10.0
Mozilla Firefox,CVE-2010-0160,10.0
Apple,CVE-2010-0526,10.0
Apple,CVE-2010-0520,10.0
Apple,CVE-2010-0519,10.0
Apple,CVE-2010-0528,10.0
Apple,CVE-2010-0059,10.0
Apple,CVE-2010-0516,10.0
Apple,CVE-2010-0497,10.0
Apple,CVE-2010-0060,10.0
Apple,CVE-2010-0517,10.0
Apple,CVE-2010-0062,10.0
Apple,CVE-2010-0526,10.0
Microsoft,CVE-2010-0805,10.0
Microsoft,CVE-2010-0492,10.0
SAP,CVE-2010-1185,10.0
Apple,CVE-2010-0050,10.0
"Google, Apple",CVE-2010-0053,10.0
"Google, Apple",CVE-2010-0047,10.0
Skype,,9.0
Skype,,8.5
Hewlett-Packard,CVE-2010-0447,10.0
Microsoft,CVE-2010-0263,10.0
Novell,CVE-2010-0666,8.5
"IBM, EMC",CVE-2009-2754,10.0
IBM,CVE-2009-2753,10.0
Novell,,10.0
EMC,CVE-2010-0620,10.0
Mozilla Firefox,CVE-2009-3988,9.4
IBM,,9.0
Microsoft,CVE-2010-0033,10.0
Microsoft,CVE-2010-0027,10.0
Microsoft,CVE-2010-0250,10.0
Microsoft,CVE-2010-0248,10.0
Microsoft,CVE-2010-0245,10.0
Microsoft,CVE-2010-0246,10.0
Microsoft,CVE-2010-0244,10.0
RealNetworks,CVE-2009-4246,10.0
RealNetworks,CVE-2009-0376,10.0
RealNetworks,CVE-2009-4244,10.0
RealNetworks,CVE-2009-4257,10.0
RealNetworks,CVE-2009-4242,10.0
RealNetworks,CVE-2009-4241,10.0
Cisco,CVE-2010-0138,10.0
Novell,,10.0
Oracle,CVE-2010-0072,10.0
Novell,CVE-2009-4486,10.0
Hewlett-Packard,CVE-2011-4168,5.0
Hewlett-Packard,CVE-2011-4167,9.0
Hewlett-Packard,CVE-2011-4166,9.0
WellinTech,CVE-2011-4536,10.0
Enterasys,,10.0
Adobe,CVE-2011-2127,8.3
Hewlett-Packard,CVE-2011-3165,10.0
Microsoft,CVE-2011-1983,9.0
Microsoft,CVE-2011-3413,7.5
Trend Micro,,9.7
RealNetworks,CVE-2011-4253,7.5
RealNetworks,CVE-2011-4260,7.5
Novell,CVE-2011-2653,9.7
Cisco,CVE-2011-3319,9.0
Apple,CVE-2011-3248,7.5
Iron Mountain,CVE-2011-2397,10.0
RealNetworks,CVE-2011-4258,7.5
RealNetworks,CVE-2011-4256,7.5
RealNetworks,CVE-2011-4255,7.5
RealNetworks,CVE-2011-4252,7.5
RealNetworks,CVE-2011-4251,7.5
RealNetworks,CVE-2011-4250,7.5
RealNetworks,CVE-2011-4248,7.5
RealNetworks,CVE-2011-4259,7.5
Indusoft,CVE-2011-4051,9.0
Indusoft,CVE-2011-4052,9.0
ProFTPD,,9.0
Hewlett-Packard,CVE-2011-3161,7.5
Hewlett-Packard,CVE-2011-3156,9.0
Hewlett-Packard,CVE-2011-3157,7.5
Hewlett-Packard,CVE-2011-3158,7.5
Hewlett-Packard,CVE-2011-3159,7.5
Hewlett-Packard,CVE-2011-3160,7.5
Hewlett-Packard,CVE-2011-3162,7.5
GE,CVE-2011-1918,10.0
Novell,CVE-2011-3174,9.0
Novell,CVE-2011-2657,7.5
Novell,CVE-2011-2658,9.0
Apple,CVE-2011-3251,7.5
Apple,CVE-2011-3249,9.0
Apple,CVE-2011-3247,7.5
Apple,CVE-2011-3223,9.0
Apple,CVE-2011-3221,7.5
Apple,CVE-2011-3220,9.0
Adobe,CVE-2011-2441,7.5
Novell,CVE-2011-3173,7.5
Cisco,CVE-2011-4004,9.0
Oracle,CVE-2011-3545,9.0
Oracle,CVE-2011-3521,9.0
Oracle,CVE-2011-3544,9.0
Apple,CVE-2011-3252,8.3
Apple,CVE-2011-3219,7.5
Adobe,CVE-2011-2432,7.5
Adobe,CVE-2011-2434,7.5
Adobe,CVE-2011-2433,7.5
Adobe,CVE-2011-2435,7.5
Adobe,CVE-2011-2436,7.5
Adobe,CVE-2011-2437,7.5
Adobe,CVE-2011-2438,7.5
Apple,CVE-2011-3222,7.5
Symantec,CVE-2011-0554,9.0
Avaya,,10.0
"Cisco, EMC",CVE-2011-2738,10.0
"EMC, Cisco",CVE-2011-2738,9.0
Microsoft,CVE-2011-2001,7.5
Microsoft,CVE-2011-2000,7.5
Microsoft,CVE-2011-1999,7.5
Microsoft,CVE-2011-1996,7.5
Novell,,10.0
Novell,CVE-2010-4325,10.0
Adobe,CVE-2011-2441,7.5
Adobe,CVE-2011-2438,7.5
Adobe,CVE-2011-2438,9.0
Microsoft,CVE-2011-1990,7.5
Microsoft,CVE-2011-1989,7.5
"Nortel, Witness Systems",,10.0
Novell,CVE-2011-2654,9.3
Apple,CVE-2011-0258,7.5
Adobe,CVE-2011-2140,7.5
EMC,CVE-2011-2735,10.0
EMC,CVE-2011-2735,10.0
EMC,CVE-2011-2735,10.0
Flexera Software,,10.0
Mozilla,CVE-2011-2378,7.5
Mozilla,CVE-2011-0084,7.5
RealNetworks,CVE-2011-2947,9.0
RealNetworks,CVE-2011-2948,9.0
RealNetworks,CVE-2011-2949,9.0
RealNetworks,CVE-2011-2951,7.5
RealNetworks,CVE-2011-2950,9.0
Symantec,CVE-2011-0547,10.0
Symantec,CVE-2011-0547,10.0
Symantec,CVE-2011-0547,10.0
Hewlett-Packard,CVE-2011-2404,7.5
Nortel,,10.0
Apple,CVE-2011-0251,9.0
Apple,CVE-2011-0249,9.0
Apple,CVE-2011-0247,9.0
Apple,CVE-2011-0248,9.0
Apple,CVE-2011-0247,9.0
Apple,CVE-2011-0256,7.5
Adobe,CVE-2011-2138,7.5
Apple,CVE-2011-0257,7.5
Apple,CVE-2011-0250,9.0
Apple,CVE-2011-0252,9.0
Microsoft,CVE-2011-1347,6.4
Microsoft,CVE-2011-1964,9.0
Microsoft,CVE-2011-1963,7.5
Sybase,,10.0
Sybase,,10.0
Flexera Software,,9.0
Apple,CVE-2011-0232,9.0
Apple,CVE-2011-0255,7.5
Apple,CVE-2011-0254,7.5
Apple,CVE-2011-1453,7.5
Apple,CVE-2011-0233,7.5
Oracle,CVE-2011-2261,7.5
CA,CVE-2011-2667,10.0
EMC,CVE-2011-1741,10.0
Trend Micro,,10.0
Trend Micro,,9.0
Symantec,CVE-2011-0549,7.5
Hewlett-Packard,CVE-2011-1867,10.0
Apple,CVE-2010-3790,7.5
Apple,CVE-2011-0211,7.5
Apple,CVE-2011-0209,7.5
Apple,CVE-2011-0200,7.5
Novell,CVE-2011-2220,9.7
Citrix,,10.0
Mozilla,CVE-2011-0085,7.5
Mozilla,CVE-2011-2363,7.5
Mozilla,CVE-2011-0083,7.5
Adobe,CVE-2011-2113,7.5
Adobe,CVE-2011-2114,7.5
Adobe,CVE-2011-0335,7.5
Adobe,CVE-2011-2094,9.0
Adobe,CVE-2011-2095,9.0
Adobe,CVE-2011-2109,7.5
Adobe,CVE-2011-0335,7.5
Adobe,CVE-2011-2112,7.5
Adobe,CVE-2011-2112,7.5
Adobe,CVE-2011-2114,7.5
Adobe,CVE-2011-2111,7.5
Adobe,CVE-2011-2113,7.5
Adobe,CVE-2011-2112,7.5
Adobe,CVE-2011-0335,7.5
Adobe,CVE-2011-2109,7.5
Adobe,CVE-2011-2118,7.5
Adobe,CVE-2011-2111,7.5
Adobe,CVE-2011-0335,7.5
Adobe,CVE-2011-2112,9.0
Adobe,CVE-2011-2112,7.5
Adobe,CVE-2011-2119,7.5
Adobe,CVE-2011-2120,7.5
Adobe,CVE-2011-2121,7.5
Oracle,CVE-2011-0802,7.5
Microsoft,CVE-2011-1346,7.5
Microsoft,CVE-2011-1266,9.0
Microsoft,CVE-2011-1262,7.5
Microsoft,CVE-2011-1261,7.5
Microsoft,CVE-2011-1260,7.5
Microsoft,CVE-2011-1256,7.5
Oracle,CVE-2011-0863,9.0
Oracle,CVE-2011-0862,9.0
Oracle,CVE-2011-0862,9.0
Oracle,CVE-2011-0862,9.0
Oracle,CVE-2011-0862,9.0
Oracle,CVE-2011-0862,9.0
Oracle,CVE-2011-0862,9.0
Oracle,CVE-2011-0862,9.0
Oracle,CVE-2011-0862,9.0
Oracle,CVE-2011-0862,9.0
Oracle,CVE-2011-0817,9.0
Novell,CVE-2011-1707,9.0
Novell,CVE-2011-1708,9.0
Novell,CVE-2011-1706,9.0
Novell,CVE-2011-1705,9.0
Novell,CVE-2011-1704,9.0
Novell,CVE-2011-1703,9.0
Novell,CVE-2011-1702,9.0
Novell,CVE-2011-1701,9.0
Novell,CVE-2011-1700,9.0
Novell,CVE-2011-1699,9.0
Sybase,,10.0
Hewlett-Packard,,10.0
IBM,CVE-2011-1220,10.0
"IBM, EMC","CVE-2011-0321, CVE-2011-1210",9.0
Microsoft,CVE-2011-1248,10.0
Hewlett-Packard,CVE-2011-1854,10.0
Hewlett-Packard,CVE-2011-1853,10.0
Hewlett-Packard,CVE-2011-1852,10.0
Hewlett-Packard,CVE-2011-1851,10.0
Hewlett-Packard,CVE-2011-1850,10.0
Hewlett-Packard,CVE-2011-1849,10.0
Hewlett-Packard,CVE-2011-1848,10.0
Mozilla,CVE-2011-0066,9.0
Mozilla,CVE-2011-0065,9.0
Mozilla,CVE-2011-0073,9.0
Sybase,,10.0
Sybase,,10.0
Sybase,,10.0
Embarcadero,,10.0
Hewlett-Packard,CVE-2011-1736,7.8
Hewlett-Packard,CVE-2011-1735,10.0
Hewlett-Packard,CVE-2011-1734,10.0
Hewlett-Packard,CVE-2011-1733,10.0
Hewlett-Packard,CVE-2011-1732,10.0
Hewlett-Packard,CVE-2011-1731,10.0
Hewlett-Packard,CVE-2011-1730,10.0
Hewlett-Packard,CVE-2011-1729,10.0
Hewlett-Packard,CVE-2011-1728,10.0
Cisco,CVE-2011-1610,7.5
IBM,CVE-2011-1208,7.8
Nortel,,10.0
Apple,CVE-2011-0234,9.0
WebKit,,9.0
Apple,CVE-2011-0234,9.0
Oracle,CVE-2011-0807,10.0
IBM,CVE-2011-1206,10.0
WebKit,CVE-2011-1344,9.0
CA,CVE-2011-1653,10.0
CA,CVE-2011-1653,10.0
CA,CVE-2011-1653,10.0
CA,CVE-2011-1653,10.0
CA,CVE-2011-1653,10.0
CA,CVE-2011-1653,10.0
CA,CVE-2011-1653,10.0
CA,CVE-2011-1655,10.0
CA,CVE-2011-1654,10.0
Microsoft,CVE-2011-0656,9.0
Microsoft,CVE-2011-0655,9.0
Microsoft,CVE-2011-0655,9.0
RealNetworks,CVE-2011-1426,9.7
Microsoft,CVE-2011-0105,10.0
Microsoft,CVE-2011-0101,9.0
Microsoft,CVE-2011-1345,9.0
Novell,CVE-2010-4229,10.0
McAfee,,10.0
Novell,CVE-2011-0994,10.0
IBM,,9.3
RealNetworks,CVE-2010-4235,10.0
Zend,,10.0
Hewlett-Packard,,10.0
Hewlett-Packard,CVE-2011-4147,10.0
IBM,CVE-2011-0920,10.0
Apple,CVE-2011-1417,9.7
Apple,CVE-2011-0176,10.0
Libtiff,CVE-2011-1167,9.0
Novell,CVE-2010-4228,9.0
Hewlett-Packard,CVE-2011-0889,10.0
WebKit,CVE-2011-1290,9.0
Mozilla,CVE-2011-0055,9.0
Postgres,,10.0
Apple,CVE-2011-0154,9.0
Apple,CVE-2011-0149,9.0
Apple,CVE-2011-0133,9.7
Apple,CVE-2011-0132,9.0
Apple,CVE-2011-0116,9.0
Apple,CVE-2011-0115,9.0
Apple,CVE-2010-1824,9.7
Hewlett-Packard,,7.5
CA,CVE-2011-1036,9.3
Cisco,CVE-2011-0925,8.3
Cisco,CVE-2011-0926,9.0
Novell,CVE-2010-4227,10.0
Novell,CVE-2010-4323,10.0
Cisco,CVE-2011-0364,10.0
Novell,CVE-2010-4328,9.0
Oracle,CVE-2010-4463,9.7
Oracle,CVE-2010-4462,7.5
Oracle,CVE-2010-4452,9.0
Oracle,CVE-2010-4465,10.0
Oracle,CVE-2010-4466,6.4
Adobe,CVE-2011-0578,9.0
Adobe,CVE-2010-4190,9.0
Adobe,CVE-2011-0557,9.0
Adobe,CVE-2010-4192,9.0
Adobe,CVE-2011-0590,9.0
RealNetworks,CVE-2011-0694,9.0
Adobe,CVE-2011-0606,9.0
Adobe,CVE-2011-0600,9.0
Adobe,CVE-2011-0598,9.0
Adobe,CVE-2011-0599,9.0
Adobe,CVE-2011-0596,9.0
Adobe,CVE-2011-0595,9.7
Adobe,CVE-2011-0593,9.0
Adobe,CVE-2011-0592,9.0
Adobe,CVE-2011-0591,9.0
Adobe,CVE-2011-0590,10.0
Adobe,CVE-2011-0567,10.0
Microsoft,CVE-2011-0045,6.8
Microsoft,CVE-2011-0092,
"Hewlett-Packard, IBM, Sun Microsystems",CVE-2010-4435,10.0
EMC,CVE-2011-0647,10.0
Novell,CVE-2010-4327,9.0
CA,CVE-2011-0758,10.0
SCO,,10.0
Hewlett-Packard,CVE-2011-0921,10.0
Hewlett-Packard,CVE-2011-0922,10.0
Hewlett-Packard,CVE-2011-0923,10.0
Hewlett-Packard,CVE-2011-0924,10.0
IBM,CVE-2011-0913,10.0
IBM,CVE-2011-0914,10.0
IBM,CVE-2011-0912,7.5
IBM,CVE-2011-1033,10.0
IBM,CVE-2011-0916,10.0
IBM,CVE-2011-0915,10.0
IBM,CVE-2011-0917,10.0
IBM,CVE-2011-0918,10.0
IBM,CVE-2011-0919,10.0
Microsoft,CVE-2011-0976,10.0
Microsoft,CVE-2011-0977,10.0
Microsoft,CVE-2011-0978,9.0
Microsoft,CVE-2011-0979,9.0
Microsoft,CVE-2011-0980,9.0
BMC Software,,10.0
Apple,CVE-2010-3790,9.0
Symantec,CVE-2010-3719,8.5
IBM,,9.0
IBM,,9.0
Hewlett-Packard,CVE-2011-0276,10.0
RealNetworks,CVE-2010-4393,9.0
Symantec,CVE-2010-0111,10.0
Symantec,CVE-2010-0111,10.0
Symantec,CVE-2010-0111,10.0
Symantec,CVE-2010-0111,10.0
Symantec,CVE-2010-0110,10.0
Novell,CVE-2010-4325,10.0
Novell,,10.0
Novell,CVE-2010-4326,10.0
Hewlett-Packard,CVE-2011-0273,10.0
Citrix,,10.0
Oracle,,10.0
Icon Labs,,10.0
Oracle,CVE-2010-4417,10.0
Oracle,CVE-2010-4416,10.0
Oracle,CVE-2010-3600,10.0
Oracle,CVE-2010-4449,9.0
Oracle,CVE-2010-3594,9.0
Hewlett-Packard,CVE-2011-0272,10.0
Red Hat,CVE-2010-4351,9.0
Symantec,CVE-2010-0115,10.0
Hewlett-Packard,CVE-2011-0270,10.0
Hewlett-Packard,CVE-2011-0269,10.0
Hewlett-Packard,CVE-2011-0268,10.0
Hewlett-Packard,CVE-2011-0267,10.0
Hewlett-Packard,CVE-2011-0266,10.0
Hewlett-Packard,CVE-2011-0265,10.0
Hewlett-Packard,CVE-2011-0264,10.0
Hewlett-Packard,CVE-2011-0263,10.0
Hewlett-Packard,CVE-2011-0262,10.0
Hewlett-Packard,CVE-2011-0261,10.0
Microsoft,CVE-2011-0027,9.0
Microsoft,CVE-2011-0026,10.0
Honeywell,CVE-2012-2054,7.5
Oracle,,10.0
Microsoft,CVE-2012-0182,7.5
Microsoft,CVE-2012-2548,7.5
Microsoft,CVE-2012-4969,7.5
Microsoft,CVE-2012-2557,7.5
Oracle,CVE-2012-1682,9.0
Novell,CVE-2012-0417,10.0
RealNetworks,CVE-2012-0928,7.5
Microsoft,CVE-2012-1878,7.5
Microsoft,CVE-2012-1879,7.5
Microsoft,CVE-2012-1880,7.5
WebKit.Org,CVE-2011-3071,7.5
Microsoft,CVE-2012-1877,7.5
Oracle,CVE-2012-1721,9.0
Microsoft,CVE-2012-1881,7.5
RealNetworks,CVE-2012-0923,7.5
Microsoft,CVE-2012-0183,7.5
Apple,CVE-2012-0650,10.0
Microsoft,CVE-2012-2543,7.5
RealNetworks,CVE-2012-0925,9.0
EMC,CVE-2012-2289,7.5
Novell,CVE-2011-4186,10.0
Novell,,7.5
EMC,CVE-2012-2289,7.5
Hewlett-Packard,,10.0
Hewlett-Packard,,10.0
Hewlett-Packard,,10.0
Hewlett-Packard,,10.0
Hewlett-Packard,,10.0
Hewlett-Packard,,10.0
Hewlett-Packard,,10.0
Hewlett-Packard,,10.0
Hewlett-Packard,,7.5
GE,CVE-2012-2516,7.5
Indusoft,CVE-2011-0340,7.5
Novell,,10.0
Hewlett-Packard,,10.0
Hewlett-Packard,,10.0
Hewlett-Packard,,10.0
Hewlett-Packard,,10.0
Hewlett-Packard,,10.0
EMC,CVE-2012-0409,10.0
EMC,CVE-2012-0409,10.0
EMC,CVE-2012-0409,10.0
Microsoft,CVE-2012-1891,7.5
Microsoft,CVE-2012-1847,7.5
Cisco,CVE-2012-2493,9.0
Indusoft,CVE-2011-0340,7.5
IBM,CVE-2012-2174,7.5
Apple,CVE-2012-0670,7.5
Oracle,,10.0
Oracle,,10.0
Oracle,,10.0
Cisco,CVE-2012-2494,9.0
GE,CVE-2012-0232,9.4
WebKit.Org,CVE-2011-3897,7.5
Novell,,10.0
Symantec,CVE-2012-0289,10.0
EMC,CVE-2012-0409,10.0
Microsoft,CVE-2012-1888,7.5
Oracle,CVE-2012-1713,9.0
Microsoft,CVE-2012-1855,7.5
McAfee,,10.0
SAP,,10.0
SAP,,7.5
Apple,CVE-2012-0662,10.0
Apple,CVE-2011-3220,7.5
Apple,CVE-2012-0661,7.5
IBM,CVE-2012-2176,7.5
GE,CVE-2012-0229,10.0
IBM,CVE-2012-2175,7.5
Microsoft,CVE-2012-0162,7.5
Apple,CVE-2011-3458,7.5
Microsoft,CVE-2012-0159,10.0
Mozilla,CVE-2011-3671,7.5
Hewlett-Packard,,10.0
Hewlett-Packard,,10.0
Apple,CVE-2012-0666,7.5
EMC,CVE-2012-0409,10.0
EMC,CVE-2012-0409,10.0
EMC,CVE-2012-0409,10.0
EMC,CVE-2012-0409,10.0
EMC,CVE-2012-0409,10.0
EMC,CVE-2012-0409,10.0
EMC,CVE-2012-0409,10.0
EMC,CVE-2012-0409,10.0
EMC,CVE-2012-0409,10.0
Hewlett-Packard,CVE-2012-2020,10.0
Hewlett-Packard,CVE-2012-2019,10.0
IBM,CVE-2012-0708,7.5
SAP,,9.0
SAP,,10.0
Mozilla,CVE-2011-3659,7.5
Apple,CVE-2012-0663,7.5
Apple,CVE-2012-0663,7.5
Apple,CVE-2012-0663,7.5
Avaya,CVE-2012-3811,9.7
Apple,CVE-2012-0664,7.5
SAP,,10.0
Apple,CVE-2011-3459,7.5
Novell,CVE-2011-4187,9.0
IBM,CVE-2012-0202,10.0
Hewlett-Packard,CVE-2012-0127,10.0
"Hewlett-Packard, DataDirect",CVE-2011-4165,7.5
America Online,,7.5
Hewlett-Packard,CVE-2012-0121,10.0
Hewlett-Packard,CVE-2012-0122,10.0
Apple,CVE-2012-0663,7.5
RealNetworks,CVE-2012-0942,7.5
Microsoft,CVE-2012-1876,9.0
RealNetworks,CVE-2011-4247,7.5
Symantec,CVE-2012-0299,7.5
Symantec,CVE-2012-0297,7.5
"Hewlett-Packard, DataDirect",CVE-2011-4164,10.0
"Hewlett-Packard, DataDirect",CVE-2011-4163,10.0
RealNetworks,CVE-2011-4260,7.5
RealNetworks,CVE-2012-0922,7.5
RealNetworks,CVE-2011-4261,7.5
RealNetworks,CVE-2012-0926,9.0
Oracle,,7.5
Oracle,,7.5
Oracle,,7.5
Adobe,CVE-2012-0754,7.5
Apple,CVE-2012-0665,7.5
Apple,CVE-2012-0669,7.5
Apple,CVE-2012-0667,7.5
Apple,CVE-2012-0659,7.5
Apple,CVE-2012-0668,7.5
Oracle,,7.5
Oracle,,7.5
Samba,CVE-2012-1182,10.0
Samba,CVE-2012-1182,10.0
Samba,CVE-2012-1182,10.0
Samba,CVE-2012-1182,10.0
Samba,CVE-2012-1182,10.0
WebKit.Org,CVE-2012-0592,7.5
Microsoft,,7.5
Microsoft,,7.5
Samba,CVE-2012-1182,10.0
Samba,CVE-2012-1182,10.0
Samba,CVE-2012-1182,10.0
Samba,CVE-2012-1182,10.0
Oracle,CVE-2012-0498,7.5
Mozilla,CVE-2012-0444,7.5
Apple,CVE-2011-3460,7.5
Adobe,,9.0
Mozilla,CVE-2011-3658,7.5
WebKit.Org,CVE-2011-3928,7.5
WebKit.Org,CVE-2011-2825,7.5
RealNetworks,CVE-2011-4249,7.5
Flexera Software,,10.0
RealNetworks,CVE-2011-4254,7.5
RealNetworks,CVE-2011-4262,7.5
RealNetworks,CVE-2012-0927,9.0
RealNetworks,CVE-2012-0924,9.0
Adobe,CVE-2012-0754,9.0
RealNetworks,CVE-2011-4257,7.5
Oracle,,9.0
Microsoft,CVE-2012-0002,10.0
Libtiff,CVE-2012-1173,7.5
Adobe,CVE-2011-2113,9.0
IBM,"CVE-2012-0198, CVE-2012-0199",10.0
Oracle,,9.0
Oracle,,7.5
Oracle,,7.5
Microsoft,CVE-2012-0155,7.5
Microsoft,CVE-2012-0011,9.0
Microsoft,CVE-2012-0150,7.5
ABB,,10.0
Oracle,,7.5
Novell,CVE-2011-4194,9.0
IBM,CVE-2011-1388,9.0
IBM,CVE-2011-1391,9.0
IBM,CVE-2011-1392,9.0
IBM,CVE-2012-0189,7.5
IBM,CVE-2012-0190,7.5
EMC,CVE-2012-0395,10.0
Total Defense,,7.5
Total Defense,,7.5
Total Defense,,10.0
Adobe,CVE-2011-4373,7.5
IBM,CVE-2012-0189,7.5
IBM,CVE-2012-0188,7.5
Symantec,CVE-2011-3478,9.7
Oracle,,9.7
Hewlett-Packard,CVE-2011-4789,10.0
Hewlett-Packard,CVE-2011-4788,9.0
Hewlett-Packard,CVE-2011-4787,9.0
Hewlett-Packard,CVE-2011-4786,9.0
McAfee,,9.0
Novell,,10.0
Citrix,,10.0
Citrix,,10.0
Citrix,,10.0
Novell,,10.0
Novell,,10.0
Apple,CVE-2011-3248,7.5
Apple,CVE-2011-3250,7.5
Hewlett-Packard,CVE-2011-3166,10.0
Hewlett-Packard,CVE-2011-3167,10.0
Hewlett-Packard,CVE-2011-4169,9.0
Adobe,CVE-2013-2555,6.8
Samsung,CVE-2013-7396,10.0
Apple,CVE-2013-5228,7.5
IBM,CVE-2013-5398,5.0
IBM,CVE-2013-5397,5.0
EMC,CVE-2013-6810,9.3
EMC,CVE-2013-6810,7.8
EMC,CVE-2013-6810,9.3
EMC,CVE-2013-6810,10.0
EMC,CVE-2013-6810,10.0
EMC,CVE-2013-6810,9.3
Ecava,,7.5
Cisco,CVE-2013-5554,7.5
Adobe,CVE-2013-5330,7.5
IBM,CVE-2013-5447,7.5
Microsoft,CVE-2013-5049,7.5
Microsoft,CVE-2013-5047,6.8
Microsoft,CVE-2013-5048,6.8
ABB,,7.5
Valve,,6.5
ABB,,7.5
Microsoft,CVE-2013-3917,6.8
Microsoft,CVE-2013-3912,6.8
Microsoft,CVE-2013-3911,6.8
Microsoft,CVE-2013-3910,7.5
Hewlett-Packard,CVE-2013-4835,10.0
Hewlett-Packard,CVE-2013-4836,7.5
Hewlett-Packard,CVE-2013-4839,7.5
Hewlett-Packard,CVE-2013-4838,10.0
Hewlett-Packard,CVE-2013-4837,10.0
Novell,CVE-2013-1084,7.8
Hewlett-Packard,CVE-2013-2366,10.0
Cisco,CVE-2013-5487,5.0
Cisco,CVE-2013-5486,10.0
Cisco,CVE-2013-5486,10.0
ABB,,7.5
Cogent Real-Time Systems,,7.5
MySQL,CVE-2013-1492,5.1
Panda Software,,10.0
Oracle,CVE-2013-3828,5.0
Oracle,CVE-2013-5830,10.0
Oracle,CVE-2013-5829,10.0
Oracle,CVE-2013-5842,10.0
Oracle,CVE-2013-5783,5.8
Oracle,CVE-2013-5817,10.0
Hewlett-Packard,CVE-2013-4827,7.5
Hewlett-Packard,CVE-2013-4826,7.8
Hewlett-Packard,CVE-2013-4825,4.9
Hewlett-Packard,CVE-2013-4824,9.4
Hewlett-Packard,CVE-2013-4823,7.8
Hewlett-Packard,CVE-2013-4822,10.0
Microsoft,CVE-2013-3128,7.1
Microsoft,CVE-2013-3872,7.5
Microsoft,CVE-2013-3894,6.9
Microsoft,CVE-2013-3874,6.8
Microsoft,CVE-2013-3873,5.1
Microsoft,CVE-2013-3871,6.8
Microsoft,CVE-2013-3846,7.5
Adobe,CVE-2013-3358,7.5
Hewlett-Packard,CVE-2013-4810,10.0
Hewlett-Packard,CVE-2013-4813,10.0
Hewlett-Packard,CVE-2013-4809,10.0
Hewlett-Packard,CVE-2013-4811,10.0
Hewlett-Packard,CVE-2013-4812,10.0
Microsoft,CVE-2013-3201,6.8
Microsoft,CVE-2013-3203,7.5
Microsoft,CVE-2013-3845,7.5
Microsoft,CVE-2013-3209,7.5
Microsoft,CVE-2013-3208,7.5
Microsoft,CVE-2013-3207,6.8
Microsoft,CVE-2013-3206,7.5
Microsoft,CVE-2013-3205,7.5
Microsoft,CVE-2013-3202,7.5
Microsoft,CVE-2013-3863,6.8
IBM,CVE-2013-3026,6.8
IBM,CVE-2013-3027,6.8
Adobe,CVE-2013-3346,6.8
Samsung,,8.3
ISC,CVE-2013-4854,7.8
Hewlett-Packard,CVE-2013-4801,7.5
Hewlett-Packard,CVE-2013-4799,7.6
Hewlett-Packard,CVE-2013-4798,10.0
Hewlett-Packard,CVE-2013-4797,7.5
Hewlett-Packard,CVE-2013-2367,10.0
Hewlett-Packard,CVE-2013-2362,10.0
Hewlett-Packard,CVE-2013-2369,7.5
Hewlett-Packard,CVE-2013-2368,7.5
Hewlett-Packard,CVE-2013-2351,7.5
Hewlett-Packard,CVE-2013-4802,5.0
Oracle,CVE-2013-3751,7.5
Microsoft,CVE-2013-3194,7.5
Microsoft,CVE-2013-3199,7.5
Microsoft,CVE-2013-3193,7.5
Microsoft,CVE-2013-3184,6.8
Microsoft,CVE-2013-3184,7.5
Microsoft,,9.3
Microsoft,CVE-2013-2556,5.0
Oracle,CVE-2013-3764,6.4
Oracle,CVE-2013-3763,6.4
Novell,CVE-2012-0411,7.5
PineApp,,10.0
PineApp,,10.0
PineApp,,10.0
PineApp,,10.0
PineApp,,10.0
PineApp,,10.0
Hewlett-Packard,CVE-2013-2370,7.5
GE,CVE-2013-2785,7.5
GE,CVE-2013-2785,6.8
Hewlett-Packard,CVE-2013-2343,10.0
Cogent Real-Time Systems,,10.0
Adobe,CVE-2013-3347,7.5
Microsoft,CVE-2013-3146,5.1
Microsoft,CVE-2013-3145,6.8
Microsoft,CVE-2013-3147,7.5
Microsoft,CVE-2013-3149,7.5
Microsoft,CVE-2013-3144,7.5
Microsoft,CVE-2013-1345,6.2
Microsoft,CVE-2013-1300,6.9
Hewlett-Packard,CVE-2013-4800,9.3
Microsoft,CVE-2013-3127,5.1
Microsoft,CVE-2013-3153,5.1
Microsoft,CVE-2013-3152,6.8
Microsoft,CVE-2013-3151,5.1
Microsoft,CVE-2013-3150,7.5
Microsoft,CVE-2013-3143,6.8
Microsoft,CVE-2013-3148,7.5
Hewlett-Packard,CVE-2013-2335,10.0
Oracle,CVE-2013-2448,7.6
Oracle,CVE-2013-2455,5.0
Oracle,CVE-2013-2470,10.0
Oracle,CVE-2013-2464,10.0
Oracle,CVE-2013-2463,10.0
Oracle,CVE-2013-2469,10.0
Oracle,CVE-2013-2473,10.0
Oracle,CVE-2013-2465,10.0
Oracle,CVE-2013-2471,10.0
Oracle,CVE-2013-2472,10.0
Apple,CVE-2013-0975,5.1
Oracle,CVE-2013-1493,10.0
Oracle,CVE-2013-0809,10.0
"VMWare, Inc.",CVE-2013-3520,10.0
Microsoft,CVE-2013-3141,6.8
Microsoft,CVE-2013-3142,6.8
Microsoft,CVE-2013-3123,7.5
Microsoft,CVE-2013-3126,6.8
Oracle,CVE-2013-1493,6.8
Microsoft,CVE-2013-3125,5.1
Microsoft,CVE-2013-3124,6.8
Microsoft,CVE-2013-3122,6.8
Microsoft,CVE-2013-3121,7.5
Microsoft,CVE-2013-3120,5.1
Microsoft,CVE-2013-3119,7.5
Microsoft,CVE-2013-3118,7.5
Microsoft,CVE-2013-3112,6.8
Microsoft,CVE-2013-3111,6.8
Oracle,,7.5
Hewlett-Packard,CVE-2013-2334,10.0
Hewlett-Packard,CVE-2013-2333,10.0
Hewlett-Packard,CVE-2013-2332,10.0
Hewlett-Packard,CVE-2013-2331,10.0
Hewlett-Packard,CVE-2013-2330,10.0
Hewlett-Packard,CVE-2013-2329,10.0
Hewlett-Packard,CVE-2013-2328,10.0
Hewlett-Packard,CVE-2013-2327,10.0
Hewlett-Packard,CVE-2013-2326,10.0
Hewlett-Packard,CVE-2013-2325,10.0
Hewlett-Packard,CVE-2013-2324,10.0
ABB,CVE-2013-5021,7.5
Apple,CVE-2013-0988,5.1
Apple,CVE-2013-1019,7.5
Apple,CVE-2013-1016,5.1
Apple,CVE-2013-1021,7.5
Apple,CVE-2013-1022,7.5
Apple,CVE-2013-1020,7.5
Apple,CVE-2013-1018,6.8
Apple,CVE-2013-1015,7.5
Apple,CVE-2013-0986,5.1
Apple,CVE-2013-1017,7.5
WebKit.Org,CVE-2013-0999,7.5
WebKit.Org,CVE-2013-0998,7.5
Apple,CVE-2013-0997,6.8
Adobe,"CVE-2013-2549, CVE-2013-2550",6.8
Adobe,CVE-2013-2727,7.5
Microsoft,CVE-2013-3187,7.5
Microsoft,CVE-2013-1312,7.5
Microsoft,CVE-2013-2551,7.5
IBM,CVE-2012-5947,7.5
IBM,CVE-2012-5946,7.5
IBM,CVE-2012-5945,7.5
Microsoft,CVE-2013-1338,7.5
Microsoft,CVE-2013-0090,6.8
Novell,CVE-2013-1091,7.5
F-Secure,,7.5
Oracle,CVE-2013-1559,10.0
Hewlett-Packard,CVE-2012-5219,10.0
IBM,CVE-2013-0593,7.5
Oracle,CVE-2013-1516,6.4
Mozilla,CVE-2013-0787,7.5
Oracle,CVE-2013-0401,7.5
Novell,CVE-2013-1082,7.5
Novell,CVE-2013-1081,7.5
Microsoft,CVE-2013-1305,7.8
Microsoft,CVE-2013-1308,6.8
Microsoft,CVE-2013-3140,6.8
Microsoft,CVE-2013-1309,7.5
Microsoft,CVE-2013-1306,7.5
Microsoft,,9.3
Apple,CVE-2103-0989,7.5
Oracle,CVE-2013-2436,9.3
Oracle,CVE-2013-1491,10.0
Oracle,CVE-2013-0402,9.3
Oracle,CVE-2013-1488,9.3
Oracle,CVE-2013-2426,9.3
Oracle,CVE-2013-2428,10.0
Oracle,CVE-2013-2420,10.0
Oracle,CVE-2013-2394,9.3
Oracle,CVE-2013-2434,10.0
Oracle,CVE-2013-2383,10.0
Oracle,CVE-2013-1569,10.0
Oracle,CVE-2013-2384,10.0
Cisco,CVE-2013-1177,10.0
Cisco,CVE-2013-1177,10.0
Microsoft,CVE-2013-1296,6.8
Google,CVE-2013-0912,6.8
Hewlett-Packard,CVE-2012-5212,6.8
Hewlett-Packard,CVE-2012-5207,9.4
Hewlett-Packard,CVE-2012-5206,9.4
Hewlett-Packard,CVE-2012-5209,10.0
Hewlett-Packard,CVE-2012-5210,9.4
Hewlett-Packard,CVE-2012-5211,9.4
Hewlett-Packard,CVE-2012-5208,8.5
Cisco,CVE-2013-1146,10.0
Apple,CVE-2013-0971,6.8
Hewlett-Packard,CVE-2012-5205,7.5
Hewlett-Packard,CVE-2012-5204,7.5
Hewlett-Packard,CVE-2012-5203,7.5
Hewlett-Packard,CVE-2012-5202,7.5
Hewlett-Packard,CVE-2012-5201,10.0
Novell,CVE-2013-1080,10.0
Novell,CVE-2013-1079,7.5
Microsoft,CVE-2013-0094,6.8
Microsoft,CVE-2013-0093,7.5
Microsoft,CVE-2013-0092,7.5
Microsoft,CVE-2013-0089,7.5
Microsoft,CVE-2013-0088,7.5
Oracle,CVE-2013-1484,7.5
Oracle,CVE-2013-1485,7.5
Oracle,CVE-2013-1484,7.5
Mozilla,CVE-2013-0754,7.5
Mozilla,CVE-2013-0755,7.5
Mozilla,CVE-2013-0756,7.5
Novell,CVE-2013-1085,10.0
EMC,CVE-2013-0930,7.6
EMC,CVE-2013-0929,7.6
EMC,CVE-2013-0928,10.0
Microsoft,CVE-2013-0028,6.8
Microsoft,CVE-2013-0029,6.8
Microsoft,CVE-2013-0029,6.8
Microsoft,CVE-2013-0020,6.8
Microsoft,CVE-2013-0018,6.8
Microsoft,CVE-2013-0024,6.8
Microsoft,CVE-2013-0023,6.8
Microsoft,CVE-2013-0019,7.5
Microsoft,CVE-2013-1313,6.8
Oracle,CVE-2013-1479,7.5
Oracle,CVE-2013-1480,7.5
Adobe,CVE-2012-5677,7.5
EMC,CVE-2012-4607,6.8
EMC,CVE-2012-4607,7.5
Citrix,,10.0
Hewlett-Packard,CVE-2012-3282,10.0
Hewlett-Packard,CVE-2012-3283,10.0
Hewlett-Packard,CVE-2012-3284,10.0
Hewlett-Packard,CVE-2012-3285,10.0
Oracle,CVE-2012-1543,7.5
Oracle,CVE-2012-1543,7.5
Oracle,CVE-2012-3213,7.5
Oracle,CVE-2013-1481,7.5
Apple,CVE-2012-3748,7.5
Novell,CVE-2012-0439,7.5
Microsoft,CVE-2012-2548,7.5
Mozilla,CVE-2013-0753,7.5
Microsoft,CVE-2013-0002,9.0
Microsoft,CVE-2013-0003,7.5
Mozilla,CVE-2013-0750,7.5
Oracle,CVE-2012-3174,7.5
Oracle,CVE-2013-0418,5.4
Microsoft,CVE-2014-6374,6.8
Agilent Technologies,CVE-2014-5145,10.0
SolarWinds,,6.8
Mozilla,CVE-2014-1581,6.8
AlienVault,,7.9
Trihedral Engineering Ltd,CVE-2014-9192,7.8
Honeywell,CVE-2014-8269,7.5
Honeywell,CVE-2014-8269,7.5
ManageEngine,CVE-2014-9373,10.0
ManageEngine,CVE-2014-9372,6.4
ManageEngine,CVE-2014-9371,10.0
BMC Software,CVE-2014-8270,5.0
BitTorrent,CVE-2014-8515,6.8
Adobe,CVE-2014-9163,6.8
Adobe,CVE-2014-9162,6.8
SAP,CVE-2014-9264,9.5
SAP,CVE-2014-9264,8.5
SAP,CVE-2014-9264,8.5
SAP,CVE-2014-9264,9.5
Lexmark,CVE-2014-8742,7.8
Lexmark,CVE-2014-8741,10.0
Microsoft,CVE-2014-8966,6.8
Microsoft,CVE-2014-6329,6.8
Microsoft,CVE-2014-6327,6.8
Microsoft,CVE-2014-6376,5.1
Microsoft,CVE-2014-6375,6.8
Microsoft,CVE-2014-6374,6.8
Microsoft,CVE-2014-8967,6.8
Autodesk,CVE-2014-9268,7.5
Samsung,CVE-2014-9265,7.5
Samsung,CVE-2014-9266,6.8
PTC,CVE-2014-9267,7.5
PTC,CVE-2014-9267,7.5
3S Pocketnet Tech,CVE-2014-9263,7.5
3S Pocketnet Tech,CVE-2014-9263,7.5
3S Pocketnet Tech,CVE-2014-9263,7.5
3S Pocketnet Tech,CVE-2014-9263,7.5
3S Pocketnet Tech,CVE-2014-9263,7.5
Cisco,CVE-2014-8002,9.5
Cisco,CVE-2014-8001,9.5
Apple,CVE-2014-1314,4.6
ARRIS,CVE-2014-8423,10.0
ARRIS,CVE-2014-8424,7.8
ARRIS,CVE-2014-8425,7.8
ManageEngine,CVE-2014-8678,7.8
SonicWALL,CVE-2014-8420,9.0
Rockwell Automation,CVE-2014-5424,7.5
Rockwell Automation,CVE-2014-5424,7.5
Oracle,CVE-2014-6466,4.6
Microsoft,CVE-2014-6351,6.8
Microsoft,CVE-2014-6348,6.8
Microsoft,CVE-2014-6344,6.8
Microsoft,CVE-2014-6343,6.8
Microsoft,CVE-2014-6342,6.8
Microsoft,CVE-2014-6341,6.8
Microsoft,CVE-2014-4143,6.8
Microsoft,CVE-2014-6347,6.8
Trend Micro,CVE-2014-8510,6.5
Visual Mining,CVE-2014-8516,10.0
Denon,CVE-2014-8508,6.4
BitTorrent,CVE-2014-8509,6.8
Ecava,CVE-2014-0786,7.5
Apple,CVE-2014-4391,5.6
Microsoft,CVE-2014-1803,6.8
Microsoft,CVE-2014-1799,6.8
Adobe,CVE-2014-0569,6.8
Panasonic,CVE-2014-8755,7.5
Panasonic,CVE-2014-8756,7.5
Foxit,CVE-2014-8074,6.8
Hewlett-Packard,CVE-2014-2636,6.8
Hewlett-Packard,CVE-2014-2637,6.8
Hewlett-Packard,CVE-2014-2638,6.8
Hewlett-Packard,CVE-2014-2635,6.8
Microsoft,CVE-2014-1769,6.8
Microsoft,CVE-2014-4145,6.8
Microsoft,CVE-2014-4092,6.8
Microsoft,CVE-2014-1799,6.8
Microsoft,CVE-2014-4130,6.8
Microsoft,CVE-2014-4138,5.1
Microsoft,CVE-2014-4141,6.8
Microsoft,CVE-2014-4117,6.8
Microsoft,,6.8
GoPro,CVE-2014-6434,10.0
GoPro,CVE-2014-6433,10.0
Apple,,4.7
Hewlett-Packard,,5.1
Hewlett-Packard,,10.0
Hewlett-Packard,CVE-2014-2624,10.0
Hewlett-Packard,CVE-2014-2624,10.0
Hewlett-Packard,CVE-2014-2624,10.0
Hewlett-Packard,CVE-2014-2624,10.0
Hewlett-Packard,CVE-2014-2624,10.0
Hewlett-Packard,CVE-2014-2624,10.0
Hewlett-Packard,CVE-2014-2624,10.0
Hewlett-Packard,CVE-2014-2624,10.0
Hewlett-Packard,CVE-2014-2624,10.0
Sophos,CVE-2014-5501,9.3
Sophos,CVE-2014-5502,9.0
Sophos,CVE-2014-5502,9.0
Sophos,CVE-2014-5502,9.0
Microsoft,CVE-2014-4112,6.8
Sophos,CVE-2014-5503,8.5
Sophos,CVE-2014-5502,9.0
Microsoft,CVE-2014-4067,6.8
Apple,CVE-2014-4350,7.5
Apple,CVE-2014-1391,6.8
Adobe,CVE-2014-0561,7.5
Adobe,CVE-2014-0567,6.8
Microsoft,CVE-2014-4101,5.1
Microsoft,CVE-2014-4092,6.8
Microsoft,CVE-2014-4092,6.8
Microsoft,CVE-2014-4096,6.8
Microsoft,CVE-2014-4079,6.8
Microsoft,CVE-2014-4090,6.8
Microsoft,CVE-2014-4085,6.8
Microsoft,CVE-2014-4108,6.8
Microsoft,CVE-2014-4107,6.8
Microsoft,CVE-2014-4105,6.8
Microsoft,CVE-2014-4103,6.8
Microsoft,CVE-2014-4099,6.8
Microsoft,CVE-2014-4098,6.8
Microsoft,CVE-2014-4096,6.8
Microsoft,CVE-2014-4097,6.8
Microsoft,CVE-2014-4095,6.8
Microsoft,CVE-2014-4065,6.8
Hewlett-Packard,CVE-2014-2624,10.0
Mozilla,CVE-2014-1567,6.8
SolarWinds,CVE-2014-5504,7.5
SAP,CVE-2014-5506,6.8
SAP,CVE-2014-5505,6.8
Attachmate,,10.0
SolarWinds,,10.0
CSWorks,CVE-2014-2351,7.5
Juniper,CVE-2014-3411,10.0
Novell,CVE-2014-0600,7.8
AlienVault,CVE-2014-5210,10.0
AlienVault,CVE-2014-5210,10.0
F5,CVE-2014-2949,6.8
Microsoft,CVE-2014-2819,7.2
Attachmate,CVE-2014-0603,7.5
Attachmate,CVE-2014-0605,7.5
Attachmate,CVE-2014-0604,7.5
Attachmate,CVE-2014-0603,7.5
Microsoft,CVE-2014-4060,6.8
Microsoft,CVE-2014-4051,7.5
Microsoft,CVE-2014-4050,6.8
Microsoft,CVE-2014-2827,6.8
Microsoft,CVE-2014-4056,7.5
Microsoft,CVE-2014-4058,6.8
Microsoft,CVE-2014-4055,6.8
Microsoft,CVE-2014-4052,6.8
Hewlett-Packard,CVE-2014-2631,6.8
Microsoft,CVE-2014-2820,6.8
Adobe,CVE-2014-0540,6.8
Microsoft,CVE-2014-2818,6.8
Microsoft,CVE-2014-2774,6.8
Microsoft,CVE-2014-4063,6.8
AlienVault,CVE-2014-5158,10.0
AlienVault,CVE-2014-5158,10.0
AlienVault,CVE-2014-5159,7.5
Microsoft,CVE-2014-1762,7.5
Attachmate,CVE-2014-0607,10.0
Hewlett-Packard,CVE-2014-2626,9.4
Hewlett-Packard,CVE-2014-2625,8.5
Microsoft,CVE-2014-2803,6.8
Microsoft,CVE-2014-2802,6.8
Apple,CVE-2014-4979,6.8
Hewlett-Packard,CVE-2014-5160,7.5
Hewlett-Packard,CVE-2014-5160,7.5
Microsoft,CVE-2014-1765,6.8
Microsoft,CVE-2014-1799,6.8
Microsoft,CVE-2014-2764,6.8
Oracle,CVE-2014-2490,9.3
Oracle,CVE-2014-4249,7.5
Advantech,CVE-2014-2364,7.5
Advantech,CVE-2014-2364,7.5
Advantech,CVE-2014-2364,7.5
Advantech,CVE-2014-2364,7.5
Advantech,CVE-2014-2364,7.5
Advantech,CVE-2014-2365,6.5
Advantech,CVE-2014-2366,9.0
Advantech,CVE-2014-2367,7.5
Advantech,CVE-2014-2364,7.5
Advantech,CVE-2014-2364,7.5
Advantech,CVE-2014-2364,7.5
Advantech,CVE-2014-2368,7.5
Advantech,CVE-2014-2364,7.5
Advantech,CVE-2014-2364,7.5
Advantech,CVE-2014-2364,7.5
Advantech,CVE-2014-2364,7.5
Apple,CVE-2014-1371,4.6
Apache,CVE-2014-0117,7.8
Microsoft,CVE-2014-0308,6.8
Microsoft,CVE-2014-1799,6.8
Apache,CVE-2014-0226,7.5
Hewlett-Packard,CVE-2014-2622,8.5
Hewlett-Packard,CVE-2014-2621,7.8
Hewlett-Packard,CVE-2014-2620,7.8
Hewlett-Packard,CVE-2014-2619,7.8
Hewlett-Packard,CVE-2014-2618,7.8
Hewlett-Packard,CVE-2014-2617,10.0
Hewlett-Packard,CVE-2014-2615,7.5
Hewlett-Packard,CVE-2014-2614,6.8
Microsoft,CVE-2014-2761,6.8
Microsoft,CVE-2014-1769,6.8
Microsoft,CVE-2014-2813,6.8
Embarcadero,CVE-2014-4647,7.5
Microsoft,CVE-2014-1765,6.8
Microsoft,CVE-2014-2809,6.8
Microsoft,CVE-2014-2780,4.4
Microsoft,CVE-2014-1767,6.9
Microsoft,CVE-2014-1765,6.8
Microsoft,CVE-2014-2781,4.6
Microsoft,CVE-2014-1763,6.8
Microsoft,CVE-2014-2792,6.8
Microsoft,CVE-2014-2791,6.8
Foxit,CVE-2014-4646,7.5
Microsoft,CVE-2014-2782,6.8
Microsoft,CVE-2014-0282,6.8
Symantec,CVE-2013-5017,7.9
Hewlett-Packard,CVE-2014-2611,9.0
Hewlett-Packard,CVE-2014-2610,7.1
Hewlett-Packard,CVE-2014-2609,10.0
AlienVault,CVE-2014-4153,7.8
AlienVault,CVE-2014-4152,10.0
AlienVault,CVE-2014-4151,10.0
AlienVault,CVE-2014-3805,10.0
AlienVault,CVE-2014-3804,10.0
AlienVault,CVE-2014-3804,10.0
AlienVault,CVE-2014-3804,10.0
AlienVault,CVE-2014-3804,10.0
AlienVault,CVE-2014-3805,10.0
AlienVault,CVE-2014-3805,10.0
AlienVault,CVE-2014-3804,10.0
AlienVault,CVE-2014-3804,10.0
Hewlett-Packard,CVE-2013-6221,10.0
Microsoft,CVE-2014-1799,6.8
Microsoft,CVE-2014-2756,6.8
Microsoft,CVE-2014-1766,7.5
Microsoft,CVE-2014-1805,7.5
Microsoft,CVE-2014-1764,7.2
Microsoft,CVE-2014-2777,7.2
Microsoft,CVE-2014-2776,6.8
Microsoft,CVE-2014-2775,6.8
Microsoft,CVE-2014-1762,6.8
Microsoft,CVE-2014-2772,6.8
Microsoft,CVE-2014-1800,6.8
Microsoft,CVE-2014-1797,6.8
Microsoft,CVE-2014-2758,6.8
Microsoft,CVE-2014-2757,6.8
Microsoft,CVE-2014-1785,6.8
Microsoft,CVE-2014-1782,6.8
Microsoft,CVE-2014-1780,6.8
Microsoft,CVE-2014-1779,6.8
Microsoft,CVE-2014-0282,6.8
Microsoft,CVE-2014-1775,6.8
Microsoft,CVE-2014-1774,6.8
OpenSSL,CVE-2014-0195,7.5
Samsung,CVE-2014-3911,7.5
Samsung,CVE-2014-3911,7.5
Samsung,CVE-2014-3911,7.5
Samsung,CVE-2014-3912,7.5
Samsung,CVE-2014-3911,7.5
Samsung,CVE-2014-3911,7.5
Rocket Software,CVE-2014-3914,10.0
Rocket Software,CVE-2014-3914,7.8
Rocket Software,CVE-2014-3915,10.0
Rocket Software,CVE-2014-3914,7.8
Rocket Software,CVE-2014-3914,10.0
Rocket Software,CVE-2014-3914,10.0
Ericom,CVE-2014-3913,10.0
"VMWare, Inc.",CVE-2014-3790,6.0
Sybase,CVE-2014-3457,7.5
Sybase,CVE-2014-3457,7.5
Sybase,CVE-2014-3457,7.5
Sybase,CVE-2014-3457,7.5
Sybase,CVE-2014-3457,7.5
Sybase,CVE-2014-3457,7.5
Sybase,CVE-2014-3457,7.5
Sybase,CVE-2014-3457,7.5
Sybase,CVE-2014-3457,7.5
Sybase,CVE-2014-3457,7.5
Sybase,CVE-2014-3457,7.5
Sybase,CVE-2014-3457,7.5
Sybase,CVE-2014-3457,7.5
Sybase,CVE-2014-3458,7.5
Sybase,CVE-2014-3458,7.5
Sybase,CVE-2014-3458,7.5
Sybase,CVE-2014-3458,7.5
Sybase,CVE-2014-3458,7.5
Microsoft,CVE-2014-1770,6.8
Advantech,CVE-2014-0773,7.5
Advantech,CVE-2014-0772,5.0
Advantech,CVE-2014-0771,5.0
Cogent Real-Time Systems,CVE-2014-3789,7.5
Cogent Real-Time Systems,CVE-2014-3788,7.5
Novell,CVE-2014-3460,6.8
SolarWinds,CVE-2014-3459,7.5
Adobe,CVE-2014-0512,4.6
Adobe,CVE-2014-0511,6.8
Adobe,CVE-2014-0510,6.8
Microsoft,CVE-2014-3802,6.8
Adobe,CVE-2014-0527,6.8
Symantec,CVE-2014-1649,10.0
Google,CVE-2014-1736,6.8
Microsoft,CVE-2014-0310,6.8
Borland,,7.5
Borland,,7.8
Kaspersky,,10.0
Apple,CVE-2014-1318,6.9
Apple,CVE-2014-1320,2.1
Microsoft,CVE-2014-0285,6.8
Indusoft,CVE-2014-0780,7.5
Ecava,CVE-2014-0786,7.5
Advantech,CVE-2014-0768,7.5
SolarWinds,,6.8
Oracle,CVE-2014-0456,10.0
Microsoft,CVE-2014-0290,6.8
Microsoft,CVE-2014-0278,6.8
Oracle,CVE-2014-2407,6.8
Oracle,CVE-2014-2418,7.5
Oracle,CVE-2014-2415,7.5
Oracle,CVE-2014-2417,7.5
Oracle,CVE-2014-2416,7.5
Oracle,CVE-2014-2424,7.5
Oracle,CVE-2014-0457,10.0
Oracle,CVE-2014-0432,10.0
Oracle,CVE-2014-0455,10.0
Oracle,CVE-2014-2421,10.0
Microsoft,CVE-2014-0321,6.8
Hewlett-Packard,CVE-2013-6213,10.0
Hewlett-Packard,CVE-2013-6215,8.5
IBM,CVE-2013-6748,7.5
CA,CVE-2014-2210,7.8
CA,CVE-2014-2210,7.8
CA,CVE-2014-2210,9.0
CA,CVE-2014-2210,7.1
CA,CVE-2014-2210,9.4
Adobe,CVE-2014-0506,6.8
Apple,CVE-2014-1303,6.8
Apple,CVE-2014-1300,6.8
Google,CVE-2014-1715,6.8
Google,CVE-2014-1705,6.8
Google,CVE-2014-1714,6.8
Google,CVE-2014-1713,6.8
Mozilla,CVE-2014-1514,6.8
Mozilla,CVE-2014-1513,6.8
Mozilla,CVE-2014-1512,6.8
Mozilla,CVE-2014-1511,6.8
Mozilla,CVE-2014-1510,6.8
Microsoft,CVE-2014-1760,6.8
Microsoft,CVE-2014-1753,6.8
Microsoft,CVE-2014-0325,6.8
Advantech,CVE-2014-0763,7.5
Advantech,CVE-2014-0764,7.5
Advantech,CVE-2014-0770,7.5
Advantech,CVE-2014-0767,7.5
Advantech,CVE-2014-0766,7.5
Advantech,CVE-2014-0765,7.5
WellinTech,CVE-2014-0787,10.0
Adobe,CVE-2014-0507,7.5
Sophos,CVE-2014-2849,8.5
SolarWinds,,7.8
SolarWinds,,7.5
SolarWinds,,7.5
SolarWinds,,5.1
SolarWinds,,7.5
Hewlett-Packard,CVE-2013-6210,7.5
Microsoft,CVE-2014-0285,7.5
Microsoft,CVE-2014-0274,6.8
EMC,CVE-2014-2276,5.0
Schneider Electric,CVE-2014-0779,6.8
Mozilla,CVE-2014-1486,6.8
Apple,CVE-2014-1290,6.8
Avaya,,10.0
Novell,CVE-2013-3706,8.5
Schneider Electric,CVE-2014-0774,6.8
Splunk,CVE-2013-6771,9.0
Splunk,CVE-2013-6771,9.0
Hewlett-Packard,CVE-2013-4841,10.0
McAfee,,7.8
Apple,CVE-2014-1251,6.8
Apple,CVE-2014-1246,7.5
Apple,CVE-2014-1245,7.5
Apple,CVE-2014-1247,7.5
Apple,CVE-2014-1244,10.0
Apple,CVE-2014-1243,6.8
Hewlett-Packard,CVE-2013-6207,9.4
Hewlett-Packard,CVE-2013-6203,7.5
Hewlett-Packard,CVE-2013-6204,7.5
Adobe,CVE-2014-0498,7.5
IBM,CVE-2013-6724,7.5
Oracle,CVE-2013-5907,9.3
IBM,CVE-2013-5400,10.0
Microsoft,CVE-2014-0307,6.8
Microsoft,CVE-2014-0308,6.8
Microsoft,CVE-2014-0313,6.8
Microsoft,CVE-2014-0312,7.5
Microsoft,CVE-2014-0299,6.8
Microsoft,CVE-2014-0298,6.8
Microsoft,CVE-2014-0297,6.8
EMC,CVE-2013-0946,10.0
Microsoft,CVE-2014-0281,6.8
Microsoft,CVE-2014-0289,6.8
Microsoft,CVE-2014-0275,6.8
Microsoft,CVE-2014-0274,6.8
Microsoft,CVE-2014-0287,6.8
Microsoft,CVE-2014-0286,6.8
Microsoft,CVE-2014-0288,6.8
Microsoft,CVE-2014-0269,6.8
Microsoft,CVE-2014-0270,6.8
Microsoft,CVE-2014-0263,5.1
IBM,CVE-2013-6749,7.5
IBM,CVE-2013-5387,6.8
GE,CVE-2014-0751,6.8
GE,CVE-2014-0750,7.5
Adobe,CVE-2014-0492,5.0
Oracle,CVE-2013-5907,6.8
WellinTech,CVE-2013-2826,7.5
WellinTech,CVE-2013-2827,7.5
Hewlett-Packard,CVE-2013-6189,10.0
Hewlett-Packard,CVE-2013-6195,7.5
Hewlett-Packard,CVE-2013-2347,10.0
Hewlett-Packard,CVE-2013-2350,10.0
Hewlett-Packard,CVE-2013-2345,10.0
Hewlett-Packard,CVE-2013-2349,10.0
Hewlett-Packard,CVE-2013-2346,10.0
Hewlett-Packard,CVE-2013-6194,10.0
Hewlett-Packard,CVE-2013-2348,10.0
Hewlett-Packard,CVE-2013-2344,10.0
Adobe,CVE-2015-8416,6.8
Adobe,CVE-2015-8823,6.8
Adobe,CVE-2015-8822,6.8
Adobe,CVE-2015-8821,6.8
Adobe,CVE-2015-8658,6.8
Adobe,CVE-2015-8820,6.8
Adobe,CVE-2015-8657,6.8
Adobe,CVE-2015-8656,6.8
Adobe,CVE-2015-8654,6.8
Adobe,CVE-2015-8653,6.8
Adobe,CVE-2015-8652,6.8
Adobe,CVE-2015-8655,6.8
Microsoft,CVE-2015-6065,6.8
Adobe,CVE-2015-8649,6.8
Adobe,CVE-2015-8648,6.8
Adobe,CVE-2015-8650,6.8
Adobe,CVE-2015-8647,6.8
Adobe,CVE-2015-8639,6.8
Adobe,CVE-2015-8638,6.8
Microsoft,CVE-2015-6083,6.8
Mozilla,CVE-2015-4509,6.8
Microsoft,CVE-2015-6159,4.3
Foxit,,6.8
Foxit,,6.8
Foxit,,6.8
Foxit,,6.8
Foxit,CVE-2015-8843,6.9
Microsoft,CVE-2016-0035,6.8
Apache,CVE-2015-8581,7.5
Adobe,CVE-2015-8458,6.8
Adobe,CVE-2015-8457,6.8
Schneider Electric,CVE-2015-7918,6.8
Schneider Electric,CVE-2015-7918,6.8
Schneider Electric,CVE-2015-7918,6.8
Schneider Electric,CVE-2015-7918,6.8
Schneider Electric,CVE-2015-7918,6.8
Schneider Electric,CVE-2015-7918,6.8
Schneider Electric,CVE-2015-8561,6.8
Schneider Electric,CVE-2015-8561,6.8
Schneider Electric,CVE-2015-8561,6.8
Schneider Electric,CVE-2015-8561,6.8
Schneider Electric,CVE-2015-7918,6.8
Wireshark,CVE-2015-7830,6.8
Foxit,CVE-2015-8580,6.8
Foxit,CVE-2015-8580,6.8
Lepide,CVE-2015-8570,7.4
Autodesk,CVE-2015-8572,6.8
Autodesk,CVE-2015-8572,6.8
Autodesk,CVE-2015-8572,6.8
Autodesk,CVE-2015-8571,6.8
Autodesk,CVE-2015-8572,6.8
Autodesk,CVE-2015-8572,6.8
Adobe,CVE-2015-8453,5.1
Adobe,CVE-2015-8450,6.8
Adobe,CVE-2015-8449,6.8
Adobe,CVE-2015-8448,6.8
Adobe,CVE-2015-8447,6.8
Adobe,CVE-2015-8446,6.8
Adobe,CVE-2015-8445,6.8
Adobe,CVE-2015-8442,6.8
Adobe,CVE-2015-8439,6.8
Adobe,CVE-2015-8438,6.8
Adobe,CVE-2015-8437,6.8
Adobe,CVE-2015-8436,6.8
Adobe,CVE-2015-8050,6.8
Adobe,CVE-2015-8049,6.8
Microsoft,CVE-2015-6134,6.8
Microsoft,CVE-2015-6151,6.8
Microsoft,CVE-2015-6147,6.8
Microsoft,CVE-2015-6136,4.3
Microsoft,CVE-2015-6136,4.3
Microsoft,CVE-2015-6136,4.3
Microsoft,CVE-2015-6136,4.3
Microsoft,CVE-2015-6136,4.3
Microsoft,CVE-2015-6136,4.3
Microsoft,CVE-2015-6136,4.3
Microsoft,CVE-2015-6150,6.8
Microsoft,CVE-2015-6149,6.8
Microsoft,CVE-2015-6148,6.8
Microsoft,CVE-2015-6142,6.8
Microsoft,CVE-2015-6135,4.3
Microsoft,CVE-2015-6141,6.8
Microsoft,CVE-2015-6143,6.8
Microsoft,CVE-2015-6168,6.8
Microsoft,CVE-2015-6160,6.8
Hewlett-Packard,CVE-2015-6857,7.5
Unitronics,CVE-2015-6478,6.8
Unitronics,CVE-2015-6478,6.8
Unitronics,CVE-2015-6478,6.8
Unitronics,CVE-2015-6478,6.8
Unitronics,CVE-2015-7905,6.8
Unitronics,CVE-2015-7905,6.8
Unitronics,CVE-2015-7905,6.8
Unitronics,CVE-2015-6478,6.8
Tibbo,CVE-2015-7913,7.2
Tibbo,CVE-2015-7912,9.3
SQLite,CVE-2015-7036,7.5
Adobe,CVE-2015-6696,6.8
Microsoft,CVE-2015-1767,6.8
Adobe,CVE-2015-7657,6.8
Adobe,CVE-2015-7659,6.8
Adobe,CVE-2015-7660,6.8
Adobe,CVE-2015-7661,6.8
Adobe,CVE-2015-8042,6.8
Adobe,CVE-2015-7658,6.8
Adobe,CVE-2015-7653,6.8
Adobe,CVE-2015-7654,6.8
Adobe,CVE-2015-7655,6.8
Adobe,CVE-2015-7656,6.8
Adobe,CVE-2015-7652,6.8
Adobe,CVE-2015-7651,6.8
SolarWinds,CVE-2015-8220,7.5
IBM,CVE-2015-7820,7.1
IBM,CVE-2015-7817,7.1
IBM,CVE-2015-7819,7.1
IBM,CVE-2015-7818,7.2
Oracle,,10.0
AlienVault,,7.5
AlienVault,,6.9
Microsoft,CVE-2015-6086,4.3
Microsoft,CVE-2015-6094,6.8
Microsoft,CVE-2015-6051,4.4
Microsoft,CVE-2015-6081,6.8
Microsoft,CVE-2015-6038,6.8
Microsoft,CVE-2015-6077,6.8
Microsoft,CVE-2015-6076,6.8
Microsoft,CVE-2015-6075,6.8
Microsoft,CVE-2015-6093,6.8
Microsoft,CVE-2015-6064,6.8
Microsoft,CVE-2015-6055,6.8
Microsoft,CVE-2015-2367,2.1
Hewlett-Packard,CVE-2015-6867,7.5
Adobe,CVE-2015-7650,6.8
Apple,CVE-2015-6978,6.8
SAP,CVE-2015-8029,6.8
SAP,CVE-2015-8028,6.8
SAP,CVE-2015-8030,6.8
SAP,CVE-2015-8030,6.8
SAP,CVE-2015-8030,6.8
SAP,CVE-2015-8030,6.8
SAP,CVE-2015-8028,6.8
Foxit,,6.8
Foxit,,6.8
Microsoft,CVE-2015-6045,6.8
Microsoft,CVE-2015-6047,6.9
Microsoft,CVE-2015-6055,7.5
Microsoft,CVE-2015-6042,6.8
Microsoft,CVE-2015-2557,6.8
Microsoft,CVE-2015-6053,6.8
Microsoft,CVE-2015-2555,6.8
Microsoft,CVE-2015-2558,6.8
Microsoft,CVE-2015-2482,6.8
Adobe,CVE-2015-7629,6.8
Adobe,CVE-2015-7631,6.8
Adobe,CVE-2015-7632,6.8
Adobe,CVE-2015-7643,6.8
Adobe,CVE-2015-7623,6.8
Adobe,CVE-2015-7614,9.0
Adobe,CVE-2015-7621,6.8
Adobe,CVE-2015-6716,6.8
Adobe,CVE-2015-6720,6.8
Adobe,CVE-2015-6725,6.8
Adobe,CVE-2015-6719,6.8
Adobe,CVE-2015-6718,6.8
Adobe,CVE-2015-6721,6.8
Adobe,CVE-2015-6722,6.8
Adobe,CVE-2015-7619,6.8
Adobe,CVE-2015-6717,6.8
Adobe,CVE-2015-7618,6.8
Adobe,CVE-2015-6723,6.8
Adobe,CVE-2015-7620,6.8
Adobe,CVE-2015-6724,6.8
Adobe,CVE-2015-7616,6.8
Adobe,CVE-2015-7615,6.8
Adobe,CVE-2015-7617,6.8
Adobe,CVE-2015-6715,7.5
Adobe,CVE-2015-6714,7.5
Adobe,CVE-2015-6713,7.5
Adobe,CVE-2015-6712,6.8
Adobe,CVE-2015-6710,6.8
Adobe,CVE-2015-6709,6.8
Adobe,CVE-2015-6711,6.8
Adobe,CVE-2015-6708,6.8
Adobe,CVE-2015-6707,6.8
Adobe,CVE-2015-6704,5.0
Adobe,CVE-2015-6703,5.0
Adobe,CVE-2015-6702,5.0
Adobe,CVE-2015-6701,5.0
Adobe,CVE-2015-6700,5.0
Adobe,CVE-2015-6699,5.0
Adobe,CVE-2015-6698,6.8
Adobe,CVE-2015-6697,6.8
Adobe,CVE-2015-6690,6.8
Adobe,CVE-2015-6693,6.8
Adobe,CVE-2015-6695,6.8
Adobe,CVE-2015-6694,6.8
Adobe,CVE-2015-6689,6.8
Adobe,CVE-2015-6688,6.8
Adobe,CVE-2015-5583,4.3
Adobe,CVE-2015-6685,6.8
Adobe,CVE-2015-6686,6.8
Adobe,CVE-2015-7829,1.9
Samsung,CVE-2015-8040,6.8
Samsung,CVE-2015-8039,7.5
Samsung,CVE-2015-8039,7.5
SolarWinds,CVE-2015-7839,7.5
SolarWinds,CVE-2015-7838,10.0
Microsoft,CVE-2015-2429,4.4
Microsoft,CVE-2015-2408,6.8
Microsoft,,6.9
Mozilla,CVE-2015-4479,6.8
"VMware, Inc.",CVE-2015-2342,10.0
Samsung,,7.5
Moxa,CVE-2015-6481,7.5
Moxa,CVE-2015-6480,7.5
Indusoft,CVE-2015-7374,7.5
Kaseya,CVE-2015-6589,6.5
Kaseya,CVE-2015-6922,7.5
Kaseya,CVE-2015-6922,7.5
Adobe,CVE-2015-5570,6.8
Adobe,CVE-2015-6678,6.8
Avira,CVE-2015-7303,9.3
Symantec,"CVE-2015-5690, CVE-2015-5693",9.3
Symantec,"CVE-2015-5691, CVE-2015-5692",8.5
Codesys,CVE-2015-6460,7.5
Codesys,CVE-2015-6460,7.5
GE,CVE-2015-6456,9.0
GE,CVE-2015-6459,9.4
Cogent Real-Time Systems,CVE-2014-3789,7.5
Moxa,CVE-2015-6457,6.8
Moxa,CVE-2015-6457,6.8
Moxa,CVE-2015-6457,6.8
Moxa,CVE-2015-6457,6.8
Moxa,CVE-2015-6458,6.8
Moxa,CVE-2015-6457,6.8
Moxa,CVE-2015-6457,6.8
Moxa,CVE-2015-6457,6.8
Moxa,CVE-2015-6457,6.8
Microsoft,CVE-2015-2541,6.8
Microsoft,CVE-2015-2501,6.8
Microsoft,CVE-2015-2500,6.8
Microsoft,CVE-2015-2499,6.8
Microsoft,CVE-2015-2498,6.8
Microsoft,CVE-2015-2489,6.9
Microsoft,CVE-2015-2486,6.8
Microsoft,CVE-2015-2485,6.8
Microsoft,CVE-2015-2487,6.8
Symantec,CVE-2015-5689,6.8
Borland,,8.8
Borland,,7.1
Borland,CVE-2015-6946,9.3
Borland,,6.8
Borland,CVE-2015-6946,9.3
Borland,,7.1
Borland,CVE-2015-6946,9.3
Borland,,8.8
Corel,CVE-2015-6948,6.8
ASUS,CVE-2015-6949,7.9
Hewlett-Packard,CVE-2015-5426,4.4
Apache,CVE-2015-1830,7.5
Mozilla,CVE-2015-4497,7.5
Hewlett-Packard,CVE-2015-5417,7.5
Hewlett-Packard,CVE-2015-5420,7.5
Hewlett-Packard,CVE-2015-5422,7.5
Hewlett-Packard,CVE-2015-5419,7.5
Hewlett-Packard,CVE-2015-5418,7.5
Hewlett-Packard,CVE-2015-5421,7.5
Hewlett-Packard,CVE-2015-5423,7.5
Hewlett-Packard,CVE-2015-5424,7.5
Hewlett-Packard,CVE-2015-5416,7.5
ManageEngine,,7.5
Foxit,,5.1
PHP,,7.5
Foxit,,5.1
Moxa,CVE-2015-0986,7.5
Moxa,CVE-2015-1000,7.5
Apple,CVE-2015-3799,7.2
Microsoft,CVE-2015-2452,6.8
Microsoft,CVE-2015-2455,10.0
Microsoft,CVE-2015-2435,10.0
Microsoft,CVE-2015-2454,4.4
Microsoft,CVE-2015-2451,6.8
Microsoft,CVE-2015-2450,6.8
Microsoft,CVE-2015-2448,7.5
Microsoft,CVE-2015-2443,5.4
Microsoft,CVE-2015-2440,5.4
Microsoft,CVE-2015-2429,4.7
Microsoft,CVE-2015-2429,6.9
Microsoft,CVE-2015-2430,6.9
Microsoft,CVE-2015-1743,6.9
IBM,CVE-2015-4934,10.0
IBM,CVE-2015-4931,10.0
IBM,CVE-2015-4933,10.0
IBM,CVE-2015-4932,10.0
IBM,CVE-2015-4935,10.0
Adobe,CVE-2015-5107,4.3
Adobe,CVE-2015-5106,6.6
Adobe,CVE-2015-5109,6.8
Adobe,CVE-2015-5110,6.8
BitTorrent,CVE-2015-5685,6.8
BitTorrent,CVE-2015-5685,6.8
"Apache, Elastic",CVE-2015-3253,7.5
Hewlett-Packard,CVE-2015-7861,10.0
Hewlett-Packard,CVE-2015-7860,10.0
Microsoft,,6.8
Microsoft,,6.8
Microsoft,,6.8
Microsoft,,7.5
BitTorrent,CVE-2015-5474,7.5
Oracle,CVE-2015-4745,6.5
Oracle,CVE-2015-2603,7.5
Oracle,CVE-2015-2602,6.5
Oracle,CVE-2015-2604,6.5
Oracle,CVE-2015-2605,6.5
Oracle,CVE-2015-2606,6.5
Belkin,CVE-2015-5536,9.0
Belkin,CVE-2015-5536,9.0
Belkin,CVE-2015-5536,9.0
Belkin,CVE-2015-5536,9.0
Belkin,CVE-2015-5536,9.0
Belkin,CVE-2015-5536,9.0
Belkin,CVE-2015-5536,9.0
Belkin,CVE-2015-5536,9.0
Belkin,CVE-2015-5536,9.0
Microsoft,CVE-2015-2402,4.6
Microsoft,CVE-2015-2383,6.8
NetIQ,CVE-2015-0795,7.5
Microsoft,CVE-2015-2371,6.8
Microsoft,CVE-2015-1767,6.8
Microsoft,CVE-2015-2397,6.8
Microsoft,CVE-2015-1767,6.8
Microsoft,CVE-2015-2388,6.8
Microsoft,CVE-2015-1767,6.8
Microsoft,CVE-2015-2406,6.8
Microsoft,CVE-2015-2404,6.8
Microsoft,CVE-2015-2412,4.7
Microsoft,CVE-2015-2397,6.8
Microsoft,CVE-2015-2403,6.8
Microsoft,CVE-2015-2375,6.4
Microsoft,CVE-2015-2377,5.8
Microsoft,CVE-2015-2376,6.8
Microsoft,CVE-2015-2368,6.9
Adobe,CVE-2015-5114,6.8
Adobe,CVE-2015-5113,6.8
Adobe,CVE-2015-5095,6.8
Adobe,CVE-2015-5094,6.8
Adobe,CVE-2015-5093,6.8
Adobe,CVE-2015-4447,6.8
Adobe,CVE-2015-4441,6.8
Adobe,CVE-2015-4438,6.8
Adobe,CVE-2015-4435,6.8
Adobe,CVE-2015-5091,6.3
Adobe,CVE-2015-5090,6.9
Adobe,CVE-2015-4445,6.8
Adobe,CVE-2015-5115,6.8
Adobe,CVE-2015-5086,6.8
Adobe,CVE-2015-5085,5.0
Adobe,CVE-2015-4452,6.8
Adobe,CVE-2015-5111,6.8
Adobe,CVE-2015-5102,6.8
Adobe,CVE-2015-5104,6.8
Adobe,CVE-2015-5103,6.8
Adobe,CVE-2015-5101,6.8
Adobe,CVE-2015-5100,6.8
Adobe,CVE-2015-5108,6.8
Samsung,CVE-2015-5473,7.8
Samsung,CVE-2015-5473,7.5
Samsung,CVE-2015-5473,10.0
Samsung,CVE-2015-5473,10.0
Samsung,CVE-2015-5473,10.0
Samsung,CVE-2015-5473,7.8
Microsoft,CVE-2015-1743,6.9
Adobe,CVE-2015-3125,5.8
Adobe,CVE-2015-3039,6.8
Apple,CVE-2015-3669,6.8
SQLite,CVE-2015-3659,7.5
SQLite,CVE-2015-3717,5.1
Apple,CVE-2015-3666,6.8
Apple,CVE-2015-3711,4.9
Apple,CVE-2015-3679,6.8
Apple,CVE-2015-3677,4.9
Apple,CVE-2015-3723,6.8
Apple,CVE-2015-3680,6.8
Apple,CVE-2015-3690,4.9
Apple,CVE-2015-3724,6.8
WebKit.Org,CVE-2015-3727,7.5
Apple,CVE-2015-3662,6.8
Apple,CVE-2015-3663,6.8
Apple,CVE-2015-3664,5.1
Apple,CVE-2015-3661,6.8
Apple,CVE-2015-3665,6.8
SolarWinds,CVE-2015-5371,10.0
IBM,CVE-2015-1986,10.0
IBM,CVE-2015-1953,10.0
IBM,CVE-2015-1938,10.0
IBM,CVE-2015-1949,10.0
IBM,CVE-2015-1948,10.0
IBM,CVE-2015-1942,10.0
IBM,CVE-2015-1941,7.8
IBM,CVE-2015-1924,10.0
IBM,CVE-2015-1925,10.0
IBM,CVE-2015-1930,10.0
IBM,CVE-2015-1923,10.0
IBM,CVE-2015-1929,10.0
Hewlett-Packard,,10.0
Panasonic,CVE-2015-4648,7.5
Panasonic,CVE-2015-4647,7.5
Panasonic,CVE-2015-4647,7.5
Apple,,7.5
Samsung,CVE-2015-4033,3.3
Samsung,CVE-2015-4034,7.9
Microsoft,CVE-2015-1622,6.8
Microsoft,CVE-2015-1755,6.8
Microsoft,CVE-2015-1736,6.8
Microsoft,CVE-2015-1745,6.8
Microsoft,CVE-2015-1748,6.9
Microsoft,CVE-2015-1747,6.8
Microsoft,CVE-2015-1739,6.9
Microsoft,,6.9
Microsoft,CVE-2015-1735,6.8
Wavelink,CVE-2015-4060,10.0
Wavelink,CVE-2015-4059,10.0
Arcserve,CVE-2015-4069,7.8
Arcserve,CVE-2015-4069,7.8
Arcserve,CVE-2015-4068,9.4
Arcserve,CVE-2015-4068,9.4
Dell,CVE-2015-4067,9.3
Hewlett-Packard,CVE-2015-2120,9.0
Visual Mining,CVE-2015-4032,10.0
Visual Mining,CVE-2015-4031,10.0
Google,CVE-2015-1251,6.8
ManageEngine,,10.0
ManageEngine,,10.0
Valve,CVE-2015-4016,5.0
ManageEngine,,10.0
SonicWALL,CVE-2015-3990,9.0
ManageEngine,,10.0
ManageEngine,,10.0
Apple,CVE-2015-1155,7.5
Microsoft,CVE-2015-0092,6.9
ManageEngine,,10.0
ManageEngine,,10.0
ManageEngine,,10.0
Microsoft,CVE-2015-1717,6.8
Microsoft,CVE-2015-1709,6.8
ManageEngine,,10.0
ManageEngine,CVE-2014-6037,10.0
ManageEngine,,10.0
ManageEngine,,10.0
ManageEngine,,10.0
Adobe,CVE-2015-3085,4.4
Adobe,CVE-2015-3053,6.8
Adobe,CVE-2015-3054,6.8
Adobe,CVE-2015-3055,6.8
Adobe,CVE-2015-3059,6.8
Adobe,CVE-2015-3058,5.0
Adobe,CVE-2015-3057,6.8
Adobe,CVE-2015-3056,6.8
Adobe,CVE-2015-3060,6.8
Adobe,CVE-2015-3062,6.8
Adobe,CVE-2015-3061,6.8
Adobe,CVE-2015-3069,6.8
Adobe,CVE-2015-3064,6.8
Adobe,CVE-2015-3063,6.8
Adobe,CVE-2015-3068,6.8
Adobe,CVE-2015-3067,6.8
Adobe,CVE-2015-3066,6.8
Adobe,CVE-2015-3065,6.8
Adobe,CVE-2015-3074,6.8
Adobe,CVE-2015-3073,6.8
Adobe,CVE-2015-3072,6.8
Adobe,CVE-2015-3071,6.8
IBM,CVE-2015-1903,10.0
IBM,CVE-2015-1902,10.0
Hewlett-Packard,CVE-2015-2121,7.8
Microsoft,CVE-2015-1681,5.0
Microsoft,CVE-2015-1676,4.9
Microsoft,CVE-2015-1674,4.9
Microsoft,CVE-2015-1680,4.9
Microsoft,CVE-2015-1679,4.9
Microsoft,CVE-2015-1678,4.9
Microsoft,CVE-2015-1677,4.9
Microsoft,CVE-2015-1706,6.8
Microsoft,CVE-2015-1684,5.0
Microsoft,CVE-2015-1682,6.8
Microsoft,CVE-2015-1714,6.8
ManageEngine,,10.0
ManageEngine,,10.0
ManageEngine,,10.0
ManageEngine,,10.0
ManageEngine,,10.0
EMC,CVE-2015-0538,10.0
EMC,CVE-2015-0538,9.0
EMC,CVE-2015-0538,9.0
EMC,CVE-2015-0538,9.0
EMC,CVE-2015-0538,9.0
ManageEngine,,10.0
ManageEngine,,10.0
ManageEngine,,10.0
ManageEngine,,10.0
ManageEngine,,10.0
Apple,CVE-2015-1140,6.9
ManageEngine,,6.4
ManageEngine,CVE-2014-5006,10.0
ManageEngine,CVE-2014-7863,7.8
AlienVault,CVE-2015-3446,9.3
Amazon,,7.5
Amazon,,6.8
Amazon,,7.5
Samsung,CVE-2015-3435,10.0
Samsung,CVE-2015-3435,10.0
Realtek,CVE-2014-8361,10.0
Hewlett-Packard,CVE-2015-2117,9.3
Novell,CVE-2015-0786,10.0
Novell,CVE-2015-0785,5.0
Novell,CVE-2015-0781,6.8
Novell,CVE-2015-0783,3.5
Novell,CVE-2015-0784,6.8
Novell,CVE-2015-0782,6.8
Novell,CVE-2015-0780,6.8
Oracle,CVE-2015-0495,7.5
ManageEngine,CVE-2014-7866,10.0
ManageEngine,CVE-2014-7866,10.0
ManageEngine,CVE-2014-6034,10.0
ManageEngine,CVE-2014-6035,10.0
ManageEngine,CVE-2014-7868,10.0
ManageEngine,CVE-2014-7868,10.0
ManageEngine,CVE-2014-7868,10.0
ManageEngine,CVE-2014-5445,7.8
Google,CVE-2015-1234,6.8
Microsoft,CVE-2015-1659,6.8
IBM,CVE-2015-0135,10.0
Adobe,CVE-2015-0349,6.8
Adobe,CVE-2015-0347,6.8
Microsoft,CVE-2015-1650,6.8
Microsoft,CVE-2015-1652,6.8
Microsoft,CVE-2015-1667,6.8
Microsoft,CVE-2015-1666,6.8
Microsoft,CVE-2015-1665,6.8
Microsoft,CVE-2015-1661,6.8
Microsoft,CVE-2015-1660,6.8
Microsoft,CVE-2015-1668,6.8
Microsoft,CVE-2015-1668,6.8
Apple,CVE-2015-1069,6.8
Apple,CVE-2015-1101,6.8
Apple,CVE-2015-1140,6.8
Moxa,CVE-2015-1000,7.5
IBM,CVE-2015-0120,9.3
IBM,CVE-2015-0119,7.5
IBM,CVE-2015-0117,10.0
IBM,CVE-2015-0134,10.0
BitTorrent,CVE-2015-2846,7.5
ManageEngine,,10.0
ManageEngine,CVE-2014-6036,10.0
ManageEngine,,10.0
Cisco,CVE-2015-0666,7.8
Mozilla,CVE-2015-0816,7.5
Mozilla,CVE-2015-0817,6.8
Mozilla,CVE-2015-0818,7.5
SolarWinds,CVE-2015-2284,10.0
Oracle,CVE-2015-0443,6.8
Oracle,CVE-2015-0444,6.8
Oracle,CVE-2015-0445,6.8
Oracle,CVE-2015-0446,7.5
Microsoft,CVE-2015-0043,6.8
Hewlett-Packard,CVE-2014-7889,6.8
Hewlett-Packard,CVE-2014-7895,6.8
Hewlett-Packard,CVE-2014-7893,6.8
Hewlett-Packard,CVE-2014-7892,6.8
Hewlett-Packard,CVE-2014-7888,6.8
Hewlett-Packard,CVE-2014-7894,6.8
Hewlett-Packard,CVE-2014-7891,6.8
Hewlett-Packard,CVE-2014-7890,6.8
Google,CVE-2014-7912,5.1
Google,CVE-2014-7914,4.8
MICROSYS,CVE-2014-9205,7.5
Schneider Electric,CVE-2015-0982,7.5
Google,CVE-2015-1230,6.8
Microsoft,CVE-2015-0085,6.8
Adobe,CVE-2015-0341,6.8
Microsoft,CVE-2015-0096,7.5
Microsoft,CVE-2014-6329,6.8
Microsoft,CVE-2015-1624,6.8
Microsoft,CVE-2015-1623,6.8
Microsoft,CVE-2015-1622,6.8
Microsoft,CVE-2015-0100,6.8
Microsoft,CVE-2015-0099,6.8
Microsoft,CVE-2015-0077,2.1
Microsoft,CVE-2015-0094,2.1
Microsoft,CVE-2015-0056,6.8
Microsoft,CVE-2015-0081,6.8
Microsoft,CVE-2015-1626,6.8
WebGate,CVE-2015-2094,7.5
WebGate,CVE-2015-2094,7.5
WebGate,CVE-2015-2094,7.5
WebGate,CVE-2015-2094,7.5
WebGate,CVE-2015-2095,7.5
WebGate,CVE-2015-2096,7.5
WebGate,CVE-2015-2097,7.5
WebGate,CVE-2015-2100,7.5
WebGate,CVE-2015-2098,7.5
WebGate,CVE-2015-2098,7.5
WebGate,CVE-2015-2098,7.5
WebGate,CVE-2015-2099,7.5
WebGate,CVE-2015-2097,7.5
WebGate,CVE-2015-2098,7.5
WebGate,CVE-2015-2098,7.5
WebGate,CVE-2015-2097,7.5
WebGate,CVE-2015-2098,7.5
WebGate,CVE-2015-2100,7.5
WebGate,CVE-2015-2099,7.5
WebGate,CVE-2015-2099,7.5
WebGate,CVE-2015-2093,7.5
Agilent Technologies,CVE-2015-2092,7.5
Microsoft,,4.3
PTC,CVE-2015-2061,7.5
Microsoft,CVE-2014-6369,6.8
Dell,CVE-2015-1605,7.5
Dell,CVE-2015-1605,7.5
Adobe,CVE-2015-0331,6.8
Lexmark,CVE-2014-9375,9.0
Adobe,CVE-2015-0314,6.8
SolarWinds,CVE-2015-1500,7.5
SolarWinds,CVE-2015-1501,7.5
SolarWinds,CVE-2015-1500,7.5
Samsung,CVE-2015-1499,8.5
Schneider Electric,CVE-2014-9200,7.5
Persistent Systems,CVE-2015-1498,9.0
Persistent Systems,CVE-2015-1497,10.0
Motorola,CVE-2015-1496,7.2
Motorola,CVE-2015-1496,7.2
Motorola,CVE-2015-1496,7.2
Motorola,CVE-2015-1495,7.5
Motorola,CVE-2015-1495,7.5
Microsoft,CVE-2014-6354,6.8
"VMware, Inc.",CVE-2015-1044,5.0
Microsoft,CVE-2015-0058,6.9
Microsoft,CVE-2015-0053,6.8
Microsoft,CVE-2015-0046,2.6
Microsoft,CVE-2015-0045,6.8
Microsoft,CVE-2015-0044,6.8
Microsoft,CVE-2015-0043,6.8
Microsoft,CVE-2015-0042,5.1
Microsoft,CVE-2015-0041,6.8
Microsoft,CVE-2015-0040,6.8
Microsoft,CVE-2015-0038,6.8
Microsoft,CVE-2015-0037,6.8
Microsoft,CVE-2015-0036,6.8
Microsoft,CVE-2015-0035,5.1
Microsoft,CVE-2015-0035,5.1
Microsoft,CVE-2015-0031,5.0
Microsoft,CVE-2015-0027,6.8
Microsoft,CVE-2015-0025,6.8
Microsoft,CVE-2015-0017,6.8
Microsoft,CVE-2015-0003,6.2
Apple,CVE-2014-4484,6.8
Apple,CVE-2014-8840,7.5
Apple,CVE-2014-4477,6.8
Attachmate,CVE-2014-5211,7.5
Adobe,CVE-2015-0307,6.8
ManageEngine,CVE-2014-5005,10.0
Schneider Electric,CVE-2014-9188,7.5
Schneider Electric,CVE-2014-8512,7.5
Schneider Electric,CVE-2014-8511,7.5
Schneider Electric,CVE-2014-8514,7.5
Schneider Electric,CVE-2014-8513,7.5
Google,CVE-2016-10403,4.3
Bitdefender,,6.8
Bitdefender,,6.8
Bitdefender,,6.8
ARRIS,,10.0
ARRIS,,10.0
ARRIS,,10.0
ARRIS,,10.0
ARRIS,,9.0
ARRIS,,9.0
ARRIS,,9.0
Microsoft,CVE-2016-7202,6.8
Apple,CVE-2016-7603,6.9
Apple,"CVE-2016-7714, CVE-2016-7625",4.9
Apple,CVE-2016-7620,4.9
Apple,CVE-2016-7624,4.9
Adobe,CVE-2016-4263,6.8
Check Point,,6.9
ThinPrint,CVE-2016-7081,6.2
Avast,,7.2
Microsoft,,7.5
Apple,CVE-2016-7630,4.4
Adobe,CVE-2016-7878,6.8
Microsoft,CVE-2016-7297,5.0
Microsoft,CVE-2016-3375,4.3
Microsoft,CVE-2016-3375,2.6
BitTorrent,,7.5
Mozilla,CVE-2016-2837,6.8
Fatek Automation,CVE-2016-8377,6.5
Sophos,,6.5
Avira,,6.9
Autodesk,,6.8
Autodesk,,6.8
Autodesk,,6.8
Autodesk,,6.8
Autodesk,,6.8
Autodesk,,5.1
Delta Industrial Automation,CVE-2016-5802,7.5
Delta Industrial Automation,CVE-2016-5805,6.8
Delta Industrial Automation,CVE-2016-5805,7.5
Delta Industrial Automation,CVE-2016-5802,7.5
Delta Industrial Automation,CVE-2016-5805,6.8
Delta Industrial Automation,CVE-2016-5805,6.8
Delta Industrial Automation,CVE-2016-5805,6.8
Delta Industrial Automation,CVE-2016-5805,5.1
Delta Industrial Automation,CVE-2016-5805,6.8
Delta Industrial Automation,CVE-2016-5805,6.8
Delta Industrial Automation,CVE-2016-5805,6.8
Delta Industrial Automation,CVE-2016-5802,6.8
Delta Industrial Automation,CVE-2016-5805,6.8
Delta Industrial Automation,CVE-2016-5805,6.8
Delta Industrial Automation,CVE-2016-5805,6.8
Delta Industrial Automation,CVE-2016-5805,6.8
Delta Industrial Automation,CVE-2016-5802,6.8
Delta Industrial Automation,CVE-2016-5802,6.8
Microsoft,CVE-2016-7272,6.8
Apple,CVE-2016-7617,6.9
Apple,CVE-2016-7602,6.9
Apple,CVE-2016-7609,6.9
Apple,CVE-2016-7582,6.9
Apple,CVE-2016-4638,4.4
Apple,CVE-2016-4638,4.4
Apple,CVE-2016-4640,4.4
Apple,CVE-2016-1818,7.2
Adobe,CVE-2016-7888,4.3
Fatek Automation,CVE-2016-5796,7.5
Fatek Automation,CVE-2016-5798,7.5
Apple,CVE-2016-7616,6.9
Apple,CVE-2016-7611,6.8
Apple,CVE-2016-7610,6.8
Advantech,CVE-2016-9351,8.5
Advantech,CVE-2016-9353,7.2
Advantech,CVE-2016-9349,7.8
Adobe,CVE-2016-7871,6.8
Adobe,CVE-2016-7872,6.8
Adobe,CVE-2016-7868,6.8
Adobe,CVE-2016-7869,6.8
Adobe,CVE-2016-7870,6.8
Adobe,CVE-2016-7867,6.8
Adobe,CVE-2016-7875,6.8
Adobe,CVE-2016-7878,6.8
Adobe,CVE-2016-7879,6.8
Attachmate,CVE-2016-5765,5.0
Dell,,10.0
Hewlett Packard Enterprise,CVE-2016-8511,7.5
Moxa,CVE-2016-8360,7.6
Foxit,,4.3
Foxit,,6.8
Foxit,,4.3
Foxit,,4.3
Foxit,,6.8
Apple,CVE-2016-4709,4.4
Apple,CVE-2016-4710,4.4
CA,CVE-2016-9164,5.0
CA,CVE-2016-9165,5.0
CA,CVE-2016-5803,7.8
IBHsoftec,CVE-2016-8364,9.3
Adobe,CVE-2016-7862,6.8
Adobe,CVE-2016-7859,6.8
Adobe,CVE-2016-7860,6.8
Adobe,CVE-2016-7861,6.8
Adobe,CVE-2016-7863,6.8
Adobe,CVE-2016-7865,6.8
Adobe,CVE-2016-7864,6.8
Adobe,CVE-2016-7857,6.8
Adobe,CVE-2016-7858,6.8
Microsoft,CVE-2016-7246,6.9
Microsoft,CVE-2016-7202,6.8
Microsoft,CVE-2016-7215,7.2
Adobe,CVE-2016-6938,6.8
Apple,CVE-2016-4677,6.8
Apple,CVE-2016-4678,6.9
Hewlett Packard Enterprise,CVE-2016-4396,10.0
Hewlett Packard Enterprise,CVE-2016-4395,10.0
Foxit,,4.3
Foxit,,6.8
Foxit,,6.8
Foxit,,6.8
Foxit,,6.8
Foxit,,4.3
Foxit,,4.3
Foxit,,4.3
Foxit,,6.8
Foxit,,6.8
Foxit,,4.3
Foxit,,6.8
Adobe,CVE-2016-6937,4.3
Adobe,CVE-2016-7854,4.3
Oracle,CVE-2016-5535,7.5
Oracle,CVE-2016-5568,6.8
Novell,CVE-2016-1000031,7.5
Adobe,CVE-2016-6987,6.8
Adobe,CVE-2016-6986,5.1
Adobe,CVE-2016-6975,6.8
Adobe,CVE-2016-6972,6.8
Adobe,CVE-2016-6941,4.3
Adobe,CVE-2016-6940,4.3
Adobe,CVE-2016-6969,6.8
Adobe,CVE-2016-6973,6.8
Adobe,CVE-2016-6971,6.8
Adobe,CVE-2016-6953,6.8
Adobe,CVE-2016-6952,6.8
Adobe,CVE-2016-6951,6.8
Adobe,CVE-2016-6950,4.3
Adobe,CVE-2016-6988,6.8
Adobe,CVE-2016-6947,6.8
Adobe,CVE-2016-6946,6.8
Adobe,CVE-2016-6942,6.8
Adobe,CVE-2016-6968,6.8
Adobe,CVE-2016-6967,6.8
Adobe,CVE-2016-6966,6.8
Adobe,CVE-2016-6965,6.8
Adobe,CVE-2016-6964,6.8
Adobe,CVE-2016-6963,6.8
Adobe,CVE-2016-6962,6.8
Adobe,CVE-2016-6961,6.8
Adobe,CVE-2016-6979,6.8
Adobe,CVE-2016-6977,6.8
Adobe,CVE-2016-6976,6.8
Adobe,CVE-2016-6974,6.8
Adobe,CVE-2016-6960,6.8
Adobe,CVE-2016-6959,6.8
Adobe,CVE-2016-6978,6.8
Adobe,CVE-2016-6945,6.8
Adobe,CVE-2016-6944,6.8
Microsoft,CVE-2016-3386,7.5
Microsoft,CVE-2016-3384,5.1
Microsoft,CVE-2016-3383,6.8
Microsoft,CVE-2016-3382,6.8
VMware,CVE-2016-7087,5.8
Trend Micro,,6.9
Trend Micro,,6.9
Adobe,CVE-2016-6980,4.3
Apple,CVE-2016-4768,6.8
Google,,6.8
Fatek Automation,,6.8
Google,,6.8
Hewlett Packard Enterprise,CVE-2016-4385,7.5
Apple,CVE-2016-4727,6.9
Apple,CVE-2016-4697,6.9
Apple,CVE-2016-4700,6.9
Apple,CVE-2016-4699,6.9
Rockwell Automation,CVE-2016-5814,6.8
AlienVault,,10.0
Adobe,CVE-2016-4276,5.1
Adobe,CVE-2016-4279,6.8
Microsoft,CVE-2016-3377,6.8
Microsoft,CVE-2016-3247,2.6
Microsoft,CVE-2016-3376,4.3
Microsoft,CVE-2016-3295,6.8
Microsoft,CVE-2016-3292,6.9
Microsoft,CVE-2016-3294,6.8
Microsoft,CVE-2016-3365,6.8
Microsoft,CVE-2016-3354,4.9
Microsoft,CVE-2016-3353,6.8
AlienVault,,10.0
AlienVault,,7.5
Bitdefender,,6.6
Bitdefender,,6.9
Google,CVE-2016-5161,4.3
Joyent,,4.7
Joyent,,6.9
Joyent,,4.7
Apple,CVE-2016-1820,6.9
Apple,CVE-2016-4648,6.9
Apple,CVE-2016-1808,6.9
Apple,CVE-2016-4650,6.9
Adobe,CVE-2016-4270,4.3
Adobe,CVE-2016-4268,4.3
Adobe,CVE-2016-4269,4.3
Adobe,CVE-2016-4267,4.3
Adobe,CVE-2016-4266,4.3
Adobe,CVE-2016-4265,4.3
AVG,,6.9
Apple,CVE-2016-4622,7.5
Apple,CVE-2016-4622,7.5
AVG,,6.6
AVG,,6.8
Samsung,,10.0
Samsung,,10.0
Samsung,,8.5
ABB,,6.8
Siemens,CVE-2016-6486,7.2
PCRE,CVE-2016-3191,5.1
Foxit,,4.3
Foxit,,6.8
Foxit,,4.3
Foxit,,4.3
Foxit,,6.8
Foxit,,6.8
Foxit,,6.8
Foxit,,6.8
Foxit,,6.8
Foxit,,6.8
Joyent,,6.9
Joyent,,4.7
Joyent,,6.9
Moxa,CVE-2016-5792,9.3
Trend Micro,,4.3
Trend Micro,,4.0
Trend Micro,,4.0
Trend Micro,,4.0
Trend Micro,,4.0
Trend Micro,,4.0
Trend Micro,,6.5
Trend Micro,,6.5
Microsoft,CVE-2016-3289,6.8
Microsoft,CVE-2016-3308,6.9
Microsoft,CVE-2016-3326,4.3
Microsoft,CVE-2016-3318,6.8
Microsoft,CVE-2016-3322,6.8
Microsoft,CVE-2016-3309,6.9
Oracle,CVE-2016-3587,6.8
Oracle,CVE-2016-3606,6.8
Oracle,CVE-2016-3598,6.8
Oracle,CVE-2016-3610,6.8
Oracle,CVE-2016-3499,7.5
Oracle,CVE-2016-3510,7.5
Oracle,CVE-2016-3607,7.5
Oracle,CVE-2016-3586,7.5
Schneider Electric,CVE-2016-4529,7.5
Apple,CVE-2016-4646,4.3
Apple,CVE-2016-4647,6.9
Apple,CVE-2016-4647,6.9
Apple,CVE-2016-4653,6.9
Apple,CVE-2016-4640,4.4
Apple,CVE-2016-4633,6.9
Apple,CVE-2016-4641,4.4
Apple,CVE-2016-4652,3.3
Apple,CVE-2016-4639,4.4
Foxit,,4.3
Advantech,CVE-2016-5810,6.8
Adobe,CVE-2016-4224,6.8
Adobe,CVE-2016-4225,6.8
Adobe,CVE-2016-4174,6.8
Adobe,CVE-2016-4222,6.8
Adobe,CVE-2016-4223,6.8
Adobe,CVE-2016-4191,4.3
Adobe,CVE-2016-4198,6.8
Adobe,CVE-2016-4251,4.3
Adobe,CVE-2016-4255,6.8
Adobe,CVE-2016-4200,6.8
Adobe,CVE-2016-4195,6.8
Adobe,CVE-2016-4199,6.8
Adobe,CVE-2016-4196,6.8
Adobe,CVE-2016-4197,6.8
Adobe,CVE-2016-4202,6.8
Microsoft,CVE-2016-3271,5.0
Microsoft,CVE-2016-3264,6.8
Microsoft,CVE-2016-3246,5.1
Microsoft,CVE-2016-3242,6.8
Microsoft,CVE-2016-3241,6.8
Eaton,CVE-2016-4509,6.8
Eaton,CVE-2016-4512,7.5
Novell,CVE-2016-1605,6.8
Trihedral Engineering Ltd,CVE-2016-4523,7.5
Trihedral Engineering Ltd,CVE-2016-4510,5.0
Trihedral Engineering Ltd,CVE-2016-4532,5.0
Foxit,,4.3
Foxit,,6.8
Foxit,,6.8
Foxit,,4.3
Foxit,,4.3
Foxit,,6.8
Foxit,,6.8
Foxit,,4.3
Foxit,,6.8
Foxit,,6.8
Foxit,,6.8
Foxit,,6.8
WECON,,7.2
WECON,,7.2
WECON,,7.2
WECON,,7.2
WECON,,7.2
WECON,,7.2
WECON,,7.2
WECON,,7.2
WECON,,7.2
WECON,,7.2
WECON,,7.2
WECON,,7.2
WECON,,7.2
WECON,,7.2
Oracle,CVE-2016-3443,6.8
Unitronics,CVE-2016-4519,6.8
SolarWinds,,10.0
Trend Micro,CVE-2016-5840,9.0
Microsoft,CVE-2016-3231,6.9
Microsoft,CVE-2016-3222,6.8
Microsoft,CVE-2016-3215,4.3
Microsoft,CVE-2016-3203,4.3
Microsoft,CVE-2016-3199,6.8
Microsoft,CVE-2016-3199,6.8
Microsoft,CVE-2016-3211,6.9
Microsoft,CVE-2016-0200,6.8
Hewlett Packard Enterprise,CVE-2016-4360,8.5
Hewlett Packard Enterprise,CVE-2016-4359,7.5
Eclipse,CVE-2016-4800,7.5
Apple,CVE-2016-1796,6.8
Apple,CVE-2016-1797,4.6
Adobe,CVE-2016-1094,6.8
Apple,CVE-2016-1804,4.4
Apache,CVE-2016-3088,7.5
Apache,CVE-2016-3088,7.5
Microsoft,CVE-2016-0186,6.8
ActivePDF,,6.8
BitTorrent,,6.8
Apple,CVE-2016-1859,6.8
Trend Micro,,7.5
Trend Micro,,7.5
Trend Micro,,7.5
Trend Micro,,9.0
Apple,CVE-2016-1820,6.9
Apple,CVE-2016-1806,7.2
Apple,CVE-2016-1815,6.9
Apple,CVE-2016-1826,6.9
Apple,CVE-2016-1857,6.8
Apple,CVE-2016-1856,6.8
Apple,CVE-2016-1854,6.8
Apple,CVE-2016-1817,6.9
Apple,CVE-2016-1803,6.9
Microsoft,CVE-2016-0186,6.8
Panasonic,CVE-2016-4496,4.4
Panasonic,CVE-2016-4496,4.4
Panasonic,CVE-2016-4496,4.4
Panasonic,CVE-2016-4497,4.4
Panasonic,CVE-2016-4496,4.4
Panasonic,CVE-2016-4498,4.4
Panasonic,CVE-2016-4499,6.8
Panasonic,CVE-2016-4499,6.8
Adobe,CVE-2016-1095,4.3
Adobe,CVE-2016-1094,6.8
Adobe,CVE-2016-1080,4.3
Adobe,CVE-2016-1079,4.3
Adobe,CVE-2016-1078,4.3
Adobe,CVE-2016-1076,4.3
Adobe,CVE-2016-1075,6.8
Adobe,CVE-2016-1074,6.8
Adobe,CVE-2016-1073,6.8
Adobe,CVE-2016-1072,4.3
Adobe,CVE-2016-1071,4.3
Adobe,CVE-2016-1070,6.8
Adobe,CVE-2016-1069,6.8
Adobe,CVE-2016-1068,6.8
Adobe,CVE-2016-1067,6.8
Apple,CVE-2016-1766,10.0
Adobe,CVE-2016-1066,6.8
Adobe,CVE-2016-1065,6.8
Adobe,CVE-2016-1063,6.8
Adobe,CVE-2016-1062,6.8
Adobe,CVE-2016-1061,6.8
Adobe,CVE-2016-1060,6.8
Adobe,CVE-2016-1059,6.8
Adobe,CVE-2016-1058,6.8
Adobe,CVE-2016-1057,6.8
Adobe,CVE-2016-1056,6.8
Adobe,CVE-2016-1055,6.8
Adobe,CVE-2016-1054,6.8
Adobe,CVE-2016-1053,6.8
Adobe,CVE-2016-1052,6.8
Adobe,CVE-2016-1051,6.8
Adobe,CVE-2016-1050,6.8
Adobe,CVE-2016-1049,6.8
Adobe,CVE-2016-1048,6.8
Adobe,CVE-2016-1047,6.8
Adobe,CVE-2016-1046,6.8
Adobe,CVE-2016-1045,6.8
Adobe,CVE-2016-1038,6.8
Adobe,CVE-2016-1044,6.8
Adobe,CVE-2016-1039,6.8
Adobe,CVE-2016-1040,6.8
Adobe,CVE-2016-1041,6.8
Adobe,CVE-2016-1042,6.8
Adobe,CVE-2016-1043,6.8
Adobe,CVE-2016-1117,6.8
Microsoft,CVE-2016-0176,6.9
Microsoft,CVE-2016-0193,6.8
Microsoft,CVE-2016-0191,6.8
Microsoft,CVE-2016-0175,6.9
Microsoft,CVE-2016-0174,4.9
Microsoft,CVE-2016-0173,6.6
Microsoft,CVE-2016-0196,6.9
Microsoft,CVE-2016-0185,6.8
Microsoft,CVE-2016-0192,5.1
Microsoft,CVE-2016-0194,4.7
Joyent,,3.8
Adobe,CVE-2016-1111,6.8
SolarWinds,CVE-2016-4350,10.0
SolarWinds,CVE-2016-4350,10.0
SolarWinds,CVE-2016-4350,10.0
SolarWinds,CVE-2016-4350,10.0
SolarWinds,CVE-2016-4350,10.0
SolarWinds,CVE-2016-4350,10.0
SolarWinds,CVE-2016-4350,10.0
SolarWinds,CVE-2016-4350,10.0
SolarWinds,CVE-2016-4350,10.0
SolarWinds,CVE-2016-4350,10.0
SolarWinds,CVE-2016-4350,10.0
SolarWinds,CVE-2016-4350,10.0
SolarWinds,CVE-2016-4350,10.0
SolarWinds,CVE-2016-4350,10.0
SolarWinds,CVE-2016-4350,10.0
SolarWinds,CVE-2016-4350,10.0
SolarWinds,CVE-2016-4350,10.0
SolarWinds,CVE-2016-4350,10.0
SolarWinds,CVE-2016-4350,10.0
SolarWinds,CVE-2016-4350,10.0
SolarWinds,CVE-2016-4350,10.0
SolarWinds,CVE-2016-4350,10.0
SolarWinds,CVE-2016-4350,10.0
SolarWinds,CVE-2016-4350,10.0
Trend Micro,CVE-2016-4351,7.5
Hewlett Packard Enterprise,CVE-2016-2007,10.0
Hewlett Packard Enterprise,CVE-2016-2006,10.0
Hewlett Packard Enterprise,CVE-2016-2005,10.0
Hewlett Packard Enterprise,CVE-2016-2002,10.0
Google,CVE-2016-1651,4.3
Apple,,6.8
Apple,,6.8
Ecava,CVE-2016-2299,7.5
Ecava,CVE-2016-2299,7.5
Ecava,CVE-2016-2299,7.5
Ecava,CVE-2016-2299,7.5
Ecava,CVE-2016-2299,7.5
Adobe,CVE-2016-1034,6.8
Microsoft,CVE-2016-0148,7.5
Microsoft,CVE-2016-0158,7.5
Microsoft,CVE-2016-0157,6.8
Microsoft,CVE-2016-0159,6.8
Microsoft,CVE-2016-0166,6.8
Microsoft,CVE-2015-6065,6.8
Adobe,CVE-2016-1018,6.8
Adobe,CVE-2016-1015,6.8
Adobe,CVE-2016-1016,6.8
Adobe,CVE-2016-1017,6.8
Google,CVE-2016-1649,6.8
HID,,10.0
Foxit,,6.8
Foxit,CVE-2016-4059,6.8
Foxit,CVE-2016-4063,6.8
Foxit,CVE-2016-4063,6.8
Foxit,CVE-2016-4065,4.3
Foxit,CVE-2016-4065,4.3
Foxit,CVE-2016-4065,4.3
Foxit,CVE-2016-4064,6.8
Foxit,,6.8
Foxit,,6.8
Foxit,,6.8
Foxit,,6.8
IBM,CVE-2016-0226,6.8
IBM,CVE-2016-0226,6.8
IBM,CVE-2016-0226,6.8
Apple,CVE-2016-1753,6.9
Apple,CVE-2016-1749,6.9
Apple,CVE-2016-1747,6.9
Apple,CVE-2016-1775,6.8
Apple,CVE-2016-1761,6.8
Apple,CVE-2016-1746,6.9
Apple,CVE-2016-1740,6.8
Apple,CVE-2016-1778,6.8
Mozilla,CVE-2016-1961,6.8
Mozilla,CVE-2016-1960,6.8
Google,CVE-2016-1645,6.8
Microsoft,CVE-2016-0095,7.2
Microsoft,,6.4
Adobe,CVE-2016-0994,6.8
Adobe,CVE-2016-0996,6.8
Adobe,CVE-2016-1005,6.8
Adobe,CVE-2016-1009,6.8
Adobe,CVE-2016-1008,7.5
Adobe,CVE-2016-1007,6.8
Microsoft,CVE-2016-0112,4.3
Microsoft,CVE-2016-0114,6.8
Microsoft,CVE-2016-0113,6.8
Microsoft,CVE-2016-0112,6.8
Microsoft,CVE-2016-0109,5.1
Microsoft,CVE-2016-0107,6.8
Microsoft,CVE-2016-0091,6.8
Microsoft,CVE-2016-0092,6.8
Microsoft,CVE-2016-0106,4.3
Microsoft,CVE-2016-0106,4.3
Microsoft,CVE-2016-0123,6.8
Microsoft,CVE-2016-0118,5.1
SAP,CVE-2016-2536,6.8
SAP,CVE-2016-2536,6.8
SAP,CVE-2016-2536,6.8
SAP,CVE-2016-2536,6.8
Google,CVE-2016-1628,6.8
Google,CVE-2016-1626,6.8
Joyent,,6.9
Joyent,,6.9
Joyent,,6.9
Novell,CVE-2015-5970,5.0
Microsoft,CVE-2016-0063,6.8
Microsoft,CVE-2016-0060,5.1
SonicWALL,CVE-2016-2396,9.0
SonicWALL,CVE-2016-2397,10.0
Microsoft,CVE-2016-0061,6.8
Adobe,CVE-2016-0973,6.8
Adobe,CVE-2016-0975,6.8
Microsoft,CVE-2016-0060,6.8
Microsoft,CVE-2016-0062,6.8
Microsoft,CVE-2016-0072,6.8
Microsoft,CVE-2016-0046,6.8
Advantech,,6.8
Advantech,,9.3
Advantech,,9.3
Advantech,,9.3
Advantech,,9.3
Advantech,,9.3
Advantech,,9.3
Advantech,,9.3
Advantech,,9.3
Advantech,,9.3
Advantech,,9.3
Advantech,,9.3
Advantech,,9.3
Advantech,,9.3
Advantech,,9.3
Advantech,,9.3
Advantech,,9.3
Advantech,,9.3
Advantech,,9.3
Advantech,,9.3
Advantech,,9.3
Advantech,,9.3
Advantech,,9.3
Advantech,,9.3
Advantech,,9.3
Advantech,,9.3
Advantech,CVE-2016-0854,10.0
Advantech,CVE-2016-0854,10.0
Advantech,CVE-2016-0854,10.0
Advantech,CVE-2016-0855,7.8
Advantech,CVE-2016-0855,7.8
Advantech,CVE-2016-0855,7.8
Advantech,CVE-2016-0855,7.8
Advantech,CVE-2016-0855,7.8
Advantech,CVE-2016-0857,9.3
Advantech,CVE-2016-0856,9.3
Advantech,CVE-2016-0857,9.3
Advantech,CVE-2016-0856,9.3
Advantech,CVE-2016-0856,9.3
Advantech,CVE-2016-0856,9.3
Advantech,CVE-2016-0856,9.3
Advantech,CVE-2016-0856,9.3
Advantech,CVE-2016-0856,9.3
Advantech,CVE-2016-0856,9.3
Advantech,CVE-2016-0856,9.3
Advantech,CVE-2016-0856,9.3
Advantech,CVE-2016-0856,9.3
Advantech,CVE-2016-0856,9.3
Advantech,CVE-2016-0857,9.3
Advantech,CVE-2016-0856,9.3
Advantech,CVE-2016-0858,9.3
Advantech,CVE-2016-0859,9.3
Advantech,CVE-2016-0856,9.3
Advantech,CVE-2016-0856,9.3
Advantech,CVE-2016-0856,9.3
Advantech,CVE-2016-0856,9.3
Advantech,CVE-2016-0856,9.3
Advantech,CVE-2016-0856,9.3
Advantech,CVE-2016-0856,9.3
Advantech,CVE-2016-0856,9.3
Advantech,CVE-2016-0856,9.3
Advantech,CVE-2016-0856,9.3
Advantech,CVE-2016-0856,9.3
Advantech,CVE-2016-0856,9.3
Advantech,CVE-2016-0856,9.3
Advantech,CVE-2016-0856,9.3
Advantech,CVE-2016-0856,9.3
Advantech,CVE-2016-0856,9.3
Advantech,CVE-2016-0856,9.3
Advantech,CVE-2016-0856,9.3
Advantech,CVE-2016-0856,9.3
Advantech,CVE-2016-0856,9.3
Advantech,CVE-2016-0856,9.3
Advantech,CVE-2016-0856,9.3
Advantech,CVE-2016-0856,9.3
Advantech,CVE-2016-0856,9.3
Advantech,CVE-2016-0856,9.3
Advantech,CVE-2016-0856,9.3
Advantech,CVE-2016-0856,9.3
Advantech,CVE-2016-0856,9.3
Advantech,CVE-2016-0856,9.3
Advantech,CVE-2016-0860,9.3
Advantech,CVE-2016-0856,9.3
Advantech,CVE-2016-0856,9.3
Advantech,CVE-2016-0856,9.3
Advantech,CVE-2016-0856,9.3
Advantech,CVE-2016-0856,9.3
Advantech,CVE-2016-0857,9.3
Advantech,CVE-2016-0857,9.3
Advantech,CVE-2016-0857,9.3
Advantech,CVE-2016-0857,9.3
Advantech,CVE-2016-0857,9.3
Advantech,CVE-2016-0856,9.3
Advantech,CVE-2016-0856,9.3
Advantech,CVE-2016-0856,9.3
Advantech,CVE-2016-0856,9.3
Advantech,CVE-2016-0856,9.3
Advantech,CVE-2016-0860,9.3
Advantech,CVE-2016-0856,9.3
Advantech,CVE-2016-0856,9.3
Advantech,CVE-2016-0856,9.3
Advantech,CVE-2016-0856,9.3
Advantech,CVE-2016-0856,9.3
Advantech,CVE-2016-0851,9.3
Advantech,CVE-2016-0856,9.3
Advantech,CVE-2016-0856,9.3
Advantech,CVE-2016-0856,9.3
Advantech,CVE-2016-0856,9.3
Oracle,CVE-2016-0491,9.0
Oracle,CVE-2016-0485,7.8
Oracle,CVE-2016-0476,7.8
Oracle,CVE-2016-0481,7.8
Oracle,CVE-2016-0480,7.8
Oracle,CVE-2016-0492,7.5
Oracle,CVE-2016-0477,7.8
Oracle,CVE-2016-0486,7.8
Oracle,CVE-2016-0490,10.0
Oracle,CVE-2016-0489,9.0
Oracle,CVE-2016-0482,7.8
Oracle,CVE-2016-0478,7.8
Oracle,CVE-2016-0488,7.5
Oracle,CVE-2016-0484,7.8
Oracle,CVE-2016-0487,7.5
Oracle,CVE-2016-0483,6.8
Foxit,,6.8
Foxit,,6.8
Foxit,,6.8
Foxit,,6.8
Foxit,,6.8
Foxit,,6.8
Foxit,,6.8
Foxit,,6.8
Oracle,CVE-2016-0452,10.0
Oracle,CVE-2016-0451,10.0
Oracle,CVE-2016-0450,5.0
Apple,CVE-2016-1718,6.9
Microsoft,CVE-2016-0003,4.3
Microsoft,CVE-2016-0020,4.4
Adobe,CVE-2016-0935,6.8
Adobe,CVE-2016-0934,6.8
Adobe,CVE-2016-0939,6.8
Adobe,CVE-2016-0936,6.8
Adobe,CVE-2016-0938,6.8
Adobe,CVE-2016-0943,6.8
Adobe,CVE-2016-0937,6.8
Adobe,CVE-2016-0941,6.8
Adobe,CVE-2016-0931,6.8
Adobe,CVE-2016-0932,6.8
McAfee,CVE-2016-1715,6.6
Proface,,6.8
Proface,,4.3
Proface,,4.3
Proface,,6.8
Apple,CVE-2015-7092,7.5
Unitronics,CVE-2015-7939,9.3
Huawei,CVE-2017-15316,6.9
Microsoft,CVE-2017-11889,6.8
Microsoft,CVE-2017-11837,6.8
Microsoft,CVE-2017-11835,2.6
Adobe,CVE-2017-11308,6.8
Adobe,CVE-2017-11240,2.6
Adobe,CVE-2017-11307,2.6
Microsoft,CVE-2017-11835,2.6
Symantec,CVE-2017-15532,4.0
QNAP,CVE-2017-17032,10.0
QNAP,CVE-2017-17033,10.0
QNAP,CVE-2017-17031,10.0
QNAP,CVE-2017-17030,10.0
QNAP,CVE-2017-17029,10.0
QNAP,CVE-2017-17028,10.0
QNAP,CVE-2017-17027,10.0
Wecon,CVE-2017-16717,6.8
Ecava,CVE-2017-16735,5.0
Ecava,CVE-2017-16733,5.0
Adobe,CVE-2017-11213,6.8
Adobe,CVE-2017-3114,6.8
Adobe,CVE-2017-3112,6.8
Quest,CVE-2017-17659,7.5
Quest,CVE-2017-17658,7.5
Quest,CVE-2017-17657,7.5
Quest,CVE-2017-17656,7.5
Quest,CVE-2017-17655,7.5
Quest,CVE-2017-17654,7.5
Quest,CVE-2017-17653,10.0
Quest,CVE-2017-17652,7.5
Quest,CVE-2017-17425,7.5
Quest,CVE-2017-17421,7.5
Quest,CVE-2017-17420,7.5
Quest,CVE-2017-17419,7.5
Quest,CVE-2017-17418,7.5
Quest,CVE-2017-17417,7.5
Quest,CVE-2017-17416,7.5
Quest,CVE-2017-17415,7.5
Quest,CVE-2017-17414,7.5
Quest,CVE-2017-17413,7.5
Quest,CVE-2017-17424,7.5
Quest,CVE-2017-17423,7.5
Quest,CVE-2017-17422,7.5
Quest,CVE-2017-17412,7.5
Linksys,CVE-2017-17411,10.0
Trend Micro,CVE-2017-14082,6.4
NetGain Systems,CVE-2017-16606,9.0
NetGain Systems,CVE-2017-16605,7.5
NetGain Systems,CVE-2017-16604,7.5
NetGain Systems,CVE-2017-16603,9.0
NetGain Systems,CVE-2017-16602,9.0
NetGain Systems,CVE-2017-16601,7.5
NetGain Systems,CVE-2017-16600,7.5
NetGain Systems,CVE-2017-16599,9.4
NetGain Systems,CVE-2017-16598,9.0
NetGain Systems,CVE-2017-16597,10.0
NetGain Systems,CVE-2017-16596,7.8
NetGain Systems,CVE-2017-16595,7.8
NetGain Systems,CVE-2017-16594,9.3
NetGain Systems,CVE-2017-16593,7.8
NetGain Systems,CVE-2017-16592,7.8
NetGain Systems,CVE-2017-16591,7.8
NetGain Systems,CVE-2017-16590,7.8
NetGain Systems,CVE-2017-17407,7.5
NetGain Systems,CVE-2017-17406,7.5
NetGain Systems,CVE-2017-16610,7.5
NetGain Systems,CVE-2017-16609,5.0
NetGain Systems,CVE-2017-16608,7.5
NetGain Systems,CVE-2017-16607,5.0
Microsoft,CVE-2017-11901,7.5
Microsoft,CVE-2017-11913,4.3
Microsoft,CVE-2017-11887,5.0
Microsoft,CVE-2017-11887,4.3
Bitdefender,CVE-2017-17410,6.8
Bitdefender,CVE-2017-17409,6.8
Bitdefender,CVE-2017-17408,6.8
Adobe,CVE-2017-11250,4.3
Advantech,CVE-2017-12719,6.8
Advantech,CVE-2017-12719,6.8
Advantech,CVE-2017-14016,6.8
Cisco,CVE-2017-12371,6.8
Cisco,CVE-2017-12370,6.8
Cisco,CVE-2017-12370,6.8
Cisco,CVE-2017-12370,6.8
Cisco,CVE-2017-12372,6.8
Cisco,CVE-2017-12371,6.8
Cisco,CVE-2017-12371,6.8
Cisco,CVE-2017-12371,6.8
Microsoft,CVE-2017-11884,6.8
Microsoft,CVE-2017-11812,7.5
Adobe,CVE-2017-16369,4.3
Adobe,CVE-2017-11304,4.3
Apple,CVE-2017-13833,4.4
Apple,CVE-2017-13829,4.4
systemd,CVE-2017-15908,7.8
ThinPrint,CVE-2017-4935,6.2
VMware,CVE-2017-4934,6.2
Apple,CVE-2017-13793,6.8
EMC,CVE-2017-14375,4.3
Cisco,CVE-2017-12285,6.4
Microsoft,CVE-2017-11851,5.4
Microsoft,CVE-2017-11869,6.8
Microsoft,CVE-2017-11878,5.1
Microsoft,CVE-2017-11856,7.5
Microsoft,CVE-2017-8595,6.8
Microsoft,CVE-2017-11858,5.1
Microsoft,CVE-2017-11847,7.2
Adobe,CVE-2017-16402,4.3
Adobe,CVE-2017-16400,4.3
Adobe,CVE-2017-16401,4.3
Adobe,CVE-2017-16404,6.8
Adobe,CVE-2017-16403,4.3
Adobe,CVE-2017-16382,4.3
Adobe,CVE-2017-16385,6.8
Adobe,CVE-2017-16381,6.8
Adobe,CVE-2017-16386,4.3
Adobe,CVE-2017-16384,4.3
Adobe,CVE-2017-16383,6.8
Adobe,CVE-2017-16387,4.3
Foxit,CVE-2017-16587,6.8
Foxit,CVE-2017-16586,6.8
Foxit,CVE-2017-16585,6.8
Foxit,CVE-2017-16584,4.3
Foxit,CVE-2017-16583,6.8
Foxit,CVE-2017-16582,6.8
Foxit,CVE-2017-16581,6.8
Foxit,CVE-2017-16580,4.3
Foxit,CVE-2017-16579,4.3
Foxit,CVE-2017-16578,6.8
Foxit,CVE-2017-16577,6.8
Foxit,CVE-2017-16576,6.8
Foxit,CVE-2017-16575,6.8
Foxit,CVE-2017-16574,4.3
Foxit,CVE-2017-16573,4.3
Foxit,CVE-2017-16572,6.8
Foxit,CVE-2017-16571,6.8
Foxit,CVE-2017-14837,6.8
Foxit,CVE-2017-14836,6.8
Foxit,CVE-2017-14835,6.8
Foxit,CVE-2017-14834,6.8
Foxit,CVE-2017-14833,6.8
Foxit,CVE-2017-14832,6.8
Foxit,CVE-2017-14831,6.8
Foxit,CVE-2017-14830,6.8
Foxit,CVE-2017-14829,6.8
Foxit,CVE-2017-14828,6.8
Foxit,CVE-2017-14827,6.8
Foxit,CVE-2017-14826,6.8
Foxit,CVE-2017-14825,6.8
Foxit,CVE-2017-14824,6.8
Foxit,CVE-2017-14823,6.8
Foxit,CVE-2017-14822,4.3
Foxit,CVE-2017-14821,4.3
Foxit,CVE-2017-14820,4.3
Foxit,CVE-2017-14819,4.3
Foxit,CVE-2017-14818,4.3
Foxit,CVE-2017-10959,6.8
Foxit,CVE-2017-10958,6.8
Foxit,CVE-2017-10957,6.8
Foxit,CVE-2017-10956,4.3
Foxit,CVE-2017-16589,4.3
Foxit,CVE-2017-16588,4.3
Hewlett Packard Enterprise,CVE-2017-8962,9.0
Hewlett Packard Enterprise,CVE-2017-8963,9.0
Hewlett Packard Enterprise,CVE-2017-8964,9.0
Hewlett Packard Enterprise,CVE-2017-8967,9.0
Hewlett Packard Enterprise,CVE-2017-8965,9.0
Hewlett Packard Enterprise,CVE-2017-8966,9.0
Hewlett Packard Enterprise,CVE-2017-8961,9.0
Microsoft,CVE-2017-11812,7.5
Microsoft,CVE-2017-11790,2.6
Microsoft,CVE-2017-11779,6.8
Microsoft,CVE-2017-8689,7.2
Microsoft,CVE-2017-11800,7.5
Microsoft,CVE-2017-11781,6.8
Microsoft,CVE-2017-11794,4.3
Microsoft,CVE-2017-11762,2.6
Microsoft,CVE-2017-8717,6.8
Microsoft,CVE-2017-8718,6.8
Microsoft,,5.0
Cisco,CVE-2017-12263,7.8
Hewlett Packard Enterprise,CVE-2017-12561,10.0
Hewlett Packard Enterprise,CVE-2017-12560,6.8
Hewlett Packard Enterprise,CVE-2017-12559,6.8
Hewlett Packard Enterprise,CVE-2017-12558,10.0
Hewlett Packard Enterprise,CVE-2017-12557,10.0
Hewlett Packard Enterprise,CVE-2017-12556,10.0
Hewlett Packard Enterprise,CVE-2017-12554,9.0
Trend Micro,CVE-2017-14088,6.9
Trend Micro,CVE-2017-14088,6.9
Dell EMC,CVE-2017-8007,9.0
Dell EMC,CVE-2017-8012,6.8
Hewlett Packard Enterprise,CVE-2017-14350,10.0
Apple,CVE-2017-7111,6.8
Apple,CVE-2017-7095,6.8
Apple,CVE-2017-7091,6.8
Apple,CVE-2017-7092,6.8
Apple,CVE-2017-7093,6.8
Eaton,,7.5
Eaton,,7.5
Eaton,,7.5
Eaton,,7.5
Eaton,,7.5
Eaton,,7.5
Eaton,,7.5
EMC,CVE-2017-10955,9.0
EMC,CVE-2017-8013,7.8
Trend Micro,CVE-2017-14078,9.0
Trend Micro,CVE-2017-14078,9.0
Trend Micro,CVE-2017-14078,9.0
Trend Micro,CVE-2017-14079,6.5
Trend Micro,CVE-2017-14078,10.0
Trend Micro,CVE-2017-14078,10.0
Trend Micro,CVE-2017-14078,10.0
Trend Micro,CVE-2017-14078,10.0
Trend Micro,CVE-2017-14078,10.0
Trend Micro,CVE-2017-14078,10.0
Trend Micro,CVE-2017-14078,10.0
Trend Micro,CVE-2017-14078,9.0
Trend Micro,CVE-2017-14078,9.0
Trend Micro,CVE-2017-14078,9.0
Trend Micro,CVE-2017-14078,9.0
Trend Micro,CVE-2017-14078,9.0
Trend Micro,CVE-2017-14078,10.0
Trend Micro,CVE-2017-14078,10.0
Trend Micro,CVE-2017-14078,10.0
Trend Micro,CVE-2017-14078,9.0
Trend Micro,CVE-2017-14079,6.5
Trend Micro,CVE-2017-14079,6.5
Trend Micro,CVE-2017-14078,10.0
Trend Micro,CVE-2017-14078,10.0
Trend Micro,CVE-2017-14078,9.0
Trend Micro,CVE-2017-14079,6.5
Trend Micro,CVE-2017-14078,9.0
Trend Micro,CVE-2017-14078,9.0
Trend Micro,CVE-2017-14078,9.0
Trend Micro,CVE-2017-14078,9.0
Trend Micro,CVE-2017-14078,9.0
Trend Micro,CVE-2017-14078,9.0
Trend Micro,CVE-2017-14078,9.0
Trend Micro,CVE-2017-14078,9.0
Trend Micro,CVE-2017-14078,9.0
Trend Micro,CVE-2017-14078,9.0
Trend Micro,CVE-2017-14081,6.5
Trend Micro,CVE-2017-14078,9.0
Trend Micro,CVE-2017-14078,9.0
Trend Micro,CVE-2017-14078,9.0
Trend Micro,CVE-2017-14078,9.0
Trend Micro,CVE-2017-14078,9.0
Trend Micro,CVE-2017-14078,9.0
Trend Micro,CVE-2017-14080,7.5
Trend Micro,CVE-2017-14078,9.0
Trend Micro,CVE-2017-14078,9.0
Trend Micro,CVE-2017-14078,9.0
Trend Micro,CVE-2017-14078,9.0
Trend Micro,CVE-2017-14078,9.0
Trend Micro,CVE-2017-14078,9.0
Trend Micro,CVE-2017-14078,9.0
Trend Micro,CVE-2017-14078,9.0
Trend Micro,CVE-2017-14078,9.0
Trend Micro,CVE-2017-14078,9.0
Trend Micro,CVE-2017-14078,9.0
Trend Micro,CVE-2017-14078,9.0
Trend Micro,CVE-2017-14078,9.0
Trend Micro,CVE-2017-14078,9.0
Trend Micro,CVE-2017-14081,6.5
Trend Micro,CVE-2017-14078,9.0
Trend Micro,CVE-2017-14078,9.0
Trend Micro,CVE-2017-14078,9.0
Trend Micro,CVE-2017-14078,9.0
Trend Micro,CVE-2017-14078,9.0
Trend Micro,CVE-2017-14078,9.0
Trend Micro,CVE-2017-14078,9.0
Trend Micro,CVE-2017-14078,9.0
Trend Micro,CVE-2017-14078,9.0
Trend Micro,CVE-2017-14078,9.0
Trend Micro,CVE-2017-14078,9.0
Trend Micro,CVE-2017-14078,9.0
Trend Micro,CVE-2017-14078,9.0
VMware,CVE-2017-4924,6.2
Trend Micro,CVE-2017-14078,9.0
Microsoft,CVE-2017-8738,7.5
Microsoft,CVE-2017-8720,1.2
Microsoft,CVE-2017-8692,4.3
Microsoft,CVE-2016-0165,6.2
Microsoft,CVE-2017-8743,6.8
Microsoft,CVE-2017-8738,7.5
Microsoft,CVE-2017-8744,6.8
Microsoft,CVE-2017-8728,6.8
Microsoft,CVE-2017-8737,4.3
Microsoft,CVE-2017-8631,6.8
Microsoft,CVE-2017-8750,6.8
Microsoft,CVE-2017-8661,4.3
Microsoft,CVE-2017-8676,2.6
EMC,CVE-2017-8015,6.8
Hewlett Packard Enterprise,CVE-2017-13983,6.8
Hewlett Packard Enterprise,CVE-2017-13985,6.8
Hewlett Packard Enterprise,CVE-2017-13984,6.8
Hewlett Packard Enterprise,CVE-2017-13982,9.0
Foxit,CVE-2017-10953,6.8
Bitdefender,CVE-2017-10954,9.3
Hewlett Packard Enterprise,CVE-2017-8994,7.5
Hewlett Packard Enterprise,CVE-2017-8994,7.5
Apple,CVE-2017-7071,6.8
Advantech,CVE-2017-12713,7.2
Advantech,CVE-2017-12710,9.4
EMC,CVE-2017-8003,6.8
EMC,CVE-2017-8002,6.8
EMC,CVE-2017-8002,6.8
EMC,CVE-2017-8002,6.8
Delta Industrial Automation,,6.8
Delta Industrial Automation,,6.8
Delta Industrial Automation,CVE-2018-7507,6.8
Delta Industrial Automation,CVE-2018-7507,5.1
Delta Industrial Automation,CVE-2018-7507,7.5
Delta Industrial Automation,CVE-2018-7507,7.5
Delta Industrial Automation,CVE-2018-7509,7.5
Delta Industrial Automation,CVE-2018-7509,7.5
Delta Industrial Automation,CVE-2018-7507,6.8
Delta Industrial Automation,CVE-2018-7494,7.5
Delta Industrial Automation,CVE-2018-7509,7.5
Microsoft,CVE-2017-8496,6.8
SpiderControl,CVE-2017-12694,7.8
SpiderControl,CVE-2017-12707,6.8
Bitdefender,CVE-2017-10950,6.2
Foxit,CVE-2017-10952,7.5
Foxit,CVE-2017-10951,6.8
Hewlett Packard Enterprise,CVE-2017-12526,9.0
Hewlett Packard Enterprise,CVE-2017-12525,9.0
Hewlett Packard Enterprise,CVE-2017-12524,9.0
Hewlett Packard Enterprise,CVE-2017-12523,9.0
Hewlett Packard Enterprise,CVE-2017-12522,9.0
Hewlett Packard Enterprise,CVE-2017-12521,9.0
Hewlett Packard Enterprise,CVE-2017-12520,9.0
Hewlett Packard Enterprise,CVE-2017-12519,9.0
Hewlett Packard Enterprise,CVE-2017-12518,9.0
Hewlett Packard Enterprise,CVE-2017-12517,9.0
Hewlett Packard Enterprise,CVE-2017-12515,9.0
Hewlett Packard Enterprise,CVE-2017-12514,9.0
Hewlett Packard Enterprise,CVE-2017-12513,9.0
Hewlett Packard Enterprise,CVE-2017-12512,9.0
Hewlett Packard Enterprise,CVE-2017-12510,9.0
Hewlett Packard Enterprise,CVE-2017-12511,9.0
Hewlett Packard Enterprise,CVE-2017-12499,9.0
Hewlett Packard Enterprise,CVE-2017-12509,9.0
Hewlett Packard Enterprise,CVE-2017-12508,9.0
Hewlett Packard Enterprise,CVE-2017-12516,9.0
Hewlett Packard Enterprise,CVE-2017-12507,9.0
Hewlett Packard Enterprise,CVE-2017-12506,9.0
Hewlett Packard Enterprise,CVE-2017-12505,9.0
Hewlett Packard Enterprise,CVE-2017-12504,9.0
Hewlett Packard Enterprise,CVE-2017-12503,9.0
Hewlett Packard Enterprise,CVE-2017-12502,9.0
Hewlett Packard Enterprise,CVE-2017-12501,9.0
Hewlett Packard Enterprise,CVE-2017-12500,9.0
Hewlett Packard Enterprise,CVE-2017-12498,9.0
Hewlett Packard Enterprise,CVE-2017-12497,9.0
Hewlett Packard Enterprise,CVE-2017-12496,9.0
Hewlett Packard Enterprise,CVE-2017-12495,9.0
Hewlett Packard Enterprise,CVE-2017-12494,9.0
Hewlett Packard Enterprise,CVE-2017-12493,9.0
Hewlett Packard Enterprise,CVE-2017-12492,9.0
Hewlett Packard Enterprise,CVE-2017-12491,9.0
Hewlett Packard Enterprise,CVE-2017-12490,9.0
Hewlett Packard Enterprise,CVE-2017-12489,9.0
Hewlett Packard Enterprise,CVE-2017-12488,9.0
Hewlett Packard Enterprise,CVE-2017-12487,9.0
Bitdefender,,6.8
Bitdefender,,6.8
Bitdefender,,6.8
Bitdefender,,6.8
Fuji Electric,CVE-2017-9662,4.4
Fuji Electric,CVE-2017-9660,6.8
Fuji Electric,CVE-2017-9659,6.8
Fuji Electric,CVE-2017-9659,6.8
Adobe,CVE-2017-11274,6.8
Microsoft,CVE-2017-8641,6.8
Microsoft,CVE-2017-8653,5.1
Microsoft,CVE-2017-8633,2.6
Microsoft,CVE-2017-0250,5.1
Microsoft,CVE-2017-8503,3.7
Microsoft,CVE-2017-0293,6.8
Microsoft,CVE-2017-8624,6.9
Adobe,CVE-2017-3085,4.3
Adobe,CVE-2017-11231,6.8
Adobe,CVE-2017-11265,4.3
Adobe,CVE-2017-11256,6.8
Adobe,CVE-2017-11255,4.3
Adobe,CVE-2017-11271,6.8
Adobe,CVE-2017-11256,6.8
Adobe,CVE-2017-11257,6.8
Adobe,CVE-2017-11261,6.8
Adobe,CVE-2017-11270,4.3
Adobe,CVE-2017-11259,6.8
Adobe,CVE-2017-11269,4.3
Adobe,CVE-2017-11268,4.3
Adobe,CVE-2017-11267,6.8
Adobe,CVE-2017-11259,6.8
Adobe,CVE-2017-11258,4.3
Adobe,CVE-2017-11261,6.8
Adobe,CVE-2017-11260,6.8
Adobe,CVE-2017-11233,4.3
Adobe,CVE-2017-11249,4.3
Adobe,CVE-2017-11232,6.8
Adobe,CVE-2017-11231,6.8
Adobe,CVE-2017-11252,4.3
Adobe,CVE-2017-11230,4.3
Adobe,CVE-2017-11228,6.8
Adobe,CVE-2017-11251,6.8
Adobe,CVE-2017-11244,4.3
Adobe,CVE-2017-11216,4.3
Adobe,CVE-2017-11227,4.3
Adobe,CVE-2017-11242,6.8
Adobe,CVE-2017-11248,4.3
Adobe,CVE-2017-11246,4.3
Adobe,CVE-2017-11245,4.3
Adobe,CVE-2017-11244,4.3
Adobe,CVE-2017-11243,4.3
Adobe,CVE-2017-3121,4.3
Adobe,CVE-2017-11242,4.3
Adobe,CVE-2017-11241,6.8
Adobe,CVE-2017-3122,4.3
Adobe,CVE-2017-11239,4.3
Adobe,CVE-2017-11239,4.3
Adobe,CVE-2017-11238,4.3
Adobe,CVE-2017-11237,4.3
Adobe,CVE-2017-11236,4.3
Adobe,CVE-2017-11235,6.8
Adobe,CVE-2017-11234,4.3
Adobe,CVE-2017-11223,6.8
Adobe,CVE-2017-11224,6.8
Adobe,CVE-2017-11217,4.3
Adobe,CVE-2017-11219,6.8
Adobe,CVE-2017-11216,6.8
Adobe,CVE-2017-3121,4.3
Adobe,CVE-2017-11214,4.3
Adobe,CVE-2017-3122,4.3
Adobe,CVE-2017-11212,6.8
Adobe,CVE-2017-11211,6.8
Adobe,CVE-2017-11210,4.3
Adobe,CVE-2017-11209,4.3
Adobe,CVE-2017-3124,6.8
Adobe,CVE-2017-3123,6.8
Adobe,CVE-2017-3122,4.3
Adobe,CVE-2017-3121,6.8
Adobe,CVE-2017-11218,6.8
Adobe,CVE-2017-3120,6.8
Adobe,CVE-2017-3115,4.3
Adobe,CVE-2017-3113,6.8
Adobe,CVE-2017-3091,4.3
Advantech,,7.5
Advantech,,7.5
Advantech,,7.5
Advantech,,7.5
Advantech,,7.5
Advantech,,7.5
Advantech,,7.5
Advantech,,7.5
Advantech,,7.5
Advantech,,7.5
Advantech,,7.5
Advantech,,7.5
Advantech,,7.5
Advantech,,7.5
Advantech,,7.5
Advantech,,7.5
Advantech,,7.5
Advantech,,7.5
Advantech,,7.5
Advantech,,7.5
Advantech,,7.5
Advantech,,7.5
Advantech,,7.5
Advantech,,7.5
Advantech,,7.5
Advantech,,7.5
Advantech,,7.5
Advantech,,7.5
Advantech,,7.5
Advantech,,7.5
Advantech,,7.5
Advantech,,7.5
Advantech,,7.5
Advantech,,7.5
Advantech,,7.5
Advantech,,7.5
Advantech,,7.5
Advantech,,7.5
Advantech,,7.5
Advantech,,7.5
Advantech,,7.5
Advantech,,7.5
Advantech,,7.5
Advantech,,5.0
Dell EMC,CVE-2017-10949,7.8
Trend Micro,CVE-2017-11393,9.0
Trend Micro,CVE-2017-11394,9.0
Eaton,,6.8
Eaton,,6.8
Mitsubishi Electric,CVE-2017-9636,9.3
Mitsubishi Electric,CVE-2017-9636,9.3
Mitsubishi Electric,CVE-2017-9638,9.3
Mitsubishi Electric,CVE-2017-9638,9.3
Mitsubishi Electric,CVE-2017-9638,9.3
Mitsubishi Electric,CVE-2017-9638,9.3
Mitsubishi Electric,CVE-2017-9636,9.3
Mitsubishi Electric,CVE-2017-9636,9.3
Mitsubishi Electric,CVE-2017-9636,9.3
Mitsubishi Electric,CVE-2017-9638,9.3
Mitsubishi Electric,CVE-2017-9638,9.3
Mitsubishi Electric,CVE-2017-9634,9.3
Mitsubishi Electric,CVE-2017-9634,9.3
Dell EMC,CVE-2017-8011,9.0
Trend Micro,CVE-2017-11392,6.5
Trend Micro,CVE-2017-11382,7.8
Trend Micro,CVE-2017-11391,6.5
Trend Micro,CVE-2017-11390,4.0
Trend Micro,CVE-2017-11389,6.8
Trend Micro,CVE-2017-11388,6.0
Trend Micro,CVE-2017-11388,6.0
Trend Micro,CVE-2017-11387,5.0
Trend Micro,CVE-2017-11386,7.8
Trend Micro,CVE-2017-11385,7.8
Trend Micro,CVE-2017-11384,7.8
Trend Micro,CVE-2017-11383,7.8
AlienVault,,10.0
EMC,CVE-2017-4997,10.0
Apple,CVE-2017-7053,7.2
Apple,CVE-2017-7052,6.8
Microsoft,CVE-2017-0285,2.6
Microsoft,CVE-2017-8465,6.9
Adobe,CVE-2017-3080,4.7
Fuji Electric,CVE-2017-9639,6.8
Hewlett Packard Enterprise,CVE-2017-8956,10.0
Hewlett Packard Enterprise,CVE-2017-8954,10.0
Hewlett Packard Enterprise,CVE-2017-8955,7.8
Hewlett Packard Enterprise,CVE-2017-8957,10.0
Microsoft,CVE-2017-8601,6.8
Microsoft,CVE-2017-8601,6.8
Microsoft,CVE-2017-8601,6.8
Adobe,CVE-2017-3100,6.8
Microsoft,CVE-2017-8590,6.9
Microsoft,CVE-2017-8598,6.8
Microsoft,CVE-2017-8580,6.9
Microsoft,CVE-2017-8578,6.9
Microsoft,CVE-2017-8577,6.9
Microsoft,CVE-2017-8486,2.1
Microsoft,CVE-2017-8467,7.2
Microsoft,CVE-2017-8579,6.9
Microsoft,CVE-2017-0291,6.8
Microsoft,CVE-2017-0291,4.3
Microsoft,CVE-2017-0291,6.8
Fatek Automation,CVE-2017-6023,6.8
Microsoft,CVE-2017-0236,6.8
Microsoft,CVE-2017-8575,2.1
Google,CVE-2017-5053,6.8
Foxit,CVE-2017-10948,6.8
Foxit,CVE-2017-10947,6.8
Foxit,CVE-2017-10946,6.8
Foxit,CVE-2017-10945,6.8
Foxit,CVE-2017-10944,4.3
Foxit,CVE-2017-10943,4.3
Foxit,CVE-2017-10942,4.3
Foxit,CVE-2017-10941,6.8
Joyent,CVE-2017-10940,9.0
Advantech,CVE-2017-12705,6.8
Microsoft,CVE-2017-8553,2.1
Microsoft,CVE-2017-8576,6.9
Cisco,CVE-2017-6636,7.8
Cisco,CVE-2017-6637,7.8
Cisco,CVE-2017-6621,7.8
Cisco,CVE-2017-6635,7.8
Cisco,CVE-2017-6622,10.0
Cisco,CVE-2017-6669,6.8
Cisco,CVE-2017-6669,6.8
Cisco,CVE-2017-6669,6.8
Apple,CVE-2017-2454,6.8
Lepide,,9.3
UCanCode,,6.8
UCanCode,,6.8
UCanCode,,6.8
UCanCode,,6.8
UCanCode,,6.8
UCanCode,,6.8
UCanCode,,6.8
UCanCode,,6.8
UCanCode,,6.8
UCanCode,,6.8
UCanCode,,6.8
UCanCode,,6.8
UCanCode,,6.8
UCanCode,,6.8
UCanCode,,6.8
UCanCode,,6.8
UCanCode,,6.8
UCanCode,,6.8
UCanCode,,6.8
UCanCode,,6.8
UCanCode,,6.8
UCanCode,,6.8
UCanCode,,6.8
UCanCode,,6.8
UCanCode,,6.8
UCanCode,,6.8
UCanCode,,6.8
Apple,CVE-2017-2530,6.8
Foxit,,6.8
Novell,,6.8
Microsoft,CVE-2017-0285,2.6
Adobe,CVE-2017-3082,6.8
Adobe,CVE-2017-3084,6.8
Adobe,CVE-2017-3083,6.8
Microsoft,CVE-2017-8532,2.6
Microsoft,CVE-2017-8466,6.9
Microsoft,CVE-2017-8468,6.9
Microsoft,CVE-2017-8465,6.9
Microsoft,CVE-2017-8547,7.5
Microsoft,CVE-2017-0296,6.9
Adobe,CVE-2017-3075,6.8
Microsoft,CVE-2017-8460,4.3
Microsoft,CVE-2017-0292,6.8
Trend Micro,,6.9
Trend Micro,,4.7
EMC,CVE-2016-8211,5.0
Hewlett Packard Enterprise,CVE-2017-8947,10.0
Schneider Electric,,6.8
Schneider Electric,,7.5
Schneider Electric,,5.0
Schneider Electric,,5.0
Schneider Electric,,6.5
Schneider Electric,,7.5
Schneider Electric,,5.0
Schneider Electric,,5.0
Schneider Electric,,7.5
Schneider Electric,,7.5
Schneider Electric,,7.5
Schneider Electric,,7.5
Schneider Electric,,7.5
Schneider Electric,,7.5
Schneider Electric,,10.0
Schneider Electric,,7.5
Schneider Electric,,6.5
Schneider Electric,,7.8
Schneider Electric,,7.5
Schneider Electric,,7.8
Schneider Electric,,7.5
Microsoft,CVE-2017-0266,6.8
Apple,,2.1
Apple,CVE-2017-7002,6.8
Apple,CVE-2017-7001,6.8
Apple,CVE-2017-7000,6.8
Apple,CVE-2017-6983,6.8
Hewlett Packard Enterprise,CVE-2017-8944,7.8
Apple,CVE-2017-2543,6.9
Apple,CVE-2017-2542,1.9
Apple,CVE-2017-2538,6.8
Apple,CVE-2017-2539,4.3
Apple,CVE-2017-6991,4.3
Apple,CVE-2017-2546,7.2
Apple,CVE-2017-2536,6.8
Apple,CVE-2017-2533,6.9
Apple,CVE-2017-2535,6.9
Apple,CVE-2017-2548,4.4
Apple,CVE-2017-2547,6.8
Apple,CVE-2017-2537,4.4
Apple,CVE-2017-6990,1.9
Apple,CVE-2017-2545,6.9
Apple,CVE-2017-2544,6.8
Apple,CVE-2017-2541,4.4
Apple,CVE-2017-2540,1.9
Apple,"CVE-2017-2534, CVE-2017-6977",4.6
Apple,CVE-2017-2506,6.8
Apple,CVE-2017-2526,6.8
Apple,CVE-2017-2525,6.8
Hewlett Packard Enterprise,CVE-2017-5819,10.0
Hewlett Packard Enterprise,CVE-2017-5818,7.8
Hewlett Packard Enterprise,CVE-2017-5817,10.0
Hewlett Packard Enterprise,CVE-2017-5816,10.0
Hewlett Packard Enterprise,CVE-2017-5821,10.0
Hewlett Packard Enterprise,CVE-2017-5823,10.0
Hewlett Packard Enterprise,CVE-2017-5822,7.8
Hewlett Packard Enterprise,CVE-2017-5820,10.0
Adobe,CVE-2017-3040,4.3
Bitdefender,,9.3
Bitdefender,,9.3
Hewlett Packard Enterprise,CVE-2017-5812,5.0
Hewlett Packard Enterprise,CVE-2017-5810,10.0
Hewlett Packard Enterprise,CVE-2017-5811,7.8
Microsoft,CVE-2017-0240,6.8
Microsoft,CVE-2017-0240,4.3
Microsoft,CVE-2017-0238,6.8
Microsoft,CVE-2017-0228,6.8
Microsoft,CVE-2017-0233,7.2
Microsoft,CVE-2017-0234,6.8
Microsoft,CVE-2017-0226,4.4
Advantech,CVE-2017-7929,6.8
Apple,CVE-2017-2491,6.8
Mozilla,CVE-2017-5448,5.1
Foxit,,6.8
Foxit,,6.8
Hewlett Packard Enterprise,CVE-2017-5806,10.0
Hewlett Packard Enterprise,CVE-2017-5805,10.0
Hewlett Packard Enterprise,CVE-2017-5804,10.0
Google,CVE-2017-5059,6.8
Foxit,,6.8
Foxit,,6.8
Foxit,,6.8
Foxit,,6.8
Foxit,,6.8
Foxit,,6.8
Foxit,,6.8
Foxit,,6.8
Foxit,,6.8
Foxit,,6.8
Foxit,,6.8
Foxit,,6.8
Foxit,,6.8
Foxit,,6.8
Foxit,,6.8
Foxit,,6.8
Foxit,,6.8
Foxit,,6.8
ThinPrint,CVE-2017-4911,6.2
ThinPrint,CVE-2017-4911,6.2
ThinPrint,CVE-2017-4911,6.2
ThinPrint,CVE-2017-4911,6.9
ThinPrint,CVE-2017-4911,6.2
ThinPrint,CVE-2017-4910,6.2
ThinPrint,CVE-2017-4908,6.2
Oracle,CVE-2017-3230,7.5
Adobe,CVE-2017-2994,6.8
LAquis SCADA,CVE-2017-6020,5.0
Microsoft,CVE-2017-0155,7.2
Microsoft,CVE-2017-0158,4.3
Trend Micro,,10.0
Adobe,CVE-2017-3057,6.8
Adobe,CVE-2017-3056,4.3
Adobe,CVE-2017-3055,6.8
Adobe,CVE-2017-3063,6.8
Adobe,CVE-2017-3062,6.8
Adobe,CVE-2017-3053,4.3
Adobe,CVE-2017-3052,4.3
Adobe,CVE-2017-3051,4.3
Adobe,CVE-2017-3050,6.8
Adobe,CVE-2017-3049,6.8
Adobe,CVE-2017-3048,6.8
Adobe,CVE-2017-3047,6.8
Adobe,CVE-2017-3046,4.3
Adobe,CVE-2017-3042,4.3
Adobe,CVE-2017-3045,4.3
Adobe,CVE-2017-3044,6.8
Adobe,CVE-2017-3042,4.3
Adobe,CVE-2017-3042,6.8
Adobe,CVE-2017-3042,6.8
Adobe,CVE-2017-3043,4.3
Adobe,CVE-2017-3036,6.8
Adobe,CVE-2017-3035,6.8
Adobe,CVE-2017-3034,6.8
Adobe,CVE-2017-3031,4.3
Adobe,CVE-2017-3033,4.3
Adobe,CVE-2017-3032,4.3
Adobe,CVE-2017-3031,4.3
Adobe,CVE-2017-3029,4.3
Adobe,CVE-2017-3028,6.8
Adobe,CVE-2017-3023,6.8
Adobe,CVE-2017-3022,4.3
Adobe,CVE-2017-3021,6.8
Adobe,CVE-2017-3020,4.3
Adobe,CVE-2017-3019,6.8
Adobe,CVE-2017-3060,4.3
Adobe,CVE-2017-3060,4.3
Adobe,CVE-2017-3059,6.8
Adobe,CVE-2017-3058,6.8
Trend Micro,,7.5
Trend Micro,,8.5
Adobe,CVE-2017-3009,4.3
Apple,CVE-2017-2463,6.8
Linux,CVE-2017-7184,6.9
VMware,CVE-2017-4904,6.9
VMware,CVE-2017-4905,4.9
VMware,CVE-2017-4903,6.9
VMware,CVE-2017-4902,6.9
VMware,CVE-2017-4902,6.9
Mozilla,CVE-2017-5428,6.8
Trend Micro,,7.5
Trend Micro,,7.5
Trend Micro,,9.0
Trend Micro,,9.0
Trend Micro,,9.0
Trend Micro,,9.0
Trend Micro,,4.0
Trend Micro,,9.0
Trend Micro,,7.2
Trend Micro,,9.0
Trend Micro,,9.0
Trend Micro,,9.0
Trend Micro,,9.0
Trend Micro,,9.0
Trend Micro,,9.0
Trend Micro,,9.0
Trend Micro,,7.5
Trend Micro,,9.0
Trend Micro,,9.0
Trend Micro,,9.0
Trend Micro,,9.0
Trend Micro,,9.0
Trend Micro,,4.0
Trend Micro,,9.0
Trend Micro,,10.0
Trend Micro,,9.0
Trend Micro,,9.0
Trend Micro,,9.0
Trend Micro,,9.0
Trend Micro,,9.0
Trend Micro,,9.0
Trend Micro,,9.0
Trend Micro,,9.0
Trend Micro,,7.5
Trend Micro,,4.0
Trend Micro,,9.0
Trend Micro,,9.0
Trend Micro,,9.0
Trend Micro,,9.0
Trend Micro,,9.0
Trend Micro,,9.0
Hewlett Packard Enterprise,CVE-2017-5797,7.8
Apple,CVE-2017-2481,6.8
Apple,CVE-2017-2430,6.8
Apple,CVE-2017-2462,6.8
Apple,CVE-2017-2432,6.8
Trend Micro,,6.8
Trend Micro,,6.0
Trend Micro,,6.0
Trend Micro,,6.0
Trend Micro,,6.0
Trend Micro,,6.0
Trend Micro,,6.0
Trend Micro,,6.0
Adobe,CVE-2017-3001,6.8
Adobe,CVE-2017-3001,6.8
Adobe,CVE-2017-3001,6.8
Adobe,CVE-2017-3001,6.8
Adobe,CVE-2017-3001,6.8
Adobe,CVE-2017-3001,6.8
Microsoft,CVE-2017-0067,5.1
Microsoft,CVE-2017-0015,4.3
Microsoft,CVE-2017-0032,6.8
Microsoft,CVE-2017-0094,6.8
Microsoft,CVE-2017-0018,4.3
Microsoft,CVE-2017-0047,6.9
Microsoft,CVE-2017-0011,2.6
Hewlett Packard Enterprise,CVE-2017-5790,10.0
Hewlett Packard Enterprise,CVE-2017-5795,6.8
Hewlett Packard Enterprise,CVE-2017-5794,9.0
Hewlett Packard Enterprise,CVE-2017-5793,9.0
Hewlett Packard Enterprise,CVE-2017-5792,7.5
Hewlett Packard Enterprise,CVE-2017-5791,10.0
Hewlett Packard Enterprise,CVE-2017-5789,6.8
Trend Micro,,10.0
Trend Micro,,10.0
Trend Micro,,10.0
Trend Micro,,10.0
Trend Micro,,10.0
Trend Micro,,7.8
Trend Micro,,10.0
Trend Micro,,10.0
Trend Micro,,10.0
Foxit,,6.8
Foxit,,6.8
Foxit,,6.8
Foxit,,6.8
Foxit,,6.8
Foxit,,4.3
Foxit,,4.3
Foxit,,6.8
Foxit,,6.8
Foxit,,6.8
Foxit,,4.3
Foxit,,6.8
Foxit,,6.8
Foxit,,6.8
Foxit,,6.8
Foxit,,4.3
Foxit,,4.3
Foxit,,4.3
Trend Micro,,4.0
Trend Micro,,4.0
Trend Micro,,9.0
Trend Micro,,9.0
Trend Micro,,4.0
Trend Micro,,9.0
Trend Micro,,9.0
Trend Micro,,4.0
Trend Micro,,9.0
Trend Micro,,9.0
Trend Micro,,9.0
Trend Micro,,9.0
Trend Micro,,9.0
Trend Micro,,9.0
Trend Micro,,9.0
Trend Micro,,9.0
Trend Micro,,9.0
Trend Micro,,9.0
Trend Micro,,9.0
Trend Micro,,9.0
VIPA,CVE-2017-5177,6.8
Adobe,CVE-2017-2939,6.8
Adobe,CVE-2017-2994,6.8
Adobe,CVE-2017-2995,6.8
Adobe,CVE-2017-2976,4.3
Adobe,CVE-2017-2975,4.3
Adobe,CVE-2017-2974,4.3
Adobe,CVE-2017-2981,4.3
Adobe,CVE-2017-2978,4.3
Adobe,CVE-2017-2979,4.3
Adobe,CVE-2017-2977,4.3
Trend Micro,,6.0
Trend Micro,,6.0
Trend Micro,,4.0
Trend Micro,,6.0
Trend Micro,,6.0
Trend Micro,,6.0
Trend Micro,,6.0
Trend Micro,,6.0
Trend Micro,,6.0
Trend Micro,,6.0
Trend Micro,,6.0
Trend Micro,,6.0
Trend Micro,,6.0
Trend Micro,,6.0
Trend Micro,,6.0
Trend Micro,,6.0
Trend Micro,,6.0
Trend Micro,,4.0
Trend Micro,,4.0
Trend Micro,,6.0
Trend Micro,,6.0
Trend Micro,,4.0
Trend Micro,,4.0
Trend Micro,,6.0
Trend Micro,,4.0
Trend Micro,,4.0
Trend Micro,,4.0
Trend Micro,,4.3
Trend Micro,,6.0
Trend Micro,,6.8
Trend Micro,,6.8
Trend Micro,,6.8
Trend Micro,,6.8
Trend Micro,,6.8
Trend Micro,,6.8
Trend Micro,,6.8
Trend Micro,,6.8
Trend Micro,,6.8
Trend Micro,,6.8
Trend Micro,,4.3
Trend Micro,,4.3
Trend Micro,,6.8
Ecava,CVE-2016-8341,7.5
Ecava,CVE-2016-8341,7.5
Oracle,CVE-2017-3289,6.8
Oracle,CVE-2017-3272,6.8
Oracle,CVE-2017-3248,7.5
Apple,CVE-2017-2354,6.8
Samba,CVE-2016-2123,6.8
Brocade,CVE-2016-8207,7.8
Brocade,CVE-2016-8206,9.4
Brocade,CVE-2016-8205,10.0
Brocade,CVE-2016-8204,10.0
Bitdefender,,6.8
Bitdefender,,6.8
Bitdefender,,6.8
Adobe,CVE-2017-2970,6.8
Apache,CVE-2016-6814,7.5
Advantech,"CVE-2017-5154, CVE-2017-5152",6.5
Foxit,,6.8
Foxit,,6.8
Foxit,,4.3
Foxit,,4.3
Foxit,,6.8
Foxit,,4.3
Foxit,,4.3
Foxit,,6.8
Foxit,,6.8
Foxit,,4.3
Foxit,,6.8
Adobe,CVE-2017-2967,6.8
Adobe,CVE-2017-2966,6.8
Adobe,CVE-2017-2949,6.8
Adobe,CVE-2017-2949,6.8
Adobe,CVE-2017-2963,4.3
Adobe,CVE-2017-2962,6.8
Adobe,CVE-2017-2961,6.8
Adobe,CVE-2017-2960,4.3
Adobe,CVE-2017-2959,6.8
Adobe,CVE-2017-2951,6.8
Adobe,CVE-2017-2950,6.8
Adobe,CVE-2017-2949,6.8
Adobe,CVE-2017-2949,6.8
Adobe,CVE-2017-2949,6.8
Adobe,CVE-2017-2949,6.8
Adobe,CVE-2017-2949,6.8
Adobe,CVE-2017-2949,6.8
Adobe,CVE-2017-2964,4.3
Adobe,CVE-2017-2949,6.8
Adobe,CVE-2017-2949,6.8
Adobe,CVE-2017-2949,6.8
Adobe,CVE-2017-2965,6.8
Adobe,CVE-2017-2949,6.8
Adobe,CVE-2017-2949,6.8
Adobe,CVE-2017-2949,6.8
Adobe,CVE-2017-2949,6.8
Adobe,CVE-2017-2949,6.8
Adobe,CVE-2017-2946,4.3
Adobe,CVE-2017-2946,6.8
Adobe,CVE-2017-2941,4.3
Hewlett Packard Enterprise,CVE-2016-8519,7.5
Samsung,CVE-2018-14319,6.8
Oracle,CVE-2018-3293,3.8
Oracle,CVE-2018-3293,8.2
Oracle,CVE-2018-3293,8.8
Omron,CVE-2018-17909,7.0
Adobe,CVE-2018-19728,5.5
Horner Automation,CVE-2018-19005,7.5
Horner Automation,CVE-2018-19005,6.8
Horner Automation,CVE-2018-19005,6.8
Horner Automation,CVE-2018-19005,4.3
Horner Automation,CVE-2018-19005,6.8
Horner Automation,CVE-2018-19005,7.5
Horner Automation,CVE-2018-19005,6.8
Horner Automation,CVE-2018-19005,6.8
Horner Automation,CVE-2018-19005,6.8
Horner Automation,CVE-2018-19005,6.8
Horner Automation,CVE-2018-19005,6.8
Microsoft,CVE-2018-8617,8.8
Microsoft,CVE-2018-8617,8.8
Microsoft,CVE-2018-8617,8.8
Microsoft,CVE-2018-8595,3.3
Microsoft,CVE-2018-8596,3.3
Adobe,CVE-2018-19721,3.3
Adobe,CVE-2018-19723,4.3
Adobe,CVE-2018-5035,4.3
Adobe,CVE-2018-5067,6.8
Microsoft,CVE-2018-8597,3.3
Adobe,CVE-2018-12778,3.3
Adobe,CVE-2018-16014,3.3
Adobe,CVE-2018-12845,7.8
Adobe,CVE-2018-16018,2.7
Adobe,CVE-2018-16018,2.7
Adobe,CVE-2018-16018,2.7
Adobe,CVE-2018-16018,7.7
Adobe,CVE-2018-16008,7.8
Adobe,CVE-2018-16026,3.3
Adobe,CVE-2018-16008,7.8
Adobe,CVE-2018-16007,8.6
Adobe,CVE-2018-16009,7.7
Schneider Electric,CVE-2018-7813,7.8
Schneider Electric,CVE-2018-7815,7.8
Schneider Electric,CVE-2018-7814,7.8
Microsoft,CVE-2018-8643,8.8
Microsoft,CVE-2018-8618,7.5
Microsoft,CVE-2018-8628,7.3
Microsoft,CVE-2018-8598,3.3
Microsoft,CVE-2018-8596,3.1
Microsoft,CVE-2018-8595,4.7
Adobe,CVE-2018-16024,5.5
Adobe,CVE-2018-19719,4.4
Adobe,CVE-2018-19720,7.8
Adobe,CVE-2018-16023,4.3
Adobe,CVE-2018-19714,3.3
Adobe,CVE-2018-19711,3.3
Adobe,CVE-2018-19712,3.3
Adobe,CVE-2018-19713,7.8
Adobe,CVE-2018-16025,7.8
Adobe,CVE-2018-16027,7.8
Adobe,CVE-2018-16028,3.3
Adobe,CVE-2018-16029,7.8
Adobe,CVE-2018-16030,3.3
Adobe,CVE-2018-16010,7.7
Adobe,CVE-2018-16005,7.7
Adobe,CVE-2018-16004,8.2
Adobe,CVE-2018-16003,8.6
Adobe,CVE-2018-16008,7.8
Adobe,CVE-2018-16012,7.8
Adobe,CVE-2018-16002,4.3
Adobe,CVE-2018-16001,4.3
Adobe,CVE-2018-15997,5.5
Adobe,CVE-2018-15992,3.3
Adobe,CVE-2018-15994,7.8
Adobe,CVE-2018-15993,7.8
Adobe,CVE-2018-15991,7.8
Adobe,CVE-2018-15996,3.3
Adobe,CVE-2018-15995,7.8
Adobe,CVE-2018-15985,4.4
Adobe,CVE-2018-16043,5.0
Adobe,CVE-2018-16044,4.2
Adobe,CVE-2018-16045,5.2
Adobe,CVE-2018-16046,5.2
Apache,CVE-2018-11763,5.3
Omron,CVE-2018-18993,7.8
Omron,CVE-2018-18989,7.8
Omron,CVE-2018-18993,7.8
Apple,CVE-2018-4435,5.5
Apple,CVE-2018-4462,5.5
Apple,CVE-2018-4447,7.8
Juuko,CVE-2018-19025,7.5
INVT,CVE-2018-18987,6.8
INVT,CVE-2018-18983,6.8
Epic Games,CVE-2018-17707,8.8
Adobe,CVE-2018-12835,7.8
Microsoft,CVE-2018-8553,8.4
Microsoft,CVE-2018-8573,7.8
Microsoft,CVE-2018-8581,8.1
Omron,CVE-2018-7521,7.8
Omron,CVE-2018-7521,7.0
Omron,CVE-2018-7521,7.8
Omron,CVE-2018-7521,7.8
Microsoft,CVE-2018-8588,7.5
Microsoft,CVE-2018-8544,8.8
Adobe,CVE-2018-15980,4.3
Adobe,CVE-2018-12835,4.3
Apple,CVE-2018-4425,6.9
Cisco,,4.3
Apple,CVE-2018-4203,4.4
Apple,CVE-2018-4351,4.7
Apple,CVE-2018-4126,3.3
Apple,CVE-2018-4126,1.9
Apple,CVE-2018-4196,4.4
Apple,CVE-2018-4237,7.2
Apple,CVE-2018-4404,4.4
Losant,CVE-2018-17614,5.4
Juuko,,8.3
Apple,CVE-2018-4375,5.6
Apple,CVE-2018-4413,4.7
Apple,CVE-2018-4422,7.0
Apple,CVE-2018-4376,5.6
Advantech,CVE-2018-17908,8.4
Advantech,CVE-2018-17910,7.8
Advantech,CVE-2018-17908,8.4
Apple,CVE-2018-4326,6.9
Apple,CVE-2018-4411,4.4
Apple,CVE-2018-4425,6.9
Apple,CVE-2018-4425,6.9
Apple,CVE-2018-4410,6.9
Apple,CVE-2018-4373,6.8
Apple,CVE-2018-4417,4.7
Apple,CVE-2018-4233,6.8
Apple,CVE-2018-4193,4.4
Advantech,CVE-2018-14828,7.8
SAGA,CVE-2018-17923,6.1
SAGA,CVE-2018-17921,7.5
Saga Radio,CVE-2018-17903,8.3
Telecrane,CVE-2018-17935,8.3
Advantech,CVE-2018-14816,9.3
Advantech,CVE-2018-14816,9.3
Advantech,CVE-2018-14816,9.3
Advantech,CVE-2018-14816,9.3
Advantech,CVE-2018-14816,9.3
Advantech,CVE-2018-14816,9.3
Advantech,CVE-2018-14816,9.3
Advantech,CVE-2018-14816,9.3
Advantech,CVE-2018-14816,9.3
Advantech,CVE-2018-14816,9.3
Advantech,CVE-2018-14816,9.3
Advantech,CVE-2018-14816,9.3
Advantech,CVE-2018-14816,9.3
Advantech,CVE-2018-14806,10.0
Advantech,CVE-2018-14816,9.3
Advantech,CVE-2018-14820,7.1
Advantech,CVE-2018-14816,9.3
Trend Micro,CVE-2018-18329,6.9
Trend Micro,CVE-2018-18328,6.9
Trend Micro,CVE-2018-18327,6.9
Trend Micro,CVE-2018-15367,6.9
Trend Micro,CVE-2018-15366,6.9
Oracle,CVE-2018-3293,8.2
Apple,,6.9
Microsoft,,6.8
Omron,CVE-2018-17913,7.8
OMRON,CVE-2018-17907,6.8
OMRON,CVE-2018-17905,6.8
OMRON,CVE-2018-17913,6.8
OMRON,CVE-2018-17907,4.3
OMRON,CVE-2018-17909,6.8
OMRON,CVE-2018-17909,6.8
OMRON,CVE-2018-17909,6.8
OMRON,CVE-2018-17909,6.8
OMRON,CVE-2018-17907,4.3
OMRON,CVE-2018-17909,6.8
Oracle,CVE-2018-3297,8.8
Oracle,CVE-2018-3296,8.8
Oracle,CVE-2018-2909,8.8
Oracle,CVE-2018-3298,8.8
Oracle,CVE-2018-3287,8.8
Oracle,CVE-2018-3147,3.3
Oracle,CVE-2018-3289,6.9
Oracle,CVE-2018-3288,6.9
Oracle,CVE-2018-3291,6.9
Oracle,CVE-2018-3292,6.9
Oracle,CVE-2018-3298,6.9
Oracle,CVE-2018-2909,6.9
Oracle,CVE-2018-3297,6.9
Oracle,CVE-2018-3296,6.9
Oracle,CVE-2018-3290,6.9
Oracle,CVE-2018-3211,6.2
LAquis SCADA,CVE-2018-17901,6.8
LAquis SCADA,CVE-2018-17901,6.8
LAquis SCADA,CVE-2018-17895,4.3
LAquis,CVE-2018-17911,7.8
LAquis,CVE-2018-17911,7.8
LAquis,CVE-2018-17911,7.8
LAquis SCADA,CVE-2018-17895,4.3
LAquis SCADA,CVE-2018-17895,4.3
LAquis SCADA,CVE-2018-17901,6.8
LAquis SCADA,CVE-2018-17895,6.8
LAquis SCADA,CVE-2018-17899,6.8
LAquis SCADA,CVE-2018-17895,4.3
LAquis SCADA,CVE-2018-17897,6.8
LAquis SCADA,CVE-2018-17897,6.8
LAquis SCADA,CVE-2018-17897,6.8
LAquis SCADA,CVE-2018-17895,6.8
LAquis SCADA,CVE-2018-17893,6.8
Delta Industrial Automation,CVE-2018-17927,7.3
Delta Industrial Automation,CVE-2018-17929,7.8
Delta Industrial Automation,CVE-2018-17929,7.8
VMware,CVE-2018-6974,6.9
Delta Industrial Automation,CVE-2018-17929,6.8
Delta Industrial Automation,CVE-2018-17929,6.8
Delta Industrial Automation,CVE-2018-17927,6.8
Delta Industrial Automation,CVE-2018-17929,6.8
Delta Industrial Automation,CVE-2018-17927,6.8
Delta Industrial Automation,CVE-2018-17929,6.8
Delta Industrial Automation,CVE-2018-17927,6.8
Oracle,CVE-2018-3055,4.7
Oracle,CVE-2018-3055,4.7
Oracle,CVE-2018-3086,6.9
Oracle,CVE-2018-3086,6.9
Foxit,CVE-2018-17628,7.8
Foxit,CVE-2018-17643,7.8
Foxit,CVE-2018-17651,7.8
Adobe,CVE-2018-15946,3.3
Foxit,CVE-2018-17658,7.8
Foxit,CVE-2018-17642,7.8
Foxit,CVE-2018-17694,7.8
Foxit,CVE-2018-17696,7.8
Foxit,CVE-2018-17652,7.8
Foxit,CVE-2018-17641,7.8
Foxit,CVE-2018-17653,7.8
Foxit,CVE-2018-17698,7.8
Foxit,CVE-2018-17627,7.8
Foxit,CVE-2018-17640,7.8
Foxit,CVE-2018-17654,7.8
Foxit,CVE-2018-17697,7.8
Foxit,CVE-2018-17684,7.8
Foxit,CVE-2018-17699,2.5
Foxit,CVE-2018-17639,7.8
Foxit,CVE-2018-17655,7.8
Foxit,CVE-2018-17656,7.8
Foxit,CVE-2018-17636,7.8
Foxit,CVE-2018-17704,7.8
Foxit,CVE-2018-17632,7.8
Foxit,CVE-2018-17659,7.8
Foxit,CVE-2018-17689,7.8
Foxit,CVE-2018-17685,7.8
Foxit,CVE-2018-17657,7.8
Foxit,CVE-2018-17633,7.8
Foxit,CVE-2018-17650,7.8
Foxit,CVE-2018-17634,7.8
Foxit,CVE-2018-17695,7.8
Foxit,CVE-2018-17705,7.8
Foxit,CVE-2018-17644,7.8
Foxit,CVE-2018-17681,7.8
Foxit,CVE-2018-17631,7.8
Foxit,CVE-2018-17675,7.8
Foxit,CVE-2018-17660,7.8
Foxit,CVE-2018-17673,7.8
Foxit,CVE-2018-17638,7.8
Foxit,CVE-2018-17661,7.8
Foxit,CVE-2018-17680,7.8
Foxit,CVE-2018-17662,7.8
Adobe,CVE-2018-15947,3.3
Adobe,CVE-2018-15948,3.3
Foxit,CVE-2018-17686,2.5
Foxit,CVE-2018-17663,7.8
Foxit,CVE-2018-17702,7.8
Foxit,CVE-2018-17693,7.8
Foxit,CVE-2018-17626,7.8
Foxit,CVE-2018-17679,7.8
Foxit,CVE-2018-17664,7.8
Foxit,CVE-2018-17665,7.8
Foxit,CVE-2018-17635,7.8
Foxit,CVE-2018-17692,7.8
Foxit,CVE-2018-17637,7.8
Foxit,CVE-2018-17666,7.8
Adobe,CVE-2018-15949,3.3
Foxit,CVE-2018-17678,7.8
Foxit,CVE-2018-17667,7.8
Adobe,CVE-2018-15950,3.3
Foxit,CVE-2018-17687,7.8
Foxit,CVE-2018-17668,7.8
Foxit,CVE-2018-17691,7.8
Foxit,CVE-2018-17669,7.8
Foxit,CVE-2018-17674,7.8
Foxit,CVE-2018-17677,7.8
Foxit,CVE-2018-17670,7.8
Foxit,CVE-2018-17703,7.8
Foxit,CVE-2018-17690,7.8
Foxit,CVE-2018-17629,7.8
Foxit,CVE-2018-17672,7.8
Foxit,CVE-2018-17630,7.8
Foxit,CVE-2018-17683,7.8
Foxit,CVE-2018-17646,7.8
Foxit,CVE-2018-17688,7.8
Foxit,CVE-2018-17647,7.8
Foxit,CVE-2018-17676,7.8
Foxit,CVE-2018-17645,7.8
Foxit,CVE-2018-17682,7.8
Foxit,CVE-2018-17671,7.8
Foxit,CVE-2018-17648,7.8
Foxit,CVE-2018-17649,7.8
Foxit,CVE-2018-17701,7.8
Foxit,CVE-2018-17700,7.8
Cisco,,4.3
Cisco,,4.3
Cisco,,2.6
Cisco,,2.6
Cisco,,2.6
Cisco,,2.6
Delta Industrial Automation,CVE-2018-14800,6.8
Microsoft,CVE-2018-8460,6.8
Microsoft,CVE-2018-8460,6.8
Microsoft,CVE-2018-8495,6.8
Microsoft,CVE-2018-8333,6.9
Microsoft,CVE-2018-8491,5.0
Microsoft,CVE-2018-8533,2.6
Microsoft,CVE-2018-8532,2.6
Microsoft,CVE-2018-8527,2.6
Microsoft,CVE-2018-8420,6.8
Cisco,CVE-2018-15413,6.8
Cisco,CVE-2018-15417,6.8
Cisco,CVE-2018-15415,5.1
Cisco,CVE-2018-15411,6.8
Cisco,CVE-2018-15420,6.8
Cisco,CVE-2018-15412,6.8
Cisco,CVE-2018-15416,9.3
Cisco,CVE-2018-15408,9.3
Cisco,CVE-2018-15418,5.1
Cisco,CVE-2018-15410,5.1
Cisco,CVE-2018-15409,6.8
Adobe,CVE-2018-12879,4.3
Adobe,CVE-2018-12877,6.8
Adobe,CVE-2018-12876,6.8
Adobe,CVE-2018-12868,6.8
Adobe,CVE-2018-12855,4.3
Adobe,CVE-2018-12856,4.3
Adobe,CVE-2018-12858,6.8
Adobe,CVE-2018-12851,6.8
Adobe,CVE-2018-12842,6.8
Wecon,CVE-2018-14818,9.3
Wecon,CVE-2018-14814,4.3
Wecon,CVE-2018-14810,9.3
Wecon,CVE-2018-17889,7.1
Foxit,CVE-2018-17624,6.8
Foxit,CVE-2018-17623,6.8
Foxit,CVE-2018-17622,2.6
Foxit,CVE-2018-17621,5.1
Foxit,CVE-2018-17620,6.8
Foxit,CVE-2018-17619,5.1
Foxit,CVE-2018-17618,5.1
Foxit,CVE-2018-17617,6.8
Foxit,CVE-2018-17616,5.1
Foxit,CVE-2018-17615,6.8
Foxit,CVE-2018-17706,6.8
Foxit,CVE-2018-17625,7.8
Delta Industrial Automation,CVE-2018-14824,4.3
Adobe,CVE-2018-4990,4.3
Wecon,CVE-2018-10614,7.1
Wecon,CVE-2018-10610,9.3
Wecon,CVE-2018-10606,9.3
Fuji Electric,,9.3
Fuji Electric,,4.3
Fuji Electric,,9.3
Fuji Electric,,4.3
Fuji Electric,,9.3
Apple,CVE-2018-4358,4.3
Apple,CVE-2018-4309,6.4
Apple,CVE-2018-4299,6.8
Crestron,CVE-2018-11228,9.3
Cisco,CVE-2018-15422,5.1
Cisco,CVE-2018-15421,5.1
Samsung,CVE-2018-14318,6.8
Cisco,CVE-2018-15414,5.1
Microsoft,CVE-2018-8423,6.8
Adobe,CVE-2018-12778,4.3
Adobe,CVE-2018-12775,4.3
Microsoft,CVE-2018-0994,6.8
Delta Industrial Automation,CVE-2018-10636,9.3
Delta Industrial Automation,CVE-2018-10636,9.3
Apple,CVE-2018-4196,4.4
Apple,CVE-2018-4196,4.4
Apple,CVE-2018-4196,4.4
Quest,,4.0
Quest,,9.0
Quest,,4.0
Quest,,4.0
Quest,,5.0
Adobe,CVE-2018-12795,4.3
VMware,CVE-2018-6973,6.9
Wecon,,6.8
Wecon,,6.8
Apple,CVE-2018-4338,4.7
Microsoft,CVE-2018-8429,2.6
Microsoft,CVE-2018-8420,6.8
Microsoft,CVE-2018-8336,1.9
Microsoft,CVE-2018-8424,4.3
Microsoft,CVE-2018-8393,5.1
Microsoft,CVE-2018-8461,6.8
Microsoft,CVE-2018-8392,6.8
Microsoft,CVE-2018-8392,6.8
Microsoft,CVE-2018-8447,6.8
Microsoft,CVE-2018-8367,8.8
PoDoFo,CVE-2018-14320,4.3
Cisco,,2.6
Cisco,,2.6
Cisco,,2.6
Cisco,,2.6
Cisco,,2.6
Cisco,,2.6
Cisco,,2.6
Cisco,,2.6
Cisco,,2.6
Cisco,,2.6
Cisco,,2.6
Cisco,,2.6
Cisco,,2.6
Cisco,,2.6
Cisco,,2.6
Cisco,,2.6
Cisco,,2.6
Cisco,,2.6
Cisco,,2.6
Cisco,,2.6
Cisco,,2.6
Cisco,,2.6
Fuji Electric,CVE-2018-10637,9.3
Fuji Electric,CVE-2018-14811,6.8
Fuji Electric,CVE-2018-14811,6.8
Fuji Electric,CVE-2018-14811,6.8
Fuji Electric,CVE-2018-14809,6.8
Fuji Electric,CVE-2018-14819,6.8
Fuji Electric,CVE-2018-14813,6.8
Fuji Electric,CVE-2018-14815,6.8
Fuji Electric,CVE-2018-14815,6.8
Fuji Electric,CVE-2018-14811,6.8
Fuji Electric,CVE-2018-14813,6.8
Fuji Electric,CVE-2018-14823,6.8
Fuji Electric,CVE-2018-14811,6.8
Fuji Electric,CVE-2018-14809,6.8
Adobe,CVE-2018-5007,6.8
Adobe,CVE-2018-12771,6.8
Hewlett Packard Enterprise,,9.3
Hewlett Packard Enterprise,,9.3
Hewlett Packard Enterprise,,9.3
Hewlett Packard Enterprise,,9.3
Hewlett Packard Enterprise,,9.3
Hewlett Packard Enterprise,,9.3
Hewlett Packard Enterprise,CVE-2018-7114,9.3
Hewlett Packard Enterprise,,10.0
Hewlett Packard Enterprise,,10.0
Cisco,CVE-2018-0422,6.9
Wecon,CVE-2018-10602,9.3
Wecon,CVE-2018-10602,9.3
Wecon,CVE-2018-10602,9.3
Wecon,CVE-2018-10602,9.3
Wecon,CVE-2018-10602,9.3
Wecon,CVE-2018-10606,9.3
Wecon,CVE-2018-10602,9.3
Wecon,CVE-2018-10606,9.3
Wecon,CVE-2018-10602,9.3
Delta Industrial Automation,CVE-2018-10598,4.3
Delta Industrial Automation,CVE-2018-10598,4.3
Delta Industrial Automation,CVE-2018-10636,9.3
Delta Industrial Automation,CVE-2018-10636,9.3
Delta Industrial Automation,CVE-2018-10636,9.3
Delta Industrial Automation,CVE-2018-10636,9.3
Delta Industrial Automation,CVE-2018-10636,9.3
Delta Industrial Automation,CVE-2018-10636,9.3
Delta Industrial Automation,CVE-2018-10636,9.3
Delta Industrial Automation,CVE-2018-10636,9.3
Cisco,CVE-2018-0379,5.1
Cisco,CVE-2018-0379,5.1
Cisco,CVE-2018-0379,5.1
Cisco,CVE-2018-0379,5.1
Cisco,CVE-2018-0379,5.1
Cisco,CVE-2018-0379,5.1
Cisco,CVE-2018-0379,6.8
Cisco,CVE-2018-0379,5.1
Cisco,CVE-2018-0379,6.8
Cisco,CVE-2018-0379,6.8
Cisco,CVE-2018-0379,6.8
Cisco,CVE-2018-0379,6.8
Hewlett Packard Enterprise,CVE-2018-7102,7.8
Linux,CVE-2018-10902,6.9
Trend Micro,CVE-2018-15364,3.3
Trend Micro,CVE-2018-15363,6.9
Trend Micro,CVE-2018-10514,7.2
Trend Micro,CVE-2018-10513,6.9
Adobe,CVE-2018-5044,4.3
Adobe,CVE-2018-5015,6.8
Adobe,CVE-2018-12799,6.8
Adobe,CVE-2018-12824,4.3
Microsoft,CVE-2018-8394,2.6
Hewlett Packard Enterprise,CVE-2018-7092,5.0
Microsoft,CVE-2018-0994,6.8
Microsoft,CVE-2018-8373,8.8
Microsoft,CVE-2018-8316,6.8
Microsoft,CVE-2018-8401,6.9
Microsoft,CVE-2018-8400,6.9
Microsoft,CVE-2018-8401,6.9
Microsoft,CVE-2018-0953,6.8
Microsoft,CVE-2018-8406,6.9
Microsoft,CVE-2018-8405,6.9
Microsoft,CVE-2018-8404,7.2
Microsoft,CVE-2018-8302,9.0
Microsoft,CVE-2018-8344,6.8
Microsoft,CVE-2018-8345,6.8
Microsoft,CVE-2018-8371,6.8
Microsoft,CVE-2018-8346,2.6
Foxit,CVE-2018-14317,6.8
Crestron,CVE-2018-11228,9.3
Crestron,CVE-2018-11228,9.3
Crestron,CVE-2018-5553,9.3
Crestron,CVE-2018-11228,8.5
Crestron,CVE-2018-11228,9.3
Crestron,CVE-2018-11228,9.3
Crestron,CVE-2018-10630,10.0
Crestron,CVE-2018-11228,9.3
Crestron,CVE-2018-11229,8.5
Crestron,CVE-2018-11228,9.3
Crestron,CVE-2018-11228,9.3
Crestron,CVE-2018-11228,9.3
Crestron,CVE-2018-11228,9.3
Crestron,CVE-2018-11228,8.5
Crestron,CVE-2018-11228,9.3
Crestron,CVE-2018-11228,9.3
Crestron,CVE-2018-11228,9.3
Crestron,CVE-2018-11228,9.3
Crestron,CVE-2018-13341,8.5
Crestron,CVE-2018-11228,9.3
Crestron,CVE-2018-11228,9.3
Crestron,CVE-2018-11228,9.3
Crestron,CVE-2018-11228,9.3
Crestron,CVE-2018-11228,9.3
ABB,CVE-2018-10616,6.9
Novell,CVE-2018-7686,2.1
ABB,CVE-2018-10616,9.3
ABB,CVE-2018-10616,9.3
ABB,CVE-2018-10616,9.3
ABB,CVE-2018-10616,9.3
ABB,CVE-2018-10616,9.3
ABB,CVE-2018-10616,9.3
ABB,CVE-2018-10616,9.3
ABB,CVE-2018-10616,9.3
ABB,CVE-2018-10616,9.3
ABB,CVE-2018-10616,9.3
ABB,CVE-2018-10616,9.3
ABB,CVE-2018-10616,9.3
ABB,CVE-2018-10616,9.3
ABB,CVE-2018-10616,9.3
ABB,CVE-2018-10616,6.9
ABB,CVE-2018-10616,6.9
ABB,CVE-2018-10616,6.9
ABB,CVE-2018-10616,6.9
ABB,CVE-2018-10616,6.9
ABB,CVE-2018-10616,6.9
ABB,CVE-2018-10616,6.9
ABB,CVE-2018-10616,6.9
ABB,,6.9
ABB,CVE-2018-10616,6.9
ABB,CVE-2018-10616,6.9
ABB,CVE-2018-10616,6.9
ABB,CVE-2018-10616,6.9
ABB,CVE-2018-10616,6.9
ABB,CVE-2018-10616,6.9
ABB,CVE-2018-10616,6.9
ABB,CVE-2018-10616,6.9
VMware,CVE-2018-6970,1.9
Google,,4.9
Huawei,CVE-2018-7931,6.8
Huawei,CVE-2017-15309,4.6
TripAdvisor,CVE-2017-17226,7.5
Huawei,CVE-2017-15308,4.6
Huawei,CVE-2018-7932,4.4
Huawei,CVE-2017-15309,3.6
Wecon,CVE-2018-10606,9.3
Wecon,CVE-2018-10606,9.3
Wecon,CVE-2018-10602,9.3
Wecon,CVE-2018-10602,9.3
Wecon,CVE-2018-10606,9.3
Wecon,CVE-2018-10602,9.3
Wecon,CVE-2018-10606,9.3
Wecon,CVE-2018-10606,9.3
Wecon,CVE-2018-10602,9.3
Wecon,CVE-2018-10602,9.3
Wecon,CVE-2018-10602,9.3
Wecon,CVE-2018-10602,9.3
Wecon,CVE-2018-10602,9.3
Wecon,CVE-2018-10602,9.3
Wecon,CVE-2018-10602,9.3
Wecon,CVE-2018-10602,9.3
Wecon,CVE-2018-10602,9.3
Wecon,CVE-2018-10602,9.3
Wecon,CVE-2018-10602,9.3
Wecon,CVE-2018-10602,9.3
Wecon,CVE-2018-10602,9.3
Wecon,CVE-2018-10602,9.3
Wecon,CVE-2018-10602,9.3
Wecon,CVE-2018-10602,9.3
Wecon,CVE-2018-10602,9.3
Wecon,CVE-2018-10602,9.3
Wecon,CVE-2018-10602,9.3
Wecon,CVE-2018-10602,9.3
Wecon,CVE-2018-10602,9.3
Wecon,CVE-2018-10602,9.3
Wecon,CVE-2018-10602,9.3
Wecon,CVE-2018-10602,9.3
Wecon,CVE-2018-10602,9.3
Wecon,CVE-2018-10602,9.3
Wecon,CVE-2018-10602,9.3
Wecon,CVE-2018-10602,9.3
Wecon,CVE-2018-10602,9.3
Wecon,CVE-2018-10602,9.3
Wecon,CVE-2018-10602,9.3
Wecon,CVE-2018-10602,9.3
Wecon,CVE-2018-10602,9.3
Wecon,CVE-2018-10602,9.3
Wecon,CVE-2018-10602,9.3
Wecon,CVE-2018-10602,9.3
Wecon,CVE-2018-10602,9.3
Wecon,CVE-2018-10602,9.3
Wecon,CVE-2018-10602,9.3
Wecon,CVE-2018-10602,9.3
Wecon,CVE-2018-10602,9.3
Wecon,CVE-2018-10602,9.3
Wecon,CVE-2018-10602,9.3
Wecon,CVE-2018-10602,9.3
Wecon,CVE-2018-10602,9.3
Wecon,CVE-2018-10602,9.3
Wecon,CVE-2018-10602,9.3
Wecon,CVE-2018-10602,9.3
Wecon,CVE-2018-10602,9.3
Wecon,CVE-2018-10606,9.3
Wecon,CVE-2018-10606,9.3
Wecon,CVE-2018-10606,9.3
Wecon,CVE-2018-10602,9.3
Wecon,CVE-2018-10602,9.3
Wecon,CVE-2018-10602,9.3
Wecon,CVE-2018-10602,9.3
Wecon,CVE-2018-10606,9.3
Wecon,CVE-2018-10606,9.3
Wecon,CVE-2018-10602,9.3
Wecon,CVE-2018-10602,9.3
Wecon,CVE-2018-10602,9.3
Wecon,CVE-2018-10602,9.3
Wecon,CVE-2018-10602,9.3
Wecon,CVE-2018-10602,9.3
Wecon,CVE-2018-10602,9.3
Wecon,CVE-2018-10602,9.3
Wecon,CVE-2018-10602,9.3
Wecon,CVE-2018-10602,9.3
Wecon,CVE-2018-10602,9.3
Wecon,CVE-2018-10602,9.3
Wecon,CVE-2018-10602,9.3
Wecon,CVE-2018-10602,9.3
Wecon,CVE-2018-10602,9.3
Wecon,CVE-2018-10602,9.3
Wecon,CVE-2018-10602,9.3
Wecon,CVE-2018-10602,9.3
Wecon,CVE-2018-10602,9.3
Wecon,CVE-2018-10602,9.3
Wecon,CVE-2018-10602,9.3
Wecon,CVE-2018-10602,9.3
Wecon,CVE-2018-10602,9.3
Wecon,CVE-2018-10602,9.3
Oracle,CVE-2018-2860,6.9
Oracle,CVE-2018-2860,4.7
Apple,CVE-2018-4199,6.8
Apple,CVE-2018-4204,6.8
VMware,CVE-2018-6972,4.9
Hewlett Packard Enterprise,CVE-2018-7074,10.0
Hewlett Packard Enterprise,CVE-2017-8990,10.0
Foxit,CVE-2018-14316,2.6
Foxit,CVE-2018-14315,6.8
Foxit,CVE-2018-14314,6.8
Foxit,CVE-2018-14313,6.8
Foxit,CVE-2018-14312,6.8
Foxit,CVE-2018-14311,6.8
Foxit,CVE-2018-14310,6.8
Foxit,CVE-2018-14309,6.8
Foxit,CVE-2018-14308,6.8
Foxit,CVE-2018-14307,6.8
Foxit,CVE-2018-14306,6.8
Foxit,CVE-2018-14305,6.8
Foxit,CVE-2018-14304,6.8
Foxit,CVE-2018-14303,6.8
Foxit,CVE-2018-14302,6.8
Foxit,CVE-2018-14301,6.8
Foxit,CVE-2018-14300,6.8
Foxit,CVE-2018-14299,6.8
Foxit,CVE-2018-14298,6.8
Foxit,CVE-2018-14297,6.8
Foxit,CVE-2018-14296,6.8
Foxit,CVE-2018-14295,6.8
Foxit,CVE-2018-14294,6.8
Foxit,CVE-2018-14293,6.8
Foxit,CVE-2018-14292,6.8
Foxit,CVE-2018-14291,6.8
Foxit,CVE-2018-14290,6.8
Foxit,CVE-2018-14289,4.3
Foxit,CVE-2018-14288,6.8
Foxit,CVE-2018-14287,6.8
Foxit,CVE-2018-14286,6.8
Foxit,CVE-2018-14285,6.8
Foxit,CVE-2018-14284,6.8
Foxit,CVE-2018-14283,6.8
Foxit,CVE-2018-14282,6.8
Foxit,CVE-2018-14281,7.5
Foxit,CVE-2018-14280,7.5
Foxit,CVE-2018-14279,6.8
Foxit,CVE-2018-14278,6.8
Foxit,CVE-2018-14277,6.8
Foxit,CVE-2018-14276,6.8
Foxit,CVE-2018-14275,6.8
Foxit,CVE-2018-14274,6.8
Foxit,CVE-2018-14273,6.8
Foxit,CVE-2018-14272,6.8
Foxit,CVE-2018-14271,6.8
Foxit,CVE-2018-14270,6.8
Foxit,CVE-2018-14269,6.8
Foxit,CVE-2018-14268,6.8
Foxit,CVE-2018-14267,6.8
Foxit,CVE-2018-14266,6.8
Foxit,CVE-2018-14265,6.8
Foxit,CVE-2018-14264,6.8
Foxit,CVE-2018-14263,6.8
Foxit,CVE-2018-14262,6.8
Foxit,CVE-2018-14261,6.8
Foxit,CVE-2018-14260,6.8
Foxit,CVE-2018-14259,6.8
Foxit,CVE-2018-14258,6.8
Foxit,CVE-2018-14257,6.8
Foxit,CVE-2018-14256,6.8
Foxit,CVE-2018-14255,6.8
Foxit,CVE-2018-14254,6.8
Foxit,CVE-2018-14253,6.8
Foxit,CVE-2018-14252,6.8
Foxit,CVE-2018-14251,6.8
Foxit,CVE-2018-14250,6.8
Foxit,CVE-2018-14249,6.8
Foxit,CVE-2018-14248,6.8
Foxit,CVE-2018-14247,6.8
Foxit,CVE-2018-14246,6.8
Foxit,CVE-2018-14245,6.8
Foxit,CVE-2018-14244,6.8
Foxit,CVE-2018-14243,6.8
Foxit,CVE-2018-14242,6.8
Foxit,CVE-2018-14241,6.8
Foxit,CVE-2018-11623,6.8
Foxit,CVE-2018-11622,6.8
Foxit,CVE-2018-11621,4.3
Foxit,CVE-2018-11620,4.3
Foxit,CVE-2018-11619,6.8
Foxit,CVE-2018-11618,6.8
Foxit,CVE-2018-11617,6.8
Adobe,CVE-2018-5015,6.8
Adobe,CVE-2018-12779,4.3
Oracle,CVE-2018-3091,4.7
Oracle,CVE-2018-3090,6.9
Oracle,CVE-2018-3089,6.9
Oracle,CVE-2018-3088,6.9
Oracle,CVE-2018-3087,6.9
Oracle,CVE-2018-3086,6.9
Oracle,CVE-2018-3085,6.9
Oracle,CVE-2018-3055,4.7
Adobe,CVE-2018-12761,6.8
Adobe,CVE-2018-12794,6.8
Adobe,CVE-2018-12789,2.6
Adobe,CVE-2018-12788,6.8
Adobe,CVE-2018-5063,4.3
Adobe,CVE-2018-5056,7.5
Adobe,CVE-2018-12790,2.6
Adobe,CVE-2018-5067,6.8
Adobe,CVE-2018-5061,4.3
Adobe,CVE-2018-5058,6.8
Adobe,CVE-2018-5063,4.3
Adobe,CVE-2018-5065,4.3
Adobe,CVE-2018-5020,6.8
Adobe,CVE-2018-5054,4.3
Adobe,CVE-2018-5053,4.3
Adobe,CVE-2018-5052,6.8
Adobe,CVE-2018-5051,4.3
Adobe,CVE-2018-5050,4.3
Adobe,CVE-2018-5049,4.3
Adobe,CVE-2018-5048,4.3
Adobe,CVE-2018-5047,4.3
Adobe,CVE-2018-5046,4.3
Adobe,CVE-2018-5045,6.8
Adobe,CVE-2018-5044,4.3
Adobe,CVE-2018-5043,6.8
Adobe,CVE-2018-5042,6.8
Adobe,CVE-2018-5041,6.8
Adobe,CVE-2018-5040,6.8
Adobe,CVE-2018-5039,4.3
Adobe,CVE-2018-5038,6.8
Adobe,CVE-2018-5037,6.8
Adobe,CVE-2018-5036,6.8
Adobe,CVE-2018-12783,6.8
Adobe,CVE-2018-12781,4.3
Adobe,CVE-2018-12777,6.8
Adobe,CVE-2018-12776,6.8
Adobe,CVE-2018-12774,4.3
Adobe,CVE-2018-12773,6.8
Adobe,CVE-2018-12772,6.8
Adobe,CVE-2018-12770,6.8
Adobe,CVE-2018-12780,4.3
Adobe,CVE-2018-12797,6.8
Adobe,CVE-2018-5056,4.3
Adobe,CVE-2018-5055,4.3
Adobe,CVE-2018-5032,6.8
Adobe,CVE-2018-5028,6.8
Adobe,CVE-2018-5027,4.3
Adobe,CVE-2018-5019,4.3
Adobe,CVE-2018-5018,4.3
Adobe,CVE-2018-5017,4.3
Adobe,CVE-2018-5016,4.3
Advantech,,6.8
Advantech,,6.8
Adobe,CVE-2018-5014,4.3
Adobe,CVE-2018-12803,4.3
Adobe,CVE-2018-5029,4.3
Adobe,CVE-2018-5031,4.3
Adobe,CVE-2018-5057,6.8
Adobe,CVE-2018-12796,6.8
Adobe,CVE-2018-12793,4.3
Adobe,CVE-2018-5060,4.3
Adobe,CVE-2018-5059,6.8
Adobe,CVE-2018-5034,6.8
Adobe,CVE-2018-5033,4.3
Adobe,CVE-2018-5030,6.8
Adobe,CVE-2018-5012,6.8
Adobe,CVE-2018-5035,4.3
Microsoft,CVE-2018-8282,7.2
Microsoft,CVE-2018-8239,4.3
Microsoft,CVE-2018-8307,6.8
Microsoft,CVE-2018-8242,5.1
Microsoft,CVE-2018-1025,5.0
Microsoft,CVE-2018-8275,7.5
Adobe,CVE-2018-4886,6.8
Microsoft,CVE-2018-8274,6.8
Eaton,CVE-2018-8847,6.8
Apple,CVE-2018-4283,6.3
Apple,CVE-2018-4262,6.8
Apple,CVE-2018-4263,6.8
Apple,CVE-2018-4261,6.8
Apple,CVE-2018-4265,6.8
Apple,CVE-2018-4268,6.9
Apple,CVE-2018-4267,6.8
Adobe,CVE-2018-4901,4.3
Adobe,CVE-2018-4984,4.3
Adobe,CVE-2018-4949,4.3
Adobe,CVE-2018-4966,6.8
Adobe,CVE-2018-4946,6.8
Adobe,CVE-2018-4964,6.8
Adobe,CVE-2018-4965,6.8
Microsoft,CVE-2018-8246,4.3
Microsoft,CVE-2018-8174,6.8
Microsoft,CVE-2018-8174,6.8
Apple,CVE-2018-4196,4.4
Apple,CVE-2018-4196,4.4
Delta Industrial Automation,CVE-2018-10594,7.5
Delta Industrial Automation,CVE-2018-10594,7.5
Delta Industrial Automation,CVE-2018-10594,7.5
Delta Industrial Automation,CVE-2018-10594,7.5
Tencent,CVE-2018-11616,7.5
npm,CVE-2018-11615,7.1
Microsoft,CVE-2018-8239,2.6
Microsoft,CVE-2018-8239,2.6
Microsoft,CVE-2018-8236,5.1
Microsoft,CVE-2018-8251,6.8
Microsoft,CVE-2018-8207,5.4
Microsoft,CVE-2018-0763,6.8
Apple,CVE-2018-4196,4.4
Apple,CVE-2018-4196,4.4
Adobe,CVE-2018-4951,4.3
Microsoft,CVE-2018-8164,7.2
Microsoft,CVE-2018-8165,6.9
Microsoft,CVE-2018-8179,6.8
Adobe,CVE-2018-4945,6.8
Adobe,CVE-2018-5000,4.3
Adobe,CVE-2018-5001,4.3
Qemu,CVE-2018-11806,3.7
Trend Micro,CVE-2018-10506,1.9
Trend Micro,CVE-2018-10358,5.4
Trend Micro,CVE-2018-10359,5.4
Trend Micro,CVE-2018-10505,5.4
Samsung,CVE-2018-11614,4.4
Samsung,CVE-2018-10501,4.4
Samsung,CVE-2018-10502,4.4
Samsung,CVE-2018-10500,4.4
Samsung,CVE-2018-10499,4.4
Samsung,CVE-2018-10498,4.6
Samsung,CVE-2018-10497,4.4
Samsung,CVE-2018-10496,6.8
GE,CVE-2018-10613,5.0
Advantech,CVE-2018-7501,4.0
Google,CVE-2018-1000006,7.5
GE,CVE-2018-10611,6.5
GE,CVE-2018-10611,7.5
GE,CVE-2018-10611,7.5
GE,CVE-2018-10611,7.5
GE,CVE-2018-10611,7.5
GE,CVE-2018-10615,4.0
GE,CVE-2018-10613,5.0
GE,CVE-2018-10613,5.0
GE,CVE-2018-10613,5.0
GE,CVE-2018-10613,5.0
GE,CVE-2018-10613,5.0
Microsoft,CVE-2018-8174,6.8
Microsoft,CVE-2018-0951,7.5
Delta Industrial Automation,CVE-2018-10621,6.8
Delta Industrial Automation,CVE-2018-10623,6.8
Delta Industrial Automation,CVE-2018-10617,6.8
Delta Industrial Automation,CVE-2018-10623,6.8
Microsoft,CVE-2018-8267,6.8
VMware,CVE-2018-6963,4.9
VMware,CVE-2018-6963,4.9
Adobe,CVE-2018-4999,4.3
Adobe,CVE-2018-4998,6.8
Adobe,CVE-2018-4997,6.8
Micro Focus,CVE-2018-7687,6.9
Advantech,CVE-2018-8845,9.3
Advantech,CVE-2018-7497,9.3
Advantech,CVE-2018-7499,9.3
Advantech,CVE-2018-7499,9.3
Advantech,CVE-2018-7499,9.3
Advantech,CVE-2018-7499,9.3
Advantech,CVE-2018-7499,9.3
Advantech,CVE-2018-7499,9.3
Advantech,CVE-2018-7499,9.3
Advantech,CVE-2018-7499,9.3
Advantech,CVE-2018-7499,9.3
Advantech,CVE-2018-7499,9.3
Advantech,CVE-2018-7499,9.3
Advantech,CVE-2018-7499,9.3
Advantech,CVE-2018-7499,9.3
Advantech,CVE-2018-7499,9.3
Advantech,CVE-2018-7499,9.3
Advantech,CVE-2018-7499,9.3
Advantech,CVE-2018-7499,9.3
Advantech,CVE-2018-7499,9.3
Advantech,CVE-2018-7499,9.3
Advantech,CVE-2018-7499,9.3
Advantech,CVE-2018-7499,9.3
Advantech,CVE-2018-7499,9.3
Advantech,CVE-2018-7499,9.3
Advantech,CVE-2018-7499,9.3
Advantech,CVE-2018-7499,9.3
Advantech,CVE-2018-8841,7.2
Advantech,CVE-2018-7495,7.1
Advantech,CVE-2018-7499,9.3
Advantech,CVE-2018-7499,9.3
Advantech,CVE-2018-7497,9.3
Advantech,CVE-2018-7497,9.3
Advantech,CVE-2018-7497,9.3
Advantech,CVE-2018-7497,9.3
Advantech,CVE-2018-7497,9.3
Advantech,CVE-2018-7497,9.3
Advantech,CVE-2018-7499,9.3
Advantech,CVE-2018-7501,5.0
Advantech,CVE-2018-7501,5.0
Advantech,CVE-2018-7501,5.0
Advantech,CVE-2018-7501,4.0
Advantech,CVE-2018-7501,4.0
Advantech,CVE-2018-7497,9.3
Advantech,CVE-2018-10589,10.0
Advantech,CVE-2018-7501,4.0
Advantech,CVE-2018-7501,4.0
Advantech,CVE-2018-7501,4.0
Advantech,CVE-2018-7501,4.0
Advantech,CVE-2018-7501,4.0
Advantech,CVE-2018-7501,4.0
Advantech,CVE-2018-7501,4.0
Advantech,CVE-2018-7501,4.0
Advantech,CVE-2018-7501,4.0
Advantech,CVE-2018-7501,4.0
Advantech,CVE-2018-7501,4.0
Advantech,CVE-2018-7503,7.8
Advantech,CVE-2018-7505,10.0
Trend Micro,CVE-2018-10357,9.0
Delta Industrial Automation,,6.8
Adobe,CVE-2018-4984,6.8
Adobe,CVE-2018-4982,6.8
Adobe,CVE-2018-4981,6.8
Adobe,CVE-2018-4980,6.8
Adobe,CVE-2018-4979,4.3
Adobe,CVE-2018-4978,6.8
Adobe,CVE-2018-4977,6.8
Adobe,CVE-2018-4976,4.3
Adobe,CVE-2018-4975,4.3
Adobe,CVE-2018-4974,6.8
Adobe,CVE-2018-4973,4.3
Adobe,CVE-2018-4972,4.3
Adobe,CVE-2018-4971,6.8
Adobe,CVE-2018-4970,4.3
Adobe,CVE-2018-4969,4.3
Adobe,CVE-2018-4968,6.8
Adobe,CVE-2018-4967,6.8
Adobe,CVE-2018-4966,6.8
Adobe,CVE-2018-4965,6.8
Adobe,CVE-2018-4964,4.3
Adobe,CVE-2018-4963,4.3
Adobe,CVE-2018-4962,4.3
Adobe,CVE-2018-4957,6.8
Adobe,CVE-2018-4956,4.3
Adobe,CVE-2018-4955,4.3
Adobe,CVE-2018-4954,6.8
Adobe,CVE-2018-4953,4.3
Adobe,CVE-2018-4952,6.8
Adobe,CVE-2018-4951,4.3
Adobe,CVE-2018-4950,6.8
Adobe,CVE-2018-4949,4.3
Adobe,CVE-2018-4948,6.8
Rockwell Automation,CVE-2018-8843,6.8
Microsoft,CVE-2018-1025,5.0
Microsoft,CVE-2018-8123,4.3
Microsoft,CVE-2018-8162,6.8
Microsoft,CVE-2018-8163,4.3
Microsoft,CVE-2018-8157,5.1
Microsoft,CVE-2018-8112,4.4
Microsoft,CVE-2018-1021,4.3
Microsoft,CVE-2018-8124,7.2
Microsoft,CVE-2018-1000006,6.8
Cisco,CVE-2018-0288,2.6
Cisco,CVE-2018-0288,2.6
SAP,CVE-2018-2418,6.8
Delta Industrial Automation,,6.8
Trend Micro,CVE-2018-10350,9.0
Trend Micro,CVE-2018-10356,9.0
Trend Micro,CVE-2018-10353,3.5
Trend Micro,CVE-2018-10352,6.5
Trend Micro,CVE-2018-6230,6.5
Trend Micro,CVE-2018-10354,9.0
Trend Micro,CVE-2018-10351,9.0
Trend Micro,CVE-2018-6229,6.5
Trend Micro,CVE-2018-6229,4.0
Trend Micro,CVE-2018-6223,10.0
Trend Micro,CVE-2018-10355,1.9
Trend Micro,CVE-2018-6236,6.9
Wecon,CVE-2018-7527,4.6
Wecon,CVE-2018-7527,4.6
Wecon,CVE-2018-7527,4.6
Wecon,CVE-2018-7527,4.6
Foxit,CVE-2018-10495,6.8
Foxit,CVE-2018-10494,6.8
Foxit,CVE-2018-10493,4.3
Foxit,CVE-2018-10492,4.3
Foxit,CVE-2018-10491,6.8
Foxit,CVE-2018-10490,6.8
Foxit,CVE-2018-10489,6.8
Foxit,CVE-2018-10488,6.8
Foxit,CVE-2018-10487,4.3
Foxit,CVE-2018-10486,4.3
Foxit,CVE-2018-10485,4.3
Foxit,CVE-2018-10484,6.8
Foxit,CVE-2018-10483,6.8
Foxit,CVE-2018-10482,4.3
Foxit,CVE-2018-10481,4.3
Foxit,CVE-2018-10480,4.3
Foxit,CVE-2018-10479,4.3
Foxit,CVE-2018-10478,4.3
Foxit,CVE-2018-10477,6.8
Foxit,CVE-2018-10476,4.3
Foxit,CVE-2018-10475,4.3
Foxit,CVE-2018-10474,6.8
Foxit,CVE-2018-10473,6.8
Foxit,CVE-2018-9984,4.3
Foxit,CVE-2018-9983,4.3
Foxit,CVE-2018-9982,6.8
Foxit,CVE-2018-9981,6.8
Foxit,CVE-2018-9980,4.3
Foxit,CVE-2018-9979,4.3
Foxit,CVE-2018-9978,4.3
Foxit,CVE-2018-9977,6.8
Foxit,CVE-2018-9976,4.3
Microsoft,CVE-2018-0763,6.8
Advantech,,6.8
Advantech,,6.8
Advantech,,6.8
Advantech,,6.8
Advantech,,6.8
Advantech,,6.8
Advantech,,6.8
Advantech,,6.8
Advantech,,6.8
Advantech,,6.8
Advantech,,6.8
Advantech,,6.8
Advantech,,6.8
Foxit,CVE-2018-9975,6.8
Foxit,CVE-2018-9974,6.8
Foxit,CVE-2018-9973,4.3
Foxit,CVE-2018-9972,4.3
Foxit,CVE-2018-9971,4.3
Foxit,CVE-2018-9970,6.8
Foxit,CVE-2018-9969,6.8
Foxit,CVE-2018-9968,6.8
Foxit,CVE-2018-9967,6.8
Foxit,CVE-2018-9966,6.8
Foxit,CVE-2018-9965,6.8
Foxit,CVE-2018-9964,6.8
Foxit,CVE-2018-9963,4.3
Foxit,CVE-2018-9962,6.8
Foxit,CVE-2018-9961,6.8
Foxit,CVE-2018-9960,6.8
Foxit,CVE-2018-9959,6.8
Foxit,CVE-2018-9958,6.8
Foxit,CVE-2018-9957,6.8
Foxit,CVE-2018-9956,6.8
Foxit,CVE-2018-9955,6.8
Foxit,CVE-2018-9954,6.8
Foxit,CVE-2018-9953,6.8
Foxit,CVE-2018-9952,6.8
Foxit,CVE-2018-9951,6.8
Foxit,CVE-2018-9950,4.3
Foxit,CVE-2018-9949,6.8
Foxit,CVE-2018-9948,4.3
Foxit,CVE-2018-9947,6.8
Foxit,CVE-2018-9946,4.3
Foxit,CVE-2018-9945,6.8
Foxit,CVE-2018-9944,6.8
Foxit,CVE-2018-9943,6.8
Foxit,CVE-2018-9942,6.8
Foxit,CVE-2018-9941,6.8
Foxit,CVE-2018-9940,6.8
Foxit,CVE-2018-9939,6.8
Foxit,CVE-2018-9938,6.8
Foxit,CVE-2018-9937,6.8
Foxit,CVE-2018-9936,6.8
Foxit,CVE-2018-9935,6.8
Foxit,CVE-2018-1180,6.8
Foxit,CVE-2018-1179,4.3
Foxit,CVE-2018-1178,6.8
Foxit,CVE-2018-1177,6.8
Foxit,CVE-2018-1176,6.8
Foxit,CVE-2018-1175,4.3
Foxit,CVE-2018-1174,4.3
Foxit,CVE-2018-1173,6.8
Microsoft,CVE-2018-0763,2.6
The Squid Software Foundation,CVE-2018-1172,7.8
Microsoft,CVE-2018-1000006,7.5
Oracle,CVE-2018-2826,6.8
Oracle,CVE-2018-2825,6.8
Oracle,CVE-2018-2837,6.9
Oracle,CVE-2018-2836,6.9
Oracle,CVE-2018-2835,6.9
Oracle,CVE-2018-2830,6.9
Microsoft,CVE-2017-11837,6.8
Microsoft,CVE-2017-11790,2.6
Hewlett Packard Enterprise,CVE-2018-6491,7.2
Microsoft,CVE-2018-0987,4.3
Microsoft,CVE-2018-0981,6.8
Microsoft,CVE-2018-1000,6.8
Microsoft,CVE-2018-1001,6.8
Microsoft,CVE-2018-0996,6.8
Microsoft,CVE-2018-1008,6.9
Microsoft,CVE-2018-1011,6.8
Microsoft,CVE-2018-1004,6.8
OMRON,CVE-2018-8834,6.8
OMRON,CVE-2018-8834,6.8
OMRON,CVE-2018-8834,6.8
OMRON,CVE-2018-7514,6.8
OMRON,CVE-2018-8834,6.8
OMRON,CVE-2018-7514,6.8
OMRON,CVE-2018-7514,6.8
OMRON,CVE-2018-7530,6.8
OMRON,CVE-2018-7514,6.8
OMRON,CVE-2018-7514,6.8
Spotify,CVE-2018-1167,7.5
Intel Security,CVE-2018-6661,6.9
Apple,CVE-2018-4163,6.8
Apple,CVE-2018-4161,6.8
Apple,CVE-2018-4125,6.8
Apple,CVE-2018-4162,6.8
Apple,CVE-2018-4127,6.8
Apple,CVE-2018-4130,6.8
Apple,CVE-2018-4129,6.8
Apple,CVE-2018-4122,6.8
Apple,CVE-2018-4119,6.8
Trend Micro,CVE-2018-6235,7.2
Trend Micro,CVE-2018-6234,4.6
Trend Micro,CVE-2018-6233,7.2
Trend Micro,CVE-2018-6232,7.2
Slack Technologies,CVE-2018-1000006,7.5
Microsoft,CVE-2018-0839,6.8
Mozilla,CVE-2018-5146,6.8
Adobe,CVE-2018-4897,4.3
OMRON,CVE-2018-7519,6.8
OMRON,CVE-2018-7525,6.8
OMRON,CVE-2018-7521,6.8
OMRON,CVE-2018-7521,6.8
OMRON,CVE-2018-7521,6.8
OMRON,CVE-2018-7517,6.8
OMRON,CVE-2018-7521,6.8
OMRON,CVE-2018-7523,6.8
OMRON,CVE-2018-7515,6.8
OMRON,CVE-2018-7515,6.8
OMRON,CVE-2018-7521,6.8
OMRON,CVE-2018-7513,6.8
Microsoft,CVE-2018-0763,4.3
Microsoft,CVE-2018-0977,7.2
Microsoft,CVE-2018-0889,5.1
Microsoft,CVE-2018-0815,7.2
Microsoft,CVE-2018-0815,5.6
Microsoft,CVE-2018-0815,7.2
Microsoft,CVE-2018-0816,7.2
Microsoft,CVE-2018-0878,4.3
Microsoft,CVE-2018-0929,2.6
Microsoft,CVE-2018-0855,2.6
Microsoft,CVE-2017-0228,7.5
Microsoft,CVE-2018-0763,4.3
Apple,CVE-2018-4085,6.8
Joyent,CVE-2018-1171,6.9
Delta Industrial Automation,CVE-2018-5476,6.8
Delta Industrial Automation,CVE-2018-5476,6.8
Delta Industrial Automation,CVE-2018-5476,6.8
Delta Industrial Automation,CVE-2018-5476,6.8
Delta Industrial Automation,CVE-2018-5476,6.8
Delta Industrial Automation,CVE-2018-5476,6.8
Delta Industrial Automation,CVE-2018-5476,6.8
Delta Industrial Automation,CVE-2018-5476,6.8
Delta Industrial Automation,CVE-2018-5476,6.8
Delta Industrial Automation,CVE-2018-5476,6.8
Delta Industrial Automation,CVE-2018-5476,6.8
Delta Industrial Automation,CVE-2018-5476,6.8
Delta Industrial Automation,CVE-2018-5476,6.8
Delta Industrial Automation,CVE-2018-5476,6.8
Delta Industrial Automation,CVE-2018-5476,6.8
Delta Industrial Automation,CVE-2018-5476,6.8
Microsoft,CVE-2018-0841,6.8
Trend Micro,CVE-2018-6231,10.0
Adobe,CVE-2017-11253,2.6
Trend Micro,CVE-2016-1699,9.3
Amazon,CVE-2018-1169,7.5
Volkswagen,CVE-2018-1170,8.3
Adobe,CVE-2018-4911,4.3
Adobe,CVE-2018-4915,6.8
Adobe,CVE-2018-4903,4.3
Adobe,CVE-2018-4914,4.3
Adobe,CVE-2018-4916,6.8
Adobe,CVE-2018-4898,6.8
Adobe,CVE-2018-4917,6.8
Adobe,CVE-2018-4918,6.8
Adobe,CVE-2017-16392,6.8
Adobe,CVE-2017-16392,6.8
Adobe,CVE-2017-16368,2.6
Adobe,CVE-2017-16407,6.8
Adobe,CVE-2017-11306,2.6
Adobe,CVE-2017-16406,2.6
Adobe,CVE-2018-4880,2.6
Adobe,CVE-2017-16407,2.6
Adobe,CVE-2017-16409,2.6
Microsoft,CVE-2018-0761,2.6
Microsoft,CVE-2018-0766,4.3
Adobe,CVE-2018-4909,4.3
Adobe,CVE-2018-4890,2.6
Adobe,CVE-2018-4890,6.8
Adobe,CVE-2018-4889,2.6
Adobe,CVE-2018-4891,2.6
Adobe,CVE-2018-4881,2.6
Adobe,CVE-2018-4882,2.6
Adobe,CVE-2018-4892,6.8
Adobe,CVE-2018-4888,6.8
Adobe,CVE-2018-4887,2.6
Adobe,CVE-2018-4886,4.3
Adobe,CVE-2018-4886,4.3
Adobe,CVE-2018-4885,4.3
Adobe,CVE-2018-4884,2.6
Adobe,CVE-2018-4883,2.6
Adobe,CVE-2018-4882,2.6
Adobe,CVE-2018-4877,6.8
Adobe,CVE-2017-16397,6.8
Adobe,CVE-2018-4913,6.8
Adobe,CVE-2018-4912,4.3
Adobe,CVE-2018-4911,6.8
Adobe,CVE-2018-4910,6.8
Adobe,CVE-2018-4894,4.3
Adobe,CVE-2018-4905,4.3
Adobe,CVE-2018-4904,6.8
Adobe,CVE-2018-4903,4.3
Adobe,CVE-2018-4886,4.3
Microsoft,CVE-2018-0839,4.3
Microsoft,CVE-2018-0833,7.8
Microsoft,CVE-2018-0758,6.8
Microsoft,CVE-2018-0755,2.6
Microsoft,CVE-2018-0760,2.6
Microsoft,CVE-2018-0763,4.3
Microsoft,CVE-2018-0796,2.6
Fuji Electric,CVE-2018-5442,9.0
Joyent,CVE-2018-1166,6.9
Joyent,CVE-2018-1165,6.9
Adobe,CVE-2017-16383,6.8
Apple,CVE-2017-7171,6.9
Apple,CVE-2017-13885,6.8
Apple,CVE-2017-7162,6.9
Apple,CVE-2017-13884,6.8
Apple,CVE-2017-7165,6.8
Apple,CVE-2017-7172,6.8
Apple,CVE-2017-7160,6.8
Apple,CVE-2017-7162,6.9
Apple,CVE-2017-13866,6.8
Apple,CVE-2017-7171,6.9
Apple,CVE-2017-13870,6.8
Novell,CVE-2018-1342,7.5
Advantech,CVE-2018-5443,5.0
Advantech,CVE-2018-5443,5.0
Advantech,CVE-2018-5445,7.5
ABB,CVE-2018-1168,6.0
Hewlett Packard Enterprise,CVE-2017-8981,10.0
Hewlett Packard Enterprise,CVE-2017-8982,7.8
Hewlett Packard Enterprise,CVE-2017-8983,9.0
Hewlett Packard Enterprise,CVE-2017-5792,10.0
Hewlett Packard Enterprise,CVE-2017-8980,5.0
ZyXEL,CVE-2018-1164,9.0
Belkin,,6.1
Belkin,,10.0
Belkin,,10.0
Novell,CVE-2017-14803,5.0
Dahua Technology,CVE-2017-9315,8.3
Dell EMC,CVE-2017-14384,7.8
Wecon,CVE-2017-16739,4.6
Wecon,CVE-2017-16739,4.6
Wecon,CVE-2017-16737,4.6
Wecon,CVE-2017-16739,4.6
Adobe,CVE-2018-4871,2.6
Microsoft,CVE-2017-11887,4.3
Oracle,CVE-2018-2690,6.9
Oracle,CVE-2018-2689,6.9
Oracle,CVE-2018-2688,6.9
Oracle,CVE-2018-2687,6.9
Oracle,CVE-2018-2686,6.9
Oracle,CVE-2018-2685,6.9
Oracle,CVE-2018-2616,8.5
Oracle,CVE-2018-2615,8.5
Oracle,CVE-2018-2617,7.1
Trend Micro,CVE-2018-3601,6.8
Trend Micro,CVE-2018-3603,6.5
Trend Micro,CVE-2018-3600,4.0
Trend Micro,CVE-2018-3606,6.0
Trend Micro,CVE-2018-3607,6.0
Trend Micro,CVE-2018-3606,6.0
Trend Micro,CVE-2018-3606,6.0
Trend Micro,CVE-2018-3606,6.0
Trend Micro,CVE-2018-3606,6.0
Trend Micro,CVE-2018-3606,6.0
Trend Micro,CVE-2018-3606,6.0
Trend Micro,CVE-2018-3604,6.0
Trend Micro,CVE-2018-3606,6.0
Trend Micro,CVE-2018-3606,6.0
Trend Micro,CVE-2018-3606,6.0
Trend Micro,CVE-2018-3605,6.0
Trend Micro,CVE-2018-3604,6.0
Trend Micro,CVE-2018-3604,6.0
Trend Micro,CVE-2018-3604,6.0
Trend Micro,CVE-2018-3607,6.0
Trend Micro,CVE-2018-3606,6.0
Trend Micro,CVE-2018-3606,6.0
Trend Micro,CVE-2018-3606,6.0
Trend Micro,CVE-2018-3607,6.0
Trend Micro,CVE-2018-3606,6.0
Trend Micro,CVE-2018-3604,6.0
Trend Micro,CVE-2018-3605,6.0
Trend Micro,CVE-2018-3606,6.0
Trend Micro,CVE-2018-3606,6.0
Trend Micro,CVE-2018-3604,6.0
Trend Micro,CVE-2018-3606,6.0
Trend Micro,CVE-2018-3605,6.0
Trend Micro,CVE-2018-3605,6.0
Trend Micro,CVE-2018-3605,6.0
Trend Micro,CVE-2018-3605,6.0
Trend Micro,CVE-2018-3605,6.0
Trend Micro,CVE-2018-3605,6.0
Trend Micro,CVE-2018-3605,6.0
Trend Micro,CVE-2018-3605,6.0
Trend Micro,CVE-2018-3605,6.0
Trend Micro,CVE-2018-3605,6.0
Trend Micro,CVE-2018-3605,6.0
Trend Micro,CVE-2018-3605,6.0
Trend Micro,CVE-2018-3605,6.0
Trend Micro,CVE-2018-3605,6.0
Trend Micro,CVE-2018-3602,6.0
Trend Micro,CVE-2018-3604,6.8
Microsoft,CVE-2018-0772,5.1
Advantech,CVE-2017-16716,6.8
Advantech,CVE-2017-16716,6.8
Advantech,,6.8
Advantech,CVE-2017-16724,9.3
Advantech,CVE-2017-16724,9.3
Advantech,CVE-2017-16724,9.3
Advantech,CVE-2017-16728,9.3
Advantech,CVE-2017-16724,9.3
Advantech,CVE-2017-16728,9.3
Advantech,CVE-2017-16720,5.0
Advantech,,7.5
Advantech,CVE-2017-16724,9.3
Advantech,CVE-2017-16724,9.3
Advantech,CVE-2017-16724,9.3
Advantech,CVE-2017-16724,9.3
Advantech,CVE-2017-16724,9.3
Advantech,CVE-2017-16724,9.3
Advantech,CVE-2017-16724,9.3
Advantech,CVE-2017-16724,9.3
Advantech,CVE-2017-16724,9.3
Advantech,CVE-2017-16724,9.3
Advantech,CVE-2017-16724,9.3
Advantech,CVE-2017-16724,9.3
Advantech,CVE-2017-16724,9.3
Advantech,CVE-2017-16724,9.3
Advantech,CVE-2017-16728,6.8
Advantech,CVE-2017-16728,6.8
Advantech,CVE-2017-16728,6.8
Advantech,CVE-2017-16728,6.8
Advantech,CVE-2017-16728,6.8
Advantech,CVE-2017-16728,6.8
Advantech,CVE-2017-16728,6.8
Advantech,CVE-2017-16728,6.8
Advantech,CVE-2017-16728,6.8
Advantech,CVE-2017-16728,6.8
Advantech,CVE-2017-16728,6.8
Advantech,CVE-2017-16728,6.8
Advantech,CVE-2017-16716,6.8
Advantech,CVE-2017-16716,6.8
Advantech,CVE-2017-16716,6.8
Advantech,CVE-2017-16724,6.8
Advantech,CVE-2017-16720,9.3
Advantech,CVE-2017-16724,9.3
Advantech,CVE-2017-16728,6.8
Advantech,CVE-2017-16728,6.8
Advantech,CVE-2017-16728,6.8
Advantech,CVE-2017-16728,6.8
Advantech,CVE-2017-16728,6.8
Advantech,CVE-2017-16728,6.8
Advantech,CVE-2017-16728,6.8
Advantech,CVE-2017-16728,6.8
Advantech,CVE-2017-16728,6.8
Advantech,CVE-2017-16728,6.8
Advantech,CVE-2017-16728,6.8
Advantech,CVE-2017-16728,6.8
Advantech,CVE-2017-16728,6.8
Advantech,CVE-2017-16728,6.8
Cisco,CVE-2018-0104,6.8
Cisco,CVE-2018-0103,6.8
Quest,CVE-2018-1163,10.0
Quest,CVE-2018-1162,8.5
Quest,CVE-2018-1161,10.0
Hewlett Packard Enterprise,CVE-2017-8977,8.5
Hewlett Packard Enterprise,CVE-2017-8975,10.0
Hewlett Packard Enterprise,CVE-2017-8976,10.0
Hewlett Packard Enterprise,CVE-2020-7143,8.8
Hewlett Packard Enterprise,CVE-2020-7142,8.8
Hewlett Packard Enterprise,CVE-2020-24652,8.8
Hewlett Packard Enterprise,CVE-2020-7141,8.8
Hewlett Packard Enterprise,CVE-2020-24630,8.8
Hewlett Packard Enterprise,CVE-2020-24651,8.8
Hewlett Packard Enterprise,CVE-2020-24650,8.8
Hewlett Packard Enterprise,CVE-2020-24629,9.8
Hewlett Packard Enterprise,CVE-2020-24646,9.8
Hewlett Packard Enterprise,CVE-2020-24648,8.8
Tencent,CVE-2019-17151,4.3
WECON,CVE-2019-18236,7.8
WECON,CVE-2019-18236,7.8
WECON,CVE-2018-14810,7.8
D-Link,CVE-2019-17146,8.8
Docker,CVE-2019-17150,7.8
Docker,CVE-2019-17149,7.8
Parallels,CVE-2019-17148,7.8
Apple,CVE-2019-8850,3.3
Apple,CVE-2019-8835,8.8
Trend Micro,CVE-2019-19693,7.1
Oracle,CVE-2019-2904,9.8
Microsoft,,7.5
Apple,,5.0
Advantech,CVE-2019-18257,9.8
Advantech,CVE-2019-18257,9.8
Advantech,CVE-2019-18257,9.8
Advantech,CVE-2019-18257,9.8
Advantech,CVE-2019-18257,9.8
Microsoft,CVE-2019-1408,8.8
WECON,CVE-2019-18236,7.8
NETGEAR,,5.7
Microsoft,,5.5
Linux,,5.5
NETGEAR,,4.4
Advantech,,9.8
Apple,CVE-2019-8798,6.5
Microsoft,CVE-2019-1465,3.3
Microsoft,CVE-2019-1466,3.3
Microsoft,CVE-2019-1462,7.8
Microsoft,CVE-2019-1483,7.0
Microsoft,CVE-2019-1468,7.8
Microsoft,CVE-2019-1481,4.3
Microsoft,CVE-2019-1480,4.3
Adobe,CVE-2019-8257,7.8
Rockwell Automation,CVE-2019-13510,7.8
Rockwell Automation,CVE-2019-13510,7.8
Rockwell Automation,CVE-2019-13510,7.8
Omron,CVE-2019-18251,8.8
Dell,CVE-2019-18580,9.8
Apple,CVE-2019-8831,3.3
Rockwell Automation,CVE-2019-13510,7.8
Rockwell Automation,CVE-2019-13527,7.8
TP-Link,CVE-2019-17147,8.8
Phoenix Contact,CVE-2019-16675,7.8
Symantec,CVE-2019-18372,5.3
Symantec,CVE-2019-12759,7.8
VMware,CVE-2019-5541,8.2
Microsoft,CVE-2019-1380,7.0
Microsoft,CVE-2019-1456,8.6
Microsoft,CVE-2019-1441,7.8
Microsoft,CVE-2019-1394,8.8
Microsoft,CVE-2019-1393,8.8
Microsoft,CVE-2019-1396,8.8
Microsoft,CVE-2019-1395,8.8
Microsoft,CVE-2019-1412,8.4
Microsoft,CVE-2019-1385,6.1
Microsoft,CVE-2019-1423,7.8
Microsoft,CVE-2019-1419,8.6
Microsoft,CVE-2019-1408,8.8
Microsoft,CVE-2019-1388,7.8
Microsoft,CVE-2019-1432,3.3
Microsoft,CVE-2019-1411,3.3
Microsoft,CVE-2019-1422,5.3
Fuji Electric,CVE-2019-18240,7.8
Fuji Electric,CVE-2019-18240,7.8
Fuji Electric,CVE-2019-18240,7.8
Fuji Electric,CVE-2019-18240,7.8
Fuji Electric,CVE-2019-18240,7.8
Microsoft,CVE-2019-1362,8.8
Oracle,CVE-2019-2867,8.2
Oracle,CVE-2019-2867,8.2
Oracle,CVE-2019-2867,8.2
Apple,CVE-2019-8748,7.8
Apple,,7.8
Advantech,CVE-2019-13547,9.8
Advantech,CVE-2019-18227,7.5
Advantech,CVE-2019-13551,9.8
Advantech,CVE-2019-18229,6.5
Advantech,CVE-2019-18229,6.5
Advantech,CVE-2019-18229,5.5
Advantech,CVE-2019-18227,7.5
Advantech,CVE-2019-18227,7.5
Advantech,CVE-2019-18229,6.5
Advantech,CVE-2019-18229,6.5
Advantech,CVE-2019-13551,8.8
Advantech,CVE-2019-18229,6.5
Advantech,CVE-2019-18229,6.5
Advantech,CVE-2019-18227,7.5
Advantech,CVE-2019-18227,7.5
Advantech,CVE-2019-18227,7.5
Advantech,CVE-2019-18227,7.5
Advantech,CVE-2019-18227,7.5
Advantech,CVE-2019-18227,7.5
Advantech,CVE-2019-13551,7.5
Advantech,CVE-2019-18229,6.5
Advantech,CVE-2019-18227,7.5
Advantech,CVE-2019-18229,6.5
Advantech,CVE-2019-18229,6.5
Advantech,CVE-2019-18227,7.5
Advantech,CVE-2019-13551,9.8
Apple,"CVE-2019-8755, CVE-2019-8758",7.8
Jenkins,CVE-2019-10443,3.3
Jenkins,CVE-2019-10440,3.3
Jenkins,,3.3
Jenkins,,3.3
Jenkins,,3.3
Jenkins,,3.3
Jenkins,,3.3
Jenkins,,3.3
Jenkins,,3.3
Microsoft,,6.5
Phoenix Contact,CVE-2019-16675,7.8
Phoenix Contact,CVE-2019-16675,7.8
Google,CVE-2019-13698,8.8
Apple,CVE-2019-8735,5.0
Apple,CVE-2019-8592,7.8
Oracle,CVE-2019-3031,6.0
Oracle,CVE-2019-3026,6.5
Oracle,CVE-2019-3017,8.2
Foxit,CVE-2019-17145,7.8
Foxit,CVE-2019-17144,7.8
Foxit,CVE-2019-17143,3.3
Foxit,CVE-2019-17142,7.8
Foxit,CVE-2019-17141,7.8
Foxit,CVE-2019-17140,7.8
Foxit,CVE-2019-17139,7.8
Foxit,CVE-2019-17138,3.3
Adobe,CVE-2019-8243,3.3
Adobe,CVE-2019-8244,3.3
Adobe,CVE-2019-8241,3.3
Adobe,CVE-2019-8242,3.3
Horner Automation,CVE-2019-13545,7.8
Horner Automation,CVE-2019-13541,7.8
Adobe,CVE-2019-8225,7.8
Adobe,CVE-2019-8224,7.8
Adobe,CVE-2019-8223,7.8
Adobe,CVE-2019-8166,7.8
Adobe,CVE-2019-8219,7.8
Adobe,CVE-2019-8217,7.8
Adobe,CVE-2019-8210,7.8
Adobe,CVE-2019-8208,7.8
Adobe,CVE-2019-8209,7.8
Adobe,CVE-2019-8204,7.8
Adobe,CVE-2019-8203,7.8
Adobe,CVE-2019-8192,7.8
Adobe,CVE-2019-8191,7.8
Adobe,CVE-2019-8165,7.8
Adobe,CVE-2019-8190,3.3
Adobe,CVE-2019-8163,3.3
Adobe,CVE-2019-8189,3.3
Adobe,CVE-2019-8188,3.3
Adobe,CVE-2019-8187,3.3
Adobe,CVE-2019-8181,7.8
Adobe,CVE-2019-8180,7.8
Adobe,CVE-2019-8179,7.8
Adobe,CVE-2019-8178,7.8
Adobe,CVE-2019-8177,7.8
Adobe,CVE-2019-8176,7.8
Adobe,CVE-2019-8064,3.3
Adobe,CVE-2019-8175,7.8
Adobe,CVE-2019-8174,7.8
Adobe,CVE-2019-8173,3.3
Adobe,CVE-2019-8172,3.3
Adobe,CVE-2019-8171,7.8
Adobe,CVE-2019-8170,7.8
Microsoft,CVE-2019-1362,8.8
Microsoft,CVE-2019-1362,8.8
Microsoft,CVE-2019-1361,4.3
NETGEAR,CVE-2019-17137,9.4
Apple,CVE-2019-8707,8.8
Apple,CVE-2019-8707,8.8
Apple,CVE-2019-8745,7.8
Jenkins,CVE-2019-10433,5.3
Foxit,CVE-2019-17136,7.8
Foxit,CVE-2019-17135,7.8
Foxit,CVE-2019-13334,7.8
Foxit,CVE-2019-13333,7.8
Apple,CVE-2019-8539,4.7
Apple,CVE-2019-8657,3.3
Foxit,CVE-2019-13332,7.8
Foxit,CVE-2019-13331,7.8
Foxit,CVE-2019-13330,7.8
Foxit,CVE-2019-13329,7.8
Foxit,CVE-2019-13328,7.8
Foxit,CVE-2019-13327,7.8
Foxit,CVE-2019-13326,7.8
Microsoft,,6.1
Advantech,CVE-2019-13556,9.8
Advantech,CVE-2019-13552,5.3
Advantech,CVE-2019-13552,5.3
Advantech,CVE-2019-13552,9.8
Advantech,CVE-2019-13556,9.8
Foxit,CVE-2019-13325,7.8
Foxit,CVE-2019-13324,7.8
Foxit,CVE-2019-13323,7.8
Jenkins,CVE-2019-10378,3.3
Jenkins,CVE-2019-10350,3.3
Jenkins,CVE-2019-10348,3.3
Jenkins,CVE-2019-10351,3.3
Jenkins,CVE-2019-10361,3.3
Jenkins,CVE-2019-10385,3.3
Jenkins,CVE-2019-10366,3.3
Apple,CVE-2019-8585,5.3
Microsoft,CVE-2019-1208,8.8
Delta Industrial Automation,CVE-2019-13544,7.8
Delta Industrial Automation,CVE-2019-13544,7.8
Delta Industrial Automation,CVE-2019-13536,7.8
Delta Industrial Automation,CVE-2019-13536,7.8
Delta Industrial Automation,CVE-2019-13536,7.8
Delta Industrial Automation,CVE-2019-13536,7.8
Delta Industrial Automation,CVE-2019-13540,7.8
Delta Industrial Automation,CVE-2019-13540,7.8
Microsoft,CVE-2019-1283,3.3
Microsoft,CVE-2019-1283,3.3
Fuji Electric,CVE-2019-13520,7.8
Apple,CVE-2019-8692,5.6
Adobe,CVE-2019-8070,8.8
Adobe,CVE-2019-8069,8.8
Microsoft,CVE-2019-1306,8.3
Microsoft,CVE-2019-1297,7.0
Microsoft,CVE-2019-1295,7.2
Microsoft,CVE-2019-1296,7.2
Microsoft,CVE-2019-1257,8.8
Microsoft,CVE-2019-1252,3.1
Microsoft,CVE-2019-1248,7.0
Microsoft,CVE-2019-1246,7.0
Microsoft,CVE-2019-1251,3.3
Microsoft,CVE-2019-1241,7.0
Microsoft,CVE-2019-1249,7.0
Microsoft,CVE-2019-1242,7.0
Microsoft,CVE-2019-1243,7.0
Microsoft,CVE-2019-1253,6.1
Rockwell Automation,CVE-2019-13519,7.8
Rockwell Automation,CVE-2019-13510,7.8
Rockwell Automation,CVE-2019-13510,7.8
Rockwell Automation,CVE-2019-13521,7.8
Fuji Electric,CVE-2019-13520,7.8
Red Lion,CVE-2019-10996,3.3
Red Lion,CVE-2019-10978,3.3
Red Lion,CVE-2019-10978,3.3
Red Lion,CVE-2019-10978,3.3
Red Lion,CVE-2019-10978,7.8
Red Lion,CVE-2019-10978,3.3
Red Lion,CVE-2019-10984,7.8
Red Lion,CVE-2019-10978,3.3
Red Lion,CVE-2019-10984,7.8
Red Lion,CVE-2019-10996,7.8
Red Lion,CVE-2019-10996,7.8
Red Lion,CVE-2019-10984,7.8
Red Lion,CVE-2019-10990,6.5
Red Lion,CVE-2019-10978,7.8
Red Lion,CVE-2019-10996,7.8
Mozilla,CVE-2019-9812,5.5
Microsoft,CVE-2019-1283,4.3
Google,CVE-2019-10565,7.8
Adobe,CVE-2019-7989,7.8
Adobe,CVE-2019-7989,5.5
Adobe,CVE-2019-7989,7.8
Adobe,CVE-2019-7989,5.5
Adobe,CVE-2019-7989,5.5
Adobe,CVE-2019-7989,7.8
Adobe,CVE-2019-7989,5.5
Adobe,CVE-2019-7989,5.5
Adobe,CVE-2019-7989,7.8
Adobe,CVE-2019-7989,7.8
Adobe,CVE-2019-7989,7.8
Adobe,CVE-2019-7989,7.8
Apple,CVE-2019-8681,5.0
Apple,CVE-2019-8604,9.3
Apple,CVE-2019-8601,8.8
WECON,CVE-2019-6537,7.8
Fuji Electric,CVE-2019-13520,7.8
Fuji Electric,CVE-2019-13520,7.8
Fuji Electric,CVE-2019-13520,7.8
Adobe,CVE-2019-8058,3.3
Adobe,CVE-2019-8057,7.8
Adobe,CVE-2019-8056,3.3
Adobe,CVE-2019-8059,3.3
Adobe,CVE-2019-8053,3.3
Adobe,CVE-2019-8054,3.3
Adobe,CVE-2019-8051,3.3
Adobe,CVE-2019-8052,3.3
Adobe,CVE-2019-8040,7.8
Adobe,CVE-2019-8039,7.8
Adobe,CVE-2019-8038,7.8
Adobe,CVE-2019-8037,3.3
Adobe,CVE-2019-8035,3.3
Adobe,CVE-2019-8033,7.8
Adobe,CVE-2019-8034,7.8
Adobe,CVE-2019-8027,4.5
Adobe,CVE-2019-8019,7.0
Adobe,CVE-2019-7994,7.8
Adobe,CVE-2019-7995,7.8
Adobe,CVE-2019-7996,7.8
Adobe,CVE-2019-7988,7.8
Adobe,CVE-2019-7989,7.8
Adobe,CVE-2019-7976,7.8
Adobe,CVE-2019-7977,2.5
Adobe,CVE-2019-7978,7.8
Adobe,CVE-2019-7979,7.8
Adobe,CVE-2019-7980,7.8
Adobe,CVE-2019-7981,2.5
Adobe,CVE-2019-7982,7.8
Adobe,CVE-2019-7983,7.8
Adobe,CVE-2019-7984,7.8
Adobe,CVE-2019-7985,7.8
Adobe,CVE-2019-7986,7.8
Adobe,CVE-2019-7987,4.7
Adobe,CVE-2019-8013,7.8
Adobe,CVE-2019-8014,7.8
Adobe,CVE-2019-8008,7.8
Microsoft,CVE-2019-0988,7.5
Delta Industrial Automation,CVE-2019-13513,7.8
Delta Industrial Automation,CVE-2019-13513,7.8
Delta Industrial Automation,CVE-2019-13513,7.8
Delta Industrial Automation,CVE-2019-13513,7.8
Delta Industrial Automation,CVE-2019-13513,7.8
Delta Industrial Automation,CVE-2019-13514,7.8
Microsoft,,3.3
Microsoft,CVE-2019-1201,7.0
Microsoft,CVE-2019-1158,3.3
Microsoft,CVE-2019-1157,7.0
Microsoft,CVE-2019-1156,2.5
Microsoft,CVE-2019-1155,7.0
Microsoft,CVE-2019-1187,4.3
Microsoft,CVE-2019-1169,7.1
Microsoft,CVE-2019-1145,7.8
Microsoft,CVE-2019-1144,7.8
Microsoft,CVE-2019-1184,8.8
Microsoft,CVE-2019-1148,3.3
Microsoft,CVE-2019-1143,4.3
Microsoft,CVE-2019-1146,7.0
Microsoft,CVE-2019-1147,7.0
EZAutomation,,7.8
EZAutomation,,7.8
Rockwell Automation,CVE-2019-13510,7.8
Rockwell Automation,CVE-2019-13510,7.8
Rockwell Automation,CVE-2019-13510,7.8
Rockwell Automation,CVE-2019-13510,7.8
Rockwell Automation,CVE-2019-13511,3.3
Rockwell Automation,CVE-2019-13510,7.8
Rockwell Automation,CVE-2019-13510,7.8
Rockwell Automation,CVE-2019-13510,7.8
Advantech,CVE-2019-10961,7.8
Fuji Electric,CVE-2019-13512,3.3
LAquis,CVE-2019-10980,7.8
LAquis,CVE-2019-10994,2.5
SolarWinds,,7.8
Apple,CVE-2019-8692,4.7
Apple,CVE-2019-8697,8.8
Apple,CVE-2019-8681,5.0
Apple,CVE-2019-8658,4.3
Apple,CVE-2019-8691,4.7
Apple,CVE-2019-8644,5.0
Apple,CVE-2019-8695,3.3
Apple,CVE-2019-8669,5.0
Apple,CVE-2019-8657,3.3
Apple,CVE-2019-8686,5.0
Apple,CVE-2019-8582,3.3
Delta Industrial Automation,CVE-2019-10992,3.3
Delta Industrial Automation,CVE-2019-10992,3.3
Delta Industrial Automation,CVE-2019-10982,7.8
Delta Industrial Automation,CVE-2019-10982,7.8
Schneider Electric,CVE-2019-6827,7.0
Microsoft,,3.3
Apple,CVE-2019-8592,3.3
Oracle,CVE-2019-2859,8.8
Oracle,CVE-2019-2866,8.2
Oracle,CVE-2019-2867,8.2
Oracle,CVE-2019-2865,7.5
Oracle,CVE-2019-2864,7.5
Oracle,CVE-2019-2827,8.8
Oracle,CVE-2019-2799,7.8
Oracle,CVE-2019-2863,6.5
Xiaomi,CVE-2019-13322,7.5
Xiaomi,CVE-2019-13321,5.5
Schneider Electric,CVE-2019-6822,7.8
Mozilla,CVE-2019-9811,5.6
Adobe,CVE-2019-7963,3.3
Microsoft,CVE-2019-1112,2.5
Microsoft,CVE-2019-1093,3.3
Microsoft,CVE-2019-1093,3.3
Microsoft,CVE-2019-1094,3.3
Microsoft,CVE-2019-1095,3.3
Microsoft,CVE-2019-1101,5.5
Microsoft,CVE-2019-1102,3.3
Microsoft,CVE-2019-1116,3.3
Microsoft,CVE-2019-1097,3.3
Microsoft,CVE-2019-1098,7.8
Microsoft,CVE-2019-1099,3.3
Microsoft,CVE-2019-1100,3.3
Microsoft,CVE-2019-1110,7.8
Microsoft,CVE-2019-1111,7.8
Microsoft,CVE-2019-0948,2.6
Google,CVE-2019-9353,8.0
Microsoft,CVE-2019-0920,5.0
Microsoft,CVE-2019-0920,5.0
Foxit,CVE-2019-13320,7.8
Foxit,CVE-2019-13319,7.8
Foxit,CVE-2019-13318,5.5
Foxit,CVE-2019-13317,7.8
Foxit,CVE-2019-13316,7.8
Foxit,CVE-2019-13315,7.8
Foxit,CVE-2019-6776,7.8
Foxit,CVE-2019-6775,7.8
Foxit,CVE-2019-6774,7.8
Adobe,CVE-2019-7804,7.8
Microsoft,CVE-2019-0920,5.0
Microsoft,CVE-2019-0920,5.0
Microsoft,CVE-2019-0920,5.0
Microsoft,CVE-2019-0906,7.0
Advantech,CVE-2019-10993,9.8
Advantech,CVE-2019-10985,7.5
Advantech,CVE-2019-10983,5.3
Advantech,CVE-2019-10991,9.8
Advantech,CVE-2019-10991,9.8
Advantech,CVE-2019-10993,9.8
Advantech,CVE-2019-10993,9.8
Advantech,CVE-2019-10993,9.8
Advantech,CVE-2019-10993,9.8
Advantech,CVE-2019-10993,9.8
Advantech,CVE-2019-10993,9.8
Advantech,CVE-2019-10993,9.8
Advantech,CVE-2019-10993,9.8
Advantech,CVE-2019-10993,9.8
Advantech,CVE-2019-10993,9.8
Advantech,CVE-2019-10993,9.8
Advantech,CVE-2019-10993,9.8
Advantech,CVE-2019-10993,9.8
Advantech,CVE-2019-10993,9.8
Advantech,CVE-2019-10993,9.8
Advantech,CVE-2019-10993,9.8
Advantech,CVE-2019-10993,9.8
Advantech,CVE-2019-10993,9.8
Advantech,CVE-2019-10993,9.8
Advantech,CVE-2019-10993,9.8
Advantech,CVE-2019-10993,9.8
Advantech,CVE-2019-10993,9.8
Advantech,CVE-2019-10993,9.8
Advantech,CVE-2019-10993,9.8
Advantech,CVE-2019-10991,9.8
Advantech,CVE-2019-10993,9.8
Advantech,CVE-2019-10991,9.8
Advantech,CVE-2019-10989,9.8
Advantech,CVE-2019-10989,9.8
Advantech,CVE-2019-10991,9.8
Advantech,CVE-2019-10991,9.8
Advantech,CVE-2019-10987,9.8
Advantech,CVE-2019-10991,9.8
Advantech,CVE-2019-6550,9.8
Advantech,CVE-2019-10987,8.8
Alibaba,,4.5
Apache,CVE-2019-10072,5.3
Microsoft,CVE-2017-8533,3.3
Microsoft,CVE-2019-1013,3.3
Phoenix Contact,CVE-2019-12869,3.3
Phoenix Contact,CVE-2019-12871,7.8
Phoenix Contact,CVE-2019-12871,7.8
Phoenix Contact,CVE-2019-12871,7.8
Phoenix Contact,CVE-2019-12870,7.8
Electronic Arts,CVE-2019-12828,8.8
Microsoft,CVE-2019-1013,3.3
Microsoft,CVE-2019-1035,4.5
Microsoft,CVE-2019-1065,7.8
Panasonic,CVE-2019-6532,7.8
Apple,CVE-2019-8519,7.1
Panasonic,CVE-2019-6532,7.8
Panasonic,CVE-2019-6530,7.8
Panasonic,CVE-2019-6532,7.8
Panasonic,CVE-2019-6530,7.8
Adobe,CVE-2019-7845,7.5
Microsoft,CVE-2019-1016,3.3
Microsoft,CVE-2019-1034,3.3
Microsoft,CVE-2019-1049,3.3
Microsoft,CVE-2019-1041,7.8
Microsoft,CVE-2019-1046,3.3
Microsoft,CVE-2019-1015,3.3
Microsoft,CVE-2019-1012,3.1
Microsoft,CVE-2019-1046,3.3
Microsoft,CVE-2019-1010,3.3
Microsoft,CVE-2019-1050,3.3
Microsoft,CVE-2019-1011,3.3
Microsoft,CVE-2019-1048,3.3
Microsoft,CVE-2019-1009,3.3
Microsoft,CVE-2019-1049,3.3
Microsoft,CVE-2019-1011,3.3
Microsoft,CVE-2019-1047,3.3
Microsoft,CVE-2019-0977,3.3
Microsoft,CVE-2019-1016,3.3
Microsoft,CVE-2019-0968,3.3
Microsoft,CVE-2019-0908,7.0
Apple,CVE-2019-8635,7.0
Apple,CVE-2019-8585,3.3
Apple,CVE-2019-8606,7.0
Apple,CVE-2019-8603,8.8
Apple,CVE-2019-8635,7.0
Apple,CVE-2019-8616,7.8
Apple,CVE-2019-8610,5.0
Apple,CVE-2019-8587,5.0
Apple,CVE-2019-6237,5.0
Apple,CVE-2019-8571,5.6
Apple,CVE-2019-8608,5.0
Apple,CVE-2019-8597,4.3
Apple,CVE-2019-8595,7.5
Apple,CVE-2019-8584,5.0
Apple,CVE-2019-8615,4.3
Hewlett Packard Enterprise,CVE-2019-11956,8.8
Hewlett Packard Enterprise,CVE-2019-11985,8.8
Hewlett Packard Enterprise,CVE-2019-11955,8.8
Hewlett Packard Enterprise,CVE-2019-11954,8.8
Hewlett Packard Enterprise,CVE-2019-11948,8.8
Hewlett Packard Enterprise,CVE-2019-11953,8.8
Hewlett Packard Enterprise,CVE-2019-11952,8.8
Hewlett Packard Enterprise,CVE-2019-11951,8.8
Hewlett Packard Enterprise,CVE-2019-11950,8.8
Hewlett Packard Enterprise,CVE-2019-11949,8.8
Hewlett Packard Enterprise,CVE-2019-5370,8.8
Fuji Electric,CVE-2019-10975,3.3
VMware,CVE-2019-5515,7.8
Samsung,CVE-2019-6744,4.3
Adobe,CVE-2019-7830,7.8
Adobe,CVE-2019-7827,7.0
Adobe,CVE-2019-7828,7.0
Adobe,CVE-2019-7829,7.8
Adobe,CVE-2019-7826,7.8
Adobe,CVE-2019-7825,7.8
Adobe,CVE-2019-7824,7.0
Adobe,CVE-2019-7823,3.3
Adobe,CVE-2019-7821,3.3
Adobe,CVE-2019-7822,7.8
Adobe,CVE-2019-7820,7.8
Adobe,CVE-2019-7818,7.8
Adobe,CVE-2019-7817,7.8
Adobe,CVE-2019-7814,7.8
Adobe,CVE-2019-7809,3.3
Adobe,CVE-2019-7810,3.3
Adobe,CVE-2019-7837,7.5
Adobe,CVE-2019-7798,7.8
Adobe,CVE-2019-7796,7.8
Adobe,CVE-2019-7799,3.3
Adobe,CVE-2019-7800,7.8
Adobe,CVE-2019-7803,3.3
Adobe,CVE-2019-7801,3.3
Adobe,CVE-2019-7802,3.3
Adobe,CVE-2019-7797,7.8
Adobe,CVE-2019-7794,3.3
Adobe,CVE-2019-7785,3.3
Adobe,CVE-2019-7786,7.8
Adobe,CVE-2019-7787,3.3
Adobe,CVE-2019-7145,3.3
Adobe,CVE-2019-7760,7.8
Adobe,CVE-2019-7759,7.8
Adobe,CVE-2019-7758,5.5
Adobe,CVE-2019-7144,3.3
Adobe,CVE-2019-7143,7.8
Adobe,CVE-2019-7140,3.3
Adobe,CVE-2019-7141,3.3
Adobe,CVE-2019-7842,7.8
Adobe,CVE-2019-7844,3.3
Microsoft,CVE-2019-0953,7.7
Microsoft,CVE-2019-0890,7.0
Microsoft,CVE-2019-0885,7.0
Microsoft,CVE-2019-0961,3.3
Microsoft,CVE-2019-0938,8.4
Microsoft,CVE-2019-0940,7.5
Microsoft,CVE-2019-0937,8.8
Microsoft,CVE-2019-0897,7.0
Microsoft,CVE-2019-0895,7.0
Microsoft,CVE-2019-0896,7.0
Microsoft,CVE-2019-0894,7.0
Microsoft,CVE-2019-0902,7.0
Microsoft,CVE-2019-0891,7.0
Microsoft,CVE-2019-0758,3.3
Microsoft,CVE-2019-0903,7.8
Microsoft,CVE-2019-0882,3.3
Hewlett Packard Enterprise,CVE-2019-11946,6.5
Hewlett Packard Enterprise,CVE-2019-11947,8.8
Hewlett Packard Enterprise,CVE-2019-11944,9.8
Hewlett Packard Enterprise,CVE-2019-11945,9.8
Hewlett Packard Enterprise,CVE-2019-11942,8.8
Hewlett Packard Enterprise,CVE-2019-11943,8.8
Hewlett Packard Enterprise,CVE-2019-5370,8.8
Hewlett Packard Enterprise,CVE-2019-11941,8.8
Adobe,CVE-2019-7127,3.3
WECON,CVE-2018-14810,7.8
WECON,CVE-2018-14810,8.4
Microsoft,,8.1
Foxit,CVE-2019-6773,3.3
Foxit,CVE-2019-6772,3.3
Foxit,CVE-2019-6771,3.3
Foxit,CVE-2019-6770,3.3
Foxit,CVE-2019-6769,7.8
Foxit,CVE-2019-6768,7.0
Foxit,CVE-2019-6767,7.0
Foxit,CVE-2019-6766,3.3
Foxit,CVE-2019-6765,7.8
Foxit,CVE-2019-6764,7.8
Foxit,CVE-2019-6763,7.8
Foxit,CVE-2019-6762,7.8
Foxit,CVE-2019-6761,7.8
Foxit,CVE-2019-6760,7.8
Foxit,CVE-2019-6759,7.8
Foxit,CVE-2019-6758,3.3
Foxit,CVE-2019-6757,7.8
Foxit,CVE-2019-6756,3.3
Foxit,CVE-2019-6755,7.8
Foxit,CVE-2019-6754,7.3
Foxit,CVE-2019-6753,3.3
Foxit,CVE-2019-6752,3.3
Oracle,CVE-2019-2722,6.7
Oracle,CVE-2019-2723,6.7
Oracle,CVE-2019-2723,4.4
Apple,CVE-2019-8534,8.8
VMware,CVE-2019-5518,7.8
VMware,CVE-2019-5519,7.8
Delta Industrial Automation,CVE-2019-10949,3.3
Delta Industrial Automation,CVE-2019-10949,3.3
Delta Industrial Automation,CVE-2019-10947,7.8
Delta Industrial Automation,CVE-2019-10949,3.3
Delta Electronics,CVE-2019-10949,3.3
Delta Electronics,CVE-2019-10949,3.3
Delta Industrial Automation,CVE-2019-10949,3.3
Delta Industrial Automation,CVE-2019-10949,3.3
Delta Industrial Automation,CVE-2019-10949,3.3
Delta Industrial Automation,CVE-2019-10947,7.8
Delta Industrial Automation,CVE-2019-10949,3.3
Delta Industrial Automation,CVE-2019-10951,7.8
Delta Industrial Automation,CVE-2019-10949,3.3
Delta Industrial Automation,CVE-2019-10949,3.3
Delta Industrial Automation,CVE-2019-10951,7.8
Delta Industrial Automation,CVE-2019-10947,7.8
Delta Industrial Automation,CVE-2019-10947,7.8
Delta Industrial Automation,CVE-2019-10947,7.8
Delta Industrial Automation,CVE-2019-10947,7.8
Delta Industrial Automation,CVE-2019-10947,7.8
Delta Industrial Automation,CVE-2019-10947,7.8
Oracle,CVE-2019-2574,6.5
Oracle,CVE-2019-2574,6.5
Oracle,CVE-2019-2574,6.5
Oracle,CVE-2019-2574,6.5
Oracle,CVE-2019-2574,6.5
Oracle,CVE-2019-2574,6.5
Oracle,CVE-2019-2574,6.5
Oracle,CVE-2019-2574,6.5
Oracle,CVE-2019-2574,6.5
Oracle,CVE-2019-2574,6.5
Oracle,CVE-2019-2574,6.5
Oracle,CVE-2019-2574,6.5
Oracle,CVE-2019-2574,6.5
Oracle,CVE-2019-2574,6.5
Oracle,CVE-2019-2574,6.5
Oracle,CVE-2019-2574,6.5
Oracle,CVE-2019-2574,6.5
Oracle,CVE-2019-2574,6.5
Oracle,CVE-2019-2574,6.5
Oracle,CVE-2019-2574,6.5
Oracle,CVE-2019-2690,7.8
Oracle,CVE-2019-2657,7.8
Oracle,CVE-2019-2656,7.8
Foxit,CVE-2019-6751,7.8
Foxit,CVE-2019-6750,7.8
Foxit,CVE-2019-6749,7.8
Foxit,CVE-2019-6748,7.8
Foxit,CVE-2019-6747,7.8
Foxit,CVE-2019-6746,3.3
VMware,CVE-2019-5520,2.8
Xiaomi,CVE-2018-6064,8.8
Xiaomi,CVE-2018-6065,7.5
Xiaomi,CVE-2019-6743,7.8
Mozilla,CVE-2019-9813,8.8
Mozilla,CVE-2019-9810,8.8
Microsoft,CVE-2019-0853,7.8
Microsoft,CVE-2019-0853,7.8
Microsoft,CVE-2019-0810,8.8
Microsoft,CVE-2019-0841,7.3
Microsoft,CVE-2019-0752,8.8
Microsoft,CVE-2019-0801,4.2
Adobe,CVE-2019-7108,3.1
Adobe,CVE-2019-7138,5.5
Adobe,CVE-2019-7137,5.5
Adobe,CVE-2019-7136,5.5
Adobe,CVE-2019-7135,5.5
Adobe,CVE-2019-7127,3.3
Adobe,CVE-2019-7134,5.5
Adobe,CVE-2019-7111,7.8
Adobe,CVE-2019-7109,3.3
Adobe,CVE-2019-7110,3.3
Adobe,CVE-2019-7133,3.3
Adobe,CVE-2019-7132,7.8
Adobe,CVE-2019-7130,7.8
Omron,CVE-2019-6556,7.8
Hewlett Packard Enterprise,CVE-2019-5389,8.8
Hewlett Packard Enterprise,CVE-2019-5388,8.8
Hewlett Packard Enterprise,CVE-2019-5387,8.8
Hewlett Packard Enterprise,CVE-2019-5380,8.8
Hewlett Packard Enterprise,CVE-2019-5381,8.8
Hewlett Packard Enterprise,CVE-2019-5382,8.8
Hewlett Packard Enterprise,CVE-2019-5383,8.8
Hewlett Packard Enterprise,CVE-2019-5384,8.8
Hewlett Packard Enterprise,CVE-2019-5385,8.8
Hewlett Packard Enterprise,CVE-2019-5386,8.8
Microsoft,CVE-2019-0774,3.3
Microsoft,CVE-2019-0667,7.5
Advantech,CVE-2019-6554,7.5
Advantech,CVE-2019-6550,9.8
Advantech,CVE-2019-6550,9.8
Advantech,CVE-2019-6550,9.8
Advantech,CVE-2019-6550,9.8
Advantech,CVE-2019-6552,9.8
Advantech,CVE-2019-6550,9.8
Advantech,CVE-2019-6552,9.8
Advantech,CVE-2019-6550,9.8
Advantech,CVE-2019-6550,9.8
Advantech,CVE-2019-6550,9.8
Advantech,CVE-2019-6550,9.8
Advantech,CVE-2019-6550,9.8
Advantech,CVE-2019-6550,9.8
Advantech,CVE-2019-6550,9.8
Advantech,CVE-2019-6550,9.8
Advantech,CVE-2019-6550,9.8
Advantech,CVE-2019-6550,9.8
Advantech,CVE-2019-6550,9.8
Advantech,CVE-2019-6550,9.8
Advantech,CVE-2019-6550,9.8
Advantech,CVE-2019-6550,9.8
Advantech,CVE-2019-6550,9.8
Advantech,CVE-2019-6550,9.8
LAquis,CVE-2019-6536,7.8
VMware,CVE-2019-5515,5.3
Jaspersoft,CVE-2018-18815,6.2
Adobe,CVE-2019-7131,7.8
Hewlett Packard Enterprise,,8.8
Hewlett Packard Enterprise,CVE-2019-5378,8.8
Hewlett Packard Enterprise,CVE-2019-5377,8.8
Hewlett Packard Enterprise,CVE-2019-5376,8.8
Hewlett Packard Enterprise,CVE-2019-5375,8.8
Hewlett Packard Enterprise,CVE-2019-5379,8.8
Hewlett Packard Enterprise,CVE-2019-5374,8.8
Hewlett Packard Enterprise,CVE-2019-5373,8.8
Hewlett Packard Enterprise,CVE-2019-5372,8.8
Hewlett Packard Enterprise,CVE-2019-5371,8.8
Advantech,,9.8
Advantech,,9.8
Drupal,CVE-2019-6341,6.1
Apple,CVE-2019-8529,7.8
Apple,CVE-2019-8519,5.5
Apple,CVE-2019-8524,7.5
Apple,CVE-2019-8517,4.3
Microsoft,CVE-2019-0784,4.5
Xiaomi,,8.8
Xiaomi,,5.5
Xiaomi,,8.0
Google,,5.9
Xiaomi,,5.5
Microsoft,CVE-2019-0746,3.1
Microsoft,CVE-2019-0774,3.3
Microsoft,CVE-2019-0617,7.0
Microsoft,CVE-2019-0665,5.0
Microsoft,CVE-2019-0603,9.8
Microsoft,CVE-2019-0665,5.0
Microsoft,CVE-2019-0665,5.0
Microsoft,CVE-2019-0614,5.5
Microsoft,CVE-2019-0726,5.0
Hewlett Packard Enterprise,CVE-2019-11961,8.8
Hewlett Packard Enterprise,CVE-2019-5368,8.8
Hewlett Packard Enterprise,CVE-2019-11962,8.8
Hewlett Packard Enterprise,CVE-2019-11963,8.8
Hewlett Packard Enterprise,CVE-2019-11964,8.8
Hewlett Packard Enterprise,CVE-2019-11965,8.8
Hewlett Packard Enterprise,CVE-2019-5367,9.8
Hewlett Packard Enterprise,CVE-2019-5370,8.8
Hewlett Packard Enterprise,CVE-2019-11960,8.8
Hewlett Packard Enterprise,CVE-2019-5369,8.8
Hewlett Packard Enterprise,CVE-2019-11959,8.8
Hewlett Packard Enterprise,CVE-2019-11958,8.8
Hewlett Packard Enterprise,CVE-2019-11966,8.8
Adobe,CVE-2019-7094,7.0
Advantech,,7.8
Jaspersoft,CVE-2018-18815,7.5
Samsung,CVE-2019-6742,10.0
Samsung,CVE-2019-6741,6.5
Samsung,CVE-2019-6740,9.6
Unity Technologies,CVE-2019-9197,8.8
Hewlett Packard Enterprise,CVE-2019-5357,8.8
Hewlett Packard Enterprise,CVE-2019-5356,9.8
Hewlett Packard Enterprise,CVE-2019-5350,8.8
Hewlett Packard Enterprise,CVE-2019-5349,8.8
Hewlett Packard Enterprise,CVE-2019-5362,8.8
Hewlett Packard Enterprise,CVE-2019-5352,8.8
Hewlett Packard Enterprise,CVE-2019-5354,8.8
Hewlett Packard Enterprise,CVE-2019-5351,8.8
Hewlett Packard Enterprise,CVE-2019-5348,8.8
Hewlett Packard Enterprise,CVE-2019-5363,8.8
Hewlett Packard Enterprise,CVE-2019-11986,8.8
Hewlett Packard Enterprise,CVE-2019-5358,9.8
Hewlett Packard Enterprise,CVE-2019-5364,8.8
Hewlett Packard Enterprise,CVE-2019-5365,8.8
Hewlett Packard Enterprise,CVE-2019-5366,8.8
Hewlett Packard Enterprise,CVE-2019-5359,8.8
Hewlett Packard Enterprise,CVE-2019-5360,8.8
Hewlett Packard Enterprise,CVE-2019-5361,8.8
Hewlett Packard Enterprise,CVE-2019-5353,8.8
Tencent,,4.5
Microsoft,CVE-2019-0598,7.0
Advantech,,9.8
Advantech,,9.8
Microsoft,,2.5
Horner Automation,CVE-2019-6555,7.8
Horner Automation,CVE-2019-6555,7.8
Delta Industrial Automation,CVE-2019-6547,3.3
Microsoft,CVE-2019-0672,7.8
Malwarebytes,CVE-2019-6739,8.8
Microsoft,CVE-2019-0595,2.5
Microsoft,CVE-2019-0581,7.0
Microsoft,CVE-2019-0596,7.0
Adobe,CVE-2019-7090,3.1
Adobe,CVE-2019-7079,7.8
Adobe,CVE-2019-7078,7.8
Adobe,CVE-2019-7077,7.8
Adobe,CVE-2019-7072,7.8
Adobe,CVE-2019-7073,3.3
Adobe,CVE-2019-7074,3.3
Adobe,CVE-2019-7075,3.3
Adobe,CVE-2019-7071,3.3
Adobe,CVE-2019-7070,7.8
Adobe,CVE-2019-7069,7.8
Adobe,CVE-2019-7049,3.3
Adobe,CVE-2019-7048,7.8
Adobe,CVE-2019-7045,3.3
Adobe,CVE-2019-7044,7.8
Adobe,CVE-2019-7043,7.8
Adobe,CVE-2019-7042,7.8
Adobe,CVE-2019-7041,2.7
Microsoft,CVE-2019-0619,3.3
Microsoft,CVE-2019-0618,3.3
Microsoft,CVE-2019-0674,7.8
Microsoft,CVE-2019-0674,7.8
Microsoft,CVE-2019-0673,7.8
Microsoft,CVE-2019-0615,3.3
Microsoft,CVE-2019-0619,3.3
Microsoft,CVE-2019-0618,7.8
Microsoft,CVE-2019-0625,7.0
Microsoft,CVE-2019-0671,7.8
Microsoft,CVE-2019-0616,3.3
Microsoft,CVE-2019-0602,3.3
Microsoft,CVE-2019-0601,6.6
Microsoft,CVE-2019-0600,7.1
Microsoft,CVE-2019-0615,3.3
Microsoft,CVE-2019-0599,7.0
Microsoft,CVE-2019-0597,7.0
Microsoft,CVE-2019-0598,7.0
Microsoft,CVE-2019-0596,7.0
Microsoft,CVE-2019-0595,7.0
Microsoft,CVE-2019-0604,9.8
Microsoft,CVE-2019-0594,7.2
Microsoft,CVE-2019-0593,5.0
Cisco,,4.3
Cisco,,4.3
Omron,CVE-2018-19017,7.8
Omron,CVE-2018-19019,7.8
Omron,CVE-2018-19018,7.8
Omron,CVE-2018-19020,3.3
Hewlett Packard Enterprise,CVE-2019-5346,8.8
Hewlett Packard Enterprise,CVE-2019-5344,8.8
Hewlett Packard Enterprise,CVE-2019-5345,8.8
Hewlett Packard Enterprise,CVE-2019-5347,9.8
Hewlett Packard Enterprise,CVE-2019-5343,8.8
Hewlett Packard Enterprise,CVE-2019-5342,8.8
Hewlett Packard Enterprise,CVE-2019-5341,8.8
Hewlett Packard Enterprise,CVE-2019-5340,8.8
Hewlett Packard Enterprise,CVE-2019-5339,8.8
Hewlett Packard Enterprise,CVE-2019-5338,8.8
Hewlett Packard Enterprise,CVE-2018-7124,9.8
Hewlett Packard Enterprise,CVE-2018-7125,6.3
Cisco,CVE-2019-1639,7.0
Bitdefender,CVE-2019-6738,8.8
Bitdefender,CVE-2019-6737,8.8
Bitdefender,CVE-2019-6736,8.8
WECON,CVE-2019-6537,7.8
WECON,CVE-2019-6537,7.8
WECON,CVE-2019-6537,7.8
WECON,CVE-2019-6537,7.8
WECON,CVE-2019-6537,7.8
WECON,CVE-2019-6537,7.8
WECON,CVE-2019-6539,7.8
WECON,CVE-2019-6539,7.8
WECON,CVE-2019-6541,7.8
WECON,CVE-2019-6539,7.8
Wecon,CVE-2019-6539,9.3
Wecon,CVE-2019-6537,6.8
Wecon,CVE-2019-6537,6.8
Wecon,CVE-2019-6537,6.8
Foxit,CVE-2019-6727,3.3
Foxit,CVE-2019-6735,3.3
Foxit,CVE-2019-6734,3.3
Foxit,CVE-2019-6733,3.3
Foxit,CVE-2019-6732,3.3
Foxit,CVE-2019-6731,7.8
Foxit,CVE-2019-6730,7.8
Foxit,CVE-2019-6729,7.8
Foxit,CVE-2019-6728,3.3
Foxit,CVE-2019-6727,7.8
Foxit,CVE-2019-5005,7.8
Apple,CVE-2019-6216,7.3
Drupal,CVE-2019-6339,6.8
Cisco,CVE-2019-1636,8.8
Cisco,CVE-2019-1638,7.8
Apple,CVE-2019-6211,6.3
Apple,CVE-2019-6202,7.0
Apple,CVE-2019-6221,7.8
Apple,CVE-2019-6217,6.3
Apple,CVE-2019-6234,8.8
Apple,CVE-2019-6233,8.8
Microsoft,,7.8
Omron,CVE-2018-19027,7.8
Omron,CVE-2018-19019,7.8
Omron,CVE-2018-19017,7.0
Omron,CVE-2018-19017,7.0
Omron,CVE-2018-19017,7.8
Omron,CVE-2018-19017,7.8
Omron,CVE-2018-19017,7.8
Omron,CVE-2018-19017,7.8
Omron,CVE-2018-19017,7.8
Omron,CVE-2018-19015,7.8
Omron,CVE-2018-19015,7.8
Omron,CVE-2018-19015,7.8
Omron,CVE-2018-19015,7.8
Omron,CVE-2018-19015,7.8
Omron,CVE-2018-19015,7.8
Omron,CVE-2018-19013,6.1
Omron,CVE-2018-19015,7.8
Omron,CVE-2018-19015,7.8
Omron,CVE-2018-19013,6.1
Omron,CVE-2018-19015,7.8
Omron,CVE-2018-19011,7.8
LAquis,CVE-2018-19004,3.3
LAquis,CVE-2018-19004,3.3
LAquis,CVE-2018-19002,7.8
LAquis SCADA,CVE-2018-18988,7.5
LAquis SCADA,CVE-2018-18988,5.0
LAquis SCADA,CVE-2018-18988,5.0
LAquis SCADA,CVE-2018-18988,5.0
LAquis SCADA,CVE-2018-18988,7.5
LAquis SCADA,CVE-2018-18988,7.5
LAquis SCADA,CVE-2018-18988,7.5
LAquis SCADA,CVE-2018-18988,5.0
LAquis SCADA,CVE-2018-18988,5.0
LAquis SCADA,CVE-2018-18988,5.0
LAquis SCADA,CVE-2018-18988,5.0
LAquis SCADA,CVE-2018-18988,7.5
LAquis SCADA,CVE-2018-18988,5.0
LAquis SCADA,CVE-2018-18988,7.5
LAquis SCADA,CVE-2018-18988,7.5
LAquis SCADA,CVE-2018-18988,7.5
LAquis SCADA,CVE-2018-18988,7.5
LAquis SCADA,CVE-2018-18988,7.5
LAquis SCADA,CVE-2018-18988,7.5
LAquis SCADA,CVE-2018-18988,5.0
LAquis SCADA,CVE-2018-18988,5.0
LAquis SCADA,CVE-2018-18988,7.5
LAquis SCADA,CVE-2018-18988,5.0
LAquis SCADA,CVE-2018-18988,5.0
LAquis SCADA,CVE-2018-18988,5.0
LAquis SCADA,CVE-2018-18988,7.5
LAquis SCADA,CVE-2018-18988,7.5
LAquis SCADA,CVE-2018-18988,7.5
LAquis SCADA,CVE-2018-19000,5.0
LAquis SCADA,CVE-2018-18998,7.5
LAquis SCADA,CVE-2018-18996,7.5
LAquis SCADA,CVE-2018-18996,7.5
LAquis SCADA,CVE-2018-18996,7.5
LAquis SCADA,CVE-2018-18992,7.5
LAquis SCADA,CVE-2018-18992,7.5
LAquis SCADA,CVE-2018-18992,7.5
LAquis SCADA,CVE-2018-18994,6.8
LAquis SCADA,CVE-2018-18992,7.5
LAquis SCADA,CVE-2018-18990,5.0
LAquis SCADA,CVE-2018-18986,6.8
LAquis SCADA,CVE-2018-19029,6.8
Oracle,CVE-2019-2526,7.8
Microsoft,CVE-2019-0585,7.3
Oracle,CVE-2019-2451,6.5
Oracle,CVE-2019-2554,6.5
Oracle,CVE-2019-2555,5.5
Oracle,CVE-2019-2450,6.5
Oracle,CVE-2019-2548,7.8
Oracle,CVE-2019-2448,5.5
Oracle,CVE-2019-2525,5.5
Oracle,CVE-2019-2446,5.5
Oracle,CVE-2019-2525,5.6
Oracle,CVE-2019-2524,8.8
Oracle,CVE-2019-2523,7.8
Oracle,CVE-2019-2520,7.8
Oracle,CVE-2019-2522,7.8
Oracle,CVE-2019-2521,7.8
Oracle,CVE-2018-3147,3.3
Oracle,CVE-2019-2500,8.2
Oracle,CVE-2019-2501,3.8
Oracle,CVE-2019-2504,3.8
Oracle,CVE-2019-2505,3.8
Oracle,CVE-2019-2506,3.8
Oracle,CVE-2019-2449,5.9
Schneider Electric,CVE-2018-7836,7.2
Schneider Electric,CVE-2018-7839,6.2
Schneider Electric,CVE-2018-7836,9.8
Schneider Electric,CVE-2018-7836,9.8
Schneider Electric,CVE-2018-7837,7.5
Schneider Electric,CVE-2018-7837,7.5
Schneider Electric,CVE-2018-7837,7.5
Schneider Electric,CVE-2018-7837,7.5
Schneider Electric,CVE-2018-7837,7.5
Schneider Electric,CVE-2018-7837,7.5
Schneider Electric,CVE-2018-7836,7.2
Schneider Electric,CVE-2018-7836,7.2
Schneider Electric,CVE-2018-7835,7.5
Omron,CVE-2018-19027,7.8
Omron,CVE-2018-19027,7.8
Omron,CVE-2018-19027,7.8
Microsoft,,4.3
Microsoft,CVE-2019-0546,8.1
Microsoft,CVE-2019-0537,2.5
Microsoft,,7.8
Microsoft,CVE-2019-0577,7.8
Microsoft,CVE-2019-0575,7.8
Microsoft,CVE-2019-0584,7.0
Microsoft,CVE-2019-0583,7.0
Microsoft,CVE-2019-0582,7.0
Microsoft,CVE-2019-0581,7.0
Microsoft,CVE-2019-0580,7.0
Schneider Electric,CVE-2018-7817,7.8
Schneider Electric,CVE-2018-7817,7.8
Hetronic,CVE-2018-19023,8.3
Adobe,CVE-2018-16018,7.7
Adobe,CVE-2018-16011,8.2
Qognify,CVE-2020-27868,9.8
Microsoft,,6.6
NETGEAR,CVE-2020-27866,8.8
VMware,CVE-2020-3999,6.5
Hewlett Packard Enterprise,CVE-2020-7200,9.8
Western Digital,CVE-2020-28970,0.0
Western Digital,CVE-2020-28971,5.4
Western Digital,CVE-2020-29563,9.8
Western Digital,CVE-2020-28940,5.4
Eaton,,7.8
Eaton,,7.8
Eaton,,7.8
Eaton,,7.8
Linux,,8.8
LibTIFF,,3.3
D-Link,,8.8
D-Link,,8.8
D-Link,,8.8
D-Link,,8.8
Microsoft,CVE-2021-1648,2.5
Microsoft,CVE-2021-1648,2.5
Microsoft,CVE-2021-1648,7.0
FreeBSD,CVE-2020-7468,8.8
NETGEAR,CVE-2020-27861,8.8
D-Link,CVE-2020-27865,8.8
D-Link,CVE-2020-27864,8.8
D-Link,CVE-2020-27863,6.5
D-Link,CVE-2020-27862,8.8
Microsoft,CVE-2020-17128,7.0
Microsoft,CVE-2020-17125,7.8
NETGEAR,CVE-2020-27867,6.8
Microsoft,CVE-2020-17119,2.5
X.Org,CVE-2020-25712,7.8
X.Org,CVE-2020-14360,7.8
X.Org,CVE-2020-14362,7.8
X.Org,CVE-2020-14361,7.8
X.Org,CVE-2020-14346,7.8
X.Org,CVE-2020-14345,7.8
Foxit,CVE-2020-27860,7.8
Microsoft,CVE-2020-17124,7.8
Microsoft,CVE-2020-17131,8.8
Microsoft,CVE-2020-17121,8.8
Apple,CVE-2020-9956,4.3
Apple,CVE-2020-9955,4.3
Apple,CVE-2020-10015,7.8
Apple,CVE-2020-10015,7.8
Apple,CVE-2020-27907,7.8
Apple,CVE-2020-9999,7.8
Apple,CVE-2020-27931,3.3
Apple,CVE-2020-27952,7.8
Apple,CVE-2020-27897,7.8
Apple,CVE-2020-27897,7.8
Apple,CVE-2020-27897,7.8
Realtek,,8.0
Realtek,,8.0
Microsoft,CVE-2020-0971,6.5
Arcserve,CVE-2020-27858,7.5
Apple,CVE-2020-10017,7.8
Apple,CVE-2020-10007,5.5
Apple,CVE-2020-9950,4.3
Apple,CVE-2020-9996,7.8
Apple,CVE-2020-9954,7.8
Apple,CVE-2020-9889,7.8
Apple,CVE-2020-9947,8.8
Apple,CVE-2020-9883,3.3
McAfee,CVE-2020-7335,7.0
Trend Micro,CVE-2020-28583,5.3
Trend Micro,CVE-2020-28582,5.3
VMware,CVE-2020-3992,7.8
Fuji Electric,CVE-2020-25171,7.8
SaltStack,CVE-2020-16846,7.3
SaltStack,CVE-2020-16846,7.3
SaltStack,CVE-2020-16846,7.3
SaltStack,CVE-2020-16846,7.3
SaltStack,CVE-2020-16846,7.3
Trend Micro,CVE-2020-28575,8.2
VMware,CVE-2020-3992,8.8
Trend Micro,CVE-2020-28577,5.3
Trend Micro,CVE-2020-28576,5.3
Trend Micro,CVE-2020-28573,5.3
Microsoft,CVE-2020-1319,8.8
Linux,CVE-2020-14351,7.8
Microsoft,CVE-2020-17057,8.8
Microsoft,CVE-2020-17048,7.5
Microsoft,CVE-2020-17053,8.8
Microsoft,CVE-2020-17053,8.8
Microsoft,CVE-2020-17019,7.8
Microsoft,CVE-2020-17014,6.1
Microsoft,CVE-2020-17012,7.8
SAP,CVE-2020-26817,7.8
Cisco,CVE-2020-3604,7.8
Cisco,CVE-2020-3573,7.8
Cisco,CVE-2020-3603,7.8
WECON,CVE-2020-25181,7.8
WECON,CVE-2020-25181,7.8
WECON,CVE-2020-25177,7.8
Adobe,CVE-2020-24438,3.3
Adobe,CVE-2020-24434,3.3
Adobe,CVE-2020-24436,7.8
Adobe,CVE-2020-24426,3.3
WECON,CVE-2020-16243,7.8
WECON,CVE-2020-16243,7.8
WECON,CVE-2020-16243,7.8
Foxit,CVE-2020-27857,7.8
Foxit,CVE-2020-27856,3.3
Foxit,CVE-2020-27855,3.3
Foxit,CVE-2020-17436,3.3
Foxit,CVE-2020-17435,3.3
Foxit,CVE-2020-17434,3.3
Foxit,CVE-2020-17433,3.3
Foxit,CVE-2020-17432,3.3
Foxit,CVE-2020-17431,7.8
Foxit,CVE-2020-17430,7.8
Foxit,CVE-2020-17429,3.3
Foxit,CVE-2020-17428,3.3
Foxit,CVE-2020-17427,7.8
Foxit,CVE-2020-17426,7.8
Foxit,CVE-2020-17425,7.8
Foxit,CVE-2020-17424,7.8
Foxit,CVE-2020-17423,7.8
Foxit,CVE-2020-17422,3.3
Foxit,CVE-2020-17421,7.8
Foxit,CVE-2020-17420,3.3
Foxit,CVE-2020-17419,7.8
Foxit,CVE-2020-17418,7.8
Micro Focus,CVE-2020-11853,8.8
Micro Focus,CVE-2020-11853,8.8
Micro Focus,CVE-2020-11858,7.8
Micro Focus,CVE-2020-11853,8.8
Micro Focus,CVE-2020-11853,8.8
Micro Focus,CVE-2020-11853,8.8
Micro Focus,CVE-2020-11853,8.8
Micro Focus,CVE-2020-11853,8.8
Micro Focus,CVE-2020-11853,8.8
Micro Focus,CVE-2020-11853,8.8
Micro Focus,CVE-2020-11853,8.8
Micro Focus,CVE-2020-11853,8.8
Micro Focus,CVE-2020-11853,8.8
Micro Focus,CVE-2020-11853,8.8
Micro Focus,CVE-2020-11853,8.8
Micro Focus,CVE-2020-11853,8.8
Micro Focus,CVE-2020-11853,8.8
Micro Focus,CVE-2020-11853,8.8
Micro Focus,CVE-2020-11853,8.8
Micro Focus,CVE-2020-11853,8.8
Micro Focus,CVE-2020-11853,8.8
Micro Focus,CVE-2020-11853,8.8
Micro Focus,CVE-2020-11853,8.8
Micro Focus,CVE-2020-11853,8.8
Micro Focus,CVE-2020-11853,8.8
Micro Focus,CVE-2020-11853,8.8
Micro Focus,CVE-2020-11853,8.8
Micro Focus,CVE-2020-11853,8.8
Micro Focus,CVE-2020-11853,8.8
Micro Focus,CVE-2020-11853,8.8
Micro Focus,CVE-2020-11853,8.8
Micro Focus,CVE-2020-11853,8.8
Micro Focus,CVE-2020-11853,8.8
Micro Focus,CVE-2020-11853,8.8
Micro Focus,CVE-2020-11853,8.8
Micro Focus,CVE-2020-11853,8.8
Micro Focus,CVE-2020-11853,8.8
Micro Focus,CVE-2020-11853,8.8
Micro Focus,CVE-2020-11853,8.8
Micro Focus,CVE-2020-11853,8.8
Micro Focus,CVE-2020-11853,8.8
Micro Focus,CVE-2020-11854,9.8
Trend Micro,CVE-2020-27015,6.0
Trend Micro,CVE-2020-27014,8.2
WECON,CVE-2020-25186,5.5
Oracle,CVE-2020-14876,7.5
Oracle,CVE-2020-14825,9.8
Oracle,CVE-2020-14885,5.3
Oracle,CVE-2020-14886,5.3
Oracle,CVE-2020-14884,5.3
Oracle,CVE-2020-14881,5.3
Oracle,CVE-2020-14825,9.8
Oracle,CVE-2020-14841,9.8
Oracle,CVE-2020-14859,9.8
Oracle,CVE-2020-14841,9.8
Oracle,CVE-2020-14825,9.8
Adobe,CVE-2020-24410,7.8
Adobe,CVE-2020-24409,7.8
Adobe,CVE-2020-24411,7.8
VMware,CVE-2020-3992,9.8
VMware,CVE-2020-3982,8.2
VMware,CVE-2020-3981,6.0
SAP,CVE-2020-6374,7.8
SAP,CVE-2020-6315,5.5
SAP,CVE-2020-6372,7.8
SAP,CVE-2020-6373,7.8
Advantech,CVE-2020-25157,7.5
Advantech,CVE-2020-25161,8.8
Apple,CVE-2020-9990,7.8
Apple,CVE-2020-9990,7.8
Microsoft,CVE-2020-16968,8.8
Microsoft,CVE-2020-16915,8.8
Microsoft,CVE-2020-16930,7.8
Microsoft,CVE-2020-16931,7.8
Microsoft,CVE-2020-16939,7.3
Microsoft,CVE-2020-16932,7.8
Microsoft,CVE-2020-16930,7.8
Microsoft,CVE-2020-16929,7.8
Microsoft,CVE-2020-16947,3.7
Microsoft,CVE-2020-16947,8.1
Microsoft,CVE-2020-16940,5.5
Microsoft,CVE-2020-1167,7.8
Microsoft,CVE-2020-17003,5.3
Microsoft,CVE-2020-16967,7.8
LAquis,CVE-2020-25188,7.8
Trend Micro,CVE-2020-27013,4.4
Trend Micro,CVE-2020-25777,5.4
Trend Micro,CVE-2020-25778,6.0
Realtek,,7.5
Realtek,,7.1
Apple,CVE-2020-9883,7.8
IBM,CVE-2020-4799,7.8
Trend Micro,CVE-2020-25776,7.8
Foxit,CVE-2020-17413,7.8
Foxit,CVE-2020-17417,7.8
Foxit,CVE-2020-17416,7.8
Foxit,CVE-2020-17415,7.8
Foxit,CVE-2020-17414,7.8
Foxit,CVE-2020-17412,7.8
Foxit,CVE-2020-17411,3.3
Foxit,CVE-2020-17410,7.8
Trend Micro,CVE-2020-25775,5.3
Trend Micro,CVE-2020-24562,7.8
Trend Micro,CVE-2020-25774,3.3
Trend Micro,CVE-2020-25773,7.8
Trend Micro,CVE-2020-25771,5.5
Trend Micro,CVE-2020-25772,5.5
Trend Micro,CVE-2020-25770,5.5
Trend Micro,CVE-2020-24565,5.5
Trend Micro,CVE-2020-24564,5.5
Trend Micro,CVE-2020-24563,7.8
Micro Focus,CVE-2020-11855,8.4
Micro Focus,CVE-2020-11856,9.8
Micro Focus,CVE-2020-11857,7.3
Apple,CVE-2020-9948,8.8
Apple,CVE-2020-9921,7.8
Apple,CVE-2020-9921,7.8
Apple,CVE-2020-9921,7.8
Apple,CVE-2020-9921,7.8
Apple,CVE-2020-9927,8.8
Hewlett Packard Enterprise,CVE-2020-24623,5.3
Mitsubishi Electric,CVE-2020-16226,9.8
Microhard,CVE-2020-17407,9.8
Microhard,CVE-2020-17406,8.8
Fuji Electric,,7.8
Fuji Electric,,7.8
Fuji Electric,,7.8
Fuji Electric,,7.8
Fuji Electric,,7.8
Fuji Electric,,7.8
Fuji Electric,,7.8
Fuji Electric,,7.8
Fuji Electric,,7.8
Fuji Electric,,7.8
Fuji Electric,,7.8
Fuji Electric,,7.8
Fuji Electric,,7.8
Fuji Electric,,7.8
Fuji Electric,,7.8
Fuji Electric,,7.8
Fuji Electric,,7.8
Fuji Electric,,7.8
Fuji Electric,,7.8
Apple,CVE-2020-9919,7.8
Fuji Electric,,7.8
Apple,CVE-2020-9876,7.8
Apple,CVE-2020-9887,7.8
VMware,CVE-2020-3988,6.5
VMware,CVE-2020-3987,6.5
VMware,CVE-2020-3986,6.5
VMware,CVE-2020-3990,6.5
VMware,CVE-2020-3989,8.8
NETGEAR,CVE-2020-17409,6.5
Microsoft,CVE-2020-0997,7.8
Fatek Automation,,7.8
Fatek Automation,,7.8
SAP,CVE-2020-6361,7.8
SAP,CVE-2020-6360,7.8
SAP,CVE-2020-6359,7.8
SAP,CVE-2020-6358,7.8
SAP,CVE-2020-6357,7.8
SAP,CVE-2020-6350,7.8
SAP,CVE-2020-6349,7.8
SAP,CVE-2020-6348,7.8
SAP,CVE-2020-6347,7.8
SAP,CVE-2020-6346,7.8
SAP,CVE-2020-6356,7.8
SAP,CVE-2020-6355,7.8
SAP,CVE-2020-6345,7.8
SAP,CVE-2020-6336,7.8
SAP,CVE-2020-6354,5.3
SAP,CVE-2020-6338,7.8
SAP,CVE-2020-6339,7.8
SAP,CVE-2020-6337,7.8
SAP,CVE-2020-6340,7.8
SAP,CVE-2020-6341,7.8
SAP,CVE-2020-6342,7.8
SAP,CVE-2020-6343,7.8
SAP,CVE-2020-6344,7.8
SAP,CVE-2020-6353,5.3
SAP,CVE-2020-6352,7.8
SAP,CVE-2020-6351,7.8
SAP,CVE-2020-6335,7.0
SAP,CVE-2020-6334,4.5
SAP,CVE-2020-6333,7.0
SAP,CVE-2020-6332,7.0
SAP,CVE-2020-6331,7.0
SAP,CVE-2020-6314,7.0
SAP,CVE-2020-6321,7.0
SAP,CVE-2020-6322,7.0
SAP,CVE-2020-6327,7.0
SAP,CVE-2020-6328,7.0
SAP,CVE-2020-6329,4.5
SAP,CVE-2020-6330,7.0
Microsoft,CVE-2020-1319,8.8
Microsoft,CVE-2020-1594,7.8
Microsoft,CVE-2020-1193,5.3
Microsoft,CVE-2020-1338,7.8
Microsoft,CVE-2020-0914,2.5
Microsoft,CVE-2020-1129,8.8
Microsoft,CVE-2020-1074,7.8
Microsoft,CVE-2020-1039,7.8
Microsoft,CVE-2020-16874,7.0
Microsoft,CVE-2020-16856,7.8
Microsoft,CVE-2020-16874,3.3
Microsoft,CVE-2020-0908,6.3
Microsoft,CVE-2020-0997,7.8
Microsoft,CVE-2020-16874,7.0
Microsoft,CVE-2020-16874,7.0
Adobe,CVE-2020-9725,7.8
Adobe,CVE-2020-9726,7.8
Fuji Electric,,7.8
Fuji Electric,,7.8
Fuji Electric,,7.8
Fuji Electric,,7.8
Fuji Electric,,7.8
Fuji Electric,,7.8
Fuji Electric,,7.8
Fuji Electric,,7.8
Fuji Electric,,7.8
Fuji Electric,,7.8
Fuji Electric,,7.8
Fuji Electric,,7.8
Fuji Electric,,7.8
Fuji Electric,,7.8
Fuji Electric,,7.8
NEC,CVE-2020-17408,7.5
Cisco,CVE-2020-3453,6.8
Cisco,CVE-2020-3451,5.5
Hewlett Packard Enterprise,CVE-2020-24625,7.5
Hewlett Packard Enterprise,CVE-2020-24624,7.5
Hewlett Packard Enterprise,CVE-2020-24626,9.8
Trend Micro,CVE-2020-24559,7.8
Trend Micro,CVE-2020-24558,2.5
Trend Micro,CVE-2020-24557,7.8
Trend Micro,CVE-2020-24556,7.8
Advantech,CVE-2020-16245,9.8
Advantech,CVE-2020-16245,9.8
Advantech,CVE-2020-16245,9.8
Advantech,CVE-2020-16245,9.8
Advantech,CVE-2020-16245,9.4
Advantech,CVE-2020-16245,9.8
Advantech,CVE-2020-16245,8.2
Advantech,CVE-2020-16245,8.2
Advantech,CVE-2020-16245,9.8
Trend Micro,CVE-2020-15605,8.1
Apple,CVE-2020-9908,6.5
Microsoft,CVE-2020-1457,7.8
Senstar,CVE-2020-17405,8.8
Foxit,CVE-2020-17404,7.8
Foxit,CVE-2020-17403,7.8
Trend Micro,CVE-2020-15601,8.1
WECON,,7.8
WECON,,7.8
WECON,,7.8
WECON,,7.8
WECON,,7.8
WECON,,7.8
WECON,,7.8
WECON,,7.8
WECON,,7.8
WECON,,7.8
WECON,,7.8
WECON,,7.8
WECON,,7.8
WECON,,7.8
WECON,,7.8
WECON,,7.8
WECON,,7.8
WECON,,7.8
WECON,,7.8
WECON,,7.8
WECON,,7.8
WECON,,7.8
Horde,,6.3
Horde,,6.3
Horde,,6.3
Horde,,6.3
Horde,,6.3
Horde,,6.3
Horde,,6.3
Horde,,6.3
Horde,,6.3
Horde,,6.3
Horde,,6.3
Horde,,6.3
Horde,,6.3
Horde,,6.3
Horde,,6.3
Horde,,6.3
Horde,,6.3
Horde,,6.3
Horde,,6.3
Horde,,6.3
Horde,,6.3
Horde,,6.3
Horde,,6.3
Horde,,6.3
Horde,,6.3
Horde,,6.3
Horde,,6.3
Horde,,6.3
Horde,,6.3
Horde,,6.3
Horde,,6.3
Horde,,6.3
Horde,,6.3
Horde,,6.3
Parallels,CVE-2020-17402,6.5
Parallels,CVE-2020-17401,6.0
Parallels,CVE-2020-17400,8.8
Parallels,CVE-2020-17399,8.8
Parallels,CVE-2020-17398,6.5
Parallels,CVE-2020-17397,7.5
Parallels,CVE-2020-17396,8.8
Parallels,CVE-2020-17395,7.5
Parallels,CVE-2020-17394,6.0
Parallels,CVE-2020-17393,6.5
Parallels,CVE-2020-17392,8.8
Parallels,CVE-2020-17391,6.5
Parallels,CVE-2020-17390,3.8
Schneider Electric,CVE-2020-7522,9.8
Schneider Electric,CVE-2020-7521,9.8
QEMU,CVE-2020-10756,6.5
Microsoft,CVE-2020-1492,8.8
Microsoft,CVE-2020-1561,5.0
Microsoft,CVE-2020-1560,7.8
Microsoft,CVE-2020-1555,7.5
Microsoft,CVE-2020-1581,7.8
Microsoft,CVE-2020-1493,7.8
Microsoft,CVE-2020-1520,7.8
Microsoft,CVE-2020-1556,2.5
Microsoft,CVE-2020-1556,2.5
Microsoft,CVE-2020-1337,7.8
Microsoft,CVE-2020-1577,3.3
Microsoft,CVE-2020-1585,7.8
Microsoft,CVE-2020-1574,8.8
Adobe,CVE-2020-9715,7.8
Adobe,CVE-2020-9712,3.3
Adobe,CVE-2020-9710,3.3
Adobe,CVE-2020-9706,3.3
Adobe,CVE-2020-9706,3.3
Adobe,CVE-2020-9707,3.3
Adobe,CVE-2020-9706,3.3
Adobe,CVE-2020-9697,5.5
Adobe,CVE-2020-9694,7.8
Adobe,CVE-2020-9693,7.8
Canonical,CVE-2020-15708,7.8
Canonical,CVE-2020-15704,5.5
Canonical,CVE-2020-15702,7.0
Canonical,CVE-2020-11936,2.5
Micro Focus,,6.3
Marvell,CVE-2020-17389,8.8
Marvell,CVE-2020-17388,8.8
Marvell,CVE-2020-17387,8.8
Marvell,CVE-2020-15645,8.8
Marvell,CVE-2020-15644,8.8
Marvell,CVE-2020-15643,8.8
Marvell,CVE-2020-15642,8.8
Marvell,CVE-2020-15641,7.5
Marvell,CVE-2020-15640,7.5
Marvell,CVE-2020-15639,9.8
Delta Industrial Automation,CVE-2020-16223,7.8
Delta Industrial Automation,CVE-2020-16227,7.8
Delta Industrial Automation,CVE-2020-16225,7.8
Delta Industrial Automation,CVE-2020-16219,7.8
Delta Industrial Automation,CVE-2020-16221,7.8
Delta Industrial Automation,CVE-2020-16219,7.8
Apple,CVE-2020-9939,8.2
Advantech,CVE-2020-16207,7.8
Advantech,CVE-2020-16207,7.8
Advantech,CVE-2020-16211,3.3
Advantech,CVE-2020-16213,7.8
Advantech,CVE-2020-16207,7.8
Advantech,CVE-2020-16229,7.8
Advantech,CVE-2020-16215,9.8
Advantech,CVE-2020-16217,7.8
Advantech,CVE-2020-16207,7.8
Advantech,CVE-2020-16207,7.8
FreeBSD,CVE-2020-7460,8.8
Delta Industrial Automation,CVE-2020-16203,7.8
Delta Industrial Automation,CVE-2020-16201,3.3
Delta Industrial Automation,CVE-2020-16201,3.3
Delta Industrial Automation,CVE-2020-16201,3.3
Delta Industrial Automation,CVE-2020-16201,3.3
Delta Industrial Automation,CVE-2020-16199,7.8
Delta Industrial Automation,CVE-2020-16201,3.3
Delta Industrial Automation,CVE-2020-16201,3.3
Delta Industrial Automation,CVE-2020-16199,7.8
Delta Industrial Automation,CVE-2020-16199,7.8
Apple,CVE-2020-9875,7.8
NETGEAR,CVE-2020-15636,8.1
NETGEAR,CVE-2020-15635,8.8
NETGEAR,CVE-2020-15634,6.3
X.Org,CVE-2020-14347,5.5
Foxit,CVE-2020-15638,7.8
Foxit,CVE-2020-15637,3.3
Rockwell Automation,CVE-2019-13510,7.8
Rockwell Automation,CVE-2019-13510,7.8
Rockwell Automation,CVE-2019-13510,7.8
Rockwell Automation,CVE-2019-13510,7.8
Rockwell Automation,CVE-2019-13510,7.8
Rockwell Automation,CVE-2019-13510,7.8
IBM,,7.5
Microsoft,CVE-2020-1400,7.0
Microsoft,CVE-2020-1421,8.8
Adobe,CVE-2020-9680,7.8
Adobe,CVE-2020-9679,3.3
Adobe,CVE-2020-9678,7.8
Adobe,CVE-2020-9677,7.8
Adobe,CVE-2020-9687,7.8
Adobe,CVE-2020-9686,3.3
Adobe,CVE-2020-9685,7.8
Adobe,CVE-2020-9684,7.8
Adobe,CVE-2020-9683,7.8
Adobe,CVE-2020-9674,7.8
Adobe,CVE-2020-9676,7.8
Adobe,CVE-2020-9675,7.8
Apple,CVE-2020-9936,7.8
Apple,CVE-2020-9894,4.3
Apple,CVE-2020-9884,7.8
Apple,CVE-2020-9893,7.5
Microsoft,,3.3
Oracle,CVE-2020-14703,6.0
Oracle,CVE-2020-14704,6.0
Oracle,CVE-2020-14700,5.3
Oracle,CVE-2020-14699,7.5
Oracle,CVE-2020-14698,5.3
Oracle,CVE-2020-14695,5.3
Oracle,CVE-2020-14694,5.3
Oracle,CVE-2020-14673,5.3
Oracle,CVE-2020-14664,7.8
Oracle,CVE-2020-14674,7.5
Oracle,CVE-2020-14675,7.5
Oracle,CVE-2020-14676,7.5
Oracle,CVE-2020-14677,7.5
Oracle,CVE-2020-14650,5.3
Oracle,CVE-2020-14649,7.5
Oracle,CVE-2020-14647,7.5
Oracle,CVE-2020-14648,5.3
Oracle,CVE-2020-14646,7.5
Oracle,CVE-2020-14629,6.0
Oracle,CVE-2020-14628,8.2
Oracle,CVE-2020-14625,9.8
Adobe,CVE-2020-9650,7.8
Adobe,CVE-2020-9646,7.8
Adobe,CVE-2020-9649,7.8
D-Link,CVE-2020-15633,8.8
D-Link,CVE-2020-15632,8.8
D-Link,CVE-2020-15631,8.0
IBM,CVE-2020-4464,9.8
Microsoft,CVE-2020-1436,7.8
Microsoft,CVE-2020-0987,3.3
Microsoft,CVE-2020-1355,6.3
Microsoft,CVE-2020-1439,8.8
Microsoft,CVE-2020-1382,7.8
Microsoft,CVE-2020-1381,7.8
Foxit,CVE-2020-15630,3.3
Foxit,CVE-2020-15629,7.8
Advantech,CVE-2020-14497,9.8
Advantech,CVE-2020-14497,7.5
Advantech,CVE-2020-14499,7.5
Advantech,CVE-2020-14497,9.8
Advantech,CVE-2020-14497,7.5
Advantech,CVE-2020-14497,7.5
Advantech,CVE-2020-14497,9.8
Advantech,CVE-2020-14497,7.5
Advantech,CVE-2020-14497,7.5
Advantech,CVE-2020-14497,9.8
Advantech,CVE-2020-14501,8.2
Advantech,CVE-2020-14497,7.5
Advantech,CVE-2020-14497,9.8
Advantech,CVE-2020-14497,7.5
Advantech,CVE-2020-14497,7.5
Advantech,CVE-2020-14497,9.8
Advantech,CVE-2020-14497,7.5
Advantech,CVE-2020-14497,7.5
Advantech,CVE-2020-14497,7.5
Advantech,CVE-2020-14497,9.8
Advantech,CVE-2020-14497,9.8
Advantech,CVE-2020-14497,7.5
Advantech,CVE-2020-14507,9.8
Advantech,CVE-2020-14497,9.8
Advantech,CVE-2020-14497,9.8
Advantech,CVE-2020-14497,9.8
Advantech,CVE-2020-14497,7.5
Advantech,CVE-2020-14497,9.8
Advantech,CVE-2020-14507,9.8
Advantech,CVE-2020-14507,7.5
Advantech,CVE-2020-14497,9.8
Advantech,CVE-2020-14497,9.8
Advantech,CVE-2020-14497,9.8
Advantech,CVE-2020-14497,7.5
Advantech,CVE-2020-14497,7.5
Advantech,CVE-2020-14503,9.8
Advantech,CVE-2020-14497,9.8
Advantech,CVE-2020-14497,7.5
Advantech,CVE-2020-14505,9.8
Advantech,CVE-2020-14497,7.5
Advantech,CVE-2020-14507,7.5
Advantech,CVE-2020-14497,9.8
Advantech,CVE-2020-14497,9.8
Phoenix Contact,CVE-2020-12498,7.8
Phoenix Contact,CVE-2020-12497,7.8
Rockwell Automation,CVE-2020-12025,3.3
Apple,CVE-2020-9815,3.3
Veeam,CVE-2020-15419,7.5
Veeam,CVE-2020-15418,7.5
Microsoft,CVE-2020-1457,7.8
Microsoft,CVE-2020-1425,7.8
Microsoft,CVE-2020-1425,7.8
Microsoft,CVE-2020-1425,3.3
Microsoft,CVE-2020-1425,7.8
Microsoft,CVE-2020-1425,7.8
Rockwell Automation,CVE-2019-13511,7.8
Rockwell Automation,CVE-2019-13511,7.8
Rockwell Automation,CVE-2019-13511,7.8
Rockwell Automation,CVE-2019-13511,7.8
Rockwell Automation,CVE-2019-13511,7.8
C-MORE,CVE-2020-10922,7.5
C-MORE,CVE-2020-10920,9.8
C-MORE,CVE-2020-10921,9.8
C-MORE,CVE-2020-10919,5.9
C-MORE,CVE-2020-10918,7.5
Microsoft,CVE-2020-1425,3.3
Check Point,CVE-2020-6013,7.5
Microsoft,CVE-2020-1425,3.3
Microsoft,CVE-2020-1457,7.8
ICONICS,,7.8
Delta Industrial Automation,,3.3
Delta Industrial Automation,,3.3
Delta Industrial Automation,,3.3
Delta Industrial Automation,,3.3
Delta Industrial Automation,,3.3
Delta Industrial Automation,,3.3
Delta Industrial Automation,,3.3
Delta Industrial Automation,,3.3
Delta Industrial Automation,,3.3
Delta Industrial Automation,,3.3
Delta Industrial Automation,,7.8
Delta Industrial Automation,,3.3
Delta Industrial Automation,,3.3
VMware,CVE-2020-3969,8.8
VMware,CVE-2020-3962,8.2
VMware,CVE-2020-3967,7.5
VMware,CVE-2020-3966,7.5
VMware,CVE-2020-3970,2.8
VMware,CVE-2020-3968,8.2
ICONICS,CVE-2020-12015,9.8
ICONICS,CVE-2020-12013,9.8
ICONICS,CVE-2020-12011,9.8
ICONICS,CVE-2020-12009,7.8
ICONICS,CVE-2020-12007,5.3
CentOS Web Panel,CVE-2020-15628,7.5
CentOS Web Panel,CVE-2020-15627,7.5
CentOS Web Panel,CVE-2020-15626,7.5
CentOS Web Panel,CVE-2020-15625,7.5
CentOS Web Panel,CVE-2020-15624,7.5
CentOS Web Panel,CVE-2020-15623,9.8
CentOS Web Panel,CVE-2020-15622,7.5
CentOS Web Panel,CVE-2020-15621,7.5
CentOS Web Panel,CVE-2020-15620,7.5
CentOS Web Panel,CVE-2020-15619,7.5
CentOS Web Panel,CVE-2020-15618,7.5
CentOS Web Panel,CVE-2020-15617,7.5
CentOS Web Panel,CVE-2020-15616,7.5
CentOS Web Panel,CVE-2020-15615,9.8
CentOS Web Panel,CVE-2020-15614,9.8
CentOS Web Panel,CVE-2020-15613,9.8
CentOS Web Panel,CVE-2020-15612,9.8
CentOS Web Panel,CVE-2020-15611,9.8
CentOS Web Panel,CVE-2020-15610,9.8
CentOS Web Panel,CVE-2020-15609,9.8
CentOS Web Panel,CVE-2020-15608,9.8
CentOS Web Panel,CVE-2020-15607,9.8
CentOS Web Panel,CVE-2020-15606,9.8
CentOS Web Panel,CVE-2020-15435,9.8
CentOS Web Panel,CVE-2020-15434,9.8
CentOS Web Panel,CVE-2020-15433,9.8
CentOS Web Panel,CVE-2020-15432,9.8
CentOS Web Panel,CVE-2020-15431,9.8
CentOS Web Panel,CVE-2020-15430,9.8
CentOS Web Panel,CVE-2020-15429,9.8
CentOS Web Panel,CVE-2020-15428,9.8
CentOS Web Panel,CVE-2020-15427,9.8
CentOS Web Panel,CVE-2020-15426,9.8
CentOS Web Panel,CVE-2020-15425,9.8
CentOS Web Panel,CVE-2020-15424,9.8
CentOS Web Panel,CVE-2020-15423,9.8
CentOS Web Panel,CVE-2020-15422,9.8
CentOS Web Panel,CVE-2020-15421,9.8
CentOS Web Panel,CVE-2020-15420,9.8
NEC,CVE-2020-27859,7.5
Rockwell Automation,CVE-2020-12033,9.8
Rockwell Automation,,9.8
Rockwell Automation,CVE-2020-12001,9.8
Rockwell Automation,CVE-2020-12027,5.3
Rockwell Automation,CVE-2020-12031,7.8
Rockwell Automation,CVE-2020-12029,9.8
Rockwell Automation,CVE-2020-12028,7.3
Rockwell Automation,CVE-2020-12027,5.3
Rockwell Automation,CVE-2020-12027,5.3
Adobe,CVE-2020-9662,7.8
Adobe,CVE-2020-9660,7.8
Adobe,CVE-2020-9661,7.8
Adobe,CVE-2020-9655,7.8
Adobe,CVE-2020-9656,7.8
Adobe,CVE-2020-9657,7.8
Adobe,CVE-2020-9659,7.8
Adobe,CVE-2020-9658,7.8
Adobe,CVE-2020-9652,7.8
Adobe,CVE-2020-9653,7.8
Adobe,CVE-2020-9654,7.8
Docker,,7.8
Inductive Automation,,5.3
NETGEAR,,6.3
NETGEAR,,8.8
NETGEAR,,6.5
IBM,CVE-2020-4216,7.3
NETGEAR,,8.8
NETGEAR,,8.4
NETGEAR,,7.5
NETGEAR,,7.5
NETGEAR,,7.5
NETGEAR,CVE-2020-10924,8.8
NETGEAR,,6.5
McAfee,CVE-2020-7280,7.8
Apple,,5.3
Adobe,CVE-2020-9634,7.8
Adobe,CVE-2020-9635,7.8
Microsoft,CVE-2020-1219,7.5
Microsoft,CVE-2020-1239,8.8
Microsoft,CVE-2020-1238,8.8
Microsoft,CVE-2020-1238,8.8
Microsoft,CVE-2020-1181,8.8
Microsoft,CVE-2020-1232,4.3
Microsoft,CVE-2020-1207,8.8
ManageEngine,CVE-2020-13818,7.5
IBM,CVE-2020-4449,7.5
IBM,CVE-2020-4450,9.8
IBM,CVE-2020-4448,9.8
Inductive Automation,CVE-2020-12000,9.8
Inductive Automation,CVE-2020-10644,9.8
Inductive Automation,CVE-2020-12004,5.3
NEC,CVE-2020-10917,9.8
Apple,CVE-2020-9841,5.3
Apple,CVE-2020-9800,8.8
Apple,CVE-2020-9839,7.8
Apple,CVE-2020-9856,5.3
Apple,CVE-2020-9801,5.3
Trend Micro,CVE-2020-8604,7.5
Trend Micro,CVE-2020-8606,9.8
Trend Micro,CVE-2020-8605,8.8
Trend Micro,CVE-2020-8603,6.3
Apple,CVE-2020-9815,7.8
Apple,CVE-2020-9816,7.8
Apple,CVE-2020-9850,7.3
Apple,CVE-2020-9791,3.3
Adobe,CVE-2020-9617,3.3
Adobe,CVE-2020-9616,3.3
Adobe,CVE-2020-9586,7.8
Adobe,CVE-2020-9618,3.3
Microsoft,,7.0
Microsoft,CVE-2020-0916,7.0
Microsoft,CVE-2020-0915,2.5
Microsoft,CVE-2020-0986,7.0
Microsoft,CVE-2020-0915,7.0
FreeBSD,CVE-2020-7455,4.1
FreeBSD,CVE-2020-7454,9.8
FreeBSD,CVE-2020-7454,9.8
Schneider Electric,CVE-2020-7493,7.8
Schneider Electric,CVE-2020-7495,7.8
Schneider Electric,CVE-2020-7494,7.8
Advantech,CVE-2020-12019,7.8
Advantech,CVE-2020-12019,9.8
Adobe,CVE-2020-9612,7.0
Adobe,CVE-2020-9597,7.8
Adobe,CVE-2020-9606,7.3
Eaton,CVE-2020-6652,7.8
Eaton,CVE-2020-6651,8.8
Microsoft,CVE-2020-1102,8.8
Microsoft,CVE-2020-0987,4.3
Microsoft,CVE-2020-1135,8.8
Microsoft,CVE-2020-1062,8.8
Microsoft,CVE-2020-1126,8.8
Microsoft,CVE-2020-1126,8.8
Microsoft,CVE-2020-1028,8.8
Microsoft,CVE-2020-1096,9.6
Microsoft,CVE-2020-1051,7.8
Microsoft,CVE-2020-1150,7.5
Microsoft,CVE-2020-1176,7.8
Microsoft,CVE-2020-1174,7.8
Microsoft,CVE-2020-1175,7.8
Advantech,CVE-2020-10638,8.1
Advantech,CVE-2020-12002,8.1
Advantech,CVE-2020-12002,8.1
Advantech,,9.8
Advantech,CVE-2020-10638,9.8
Advantech,CVE-2020-12018,7.5
Advantech,,9.8
Advantech,CVE-2020-12018,7.5
Advantech,CVE-2020-12026,9.8
Advantech,CVE-2020-12026,9.8
Advantech,CVE-2020-12002,9.8
Advantech,CVE-2020-12002,9.8
Advantech,CVE-2020-10638,9.8
Advantech,CVE-2020-12002,9.8
Advantech,CVE-2020-10638,9.8
Advantech,CVE-2020-10638,8.1
Advantech,CVE-2020-12002,9.8
Advantech,CVE-2020-10638,9.8
Advantech,CVE-2020-10638,9.8
Advantech,CVE-2020-10638,9.8
Advantech,CVE-2020-12014,7.5
Advantech,CVE-2020-12014,7.5
Advantech,CVE-2020-12014,7.5
Advantech,,9.8
Advantech,,9.8
Advantech,,9.8
Advantech,,9.8
Advantech,,9.8
Advantech,,9.8
Advantech,,9.8
Advantech,CVE-2020-12006,9.8
Advantech,CVE-2020-10638,9.8
Advantech,CVE-2020-10638,9.8
Advantech,CVE-2020-10638,9.8
Advantech,CVE-2020-10638,9.8
Advantech,CVE-2020-10638,9.8
Advantech,CVE-2020-10638,9.8
Advantech,CVE-2020-12022,9.8
Advantech,CVE-2020-10638,9.8
Advantech,CVE-2020-10638,9.8
Advantech,CVE-2020-12006,9.8
Advantech,CVE-2020-10638,9.8
Advantech,CVE-2020-10638,9.8
Advantech,CVE-2020-12002,9.8
Advantech,CVE-2020-12002,9.8
Advantech,CVE-2020-12002,9.8
Advantech,CVE-2020-12006,9.8
Schneider Electric,CVE-2020-10626,7.8
Apple,CVE-2020-3915,7.8
Trading Technologies,,9.8
Trading Technologies,,9.8
Trading Technologies,,9.8
Trading Technologies,,9.8
Oracle,CVE-2020-2575,7.8
Oracle,CVE-2020-2894,5.5
Adobe,CVE-2020-9568,7.8
Adobe,CVE-2020-3765,7.8
Microsoft,CVE-2020-0744,3.3
LAquis,CVE-2020-10622,5.5
LAquis,CVE-2020-10622,5.5
LAquis,CVE-2020-10618,7.8
LAquis,CVE-2020-10618,7.8
LAquis,CVE-2020-10618,7.8
LAquis,CVE-2020-10618,7.8
LAquis,CVE-2020-10618,7.8
Oracle,CVE-2020-2883,9.8
Adobe,CVE-2020-9553,3.3
Adobe,CVE-2020-9565,7.8
Adobe,CVE-2020-9567,3.3
Adobe,CVE-2020-9554,7.8
Adobe,CVE-2020-9555,7.8
Adobe,CVE-2020-9556,7.8
Adobe,CVE-2020-9557,7.8
Adobe,CVE-2020-9558,3.3
Adobe,CVE-2020-9560,7.8
Adobe,CVE-2020-9559,7.8
Adobe,CVE-2020-9561,7.8
Adobe,CVE-2020-9562,7.8
Adobe,CVE-2020-9563,7.8
Adobe,CVE-2020-9564,7.8
Adobe,CVE-2020-9569,7.8
Adobe,CVE-2020-9566,7.8
TP-Link,CVE-2020-10916,8.0
Microsoft,CVE-2020-0744,3.3
Oracle,CVE-2020-2911,7.5
Oracle,CVE-2020-2701,7.5
Triangle MicroWorks,CVE-2020-10611,9.8
Triangle MicroWorks,CVE-2020-10613,5.3
Triangle MicroWorks,CVE-2020-10615,9.8
Veeam,CVE-2020-10915,9.8
Veeam,CVE-2020-10914,9.8
Cisco,CVE-2020-3249,8.2
Cisco,CVE-2020-3248,9.8
Cisco,CVE-2020-3240,9.8
Cisco,CVE-2020-3247,9.8
Cisco,CVE-2020-3243,9.8
Cisco,CVE-2020-3239,9.8
Cisco,CVE-2020-3250,7.5
Amazon,,8.8
OPC Foundation,CVE-2020-8867,5.3
Foxit,CVE-2020-10907,7.8
Foxit,CVE-2020-10906,7.8
Foxit,CVE-2020-10905,3.3
Foxit,CVE-2020-10904,7.8
Foxit,CVE-2020-10903,3.3
Foxit,CVE-2020-10902,7.8
Foxit,CVE-2020-10901,3.3
Foxit,CVE-2020-10900,7.8
Foxit,CVE-2020-10899,7.8
Foxit,CVE-2020-10898,7.8
Foxit,CVE-2020-10897,7.8
Foxit,CVE-2020-10896,7.8
Foxit,CVE-2020-10895,7.8
Foxit,CVE-2020-10894,3.3
Foxit,CVE-2020-10893,7.8
Foxit,CVE-2020-10913,7.8
Foxit,CVE-2020-10912,7.8
Foxit,CVE-2020-10911,7.8
Foxit,CVE-2020-10910,7.8
Foxit,CVE-2020-10909,7.8
Foxit,CVE-2020-10908,7.8
Foxit,CVE-2020-10891,7.8
Foxit,CVE-2020-10892,7.8
Foxit,CVE-2020-10890,7.8
Foxit,CVE-2020-10889,7.8
Oracle,CVE-2020-2907,7.5
Oracle,CVE-2020-2907,7.5
Oracle,CVE-2020-2929,7.8
Oracle,CVE-2020-2758,8.2
Oracle,CVE-2020-2748,3.2
Oracle,CVE-2020-2950,9.8
Oracle,CVE-2020-2883,9.8
Oracle,CVE-2020-2956,8.1
Oracle,CVE-2020-2882,8.1
Oracle,CVE-2020-2908,7.5
Oracle,CVE-2020-2743,6.0
Oracle,CVE-2020-2742,8.2
Oracle,CVE-2020-2741,6.0
Oracle,CVE-2020-2902,8.8
Intel,CVE-2020-0557,8.8
Intel,CVE-2020-0558,8.8
Intel,CVE-2020-0558,8.8
Eaton,CVE-2020-10637,3.3
Eaton,CVE-2020-10637,3.3
Eaton,CVE-2020-10637,3.3
Eaton,CVE-2020-10637,3.3
Eaton,CVE-2020-10639,7.8
Eaton,CVE-2020-10639,7.8
Eaton,CVE-2020-10639,7.8
Eaton,CVE-2020-10639,7.8
Eaton,CVE-2020-10639,7.8
Eaton,CVE-2020-10639,7.8
Eaton,CVE-2020-10639,7.8
Eaton,CVE-2020-10639,7.8
Eaton,CVE-2020-10639,7.8
Eaton,CVE-2020-10639,7.8
Eaton,CVE-2020-10639,7.8
Eaton,CVE-2020-10639,7.8
Eaton,CVE-2020-10639,7.8
Eaton,CVE-2020-10639,7.8
Eaton,CVE-2020-10639,7.8
Eaton,CVE-2020-10639,7.8
Eaton,CVE-2020-10639,7.8
Eaton,CVE-2020-10639,7.8
Eaton,CVE-2020-10639,7.8
Microsoft,CVE-2020-0906,7.8
Microsoft,CVE-2020-0906,3.3
Microsoft,CVE-2020-0932,8.8
Microsoft,CVE-2020-0821,3.3
Microsoft,CVE-2020-0953,7.8
Microsoft,CVE-2020-0931,8.8
Microsoft,CVE-2020-0960,7.8
Microsoft,CVE-2020-0959,7.8
Microsoft,CVE-2020-0953,7.8
Microsoft,CVE-2020-0992,7.8
Microsoft,CVE-2020-0992,7.0
Microsoft,CVE-2020-0956,8.8
Microsoft,CVE-2020-0988,7.8
Microsoft,CVE-2020-0994,7.8
Microsoft,CVE-2020-0821,3.3
Adobe,CVE-2020-3809,3.3
Fuji Electric,,7.8
Fuji Electric,,7.8
Fuji Electric,CVE-2020-10646,7.8
Fuji Electric,CVE-2020-10646,7.8
Advantech,CVE-2020-12010,8.2
Advantech,CVE-2020-12010,8.2
Advantech,CVE-2020-12010,8.2
Advantech,CVE-2020-12010,8.2
Advantech,CVE-2020-12010,8.2
Advantech,CVE-2020-10617,7.5
Advantech,CVE-2020-10603,8.8
Advantech,CVE-2020-10617,7.5
Advantech,CVE-2020-10617,7.5
Advantech,CVE-2020-10617,7.5
Advantech,CVE-2020-10617,7.5
Advantech,CVE-2020-10617,7.5
Advantech,CVE-2020-10617,7.5
Advantech,CVE-2020-10617,7.5
Advantech,CVE-2020-10617,7.5
Advantech,CVE-2020-10617,7.5
Advantech,CVE-2020-10617,7.5
Advantech,CVE-2020-10617,7.5
Advantech,CVE-2020-10617,7.5
Advantech,CVE-2020-10617,7.5
Advantech,CVE-2020-10617,7.5
Advantech,CVE-2020-10617,7.5
Advantech,CVE-2020-10617,7.5
Advantech,CVE-2020-10617,7.5
Advantech,CVE-2020-10617,7.5
Advantech,CVE-2020-10617,7.5
Advantech,CVE-2020-10617,7.5
Advantech,CVE-2020-10617,7.5
Advantech,CVE-2020-10617,7.5
Advantech,CVE-2020-10623,6.5
Advantech,CVE-2020-10623,6.5
Advantech,CVE-2020-10617,7.5
Advantech,CVE-2020-10617,7.5
Advantech,CVE-2020-10617,7.5
Advantech,CVE-2020-10617,7.5
Advantech,CVE-2020-10617,7.5
Advantech,CVE-2020-10625,7.5
Advantech,CVE-2020-10623,6.5
Advantech,CVE-2020-10617,7.5
Advantech,CVE-2020-10617,7.5
Advantech,CVE-2020-10617,7.5
Advantech,CVE-2020-10617,7.5
Advantech,CVE-2020-10617,7.5
Advantech,CVE-2020-10617,7.5
Advantech,CVE-2020-10621,9.8
Advantech,CVE-2020-10621,9.8
Advantech,CVE-2020-10617,7.5
Advantech,CVE-2020-10617,7.5
Advantech,CVE-2020-10621,9.8
Advantech,CVE-2020-10617,7.5
Advantech,CVE-2020-10621,9.8
Advantech,CVE-2020-10617,7.5
Advantech,,7.5
Advantech,CVE-2020-10621,9.8
Advantech,CVE-2020-10617,7.5
Advantech,CVE-2020-10617,7.5
Advantech,CVE-2020-10617,7.5
Advantech,CVE-2020-10617,7.5
Advantech,CVE-2020-10617,7.5
Advantech,CVE-2020-10617,7.5
Advantech,CVE-2020-10617,7.5
Advantech,CVE-2020-10621,9.8
Advantech,CVE-2020-10617,7.5
Advantech,CVE-2020-10621,9.8
Advantech,CVE-2020-10621,9.8
Advantech,CVE-2020-10621,9.8
Advantech,CVE-2020-10631,9.1
Advantech,CVE-2020-10621,9.8
Advantech,CVE-2020-10629,7.5
Advantech,CVE-2020-10617,7.5
Advantech,CVE-2020-10617,7.5
Advantech,CVE-2020-10619,8.2
Advantech,CVE-2020-10617,7.5
Advantech,CVE-2020-10617,7.5
Advantech,CVE-2020-10617,7.5
Advantech,CVE-2020-10617,7.5
Advantech,CVE-2020-10617,7.5
Advantech,CVE-2020-10621,9.8
Adobe,CVE-2020-3766,7.8
Schneider Electric,CVE-2020-7478,7.5
Schneider Electric,CVE-2020-7479,7.8
VMware,,6.3
Corel,,7.8
Corel,,7.8
Corel,,7.8
Corel,,7.8
Corel,,7.8
Corel,,7.8
Corel,,7.8
Corel,,7.8
Corel,,7.8
Corel,,7.8
Corel,,7.8
Corel,,7.8
Corel,,7.8
Corel,,7.8
Corel,,7.8
Corel,,7.8
Corel,,3.3
Corel,,3.3
Linux,CVE-2020-8835,8.8
IBM,CVE-2020-4240,6.5
IBM,CVE-2020-4241,8.8
IBM,CVE-2020-4242,8.8
IBM,CVE-2020-4208,7.3
IBM,CVE-2020-4209,5.4
IBM,CVE-2020-4209,5.4
IBM,CVE-2020-4214,8.2
IBM,CVE-2020-4206,8.8
Apple,CVE-2020-3897,6.3
TP-Link,CVE-2020-10888,5.9
TP-Link,CVE-2020-10886,8.1
TP-Link,CVE-2020-10887,8.1
TP-Link,CVE-2020-10885,8.1
TP-Link,CVE-2020-10884,8.1
TP-Link,CVE-2020-10883,5.3
TP-Link,CVE-2020-10882,8.8
TP-Link,CVE-2020-10881,9.8
Adobe,CVE-2020-3764,7.8
Adobe,CVE-2020-3764,7.8
Adobe,CVE-2020-3802,7.8
Adobe,CVE-2020-9552,7.8
Adobe,CVE-2020-9551,7.8
Adobe,CVE-2020-3766,8.4
Adobe,CVE-2020-3766,8.4
Adobe,CVE-2020-3791,3.3
Adobe,CVE-2020-3790,7.8
Adobe,CVE-2020-3782,3.3
Adobe,CVE-2020-3781,3.3
Adobe,CVE-2020-3780,7.8
Adobe,CVE-2020-3779,7.8
Adobe,CVE-2020-3778,3.3
Adobe,CVE-2020-3773,7.8
Adobe,CVE-2020-3772,7.8
Adobe,CVE-2020-3771,3.3
Adobe,CVE-2020-3770,7.8
Samsung,,8.8
Microsoft,,7.8
Foxit,CVE-2020-8870,7.8
Foxit,CVE-2020-8869,7.8
Delta Industrial Automation,CVE-2020-6976,3.3
Delta Industrial Automation,CVE-2020-7002,7.8
Delta Industrial Automation,CVE-2020-7002,7.8
Trend Micro,CVE-2020-8600,8.6
Foxit,CVE-2020-8883,3.3
Foxit,CVE-2020-8882,7.8
Foxit,CVE-2020-8881,7.8
Foxit,CVE-2020-8880,7.8
Foxit,CVE-2020-8879,3.3
Foxit,CVE-2020-8878,7.8
Foxit,CVE-2020-8877,3.3
VMware,CVE-2020-3948,7.8
VMware,CVE-2020-3947,7.8
Parallels,CVE-2020-8876,6.5
Parallels,CVE-2020-8875,8.8
Parallels,CVE-2020-8874,7.5
Parallels,CVE-2020-8873,8.2
Parallels,CVE-2020-8872,6.0
Parallels,CVE-2020-8871,8.2
SAP,CVE-2020-6208,8.2
Quest,CVE-2020-8868,9.8
Xiaomi,CVE-2020-9530,8.8
Xiaomi,CVE-2020-9531,5.3
Xiaomi,CVE-2020-9531,5.5
Xiaomi,,8.8
Microsoft,CVE-2020-0807,8.8
Microsoft,CVE-2020-0851,7.8
Microsoft,CVE-2020-0887,8.8
Microsoft,CVE-2020-0841,6.1
Microsoft,CVE-2020-0840,7.8
Microsoft,CVE-2020-0788,8.8
Microsoft,CVE-2020-0788,8.8
Microsoft,CVE-2020-0788,8.8
Microsoft,CVE-2020-0776,6.1
Horde,CVE-2020-8865,6.3
Horde,CVE-2020-8866,4.3
IBM,CVE-2020-4210,9.8
IBM,CVE-2020-4211,9.8
IBM,CVE-2020-4212,9.8
IBM,CVE-2020-4222,9.8
IBM,CVE-2020-4213,9.8
Cisco,CVE-2020-3127,7.8
D-Link,CVE-2020-8864,8.8
D-Link,CVE-2020-8863,8.8
D-Link,CVE-2020-8862,8.8
D-Link,CVE-2020-8861,8.8
WECON,,7.8
WECON,,7.8
WECON,,7.8
Rockwell Automation,CVE-2020-6967,9.8
AMD,,6.2
Microsoft,CVE-2020-0792,8.8
Microsoft,CVE-2020-0688,8.8
Microsoft,CVE-2020-0668,7.8
Samsung,,8.4
Samsung,CVE-2020-8860,7.1
Samsung,,8.4
Samsung,,6.3
ELOG,CVE-2020-8859,5.3
Adobe,CVE-2020-3740,7.8
Adobe,CVE-2020-3739,7.8
Adobe,CVE-2020-3748,7.8
Adobe,CVE-2020-3738,7.8
Adobe,CVE-2020-3737,7.8
Adobe,CVE-2020-3736,7.8
Adobe,CVE-2020-3735,7.8
Adobe,CVE-2020-3734,7.8
Adobe,CVE-2020-3733,7.8
Adobe,CVE-2020-3732,7.8
Adobe,CVE-2020-3731,7.8
Adobe,CVE-2020-3730,7.8
Adobe,CVE-2020-3729,7.8
Adobe,CVE-2020-3728,7.8
Adobe,CVE-2020-3727,7.8
Adobe,CVE-2020-3726,7.8
Adobe,CVE-2020-3725,7.8
Adobe,CVE-2020-3724,7.8
Adobe,CVE-2020-3723,7.8
Adobe,CVE-2020-3722,7.8
Adobe,CVE-2020-3721,7.8
Adobe,CVE-2020-3720,7.8
Symantec,CVE-2020-5826,5.5
Symantec,CVE-2020-5825,7.1
Symantec,CVE-2020-5825,5.5
Symantec,CVE-2020-5825,6.1
Symantec,CVE-2020-5831,3.3
Symantec,CVE-2020-5830,3.3
Symantec,CVE-2020-5829,3.3
Symantec,CVE-2020-5828,3.3
Symantec,CVE-2020-5824,5.5
Symantec,CVE-2020-5827,3.3
Symantec,CVE-2020-5823,7.8
Symantec,CVE-2020-5822,7.8
Symantec,CVE-2020-5820,7.8
Apple,CVE-2020-3877,7.5
Apple,CVE-2020-3839,7.1
Moxa,CVE-2020-8858,8.8
Foxit,CVE-2020-8857,7.8
Foxit,CVE-2020-8856,7.8
Foxit,CVE-2020-8855,7.8
Foxit,CVE-2020-8854,7.8
Foxit,CVE-2020-8853,7.8
Foxit,CVE-2020-8852,3.3
Foxit,CVE-2020-8851,7.8
Foxit,CVE-2020-8850,7.8
Foxit,CVE-2020-8849,7.8
Foxit,CVE-2020-8848,7.8
Foxit,CVE-2020-8847,7.8
Foxit,CVE-2020-8846,7.8
Foxit,CVE-2020-8845,7.8
Foxit,CVE-2020-8844,7.8
Google,CVE-2019-14088,7.8
Bitdefender,CVE-2020-8095,6.1
Hewlett Packard Enterprise,CVE-2020-7176,8.8
Hewlett Packard Enterprise,CVE-2020-7188,8.8
Hewlett Packard Enterprise,CVE-2020-7185,8.8
Hewlett Packard Enterprise,CVE-2020-7177,8.8
Hewlett Packard Enterprise,CVE-2020-7183,8.8
Hewlett Packard Enterprise,CVE-2020-7184,8.8
Hewlett Packard Enterprise,CVE-2020-7186,8.8
Hewlett Packard Enterprise,CVE-2020-7181,8.8
Hewlett Packard Enterprise,CVE-2020-7179,8.8
Hewlett Packard Enterprise,CVE-2020-7187,8.8
Hewlett Packard Enterprise,CVE-2020-7182,8.8
Hewlett Packard Enterprise,CVE-2020-7194,8.8
Hewlett Packard Enterprise,CVE-2020-7163,8.8
Hewlett Packard Enterprise,CVE-2020-7170,8.8
Hewlett Packard Enterprise,CVE-2020-7165,8.8
Hewlett Packard Enterprise,CVE-2020-7160,8.8
Hewlett Packard Enterprise,CVE-2020-7175,8.8
Hewlett Packard Enterprise,CVE-2020-7158,8.8
Hewlett Packard Enterprise,CVE-2020-7168,8.8
Hewlett Packard Enterprise,CVE-2020-7173,8.8
Hewlett Packard Enterprise,CVE-2020-7164,8.8
Hewlett Packard Enterprise,CVE-2020-7161,8.8
Hewlett Packard Enterprise,CVE-2020-7174,8.8
Hewlett Packard Enterprise,CVE-2020-7172,8.8
Hewlett Packard Enterprise,CVE-2020-7167,8.8
Hewlett Packard Enterprise,CVE-2020-7171,8.8
Hewlett Packard Enterprise,CVE-2020-7169,8.8
Hewlett Packard Enterprise,CVE-2020-7166,8.8
Hewlett Packard Enterprise,CVE-2020-7162,8.8
Hewlett Packard Enterprise,CVE-2020-7157,8.8
Hewlett Packard Enterprise,CVE-2020-7178,8.8
Hewlett Packard Enterprise,CVE-2020-7180,8.8
Hewlett Packard Enterprise,CVE-2020-7153,8.8
Hewlett Packard Enterprise,CVE-2020-7152,8.8
Hewlett Packard Enterprise,CVE-2020-7156,8.8
Hewlett Packard Enterprise,CVE-2020-7155,8.8
Hewlett Packard Enterprise,CVE-2020-7151,8.8
Hewlett Packard Enterprise,CVE-2020-7150,8.8
Hewlett Packard Enterprise,CVE-2020-7154,8.8
Hewlett Packard Enterprise,CVE-2020-7149,8.8
Hewlett Packard Enterprise,CVE-2020-7193,8.8
Hewlett Packard Enterprise,CVE-2020-7195,8.8
Hewlett Packard Enterprise,CVE-2020-7189,8.8
Hewlett Packard Enterprise,CVE-2020-7190,8.8
Hewlett Packard Enterprise,CVE-2020-7191,8.8
Hewlett Packard Enterprise,CVE-2020-7192,8.8
Hewlett Packard Enterprise,CVE-2020-7144,8.8
Hewlett Packard Enterprise,CVE-2020-7148,8.8
Hewlett Packard Enterprise,CVE-2020-7147,8.8
Hewlett Packard Enterprise,CVE-2020-7146,8.8
Hewlett Packard Enterprise,CVE-2020-7159,8.8
Hewlett Packard Enterprise,CVE-2020-7145,8.8
Adobe,CVE-2019-16451,7.8
Apple,CVE-2019-8835,4.3
Microsoft,CVE-2020-0635,7.8
Oracle,CVE-2020-2727,6.0
Oracle,CVE-2020-2726,7.5
Oracle,CVE-2020-2705,6.5
Oracle,CVE-2020-2704,6.5
Oracle,CVE-2020-2702,7.5
Oracle,CVE-2020-2701,7.5
Oracle,CVE-2020-2698,7.5
Oracle,CVE-2020-2693,5.3
Oracle,CVE-2020-2692,6.5
Oracle,CVE-2020-2691,6.5
Oracle,CVE-2020-2690,6.5
Oracle,CVE-2020-2689,6.5
Oracle,CVE-2020-2682,8.2
Oracle,CVE-2020-2681,6.5
Oracle,CVE-2020-2555,9.8
Microsoft,CVE-2020-0652,7.8
Sony,CVE-2017-5030,6.3
Microsoft,CVE-2020-0634,8.8
Microsoft,CVE-2020-0616,7.3
Microsoft,CVE-2020-0615,8.4
Microsoft,CVE-2020-0639,8.4
Cisco,CVE-2019-15984,6.5
Cisco,CVE-2019-15983,7.5
Cisco,CVE-2019-15983,6.5
Cisco,CVE-2019-15980,6.5
Cisco,CVE-2019-15983,7.5
Cisco,CVE-2019-15984,7.2
Cisco,CVE-2019-15984,7.5
Cisco,CVE-2019-15983,7.5
Cisco,CVE-2019-15984,7.2
Cisco,CVE-2019-15984,4.9
Cisco,CVE-2019-15984,8.8
Cisco,CVE-2019-15984,7.2
Cisco,CVE-2019-15984,4.9
Cisco,CVE-2019-15984,4.9
Cisco,CVE-2019-15984,4.9
Cisco,CVE-2019-15984,4.9
Cisco,CVE-2019-15984,4.9
Cisco,CVE-2019-15984,7.5
Cisco,CVE-2019-15982,7.2
Cisco,CVE-2019-15978,7.2
Cisco,CVE-2019-15980,7.2
Cisco,CVE-2019-15979,8.8
Cisco,CVE-2019-15984,8.8
Cisco,CVE-2019-15984,8.8
Cisco,CVE-2019-15984,8.8
Cisco,CVE-2019-15984,8.8
Cisco,CVE-2019-15984,8.8
Cisco,CVE-2019-15984,8.8
Cisco,CVE-2019-15984,8.8
Cisco,CVE-2019-15984,8.8
Cisco,CVE-2019-15984,8.8
Cisco,CVE-2019-15984,8.8
Cisco,CVE-2019-15984,8.8
Cisco,CVE-2019-15984,8.8
Cisco,CVE-2019-15984,8.8
Cisco,CVE-2019-15984,8.8
Cisco,CVE-2019-15984,8.8
Cisco,CVE-2019-15984,8.8
Cisco,CVE-2019-15984,8.8
Cisco,CVE-2019-15984,8.8
Cisco,CVE-2019-15984,8.8
Cisco,CVE-2019-15984,8.8
Cisco,CVE-2019-15984,8.8
Cisco,CVE-2019-15984,8.8
Cisco,CVE-2019-15984,8.8
Cisco,CVE-2019-15984,8.8
Cisco,CVE-2019-15984,8.8
Cisco,CVE-2019-15984,8.8
Cisco,CVE-2019-15984,8.8
Cisco,CVE-2019-15984,8.8
Cisco,CVE-2019-15984,8.8
Cisco,CVE-2019-15984,8.8
Cisco,CVE-2019-15984,8.8
Cisco,CVE-2019-15984,8.8
Cisco,CVE-2019-15984,8.8
Cisco,CVE-2019-15984,8.8
Cisco,CVE-2019-15984,8.8
Cisco,CVE-2019-15984,8.8
Cisco,CVE-2019-15984,8.8
Cisco,CVE-2019-15985,8.8
Cisco,CVE-2019-15985,8.8
Cisco,CVE-2019-15984,8.8
Cisco,CVE-2019-15984,8.8
Cisco,CVE-2019-15984,8.8
Cisco,CVE-2019-15984,8.8
Cisco,CVE-2019-15984,8.8
Cisco,CVE-2019-15984,8.8
Cisco,CVE-2019-15984,8.8
Cisco,CVE-2019-15984,8.8
Cisco,CVE-2019-15984,8.8
Cisco,CVE-2019-15984,8.8
Cisco,CVE-2019-15984,8.8
Cisco,CVE-2019-15984,8.8
Cisco,CVE-2019-15984,8.8
Cisco,CVE-2019-15984,8.8
Cisco,CVE-2019-15984,8.8
Cisco,CVE-2019-15984,8.8
Cisco,CVE-2019-15984,8.8
Cisco,CVE-2019-15984,8.8
Cisco,CVE-2019-15984,8.8
Cisco,CVE-2019-15984,8.8
Cisco,CVE-2019-15984,8.8
Cisco,CVE-2019-15984,8.8
Cisco,CVE-2019-15984,8.8
Cisco,CVE-2019-15984,8.8
Cisco,CVE-2019-15984,8.8
Cisco,CVE-2019-15984,8.8
Cisco,CVE-2019-15984,8.8
Cisco,CVE-2019-15984,8.8
Cisco,CVE-2019-15984,8.8
Cisco,CVE-2019-15984,8.8
Cisco,CVE-2019-15984,8.8
Cisco,CVE-2019-15984,8.8
Cisco,CVE-2019-15984,8.8
Cisco,CVE-2019-15984,8.8
Cisco,CVE-2019-15984,8.8
Cisco,CVE-2019-15984,6.5
Cisco,CVE-2019-15984,8.8
Cisco,CVE-2019-15984,8.8
Cisco,CVE-2019-15984,8.8
Cisco,CVE-2019-15984,7.2
Cisco,CVE-2019-15984,7.2
Cisco,CVE-2019-15984,7.2
Cisco,CVE-2019-15984,7.2
Cisco,CVE-2019-15984,7.2
Cisco,CVE-2019-15984,7.2
Cisco,CVE-2019-15981,6.5
Cisco,CVE-2019-15981,7.1
Cisco,CVE-2019-15977,6.5
Cisco,CVE-2019-15977,7.5
Cisco,CVE-2019-15980,8.8
Cisco,CVE-2019-15981,6.5
Cisco,CVE-2019-15981,7.1
Cisco,CVE-2019-15976,9.8
Cisco,CVE-2019-15980,8.8
Cisco,CVE-2019-15980,6.5
Cisco,CVE-2019-15980,8.8
Cisco,CVE-2019-15980,8.8
Cisco,CVE-2019-15975,9.8
Microsoft,,3.1
Microsoft,,4.3
SolarWinds,CVE-2021-35234,8.8
SolarWinds,CVE-2021-35234,8.8
SolarWinds,CVE-2021-35234,8.8
SolarWinds,CVE-2021-35234,8.8
SolarWinds,CVE-2021-35234,8.8
SolarWinds,CVE-2021-35234,8.8
SolarWinds,CVE-2021-35234,8.8
SolarWinds,CVE-2021-35234,8.8
SolarWinds,CVE-2021-35234,8.8
Microsoft,CVE-2021-41365,8.8
Veritas,CVE-2021-44681,9.8
Veritas,CVE-2021-44682,9.8
Veritas,CVE-2021-44677,9.8
Veritas,CVE-2021-44678,9.8
Veritas,CVE-2021-44680,9.8
Veritas,CVE-2021-44679,9.8
Adobe,CVE-2021-44696,3.3
Adobe,CVE-2021-43030,3.3
Adobe,CVE-2021-40795,7.8
Adobe,CVE-2021-40790,3.3
Adobe,CVE-2021-43751,3.3
Adobe,CVE-2021-42265,3.3
Adobe,CVE-2021-40791,3.3
Adobe,CVE-2021-43753,3.3
Adobe,CVE-2021-43759,3.3
Adobe,CVE-2021-44699,3.3
Adobe,CVE-2021-44697,3.3
Adobe,CVE-2021-44698,3.3
Adobe,CVE-2021-43757,7.8
Adobe,CVE-2021-43758,3.3
Adobe,CVE-2021-43760,3.3
Adobe,CVE-2021-44182,3.3
Adobe,CVE-2021-44183,3.3
Adobe,CVE-2021-44180,7.8
Adobe,CVE-2021-44181,7.8
Adobe,CVE-2021-44179,7.8
Adobe,CVE-2021-44192,3.3
Adobe,CVE-2021-44194,3.3
Adobe,CVE-2021-44193,3.3
Adobe,CVE-2021-44188,7.8
Adobe,CVE-2021-44191,3.3
Adobe,CVE-2021-44190,3.3
Adobe,CVE-2021-44195,3.3
Adobe,CVE-2021-43763,3.3
Adobe,CVE-2021-43018,7.8
Adobe,CVE-2021-44189,3.3
Adobe,CVE-2021-43027,3.3
Adobe,CVE-2021-43746,3.3
Microsoft,CVE-2021-42311,9.8
Microsoft,CVE-2021-42313,9.8
Microsoft,CVE-2021-43247,8.8
Microsoft,CVE-2021-43882,9.8
Microsoft,CVE-2021-41333,7.8
SAP,CVE-2021-42069,7.8
X.Org,CVE-2021-4011,7.8
X.Org,CVE-2021-4010,7.8
X.Org,CVE-2021-4009,7.8
X.Org,CVE-2021-4008,7.8
Open Design Alliance (ODA),CVE-2021-44423,3.3
Open Design Alliance (ODA),CVE-2021-44860,3.3
Open Design Alliance (ODA),CVE-2021-44859,3.3
Open Design Alliance (ODA),CVE-2021-44422,7.8
Open Design Alliance (ODA),CVE-2021-44422,7.8
Apache,CVE-2021-45105,5.3
Tencent,,4.3
Tencent,,8.8
Tencent,,8.8
Tencent,,8.8
Trend Micro,CVE-2021-44023,6.1
McAfee,CVE-2021-31850,5.9
Bentley,CVE-2021-34946,7.8
Bentley,CVE-2021-34945,7.8
Bentley,CVE-2021-34944,3.3
Bentley,CVE-2021-34943,3.3
Bentley,CVE-2021-34942,7.8
Bentley,CVE-2021-34941,7.8
Bentley,CVE-2021-34940,7.8
Bentley,CVE-2021-34939,7.8
Bentley,CVE-2021-34938,7.8
Bentley,CVE-2021-34937,7.8
Bentley,CVE-2021-34936,7.8
Bentley,CVE-2021-34935,7.8
Bentley,CVE-2021-34934,7.8
Bentley,CVE-2021-34933,7.8
Bentley,CVE-2021-34932,7.8
Bentley,CVE-2021-34931,7.8
Bentley,CVE-2021-34930,7.8
Bentley,CVE-2021-34929,7.8
Bentley,CVE-2021-34928,7.8
Bentley,CVE-2021-34927,7.8
Bentley,CVE-2021-34926,7.8
Bentley,CVE-2021-34925,7.8
Bentley,CVE-2021-34924,7.8
Bentley,CVE-2021-34923,7.8
Bentley,CVE-2021-34922,7.8
Bentley,CVE-2021-34921,7.8
Bentley,CVE-2021-34920,7.8
Bentley,CVE-2021-34919,7.8
Bentley,CVE-2021-34918,7.8
Bentley,CVE-2021-34917,7.8
Bentley,CVE-2021-34916,3.3
Bentley,CVE-2021-34915,7.8
Bentley,CVE-2021-34914,7.8
Bentley,CVE-2021-34912,7.8
Bentley,CVE-2021-34911,7.8
Bentley,CVE-2021-34910,3.3
Bentley,CVE-2021-34909,7.8
Bentley,CVE-2021-34908,7.8
Bentley,CVE-2021-34907,7.8
Bentley,CVE-2021-34906,7.8
Bentley,CVE-2021-34905,7.8
Bentley,CVE-2021-34904,7.8
Bentley,CVE-2021-34903,7.8
Bentley,CVE-2021-34902,3.3
Bentley,CVE-2021-34901,3.3
Bentley,CVE-2021-34900,7.8
Bentley,CVE-2021-34899,7.8
Bentley,CVE-2021-34898,7.8
Bentley,CVE-2021-34897,7.8
Bentley,CVE-2021-34896,7.8
Bentley,CVE-2021-34895,7.8
Bentley,CVE-2021-34894,7.8
Bentley,CVE-2021-34893,7.8
Bentley,CVE-2021-34892,7.8
Bentley,CVE-2021-34891,7.8
Bentley,CVE-2021-34890,3.3
Bentley,CVE-2021-34889,3.3
Bentley,CVE-2021-34888,3.3
Bentley,CVE-2021-34887,3.3
Bentley,CVE-2021-34886,3.3
Bentley,CVE-2021-34885,7.8
Bentley,CVE-2021-34884,3.3
Bentley,CVE-2021-34883,3.3
Bentley,CVE-2021-34882,3.3
Bentley,CVE-2021-34881,3.3
Bentley,CVE-2021-34880,7.8
Bentley,CVE-2021-34879,7.8
Bentley,CVE-2021-34913,7.8
Bentley,CVE-2021-34878,7.8
Bentley,CVE-2021-34877,7.8
Bentley,CVE-2021-34876,7.8
Bentley,CVE-2021-34875,7.8
Bentley,CVE-2021-34872,7.8
Bentley,CVE-2021-34874,7.8
Bentley,CVE-2021-34873,7.8
Bentley,CVE-2021-34871,7.8
Tencent,,8.8
Tencent,,3.3
Tencent,,8.8
Tencent,,4.3
Tencent,,4.3
Adobe,CVE-2021-44185,3.3
Adobe,CVE-2021-44186,3.3
Adobe,CVE-2021-44187,3.3
Tencent,,4.3
Tencent,,4.3
Tencent,,4.3
Tencent,,4.3
Tencent,,8.8
Tencent,,3.3
OpenText,,7.8
OpenText,,7.8
OpenText,,7.8
OpenText,,7.8
OpenText,,3.3
OpenText,,7.8
OpenText,,7.8
OpenText,,7.8
OpenText,,7.8
OpenText,,7.8
OpenText,,7.8
OpenText,,7.8
OpenText,,7.8
OpenText,,7.8
OpenText,,7.8
OpenText,,7.8
OpenText,,3.3
OpenText,,7.8
OpenText,,7.8
OpenText,,7.8
OpenText,,7.8
OpenText,,7.8
OpenText,,3.3
OpenText,,7.8
OpenText,,7.8
OpenText,,7.8
OpenText,,7.8
OpenText,,7.8
OpenText,,3.3
OpenText,,3.3
OpenText,,7.8
OpenText,,7.8
OpenText,,7.8
OpenText,,7.8
OpenText,,3.3
OpenText,,3.3
OpenText,,7.8
OpenText,,3.3
OpenText,,3.3
OpenText,,7.8
OpenText,,7.8
OpenText,,7.8
OpenText,,7.8
OpenText,,7.8
OpenText,,7.8
OpenText,,3.3
OpenText,,7.8
OpenText,,3.3
OpenText,,3.3
OpenText,,3.3
OpenText,,3.3
OpenText,,7.8
OpenText,,7.8
OpenText,,7.8
OpenText,,3.3
OpenText,,7.8
OpenText,,7.8
OpenText,,7.8
OpenText,,3.3
OpenText,,3.3
OpenText,,7.8
OpenText,,7.8
OpenText,,7.8
OpenText,,3.3
OpenText,,7.8
Avira,,7.0
Avira,,7.0
Avira,,7.0
Bitdefender,CVE-2021-3576,7.0
Delta Industrial Automation,CVE-2021-32969,7.8
Delta Industrial Automation,CVE-2021-32965,7.8
Jenkins,,6.5
Delta Industrial Automation,CVE-2021-43982,7.8
Esri,,7.8
Esri,,7.8
Apple,CVE-2021-30910,3.3
Apple,CVE-2021-30905,3.3
Bentley,CVE-2021-34984,3.3
Trend Micro,CVE-2021-44021,7.0
Trend Micro,CVE-2021-44020,7.0
Trend Micro,CVE-2021-44019,7.0
Open Design Alliance (ODA),CVE-2021-43272,7.8
Open Design Alliance (ODA),CVE-2021-43390,7.8
Open Design Alliance (ODA),CVE-2021-43391,7.8
Open Design Alliance (ODA),CVE-2021-43272,7.8
Bentley,CVE-2021-34985,3.3
Open Design Alliance (ODA),CVE-2021-43272,7.8
Open Design Alliance (ODA),CVE-2021-43273,3.3
Open Design Alliance (ODA),CVE-2021-43280,7.8
Open Design Alliance (ODA),CVE-2021-43280,7.8
Open Design Alliance (ODA),CVE-2021-44047,3.3
Open Design Alliance (ODA),CVE-2021-43582,7.8
Open Design Alliance (ODA),CVE-2021-43391,3.3
Open Design Alliance (ODA),CVE-2021-43273,3.3
Open Design Alliance (ODA),CVE-2021-44045,7.8
Open Design Alliance (ODA),CVE-2021-44047,7.8
Open Design Alliance (ODA),CVE-2021-43390,7.8
Open Design Alliance (ODA),CVE-2021-43390,7.8
Open Design Alliance (ODA),CVE-2021-44047,7.8
Open Design Alliance (ODA),CVE-2021-43280,7.8
Open Design Alliance (ODA),CVE-2021-44044,7.8
Open Design Alliance (ODA),CVE-2021-43280,7.8
Open Design Alliance (ODA),CVE-2021-43280,7.8
Open Design Alliance (ODA),CVE-2021-43280,7.8
Open Design Alliance (ODA),CVE-2021-43280,7.8
Open Design Alliance (ODA),CVE-2021-44048,7.8
Open Design Alliance (ODA),CVE-2021-44046,7.8
Open Design Alliance (ODA),CVE-2021-43279,7.8
Panda Security,CVE-2021-34998,7.0
Kaspersky,CVE-2021-35052,7.8
Microsoft,CVE-2021-42297,6.7
Adobe,CVE-2021-43019,7.8
Commvault,CVE-2021-34997,8.8
Commvault,CVE-2021-34996,8.8
Commvault,CVE-2021-34995,8.8
Commvault,CVE-2021-34994,8.8
Commvault,CVE-2021-34993,9.8
Ivanti,CVE-2021-42132,9.8
Ivanti,CVE-2021-42130,9.8
Ivanti,CVE-2021-42129,9.8
Ivanti,CVE-2021-42128,7.5
Ivanti,CVE-2021-42127,9.8
WECON,CVE-2021-42707,7.8
WECON,CVE-2021-42705,7.8
Trend Micro,CVE-2021-43771,7.8
Autodesk,CVE-2021-27037,7.8
Autodesk,CVE-2021-27035,3.3
Autodesk,CVE-2021-27038,7.8
Autodesk,CVE-2021-27035,7.8
Autodesk,CVE-2021-27035,7.8
Jenkins,CVE-2021-43576,6.5
Jenkins,CVE-2021-21701,6.5
Open Design Alliance (ODA),CVE-2021-43582,7.8
Open Design Alliance (ODA),CVE-2021-43581,3.3
Open Design Alliance (ODA),CVE-2021-43581,3.3
Microsoft,CVE-2021-41368,7.8
Microsoft,CVE-2021-41379,7.8
Microsoft,CVE-2021-42280,7.8
Microsoft,CVE-2021-42277,7.8
Adobe,CVE-2021-42727,8.8
Orckestra,CVE-2021-34992,8.8
NETGEAR,CVE-2021-34991,8.8
Ivanti,CVE-2021-42131,9.1
Ivanti,CVE-2021-42133,9.8
Ivanti,CVE-2021-42126,8.8
Ivanti,CVE-2021-42125,7.2
Ivanti,CVE-2021-42124,8.1
Open Design Alliance (ODA),CVE-2021-43277,7.8
Open Design Alliance (ODA),CVE-2021-43279,7.8
Open Design Alliance (ODA),CVE-2021-43274,7.8
Open Design Alliance (ODA),CVE-2021-43279,7.8
Open Design Alliance (ODA),CVE-2021-43274,7.8
Open Design Alliance (ODA),CVE-2021-43279,7.8
Open Design Alliance (ODA),CVE-2021-43273,3.3
Open Design Alliance (ODA),CVE-2021-43277,3.3
Open Design Alliance (ODA),CVE-2021-43277,7.8
Open Design Alliance (ODA),CVE-2021-43278,7.8
Open Design Alliance (ODA),CVE-2021-43274,3.3
Open Design Alliance (ODA),CVE-2021-43274,3.3
Open Design Alliance (ODA),CVE-2021-43277,3.3
Open Design Alliance (ODA),CVE-2021-43275,7.8
Open Design Alliance (ODA),CVE-2021-43277,3.3
Open Design Alliance (ODA),CVE-2021-43276,3.3
Open Design Alliance (ODA),CVE-2021-43273,3.3
Kaspersky,CVE-2021-35053,6.1
Schneider Electric,CVE-2021-22748,8.8
Hewlett Packard Enterprise,CVE-2021-29212,9.8
Bitdefender,"CVE-2021-3579, CVE-2021-3576",7.0
Bitdefender,"CVE-2021-3579, CVE-2021-3576",7.0
NETGEAR,CVE-2021-34983,6.5
NETGEAR,CVE-2021-34982,8.8
Bitdefender,"CVE-2021-3579, CVE-2021-3576",7.0
Bitdefender,"CVE-2021-3579, CVE-2021-3576",7.0
Bitdefender,CVE-2021-3576,7.0
Bitdefender,CVE-2021-3576,7.0
Fuji Electric,CVE-2021-38413,7.8
Fuji Electric,CVE-2021-38413,7.8
Fuji Electric,CVE-2021-38419,7.8
Fuji Electric,CVE-2021-38419,7.8
Fuji Electric,CVE-2021-38415,7.8
Fuji Electric,CVE-2021-38421,7.8
Fuji Electric,CVE-2021-38419,7.8
Fuji Electric,CVE-2021-38419,7.8
Fuji Electric,CVE-2021-38413,7.8
Fuji Electric,CVE-2021-38413,7.8
Fuji Electric,CVE-2021-38413,7.8
Fuji Electric,CVE-2021-38413,7.8
Adobe,CVE-2021-42533,7.8
Adobe,CVE-2021-40769,3.3
Adobe,CVE-2021-42270,7.8
Adobe,CVE-2021-42525,3.3
Adobe,CVE-2021-42271,7.8
Adobe,CVE-2021-42272,7.8
Adobe,CVE-2021-42524,7.8
Adobe,CVE-2021-40725,7.8
Adobe,CVE-2021-40726,7.8
SolarWinds,CVE-2021-35218,8.8
SolarWinds,CVE-2021-35217,8.8
SolarWinds,CVE-2021-35216,8.8
SolarWinds,CVE-2021-35215,8.8
SolarWinds,CVE-2021-35213,8.8
SolarWinds,CVE-2021-35212,8.8
NETGEAR,CVE-2021-34980,8.8
NETGEAR,CVE-2021-34979,8.8
NETGEAR,CVE-2021-34978,8.8
NETGEAR,CVE-2021-34977,8.8
ICONICS,CVE-2021-27040,3.3
ICONICS,CVE-2021-27041,7.8
ICONICS,CVE-2021-27040,3.3
Vinchin,,9.8
Vinchin,,9.8
Microsoft,CVE-2021-43211,7.3
Oracle,CVE-2021-35621,9.8
Oracle,CVE-2021-35611,4.3
Oracle,CVE-2021-35598,9.8
Oracle,CVE-2021-35593,9.8
Oracle,CVE-2021-35592,9.8
Oracle,CVE-2021-35594,9.8
Oracle,CVE-2021-35590,9.8
Microsoft,CVE-2021-40487,8.8
Microsoft,CVE-2021-41344,8.8
Linux,CVE-2021-34981,7.5
Trend Micro,CVE-2021-42102,7.0
Trend Micro,CVE-2021-42012,7.8
Trend Micro,CVE-2021-42011,7.8
Trend Micro,CVE-2021-42101,7.0
Trend Micro,CVE-2021-42106,7.0
Trend Micro,CVE-2021-42108,6.7
Trend Micro,CVE-2021-42104,7.0
Trend Micro,CVE-2021-42105,7.0
Trend Micro,CVE-2021-42107,7.0
Trend Micro,CVE-2021-42103,7.8
Schneider Electric,CVE-2021-22801,7.8
Fuji Electric,CVE-2022-21202,3.3
Fuji Electric,CVE-2022-24383,7.8
Fuji Electric,CVE-2022-21228,7.8
Fuji Electric,CVE-2022-21214,7.8
Foxit,CVE-2021-34976,3.3
Foxit,CVE-2021-34975,7.8
Foxit,CVE-2021-34974,7.8
Foxit,CVE-2021-34973,3.3
Foxit,CVE-2021-34972,3.3
Foxit,CVE-2021-34971,7.8
Foxit,CVE-2021-34970,3.3
Foxit,CVE-2021-34969,3.3
Foxit,CVE-2021-34968,7.8
Foxit,CVE-2021-34967,7.8
Foxit,CVE-2021-34966,7.8
Foxit,CVE-2021-34965,7.8
Foxit,CVE-2021-34964,7.8
Foxit,CVE-2021-34963,7.8
Foxit,CVE-2021-34962,7.8
Foxit,CVE-2021-34961,7.8
Foxit,CVE-2021-34960,7.8
Foxit,CVE-2021-34959,7.8
Foxit,CVE-2021-34958,7.8
Foxit,CVE-2021-34957,7.8
Foxit,CVE-2021-34956,7.8
Foxit,CVE-2021-34955,7.8
Foxit,CVE-2021-34954,7.8
Foxit,CVE-2021-34953,7.8
Foxit,CVE-2021-34952,7.8
Foxit,CVE-2021-34951,3.3
Foxit,CVE-2021-34950,7.8
Foxit,CVE-2021-34949,3.3
Foxit,CVE-2021-34948,7.8
Fatek Automation,CVE-2021-38442,7.8
Fatek Automation,CVE-2021-38442,7.8
Fatek Automation,CVE-2021-38442,7.8
Fatek Automation,CVE-2021-38442,7.8
Fatek Automation,CVE-2021-38442,7.8
Fatek Automation,CVE-2021-38442,7.8
Fatek Automation,CVE-2021-38442,8.8
Fatek Automation,CVE-2021-38440,3.3
Fatek Automation,CVE-2021-38438,7.8
Fatek Automation,CVE-2021-38426,7.8
Fatek Automation,CVE-2021-38434,7.8
Fatek Automation,CVE-2021-38442,7.8
Fatek Automation,CVE-2021-38442,7.8
Fatek Automation,CVE-2021-38430,7.8
Fatek Automation,CVE-2021-38432,9.8
Adobe,CVE-2021-40731,7.8
Adobe,CVE-2021-40730,3.3
Microsoft,CVE-2021-41347,7.0
Microsoft,CVE-2021-40481,7.8
Microsoft,CVE-2021-40480,7.8
Microsoft,CVE-2021-40486,7.8
Microsoft,CVE-2021-26441,8.8
Microsoft,CVE-2021-40489,7.8
Microsoft,CVE-2021-40478,7.8
Microsoft,CVE-2021-41345,8.8
Microsoft,CVE-2021-40488,8.8
Schneider Electric,CVE-2021-22802,9.8
Schneider Electric,CVE-2021-22803,9.8
Schneider Electric,CVE-2021-22804,7.5
Schneider Electric,CVE-2021-22805,5.3
Linux,CVE-2021-34866,8.8
Adobe,CVE-2021-36009,7.8
Adobe,CVE-2021-36008,3.3
Adobe,CVE-2021-35986,3.3
Microsoft,,3.3
Autodesk,CVE-2021-27036,7.8
Autodesk,CVE-2021-27036,7.8
Autodesk,CVE-2021-27036,3.3
Autodesk,CVE-2021-27035,3.3
Autodesk,CVE-2021-27035,7.8
Autodesk,CVE-2021-27036,7.8
Autodesk,CVE-2021-27035,7.8
Autodesk,CVE-2021-27035,7.8
Autodesk,CVE-2021-27035,3.3
Autodesk,CVE-2021-27035,3.3
Autodesk,CVE-2021-27035,3.3
Autodesk,CVE-2021-27034,3.3
Autodesk,CVE-2021-27034,7.8
Autodesk,CVE-2021-27034,7.8
Autodesk,CVE-2021-27034,3.3
Autodesk,CVE-2021-27034,7.8
Autodesk,CVE-2021-27034,7.8
Autodesk,CVE-2021-27034,7.8
Autodesk,CVE-2021-27034,7.8
Siemens,CVE-2021-41540,7.8
Siemens,CVE-2021-41539,7.8
Siemens,CVE-2021-41538,3.3
Siemens,CVE-2021-41537,7.8
Siemens,CVE-2021-41536,7.8
Siemens,CVE-2021-41535,7.8
Siemens,CVE-2021-41534,3.3
Siemens,CVE-2021-41533,3.3
NETGEAR,CVE-2021-34947,8.8
Trend Micro,CVE-2021-36745,9.8
Siemens,CVE-2021-37179,7.8
Siemens,CVE-2021-37180,7.8
Trend Micro,CVE-2021-32466,7.3
VMware,CVE-2021-22009,7.5
VMware,CVE-2021-22009,4.0
VMware,CVE-2021-22019,7.5
VMware,CVE-2021-22015,7.8
VMware,CVE-2021-22008,5.3
VMware,CVE-2021-22015,7.8
VMware,CVE-2021-22018,6.5
McAfee,CVE-2021-31847,7.8
Microsoft,CVE-2021-36962,5.5
Schneider Electric,CVE-2021-22797,7.8
Adobe,CVE-2021-39839,7.8
Adobe,CVE-2021-39836,7.8
Adobe,CVE-2021-39837,7.8
Adobe,CVE-2021-39838,7.8
Adobe,CVE-2021-39821,7.8
Adobe,CVE-2021-39840,7.8
Adobe,CVE-2021-39822,7.8
Adobe,CVE-2021-40697,3.3
Adobe,CVE-2021-39858,3.3
Adobe,CVE-2021-39841,7.8
Adobe,CVE-2021-39832,7.8
Adobe,CVE-2021-39830,7.8
Adobe,CVE-2021-39829,7.8
Adobe,CVE-2021-39835,3.3
Adobe,CVE-2021-39831,7.8
Adobe,CVE-2021-39833,3.3
Adobe,CVE-2021-39834,3.3
Microsoft,CVE-2021-38659,7.8
Microsoft,CVE-2021-38658,7.8
Microsoft,CVE-2021-38656,7.8
Microsoft,CVE-2021-38654,7.8
Microsoft,CVE-2021-38655,7.8
Microsoft,CVE-2021-38653,7.8
Microsoft,CVE-2021-36961,6.1
Microsoft,CVE-2021-26434,7.3
Microsoft,CVE-2021-36952,7.0
Microsoft,CVE-2021-38634,7.0
Siemens,CVE-2021-25665,7.8
Siemens,CVE-2021-37176,3.3
Schneider Electric,CVE-2021-22795,8.8
Schneider Electric,CVE-2021-22794,8.8
Autodesk,CVE-2021-27030,7.8
Autodesk,CVE-2021-27031,7.8
Autodesk,CVE-2021-40157,7.8
Autodesk,CVE-2021-27044,7.8
Parallels,,8.2
Autodesk,CVE-2021-40156,7.8
Autodesk,CVE-2021-27045,3.3
Autodesk,CVE-2021-27046,7.8
Autodesk,CVE-2021-40155,7.8
Autodesk,CVE-2021-27045,3.3
Autodesk,CVE-2021-40155,3.3
Delta Industrial Automation,CVE-2021-33019,7.8
NETGEAR,CVE-2021-34870,6.5
Parallels,CVE-2021-34869,7.8
Parallels,CVE-2021-34868,7.8
Parallels,CVE-2021-34867,7.5
Advantech,CVE-2021-38408,9.8
Microsoft,CVE-2021-26431,6.8
Trend Micro,CVE-2021-36744,6.1
NETGEAR,CVE-2021-34865,8.8
Fuji Electric,,7.8
Fuji Electric,,7.8
Fuji Electric,,7.8
Fuji Electric,,7.8
Fuji Electric,,7.8
Fuji Electric,,7.8
Fuji Electric,,7.8
Fuji Electric,,7.8
Fuji Electric,,7.8
Fuji Electric,,7.8
Fuji Electric,,7.8
Fuji Electric,,7.8
Fuji Electric,,7.8
Fuji Electric,,7.8
Fuji Electric,,7.8
Fuji Electric,,7.8
Fuji Electric,,7.8
Fuji Electric,,7.8
Fuji Electric,,7.8
Fuji Electric,,7.8
Fatek Automation,CVE-2021-32931,7.8
Fatek Automation,CVE-2021-32947,7.8
Fatek Automation,CVE-2021-32939,7.8
Fatek Automation,CVE-2021-32931,7.8
D-Link,,8.8
D-Link,,8.8
Microsoft,CVE-2021-34478,7.8
Delta Industrial Automation,CVE-2021-33007,7.8
Microsoft,CVE-2021-34516,7.8
Microsoft,CVE-2021-34516,7.8
Microsoft,CVE-2021-34516,7.8
Microsoft,CVE-2021-34516,7.8
Microsoft,CVE-2021-34516,7.8
Microsoft,CVE-2021-34516,7.8
Microsoft,CVE-2021-34516,7.8
Microsoft,CVE-2021-34516,8.8
Microsoft,CVE-2021-34516,8.8
Microsoft,CVE-2021-34516,8.8
Microsoft,CVE-2021-34516,8.8
Microsoft,CVE-2021-34516,8.8
Microsoft,CVE-2021-34516,8.8
Microsoft,CVE-2021-34516,8.8
Microsoft,CVE-2021-34516,8.8
Microsoft,CVE-2021-34516,8.8
Microsoft,CVE-2021-34516,8.8
Microsoft,CVE-2021-34516,8.8
Microsoft,CVE-2021-34516,8.8
TeamViewer,CVE-2021-34859,7.8
TeamViewer,CVE-2021-34858,7.8
TeamViewer,CVE-2021-34858,7.8
Parallels,CVE-2021-34864,8.8
Siemens,CVE-2021-31343,7.8
Siemens,CVE-2021-31342,7.8
Adobe,CVE-2021-36071,3.3
Adobe,CVE-2021-36079,7.8
Adobe,CVE-2021-36074,3.3
Adobe,CVE-2021-36073,7.8
Adobe,CVE-2021-36072,7.8
Adobe,CVE-2021-36066,7.8
Adobe,CVE-2021-36078,7.8
Siemens,CVE-2021-32944,7.8
Siemens,CVE-2021-32952,7.8
Siemens,CVE-2021-32950,3.3
Siemens,CVE-2021-32944,7.8
Siemens,CVE-2021-32940,3.3
Siemens,CVE-2021-32946,7.8
Siemens,CVE-2021-32948,7.8
Siemens,CVE-2021-32946,7.8
Siemens,CVE-2021-32936,7.8
Siemens,CVE-2021-33738,3.3
Siemens,CVE-2021-32938,3.3
D-Link,CVE-2021-34863,8.8
D-Link,CVE-2021-34862,8.8
D-Link,CVE-2021-34861,8.8
D-Link,CVE-2021-34860,6.5
Microsoft,CVE-2021-34510,8.8
Cisco,,7.5
Zoom,,5.3
Zoom,,5.3
Zoom,CVE-2021-34407,7.3
Apple,CVE-2021-30789,3.3
Microsoft,CVE-2021-34501,8.8
Microsoft,CVE-2021-36945,7.3
Microsoft,CVE-2021-34536,8.8
Microsoft,CVE-2021-34484,7.8
Microsoft,CVE-2021-26426,7.8
Microsoft,CVE-2021-26425,6.1
Microsoft,CVE-2021-26431,7.8
Microsoft,CVE-2021-34471,6.1
Apple,CVE-2021-30789,3.3
Delta Industrial Automation,CVE-2021-38406,7.8
Delta Industrial Automation,CVE-2021-38402,7.8
Delta Industrial Automation,CVE-2021-38406,7.8
Delta Industrial Automation,CVE-2021-38406,7.8
Delta Industrial Automation,CVE-2021-38406,7.8
Delta Industrial Automation,CVE-2021-38406,7.8
Delta Industrial Automation,CVE-2021-38406,7.8
Delta Industrial Automation,CVE-2021-38406,7.8
Delta Industrial Automation,CVE-2021-38406,7.8
Delta Industrial Automation,CVE-2021-38404,7.8
Apple,CVE-2021-30790,3.3
Apple,CVE-2021-30790,7.8
Apple,CVE-2021-30796,7.8
Apple,CVE-2021-30792,7.8
Apple,CVE-2021-30791,3.3
Apple,CVE-2021-30788,4.3
Apple,CVE-2021-30787,7.8
Apple,CVE-2021-30706,3.3
Apple,CVE-2021-30706,3.3
Apple,CVE-2021-30759,7.8
Parallels,CVE-2021-34857,8.2
Parallels,CVE-2021-34855,6.5
Parallels,CVE-2021-34856,8.2
Parallels,CVE-2021-34854,7.8
Microsoft,CVE-2021-36928,7.0
Foxit,CVE-2021-34853,7.8
Foxit,CVE-2021-34852,7.8
Foxit,CVE-2021-34851,7.8
Foxit,CVE-2021-34850,7.8
Foxit,CVE-2021-34849,7.8
Foxit,CVE-2021-34848,7.8
Foxit,CVE-2021-34847,7.8
Foxit,CVE-2021-34846,7.8
Foxit,CVE-2021-34845,7.8
Foxit,CVE-2021-34844,7.8
Foxit,CVE-2021-34843,7.8
Foxit,CVE-2021-34842,7.8
Foxit,CVE-2021-34841,7.8
Foxit,CVE-2021-34840,7.8
Foxit,CVE-2021-34839,7.8
Foxit,CVE-2021-34838,7.8
Foxit,CVE-2021-34837,7.8
Foxit,CVE-2021-34836,7.8
Foxit,CVE-2021-34835,7.8
Foxit,CVE-2021-34834,7.8
Foxit,CVE-2021-34833,7.8
Foxit,CVE-2021-34832,7.8
Foxit,CVE-2021-34831,7.8
Adobe,CVE-2021-36015,3.3
Trend Micro,CVE-2021-32465,7.5
Trend Micro,CVE-2021-32464,7.8
Microsoft,CVE-2021-43209,6.6
Adobe,CVE-2021-36007,3.3
Adobe,CVE-2021-36016,3.3
Adobe,CVE-2021-36014,3.3
Adobe,CVE-2021-36001,3.3
Adobe,CVE-2021-40766,3.3
Adobe,CVE-2021-36006,3.3
Adobe,CVE-2021-36003,3.3
Adobe,CVE-2021-36019,3.3
Adobe,CVE-2021-36017,7.8
Adobe,CVE-2021-36018,3.3
Adobe,CVE-2021-35995,3.3
Adobe,CVE-2021-35993,7.8
Adobe,CVE-2021-35994,7.8
Microsoft,CVE-2021-34516,8.8
Microsoft,CVE-2021-31198,8.8
Apple,CVE-2021-30764,3.3
Apple,CVE-2021-30706,3.3
Apple,CVE-2021-30662,7.8
Apple,CVE-2021-30742,3.3
Oracle,CVE-2021-2429,8.1
Oracle,CVE-2021-2409,7.5
Oracle,CVE-2021-2401,7.5
Oracle,CVE-2021-2400,7.5
Oracle,CVE-2021-2456,9.8
Oracle,CVE-2021-2396,8.8
Oracle,CVE-2021-2392,8.8
Oracle,CVE-2021-2391,8.8
Oracle,CVE-2021-2390,9.8
Oracle,CVE-2021-2389,9.8
WSO2,,9.8
Autodesk,,7.8
Autodesk,,7.8
Advantech,CVE-2021-32951,5.3
Microsoft,CVE-2021-34513,8.8
Siemens,CVE-2021-34304,3.3
Siemens,CVE-2021-34301,7.8
Siemens,CVE-2021-34298,7.8
Siemens,CVE-2021-34292,7.8
Siemens,CVE-2021-34291,7.8
Siemens,CVE-2021-34331,7.8
Siemens,CVE-2021-34330,7.8
Siemens,CVE-2021-34329,7.8
Siemens,CVE-2021-34328,7.8
Siemens,CVE-2021-34327,7.8
Siemens,CVE-2021-34326,7.8
Siemens,CVE-2021-34325,3.3
Siemens,CVE-2021-34324,7.8
Siemens,CVE-2021-34323,7.8
Siemens,CVE-2020-26999,7.8
Siemens,CVE-2021-34322,3.3
Siemens,CVE-2021-34321,3.3
Siemens,CVE-2020-26998,7.8
Siemens,CVE-2021-34320,3.3
Siemens,CVE-2021-34319,7.8
Siemens,CVE-2021-34318,7.8
Siemens,CVE-2021-34317,7.8
Siemens,CVE-2021-34295,7.8
Siemens,CVE-2021-34294,7.8
Siemens,CVE-2021-34293,7.8
Siemens,CVE-2021-34316,7.8
Siemens,CVE-2021-34303,3.3
Siemens,CVE-2021-34302,3.3
Siemens,CVE-2021-34300,7.8
Siemens,CVE-2021-34299,3.3
Siemens,CVE-2021-34315,7.8
Siemens,CVE-2021-34314,7.8
Siemens,CVE-2021-34313,7.8
Siemens,CVE-2021-34312,7.8
Siemens,CVE-2021-34311,7.8
Siemens,CVE-2021-34310,7.8
Siemens,CVE-2021-34309,7.8
Siemens,CVE-2021-34308,3.3
Siemens,CVE-2021-34307,3.3
Siemens,CVE-2021-34306,7.8
Siemens,CVE-2021-34305,7.8
Siemens,CVE-2021-34305,7.8
Siemens,CVE-2021-34297,7.8
Siemens,CVE-2021-34296,3.3
Microsoft,CVE-2021-34519,3.5
Microsoft,CVE-2021-34468,7.1
Microsoft,CVE-2021-34520,8.8
Microsoft,CVE-2021-34529,7.8
Microsoft,CVE-2021-31206,7.1
Microsoft,CVE-2021-34498,8.8
Microsoft,CVE-2021-33751,8.8
Microsoft,CVE-2021-34462,7.0
Microsoft,CVE-2021-34523,9.8
Microsoft,CVE-2021-34473,10.0
Microsoft,CVE-2021-34512,8.8
Microsoft,CVE-2021-31207,8.8
Microsoft,CVE-2021-31961,6.1
Cisco,,3.3
Cisco,,3.3
Cisco,,3.3
Schneider Electric,CVE-2021-22784,6.5
Adobe,CVE-2021-28639,7.8
Adobe,CVE-2021-28638,7.8
Adobe,CVE-2021-35986,3.3
Adobe,CVE-2021-28643,3.3
Adobe,CVE-2021-35991,3.3
Adobe,CVE-2021-28624,7.8
Adobe,CVE-2021-35981,7.8
Adobe,CVE-2021-35983,7.8
Adobe,CVE-2021-28596,7.8
Adobe,CVE-2021-28592,7.8
Adobe,CVE-2021-28593,3.3
Adobe,CVE-2021-28591,7.8
Adobe,CVE-2021-35992,3.3
Adobe,CVE-2021-35989,7.8
Adobe,CVE-2021-35990,7.8
Microsoft,CVE-2021-33766,6.5
Microsoft,CVE-2021-31969,8.8
Apple,CVE-2021-30723,3.3
Apple,CVE-2021-30725,7.8
Apple,CVE-2021-30724,7.8
Apple,CVE-2021-30701,7.8
Apple,CVE-2021-30701,7.8
Apple,CVE-2021-30746,3.3
Apple,CVE-2021-30735,7.8
GoPro,,7.8
GoPro,,7.8
GoPro,,7.8
Trend Micro,CVE-2021-32463,6.1
Apple,CVE-2021-30701,7.8
Apple,CVE-2021-30743,7.8
QNAP,CVE-2021-28809,9.8
Phoenix Contact,CVE-2021-33542,7.8
Siemens,CVE-2021-27399,7.8
Siemens,CVE-2021-27387,7.8
Advantech,,9.8
Advantech,,9.8
Autodesk,CVE-2021-27035,7.8
Autodesk,CVE-2021-40167,7.8
Autodesk,CVE-2021-27035,3.3
Trend Micro,CVE-2021-32462,8.8
Trend Micro,CVE-2021-32461,7.0
Microsoft,,7.2
Microsoft,,6.3
Apple,CVE-2021-30719,6.5
Apple,CVE-2021-30734,8.8
Apple,CVE-2021-30743,3.3
Apple,CVE-2021-30708,3.3
Apple,CVE-2021-30709,3.3
Apple,CVE-2021-30707,7.8
Apple,CVE-2021-30695,3.3
Apple,CVE-2021-30693,3.3
Apple,CVE-2021-30694,3.3
Apple,CVE-2021-30749,8.8
Apple,CVE-2021-30692,3.3
Apple,CVE-2021-30691,3.3
Apple,CVE-2021-1772,7.8
Apple,CVE-2021-30685,3.3
Apple,CVE-2021-30686,7.8
Microsoft,CVE-2021-26420,7.5
VMware,CVE-2021-21999,7.8
Autodesk,CVE-2021-27035,3.3
Autodesk,CVE-2021-27035,3.3
Autodesk,CVE-2021-27035,3.3
Autodesk,CVE-2021-27035,7.8
Autodesk,CVE-2021-27035,7.8
Autodesk,CVE-2021-27033,7.8
Autodesk,CVE-2021-27033,7.8
Autodesk,CVE-2021-27036,7.8
Autodesk,CVE-2021-27036,7.8
Autodesk,CVE-2021-27036,7.8
Autodesk,CVE-2021-27036,7.8
Autodesk,CVE-2021-27035,7.8
Autodesk,CVE-2021-27035,3.3
Autodesk,CVE-2021-27037,7.8
Autodesk,CVE-2021-27035,3.3
Autodesk,CVE-2021-27035,3.3
Autodesk,CVE-2021-27035,7.8
Autodesk,CVE-2021-27035,3.3
Autodesk,CVE-2021-27036,7.8
Autodesk,CVE-2021-27034,7.8
Autodesk,CVE-2021-27036,7.8
Autodesk,CVE-2021-27034,7.8
Autodesk,CVE-2021-27035,3.3
Autodesk,CVE-2021-27034,7.8
Autodesk,CVE-2021-27034,7.8
Autodesk,CVE-2021-27039,7.8
Autodesk,CVE-2021-27035,3.3
Autodesk,CVE-2021-27035,3.3
Autodesk,CVE-2021-27036,7.8
Autodesk,CVE-2021-27035,3.3
Autodesk,CVE-2021-27035,3.3
Autodesk,CVE-2021-27034,7.8
Autodesk,CVE-2021-27034,7.8
Autodesk,CVE-2021-27034,7.8
Autodesk,CVE-2021-27037,7.8
Autodesk,CVE-2021-27038,7.8
Autodesk,CVE-2021-27037,7.8
Autodesk,CVE-2021-27034,7.8
Autodesk,CVE-2021-27036,7.8
Autodesk,CVE-2021-27041,7.8
Autodesk,CVE-2021-27041,7.8
Autodesk,CVE-2021-27040,7.8
Autodesk,CVE-2021-27040,7.8
Autodesk,CVE-2021-27040,7.8
Autodesk,CVE-2021-27040,7.8
Autodesk,CVE-2021-27040,3.3
Autodesk,CVE-2021-27040,3.3
Autodesk,CVE-2021-27040,7.8
Microsoft,,6.6
Microsoft,,6.6
Microsoft,,6.6
Microsoft,CVE-2021-43208,6.6
Microsoft,,6.6
Microsoft,,6.6
Microsoft,,6.6
Microsoft,,6.6
Microsoft,,6.6
Microsoft,,6.6
Microsoft,,6.6
Siemens,CVE-2021-27390,7.8
Fortinet,CVE-2021-26089,7.8
OpenText,CVE-2021-31514,7.8
OpenText,CVE-2021-31513,7.8
OpenText,CVE-2021-31512,7.8
OpenText,CVE-2021-31511,7.8
OpenText,CVE-2021-31510,7.8
OpenText,CVE-2021-31509,7.8
OpenText,CVE-2021-31508,7.8
OpenText,CVE-2021-31507,7.8
Microsoft,CVE-2021-31946,6.6
Arlo,CVE-2021-31505,6.8
D-Link,CVE-2021-34830,8.8
D-Link,CVE-2021-34829,8.8
D-Link,,8.8
D-Link,CVE-2021-34827,8.8
Vector 35,CVE-2021-31515,7.8
Vector 35,CVE-2021-31516,7.8
Schneider Electric,CVE-2021-22761,7.8
Schneider Electric,CVE-2021-22762,7.8
Schneider Electric,CVE-2021-22753,7.8
Schneider Electric,CVE-2021-22752,7.8
Schneider Electric,CVE-2021-22750,7.8
Microsoft,CVE-2021-31946,6.6
Microsoft,CVE-2021-31939,7.8
Microsoft,CVE-2021-31941,7.8
Microsoft,CVE-2021-31954,8.8
Microsoft,CVE-2021-31945,6.6
Adobe,CVE-2021-28630,3.3
Adobe,CVE-2021-28622,7.8
Adobe,CVE-2021-28621,7.8
Adobe,CVE-2021-28632,7.8
Adobe,CVE-2021-28631,7.8
Adobe,CVE-2021-28552,7.8
Adobe,CVE-2021-28588,8.8
Adobe,CVE-2021-28554,7.8
Microsoft,CVE-2021-31983,6.6
ISC,CVE-2021-25216,8.1
Advantech,CVE-2021-32932,7.5
Advantech,CVE-2021-32932,7.5
Advantech,CVE-2021-32932,7.5
Advantech,CVE-2021-32932,7.5
Advantech,CVE-2021-32932,7.5
Advantech,CVE-2021-32932,7.5
Advantech,CVE-2021-32932,7.5
Advantech,CVE-2021-32932,7.5
Advantech,CVE-2021-32930,9.8
OpenText,CVE-2021-31506,3.3
OpenText,CVE-2021-31504,7.8
OpenText,CVE-2021-31503,7.8
Bosch,CVE-2021-23845,8.8
Bosch,CVE-2021-23846,8.0
OpenText,CVE-2021-31502,7.8
OpenText,CVE-2021-31501,3.3
OpenText,CVE-2021-31500,7.8
OpenText,CVE-2021-31499,7.8
OpenText,CVE-2021-31498,3.3
OpenText,CVE-2021-31497,7.8
OpenText,CVE-2021-31496,7.8
OpenText,CVE-2021-31495,7.8
OpenText,CVE-2021-31494,7.8
OpenText,CVE-2021-31493,7.8
OpenText,CVE-2021-31492,7.8
OpenText,CVE-2021-31491,7.8
OpenText,CVE-2021-31490,7.8
OpenText,CVE-2021-31489,7.8
OpenText,CVE-2021-31488,7.8
OpenText,CVE-2021-31487,7.8
OpenText,CVE-2021-31486,7.8
OpenText,CVE-2021-31485,7.8
OpenText,CVE-2021-31484,7.8
OpenText,CVE-2021-31483,7.8
OpenText,CVE-2021-31482,7.8
OpenText,CVE-2021-31481,7.8
OpenText,CVE-2021-31480,7.8
OpenText,CVE-2021-31479,7.8
OpenText,CVE-2021-31478,7.8
Apple,CVE-2021-1838,3.3
GE,CVE-2021-31477,6.3
Microsoft,CVE-2021-31209,3.5
Foxit,CVE-2021-31476,7.8
Cisco,,3.3
Siemens,CVE-2021-27382,7.8
Siemens,CVE-2021-25678,7.8
VMware,CVE-2021-21989,6.5
VMware,CVE-2021-21988,6.5
VMware,CVE-2021-21987,5.6
Synology,CVE-2021-29084,7.5
Canonical,CVE-2021-3490,8.8
SolarWinds,CVE-2021-31475,8.8
Dräger,CVE-2021-28111,9.8
Trend Micro,CVE-2021-32460,7.8
SolarWinds,CVE-2021-31474,9.8
Ubiquiti Networks,CVE-2021-22909,7.5
Apple,CVE-2021-1881,4.3
Apple,CVE-2021-1858,4.3
Apple,CVE-2021-1814,3.3
Apple,CVE-2021-30745,7.8
Apple,CVE-2021-1834,7.8
Apple,CVE-2021-1834,7.8
Microsoft,,7.8
Advantech,CVE-2021-22667,9.8
QNAP,CVE-2020-36198,6.7
QNAP,CVE-2020-36197,7.1
Canonical,CVE-2021-3489,8.8
Canonical,CVE-2021-3491,8.8
Omron,CVE-2021-27413,7.8
Adobe,CVE-2021-28587,3.3
Adobe,CVE-2021-28586,7.8
Adobe,CVE-2021-21090,7.8
Adobe,CVE-2021-21102,7.8
Adobe,CVE-2021-21099,7.8
Adobe,CVE-2021-21098,7.8
Adobe,CVE-2021-21101,7.8
Microsoft,CVE-2021-31175,7.8
Microsoft,CVE-2021-28465,6.6
Microsoft,CVE-2021-31170,8.8
Microsoft,CVE-2021-31188,6.5
Microsoft,CVE-2021-31177,7.8
Microsoft,CVE-2021-31176,7.8
Microsoft,CVE-2021-28474,8.8
Microsoft,CVE-2021-31181,8.8
Microsoft,CVE-2021-28465,6.6
Microsoft,CVE-2021-31187,7.8
Siemens,CVE-2021-27398,7.8
Siemens,CVE-2021-27397,7.8
Siemens,CVE-2021-27396,7.8
Siemens,CVE-2021-27492,5.5
Siemens,CVE-2021-27490,7.8
Siemens,CVE-2021-27496,7.8
Siemens,CVE-2021-27494,7.8
Siemens,CVE-2021-27488,7.8
Schneider Electric,CVE-2021-22716,7.8
Foxit,CVE-2021-31473,7.8
Cisco,CVE-2021-1415,5.5
Cisco,CVE-2021-1414,5.5
Cisco,CVE-2021-1413,5.5
Foxit,CVE-2021-31468,7.8
Foxit,CVE-2021-31467,3.3
Foxit,CVE-2021-31466,7.8
Foxit,CVE-2021-31465,7.8
Foxit,CVE-2021-31464,3.3
Foxit,CVE-2021-31463,3.3
Foxit,CVE-2021-31462,3.3
Foxit,CVE-2021-31461,7.8
Foxit,CVE-2021-31460,7.8
Foxit,CVE-2021-31459,7.8
Foxit,CVE-2021-31458,7.8
Foxit,CVE-2021-31457,7.8
Foxit,CVE-2021-31456,7.8
Foxit,CVE-2021-31455,7.8
Foxit,CVE-2021-31454,7.8
Foxit,CVE-2021-31453,7.8
Foxit,CVE-2021-31452,7.8
Foxit,CVE-2021-31451,7.8
Foxit,CVE-2021-31450,7.8
Foxit,CVE-2021-31449,7.8
Foxit,CVE-2021-31448,3.3
Foxit,CVE-2021-31447,3.3
Foxit,CVE-2021-31446,3.3
Foxit,CVE-2021-31445,3.3
Foxit,CVE-2021-31444,3.3
Foxit,CVE-2021-31443,3.3
Foxit,CVE-2021-31442,7.8
Foxit,CVE-2021-31441,7.8
Foxit,CVE-2021-31472,7.8
Foxit,CVE-2021-31471,3.3
Foxit,CVE-2021-31470,7.8
Foxit,CVE-2021-31469,3.3
Trend Micro,CVE-2021-31520,7.3
Delta Industrial Automation,CVE-2021-22672,7.8
Esri,,3.3
Esri,,3.3
Esri,,3.3
Esri,,3.3
Delta Industrial Automation,,3.3
Delta Industrial Automation,,3.3
Delta Industrial Automation,,7.8
Delta Industrial Automation,,3.3
Delta Industrial Automation,,3.3
Delta Industrial Automation,,3.3
Delta Industrial Automation,,3.3
Delta Industrial Automation,,3.3
Delta Industrial Automation,,3.3
Delta Industrial Automation,,3.3
Delta Industrial Automation,CVE-2021-22660,7.8
Microsoft,,4.5
Microsoft,CVE-2021-27054,7.8
Microsoft,,5.3
Esri,CVE-2021-29100,7.8
Microsoft,CVE-2021-1648,7.8
Linux,CVE-2021-31440,8.8
ISC,,3.7
Microsoft,CVE-2021-27077,7.8
Microsoft,CVE-2021-27077,7.8
Microsoft,CVE-2021-27077,7.8
Microsoft,CVE-2021-27077,7.8
Microsoft,CVE-2021-27077,7.8
Microsoft,CVE-2021-27077,7.8
Microsoft,CVE-2021-27077,7.8
Microsoft,CVE-2021-27077,7.8
Microsoft,CVE-2021-1640,6.1
Synology,CVE-2021-31439,8.8
Apache,CVE-2021-30638,7.5
Advantech,CVE-2021-33000,7.8
Advantech,CVE-2021-33004,7.8
Advantech,CVE-2021-33002,7.8
Advantech,CVE-2021-33000,7.8
Apple,CVE-2020-27897,7.8
Siemens,CVE-2021-31784,7.8
Oracle,CVE-2021-2250,7.5
Oracle,CVE-2021-2321,5.3
Microsoft,CVE-2021-27077,7.8
Foxit,CVE-2021-31438,7.8
Foxit,CVE-2021-31437,7.8
Foxit,CVE-2021-31436,7.8
Foxit,CVE-2021-31435,7.8
Foxit,CVE-2021-31434,7.8
Foxit,CVE-2021-31433,7.8
Trend Micro,CVE-2021-31519,7.3
Trend Micro,CVE-2021-28649,7.3
Autodesk,CVE-2021-27027,3.3
Autodesk,CVE-2021-27027,3.3
Autodesk,CVE-2021-27027,7.8
Autodesk,CVE-2021-27027,7.8
Autodesk,CVE-2021-27027,7.8
Autodesk,CVE-2021-27031,7.8
Autodesk,CVE-2021-27028,7.8
Autodesk,CVE-2021-27030,7.8
Autodesk,CVE-2021-27028,7.8
Autodesk,CVE-2021-27029,7.8
X.Org,CVE-2021-3472,7.8
Oracle,CVE-2021-2297,5.3
Oracle,CVE-2021-2309,7.5
Oracle,CVE-2021-2302,9.8
Oracle,CVE-2021-2296,5.3
Oracle,CVE-2021-2303,4.9
Oracle,CVE-2021-2291,5.5
Oracle,CVE-2021-2310,7.5
Oracle,CVE-2021-2145,7.5
Oracle,CVE-2021-2211,4.9
Oracle,CVE-2021-2279,8.1
Oracle,CVE-2021-2244,9.8
Oracle,CVE-2021-2266,6.0
Schneider Electric,CVE-2021-22720,6.5
Schneider Electric,CVE-2021-22719,8.8
Schneider Electric,CVE-2021-22718,7.8
Schneider Electric,CVE-2021-22717,8.8
Delta Industrial Automation,CVE-2021-22660,7.8
Delta Industrial Automation,CVE-2021-22660,7.8
Delta Industrial Automation,CVE-2021-22664,7.8
Delta Industrial Automation,CVE-2021-22668,7.8
Advantech,CVE-2021-33004,7.8
Advantech,CVE-2021-33004,7.8
Parallels,CVE-2021-31432,6.0
Parallels,CVE-2021-31431,6.0
Parallels,CVE-2021-31430,6.0
Parallels,CVE-2021-31429,8.2
Parallels,CVE-2021-31428,8.2
Parallels,CVE-2021-31427,7.3
Parallels,CVE-2021-31424,8.8
Parallels,CVE-2021-31426,8.8
Parallels,CVE-2021-31425,8.8
Parallels,CVE-2021-31423,6.0
Parallels,CVE-2021-31422,7.5
Parallels,CVE-2021-31418,6.5
Parallels,CVE-2021-31420,8.8
Parallels,CVE-2021-31419,6.5
Parallels,CVE-2021-31417,6.5
Parallels,CVE-2021-31421,3.2
Microsoft,CVE-2021-28326,6.1
Microsoft,CVE-2021-28453,7.8
Canonical,CVE-2021-3492,8.8
Microsoft,CVE-2021-28468,7.8
Trend Micro,CVE-2021-28648,7.8
Siemens,CVE-2021-25670,7.8
Adobe,CVE-2021-21095,7.8
Adobe,CVE-2021-21096,6.1
Adobe,CVE-2021-21094,7.8
Adobe,CVE-2021-21092,7.8
Adobe,CVE-2021-21093,7.8
Adobe,CVE-2021-21091,3.3
Parallels,CVE-2021-27278,8.2
Google,CVE-2021-21220,8.8
Microsoft,CVE-2021-28454,7.8
Microsoft,CVE-2021-26415,7.3
Samsung,,5.5
Samsung,,5.5
Microsoft,,6.6
Microsoft,,6.6
Siemens,CVE-2020-26997,7.8
Microsoft,CVE-2021-27077,7.8
Trend Micro,CVE-2021-28645,7.8
Trend Micro,CVE-2021-25253,7.8
Trend Micro,CVE-2021-25250,7.8
D-Link,,8.8
Phoenix Contact,CVE-2020-12497,7.8
Apple,CVE-2020-27897,7.8
Apple,CVE-2020-27897,7.8
Apple,CVE-2020-27897,7.8
Apple,CVE-2020-27897,7.8
Apple,CVE-2020-27897,7.8
Apple,CVE-2020-27897,7.8
Apple,CVE-2020-27897,7.8
Apple,CVE-2020-27897,7.8
Apple,CVE-2020-29612,7.8
Apple,CVE-2020-27897,7.8
Apple,CVE-2020-27897,7.8
Apple,CVE-2020-27897,7.8
Apple,CVE-2020-27897,7.8
Apple,CVE-2020-27897,7.8
Apple,CVE-2020-27897,7.8
Apple,CVE-2020-27897,7.8
Apple,CVE-2020-27897,7.8
Apple,CVE-2020-27897,7.8
Apple,CVE-2020-27897,7.8
Apple,CVE-2020-27897,7.8
Apple,CVE-2020-27947,7.8
Apple,CVE-2020-29610,3.3
Apple,CVE-2020-27908,7.8
Apple,CVE-2020-27909,7.8
SolarWinds,CVE-2021-27277,7.8
Esri,CVE-2021-29098,7.8
Esri,CVE-2021-29097,7.8
Esri,CVE-2021-29096,7.8
Esri,CVE-2021-29097,7.8
Esri,CVE-2021-29097,7.8
Esri,CVE-2021-29097,7.8
Esri,CVE-2021-29097,7.8
Esri,CVE-2021-29097,7.8
Esri,CVE-2021-29097,7.8
Esri,CVE-2021-29097,7.8
Esri,CVE-2021-29098,7.8
Esri,CVE-2021-29098,7.8
Esri,CVE-2021-29097,7.8
NETGEAR,CVE-2021-27276,7.1
NETGEAR,CVE-2021-27275,8.3
NETGEAR,CVE-2021-27274,9.8
NETGEAR,CVE-2021-27273,8.8
NETGEAR,CVE-2021-27272,7.1
Lepide,,7.5
Foxit,CVE-2021-27271,7.8
Foxit,CVE-2021-27270,7.8
Foxit,CVE-2021-27269,7.8
Foxit,CVE-2021-27268,7.8
Foxit,CVE-2021-27267,7.8
Foxit,CVE-2021-27266,3.3
Foxit,CVE-2021-27265,3.3
Foxit,CVE-2021-27264,3.3
Foxit,CVE-2021-27263,3.3
Foxit,CVE-2021-27262,3.3
Foxit,CVE-2021-27261,7.8
Samsung,CVE-2021-25346,3.3
Sony,,5.9
Synology,CVE-2021-27646,6.3
Synology,CVE-2021-27647,4.3
Synology,CVE-2021-26569,6.3
Hewlett Packard Enterprise,CVE-2021-26578,7.5
Adobe,CVE-2021-21089,3.3
Adobe,CVE-2021-21088,7.8
Microsoft,CVE-2021-27057,7.8
Microsoft,CVE-2021-27056,7.8
Microsoft,CVE-2021-27053,7.8
Microsoft,CVE-2021-26900,8.8
Microsoft,CVE-2021-26892,5.5
Microsoft,CVE-2021-27070,7.3
Microsoft,CVE-2021-26889,7.8
Microsoft,CVE-2021-26886,6.1
Siemens,CVE-2021-22647,7.8
Siemens,CVE-2021-22649,7.8
Siemens,CVE-2021-22651,7.8
Siemens,CVE-2021-22645,7.8
Siemens,CVE-2021-22647,7.8
Siemens,CVE-2021-22647,7.8
Siemens,CVE-2021-22647,7.8
Siemens,CVE-2021-22643,7.8
Siemens,CVE-2021-22647,7.8
Siemens,CVE-2021-22649,7.8
Siemens,CVE-2021-22643,7.8
SAP,CVE-2021-27586,7.8
SAP,CVE-2021-27592,7.8
SAP,CVE-2021-27592,7.8
SAP,CVE-2021-27587,7.8
SAP,CVE-2021-27592,7.8
SAP,CVE-2021-27587,7.8
SAP,CVE-2021-21493,7.8
SAP,CVE-2021-21493,7.8
SAP,CVE-2021-21493,7.8
SAP,CVE-2021-27589,7.8
SAP,CVE-2021-21493,7.8
SAP,CVE-2021-21493,7.8
SAP,CVE-2021-21493,7.8
SAP,CVE-2021-21493,7.8
SAP,CVE-2021-21493,7.8
SAP,CVE-2021-21493,7.8
SAP,CVE-2021-27585,7.8
SAP,CVE-2021-27591,7.8
SAP,CVE-2021-21493,7.8
SAP,CVE-2021-21493,7.8
SAP,CVE-2021-21493,7.8
SAP,CVE-2021-27590,7.8
SAP,CVE-2021-21493,7.8
SAP,CVE-2021-27588,7.8
SAP,CVE-2021-21493,3.3
SAP,CVE-2021-21493,7.8
SAP,CVE-2021-21493,7.8
SAP,CVE-2021-27585,7.8
Microsoft,CVE-2021-27077,7.8
Microsoft,CVE-2021-26866,6.1
Microsoft,CVE-2021-26862,7.8
Microsoft,CVE-2021-1729,6.1
Microsoft,CVE-2021-26873,7.0
Adobe,CVE-2021-21056,7.8
Adobe,CVE-2021-21069,7.8
Google,CVE-2021-0458,5.5
Google,CVE-2021-0457,7.8
Google,CVE-2021-0459,5.5
Western Digital,CVE-2021-3310,7.5
Microsoft,CVE-2021-27076,8.8
Siemens,CVE-2020-28385,7.8
Siemens,CVE-2021-27380,7.8
Schneider Electric,CVE-2021-22711,7.8
Schneider Electric,CVE-2021-22709,7.8
Schneider Electric,CVE-2021-22710,7.8
Siemens,CVE-2021-27381,7.8
Schneider Electric,CVE-2021-22712,7.8
Lepide,,9.8
Fatek Automation,,7.8
Siemens,CVE-2020-28387,5.5
Google,CVE-2021-0460,5.5
NETGEAR,CVE-2021-27257,6.5
NETGEAR,CVE-2021-27255,6.3
NETGEAR,CVE-2021-27256,8.8
Fatek Automation,CVE-2021-22670,7.8
Fatek Automation,CVE-2021-22666,7.8
Fatek Automation,CVE-2021-22670,7.8
Fatek Automation,CVE-2021-22662,7.8
Fatek Automation,CVE-2021-22662,7.8
Fatek Automation,CVE-2021-22662,7.8
Fatek Automation,CVE-2021-22638,7.8
Fatek Automation,CVE-2021-22683,7.8
Siemens,CVE-2020-25237,8.8
NETGEAR,CVE-2021-27254,6.3
Apple,CVE-2021-1791,5.6
VMware,CVE-2021-21974,8.8
NETGEAR,CVE-2021-27253,8.8
NETGEAR,CVE-2021-27252,8.8
NETGEAR,CVE-2021-27251,8.8
Siemens,CVE-2021-25175,7.8
Siemens,CVE-2021-25175,7.8
Siemens,CVE-2021-25175,7.8
Siemens,CVE-2021-25178,3.3
Siemens,CVE-2020-26995,3.3
Siemens,CVE-2020-26995,7.8
Siemens,CVE-2021-25178,7.8
Siemens,CVE-2020-26999,7.8
Siemens,CVE-2020-26998,7.8
Siemens,CVE-2020-27000,7.8
Siemens,CVE-2020-28394,3.3
Siemens,CVE-2020-27008,3.3
Siemens,CVE-2020-27007,3.3
Siemens,CVE-2020-27007,3.3
Siemens,CVE-2020-27006,7.8
Siemens,CVE-2020-27005,7.8
Siemens,CVE-2020-27004,2.5
Siemens,CVE-2020-27003,7.8
Siemens,CVE-2020-27002,3.3
Siemens,CVE-2020-27001,7.8
Siemens,CVE-2021-25174,7.8
Siemens,CVE-2021-25173,7.8
Siemens,CVE-2021-25175,7.8
Siemens,CVE-2021-25175,7.8
Siemens,CVE-2021-25176,7.8
Siemens,CVE-2021-25176,7.8
Siemens,CVE-2021-25178,7.8
Siemens,CVE-2021-25177,7.8
Siemens,CVE-2021-25175,7.8
Tencent,CVE-2021-27247,6.5
Mozilla,CVE-2020-16048,4.3
TP-Link,CVE-2021-27246,8.0
TP-Link,CVE-2021-27245,8.1
Parallels,CVE-2021-27260,3.2
Parallels,CVE-2021-27259,7.8
Parallels,CVE-2021-27244,6.5
Parallels,CVE-2021-27243,8.8
Parallels,CVE-2021-27242,8.8
Avast,CVE-2021-27241,6.1
SolarWinds,CVE-2021-27240,7.8
NETGEAR,CVE-2021-27239,8.8
D-Link,CVE-2021-27250,6.5
D-Link,CVE-2021-27249,8.8
D-Link,CVE-2021-27248,8.8
Apple,CVE-2021-1805,7.8
Apple,CVE-2021-1806,7.8
Apple,CVE-2021-1806,7.8
Apple,CVE-2021-1805,7.8
Apple,CVE-2021-1806,7.8
Apple,CVE-2021-1806,7.8
Apple,CVE-2021-1805,7.8
ISC,CVE-2020-8625,8.1
Microsoft,CVE-2021-24066,8.8
Apple,CVE-2021-1737,7.8
SolarWinds,CVE-2021-27258,8.8
Advantech,CVE-2021-22658,8.8
Advantech,CVE-2021-22654,7.5
Advantech,CVE-2021-22656,7.5
Advantech,CVE-2021-22654,7.5
Schneider Electric,CVE-2021-22698,7.8
Schneider Electric,CVE-2021-22697,7.8
Omron,CVE-2020-27261,7.8
Omron,CVE-2020-27257,7.8
Omron,CVE-2020-27261,7.8
Omron,CVE-2020-27259,7.8
Microsoft,CVE-2021-24070,7.8
Microsoft,CVE-2021-24067,7.8
Microsoft,CVE-2021-24081,7.8
Microsoft,CVE-2021-24084,5.5
Microsoft,CVE-2021-24091,8.8
Microsoft,CVE-2021-24083,7.8
McAfee,CVE-2021-23873,6.1
IBM,CVE-2021-20353,7.5
Adobe,CVE-2021-21021,7.8
Adobe,CVE-2021-21044,7.8
Adobe,CVE-2021-21042,3.3
Adobe,CVE-2021-21061,3.3
Adobe,CVE-2021-21028,7.8
Adobe,CVE-2021-21033,7.8
Adobe,CVE-2021-21035,7.8
Adobe,CVE-2021-21034,3.3
Adobe,CVE-2021-21054,7.8
Adobe,CVE-2021-21053,7.8
Adobe,CVE-2021-21050,7.8
Adobe,CVE-2021-21049,7.8
Adobe,CVE-2021-21048,7.8
Adobe,CVE-2021-21047,7.8
QEMU,CVE-2021-20181,7.5
Horner Automation,CVE-2021-22663,7.8
Squid,,3.7
Squid,,5.6
D-Link,,8.8
Micro Focus,CVE-2021-22502,9.8
Micro Focus,CVE-2021-22502,9.8
Cisco,,8.8
Hewlett Packard Enterprise,,9.8
Hewlett Packard Enterprise,,9.8
Apple,CVE-2021-1772,7.8
Apple,CVE-2021-1792,3.3
Apple,CVE-2021-1743,7.8
Apple,CVE-2021-1746,7.8
Apple,CVE-2021-1768,3.3
Apple,CVE-2021-1767,3.3
Apple,CVE-2021-1763,7.8
Apple,CVE-2021-1762,7.8
Apple,CVE-2021-1745,3.3
Apple,,7.8
Apple,CVE-2021-1753,3.3
Apple,CVE-2021-1775,3.3
Cisco,CVE-2021-1294,8.8
Cisco,CVE-2021-1293,8.8
Cisco,CVE-2021-1297,8.8
Cisco,CVE-2021-1296,6.5
Cisco,CVE-2021-1292,8.8
Cisco,CVE-2021-1291,8.8
Cisco,CVE-2021-1290,8.8
Cisco,CVE-2021-1289,8.8
Siemens,CVE-2020-15798,9.8
Apache,,9.8
Apache,,9.8
Schneider Electric,CVE-2020-7551,7.8
Schneider Electric,CVE-2020-7552,7.8
Schneider Electric,CVE-2020-7553,7.8
Trend Micro,CVE-2021-25244,5.3
Trend Micro,CVE-2021-25245,5.3
Trend Micro,CVE-2021-25238,5.3
Trend Micro,CVE-2021-25236,5.3
Trend Micro,CVE-2021-25249,7.8
Trend Micro,CVE-2021-25248,2.5
Trend Micro,CVE-2021-25246,6.5
Trend Micro,CVE-2021-25243,5.3
Trend Micro,CVE-2021-25242,5.3
Trend Micro,CVE-2021-25241,5.3
Trend Micro,CVE-2021-25240,5.3
Trend Micro,CVE-2021-25239,5.3
Trend Micro,CVE-2021-25237,5.3
Trend Micro,CVE-2021-25235,5.3
Trend Micro,CVE-2021-25234,5.3
Trend Micro,CVE-2021-25233,5.3
Trend Micro,CVE-2021-25232,5.3
Trend Micro,CVE-2021-25231,5.3
Trend Micro,CVE-2021-25230,5.3
Trend Micro,CVE-2021-25229,5.3
Trend Micro,CVE-2021-25228,5.3
Trend Micro,CVE-2021-25227,3.3
Linux,,8.8
Linux,,6.5
Fuji Electric,CVE-2021-22641,7.8
Fuji Electric,CVE-2021-22639,7.8
Fuji Electric,CVE-2021-22637,7.8
Schneider Electric,CVE-2020-7557,7.8
Schneider Electric,CVE-2020-7556,7.8
Schneider Electric,CVE-2020-7555,7.8
Schneider Electric,CVE-2020-7554,7.8
Schneider Electric,CVE-2020-7550,7.8
Schneider Electric,CVE-2020-7558,7.8
Microsoft,,7.8
Microsoft,,6.4
Microsoft,CVE-2021-1682,7.8
Trend Micro,CVE-2021-25226,4.3
Trend Micro,CVE-2021-25225,4.3
Trend Micro,CVE-2021-25224,3.3
Tencent,CVE-2020-27874,8.8
Oracle,CVE-2021-2054,8.8
Delta Industrial Automation,CVE-2020-27284,7.8
Delta Industrial Automation,CVE-2020-27284,7.8
Delta Industrial Automation,CVE-2020-27288,7.8
Delta Industrial Automation,CVE-2020-27280,7.8
Microsoft,CVE-2021-1648,7.8
Siemens,CVE-2020-28386,7.8
Siemens,CVE-2020-28384,7.8
Siemens,CVE-2020-28382,7.8
Siemens,CVE-2020-28381,7.8
Siemens,CVE-2020-28383,7.8
NETGEAR,CVE-2020-27873,6.5
NETGEAR,CVE-2020-27872,8.8
Apple,CVE-2020-29616,3.3
Apple,CVE-2020-10015,7.8
Panasonic,CVE-2020-16236,7.8
SolarWinds,CVE-2020-27871,7.2
SolarWinds,CVE-2020-27870,7.5
SolarWinds,CVE-2020-14005,8.8
SolarWinds,CVE-2020-27869,8.8
SolarWinds,CVE-2020-14005,8.8
Siemens,CVE-2020-26996,7.8
Siemens,CVE-2020-26987,7.8
Siemens,CVE-2020-26995,7.8
Siemens,CVE-2020-26987,7.8
Siemens,CVE-2020-26985,7.8
Siemens,CVE-2020-26986,7.8
Siemens,CVE-2020-26985,7.8
Siemens,CVE-2020-26990,7.8
Siemens,CVE-2020-26983,7.8
Siemens,CVE-2020-26991,7.8
Siemens,CVE-2020-26982,7.8
Siemens,CVE-2020-26984,7.8
Siemens,CVE-2020-26989,7.8
Siemens,CVE-2020-26988,7.8
Siemens,CVE-2020-26981,5.5
Siemens,CVE-2020-28383,7.8
Siemens,CVE-2020-26980,7.8
Delta Industrial Automation,CVE-2020-27293,7.8
Delta Industrial Automation,CVE-2020-27287,7.8
Delta Industrial Automation,CVE-2020-27287,7.8
Delta Industrial Automation,CVE-2020-27291,7.8
Delta Industrial Automation,CVE-2020-27287,7.8
Delta Industrial Automation,CVE-2020-27289,7.8
Delta Industrial Automation,CVE-2020-27281,7.8
Delta Industrial Automation,CVE-2020-27275,7.8
Delta Industrial Automation,CVE-2020-27275,7.8
Delta Industrial Automation,CVE-2020-27275,7.8
Delta Industrial Automation,CVE-2020-27275,7.8
Delta Industrial Automation,CVE-2020-27275,7.8
Delta Industrial Automation,CVE-2020-27277,7.8
Delta Industrial Automation,CVE-2020-27275,7.8
Delta Industrial Automation,CVE-2020-27287,7.8
Delta Industrial Automation,CVE-2020-27287,7.8
Delta Industrial Automation,CVE-2020-27275,7.8
Delta Industrial Automation,CVE-2020-27275,7.8
Microsoft,CVE-2021-1642,6.1
Microsoft,CVE-2021-1715,7.8
Microsoft,CVE-2021-1685,7.0
Microsoft,CVE-2021-1648,7.0
Microsoft,CVE-2021-1713,7.8
Microsoft,CVE-2021-1648,7.0
Microsoft,CVE-2021-1697,6.1
Microsoft,CVE-2021-1648,7.0
Microsoft,CVE-2021-1695,7.8
Adobe,CVE-2021-21065,7.8
Adobe,CVE-2021-21066,7.8
SAP,CVE-2021-21463,7.8
SAP,CVE-2021-21462,7.8
SAP,CVE-2021-21461,7.8
SAP,CVE-2021-21449,7.8
SAP,CVE-2021-21450,7.8
SAP,CVE-2021-21451,7.8
SAP,CVE-2021-21452,7.8
SAP,CVE-2021-21453,7.8
SAP,CVE-2021-21454,7.8
SAP,CVE-2021-21455,7.8
SAP,CVE-2021-21456,7.8
SAP,CVE-2021-21457,7.8
SAP,CVE-2021-21458,7.8
SAP,CVE-2021-21460,7.8
SAP,CVE-2021-21459,7.8
Linux,CVE-2021-20226,8.8
D-Link,CVE-2022-43647,8.8
D-Link,CVE-2022-43646,8.8
D-Link,CVE-2022-43645,8.8
D-Link,CVE-2022-43644,8.8
D-Link,CVE-2022-43643,8.8
D-Link,CVE-2022-43642,8.8
X.Org,CVE-2022-4283,7.8
X.Org,CVE-2022-46344,6.1
X.Org,CVE-2022-46343,7.8
X.Org,CVE-2022-46342,7.8
X.Org,CVE-2022-46341,7.8
X.Org,CVE-2022-46340,7.8
Microsoft,CVE-2022-41121,8.8
Microsoft,CVE-2022-41121,8.8
Microsoft,CVE-2022-44671,8.8
Linux,CVE-2022-47943,9.6
Linux,CVE-2022-47939,10.0
Linux,CVE-2022-47938,6.5
Linux,CVE-2022-47942,8.5
Linux,CVE-2022-47941,5.3
VMware,CVE-2022-31696,7.8
Adobe,CVE-2022-44502,3.3
Siemens,CVE-2022-45484,3.3
Siemens,CVE-2022-46348,7.8
Apple,CVE-2022-42852,4.3
Siemens,CVE-2022-46349,7.8
Siemens,CVE-2022-46347,7.8
Siemens,CVE-2022-46346,7.8
Siemens,CVE-2022-46345,7.8
Microsoft,CVE-2022-47211,7.8
Microsoft,CVE-2022-47212,7.8
Microsoft,CVE-2022-44697,6.5
Microsoft,CVE-2022-44694,7.8
Microsoft,CVE-2022-44694,7.8
Microsoft,CVE-2022-44695,3.3
Microsoft,CVE-2022-44696,7.8
Microsoft,CVE-2022-44696,7.8
Microsoft,CVE-2022-26805,7.8
Microsoft,CVE-2022-26806,7.8
Microsoft,CVE-2022-44694,7.8
Canon,CVE-2022-43608,8.8
Trend Micro,CVE-2022-45798,7.8
SolarWinds,CVE-2022-36964,8.8
SolarWinds,CVE-2022-36962,7.2
SolarWinds,CVE-2022-36960,8.8
Foxit,CVE-2022-43641,3.3
Foxit,CVE-2022-43640,3.3
Foxit,CVE-2022-43639,7.8
Foxit,CVE-2022-43638,7.8
Foxit,CVE-2022-43637,7.8
SAP,CVE-2022-41175,7.8
Microsoft,,6.3
Microsoft,CVE-2022-41082,8.8
Microsoft,CVE-2022-41082,4.3
Microsoft,CVE-2022-41082,7.6
Microsoft,CVE-2022-41082,7.1
Microsoft,CVE-2022-41082,7.1
Microsoft,CVE-2022-41082,7.6
Microsoft,CVE-2022-41082,4.3
Microsoft,CVE-2022-41082,4.3
Microsoft,CVE-2022-41082,7.1
Microsoft,CVE-2022-41082,4.3
Microsoft,CVE-2022-41082,7.1
Microsoft,CVE-2022-41082,4.3
Microsoft,CVE-2022-41082,4.3
Microsoft,CVE-2022-41082,4.3
Microsoft,CVE-2022-41082,4.3
Microsoft,CVE-2022-41082,7.6
Microsoft,CVE-2022-41082,4.3
Microsoft,CVE-2022-41082,4.3
Microsoft,CVE-2022-41082,4.3
Microsoft,CVE-2022-41082,4.3
Microsoft,CVE-2022-41082,4.3
Microsoft,CVE-2022-41082,4.3
Microsoft,CVE-2022-41082,4.3
Microsoft,CVE-2022-41082,4.3
Microsoft,CVE-2022-41082,4.3
Microsoft,CVE-2022-41082,7.6
Microsoft,CVE-2022-41082,4.3
Microsoft,CVE-2022-41082,7.6
Microsoft,CVE-2022-41082,7.6
Microsoft,CVE-2022-41082,8.8
Microsoft,CVE-2022-41082,8.8
Hewlett Packard Enterprise,CVE-2022-37932,8.8
Trend Micro,CVE-2022-44653,7.8
Trend Micro,CVE-2022-44652,7.8
Trend Micro,CVE-2022-44651,7.8
Trend Micro,CVE-2022-44649,7.0
Trend Micro,CVE-2022-44648,4.4
Trend Micro,CVE-2022-44647,4.4
Trend Micro,CVE-2022-44650,7.0
TP-Link,CVE-2022-43635,6.5
TP-Link,CVE-2022-43636,7.5
ManageEngine,CVE-2022-40772,8.8
ManageEngine,CVE-2022-40771,5.5
ManageEngine,CVE-2022-40770,7.2
Microsoft,,8.8
Microsoft,,6.3
Microsoft,,6.3
Microsoft,,4.8
Microsoft,,8.8
Microsoft,,8.8
Microsoft,CVE-2022-41079,8.8
Microsoft,CVE-2022-41123,7.0
Microsoft,CVE-2022-41123,7.8
Microsoft,CVE-2022-41078,8.8
Microsoft,CVE-2022-41107,7.8
Microsoft,CVE-2022-41107,7.8
Microsoft,CVE-2022-41107,3.3
Microsoft,CVE-2022-41107,7.8
Microsoft,CVE-2022-41052,7.8
Microsoft,CVE-2022-41040,6.3
Siemens,CVE-2022-39157,7.8
Siemens,CVE-2022-43397,7.8
Parse,CVE-2022-41879,7.2
Parse,CVE-2022-41878,7.2
Parse,CVE-2022-39396,9.8
Microsoft,CVE-2022-41092,7.8
SAP,CVE-2022-39804,7.8
SAP,CVE-2022-41176,7.8
SAP,CVE-2022-39803,7.8
SAP,CVE-2022-41182,3.3
SAP,CVE-2022-41182,3.3
SAP,CVE-2022-41181,3.3
SAP,CVE-2022-41180,7.8
SAP,CVE-2022-41180,7.8
SAP,CVE-2022-41180,7.8
SAP,CVE-2022-41180,7.8
SAP,CVE-2022-41179,7.8
SAP,CVE-2022-41179,7.8
SAP,CVE-2022-41179,7.8
SAP,CVE-2022-41179,7.8
SAP,CVE-2022-41172,7.8
SAP,CVE-2022-41173,7.8
SAP,CVE-2022-41172,7.8
SAP,CVE-2022-41172,7.8
SAP,CVE-2022-41172,7.8
SAP,CVE-2022-41172,7.8
SAP,CVE-2022-41168,7.8
SAP,CVE-2022-41187,3.3
SAP,CVE-2022-39803,7.8
SAP,CVE-2022-39803,7.8
SAP,CVE-2022-39803,7.8
SAP,CVE-2022-39803,7.8
SAP,CVE-2022-39803,7.8
SAP,CVE-2022-39803,7.8
SAP,CVE-2022-39808,3.3
SAP,CVE-2022-41170,7.8
SAP,CVE-2022-41171,7.8
SAP,CVE-2022-41177,7.8
SAP,CVE-2022-41177,7.8
SAP,CVE-2022-41178,7.8
SAP,CVE-2022-41177,7.8
SAP,CVE-2022-41177,7.8
SAP,CVE-2022-41176,7.8
SAP,CVE-2022-41175,7.8
SAP,CVE-2022-41167,7.8
SAP,CVE-2022-41167,7.8
SAP,CVE-2022-41184,7.8
SAP,CVE-2022-41183,7.8
SAP,CVE-2022-41168,7.8
SAP,CVE-2022-41169,3.3
SAP,CVE-2022-41167,7.8
SAP,CVE-2022-41166,3.3
SAP,CVE-2022-41173,3.3
SAP,CVE-2022-39805,7.8
SAP,CVE-2022-39804,7.8
SAP,CVE-2022-39804,7.8
SAP,CVE-2022-39806,7.8
SAP,CVE-2022-39807,3.3
SAP,CVE-2022-39803,7.8
SAP,CVE-2022-41197,7.8
SAP,CVE-2022-41202,7.8
SAP,CVE-2022-41199,7.8
SAP,CVE-2022-41196,7.8
SAP,CVE-2022-41196,7.8
SAP,CVE-2022-41191,7.8
SAP,CVE-2022-41192,7.8
SAP,CVE-2022-41190,3.3
SAP,CVE-2022-41195,7.8
SAP,CVE-2022-41191,7.8
SAP,CVE-2022-41191,7.8
SAP,CVE-2022-41186,7.8
SAP,CVE-2022-41186,7.8
SAP,CVE-2022-41192,3.3
SAP,CVE-2022-41200,7.8
SAP,CVE-2022-41191,7.8
SAP,CVE-2022-41186,7.8
SAP,CVE-2022-41195,7.8
SAP,CVE-2022-41190,5.3
SAP,CVE-2022-41192,7.8
SAP,CVE-2022-41186,7.8
SAP,CVE-2022-41188,3.3
SAP,CVE-2022-41187,3.3
SAP,CVE-2022-41193,7.8
SAP,CVE-2022-41189,5.3
SAP,CVE-2022-41190,5.3
SAP,CVE-2022-41198,5.3
SAP,CVE-2022-41189,5.3
SAP,CVE-2022-41189,7.8
SAP,CVE-2022-41198,7.8
D-Link,CVE-2022-43633,6.8
D-Link,CVE-2022-43632,6.8
D-Link,CVE-2022-43621,8.8
D-Link,CVE-2022-43631,6.8
D-Link,CVE-2022-43630,8.8
D-Link,CVE-2022-43629,6.8
D-Link,CVE-2022-43628,6.8
D-Link,CVE-2022-43627,6.8
D-Link,CVE-2022-43626,6.8
D-Link,CVE-2022-43624,6.8
D-Link,CVE-2022-43625,6.8
D-Link,CVE-2022-43620,8.8
D-Link,CVE-2022-43619,6.8
D-Link,CVE-2022-43623,6.8
D-Link,CVE-2022-43622,8.8
ManageEngine,CVE-2022-40773,8.8
Delta Electronics,CVE-2022-41776,7.5
Delta Electronics,CVE-2022-41629,7.5
Delta Electronics,CVE-2022-41779,8.8
Delta Electronics,CVE-2022-41644,8.8
Delta Electronics,CVE-2022-41688,9.8
Delta Electronics,CVE-2022-40202,9.8
Delta Electronics,CVE-2022-41772,9.8
Delta Electronics,CVE-2022-41657,8.2
Delta Electronics,CVE-2022-41657,9.8
Delta Electronics,CVE-2022-38142,9.8
Delta Electronics,CVE-2022-41657,7.5
Delta Electronics,CVE-2022-41778,9.8
Delta Electronics,CVE-2022-41657,9.8
Corel,CVE-2022-43618,7.8
Corel,CVE-2022-43617,7.8
Corel,CVE-2022-43616,7.8
Corel,CVE-2022-43615,3.3
Corel,CVE-2022-43614,7.8
Corel,CVE-2022-43613,7.8
Corel,CVE-2022-43612,3.3
Corel,CVE-2022-43611,3.3
Corel,CVE-2022-43610,3.3
IronCAD,CVE-2022-43609,7.8
TP-Link,CVE-2022-42433,6.4
GnuPG,CVE-2022-3515,8.1
GnuPG,CVE-2022-3515,8.1
GnuPG,CVE-2022-3515,8.1
Linux,CVE-2022-2602,8.8
SolarWinds,CVE-2022-38108,7.2
SolarWinds,CVE-2022-36957,7.2
SolarWinds,CVE-2022-36958,8.8
GNU,,7.0
Linux,CVE-2022-42432,5.1
LibreOffice,CVE-2022-3140,7.8
Kepware,CVE-2022-2825,9.8
Kepware,CVE-2022-2848,9.1
Delta Electronics,CVE-2022-3214,9.8
Linux,CVE-2022-3586,6.1
Advantech,CVE-2022-3385,9.8
Advantech,CVE-2022-3386,9.8
Advantech,CVE-2022-3387,6.5
Adobe,CVE-2022-38436,7.8
Adobe,CVE-2022-38435,7.8
Oracle,CVE-2022-39424,8.1
Oracle,CVE-2022-39425,8.1
Oracle,CVE-2022-39426,8.1
Oracle,CVE-2022-39412,7.5
Oracle,CVE-2022-39427,8.8
Siemens,CVE-2022-37864,7.8
Siemens,CVE-2022-41851,7.8
Adobe,CVE-2022-38446,7.8
Altair,CVE-2022-2951,7.8
Altair,CVE-2022-2950,7.8
Altair,CVE-2022-2949,7.8
Altair,CVE-2022-2947,7.8
Adobe,CVE-2022-38418,8.1
Adobe,CVE-2022-38421,6.6
Adobe,CVE-2022-38424,6.7
Adobe,CVE-2022-42342,3.3
Adobe,CVE-2022-38449,3.3
Adobe,CVE-2022-38441,7.8
Adobe,CVE-2022-38443,3.3
Adobe,CVE-2022-38442,7.8
Adobe,CVE-2022-38447,7.8
Adobe,CVE-2022-38445,7.8
Adobe,CVE-2022-38448,7.8
Adobe,CVE-2022-38440,7.8
Adobe,CVE-2022-38444,7.8
Adobe,CVE-2022-35710,9.8
Adobe,CVE-2022-38423,4.4
Adobe,CVE-2022-38422,5.3
Adobe,CVE-2022-38420,6.5
Adobe,CVE-2022-35712,9.8
Adobe,CVE-2022-35690,9.8
Adobe,CVE-2022-35711,9.8
Adobe,CVE-2022-38419,5.9
Microsoft,CVE-2022-37989,7.8
Microsoft,CVE-2022-37997,8.8
Microsoft,CVE-2022-38048,7.8
Microsoft,CVE-2022-37987,7.8
Microsoft,CVE-2022-37986,5.3
Microsoft,CVE-2022-38044,7.7
Tesla,CVE-2022-42431,8.8
Tesla,CVE-2022-42430,8.8
Linux,,2.8
Trend Micro,CVE-2022-41744,7.8
Trend Micro,CVE-2022-41746,9.1
Trend Micro,CVE-2022-41747,7.8
Trend Micro,CVE-2022-41745,7.0
Trend Micro,CVE-2022-41749,7.8
Centreon,CVE-2022-42428,7.2
Centreon,CVE-2022-42427,7.2
Centreon,CVE-2022-42426,7.2
Centreon,CVE-2022-42425,7.2
Centreon,CVE-2022-42424,7.2
Centreon,CVE-2022-42429,7.2
PDF-XChange,CVE-2022-42421,7.8
PDF-XChange,CVE-2022-42394,7.8
PDF-XChange,CVE-2022-42403,7.8
PDF-XChange,CVE-2022-42423,7.8
PDF-XChange,CVE-2022-42419,7.8
PDF-XChange,CVE-2022-42420,7.8
PDF-XChange,CVE-2022-42418,7.8
PDF-XChange,CVE-2022-42417,7.8
PDF-XChange,CVE-2022-42416,7.8
PDF-XChange,CVE-2022-42393,3.3
PDF-XChange,CVE-2022-42392,3.3
PDF-XChange,CVE-2022-42391,3.3
PDF-XChange,CVE-2022-42390,3.3
PDF-XChange,CVE-2022-42389,3.3
PDF-XChange,CVE-2022-42388,3.3
PDF-XChange,CVE-2022-42387,3.3
PDF-XChange,CVE-2022-42386,3.3
PDF-XChange,CVE-2022-42385,3.3
PDF-XChange,CVE-2022-42384,3.3
PDF-XChange,CVE-2022-42383,3.3
PDF-XChange,CVE-2022-42382,7.8
PDF-XChange,CVE-2022-42381,7.8
PDF-XChange,CVE-2022-42380,7.8
PDF-XChange,CVE-2022-42379,7.8
PDF-XChange,CVE-2022-42402,7.8
PDF-XChange,CVE-2022-42378,7.8
PDF-XChange,CVE-2022-42377,7.8
PDF-XChange,CVE-2022-42408,3.3
PDF-XChange,CVE-2022-42407,3.3
PDF-XChange,CVE-2022-42401,3.3
PDF-XChange,CVE-2022-42376,3.3
PDF-XChange,CVE-2022-42375,3.3
PDF-XChange,CVE-2022-42374,7.8
PDF-XChange,CVE-2022-42373,7.8
PDF-XChange,CVE-2022-42406,3.3
PDF-XChange,CVE-2022-42413,3.3
PDF-XChange,CVE-2022-42405,7.8
PDF-XChange,CVE-2022-42415,7.8
PDF-XChange,CVE-2022-42410,7.8
PDF-XChange,CVE-2022-42372,7.8
PDF-XChange,CVE-2022-42371,7.8
PDF-XChange,CVE-2022-42370,7.8
PDF-XChange,CVE-2022-42369,3.3
PDF-XChange,CVE-2022-41153,3.3
PDF-XChange,CVE-2022-41152,7.8
PDF-XChange,CVE-2022-41151,7.8
PDF-XChange,CVE-2022-41150,7.8
PDF-XChange,CVE-2022-41149,7.8
PDF-XChange,CVE-2022-41148,7.8
PDF-XChange,CVE-2022-42400,7.8
PDF-XChange,CVE-2022-42399,7.8
PDF-XChange,CVE-2022-42414,3.3
PDF-XChange,CVE-2022-42412,3.3
PDF-XChange,CVE-2022-42409,3.3
PDF-XChange,CVE-2022-42398,3.3
PDF-XChange,CVE-2022-42411,3.3
PDF-XChange,CVE-2022-41147,7.8
PDF-XChange,CVE-2022-41146,3.3
PDF-XChange,CVE-2022-41145,3.3
PDF-XChange,CVE-2022-41144,7.8
PDF-XChange,CVE-2022-42397,3.3
PDF-XChange,CVE-2022-42396,7.8
PDF-XChange,CVE-2022-42395,7.8
PDF-XChange,CVE-2022-42404,3.3
PDF-XChange,CVE-2022-41143,7.8
Apache,CVE-2022-38398,7.5
Apache,CVE-2022-40146,8.1
Centreon,CVE-2022-41142,7.2
SolarWinds,CVE-2022-36961,8.8
Microsoft,CVE-2022-34691,8.4
GE,,7.8
GE,,7.8
GE,,7.8
GE,,7.8
GE,,7.8
Autodesk,CVE-2022-33886,7.8
Autodesk,CVE-2022-33886,7.8
Autodesk,CVE-2022-33884,7.8
Autodesk,CVE-2022-33884,3.3
Autodesk,CVE-2022-33884,7.8
Autodesk,CVE-2022-33885,7.8
Autodesk,CVE-2022-33885,7.8
Autodesk,CVE-2022-33884,7.8
Autodesk,CVE-2022-33885,7.8
Autodesk,CVE-2022-33885,7.8
Autodesk,CVE-2022-33884,7.8
Autodesk,CVE-2022-33885,7.8
Autodesk,CVE-2022-33887,7.8
Autodesk,CVE-2022-33885,7.8
Autodesk,CVE-2022-33885,7.8
Docker,CVE-2022-23774,6.1
Rockwell Automation,CVE-2022-38742,8.1
Measuresoft,CVE-2022-3263,7.8
Windscribe,CVE-2022-41141,7.8
Trend Micro,CVE-2022-40709,4.4
Trend Micro,CVE-2022-40708,4.4
Trend Micro,CVE-2022-40707,4.4
Trend Micro,CVE-2022-40710,7.8
Apple,,2.5
FreeBSD,CVE-2022-23086,8.2
FreeBSD,CVE-2022-23086,8.2
FreeBSD,CVE-2022-23085,8.2
FreeBSD,CVE-2022-23084,8.2
D-Link,CVE-2022-41140,8.8
Apple,,3.3
Microsoft,CVE-2022-35823,8.8
Microsoft,CVE-2022-37963,7.8
Microsoft,CVE-2022-37962,7.8
Microsoft,CVE-2022-37955,7.0
Microsoft,CVE-2022-37954,8.8
Adobe,CVE-2022-38425,3.3
Adobe,CVE-2022-35713,7.8
Adobe,CVE-2022-38426,7.8
Adobe,CVE-2022-38427,7.8
Adobe,CVE-2022-35708,7.8
Adobe,CVE-2022-38412,7.8
Adobe,CVE-2022-38411,7.8
Adobe,CVE-2022-38403,7.8
Adobe,CVE-2022-38402,7.8
Adobe,CVE-2022-38404,7.8
Adobe,CVE-2022-38405,7.8
Adobe,CVE-2022-38401,7.8
Adobe,CVE-2022-38407,3.3
Adobe,CVE-2022-38406,3.3
Adobe,CVE-2022-38433,7.8
Adobe,CVE-2022-38432,7.8
Adobe,CVE-2022-38431,7.8
Adobe,CVE-2022-38429,7.8
Adobe,CVE-2022-38434,7.8
Adobe,CVE-2022-38428,3.3
Adobe,CVE-2022-38430,7.8
Adobe,CVE-2022-38410,3.3
Adobe,CVE-2022-38409,3.3
Adobe,CVE-2022-38408,7.8
Adobe,CVE-2022-35707,7.8
Adobe,CVE-2022-35706,7.8
Adobe,CVE-2022-35705,7.8
Adobe,CVE-2022-35709,3.3
Adobe,CVE-2022-35704,7.8
Adobe,CVE-2022-35702,7.8
Adobe,CVE-2022-35703,7.8
Adobe,CVE-2022-35700,7.8
Adobe,CVE-2022-35701,7.8
Adobe,CVE-2022-35699,7.8
Siemens,CVE-2022-39156,7.8
Siemens,CVE-2022-39155,7.8
Siemens,CVE-2022-39154,7.8
Siemens,CVE-2022-39153,7.8
Siemens,CVE-2022-39152,7.8
Siemens,CVE-2022-39151,7.8
Siemens,CVE-2022-39150,7.8
Siemens,CVE-2022-39149,7.8
Siemens,CVE-2022-39148,7.8
Siemens,CVE-2022-39147,7.8
Siemens,CVE-2022-39146,7.8
Siemens,CVE-2022-39145,7.8
Siemens,CVE-2022-39144,7.8
Siemens,CVE-2022-39143,7.8
Siemens,CVE-2022-39142,7.8
Siemens,CVE-2022-39141,3.3
Siemens,CVE-2022-39140,7.8
Siemens,CVE-2022-39139,7.8
Siemens,CVE-2022-39138,7.8
Siemens,CVE-2022-39137,3.3
Adobe,CVE-2022-38415,7.8
Adobe,CVE-2022-38414,7.8
Adobe,CVE-2022-38413,7.8
Adobe,CVE-2022-38417,7.8
Adobe,CVE-2022-38416,7.8
D-Link,CVE-2022-40720,8.8
D-Link,CVE-2022-40719,8.8
D-Link,CVE-2022-3210,8.8
D-Link,CVE-2022-40718,8.8
D-Link,CVE-2022-40717,8.8
NIKON,CVE-2022-40663,7.8
NIKON,CVE-2022-40662,7.8
NIKON,CVE-2022-40661,7.8
NIKON,CVE-2022-40660,7.8
NIKON,CVE-2022-40659,7.8
NIKON,CVE-2022-40658,7.8
NIKON,CVE-2022-40657,7.8
NIKON,CVE-2022-40656,7.8
NIKON,CVE-2022-40655,7.8
Ansys,CVE-2022-40654,7.8
Ansys,CVE-2022-40653,7.8
Ansys,CVE-2022-40652,7.8
Ansys,CVE-2022-40651,7.8
Ansys,CVE-2022-40650,7.8
Ansys,CVE-2022-40649,7.8
Ansys,CVE-2022-40648,7.8
Ansys,CVE-2022-40647,7.8
Ansys,CVE-2022-40646,7.8
Ansys,CVE-2022-40645,7.8
Ansys,CVE-2022-40644,7.8
Ansys,CVE-2022-40643,7.8
Ansys,CVE-2022-40642,7.8
Ansys,CVE-2022-40641,7.8
Ansys,CVE-2022-40640,7.8
Ansys,CVE-2022-40639,7.8
Ansys,CVE-2022-40638,7.8
Ansys,CVE-2022-40637,7.0
Ansys,CVE-2022-40636,7.0
Trend Micro,CVE-2022-40143,7.3
Trend Micro,CVE-2022-40142,7.8
Trend Micro,CVE-2022-40140,5.5
Tesla,CVE-2022-3093,7.6
ConnMan,CVE-2022-32292,6.3
ConnMan,CVE-2022-32293,6.3
Microsoft,CVE-2022-34691,8.4
ManageEngine,CVE-2022-37024,7.2
ManageEngine,CVE-2022-37024,7.2
ManageEngine,CVE-2022-38772,7.2
ManageEngine,CVE-2022-38772,7.2
ManageEngine,CVE-2022-38772,7.2
ManageEngine,CVE-2022-37024,7.2
Trend Micro,CVE-2022-38764,7.3
Trend Micro,CVE-2022-37348,4.4
Trend Micro,CVE-2022-37347,4.4
Trend Micro,CVE-2022-34893,7.8
Fatek Automation,CVE-2022-2866,7.8
Fatek Automation,CVE-2022-2866,7.8
Fatek Automation,CVE-2022-2866,7.8
Fatek Automation,CVE-2022-2866,7.8
Fatek Automation,CVE-2022-2866,7.8
Fatek Automation,CVE-2022-2866,7.8
Fatek Automation,CVE-2022-2866,7.8
Fatek Automation,CVE-2022-2866,7.8
Delta Electronics,CVE-2022-2660,9.8
Linux,CVE-2022-2959,7.8
Tencent,,4.3
ICONICS,CVE-2022-33320,7.8
ICONICS,CVE-2022-33317,7.0
Softing,CVE-2022-2336,9.8
Softing,CVE-2022-2335,7.5
Softing,CVE-2022-1069,7.5
Softing,CVE-2022-2547,7.5
Softing,CVE-2022-2337,7.5
Softing,CVE-2022-1373,7.2
Softing,CVE-2022-2338,5.7
Softing,CVE-2022-2334,7.2
Softing,CVE-2022-1748,7.5
Oracle,CVE-2022-39422,7.5
Oracle,CVE-2022-39423,4.4
Omron,,7.8
Measuresoft,CVE-2022-2897,7.8
Measuresoft,CVE-2022-2897,7.8
Measuresoft,CVE-2022-2897,7.8
Measuresoft,CVE-2022-2897,7.8
Measuresoft,CVE-2022-2897,7.8
Measuresoft,CVE-2022-2897,7.8
Measuresoft,CVE-2022-2896,7.8
Measuresoft,CVE-2022-2895,7.8
Measuresoft,CVE-2022-2895,7.8
Measuresoft,CVE-2022-2894,7.8
Measuresoft,CVE-2022-2894,7.8
Measuresoft,CVE-2022-2894,7.8
Measuresoft,CVE-2022-2894,7.8
Measuresoft,CVE-2022-2894,7.8
Measuresoft,CVE-2022-2894,7.8
Measuresoft,CVE-2022-2894,7.8
Measuresoft,CVE-2022-2892,7.8
Measuresoft,CVE-2022-2898,6.1
Measuresoft,CVE-2022-2898,6.1
Apple,CVE-2022-32797,3.3
AVEVA,CVE-2022-36970,7.8
AVEVA,CVE-2022-36969,5.5
AVEVA,CVE-2022-28688,7.8
AVEVA,CVE-2022-28687,7.8
AVEVA,CVE-2022-28686,7.8
AVEVA,CVE-2022-28685,7.8
Apple,CVE-2024-27834,8.8
ManageEngine,CVE-2022-36923,9.4
ManageEngine,CVE-2022-36923,9.4
ManageEngine,CVE-2022-36923,9.4
ManageEngine,CVE-2022-36923,9.8
Linux,CVE-2022-2586,8.8
Linux,CVE-2022-2588,8.8
Adobe,CVE-2022-35678,3.3
Adobe,CVE-2022-35671,3.3
Adobe,CVE-2022-35675,7.8
Adobe,CVE-2022-35674,7.8
Adobe,CVE-2022-35667,7.8
Adobe,CVE-2022-35673,7.8
Adobe,CVE-2022-35676,7.8
Adobe,CVE-2022-35677,7.8
Adobe,CVE-2022-34263,7.8
Adobe,CVE-2022-34262,3.3
Adobe,CVE-2022-34264,3.3
Adobe,CVE-2022-34261,3.3
Adobe,CVE-2022-34260,7.8
PDF-XChange,CVE-2022-37375,3.3
PDF-XChange,CVE-2022-37374,7.8
PDF-XChange,CVE-2022-37373,3.3
PDF-XChange,CVE-2022-37372,7.8
PDF-XChange,CVE-2022-37371,7.8
PDF-XChange,CVE-2022-37370,3.3
PDF-XChange,CVE-2022-37369,7.8
PDF-XChange,CVE-2022-37368,3.3
PDF-XChange,CVE-2022-37367,7.8
PDF-XChange,CVE-2022-37366,7.8
PDF-XChange,CVE-2022-37365,7.8
PDF-XChange,CVE-2022-37364,7.8
PDF-XChange,CVE-2022-37363,7.8
PDF-XChange,CVE-2022-37362,7.8
PDF-XChange,CVE-2022-37361,3.3
PDF-XChange,CVE-2022-37360,3.3
PDF-XChange,CVE-2022-37359,7.8
PDF-XChange,CVE-2022-37358,7.8
PDF-XChange,CVE-2022-37357,7.8
PDF-XChange,CVE-2022-37356,7.8
PDF-XChange,CVE-2022-37355,7.8
PDF-XChange,CVE-2022-37354,7.8
PDF-XChange,CVE-2022-37353,3.3
PDF-XChange,CVE-2022-37352,3.3
PDF-XChange,CVE-2022-37351,3.3
PDF-XChange,CVE-2022-37350,7.8
Microsoft,CVE-2022-34699,8.8
PDF-XChange,CVE-2022-37349,7.8
Microsoft,CVE-2022-35750,8.8
Microsoft,CVE-2022-35742,7.5
Microsoft,CVE-2022-30194,7.8
Microsoft,CVE-2022-34703,8.8
Microsoft,CVE-2022-33670,8.8
Microsoft,CVE-2022-35751,8.8
Microsoft,CVE-2022-35750,8.8
Microsoft,CVE-2022-35820,8.8
NetBSD,,5.5
Apple,CVE-2022-26696,7.8
Apple,CVE-2022-22630,8.1
OPC Foundation,CVE-2022-33916,5.3
Foxit,CVE-2022-37391,7.8
Foxit,CVE-2022-37390,7.8
Foxit,CVE-2022-37389,7.8
Foxit,CVE-2022-37388,7.8
Foxit,CVE-2022-37387,7.8
Foxit,CVE-2022-37386,3.3
Foxit,CVE-2022-37385,7.8
Foxit,CVE-2022-37384,7.8
Foxit,CVE-2022-37383,3.3
Foxit,CVE-2022-37382,3.3
Foxit,CVE-2022-37381,7.8
Foxit,CVE-2022-37380,3.3
Foxit,CVE-2022-37379,3.3
Foxit,CVE-2022-37378,7.8
Foxit,CVE-2022-37377,7.8
Foxit,CVE-2022-37376,3.3
Cisco,CVE-2022-20827,8.8
Docker,CVE-2022-23774,7.8
Microsoft,CVE-2022-24542,8.8
ICONICS,CVE-2022-33319,6.5
ICONICS,CVE-2022-33315,7.8
ICONICS,CVE-2022-29834,7.5
ICONICS,CVE-2022-33318,9.8
ICONICS,CVE-2022-33316,7.8
ICONICS,CVE-2022-33317,7.8
Lexmark,CVE-2022-24935,8.8
NetBSD,,5.5
NetBSD,,5.5
Autodesk,CVE-2022-33882,7.8
Autodesk,CVE-2022-33882,7.8
Trend Micro,CVE-2022-36336,7.8
EnterpriseDT,CVE-2022-2560,8.2
OPC Labs,CVE-2022-2561,7.8
Unified Automation,CVE-2022-37012,7.5
Unified Automation,CVE-2022-37013,7.5
Adobe,CVE-2022-35672,7.8
Adobe,CVE-2022-35669,3.3
Oracle,CVE-2022-21550,9.8
Siemens,CVE-2022-27653,7.8
Microsoft,CVE-2022-24542,8.8
Microsoft,CVE-2022-24542,8.8
Microsoft,CVE-2022-24542,8.8
VMware,,8.1
Inductive Automation,CVE-2022-35873,7.8
Inductive Automation,CVE-2022-35872,7.8
Inductive Automation,CVE-2022-35871,8.1
Inductive Automation,CVE-2022-35870,8.8
Inductive Automation,CVE-2022-35869,7.5
ABB,CVE-2022-31219,7.3
ABB,CVE-2022-31218,7.8
ABB,CVE-2022-31217,7.8
ABB,CVE-2022-31216,7.8
Autodesk,CVE-2022-33881,7.8
Autodesk,CVE-2022-33881,7.8
Adobe,CVE-2022-34249,7.8
Adobe,CVE-2022-34250,7.8
Adobe,CVE-2022-34252,3.3
Adobe,CVE-2022-34251,7.8
Adobe,CVE-2022-34246,7.8
Adobe,CVE-2022-34245,7.8
Adobe,CVE-2022-34248,3.3
Adobe,CVE-2022-34247,7.8
Adobe,CVE-2022-34216,7.8
Adobe,CVE-2022-34227,7.8
Adobe,CVE-2022-34241,7.8
Adobe,CVE-2022-34220,7.8
Adobe,CVE-2022-34242,7.8
Adobe,CVE-2022-34225,7.8
Adobe,CVE-2022-34223,7.8
Adobe,CVE-2022-34226,7.8
Adobe,CVE-2022-34229,7.8
Adobe,CVE-2022-34224,7.8
Adobe,CVE-2022-34228,7.8
Adobe,CVE-2022-34217,7.8
Adobe,CVE-2022-34219,7.8
Adobe,CVE-2022-34222,7.8
Adobe,CVE-2022-34243,7.8
Adobe,CVE-2022-34244,3.3
Adobe,CVE-2022-34233,3.3
Adobe,CVE-2022-34234,3.3
Adobe,CVE-2022-34215,7.8
Adobe,CVE-2022-34232,3.3
Adobe,CVE-2022-34237,3.3
Adobe,CVE-2022-34239,3.3
Adobe,CVE-2022-34236,3.3
Microsoft,CVE-2022-22034,8.8
Microsoft,CVE-2022-22034,8.8
Microsoft,CVE-2022-22034,8.8
Microsoft,CVE-2022-22034,8.8
Microsoft,CVE-2022-22034,8.8
Microsoft,CVE-2022-22034,8.8
Microsoft,CVE-2022-22034,8.8
Microsoft,CVE-2022-22034,8.8
Microsoft,CVE-2022-22034,8.8
Microsoft,CVE-2022-22034,8.8
BMC,CVE-2022-35865,7.3
BMC,CVE-2022-35864,5.3
Siemens,CVE-2022-34748,7.8
Siemens,CVE-2022-34465,7.8
X.Org,CVE-2022-2319,7.8
X.Org,CVE-2022-2320,7.8
Trend Micro,CVE-2022-35234,4.4
Linux,,8.2
Linux,CVE-2022-2991,8.2
Vinchin,CVE-2022-35866,9.8
SAP,CVE-2022-32238,7.8
SAP,CVE-2022-32236,7.8
SAP,CVE-2022-32242,7.8
Sante,CVE-2022-2272,9.8
Centreon,CVE-2022-34872,6.5
Centreon,CVE-2022-34871,7.2
Foxit,CVE-2022-34873,3.3
Foxit,CVE-2022-34874,3.3
Foxit,CVE-2022-34875,3.3
xhyve,CVE-2022-35867,7.5
Parallels,CVE-2022-34901,7.8
Parallels,CVE-2022-34899,7.0
Parallels,CVE-2022-34902,7.8
Parallels,CVE-2022-34900,7.8
Autodesk,CVE-2022-27868,7.8
Parallels,CVE-2022-34892,7.8
Parallels,CVE-2022-34891,7.8
Parallels,CVE-2022-34890,7.3
Parallels,CVE-2022-34889,8.2
Tencent,,4.3
Tencent,,8.8
Advantech,CVE-2022-2136,8.8
Advantech,CVE-2022-2143,9.8
Advantech,CVE-2022-2143,9.8
Advantech,CVE-2022-2142,8.1
Advantech,CVE-2022-2139,6.5
Advantech,CVE-2022-2139,9.8
Advantech,CVE-2022-2139,9.8
Advantech,CVE-2022-2138,8.2
Advantech,CVE-2022-2138,8.2
Advantech,CVE-2022-2138,8.2
Advantech,CVE-2022-2137,4.9
Advantech,CVE-2022-2137,4.9
Advantech,CVE-2022-2136,6.5
Advantech,CVE-2022-2136,6.5
Advantech,CVE-2022-2136,6.5
Advantech,CVE-2022-2136,8.8
Advantech,CVE-2022-2136,8.8
Advantech,CVE-2022-2136,8.8
Advantech,CVE-2022-2135,9.8
Advantech,CVE-2022-2135,7.5
Advantech,CVE-2022-2135,7.5
Advantech,CVE-2022-2135,7.5
Advantech,CVE-2022-2135,7.5
Advantech,CVE-2022-2135,7.5
Advantech,CVE-2022-2135,7.5
Advantech,CVE-2022-2135,7.5
Advantech,CVE-2022-2135,7.5
Advantech,CVE-2022-2135,7.5
Advantech,CVE-2022-2135,7.5
Advantech,CVE-2022-2135,7.5
Advantech,CVE-2022-2135,7.5
Advantech,CVE-2022-2135,7.5
Advantech,CVE-2022-2135,9.8
Advantech,CVE-2022-2135,7.5
Advantech,CVE-2022-2135,9.8
Advantech,CVE-2022-2135,7.5
Advantech,CVE-2022-2135,7.5
Advantech,CVE-2022-2135,7.5
Advantech,CVE-2022-2135,7.5
Advantech,CVE-2022-2135,9.8
Advantech,CVE-2022-2135,9.8
Advantech,CVE-2022-2135,9.8
Advantech,CVE-2022-2135,9.8
Advantech,CVE-2022-2135,7.5
Advantech,CVE-2022-2135,7.5
Advantech,CVE-2022-2135,7.5
Advantech,CVE-2022-2135,7.5
Advantech,CVE-2022-2135,7.5
Advantech,CVE-2022-2135,9.8
Advantech,CVE-2022-2135,7.5
Advantech,CVE-2022-2135,7.5
Advantech,CVE-2022-2135,7.5
Advantech,CVE-2022-2135,7.5
Advantech,CVE-2022-2135,7.5
Advantech,CVE-2022-2135,7.5
Advantech,CVE-2022-2135,9.8
Advantech,CVE-2022-2135,9.8
Advantech,CVE-2022-2135,7.5
ZyXel,CVE-2022-0556,7.3
Apple,CVE-2022-22676,5.5
Apple,CVE-2022-26688,5.5
Apache,CVE-2022-22721,8.1
ABB,CVE-2022-28702,6.1
ABB,CVE-2022-29483,7.8
Prosys OPC,CVE-2022-30551,7.5
DevExpress,CVE-2022-28684,8.8
Microsoft,CVE-2022-30157,8.8
SAP,CVE-2022-26106,7.8
SAP,CVE-2022-27655,7.8
SAP,CVE-2022-27655,7.8
SAP,CVE-2022-27655,7.8
SAP,CVE-2022-27655,7.8
SAP,CVE-2022-26106,7.8
SAP,CVE-2022-26108,7.8
SAP,CVE-2022-27654,7.8
SAP,CVE-2022-26108,7.8
SAP,CVE-2022-26107,7.8
SAP,CVE-2022-22538,7.8
SAP,CVE-2022-22539,7.8
SAP,CVE-2022-26109,7.8
SAP,CVE-2022-26109,7.8
OPC Foundation,CVE-2022-29865,9.1
OPC Foundation,CVE-2022-29866,7.5
OPC Foundation,CVE-2022-29864,7.5
Trend Micro,CVE-2022-33158,7.8
Adobe,CVE-2022-30664,7.8
Adobe,CVE-2022-30665,7.8
Adobe,CVE-2022-30663,7.8
Adobe,CVE-2022-30662,7.8
Adobe,CVE-2022-30661,7.8
Adobe,CVE-2022-30660,7.8
Adobe,CVE-2022-30659,7.8
Adobe,CVE-2022-30658,7.8
Adobe,CVE-2022-28850,3.3
Adobe,CVE-2022-28849,7.8
Adobe,CVE-2022-28848,7.8
Adobe,CVE-2022-28847,7.8
Adobe,CVE-2022-28846,7.8
Adobe,CVE-2022-28845,7.8
Adobe,CVE-2022-28844,7.8
Adobe,CVE-2022-28843,7.8
Adobe,CVE-2022-28842,7.8
Adobe,CVE-2022-28841,7.8
Adobe,CVE-2022-28840,7.8
Adobe,CVE-2022-28839,7.8
Adobe,CVE-2022-30657,7.8
Adobe,CVE-2022-30656,7.8
Adobe,CVE-2022-30655,7.8
Adobe,CVE-2022-30654,7.8
Adobe,CVE-2022-30653,7.8
Adobe,CVE-2022-30652,7.8
Adobe,CVE-2022-30651,7.8
Adobe,CVE-2022-30650,7.8
Adobe,CVE-2022-30648,7.8
Adobe,CVE-2022-30647,7.8
Adobe,CVE-2022-30646,7.8
Adobe,CVE-2022-30644,7.8
Adobe,CVE-2022-30643,7.8
Adobe,CVE-2022-30642,7.8
Adobe,"CVE-2022-30641, CVE-2022-30645",7.8
Adobe,CVE-2022-30640,7.8
Adobe,CVE-2022-30639,7.8
Adobe,CVE-2022-30638,7.8
Adobe,CVE-2022-30637,7.8
Microsoft,CVE-2021-43875,7.0
Apple,CVE-2022-26698,3.3
Apple,CVE-2022-22583,5.5
Microsoft,CVE-2022-24499,7.8
Microsoft,CVE-2022-26901,7.8
Microsoft,CVE-2022-24479,7.8
Microsoft,CVE-2022-24513,8.4
FreeBSD,CVE-2022-23088,8.3
KeySight,CVE-2022-1661,7.5
KeySight,CVE-2022-1660,9.8
Cisco,CVE-2022-20753,4.3
Cisco,CVE-2022-20753,4.3
Trend Micro,CVE-2022-30703,6.5
Trend Micro,CVE-2022-30702,7.3
Mozilla,CVE-2022-1802,8.8
Mozilla,CVE-2022-1529,7.8
Trend Micro,CVE-2022-30701,7.8
Delta Industrial Automation,CVE-2022-1403,7.8
Delta Industrial Automation,CVE-2022-1402,7.8
Apple,CVE-2022-26751,7.8
Apple,CVE-2022-26748,8.8
Apple,CVE-2022-26711,7.8
Apple,CVE-2022-26697,3.3
Trend Micro,CVE-2022-30700,7.8
Trend Micro,CVE-2022-30687,6.1
Ivanti,CVE-2022-36983,7.5
Ivanti,CVE-2022-36982,6.5
Ivanti,CVE-2022-36981,8.8
Ivanti,CVE-2022-36980,9.4
Ivanti,CVE-2022-36979,7.5
Ivanti,CVE-2022-36978,9.8
Ivanti,CVE-2022-36977,9.8
Ivanti,CVE-2022-36976,9.1
Ivanti,CVE-2022-36975,9.1
Ivanti,CVE-2022-36974,9.8
Ivanti,CVE-2022-36973,9.1
Ivanti,CVE-2022-36972,9.1
Ivanti,CVE-2022-36971,9.8
Autodesk,CVE-2022-25793,7.8
Foxit,CVE-2022-28683,7.8
Foxit,CVE-2022-28682,7.8
Foxit,CVE-2022-28681,2.5
Foxit,CVE-2022-28680,7.8
Foxit,CVE-2022-28679,7.8
Foxit,CVE-2022-28678,7.8
Foxit,CVE-2022-28677,7.8
Foxit,CVE-2022-28676,7.8
Foxit,CVE-2022-28675,7.8
Foxit,CVE-2022-28674,7.8
Foxit,CVE-2022-28673,7.8
Foxit,CVE-2022-28672,7.8
Foxit,CVE-2022-28671,7.8
Foxit,CVE-2022-28670,3.3
Foxit,CVE-2022-28669,7.8
Trend Micro,CVE-2022-30523,7.8
NETGEAR,,8.8
Apple,CVE-2022-22597,3.3
Cisco,CVE-2022-20753,4.3
Adobe,CVE-2022-28829,7.8
Adobe,CVE-2022-28837,3.3
Adobe,CVE-2022-28838,7.8
Adobe,CVE-2022-28819,7.8
Adobe,CVE-2022-28831,7.8
Adobe,CVE-2022-28833,7.8
Adobe,CVE-2022-28832,7.8
Adobe,CVE-2022-28834,7.8
Adobe,CVE-2022-28836,7.8
Adobe,CVE-2022-28835,7.8
Adobe,CVE-2022-28823,7.8
Adobe,CVE-2022-28822,7.8
Adobe,CVE-2022-28824,7.8
Adobe,CVE-2022-28828,7.8
Adobe,CVE-2022-28827,7.8
Adobe,CVE-2022-28830,3.3
Adobe,CVE-2022-28821,7.8
Adobe,CVE-2022-28825,7.8
Adobe,CVE-2022-28826,7.8
Microsoft,CVE-2022-29114,5.5
Microsoft,CVE-2022-29140,5.5
Microsoft,CVE-2022-29104,7.0
Microsoft,CVE-2022-29148,7.8
Microsoft,CVE-2022-30138,7.0
Microsoft,CVE-2022-29105,8.8
Microsoft,CVE-2022-29104,7.0
Microsoft,CVE-2022-26923,9.0
Microsoft,CVE-2022-26927,9.6
Microsoft,CVE-2022-24542,8.8
Microsoft,CVE-2022-24550,7.8
Adobe,CVE-2022-24099,3.3
Cisco,CVE-2022-20801,4.3
Cisco,CVE-2022-20801,4.3
Autodesk,,7.8
Autodesk,CVE-2022-27532,7.8
Autodesk,CVE-2022-27532,7.8
Autodesk,CVE-2022-27532,7.8
Rockwell Automation,,5.5
Zoom,CVE-2022-22782,7.8
Zoom,CVE-2022-22782,7.8
Apple,CVE-2022-22648,3.3
Apple,CVE-2022-22627,3.3
Apple,CVE-2022-22648,3.3
Apple,CVE-2022-22625,3.3
Apple,CVE-2022-22626,3.3
Autodesk,CVE-2022-25794,7.8
Oracle,CVE-2022-21490,9.8
Oracle,CVE-2022-21489,9.8
Oracle,CVE-2022-21482,9.8
Oracle,CVE-2022-21486,6.5
Oracle,CVE-2022-21485,6.5
Oracle,CVE-2022-21484,6.5
Oracle,CVE-2022-21483,9.8
Delta Industrial Automation,,5.5
Delta Industrial Automation,,5.5
Delta Industrial Automation,,5.5
Delta Industrial Automation,CVE-2022-1331,5.5
Delta Industrial Automation,CVE-2022-1331,5.5
Delta Industrial Automation,CVE-2022-1331,5.5
Delta Industrial Automation,CVE-2022-1331,5.5
Adobe,CVE-2022-28271,7.8
Adobe,CVE-2022-23205,7.8
Adobe,CVE-2022-28240,7.8
Adobe,CVE-2022-28268,3.3
Adobe,CVE-2022-28239,7.8
Adobe,CVE-2022-28269,3.3
Adobe,CVE-2022-28236,7.8
Adobe,CVE-2022-28235,7.8
Adobe,CVE-2022-28237,7.8
Adobe,CVE-2022-27800,7.8
Adobe,CVE-2022-27802,7.8
Adobe,CVE-2022-28230,7.8
Adobe,CVE-2022-28232,3.3
Adobe,CVE-2022-27801,7.8
Adobe,CVE-2022-27797,7.8
Adobe,CVE-2022-28233,7.8
Adobe,CVE-2022-27796,7.8
Adobe,CVE-2022-27795,7.8
Adobe,CVE-2022-27799,7.8
Adobe,CVE-2022-27798,7.8
Adobe,CVE-2022-27786,7.8
Adobe,CVE-2022-27785,7.8
Adobe,CVE-2022-27788,7.8
Adobe,CVE-2022-27787,7.8
Adobe,CVE-2022-27790,7.8
Adobe,CVE-2022-28231,3.3
Adobe,CVE-2022-28245,3.3
Adobe,CVE-2022-28256,3.3
Adobe,CVE-2022-28250,3.3
Adobe,CVE-2022-28251,3.3
Adobe,CVE-2022-28241,7.8
Adobe,CVE-2022-28242,7.8
Adobe,CVE-2022-28243,7.8
Adobe,CVE-2022-28252,3.3
Adobe,CVE-2022-28253,3.3
Adobe,CVE-2022-28254,3.3
Adobe,CVE-2022-28255,3.3
Adobe,CVE-2022-28257,3.3
Adobe,CVE-2022-28265,3.3
Adobe,CVE-2022-28258,3.3
Adobe,CVE-2022-28263,3.3
Adobe,CVE-2022-28259,3.3
Adobe,CVE-2022-28267,3.3
Adobe,CVE-2022-28264,3.3
Adobe,CVE-2022-28262,3.3
Adobe,CVE-2022-28260,3.3
Adobe,CVE-2022-28261,3.3
Adobe,CVE-2022-28266,3.3
Adobe,CVE-2022-28248,3.3
Adobe,CVE-2022-28246,3.3
Adobe,CVE-2022-28249,3.3
Adobe,CVE-2022-28238,7.8
Adobe,CVE-2022-28272,7.8
Adobe,CVE-2022-28273,7.8
Adobe,CVE-2022-28274,7.8
Adobe,CVE-2022-28279,7.8
Adobe,CVE-2022-28275,7.8
Adobe,CVE-2022-28278,7.8
Adobe,CVE-2022-28277,7.8
Adobe,CVE-2022-28276,7.8
Adobe,CVE-2022-24098,7.8
Adobe,CVE-2022-24105,7.8
Adobe,CVE-2022-27789,7.8
Adobe,CVE-2022-28270,7.8
Adobe,CVE-2022-27794,7.8
Adobe,CVE-2022-27792,7.8
Adobe,CVE-2022-27793,7.8
Adobe,CVE-2022-27791,7.8
Adobe,CVE-2022-24101,3.3
Adobe,CVE-2022-24102,7.8
Adobe,CVE-2022-24104,7.8
Adobe,CVE-2022-24103,7.8
Siemens,CVE-2022-28663,7.8
Sante,CVE-2022-28668,7.8
Samsung,CVE-2022-1230,3.9
Trend Micro,CVE-2022-28339,7.3
Tukaani,CVE-2022-1271,7.0
Bentley,CVE-2022-28318,7.8
Bentley,CVE-2022-28647,7.8
Bentley,CVE-2022-28646,7.8
Bentley,CVE-2022-1229,7.8
Bentley,CVE-2022-28302,7.8
Bentley,CVE-2022-28641,7.8
Bentley,CVE-2022-28301,7.8
Bentley,CVE-2022-28644,7.8
Bentley,CVE-2022-28645,3.3
Bentley,CVE-2022-28643,7.8
Bentley,CVE-2022-28642,7.8
Bentley,CVE-2022-28316,7.8
Bentley,CVE-2022-28315,7.8
Bentley,CVE-2022-28314,7.8
Bentley,CVE-2022-28317,7.8
Bentley,CVE-2022-28313,3.3
Bentley,CVE-2022-28312,3.3
Bentley,CVE-2022-28311,7.8
Bentley,CVE-2022-28309,3.3
Bentley,CVE-2022-28308,3.3
Bentley,CVE-2022-28307,7.8
Bentley,CVE-2022-28320,7.8
Bentley,CVE-2022-28303,7.8
Bentley,CVE-2022-28306,7.8
Bentley,CVE-2022-28304,7.8
Bentley,CVE-2022-28305,7.8
Bentley,CVE-2022-28300,7.8
Bentley,CVE-2022-28319,7.8
Bentley,CVE-2022-28310,7.8
Rockwell Automation,CVE-2022-1118,7.8
Rockwell Automation,CVE-2022-1118,7.8
Rockwell Automation,CVE-2022-1118,7.8
Rockwell Automation,CVE-2022-1118,7.8
Rockwell Automation,,5.5
Rockwell Automation,,5.5
Schneider Electric,CVE-2022-0221,5.5
Schneider Electric,CVE-2022-0221,5.5
Omron,CVE-2022-26022,7.8
Omron,CVE-2022-26419,7.8
Omron,CVE-2022-26419,7.8
Omron,CVE-2022-26417,7.8
Omron,CVE-2022-25959,7.8
Omron,CVE-2022-26419,7.8
Omron,CVE-2022-26419,7.8
Autodesk,CVE-2022-25796,7.8
Autodesk,CVE-2022-25791,7.8
Autodesk,CVE-2022-25791,7.8
Autodesk,CVE-2022-25789,7.8
Autodesk,CVE-2022-25790,7.8
Autodesk,CVE-2022-25790,7.8
Autodesk,CVE-2022-27528,7.8
Autodesk,CVE-2022-25792,7.8
Autodesk,CVE-2022-27528,7.8
Autodesk,CVE-2022-25792,7.8
Autodesk,CVE-2022-25791,7.8
Autodesk,CVE-2022-25790,7.8
Autodesk,CVE-2022-25790,7.8
Autodesk,CVE-2022-25791,7.8
Autodesk,CVE-2022-25790,7.8
Autodesk,CVE-2022-25790,7.8
Autodesk,CVE-2022-25791,7.8
Autodesk,CVE-2022-27528,7.8
Autodesk,CVE-2022-25795,7.8
Autodesk,CVE-2022-25795,7.8
Autodesk,CVE-2022-25792,7.8
Autodesk,CVE-2022-25790,7.8
Autodesk,CVE-2022-25795,7.8
Autodesk,CVE-2022-25795,7.8
Autodesk,CVE-2022-25795,7.8
Autodesk,CVE-2022-25795,7.8
Autodesk,CVE-2022-25795,7.8
Samsung,,6.1
Trend Micro,CVE-2022-27883,7.8
Siemens,,3.3
NETGEAR,CVE-2022-27641,8.8
KOYO,CVE-2022-27648,7.8
Siemens,,7.8
Array Networks,,7.8
Adobe,CVE-2021-44705,3.3
Adobe,CVE-2021-44707,7.8
Epic Games,,6.1
Epic Games,,6.1
Electronic Arts,,7.8
HP,CVE-2022-24292,4.3
HP,CVE-2022-24291,6.5
HP,CVE-2022-24293,8.0
HP,CVE-2022-3942,8.8
Siemens,CVE-2021-45465,7.8
Netatalk,CVE-2022-0194,9.8
Netatalk,CVE-2022-23122,9.8
Netatalk,CVE-2022-23123,5.3
Netatalk,CVE-2022-23121,9.8
Netatalk,CVE-2022-23125,9.8
Netatalk,CVE-2022-23124,5.3
NETGEAR,CVE-2022-27647,8.0
NETGEAR,CVE-2022-27646,8.0
NETGEAR,CVE-2022-27645,8.8
NETGEAR,,3.1
NETGEAR,CVE-2022-27644,5.0
NETGEAR,CVE-2022-27643,8.8
NETGEAR,CVE-2022-27642,6.3
Apple,CVE-2022-22629,8.8
Canon,CVE-2022-24674,8.8
Canon,CVE-2022-24673,8.8
Canon,CVE-2022-24672,8.8
Adobe,CVE-2022-24092,7.8
Adobe,CVE-2022-24091,7.8
Siemens,CVE-2021-46162,7.8
Apple,CVE-2022-22584,3.3
Siemens,CVE-2021-46699,7.8
Cisco,CVE-2015-3269,7.5
Cisco,CVE-2017-5641,7.8
Cisco,CVE-2017-5641,7.3
Autodesk,CVE-2021-27039,7.8
Autodesk,CVE-2022-25788,7.8
MyBB,CVE-2022-24734,7.2
Mozilla,CVE-2022-26381,8.8
Microsoft,CVE-2022-24509,7.8
Microsoft,CVE-2022-24461,7.8
Microsoft,CVE-2022-24455,7.8
Microsoft,CVE-2022-24455,7.8
Microsoft,CVE-2022-23281,4.2
Microsoft,CVE-2022-23266,8.8
Microsoft,CVE-2022-23265,4.2
Microsoft,CVE-2022-24510,7.8
Microsoft,CVE-2022-23299,8.8
Ecava,,3.3
Ecava,,7.8
Ecava,,7.8
Ecava,,3.3
Ecava,,3.3
Ecava,,3.3
Ecava,,3.3
Ecava,,3.3
Bitdefender,CVE-2021-4199,7.8
Bitdefender,CVE-2021-4198,6.1
Autodesk,CVE-2021-27036,7.8
Autodesk,CVE-2021-27035,3.3
Autodesk,CVE-2021-27035,7.8
Autodesk,CVE-2021-27036,7.8
Autodesk,CVE-2021-27041,7.8
Autodesk,CVE-2022-25789,7.8
Autodesk,CVE-2022-25792,7.8
Autodesk,CVE-2022-25790,7.8
Autodesk,CVE-2021-40160,7.8
Autodesk,CVE-2021-27040,7.8
Autodesk,CVE-2022-25795,7.8
Autodesk,CVE-2022-25789,7.8
Autodesk,CVE-2021-27043,7.8
Autodesk,CVE-2022-25795,7.8
Autodesk,CVE-2022-25795,7.8
Autodesk,CVE-2022-25795,7.8
Autodesk,CVE-2021-40158,7.8
Autodesk,CVE-2022-25789,7.8
Autodesk,CVE-2022-25791,7.8
Autodesk,CVE-2022-25790,7.8
Autodesk,CVE-2021-27036,3.3
Autodesk,CVE-2022-25789,7.8
Autodesk,CVE-2022-25792,7.8
Autodesk,CVE-2021-27037,7.8
Autodesk,CVE-2021-27036,7.8
Autodesk,CVE-2021-27036,7.8
Autodesk,CVE-2021-27036,7.8
Autodesk,CVE-2021-40158,7.8
Autodesk,CVE-2021-40158,7.8
Autodesk,CVE-2021-40158,7.8
Autodesk,CVE-2021-40158,7.8
Autodesk,CVE-2021-40158,7.8
Autodesk,CVE-2021-40158,7.8
Autodesk,CVE-2021-40158,7.8
Autodesk,CVE-2021-40158,7.8
Autodesk,CVE-2021-40158,7.8
Autodesk,CVE-2021-27042,7.8
Autodesk,CVE-2021-40158,7.8
Autodesk,CVE-2021-40158,7.8
Autodesk,CVE-2021-40158,7.8
Autodesk,CVE-2022-25788,7.8
Autodesk,CVE-2021-40158,7.8
Fatek Automation,CVE-2022-23985,7.8
Fatek Automation,CVE-2022-21209,7.8
Fatek Automation,CVE-2022-23985,7.8
Fatek Automation,CVE-2022-23985,7.8
Fatek Automation,CVE-2022-21209,7.8
Fatek Automation,CVE-2022-21209,7.8
Fatek Automation,CVE-2022-23985,7.8
Fatek Automation,CVE-2022-23985,7.8
Fatek Automation,CVE-2022-23985,7.8
Kaspersky,CVE-2021-35053,6.1
Adobe,CVE-2021-42734,3.3
Adobe,CVE-2021-39865,3.3
Microsoft,,5.3
Microsoft,,5.3
Microsoft,,6.1
Microsoft,,5.3
Delta Industrial Automation,,7.5
Delta Industrial Automation,,9.8
Delta Industrial Automation,CVE-2022-1404,7.8
Delta Industrial Automation,CVE-2022-1404,3.3
Cisco,CVE-2022-20702,7.0
Cisco,CVE-2022-20707,7.8
Cisco,CVE-2022-20706,9.8
Cisco,CVE-2022-20708,6.8
Cisco,"CVE-2022-20709, CVE-2022-20711",6.3
Cisco,CVE-2022-20705,6.5
Cisco,CVE-2022-20699,9.8
Cisco,"CVE-2022-20703, CVE-2022-20704",7.1
Cisco,CVE-2022-20701,7.8
Cisco,CVE-2022-20707,4.3
Cisco,CVE-2022-20705,8.8
Cisco,"CVE-2022-20705, CVE-2022-20707",8.8
Cisco,CVE-2022-20703,8.8
TP-Link,CVE-2022-0650,6.8
TP-Link,CVE-2022-24973,6.8
TP-Link,CVE-2022-24972,6.5
WECON,,7.8
WECON,,7.8
WECON,,7.8
WECON,,7.8
WECON,,7.8
WECON,,7.8
WECON,,7.8
WECON,,7.8
WECON,,7.8
WECON,,7.8
WECON,,7.8
WECON,,7.8
WECON,,7.8
WECON,,7.8
WECON,,7.8
Fuji Electric,CVE-2022-21228,7.8
Fuji Electric,CVE-2022-21202,3.3
Fuji Electric,CVE-2022-21168,3.3
Parallels,CVE-2021-34987,8.2
Parallels,CVE-2021-34986,7.8
Microsoft,CVE-2022-21988,7.0
Microsoft,CVE-2022-22716,2.5
Lexmark,CVE-2021-44738,8.8
Microsoft,,6.5
Samsung,,4.6
Samsung,,8.8
ICONICS,CVE-2021-27040,3.3
Apple,CVE-2021-30771,7.8
Adobe,CVE-2022-23200,7.8
SolarWinds,CVE-2021-35244,8.8
Omron,CVE-2022-21137,7.8
Omron,CVE-2022-21137,7.8
Trend Micro,CVE-2022-24678,5.3
Trend Micro,CVE-2022-24671,7.8
Trend Micro,CVE-2022-24679,7.8
Trend Micro,CVE-2022-24680,7.8
MariaDB,CVE-2022-24048,7.0
MariaDB,CVE-2022-24052,7.0
MariaDB,CVE-2022-24052,7.0
MariaDB,CVE-2022-24051,7.0
MariaDB,CVE-2022-24050,7.0
MariaDB,CVE-2022-24048,7.0
Linux,CVE-2022-1043,8.8
Apple,CVE-2022-22579,3.3
Apple,CVE-2021-30995,7.8
Apple,CVE-2021-30939,3.3
Apple,CVE-2021-30979,7.8
Apple,CVE-2021-30919,7.8
Apple,CVE-2021-30928,3.3
Apple,CVE-2021-30832,7.8
Apple,CVE-2021-30825,3.3
Apple,CVE-2021-30785,7.8
Microsoft,CVE-2022-22005,8.8
Foxit,CVE-2022-24908,7.8
Foxit,CVE-2022-24907,7.8
Western Digital,CVE-2022-22994,8.8
Western Digital,CVE-2022-22993,8.0
Western Digital,CVE-2022-22990,6.3
Western Digital,,8.8
WECON,,7.8
WECON,,7.8
Adobe,CVE-2022-23200,3.3
Adobe,CVE-2022-23204,3.3
DevExpress,CVE-2021-36483,8.8
Siemens,CVE-2021-44018,7.8
Siemens,CVE-2021-38405,3.3
Siemens,CVE-2021-44016,7.8
Siemens,CVE-2021-38405,3.3
Siemens,CVE-2021-38405,7.8
Siemens,CVE-2021-44000,7.8
Siemens,CVE-2021-43336,7.8
Lexmark,CVE-2021-44737,8.8
Lexmark,CVE-2021-44734,8.8
Lexmark,CVE-2021-44736,9.6
Lexmark,CVE-2021-44735,5.5
Lexmark,CVE-2021-44735,7.8
Lexmark,CVE-2021-44738,8.8
Lexmark,CVE-2021-44738,7.1
Lexmark,CVE-2021-44735,7.8
Schneider Electric,CVE-2022-24313,9.8
Schneider Electric,CVE-2022-24317,5.3
Schneider Electric,CVE-2022-24316,5.3
Schneider Electric,CVE-2022-24315,7.5
Schneider Electric,CVE-2022-24312,9.8
Schneider Electric,CVE-2022-24311,9.8
Foxit,CVE-2022-24971,7.8
MariaDB,CVE-2022-24051,7.0
Microsoft,CVE-2022-22002,6.1
Siemens,CVE-2021-46161,7.8
Siemens,CVE-2021-46160,7.8
Siemens,CVE-2021-46159,7.8
Siemens,CVE-2021-46158,7.8
Siemens,CVE-2021-46158,7.8
Siemens,CVE-2021-46158,7.8
Siemens,CVE-2021-46157,7.8
Siemens,CVE-2021-46156,7.8
Siemens,CVE-2021-46155,7.8
Siemens,CVE-2021-46155,7.8
Siemens,CVE-2021-46155,7.8
Siemens,CVE-2021-46155,7.8
Siemens,CVE-2021-46154,7.8
Siemens,CVE-2021-46154,7.8
Siemens,CVE-2021-46154,7.8
Siemens,CVE-2021-46154,7.8
Siemens,CVE-2021-46153,7.8
Siemens,CVE-2021-46153,7.8
Siemens,CVE-2021-46153,7.8
Siemens,CVE-2021-46153,7.8
Siemens,CVE-2021-46152,7.8
Siemens,CVE-2021-46152,7.8
Siemens,CVE-2021-46152,7.8
Siemens,CVE-2021-46152,7.8
Siemens,CVE-2021-46151,7.8
Siemens,CVE-2021-46151,7.8
BMC,CVE-2022-24047,5.3
Autodesk,CVE-2021-40159,7.8
Autodesk,CVE-2021-40158,7.8
Autodesk,CVE-2021-40158,7.8
Autodesk,CVE-2021-40158,7.8
Autodesk,CVE-2021-40158,7.8
Autodesk,CVE-2021-40158,7.8
Autodesk,CVE-2021-40158,7.8
Autodesk,CVE-2021-40159,7.8
Autodesk,CVE-2021-40158,7.8
Foxit,CVE-2022-24369,7.8
Foxit,CVE-2022-24368,3.3
Foxit,CVE-2022-24367,7.8
Foxit,CVE-2022-24366,7.8
Foxit,CVE-2022-24365,7.8
Foxit,CVE-2022-24364,7.8
Foxit,CVE-2022-24363,7.8
Foxit,CVE-2022-24362,7.8
Foxit,CVE-2022-24361,7.8
Foxit,CVE-2022-24360,7.8
Foxit,CVE-2022-24359,7.8
Foxit,CVE-2022-24358,7.8
Foxit,CVE-2022-24357,7.8
Foxit,CVE-2022-24356,7.8
Foxit,CVE-2022-24370,3.3
TP-Link,CVE-2022-24355,8.8
TP-Link,CVE-2022-24354,8.8
TP-Link,CVE-2022-24353,8.8
TP-Link,CVE-2022-24352,8.8
Sonos,CVE-2022-24049,9.8
Sonos,CVE-2022-24046,8.8
Advantech,CVE-2021-38389,9.8
Advantech,CVE-2021-33023,9.8
Advantech,CVE-2021-33023,9.8
Sante,CVE-2022-24064,7.8
Sante,CVE-2022-24063,7.8
Sante,CVE-2022-24062,7.8
Sante,CVE-2022-24061,3.3
Sante,CVE-2022-24060,3.3
Sante,CVE-2022-24059,7.8
Sante,CVE-2022-24058,7.8
Sante,CVE-2022-24057,7.8
Sante,CVE-2022-24056,7.8
Sante,CVE-2022-24055,3.3
Samba,CVE-2021-44142,9.8
Samba,CVE-2021-44142,5.3
Samba,CVE-2021-44142,9.8
Bentley,CVE-2021-46656,7.8
Bentley,CVE-2021-46655,7.8
Bentley,CVE-2021-46654,3.3
Bentley,CVE-2021-46653,7.8
Bentley,CVE-2021-46652,7.8
Bentley,CVE-2021-46651,3.3
Bentley,CVE-2021-46650,3.3
Bentley,CVE-2021-46649,3.3
Bentley,CVE-2021-46648,7.8
Bentley,CVE-2021-46647,7.8
Bentley,CVE-2021-46646,7.8
Bentley,CVE-2021-46645,7.8
Bentley,CVE-2021-46644,7.8
Bentley,CVE-2021-46643,7.8
Bentley,CVE-2021-46642,3.3
Bentley,CVE-2021-46641,7.8
Bentley,CVE-2021-46640,7.8
Bentley,CVE-2021-46639,7.8
Bentley,CVE-2021-46638,7.8
Bentley,CVE-2021-46637,3.3
Bentley,CVE-2021-46636,7.8
Bentley,CVE-2021-46635,7.8
Bentley,CVE-2021-46634,7.8
Bentley,CVE-2021-46633,7.8
Bentley,CVE-2021-46632,3.3
Bentley,CVE-2021-46631,7.8
Bentley,CVE-2021-46630,3.3
Bentley,CVE-2021-46629,3.3
Bentley,CVE-2021-46628,3.3
Bentley,CVE-2021-46627,7.8
Bentley,CVE-2021-46626,7.8
Bentley,CVE-2021-46625,7.8
Bentley,CVE-2021-46624,3.3
Bentley,CVE-2021-46623,3.3
Bentley,CVE-2021-46622,7.8
Bentley,CVE-2021-46621,7.8
Bentley,CVE-2021-46620,3.3
Bentley,CVE-2021-46619,7.8
Bentley,CVE-2021-46618,3.3
Bentley,CVE-2021-46617,7.8
Bentley,CVE-2021-46616,3.3
Bentley,CVE-2021-46615,3.3
Bentley,CVE-2021-46614,7.8
Bentley,CVE-2021-46613,7.8
Bentley,CVE-2021-46612,7.8
Bentley,CVE-2021-46611,3.3
Bentley,CVE-2021-46610,3.3
Bentley,CVE-2021-46609,7.8
Bentley,CVE-2021-46608,3.3
Bentley,CVE-2021-46607,3.3
Bentley,CVE-2021-46606,7.8
Bentley,CVE-2021-46605,7.8
Bentley,CVE-2021-46604,7.8
Bentley,CVE-2021-46603,7.8
Bentley,CVE-2021-46602,3.3
Bentley,CVE-2021-46601,7.8
Bentley,CVE-2021-46600,3.3
Bentley,CVE-2021-46599,3.3
Bentley,CVE-2021-46598,7.8
Bentley,CVE-2021-46597,7.8
Bentley,CVE-2021-46596,3.3
Bentley,CVE-2021-46595,3.3
Bentley,CVE-2021-46594,3.3
Bentley,CVE-2021-46593,3.3
Bentley,CVE-2021-46592,7.8
Bentley,CVE-2021-46591,7.8
Bentley,CVE-2021-46590,7.8
Bentley,CVE-2021-46589,3.3
Bentley,CVE-2021-46588,7.8
Bentley,CVE-2021-46587,7.8
Bentley,CVE-2021-46586,7.8
Bentley,CVE-2021-46585,7.8
Bentley,CVE-2021-46584,7.8
Bentley,CVE-2021-46583,7.8
Bentley,CVE-2021-46582,7.8
Bentley,CVE-2021-46581,7.8
Bentley,CVE-2021-46580,7.8
Bentley,CVE-2021-46579,7.8
Bentley,CVE-2021-46578,7.8
Bentley,CVE-2021-46577,7.8
Bentley,CVE-2021-46576,7.8
Bentley,CVE-2021-46575,7.8
Bentley,CVE-2021-46574,7.8
Bentley,CVE-2021-46573,7.8
Bentley,CVE-2021-46572,7.8
Bentley,CVE-2021-46571,7.8
Bentley,CVE-2021-46570,7.8
Bentley,CVE-2021-46569,7.8
Bentley,CVE-2021-46568,7.8
Bentley,CVE-2021-46567,7.8
Bentley,CVE-2021-46566,7.8
Bentley,CVE-2021-46565,7.8
Bentley,CVE-2021-46564,7.8
Bentley,CVE-2021-46563,7.8
Bentley,CVE-2021-46562,7.8
ESET,CVE-2021-37852,7.0
Trend Micro,CVE-2022-23805,3.3
Esri,CVE-2021-29117,7.8
Esri,CVE-2021-29118,3.3
Esri,CVE-2021-29112,3.3
Bitdefender,CVE-2021-3641,6.1
WECON,CVE-2021-23138,7.8
WECON,CVE-2021-23138,7.8
WECON,CVE-2021-23138,7.8
WECON,CVE-2021-23138,7.8
WECON,CVE-2021-23138,7.8
WECON,CVE-2021-23138,7.8
WECON,CVE-2021-23138,7.8
WECON,CVE-2021-23138,7.8
WECON,CVE-2021-23138,7.8
WECON,CVE-2021-23138,7.8
WECON,CVE-2021-23157,7.8
WECON,CVE-2021-23138,7.8
WECON,CVE-2021-23157,7.8
WECON,CVE-2021-23138,7.8
Oracle,CVE-2022-21394,6.5
Oracle,CVE-2022-21380,6.5
Oracle,CVE-2022-21356,9.8
Oracle,CVE-2022-21357,6.5
Oracle,CVE-2022-21355,6.5
Oracle,CVE-2022-21346,7.5
Oracle,CVE-2022-21337,9.8
Oracle,CVE-2022-21336,9.8
Oracle,CVE-2022-21335,9.8
Oracle,CVE-2022-21334,9.8
Oracle,CVE-2022-21333,6.5
Oracle,CVE-2022-21332,9.8
Oracle,CVE-2022-21331,6.5
Oracle,CVE-2022-21330,9.8
Oracle,CVE-2022-21329,9.8
Oracle,CVE-2022-21328,9.8
Oracle,CVE-2022-21327,9.8
Oracle,CVE-2022-21326,9.8
Oracle,CVE-2022-21325,6.5
Oracle,CVE-2022-21324,6.5
Oracle,CVE-2022-21323,6.5
Oracle,CVE-2022-21322,9.8
Oracle,CVE-2022-21321,6.5
Oracle,CVE-2022-21320,9.8
Oracle,CVE-2022-21319,6.5
Oracle,CVE-2022-21318,9.8
Oracle,CVE-2022-21317,6.5
Oracle,CVE-2022-21316,9.8
Oracle,CVE-2022-21315,9.8
Oracle,CVE-2022-21314,9.8
Oracle,CVE-2022-21313,6.5
Oracle,CVE-2022-21312,6.5
Oracle,CVE-2022-21311,6.5
Oracle,CVE-2022-21310,9.8
Oracle,CVE-2022-21309,9.8
Oracle,CVE-2022-21308,9.8
Oracle,CVE-2022-21307,9.8
Oracle,CVE-2022-21284,9.8
Oracle,CVE-2022-21289,9.8
Oracle,CVE-2022-21285,9.8
Oracle,CVE-2022-21286,9.8
Oracle,CVE-2022-21287,9.8
Oracle,CVE-2022-21290,9.8
Oracle,CVE-2022-21288,9.8
Oracle,CVE-2022-21280,9.8
Oracle,CVE-2022-21279,9.8
TeamViewer,CVE-2021-35005,3.3
TP-Link,CVE-2021-35004,8.8
TP-Link,CVE-2021-35003,9.8
Adobe,CVE-2021-43746,3.3
Fortinet,CVE-2021-26089,7.8
Western Digital,CVE-2022-22991,8.8
Western Digital,CVE-2022-22992,8.0
NetBSD,,5.5
Microsoft,CVE-2021-42309,8.8
OpenBSD,CVE-2021-34999,3.8
Adobe,CVE-2021-45053,7.8
Adobe,CVE-2021-45054,3.3
Adobe,CVE-2021-45055,7.8
Adobe,CVE-2021-45056,7.8
Adobe,CVE-2021-45058,7.8
Adobe,CVE-2021-45059,3.3
Adobe,CVE-2021-45057,7.8
Adobe,CVE-2021-45051,3.3
Adobe,CVE-2021-45052,3.3
Adobe,CVE-2021-44743,7.8
Adobe,CVE-2021-44700,3.3
Adobe,CVE-2021-43752,3.3
Adobe,CVE-2021-45060,7.8
Adobe,CVE-2021-45063,3.3
Adobe,CVE-2021-45068,7.8
Adobe,CVE-2021-44701,7.8
Adobe,CVE-2021-45061,7.8
Adobe,CVE-2021-45064,7.8
Adobe,CVE-2021-45062,7.8
Open Design Alliance (ODA),CVE-2022-23095,7.8
Microsoft,CVE-2022-21899,5.5
Microsoft,CVE-2022-21876,5.5
Microsoft,CVE-2022-21895,7.8
Microsoft,CVE-2022-21838,7.0
Microsoft,CVE-2022-21877,5.6
WECON,CVE-2021-43983,7.8
WECON,CVE-2021-43983,7.8
WECON,CVE-2021-43983,7.8
WECON,CVE-2021-43983,7.8
WECON,CVE-2021-43983,7.8
WECON,CVE-2021-43983,7.8
WECON,CVE-2021-43983,7.8
WECON,CVE-2021-43983,7.8
WECON,CVE-2021-43983,7.8
WECON,CVE-2021-43983,7.8
WECON,CVE-2021-43983,7.8
WECON,CVE-2021-43983,7.8
WECON,CVE-2021-43983,7.8
WECON,CVE-2021-43983,7.8
Fatek Automation,CVE-2021-43554,7.8
Fatek Automation,CVE-2021-43556,7.8
Fatek Automation,CVE-2021-43556,7.8
Fatek Automation,CVE-2021-43554,7.8
Fatek Automation,CVE-2021-43556,7.8
Fatek Automation,CVE-2021-43554,7.8
Delta Industrial Automation,CVE-2021-32965,7.8
Delta Industrial Automation,CVE-2021-32965,7.8
Delta Industrial Automation,CVE-2021-32965,7.8
Delta Industrial Automation,CVE-2021-32969,7.8
Delta Industrial Automation,CVE-2021-32969,7.8
Siemens,CVE-2021-42028,7.8
Siemens,CVE-2021-40367,7.8
WordPress,CVE-2022-21661,7.5
Microsoft,CVE-2021-43238,5.5
Microsoft,CVE-2021-43237,7.0
Trend Micro,CVE-2021-45441,7.8
Trend Micro,CVE-2021-45440,7.0
Trend Micro,CVE-2021-45442,6.1
Trend Micro,CVE-2021-44024,6.1
Trend Micro,CVE-2021-45231,7.8
OpenBSD,CVE-2021-35000,3.3
Siemens,CVE-2021-44017,3.3
Siemens,CVE-2021-44015,3.3
Siemens,CVE-2021-44013,7.8
Siemens,CVE-2021-44012,3.3
Siemens,CVE-2021-44011,3.3
Siemens,CVE-2021-44002,7.8
Siemens,CVE-2021-44014,7.8
Siemens,CVE-2021-44001,7.8
VMware,CVE-2021-22045,7.8
BMC,CVE-2021-35002,8.8
BMC,CVE-2021-35001,3.1
Google,,7.5
Kofax,CVE-2023-51612,3.3
Kofax,CVE-2023-51611,3.3
Kofax,CVE-2023-51610,3.3
Kofax,CVE-2023-51609,3.3
Kofax,CVE-2023-51608,7.8
Kofax,CVE-2023-51607,3.3
Kofax,CVE-2023-51606,7.8
Kofax,CVE-2023-51597,7.8
BlueZ,CVE-2023-51592,5.4
BlueZ,CVE-2023-51589,5.4
BlueZ,CVE-2023-51580,5.4
BlueZ,CVE-2023-51596,7.1
BlueZ,CVE-2023-51594,2.6
BlueZ,CVE-2023-44431,7.1
Rockwell Automation,CVE-2023-29460,7.8
Rockwell Automation,CVE-2023-29460,7.8
Voltronic Power,CVE-2023-51595,9.8
Voltronic Power,CVE-2023-51593,9.8
Voltronic Power,CVE-2023-51591,6.5
Voltronic Power,CVE-2023-51590,9.8
Voltronic Power,CVE-2023-51588,7.8
Voltronic Power,CVE-2023-51587,7.5
Voltronic Power,CVE-2023-51586,9.8
Voltronic Power,CVE-2023-51585,8.8
Voltronic Power,CVE-2023-51584,8.8
Voltronic Power,CVE-2023-51583,9.8
Voltronic Power,CVE-2023-51582,9.8
Voltronic Power,CVE-2023-51581,9.8
Voltronic Power,CVE-2023-51579,7.8
Voltronic Power,CVE-2023-51578,7.5
Voltronic Power,CVE-2023-51577,7.8
Voltronic Power,CVE-2023-51576,9.8
Voltronic Power,CVE-2023-51575,9.8
Voltronic Power,CVE-2023-51574,9.8
Voltronic Power,CVE-2023-51573,9.8
Voltronic Power,CVE-2023-51572,9.8
Voltronic Power,CVE-2023-51571,7.5
Voltronic Power,CVE-2023-51570,9.8
Foxit,CVE-2023-51562,3.3
Foxit,CVE-2023-51560,7.8
Foxit,CVE-2023-51551,7.8
Foxit,CVE-2023-51559,3.3
Foxit,CVE-2023-51558,3.3
Foxit,CVE-2023-51557,7.8
Foxit,CVE-2023-51556,7.8
Foxit,CVE-2023-51555,3.3
Foxit,CVE-2023-51553,3.3
Foxit,CVE-2023-51554,3.3
Foxit,CVE-2023-51552,7.8
Foxit,CVE-2023-51550,3.3
Foxit,CVE-2023-51549,7.8
Foxit,CVE-2023-51561,3.3
oFono,CVE-2023-2794,8.1
oFono,CVE-2023-4232,8.1
oFono,CVE-2023-4233,8.1
oFono,CVE-2023-4234,8.1
Hancom,CVE-2023-50235,7.8
Hancom,CVE-2023-50234,7.8
Hancom,CVE-2023-51598,7.0
Honeywell,CVE-2023-51605,5.5
Honeywell,CVE-2023-51604,5.5
Honeywell,CVE-2023-51603,7.8
Honeywell,CVE-2023-51602,5.5
Honeywell,CVE-2023-51601,5.5
Honeywell,CVE-2023-51600,5.5
Honeywell,CVE-2023-51599,7.8
NETGEAR,CVE-2023-50231,8.0
Trimble,CVE-2023-50196,7.8
Trimble,CVE-2023-50195,7.8
Trimble,CVE-2023-50194,7.8
Trimble,CVE-2023-50193,7.8
Trimble,CVE-2023-50192,7.8
Trimble,CVE-2023-50191,7.8
Trimble,CVE-2023-50190,7.8
Trimble,CVE-2023-50189,7.8
Trimble,CVE-2023-50188,7.8
Trimble,CVE-2023-50187,7.8
Linux Mint,CVE-2023-44452,7.8
Linux Mint,CVE-2023-44451,7.8
Linux,CVE-2022-32250,8.8
D-Link,CVE-2023-50217,8.8
D-Link,CVE-2023-50216,8.8
D-Link,CVE-2023-50215,8.8
D-Link,CVE-2023-50214,8.8
D-Link,CVE-2023-50213,8.8
D-Link,CVE-2023-50212,4.3
D-Link,CVE-2023-50211,8.8
D-Link,CVE-2023-50210,8.8
D-Link,CVE-2023-50209,8.8
D-Link,CVE-2023-50208,8.8
D-Link,CVE-2023-50207,8.8
D-Link,CVE-2023-50206,8.8
D-Link,CVE-2023-50205,8.8
D-Link,CVE-2023-50204,8.8
D-Link,CVE-2023-50203,8.8
D-Link,CVE-2023-50202,8.8
D-Link,CVE-2023-50201,8.8
D-Link,CVE-2023-50200,8.8
D-Link,CVE-2023-50199,8.8
D-Link,CVE-2023-50198,8.8
Inductive Automation,CVE-2023-50218,8.8
BlueZ,CVE-2023-50230,7.1
BlueZ,CVE-2023-50229,7.1
QEMU,CVE-2023-4135,6.0
TP-Link,CVE-2023-50225,6.8
TP-Link,CVE-2023-50224,6.5
X.Org,CVE-2023-5574,7.4
X.Org,CVE-2023-5380,7.4
Parallels,CVE-2023-50226,7.8
Parallels,CVE-2023-50227,8.3
Parallels,CVE-2023-50228,7.8
Ivanti,CVE-2022-43555,7.8
Ivanti,CVE-2022-43554,7.8
Ivanti,CVE-2023-41725,7.8
Ivanti,CVE-2023-41726,7.8
PaperCut,CVE-2023-6006,7.0
Schneider Electric,CVE-2023-5402,9.8
Schneider Electric,CVE-2023-5399,9.8
Schneider Electric,CVE-2023-5391,9.8
Schneider Electric,CVE-2023-6407,5.3
Delta Electronics,CVE-2023-5944,7.8
Microsoft,CVE-2023-36804,8.8
Microsoft,CVE-2023-33146,7.8
Microsoft,CVE-2023-33146,7.8
Microsoft,CVE-2023-33146,3.3
Microsoft,CVE-2023-33146,7.8
Microsoft,CVE-2023-33146,7.8
Microsoft,,7.8
Microsoft,,7.8
Microsoft,,3.3
Adobe,CVE-2023-48632,7.8
Adobe,CVE-2023-48635,3.3
Adobe,CVE-2023-48634,7.8
Adobe,CVE-2023-47078,3.3
Adobe,CVE-2023-47062,3.3
Adobe,CVE-2023-47079,3.3
Adobe,CVE-2023-47061,3.3
Adobe,CVE-2023-44362,3.3
Adobe,CVE-2023-47074,7.8
Adobe,CVE-2023-47075,7.8
Intel,CVE-2023-50197,7.8
OpenAI,,6.5
Microsoft,CVE-2022-26804,7.8
Microsoft,,7.8
Microsoft,,8.8
Microsoft,,7.8
Microsoft,,7.1
Extreme Networks,CVE-2023-46271,8.8
Extreme Networks,CVE-2023-46272,8.8
Check Point,CVE-2023-28134,7.8
Apple,CVE-2023-42826,7.8
SolarWinds,CVE-2023-40056,8.8
Adobe,CVE-2023-44371,7.8
Adobe,CVE-2023-44371,7.8
Adobe,CVE-2023-44371,7.8
Adobe,CVE-2023-44371,7.8
Adobe,CVE-2023-44371,7.8
Delta Electronics,CVE-2023-47279,7.5
Delta Electronics,CVE-2023-39226,9.8
Delta Electronics,CVE-2023-47207,9.8
Delta Electronics,CVE-2023-47207,9.8
Delta Electronics,CVE-2023-46690,8.8
Adobe,CVE-2023-44371,7.8
Adobe,CVE-2023-44371,7.8
Adobe,CVE-2023-44371,3.3
Adobe,CVE-2023-44371,7.8
Adobe,CVE-2023-44371,7.8
Adobe,CVE-2023-44371,7.8
Adobe,CVE-2023-44371,7.8
Adobe,CVE-2023-44371,7.8
Adobe,CVE-2023-44371,7.8
Adobe,CVE-2023-44371,7.8
Adobe,CVE-2023-44371,7.8
Adobe,CVE-2023-44371,7.8
Adobe,CVE-2023-44371,7.8
Adobe,CVE-2023-44371,7.8
Adobe,CVE-2023-44371,7.8
Adobe,CVE-2023-44371,7.8
Fuji Electric,CVE-2023-40152,7.8
Fuji Electric,CVE-2023-35127,7.8
Fuji Electric,CVE-2023-35127,7.8
Fuji Electric,CVE-2023-35127,7.8
Fuji Electric,CVE-2023-35127,7.8
Fuji Electric,CVE-2023-5299,7.3
Fuji Electric,CVE-2023-40152,7.8
Fuji Electric,CVE-2023-35127,7.8
Fuji Electric,CVE-2023-35127,7.8
Fuji Electric,CVE-2023-35127,7.8
Fuji Electric,CVE-2023-40152,7.8
Fuji Electric,CVE-2023-40152,7.8
Fuji Electric,CVE-2023-35127,7.8
Fuji Electric,CVE-2023-35127,7.8
Fuji Electric,CVE-2023-35127,7.8
Fuji Electric,CVE-2023-35127,7.8
ManageEngine,CVE-2023-48646,7.2
NETGEAR,CVE-2023-44450,8.8
NETGEAR,CVE-2023-44449,8.8
Luxion,CVE-2025-0412,7.8
ManageEngine,CVE-2023-38333,8.8
Adobe,CVE-2023-44325,3.3
Adobe,CVE-2023-44337,7.8
Adobe,CVE-2023-44338,7.8
Adobe,CVE-2023-44340,3.3
Adobe,CVE-2023-44339,3.3
Adobe,CVE-2023-44361,3.3
Adobe,CVE-2023-44371,7.8
Adobe,CVE-2023-44371,7.8
Adobe,CVE-2023-44371,7.8
Adobe,CVE-2023-44358,3.3
Adobe,CVE-2023-44371,7.8
Adobe,CVE-2023-44356,3.3
Adobe,CVE-2023-44371,7.8
Adobe,CVE-2023-44371,7.8
Adobe,CVE-2023-44371,7.8
Adobe,CVE-2023-44371,7.8
Adobe,CVE-2023-44371,7.8
Adobe,CVE-2023-44359,7.8
Adobe,CVE-2023-44371,7.8
Adobe,CVE-2023-44371,7.8
Adobe,CVE-2023-44371,7.8
Adobe,CVE-2023-44371,3.3
Adobe,CVE-2023-44365,7.8
Adobe,CVE-2023-44357,3.3
Adobe,CVE-2023-44367,7.8
Adobe,CVE-2023-44366,7.8
Adobe,CVE-2023-44348,3.3
Adobe,CVE-2023-44360,3.3
Adobe,CVE-2023-44326,3.3
Adobe,CVE-2023-44329,3.3
Adobe,CVE-2023-44328,3.3
Adobe,CVE-2023-44327,3.3
Adobe,CVE-2023-47060,3.3
Adobe,CVE-2023-47059,7.8
Adobe,CVE-2023-47058,7.8
Adobe,CVE-2023-47055,7.8
Adobe,CVE-2023-47057,7.8
Adobe,CVE-2023-47056,7.8
Adobe,CVE-2023-47073,7.8
Adobe,CVE-2023-47070,7.8
Adobe,CVE-2023-47067,7.8
Adobe,CVE-2023-47066,7.8
Adobe,CVE-2023-47071,3.3
Adobe,CVE-2023-47069,7.8
Adobe,CVE-2023-47068,7.8
Adobe,CVE-2023-47072,3.3
Adobe,CVE-2023-47044,3.3
Adobe,CVE-2023-47043,7.8
Adobe,CVE-2023-47040,7.8
Adobe,CVE-2023-47041,7.8
Adobe,CVE-2023-47042,7.8
Adobe,CVE-2023-47054,3.3
Adobe,CVE-2023-47049,7.8
Adobe,CVE-2023-47053,3.3
Adobe,CVE-2023-47048,7.8
Adobe,CVE-2023-47052,3.3
Adobe,CVE-2023-47050,7.8
Adobe,CVE-2023-47047,7.8
Adobe,CVE-2023-47046,7.8
Adobe,CVE-2023-47051,7.8
Adobe,CVE-2023-44324,9.8
Adobe,CVE-2023-22274,8.2
Adobe,CVE-2023-22273,7.2
Adobe,CVE-2023-22268,6.5
Adobe,CVE-2023-22272,7.5
Adobe,CVE-2023-22275,7.5
GStreamer,CVE-2023-44429,8.8
GStreamer,CVE-2023-44446,8.8
Microsoft,CVE-2023-38181,8.8
Microsoft,CVE-2023-36804,8.8
Microsoft,CVE-2023-36804,8.8
Microsoft,CVE-2023-36804,8.8
Microsoft,CVE-2023-36804,8.8
Microsoft,CVE-2023-36039,8.8
Microsoft,CVE-2023-36050,8.8
Microsoft,CVE-2023-36049,7.6
Microsoft,CVE-2023-36045,7.8
Microsoft,CVE-2023-36035,8.8
NETGEAR,CVE-2023-44445,8.8
Delta Electronics,CVE-2023-5068,7.8
Siemens,CVE-2023-41033,7.8
Siemens,CVE-2023-41032,7.8
Siemens,CVE-2023-38070,7.8
Siemens,CVE-2023-38071,7.8
Siemens,CVE-2023-38072,7.8
Siemens,CVE-2023-38073,7.8
Siemens,CVE-2023-38074,7.8
Siemens,CVE-2023-38076,7.8
Siemens,CVE-2023-38075,7.8
TP-Link,CVE-2023-44448,6.8
TP-Link,CVE-2023-39471,7.5
TP-Link,CVE-2023-44447,6.5
NI,CVE-2023-5136,5.5
Trend Micro,CVE-2023-47202,7.8
Trend Micro,CVE-2023-47199,7.8
Trend Micro,CVE-2023-47198,7.8
Trend Micro,CVE-2023-47200,7.8
Trend Micro,CVE-2023-47196,7.8
Trend Micro,CVE-2023-47197,7.8
Trend Micro,CVE-2023-47195,7.8
Trend Micro,CVE-2023-47194,7.8
Trend Micro,CVE-2023-47201,7.8
Trend Micro,CVE-2023-47193,7.8
Trend Micro,CVE-2023-47192,7.8
Kofax,CVE-2023-44433,3.3
Kofax,CVE-2023-44434,3.3
Kofax,CVE-2023-44436,7.8
Kofax,CVE-2023-44435,7.8
Kofax,CVE-2023-44432,7.8
Apple,CVE-2023-42856,3.3
Apple,CVE-2023-42856,3.3
Apple,CVE-2023-42856,3.3
Apple,CVE-2023-42856,3.3
Apple,CVE-2023-42856,3.3
Siemens,CVE-2023-35796,7.5
Hewlett Packard Enterprise,CVE-2023-30912,7.2
Ashlar-Vellum,CVE-2023-44440,7.8
Ashlar-Vellum,CVE-2023-44439,7.8
Ashlar-Vellum,CVE-2023-44438,7.8
Ashlar-Vellum,CVE-2023-44437,7.8
GIMP,CVE-2023-44442,7.8
GIMP,CVE-2023-44443,7.8
GIMP,CVE-2023-44441,7.8
GIMP,CVE-2023-44444,7.8
VMware,CVE-2023-34048,9.8
VMware,CVE-2023-34044,6.0
Microsoft,,8.8
Microsoft,CVE-2023-36804,8.8
SolarWinds,CVE-2023-33227,8.8
SolarWinds,CVE-2023-33226,8.8
SolarWinds,CVE-2023-40062,8.8
Google,,8.8
Tenable,CVE-2023-5847,6.7
Microsoft,,7.1
Microsoft,,7.1
Microsoft,,7.1
Microsoft,,7.5
Siemens,CVE-2023-45601,7.8
Siemens,CVE-2023-45204,7.8
Siemens,CVE-2023-37376,7.8
Siemens,CVE-2023-37374,7.8
Siemens,CVE-2023-37375,7.8
Siemens,CVE-2023-38679,7.8
Siemens,CVE-2023-38681,7.8
Siemens,CVE-2023-38680,7.8
Siemens,CVE-2021-27044,7.8
NI,CVE-2023-4601,8.1
SolarWinds,CVE-2023-35187,9.8
SolarWinds,CVE-2023-35186,8.8
SolarWinds,CVE-2023-35185,9.8
SolarWinds,CVE-2023-35182,9.8
SolarWinds,CVE-2023-35184,8.8
SolarWinds,CVE-2023-35183,7.8
SolarWinds,CVE-2023-35181,7.8
SolarWinds,CVE-2023-35180,8.8
F5,CVE-2023-41373,8.8
Siemens,CVE-2023-37248,7.8
Siemens,CVE-2023-37246,7.8
Siemens,CVE-2023-37247,7.8
Microsoft,CVE-2023-38159,8.8
Microsoft,CVE-2023-36731,8.8
Microsoft,CVE-2023-36732,8.8
Microsoft,CVE-2023-36594,7.8
Microsoft,CVE-2023-36594,7.8
Microsoft,CVE-2023-36594,7.8
Microsoft,CVE-2023-36594,7.8
Microsoft,CVE-2023-36594,7.8
Microsoft,CVE-2023-36594,7.8
Microsoft,CVE-2023-36594,7.8
Microsoft,CVE-2023-36594,7.8
Microsoft,CVE-2023-36594,7.8
Microsoft,CVE-2023-36594,7.8
Microsoft,CVE-2023-36594,7.8
Microsoft,,7.5
Microsoft,,5.0
Adobe,CVE-2023-26370,7.8
Adobe,CVE-2023-38217,3.3
Adobe,CVE-2023-38216,3.3
Kofax,CVE-2023-42127,7.8
Microsoft,CVE-2023-36804,8.8
Microsoft,CVE-2023-36804,8.8
Magnet Forensics,CVE-2023-42128,8.0
Ivanti,CVE-2023-28323,9.8
Delta Electronics,CVE-2022-3214,9.8
Delta Electronics,CVE-2022-3214,9.8
Delta Electronics,CVE-2022-3214,9.8
Microsoft,,10.0
Microsoft,,10.0
MuseScore,CVE-2023-44428,7.8
D-Link,CVE-2023-44427,8.0
D-Link,CVE-2023-44426,8.0
D-Link,CVE-2023-44425,8.0
D-Link,CVE-2023-44424,8.0
D-Link,CVE-2023-44423,8.0
D-Link,CVE-2023-44422,8.0
D-Link,CVE-2023-44421,8.0
D-Link,CVE-2023-44420,8.8
D-Link,CVE-2023-44419,8.8
D-Link,CVE-2023-44418,8.8
D-Link,CVE-2023-44417,8.8
D-Link,CVE-2023-44416,6.8
D-Link,CVE-2023-44415,6.8
D-Link,CVE-2023-44414,9.8
D-Link,CVE-2023-44413,5.9
D-Link,CVE-2023-44412,8.2
D-Link,CVE-2023-44411,9.8
D-Link,CVE-2023-44410,8.8
D-Link,CVE-2023-44409,8.8
D-Link,CVE-2023-44408,8.8
D-Link,CVE-2023-44407,8.8
D-Link,CVE-2023-44406,8.8
D-Link,CVE-2023-44405,8.8
D-Link,CVE-2023-44404,8.8
D-Link,CVE-2023-44403,8.8
Cacti,CVE-2023-39365,8.8
Cacti,CVE-2023-39365,6.6
Ansys,CVE-2023-42131,7.8
Apple,CVE-2022-26773,7.8
A10,CVE-2023-42130,8.3
A10,CVE-2023-42129,6.5
Apple,CVE-2023-38600,8.8
G DATA,CVE-2023-42126,7.8
Linux,CVE-2023-39194,3.2
Linux,CVE-2023-39193,5.1
Linux,CVE-2023-39192,6.7
Linux,CVE-2023-39191,8.2
ManageEngine,CVE-2023-38743,7.2
PDF-XChange,CVE-2023-42107,3.3
PDF-XChange,CVE-2023-42106,3.3
PDF-XChange,CVE-2023-42112,3.3
PDF-XChange,CVE-2023-42109,3.3
PDF-XChange,CVE-2023-42108,7.8
PDF-XChange,CVE-2023-42110,3.3
PDF-XChange,CVE-2023-42111,7.8
PDF-XChange,CVE-2023-42113,3.3
Control Web Panel,CVE-2023-42122,7.8
Control Web Panel,CVE-2023-42121,9.8
Control Web Panel,CVE-2023-42120,8.8
Control Web Panel,CVE-2023-42123,8.8
Avast,CVE-2023-42125,7.8
Avast,CVE-2023-42124,5.3
Exim,CVE-2023-42119,3.1
Exim,CVE-2023-42118,7.5
Exim,CVE-2023-42117,8.1
Exim,CVE-2023-42116,8.1
Exim,CVE-2023-42115,9.8
Exim,CVE-2023-42114,3.7
Mozilla,,5.4
Microsoft,CVE-2022-35825,3.3
Microsoft,CVE-2022-35825,3.3
Microsoft,CVE-2022-35825,3.3
Microsoft,CVE-2022-35825,7.8
Microsoft,CVE-2022-35825,7.8
Microsoft,CVE-2022-35825,7.8
Microsoft,CVE-2022-35825,7.8
Microsoft,CVE-2022-35825,7.8
GStreamer,CVE-2023-40476,8.8
GStreamer,CVE-2023-40475,8.8
GStreamer,CVE-2023-40474,8.8
Kofax,CVE-2023-42100,3.3
Ashlar-Vellum,CVE-2023-42105,7.0
Ashlar-Vellum,CVE-2023-42104,7.8
Ashlar-Vellum,CVE-2023-42103,7.8
Ashlar-Vellum,CVE-2023-42102,7.8
Ashlar-Vellum,CVE-2023-42101,7.8
Intel,CVE-2023-42099,7.8
Microsoft,CVE-2023-36745,7.5
Microsoft,CVE-2023-36757,6.5
Microsoft,CVE-2023-36805,7.8
Microsoft,CVE-2023-38161,8.8
SolarWinds,CVE-2023-23840,8.8
SolarWinds,CVE-2023-23845,8.8
Autodesk,CVE-2023-41140,7.8
Autodesk,CVE-2023-41140,7.8
Autodesk,CVE-2023-41139,7.8
Autodesk,CVE-2023-29073,7.8
Autodesk,CVE-2023-29074,7.8
Autodesk,CVE-2023-29074,7.8
Autodesk,CVE-2023-29075,7.8
Autodesk,CVE-2023-29076,7.8
Autodesk,CVE-2023-29076,7.8
Autodesk,CVE-2023-29076,7.8
Autodesk,CVE-2023-29076,7.8
Foxit,CVE-2023-42098,3.3
Foxit,CVE-2023-42097,7.8
Foxit,CVE-2023-42096,7.8
Foxit,CVE-2023-42095,3.3
Foxit,CVE-2023-42094,7.8
Foxit,CVE-2023-42093,3.3
Foxit,CVE-2023-42092,7.8
Foxit,CVE-2023-42091,7.8
Foxit,CVE-2023-42090,3.3
Foxit,CVE-2023-42089,3.3
Microsoft,CVE-2023-27909,7.8
Microsoft,CVE-2023-36744,6.5
Microsoft,CVE-2023-36756,8.8
Microsoft,CVE-2023-36777,7.1
Microsoft,CVE-2023-36777,7.1
Microsoft,CVE-2023-36770,5.3
Microsoft,CVE-2023-36773,5.3
Microsoft,CVE-2023-36771,5.3
Microsoft,CVE-2023-36772,5.3
Microsoft,CVE-2023-36772,5.3
Microsoft,CVE-2023-36772,5.3
Microsoft,CVE-2023-36804,8.8
Microsoft,CVE-2023-36804,8.8
Microsoft,CVE-2023-36804,8.8
Microsoft,CVE-2023-36804,8.8
Microsoft,CVE-2023-36804,8.8
Microsoft,CVE-2023-38144,6.4
Microsoft,CVE-2023-38143,2.8
Microsoft,CVE-2023-38155,7.0
Hewlett Packard Enterprise,CVE-2023-30908,9.8
ManageEngine,CVE-2023-39912,4.9
Delta Electronics,CVE-2023-4685,7.8
Visualware,CVE-2023-42034,8.8
Visualware,CVE-2023-42032,7.5
Visualware,CVE-2023-42035,6.5
Visualware,CVE-2023-42033,7.2
Kofax,CVE-2023-42039,7.8
Kofax,CVE-2023-42038,7.8
Kofax,CVE-2023-42036,7.8
Kofax,CVE-2023-42037,7.8
PDF-XChange,CVE-2023-42040,7.8
PDF-XChange,CVE-2023-42088,7.8
PDF-XChange,CVE-2023-42085,7.8
PDF-XChange,CVE-2023-42086,7.8
PDF-XChange,CVE-2023-42087,3.3
PDF-XChange,CVE-2023-42083,7.8
PDF-XChange,CVE-2023-42084,3.3
PDF-XChange,CVE-2023-42082,7.8
PDF-XChange,CVE-2023-42081,3.3
PDF-XChange,CVE-2023-42080,7.8
PDF-XChange,CVE-2023-42078,7.8
PDF-XChange,CVE-2023-42079,3.3
PDF-XChange,CVE-2023-42077,7.8
PDF-XChange,CVE-2023-42075,7.8
PDF-XChange,CVE-2023-42076,7.8
PDF-XChange,CVE-2023-42074,7.8
PDF-XChange,CVE-2023-42071,7.8
PDF-XChange,CVE-2023-42073,3.3
PDF-XChange,CVE-2023-42072,3.3
PDF-XChange,CVE-2023-42070,3.3
PDF-XChange,CVE-2023-42069,7.8
PDF-XChange,CVE-2023-42043,7.8
PDF-XChange,CVE-2023-42068,3.3
PDF-XChange,CVE-2023-42052,3.3
PDF-XChange,CVE-2023-42053,3.3
PDF-XChange,CVE-2023-42054,3.3
PDF-XChange,CVE-2023-42055,7.8
PDF-XChange,CVE-2023-42056,3.3
PDF-XChange,CVE-2023-42057,7.8
PDF-XChange,CVE-2023-42058,7.8
PDF-XChange,CVE-2023-42059,7.8
PDF-XChange,CVE-2023-42044,7.8
PDF-XChange,CVE-2023-42060,7.8
PDF-XChange,CVE-2023-42061,7.8
PDF-XChange,CVE-2023-42063,7.8
PDF-XChange,CVE-2023-42041,7.8
PDF-XChange,CVE-2023-42042,7.8
PDF-XChange,CVE-2023-42045,7.8
PDF-XChange,CVE-2023-42046,3.3
PDF-XChange,CVE-2023-42047,7.8
PDF-XChange,CVE-2023-42048,3.3
PDF-XChange,CVE-2023-42049,3.3
PDF-XChange,CVE-2023-42050,3.3
PDF-XChange,CVE-2023-42051,7.8
PDF-XChange,CVE-2023-42062,7.8
PDF-XChange,CVE-2023-42064,7.8
PDF-XChange,CVE-2023-42065,3.3
PDF-XChange,CVE-2023-42066,3.3
PDF-XChange,CVE-2023-42067,3.3
Synology,CVE-2023-41741,5.3
Synology,CVE-2023-41740,4.3
Synology,CVE-2023-41739,5.7
Synology,CVE-2023-41738,8.0
D-Link,CVE-2023-41230,7.5
D-Link,CVE-2023-41229,8.8
D-Link,CVE-2023-41228,6.8
D-Link,CVE-2023-41227,6.8
D-Link,CVE-2023-41226,6.8
D-Link,CVE-2023-41225,6.8
D-Link,CVE-2023-41224,6.8
D-Link,CVE-2023-41223,6.8
D-Link,CVE-2023-41222,6.8
D-Link,CVE-2023-41221,6.8
D-Link,CVE-2023-41220,6.8
D-Link,CVE-2023-41219,6.8
D-Link,CVE-2023-41218,6.8
D-Link,CVE-2023-41217,7.1
D-Link,CVE-2023-41216,6.8
D-Link,CVE-2023-41186,6.5
D-Link,CVE-2023-41187,8.8
D-Link,CVE-2023-41213,8.8
D-Link,CVE-2023-41212,8.8
D-Link,CVE-2023-41211,8.8
D-Link,CVE-2023-41210,8.8
D-Link,CVE-2023-41209,8.8
D-Link,CVE-2023-41208,8.8
D-Link,CVE-2023-41207,8.8
D-Link,CVE-2023-41206,8.8
D-Link,CVE-2023-41205,8.8
D-Link,CVE-2023-41204,8.8
D-Link,CVE-2023-41203,8.8
D-Link,CVE-2023-41202,8.8
D-Link,CVE-2023-41201,8.8
D-Link,CVE-2023-41200,8.8
D-Link,CVE-2023-41199,8.8
D-Link,CVE-2023-41198,8.8
D-Link,CVE-2023-41197,8.8
D-Link,CVE-2023-41196,8.8
D-Link,CVE-2023-41195,8.8
D-Link,CVE-2023-41194,8.8
D-Link,CVE-2023-41193,8.8
D-Link,CVE-2023-41192,8.8
D-Link,CVE-2023-41191,8.8
D-Link,CVE-2023-41190,8.8
D-Link,CVE-2023-41189,8.8
D-Link,CVE-2023-41188,8.8
D-Link,CVE-2023-41214,8.8
Delta Electronics,CVE-2023-0251,7.8
Delta Electronics,CVE-2023-0123,7.8
Delta Electronics,CVE-2023-0123,7.8
Delta Electronics,CVE-2023-0124,7.8
Delta Electronics,CVE-2023-0123,7.8
Delta Electronics,CVE-2023-0123,7.8
Delta Electronics,CVE-2023-0123,7.8
TP-Link,CVE-2023-41184,6.8
Unified Automation,CVE-2023-41185,8.6
PaperCut,CVE-2023-39469,7.2
NETGEAR,CVE-2023-41182,7.2
NETGEAR,CVE-2023-41183,8.8
Microsoft,,7.5
Apache,,8.1
D-Link,CVE-2023-37325,5.4
D-Link,CVE-2023-37326,8.8
D-Link,CVE-2023-37324,8.8
D-Link,CVE-2023-37323,8.8
D-Link,CVE-2023-37322,8.8
D-Link,CVE-2023-37321,8.8
D-Link,CVE-2023-37320,8.8
D-Link,CVE-2023-37319,8.8
D-Link,CVE-2023-37318,8.8
D-Link,CVE-2023-37317,8.8
D-Link,CVE-2023-37316,8.8
D-Link,CVE-2023-37315,8.8
D-Link,CVE-2023-37314,8.8
D-Link,CVE-2023-37313,8.8
D-Link,CVE-2023-37312,8.8
D-Link,CVE-2023-37311,8.8
D-Link,CVE-2023-37310,8.8
D-Link,CVE-2023-41215,8.8
D-Link,CVE-2023-35757,8.8
D-Link,CVE-2023-35756,8.8
D-Link,CVE-2023-35755,8.8
D-Link,CVE-2023-35754,8.8
D-Link,CVE-2023-35753,8.8
D-Link,CVE-2023-35752,8.8
D-Link,CVE-2023-35751,8.8
D-Link,CVE-2023-35750,7.4
D-Link,CVE-2023-35749,8.8
D-Link,CVE-2023-35748,8.8
D-Link,CVE-2023-35747,8.8
D-Link,CVE-2023-35746,8.8
D-Link,CVE-2023-35745,8.8
D-Link,CVE-2023-35744,8.8
D-Link,CVE-2023-35743,8.8
D-Link,CVE-2023-35742,8.8
D-Link,CVE-2023-35741,8.8
D-Link,CVE-2023-35740,8.8
D-Link,CVE-2023-35739,8.8
D-Link,CVE-2023-35738,8.8
D-Link,CVE-2023-35737,8.8
D-Link,CVE-2023-35736,8.8
D-Link,CVE-2023-35735,8.8
D-Link,CVE-2023-35733,8.8
D-Link,CVE-2023-35732,8.8
D-Link,CVE-2023-35731,8.8
D-Link,CVE-2023-35730,8.8
D-Link,CVE-2023-35729,8.8
D-Link,CVE-2023-35728,8.8
D-Link,CVE-2023-35727,8.8
D-Link,CVE-2023-35726,8.8
D-Link,CVE-2023-35725,8.8
D-Link,CVE-2023-35724,8.8
Adobe,CVE-2023-26371,3.3
Samba,CVE-2023-34966,6.5
Samba,CVE-2023-34967,5.9
Apple,CVE-2023-32384,7.8
Apple,CVE-2023-32372,3.3
LG,,7.5
LG,,7.5
LG,,9.8
LG,,9.8
LG,CVE-2023-41181,5.3
LG,CVE-2023-40517,7.5
LG,CVE-2023-40516,7.8
LG,CVE-2023-40501,9.8
LG,CVE-2023-40512,6.5
LG,CVE-2023-40511,7.5
LG,CVE-2023-40510,7.5
LG,CVE-2023-40509,8.2
LG,CVE-2023-40508,8.2
LG,CVE-2023-40507,7.5
LG,CVE-2023-40506,7.5
LG,CVE-2023-40505,9.8
LG,CVE-2023-40504,9.8
LG,CVE-2023-40503,7.5
LG,CVE-2023-40500,9.8
LG,CVE-2023-40499,8.2
LG,CVE-2023-40498,9.8
LG,CVE-2023-40497,9.8
LG,CVE-2023-40496,7.5
LG,CVE-2023-40495,7.5
LG,CVE-2023-40494,8.2
LG,CVE-2023-40493,9.8
LG,CVE-2023-40492,8.2
LG,CVE-2023-40515,7.5
LG,CVE-2023-40514,6.5
LG,CVE-2023-40513,6.5
LG,CVE-2023-40502,8.2
Maxon,CVE-2023-40489,7.8
Maxon,CVE-2023-40487,7.8
Maxon,CVE-2023-40491,7.8
Maxon,CVE-2023-40490,7.8
Maxon,CVE-2023-40488,7.8
Maxon,CVE-2023-40484,7.8
Maxon,CVE-2023-40485,7.8
Maxon,CVE-2023-40486,7.8
Maxon,CVE-2023-40483,7.8
Maxon,CVE-2023-40482,7.8
Microsoft,CVE-2023-33146,7.8
Microsoft,CVE-2023-33146,7.8
Microsoft,CVE-2023-33146,7.8
Microsoft,CVE-2023-33146,7.8
Microsoft,CVE-2023-33146,7.8
HP,CVE-2023-27971,8.8
HP,CVE-2023-35178,8.8
HP,CVE-2023-35176,8.8
HP,CVE-2023-35177,8.8
HP,CVE-2023-35175,8.8
HP,CVE-2023-27973,8.8
HP,CVE-2023-27972,8.8
HP,CVE-2023-35175,8.8
HP,CVE-2023-35176,8.8
Avira,CVE-2023-1900,7.8
Zabbix,CVE-2022-46768,5.9
Ivanti,CVE-2023-32567,6.5
ASUS,CVE-2023-35720,6.5
7-Zip,CVE-2023-31102,7.8
7-Zip,CVE-2023-40481,7.8
NETGEAR,CVE-2023-40478,8.0
NETGEAR,CVE-2023-40480,8.8
NETGEAR,CVE-2023-40479,8.8
Parse,CVE-2023-36475,7.2
Apple,CVE-2023-27939,3.3
McAfee,CVE-2023-40352,7.8
Advantech,CVE-2023-3256,8.8
Advantech,CVE-2023-2611,9.8
SonicWALL,CVE-2023-34124,6.5
SonicWALL,CVE-2023-34129,8.8
3CX,CVE-2023-27362,7.0
RARLAB,CVE-2023-40477,7.8
PDF-XChange,CVE-2023-40473,3.3
PDF-XChange,CVE-2023-40471,7.8
PDF-XChange,CVE-2023-40472,7.8
PDF-XChange,CVE-2023-40469,3.3
PDF-XChange,CVE-2023-39506,7.8
PDF-XChange,CVE-2023-40470,3.3
PDF-XChange,CVE-2023-40468,3.3
PDF-XChange,CVE-2023-39497,7.8
PDF-XChange,CVE-2023-39505,5.5
PDF-XChange,CVE-2023-39498,7.8
PDF-XChange,CVE-2023-39495,5.5
PDF-XChange,CVE-2023-39500,7.8
PDF-XChange,CVE-2023-39499,7.8
PDF-XChange,CVE-2023-39502,7.8
PDF-XChange,CVE-2023-39503,3.3
PDF-XChange,CVE-2023-39504,3.3
PDF-XChange,CVE-2023-39501,7.8
PDF-XChange,CVE-2023-39490,7.8
PDF-XChange,CVE-2023-39492,7.8
PDF-XChange,CVE-2023-39491,7.8
PDF-XChange,CVE-2023-39494,7.8
PDF-XChange,CVE-2023-39493,7.8
PDF-XChange,CVE-2023-39496,7.8
PDF-XChange,CVE-2023-39489,7.8
PDF-XChange,CVE-2023-39488,7.8
PDF-XChange,CVE-2023-39487,3.3
PDF-XChange,CVE-2023-39486,7.8
PDF-XChange,CVE-2023-39485,7.8
PDF-XChange,CVE-2023-39484,3.3
PDF-XChange,CVE-2023-39483,3.3
Ivanti,CVE-2023-32566,7.3
Ivanti,CVE-2023-32565,7.3
Ivanti,CVE-2023-32564,7.2
Ivanti,CVE-2023-32563,9.8
Ivanti,CVE-2023-32562,7.2
Ivanti,CVE-2023-32561,8.1
Siemens,CVE-2023-39549,3.3
ESET,CVE-2023-3160,7.8
Schneider Electric,CVE-2023-1049,7.8
Microsoft,CVE-2023-35359,7.0
Adobe,CVE-2023-29320,7.8
Adobe,CVE-2023-26406,7.8
Adobe,CVE-2023-26408,7.8
Adobe,CVE-2023-26405,7.8
Adobe,CVE-2023-26405,5.3
Adobe,CVE-2023-26407,7.0
CODESYS,CVE-2023-3663,7.1
Fortinet,CVE-2022-43946,8.8
Schneider Electric,CVE-2023-3001,7.8
Adobe,CVE-2023-26361,4.9
Adobe,,7.8
Adobe,,7.8
Adobe,,7.8
Adobe,,7.8
Adobe,,3.3
Adobe,CVE-2023-38211,7.8
Adobe,CVE-2023-38212,7.8
Adobe,CVE-2023-38213,3.3
Adobe,CVE-2023-38233,7.8
Adobe,CVE-2023-38228,7.8
Adobe,CVE-2023-38231,7.8
Adobe,CVE-2023-38247,3.3
Adobe,CVE-2023-38234,7.8
Adobe,CVE-2023-38230,3.3
Adobe,CVE-2023-38235,3.3
Adobe,CVE-2023-38229,3.3
Adobe,CVE-2023-38232,3.3
Adobe,CVE-2023-38248,3.3
Adobe,CVE-2023-29303,3.3
Adobe,CVE-2023-38222,7.8
Adobe,CVE-2023-38243,3.3
Adobe,CVE-2023-38227,7.8
Adobe,CVE-2023-38226,7.8
Adobe,CVE-2023-38239,3.3
Adobe,CVE-2023-38225,7.8
Adobe,CVE-2023-38224,7.8
Adobe,CVE-2023-38223,7.8
Adobe,CVE-2023-38242,3.3
Adobe,CVE-2023-38241,3.3
Adobe,CVE-2023-38240,3.3
Adobe,CVE-2023-38237,3.3
Adobe,CVE-2023-38238,3.3
Adobe,CVE-2023-38236,3.3
Adobe,CVE-2023-38244,3.3
Microsoft,CVE-2023-36900,8.8
Microsoft,CVE-2023-35387,6.2
Softing,CVE-2023-27336,7.5
Softing,CVE-2023-39482,4.9
Softing,CVE-2023-39481,6.6
Softing,CVE-2023-39480,4.4
Softing,CVE-2023-39479,6.6
Softing,CVE-2023-39478,6.6
Softing,CVE-2023-38125,7.5
Softing,CVE-2023-38126,7.2
Softing,CVE-2023-27335,8.8
Microsoft,,4.4
Softing,CVE-2023-29377,6.6
Softing,CVE-2023-27334,7.5
Western Digital,,8.0
Western Digital,,8.0
Western Digital,,8.0
Inductive Automation,CVE-2023-39477,7.5
Inductive Automation,CVE-2023-39474,8.0
Inductive Automation,CVE-2023-39472,6.5
Inductive Automation,CVE-2023-39475,9.8
Inductive Automation,CVE-2023-39476,9.8
Inductive Automation,CVE-2023-39473,8.8
Microsoft,,9.9
VBASE,CVE-2022-46300,5.5
VBASE,CVE-2022-41696,5.5
VBASE,CVE-2022-43512,5.5
VBASE,CVE-2022-45121,5.5
VBASE,CVE-2022-45468,5.5
VBASE,CVE-2022-45876,5.5
VBASE,CVE-2022-46286,5.5
Triangle MicroWorks,CVE-2023-39468,7.2
Triangle MicroWorks,CVE-2023-39467,5.3
Triangle MicroWorks,CVE-2023-39466,5.3
Triangle MicroWorks,CVE-2023-39465,7.5
Triangle MicroWorks,CVE-2023-39464,7.2
Triangle MicroWorks,CVE-2023-39463,7.2
Triangle MicroWorks,CVE-2023-39462,6.5
Triangle MicroWorks,CVE-2023-39461,4.4
Triangle MicroWorks,CVE-2023-39460,7.2
Triangle MicroWorks,CVE-2023-39459,7.8
Triangle MicroWorks,CVE-2023-39458,5.3
Triangle MicroWorks,CVE-2023-39457,9.8
Siemens,CVE-2023-30985,3.3
Siemens,CVE-2023-30986,7.8
Siemens,CVE-2023-0973,7.8
Delta Electronics,CVE-2022-4634,7.8
Apple,CVE-2023-32358,8.8
Apple,CVE-2023-38421,3.3
Apple,CVE-2023-28198,4.3
Extreme Networks,CVE-2023-35803,8.8
CODESYS,CVE-2023-3670,7.3
Inductive Automation,CVE-2023-38124,7.2
Inductive Automation,CVE-2023-38123,7.5
Inductive Automation,CVE-2023-38122,7.2
Inductive Automation,CVE-2023-38121,8.3
PTC,CVE-2023-3825,7.5
Adtran,CVE-2023-38120,8.8
Canonical,CVE-2023-2640,7.8
GStreamer,CVE-2023-38104,8.8
GStreamer,CVE-2023-38103,8.8
SolarWinds,CVE-2023-33225,8.8
SolarWinds,CVE-2023-33224,8.8
SolarWinds,CVE-2023-23844,8.8
SolarWinds,CVE-2023-23843,8.8
SolarWinds,CVE-2023-23842,7.2
Trend Micro,CVE-2023-38627,9.1
Trend Micro,CVE-2023-38626,9.1
Trend Micro,CVE-2023-38625,9.1
Trend Micro,CVE-2023-38624,9.1
Foxit,CVE-2023-38119,7.8
Foxit,CVE-2023-38118,7.8
Foxit,CVE-2023-38117,7.8
Foxit,CVE-2023-38116,3.3
Foxit,CVE-2023-38115,3.3
Foxit,CVE-2023-38114,7.8
Foxit,CVE-2023-38113,3.3
Foxit,CVE-2023-38112,7.8
Foxit,CVE-2023-38111,7.8
Foxit,CVE-2023-38110,3.3
Foxit,CVE-2023-38109,3.3
Foxit,CVE-2023-38108,3.3
Foxit,CVE-2023-38107,7.8
Foxit,CVE-2023-38106,3.3
Foxit,CVE-2023-38105,3.3
Oracle,CVE-2023-22018,8.1
Linux,CVE-2023-3867,7.2
Linux,CVE-2023-3865,7.1
Linux,CVE-2023-3866,5.9
KeySight,CVE-2023-34394,7.8
KeySight,CVE-2023-34394,7.8
KeySight,CVE-2023-34394,7.8
KeySight,CVE-2023-36853,7.8
KeySight,CVE-2023-34394,7.8
Tesla,CVE-2023-32157,4.6
Tesla,CVE-2023-32156,9.0
Tesla,CVE-2023-32155,7.8
Sante,CVE-2023-35734,3.3
Kofax,CVE-2023-38091,7.8
Kofax,CVE-2023-38094,7.8
Kofax,CVE-2023-38093,7.8
Kofax,CVE-2023-38092,7.8
Kofax,CVE-2023-38090,7.8
Kofax,CVE-2023-38088,7.8
Kofax,CVE-2023-38087,7.8
Kofax,CVE-2023-38089,7.8
Kofax,CVE-2023-38083,7.8
Kofax,CVE-2023-38082,7.8
Kofax,CVE-2023-38081,7.8
Kofax,CVE-2023-38080,7.8
Kofax,CVE-2023-38079,7.8
Kofax,CVE-2023-38078,3.3
Kofax,CVE-2023-38077,3.3
Kofax,CVE-2023-37359,3.3
Kofax,CVE-2023-37358,3.3
Kofax,CVE-2023-37357,3.3
Kofax,CVE-2023-37356,3.3
Kofax,CVE-2023-37355,3.3
Kofax,CVE-2023-37354,7.8
Kofax,CVE-2023-37353,3.3
Kofax,CVE-2023-37352,3.3
Kofax,CVE-2023-37351,3.3
Kofax,CVE-2023-37350,7.8
Kofax,CVE-2023-37349,7.8
Kofax,CVE-2023-37348,7.8
Kofax,CVE-2023-37347,7.8
Kofax,CVE-2023-37346,7.8
Kofax,CVE-2023-37345,7.8
Kofax,CVE-2023-37344,7.8
Kofax,CVE-2023-37343,7.8
Kofax,CVE-2023-37342,7.8
Kofax,CVE-2023-37341,7.8
Kofax,CVE-2023-37340,7.8
Kofax,CVE-2023-37339,7.8
Kofax,CVE-2023-37338,7.8
Kofax,CVE-2023-37337,7.8
Kofax,CVE-2023-37336,7.8
Kofax,CVE-2023-37335,7.8
Kofax,CVE-2023-37334,7.8
Kofax,CVE-2023-37333,7.8
Kofax,CVE-2023-37332,7.8
Kofax,CVE-2023-37331,7.8
Kofax,CVE-2023-37330,7.8
Kofax,CVE-2023-38085,3.3
Kofax,CVE-2023-38084,7.8
Kofax,CVE-2023-38086,3.3
NETGEAR,CVE-2023-38095,8.8
NETGEAR,CVE-2023-38096,9.8
NETGEAR,CVE-2023-38097,7.2
NETGEAR,CVE-2023-38098,8.8
NETGEAR,CVE-2023-38099,8.8
NETGEAR,CVE-2023-38100,8.8
NETGEAR,CVE-2023-38101,7.2
NETGEAR,CVE-2023-38102,8.8
Microsoft,CVE-2023-32050,7.0
Dassault Systèmes,CVE-2023-2763,7.8
Dassault Systèmes,CVE-2023-2763,7.8
Dassault Systèmes,CVE-2023-2763,7.8
Dassault Systèmes,CVE-2023-2762,7.8
Dassault Systèmes,CVE-2023-2763,7.8
Siemens,CVE-2023-26495,3.3
Delta Electronics,CVE-2023-34347,9.8
Delta Electronics,CVE-2023-30765,8.8
Delta Electronics,CVE-2023-34316,6.5
GStreamer,CVE-2023-37327,7.6
GStreamer,CVE-2023-37329,8.8
GStreamer,CVE-2023-37328,8.8
Linux,CVE-2023-35001,7.8
Linux,CVE-2023-31248,7.8
Canonical,CVE-2023-1829,7.8
Progress Software,CVE-2023-36934,9.8
D-Link,CVE-2023-35718,8.8
TP-Link,CVE-2023-35717,8.8
NETGEAR,CVE-2023-35722,8.8
NETGEAR,CVE-2023-35721,8.1
D-Link,CVE-2023-35723,8.8
ManageEngine,CVE-2023-35719,6.8
Microsoft,CVE-2023-29539,8.8
Schneider Electric,CVE-2023-3001,7.8
Adobe,CVE-2023-21618,7.8
Microsoft,CVE-2023-29363,5.3
Microsoft,CVE-2023-29361,8.8
Microsoft,CVE-2023-29360,8.8
Microsoft,CVE-2023-24954,4.3
Microsoft,CVE-2023-24955,8.8
Microsoft,CVE-2023-29357,9.8
Microsoft,CVE-2023-32031,8.8
Microsoft,CVE-2023-28312,5.5
Ashlar-Vellum,CVE-2023-35716,7.8
Ashlar-Vellum,CVE-2023-35715,7.8
Ashlar-Vellum,CVE-2023-35714,7.8
Ashlar-Vellum,CVE-2023-35713,7.8
Ashlar-Vellum,CVE-2023-35712,7.8
Ashlar-Vellum,CVE-2023-35711,7.0
Ashlar-Vellum,CVE-2023-35710,7.8
Ashlar-Vellum,CVE-2023-35709,7.8
Ashlar-Vellum,CVE-2023-34311,7.8
Ashlar-Vellum,CVE-2023-34310,7.8
Ashlar-Vellum,CVE-2023-34309,7.8
Ashlar-Vellum,CVE-2023-34308,7.8
Ashlar-Vellum,CVE-2023-34307,7.8
Ashlar-Vellum,CVE-2023-34306,7.8
Ashlar-Vellum,CVE-2023-34305,7.0
Ashlar-Vellum,CVE-2023-34304,7.8
Ashlar-Vellum,CVE-2023-34303,7.8
Ashlar-Vellum,CVE-2023-34302,7.8
Ashlar-Vellum,CVE-2023-34301,7.8
Ashlar-Vellum,CVE-2023-34300,7.8
Ashlar-Vellum,CVE-2023-34299,7.8
Pulse Secure,CVE-2023-34298,7.8
Trend Micro,CVE-2023-32535,6.1
Sante,CVE-2023-34297,7.8
Sante,CVE-2023-34296,7.8
Sante,CVE-2023-34295,7.8
Sante,CVE-2023-34294,3.3
Western Digital,CVE-2022-29842,7.5
Western Digital,CVE-2022-36326,6.5
Western Digital,CVE-2022-29840,7.3
Western Digital,CVE-2022-29841,8.8
Western Digital,CVE-2022-36328,8.8
Western Digital,CVE-2022-36331,8.8
Western Digital,CVE-2022-36331,7.5
Apple,CVE-2023-32413,7.8
Apple,CVE-2023-32375,3.3
Samsung,,8.8
VMware,CVE-2023-20889,6.5
VMware,CVE-2023-20888,8.8
VMware,CVE-2023-20887,9.8
NETGEAR,CVE-2023-34285,8.8
NETGEAR,CVE-2023-34284,6.3
NETGEAR,CVE-2023-34283,4.6
Trend Micro,CVE-2023-34145,7.8
Trend Micro,CVE-2023-34144,7.8
Trend Micro,CVE-2023-34148,7.8
Trend Micro,CVE-2023-34147,7.8
Trend Micro,CVE-2023-34146,7.8
Ashlar-Vellum,CVE-2023-34293,7.0
Ashlar-Vellum,CVE-2023-34292,7.8
Ashlar-Vellum,CVE-2023-34291,7.8
Ashlar-Vellum,CVE-2023-34290,7.8
Ashlar-Vellum,CVE-2023-34289,7.8
Ashlar-Vellum,CVE-2023-34288,7.0
Ashlar-Vellum,CVE-2023-34287,7.8
Ashlar-Vellum,CVE-2023-34286,7.8
Fuji Electric,CVE-2022-3087,7.8
Fuji Electric,CVE-2022-3087,7.8
Fuji Electric,CVE-2022-3085,7.8
Fuji Electric,CVE-2022-3087,7.8
Fuji Electric,CVE-2022-3087,7.8
ZTE,CVE-2023-25649,6.8
Delta Electronics,CVE-2023-25177,7.8
Delta Electronics,CVE-2023-25177,7.8
Delta Electronics,CVE-2023-25177,7.8
Delta Electronics,CVE-2023-25177,7.8
Delta Electronics,CVE-2023-25177,7.8
Delta Electronics,CVE-2023-25177,7.8
Delta Electronics,CVE-2023-24014,7.8
Delta Electronics,CVE-2023-25177,7.8
Delta Electronics,CVE-2023-25177,7.8
Delta Electronics,CVE-2023-25177,7.8
Delta Electronics,CVE-2023-25177,7.8
Delta Electronics,CVE-2023-25177,7.8
Delta Electronics,CVE-2023-25177,7.8
Delta Electronics,CVE-2023-25177,7.8
Delta Electronics,CVE-2023-25177,7.8
Delta Electronics,CVE-2023-25177,7.8
Delta Electronics,CVE-2023-25177,7.8
Delta Electronics,CVE-2023-25177,7.8
Delta Electronics,CVE-2023-25177,7.8
Delta Electronics,CVE-2023-25177,7.8
Delta Electronics,CVE-2023-25177,7.8
Delta Electronics,CVE-2023-25177,7.8
Delta Electronics,CVE-2023-25177,7.8
Delta Electronics,CVE-2023-25177,7.8
Delta Electronics,CVE-2023-25177,7.8
Delta Electronics,CVE-2023-25177,7.8
Delta Electronics,CVE-2023-25177,7.8
Delta Electronics,CVE-2023-25177,7.8
Delta Electronics,CVE-2023-25177,7.8
Delta Electronics,CVE-2023-25177,7.8
Delta Electronics,CVE-2023-25177,7.8
Delta Electronics,CVE-2023-25177,7.8
Delta Electronics,CVE-2023-25177,7.8
Delta Electronics,CVE-2023-25177,7.8
Delta Electronics,CVE-2023-25177,7.8
Delta Electronics,CVE-2023-25177,7.8
Delta Electronics,CVE-2023-25177,7.8
Unified Automation,CVE-2023-32174,9.1
Unified Automation,CVE-2023-32173,5.8
Prosys OPC,CVE-2023-32787,7.5
Unified Automation,CVE-2023-32172,6.5
Unified Automation,CVE-2023-32171,6.5
Unified Automation,CVE-2023-32170,6.5
Samsung,CVE-2023-21516,8.8
Samsung,CVE-2023-21514,8.8
Samsung,CVE-2023-21515,8.8
Fatek Automation,CVE-2023-34273,7.8
Fatek Automation,CVE-2023-34272,7.8
Fatek Automation,CVE-2023-34271,7.8
Fatek Automation,CVE-2023-34270,7.8
Fatek Automation,CVE-2023-34269,7.8
Fatek Automation,CVE-2023-34268,7.8
Fatek Automation,CVE-2023-34267,7.8
Fatek Automation,CVE-2023-34266,7.8
Fatek Automation,CVE-2023-34265,7.8
Fatek Automation,CVE-2023-34264,7.8
Fatek Automation,CVE-2023-34263,7.8
Fatek Automation,CVE-2023-34262,7.8
VIPRE,CVE-2023-32179,7.8
VIPRE,CVE-2023-32178,7.8
VIPRE,CVE-2023-32177,7.8
VIPRE,CVE-2023-32176,7.8
VIPRE,CVE-2023-32175,7.8
Microsoft,CVE-2023-27911,7.8
Microsoft,,3.3
SAP,CVE-2022-41211,7.8
SAP,CVE-2022-41211,7.8
SAP,CVE-2022-41211,7.8
SAP,CVE-2022-41211,7.8
SAP,CVE-2022-41211,7.8
SAP,CVE-2022-32240,7.8
SAP,CVE-2022-26107,7.8
SAP,CVE-2022-32235,7.8
SAP,CVE-2022-35299,8.1
Unified Automation,,7.5
Wacom,CVE-2023-32163,7.8
Wacom,CVE-2023-32162,7.8
Adobe,CVE-2022-44515,3.3
Adobe,CVE-2022-44514,7.8
Adobe,CVE-2022-44513,7.8
Adobe,CVE-2022-44512,7.8
Adobe,CVE-2022-44520,7.8
Adobe,CVE-2022-44519,3.3
Adobe,CVE-2022-44518,7.8
Adobe,CVE-2022-44517,3.3
Adobe,CVE-2022-44516,3.3
Adobe,,7.8
Adobe,,7.8
Adobe,,7.8
Adobe,,3.3
Adobe,,7.8
Trend Micro,CVE-2023-32533,6.1
Trend Micro,CVE-2023-32534,6.1
Trend Micro,CVE-2023-32531,6.1
Trend Micro,CVE-2023-32532,6.1
Microsoft,CVE-2022-34691,8.4
Moxa,CVE-2023-33235,7.2
Moxa,CVE-2023-33236,9.8
D-Link,CVE-2023-32168,8.8
D-Link,CVE-2023-32167,6.5
D-Link,CVE-2023-32166,8.1
D-Link,CVE-2023-32165,9.8
D-Link,CVE-2023-32164,7.5
D-Link,CVE-2023-32169,9.8
Samba,CVE-2022-32742,5.9
Autodesk,CVE-2023-27908,7.8
Canon,CVE-2023-0852,8.8
Mikrotik,CVE-2023-32154,7.5
Prosys OPC,CVE-2023-32787,7.5
Linux,CVE-2023-33952,8.2
Linux,CVE-2023-33951,6.7
Linux,CVE-2023-32258,8.1
Linux,CVE-2023-32257,8.1
Linux,CVE-2023-32256,7.5
Linux,CVE-2023-32255,5.3
Linux,CVE-2023-32254,9.8
Linux,CVE-2023-32253,5.9
Linux,CVE-2023-32252,7.5
Linux,CVE-2023-32251,3.7
Linux,CVE-2023-32250,9.0
Linux,CVE-2023-32249,6.5
Linux,CVE-2023-32248,7.5
Linux,CVE-2023-32247,7.5
Linux,CVE-2023-32246,5.0
Linux,CVE-2023-2593,5.9
Linux,CVE-2023-2860,4.4
Canonical,,7.5
Canonical,,9.8
Canonical,,7.5
Canonical,,8.1
Canonical,,9.8
Delta Electronics,CVE-2023-1135,7.8
Delta Electronics,CVE-2023-1137,6.5
Delta Electronics,CVE-2023-1141,8.8
Delta Electronics,CVE-2023-1133,9.8
Delta Electronics,CVE-2023-1142,7.5
Delta Electronics,CVE-2023-1145,9.8
Delta Electronics,CVE-2023-1139,9.8
Delta Electronics,CVE-2023-1136,9.8
Delta Electronics,CVE-2023-1134,7.1
Delta Electronics,CVE-2023-1134,6.5
Delta Electronics,CVE-2023-1143,8.8
Delta Electronics,CVE-2023-1144,8.8
Delta Electronics,CVE-2023-1140,9.8
Delta Electronics,CVE-2023-1138,7.5
Delta Electronics,CVE-2023-1133,9.8
Delta Electronics,CVE-2022-2969,8.1
Lexmark,CVE-2023-26067,7.8
Lexmark,CVE-2023-26069,8.8
Lexmark,CVE-2023-26067,8.8
Lexmark,CVE-2023-26067,7.8
Lexmark,CVE-2023-26066,8.8
Lexmark,CVE-2023-26065,8.8
Lexmark,CVE-2023-26064,8.8
Lexmark,CVE-2023-26063,8.8
Synology,CVE-2023-32955,7.5
Synology,CVE-2022-43932,8.8
Synology,CVE-2022-45188,8.8
Synology,CVE-2022-45188,6.5
Synology,CVE-2022-45188,8.8
Trend Micro,CVE-2023-32554,7.8
Trend Micro,CVE-2023-32555,7.8
Trend Micro,CVE-2023-32552,6.5
Trend Micro,CVE-2023-32530,7.2
Trend Micro,CVE-2023-32553,6.5
Trend Micro,CVE-2023-32529,7.2
Trend Micro,CVE-2023-32556,5.5
Apple,CVE-2023-23519,3.3
Apple,CVE-2023-27929,3.3
Apple,CVE-2022-42798,3.3
Apple,CVE-2022-32922,8.8
Apple,CVE-2022-32912,4.3
Apple,CVE-2022-32797,3.3
Apple,CVE-2023-27938,3.3
PDF-XChange,CVE-2023-32161,7.8
PDF-XChange,CVE-2023-32160,7.8
PDF-XChange,CVE-2023-32159,7.8
PDF-XChange,CVE-2023-32158,7.8
Schneider Electric,CVE-2022-42972,7.8
Schneider Electric,CVE-2022-42973,7.8
Schneider Electric,CVE-2022-42971,9.8
Schneider Electric,CVE-2022-42970,9.8
Microsoft,CVE-2022-44697,6.5
Omron,CVE-2022-43509,7.8
D-Link,CVE-2023-34281,6.8
D-Link,CVE-2023-34276,6.8
D-Link,CVE-2023-34275,6.8
D-Link,CVE-2023-34279,6.8
D-Link,CVE-2023-34280,6.8
D-Link,CVE-2023-34282,8.8
D-Link,CVE-2023-34274,8.8
D-Link,CVE-2023-34278,6.8
D-Link,CVE-2023-34277,6.8
Adobe,,3.3
Adobe,,3.3
Adobe,,7.8
Adobe,,7.8
Adobe,,7.8
Adobe,,7.8
Adobe,,7.8
Adobe,,7.8
Adobe,,7.8
Adobe,,7.8
Adobe,,7.8
Adobe,,7.8
Rockwell Automation,CVE-2023-29461,7.8
Rockwell Automation,CVE-2023-29462,7.8
Rockwell Automation,CVE-2023-29460,7.8
Adobe,,3.3
Adobe,,7.8
Adobe,,7.8
Adobe,,7.8
Adobe,,7.8
Adobe,,7.8
Adobe,,7.8
Adobe,,7.8
Adobe,,7.8
Adobe,,3.3
Adobe,,7.8
Adobe,,3.3
Adobe,,7.8
Adobe,,7.8
Adobe,,7.8
Adobe,,7.8
Adobe,,7.8
Adobe,,3.3
Trend Micro,CVE-2023-32528,7.5
Trend Micro,CVE-2023-32527,7.5
Trend Micro,CVE-2023-32525,6.5
Trend Micro,CVE-2023-32524,9.8
Trend Micro,CVE-2023-32523,9.8
Trend Micro,CVE-2023-32526,6.5
Autodesk,CVE-2023-25001,7.8
Autodesk,CVE-2023-25009,7.8
Autodesk,CVE-2023-25008,3.3
Autodesk,CVE-2023-25007,3.3
Autodesk,CVE-2023-25008,3.3
Autodesk,CVE-2023-25006,7.8
Autodesk,CVE-2023-25006,7.8
Autodesk,CVE-2023-25008,3.3
Autodesk,CVE-2023-25008,3.3
Autodesk,CVE-2023-25001,7.8
Autodesk,CVE-2023-25001,7.8
Autodesk,CVE-2023-25001,3.3
Microsoft,CVE-2023-24949,6.5
Microsoft,,3.3
Microsoft,CVE-2023-24950,8.0
Adobe,CVE-2023-29277,3.3
Adobe,CVE-2023-29278,3.3
Adobe,CVE-2023-29280,3.3
Adobe,CVE-2023-29279,3.3
Adobe,CVE-2023-29286,3.3
Adobe,CVE-2023-29282,7.8
Adobe,CVE-2023-29285,7.8
Adobe,CVE-2023-29283,7.8
Adobe,CVE-2023-29276,7.8
Adobe,CVE-2023-29275,7.8
Adobe,CVE-2023-29281,7.8
Adobe,CVE-2023-29284,7.8
Adobe,CVE-2023-29274,7.8
Adobe,CVE-2023-29273,7.8
Canon,CVE-2023-0856,8.8
Canon,CVE-2023-0855,8.8
Canon,CVE-2023-0854,8.8
Canon,CVE-2023-0853,8.8
Canon,CVE-2023-0852,8.8
Canon,CVE-2023-0851,8.8
Canon,CVE-2023-0851,8.8
Canon,CVE-2023-0851,8.8
OPC Foundation,CVE-2023-27321,7.5
Linux,CVE-2023-2156,7.5
Microsoft,CVE-2022-29108,8.8
D-Link,CVE-2023-32153,6.8
D-Link,CVE-2023-32152,6.5
D-Link,CVE-2023-32151,6.8
D-Link,CVE-2023-32150,6.8
D-Link,CVE-2023-32149,8.8
D-Link,CVE-2023-32148,6.5
D-Link,CVE-2023-32147,6.8
D-Link,CVE-2023-32146,8.8
D-Link,CVE-2023-32145,8.8
D-Link,CVE-2023-32144,8.8
D-Link,CVE-2023-32143,8.8
D-Link,CVE-2023-32142,8.8
D-Link,CVE-2023-32141,8.8
D-Link,CVE-2023-32140,7.5
D-Link,CVE-2023-32139,8.8
D-Link,CVE-2023-32138,7.5
D-Link,CVE-2023-32137,4.3
D-Link,CVE-2023-32136,8.8
Sante,CVE-2023-32135,3.3
Sante,CVE-2023-32134,7.8
Sante,CVE-2023-32133,7.8
Sante,CVE-2023-32132,7.8
Sante,CVE-2023-32131,7.8
VMware,CVE-2023-20869,8.2
VMware,CVE-2023-20870,6.0
Delta Electronics,CVE-2023-0249,7.8
Delta Electronics,CVE-2023-0250,7.8
Delta Electronics,CVE-2023-0251,7.8
Delta Electronics,CVE-2023-0250,7.8
Delta Electronics,CVE-2023-0250,7.8
Delta Electronics,CVE-2023-0250,7.8
Delta Electronics,CVE-2023-0251,7.8
Delta Electronics,CVE-2023-0249,7.8
Delta Electronics,CVE-2023-0250,7.8
Delta Electronics,CVE-2023-0251,7.8
Delta Electronics,CVE-2023-0250,7.8
Delta Electronics,CVE-2023-0250,7.8
Delta Electronics,CVE-2023-0250,7.8
Delta Electronics,CVE-2023-0250,7.8
Delta Electronics,CVE-2023-0250,7.8
Delta Electronics,CVE-2023-0250,7.8
Delta Electronics,CVE-2023-0250,7.8
NETGEAR,CVE-2023-27356,6.8
NETGEAR,CVE-2023-27358,8.8
NETGEAR,CVE-2023-27370,5.7
NETGEAR,CVE-2023-27369,8.8
NETGEAR,CVE-2023-27368,8.8
NETGEAR,CVE-2023-27367,8.0
NETGEAR,CVE-2023-27357,6.5
NETGEAR,CVE-2023-27360,7.5
NETGEAR,CVE-2023-27361,6.8
Foxit,CVE-2023-27366,7.8
Foxit,CVE-2023-27365,7.8
Foxit,CVE-2023-27364,7.8
Foxit,CVE-2023-27363,7.8
KeySight,CVE-2023-1967,9.8
KeySight,CVE-2023-1399,7.8
Oracle,CVE-2023-21893,6.8
Oracle,CVE-2023-21987,8.2
Oracle,CVE-2023-21988,6.0
Oracle,CVE-2023-21990,8.2
Oracle,CVE-2023-21989,6.0
Oracle,CVE-2023-21991,6.0
VMware,CVE-2023-20864,9.8
Microsoft,CVE-2022-26804,7.8
Microsoft,,7.8
Microsoft,,7.8
Microsoft,CVE-2022-44692,7.8
Microsoft,CVE-2022-44692,7.8
Microsoft,CVE-2022-44697,6.5
Microsoft,CVE-2022-44697,6.5
Microsoft,CVE-2022-44697,6.5
Microsoft,CVE-2022-44697,6.5
Microsoft,CVE-2022-44697,6.5
Microsoft,CVE-2022-44697,6.5
Microsoft,CVE-2022-44697,6.5
Microsoft,CVE-2022-44697,6.5
Microsoft,CVE-2022-44697,6.5
Microsoft,CVE-2022-44697,6.5
Microsoft,CVE-2022-44697,6.5
Microsoft,CVE-2022-44697,6.5
Microsoft,CVE-2022-44697,6.5
Microsoft,CVE-2022-44697,6.5
Microsoft,CVE-2022-24542,8.8
Microsoft,CVE-2022-24542,8.8
Microsoft,CVE-2022-24542,8.8
Microsoft,CVE-2022-24542,8.8
SolarWinds,CVE-2022-47505,7.8
SolarWinds,CVE-2022-36963,8.8
Ivanti,CVE-2023-28128,7.2
Ivanti,CVE-2023-28127,6.5
Ivanti,CVE-2023-28126,8.8
Ivanti,CVE-2023-28125,8.0
TP-Link,CVE-2023-27359,9.8
TP-Link,CVE-2023-1389,8.8
Triangle MicroWorks,CVE-2022-0369,7.2
Sonos,CVE-2023-27355,8.8
Sonos,CVE-2023-27353,5.4
Sonos,CVE-2023-27352,8.8
Sonos,CVE-2023-27354,5.4
Schneider Electric,CVE-2023-29412,9.8
Schneider Electric,CVE-2023-29411,9.8
Schneider Electric,CVE-2023-29413,7.5
Linux,CVE-2023-2019,5.3
Linux,CVE-2023-2008,8.2
Linux,CVE-2023-2007,6.7
Linux,CVE-2023-2006,8.8
ManageEngine,CVE-2023-29084,7.2
ManageEngine,CVE-2023-28342,7.5
Adobe,CVE-2023-21577,3.3
Adobe,CVE-2023-26424,7.8
Adobe,CVE-2023-26417,7.8
Adobe,CVE-2023-26422,7.8
Adobe,CVE-2023-26423,7.8
Adobe,CVE-2023-26420,7.8
Adobe,CVE-2023-26421,7.8
Adobe,CVE-2023-26419,7.8
Adobe,CVE-2023-26418,7.8
Adobe,CVE-2023-26425,7.8
Adobe,CVE-2023-26416,7.8
Adobe,CVE-2023-26415,7.8
Adobe,CVE-2023-26413,7.8
Adobe,CVE-2023-26411,7.8
Adobe,CVE-2023-26403,3.3
Adobe,CVE-2023-26389,7.8
Adobe,CVE-2023-26391,7.8
Adobe,CVE-2023-26390,7.8
Adobe,CVE-2023-26402,7.8
Adobe,CVE-2023-26394,7.8
Adobe,CVE-2023-26392,7.8
Adobe,CVE-2023-26393,7.8
Adobe,CVE-2023-26388,7.8
Adobe,CVE-2023-26384,7.8
Adobe,CVE-2023-26385,3.3
Adobe,CVE-2023-26386,3.3
Adobe,CVE-2023-26383,7.8
Adobe,CVE-2023-26410,7.8
Adobe,CVE-2023-26387,3.3
Adobe,CVE-2023-26414,7.8
Adobe,CVE-2023-26412,7.8
Adobe,CVE-2023-26409,7.8
Adobe,CVE-2023-26398,7.8
Adobe,CVE-2023-26375,3.3
Adobe,CVE-2023-26372,7.8
Adobe,CVE-2023-26401,3.3
Adobe,CVE-2023-26404,3.3
Adobe,CVE-2023-26379,3.3
Adobe,CVE-2023-26400,3.3
Adobe,CVE-2023-26378,3.3
Adobe,CVE-2023-26382,3.3
Adobe,CVE-2023-26376,3.3
Adobe,CVE-2023-26377,3.3
Adobe,CVE-2023-26380,3.3
Adobe,CVE-2023-26381,3.3
Adobe,CVE-2023-26374,7.8
Adobe,CVE-2023-21582,7.8
Autodesk,CVE-2023-25010,3.3
Autodesk,CVE-2023-27906,7.8
Autodesk,CVE-2023-27907,7.8
BlueZ,CVE-2023-27349,7.1
Microsoft,CVE-2023-28285,7.8
Microsoft,CVE-2023-28311,7.8
Microsoft,CVE-2023-28227,7.6
Microsoft,CVE-2023-28288,7.1
Microsoft,CVE-2023-28267,4.3
Microsoft,CVE-2023-28312,6.5
G DATA,CVE-2023-27347,7.8
Microsoft,CVE-2023-21758,5.3
TP-Link,CVE-2023-27346,8.8
Microsoft,,3.3
Microsoft,,3.3
Microsoft,,6.6
Microsoft,,6.6
Microsoft,,3.3
Microsoft,,3.3
Microsoft,CVE-2023-23378,3.3
Microsoft,CVE-2023-23378,6.6
Microsoft,CVE-2023-23390,6.6
Microsoft,CVE-2023-23378,6.6
Microsoft,CVE-2023-21782,5.3
Microsoft,CVE-2023-21780,3.3
Microsoft,,6.6
Microsoft,,3.3
Microsoft,,3.3
Microsoft,,6.6
Microsoft,,6.6
X.Org,CVE-2023-1393,7.8
PDF-XChange,CVE-2023-27348,7.8
PDF-XChange,CVE-2023-27345,7.8
PDF-XChange,CVE-2023-27344,7.8
PDF-XChange,CVE-2023-27343,7.8
PDF-XChange,CVE-2023-27342,7.8
PDF-XChange,CVE-2023-27341,7.8
PDF-XChange,CVE-2023-27340,7.8
PDF-XChange,CVE-2023-27339,7.8
PDF-XChange,CVE-2023-27338,3.3
PDF-XChange,CVE-2023-27337,7.8
Bentley,CVE-2022-43653,7.8
Bentley,CVE-2022-43652,3.3
Bentley,CVE-2022-43651,7.8
Bentley,CVE-2022-43656,3.3
Bentley,CVE-2022-43655,7.8
ICONICS,CVE-2022-33320,7.8
ICONICS,CVE-2022-40264,7.8
Schneider Electric,CVE-2023-27984,7.8
Schneider Electric,CVE-2023-27983,6.5
Schneider Electric,CVE-2023-27980,8.1
Schneider Electric,CVE-2023-27981,7.8
Schneider Electric,CVE-2023-27982,8.1
Schneider Electric,CVE-2023-27979,6.5
Schneider Electric,CVE-2023-27977,6.5
Schneider Electric,CVE-2023-27978,7.8
Siemens,CVE-2023-27406,7.8
Siemens,CVE-2023-27403,7.8
Siemens,CVE-2023-27405,7.8
Siemens,CVE-2023-27404,7.8
Siemens,CVE-2023-27403,7.8
Siemens,CVE-2023-27401,7.8
Siemens,CVE-2023-27402,7.8
Siemens,CVE-2023-27401,7.8
Siemens,CVE-2023-27398,7.8
Siemens,CVE-2023-27400,7.8
Siemens,CVE-2023-27399,7.8
Siemens,CVE-2023-27399,7.8
Adobe,CVE-2023-26356,3.3
Adobe,CVE-2023-26355,3.3
Adobe,CVE-2023-26354,3.3
Adobe,CVE-2023-26353,3.3
Adobe,CVE-2023-26352,3.3
Adobe,CVE-2023-26351,3.3
Adobe,CVE-2023-26350,3.3
Adobe,CVE-2023-26349,3.3
Adobe,CVE-2023-26348,3.3
Adobe,CVE-2023-26346,3.3
Adobe,CVE-2023-26345,3.3
Adobe,CVE-2023-26344,3.3
Adobe,CVE-2023-26343,3.3
Adobe,CVE-2023-26342,3.3
Adobe,CVE-2023-26341,3.3
Adobe,CVE-2023-26340,3.3
Adobe,CVE-2023-26339,3.3
Adobe,CVE-2023-26338,3.3
Adobe,CVE-2023-26337,7.8
Adobe,CVE-2023-26336,7.8
Adobe,CVE-2023-26335,7.8
Adobe,CVE-2023-26334,3.3
Adobe,CVE-2023-26333,7.8
Adobe,CVE-2023-26332,3.3
Adobe,CVE-2023-26331,3.3
Adobe,CVE-2023-26330,7.8
Adobe,CVE-2023-26329,3.3
Adobe,CVE-2023-26328,7.8
Adobe,CVE-2023-26327,3.3
Adobe,CVE-2023-25907,7.8
Adobe,CVE-2023-25906,7.8
Adobe,CVE-2023-25902,7.8
Adobe,CVE-2023-25901,7.8
Adobe,CVE-2023-25900,7.8
Adobe,CVE-2023-25899,7.8
Adobe,CVE-2023-25898,7.8
Adobe,CVE-2023-25897,7.8
Adobe,CVE-2023-25896,7.8
Adobe,CVE-2023-25895,7.8
Adobe,CVE-2023-25894,7.8
Adobe,CVE-2023-25893,7.8
Adobe,CVE-2023-25892,7.8
Adobe,CVE-2023-25891,7.8
Adobe,CVE-2023-25890,7.8
Adobe,CVE-2023-25889,7.8
Adobe,CVE-2023-25888,7.8
Adobe,CVE-2023-25887,7.8
Adobe,CVE-2023-25886,7.8
Adobe,CVE-2023-25885,7.8
Adobe,CVE-2023-25884,7.8
Adobe,CVE-2023-25883,7.8
Adobe,CVE-2023-25882,7.8
Adobe,CVE-2023-25881,7.8
Adobe,CVE-2023-25880,7.8
Adobe,CVE-2023-25879,7.8
Adobe,CVE-2023-25905,7.8
Adobe,CVE-2023-25872,7.8
Adobe,CVE-2023-25871,7.8
Adobe,CVE-2023-25878,3.3
Adobe,CVE-2023-25877,3.3
Adobe,CVE-2023-25876,3.3
Adobe,CVE-2023-25875,3.3
Adobe,CVE-2023-25874,7.8
Adobe,CVE-2023-25873,7.8
Adobe,CVE-2023-25870,7.8
Adobe,CVE-2023-25869,7.8
Adobe,CVE-2023-25868,7.8
Adobe,CVE-2023-25867,7.8
Adobe,CVE-2023-25866,7.8
Adobe,CVE-2023-25865,7.8
Adobe,CVE-2023-25864,7.8
Adobe,CVE-2023-25863,7.8
Adobe,CVE-2023-25862,3.3
Adobe,CVE-2023-25861,7.8
Adobe,CVE-2023-25860,7.8
Adobe,CVE-2023-25859,7.8
TP-Link,CVE-2023-27332,8.8
TP-Link,CVE-2023-27333,6.8
Microsoft,CVE-2023-24861,8.8
Microsoft,CVE-2023-23410,7.8
Oracle,CVE-2023-21838,5.9
Unity Technologies,,7.8
Unity Technologies,,7.8
Unity Technologies,,7.8
Unity Technologies,,3.3
Unity Technologies,,7.8
Unity Technologies,,7.8
Microsoft,CVE-2023-23378,6.6
PaperCut,CVE-2023-27350,9.8
PaperCut,CVE-2023-27351,8.2
Trend Micro,CVE-2023-25069,8.3
ManageEngine,CVE-2023-26601,6.5
ManageEngine,CVE-2023-26600,8.8
Ivanti,CVE-2022-44574,9.8
Foxit,CVE-2023-27329,7.8
Foxit,CVE-2023-27330,7.8
Foxit,CVE-2023-27331,7.8
Omron,CVE-2022-3397,7.8
Omron,CVE-2022-3396,7.8
Omron,CVE-2022-3398,7.8
Parallels,CVE-2023-27326,8.2
Parallels,CVE-2023-27328,7.8
Parallels,CVE-2023-27325,7.8
Parallels,CVE-2023-27324,7.8
Parallels,CVE-2023-27323,7.8
Parallels,CVE-2023-27322,7.8
Parallels,CVE-2023-27327,7.5
NETGEAR,CVE-2022-43654,8.8
SolarWinds,CVE-2022-47503,8.8
Open Design Alliance (ODA),CVE-2021-43336,7.8
Siemens,CVE-2021-43391,7.8
Siemens,CVE-2021-43336,7.8
Siemens,CVE-2021-43336,7.8
Siemens,CVE-2021-32948,7.8
Siemens,CVE-2021-32938,7.8
Siemens,CVE-2021-32936,7.8
Siemens,CVE-2023-22670,7.8
Siemens,CVE-2023-22669,7.8
Siemens,CVE-2023-22354,3.3
Siemens,CVE-2023-23579,7.8
Siemens,CVE-2023-24993,7.8
Siemens,CVE-2023-24992,7.8
Siemens,CVE-2023-24991,7.8
Siemens,CVE-2023-24990,7.8
Siemens,CVE-2023-24989,7.8
Siemens,CVE-2023-24988,7.8
Siemens,CVE-2023-24987,7.8
Siemens,CVE-2023-24986,7.8
Siemens,CVE-2023-24985,7.8
Siemens,CVE-2023-24984,7.8
Siemens,CVE-2023-24983,7.8
Siemens,CVE-2023-24982,7.8
Siemens,CVE-2023-24981,7.8
Siemens,CVE-2023-24980,7.8
Siemens,CVE-2023-24979,7.8
Siemens,CVE-2023-24978,7.8
Siemens,CVE-2023-24996,7.8
Siemens,CVE-2023-24995,7.8
Siemens,CVE-2023-24994,7.8
Siemens,CVE-2023-24566,3.3
Siemens,CVE-2023-24564,7.8
Siemens,CVE-2023-24581,7.8
Siemens,CVE-2023-24565,7.8
Siemens,CVE-2023-22321,3.3
Siemens,CVE-2023-22846,3.3
Siemens,CVE-2023-22295,3.3
Oracle,CVE-2023-21890,9.8
Trend Micro,CVE-2023-25145,7.8
Trend Micro,CVE-2023-25148,7.8
Trend Micro,CVE-2023-25146,7.8
Trend Micro,CVE-2023-25144,7.8
SolarWinds,CVE-2023-23836,8.8
SolarWinds,CVE-2022-47507,8.8
SolarWinds,CVE-2022-47506,9.8
SolarWinds,CVE-2022-38111,7.2
SolarWinds,CVE-2022-47504,8.8
Microsoft,CVE-2023-21802,7.8
Microsoft,CVE-2023-21805,7.8
Microsoft,CVE-2023-21822,8.8
Microsoft,CVE-2023-21529,8.8
Microsoft,CVE-2023-23382,6.5
Microsoft,CVE-2023-23378,6.6
Microsoft,CVE-2023-23390,6.6
Microsoft,CVE-2023-23377,6.6
Open Design Alliance (ODA),CVE-2021-44045,7.8
Adobe,CVE-2023-22229,7.8
Adobe,CVE-2023-21575,7.8
Adobe,CVE-2023-21622,7.8
Adobe,CVE-2023-22238,7.8
Adobe,CVE-2023-21578,3.3
Adobe,CVE-2023-21576,7.8
Adobe,CVE-2023-22237,7.8
Adobe,CVE-2023-21574,7.8
Adobe,CVE-2023-22228,7.8
Adobe,CVE-2023-22239,7.8
Adobe,CVE-2023-22231,3.3
Adobe,CVE-2023-22227,7.8
Adobe,CVE-2023-21621,7.8
Adobe,CVE-2023-21620,3.3
Adobe,CVE-2023-21619,7.8
Adobe,CVE-2023-21584,3.3
Adobe,CVE-2023-21583,3.3
Adobe,CVE-2023-22233,3.3
Open Design Alliance (ODA),CVE-2023-22669,7.8
Open Design Alliance (ODA),CVE-2021-43391,7.8
Open Design Alliance (ODA),CVE-2021-32950,3.3
Open Design Alliance (ODA),CVE-2021-32938,3.3
Open Design Alliance (ODA),CVE-2021-32940,3.3
Open Design Alliance (ODA),CVE-2021-43582,3.3
Open Design Alliance (ODA),CVE-2021-32944,7.8
Open Design Alliance (ODA),CVE-2021-32944,7.8
Open Design Alliance (ODA),CVE-2021-32946,7.8
Open Design Alliance (ODA),CVE-2021-32938,7.8
Open Design Alliance (ODA),CVE-2021-32948,7.8
Open Design Alliance (ODA),CVE-2021-43336,7.8
Open Design Alliance (ODA),CVE-2021-43336,7.8
Open Design Alliance (ODA),CVE-2021-43336,7.8
Open Design Alliance (ODA),CVE-2023-22670,7.8
Open Design Alliance (ODA),CVE-2021-32952,7.8
Open Design Alliance (ODA),CVE-2021-43273,7.8
Open Design Alliance (ODA),CVE-2021-32948,7.8
Open Design Alliance (ODA),CVE-2021-32940,7.8
Oracle,CVE-2023-21886,8.1
Oracle,CVE-2023-21838,9.8
VMware,CVE-2022-31704,8.1
VMware,CVE-2022-31711,7.5
VMware,CVE-2022-31706,9.8
VMware,CVE-2022-31710,7.5
Microsoft,CVE-2023-21532,8.8
Western Digital,CVE-2022-29844,8.8
Western Digital,CVE-2022-29843,7.5
Adobe,CVE-2023-22240,7.8
Adobe,CVE-2023-22241,7.8
Adobe,CVE-2023-22242,7.8
Ubiquiti Networks,CVE-2023-23912,7.5
Autodesk,CVE-2022-42947,7.8
Autodesk,CVE-2022-42947,7.8
Autodesk,CVE-2022-42946,7.8
Autodesk,CVE-2022-42946,7.8
Autodesk,CVE-2022-42946,7.8
Autodesk,CVE-2022-42946,7.8
Autodesk,CVE-2022-33886,7.8
Autodesk,CVE-2022-42946,7.8
X.Org,CVE-2023-0494,7.8
Microsoft,,6.8
Microsoft,,6.5
Microsoft,,6.5
Netatalk,CVE-2022-43634,9.8
Cacti,CVE-2022-46169,9.8
RARLAB,CVE-2022-43650,2.5
Foxit,CVE-2022-43649,7.8
Siemens,CVE-2021-44014,7.8
Siemens,CVE-2022-47935,7.8
Siemens,CVE-2021-44002,7.8
Siemens,CVE-2021-44002,7.8
Delta Electronics,CVE-2022-41657,8.8
Delta Electronics,CVE-2022-41657,7.1
Delta Electronics,CVE-2022-41657,8.8
Delta Electronics,CVE-2022-40202,8.8
Delta Electronics,CVE-2022-41657,6.5
Adobe,CVE-2023-21581,3.3
Adobe,CVE-2023-21603,3.3
Adobe,CVE-2023-21601,3.3
Adobe,CVE-2023-21597,7.8
Adobe,CVE-2023-21595,7.8
Adobe,CVE-2023-21599,3.3
Adobe,CVE-2023-21596,7.8
Adobe,CVE-2023-21598,3.3
Adobe,CVE-2023-21594,7.8
Adobe,CVE-2023-21590,7.8
Adobe,CVE-2023-21589,7.8
Adobe,CVE-2023-21592,3.3
Adobe,CVE-2023-21588,7.8
Adobe,CVE-2023-21587,7.8
Adobe,CVE-2023-21591,3.3
Adobe,CVE-2023-21607,7.8
Adobe,CVE-2023-21613,3.3
Adobe,CVE-2023-21614,3.3
Adobe,CVE-2023-21606,7.8
Adobe,CVE-2023-21609,7.8
Adobe,CVE-2023-21608,7.8
Adobe,CVE-2023-21605,7.8
Adobe,CVE-2023-21585,3.3
Adobe,CVE-2023-21579,7.8
VMware,CVE-2022-31708,4.9
VMware,CVE-2022-31703,7.5
VMware,CVE-2022-31702,9.8
VMware,CVE-2022-31707,7.2
Trend Micro,CVE-2022-48191,7.8
D-Link,CVE-2022-43648,8.8
Microsoft,CVE-2022-47211,7.8
Microsoft,CVE-2022-47213,7.8
Microsoft,CVE-2023-21793,6.6
Microsoft,CVE-2023-21792,5.3
Microsoft,CVE-2023-21792,5.3
Microsoft,CVE-2023-21792,6.6
Microsoft,CVE-2023-21792,6.6
Microsoft,CVE-2023-21792,6.6
Microsoft,CVE-2023-21792,6.6
Microsoft,CVE-2023-21791,6.6
Microsoft,CVE-2023-21790,6.6
Microsoft,CVE-2023-21789,5.3
Microsoft,CVE-2023-21788,5.3
Microsoft,CVE-2023-21787,5.3
Microsoft,CVE-2023-21786,6.6
Microsoft,CVE-2023-21785,5.3
Microsoft,CVE-2023-21784,5.3
Microsoft,CVE-2023-21784,6.6
Microsoft,CVE-2023-21784,6.6
Microsoft,CVE-2023-21783,6.6
Microsoft,CVE-2023-21782,5.3
Microsoft,CVE-2023-21782,6.6
Microsoft,CVE-2023-21782,6.6
Microsoft,CVE-2023-21782,6.6
Microsoft,CVE-2023-21782,6.6
Microsoft,CVE-2023-21782,6.6
Microsoft,CVE-2023-21782,6.6
Microsoft,CVE-2023-21782,6.6
Microsoft,CVE-2023-21782,6.6
Microsoft,CVE-2023-21782,6.6
Microsoft,CVE-2023-21782,6.6
Microsoft,CVE-2023-21782,6.6
Microsoft,CVE-2023-21782,6.6
Microsoft,CVE-2023-21782,6.6
Microsoft,CVE-2023-21782,6.6
Microsoft,CVE-2023-21782,6.6
Microsoft,CVE-2023-21782,6.6
Microsoft,CVE-2023-21781,6.6
Microsoft,CVE-2023-21780,6.6
Microsoft,CVE-2023-21764,7.0
Microsoft,CVE-2023-21763,7.8
Microsoft,CVE-2023-21737,7.8
Microsoft,CVE-2023-21547,3.7
Microsoft,CVE-2023-21735,7.8
Microsoft,CVE-2023-21734,7.8
Microsoft,CVE-2023-21745,8.8
Microsoft,CVE-2023-21736,7.8
Microsoft,CVE-2023-21680,7.8
Microsoft,CVE-2023-21745,8.8
Microsoft,CVE-2023-21531,5.3
Microsoft,CVE-2023-21542,7.8
WSO2,CVE-2024-7074,7.2
WSO2,CVE-2024-6914,8.1
Foxit,CVE-2024-12753,6.7
Foxit,CVE-2024-12752,7.8
Foxit,CVE-2024-12751,7.8
Paessler,CVE-2024-12833,8.0
Ashlar-Vellum,CVE-2024-13051,7.8
Ashlar-Vellum,CVE-2024-13050,7.8
Ashlar-Vellum,CVE-2024-13049,7.8
Ashlar-Vellum,CVE-2024-13048,7.8
Ashlar-Vellum,CVE-2024-13047,7.8
Ashlar-Vellum,CVE-2024-13046,7.8
Ashlar-Vellum,CVE-2024-13045,7.8
Ashlar-Vellum,CVE-2024-13044,7.8
Panda Security,CVE-2024-13043,7.8
Linux,CVE-2024-50285,5.9
Webmin,CVE-2024-12828,9.9
Delta Electronics,CVE-2024-12836,7.8
Delta Electronics,CVE-2024-12835,7.8
Delta Electronics,CVE-2024-12834,7.8
Delta Electronics,CVE-2024-12677,7.8
Arista,CVE-2024-12831,6.6
Arista,CVE-2024-12832,8.3
Arista,CVE-2024-12830,8.1
Arista,CVE-2024-12829,7.2
Rockwell Automation,CVE-2024-11364,7.8
Rockwell Automation,CVE-2024-11157,7.8
Rockwell Automation,CVE-2024-12175,7.8
Rockwell Automation,CVE-2024-11364,7.8
Tibbo,CVE-2024-12700,8.8
AnyDesk,CVE-2024-12754,5.5
Autodesk,CVE-2024-12200,7.8
Autodesk,CVE-2024-12198,7.8
Autodesk,CVE-2024-12197,7.8
Autodesk,CVE-2024-12179,7.8
Autodesk,CVE-2024-12194,7.8
Autodesk,CVE-2024-12192,7.8
Autodesk,CVE-2024-12191,7.8
Autodesk,CVE-2024-12178,7.8
Autodesk,CVE-2024-12671,7.8
Autodesk,CVE-2024-12670,7.8
Autodesk,CVE-2024-12669,7.8
Autodesk,CVE-2024-11422,7.8
libarchive,CVE-2024-26256,7.8
XWiki.org,CVE-2025-24893,9.8
libarchive,CVE-2024-20697,7.8
Ivanti,CVE-2024-37373,7.2
Microsoft,,7.8
Dell,CVE-2024-47484,8.2
Dell,CVE-2024-47977,7.1
Dell,CVE-2024-52538,7.1
Dell,CVE-2024-47977,7.1
Dell,CVE-2024-47977,7.1
Linux,,8.5
Progress Software,CVE-2024-46908,8.8
Progress Software,CVE-2024-46907,8.8
Progress Software,CVE-2024-46905,8.8
Progress Software,CVE-2024-46906,8.8
Wacom,CVE-2024-12552,7.0
GeoVision,CVE-2024-12553,6.5
Tungsten Automation,CVE-2024-12547,7.8
Tungsten Automation,CVE-2024-12548,3.3
Tungsten Automation,CVE-2024-12549,7.8
Tungsten Automation,CVE-2024-12550,3.3
Tungsten Automation,CVE-2024-12551,7.8
ManageEngine,CVE-2024-52323,8.8
AutomationDirect,CVE-2024-11611,7.8
AutomationDirect,CVE-2024-11610,7.8
AutomationDirect,CVE-2024-11609,7.8
GFI,CVE-2024-11949,8.8
GFI,CVE-2024-11948,9.8
GFI,CVE-2024-11947,8.8
Veritas,CVE-2024-53909,8.0
Veritas,CVE-2024-53910,8.0
Veritas,CVE-2024-53911,8.0
Veritas,CVE-2024-53913,8.0
Veritas,CVE-2024-53914,8.0
Veritas,CVE-2024-53912,8.0
Veritas,CVE-2024-53915,8.0
Veritas,CVE-2024-52941,6.3
Veritas,CVE-2024-52942,6.3
Veritas,CVE-2024-52943,6.3
Veritas,CVE-2024-52944,6.3
Microsoft,CVE-2024-49041,7.5
Microsoft,CVE-2024-49082,6.8
Delta Electronics,CVE-2024-47964,7.8
Rockwell Automation,CVE-2024-11156,7.8
Rockwell Automation,CVE-2024-11156,7.8
Rockwell Automation,CVE-2024-11155,7.8
Rockwell Automation,CVE-2024-11156,7.8
Rockwell Automation,CVE-2024-12130,7.8
Rockwell Automation,CVE-2024-11158,7.8
Rockwell Automation,CVE-2024-11156,7.8
Linux,,7.5
BlueZ,CVE-2024-8805,8.8
Epic Games,CVE-2024-11872,7.8
Progress Software,CVE-2024-46909,9.8
iXsystems,CVE-2024-11946,3.1
iXsystems,CVE-2024-11944,7.5
Linux,CVE-2024-42070,3.8
Intel,CVE-2023-49797,7.8
XnSoft,CVE-2024-11950,7.8
Hewlett Packard Enterprise,CVE-2024-53676,9.8
Hewlett Packard Enterprise,CVE-2024-53675,7.3
Hewlett Packard Enterprise,CVE-2024-53674,7.3
Hewlett Packard Enterprise,CVE-2024-53673,8.1
Hewlett Packard Enterprise,CVE-2024-11622,7.3
Hewlett Packard Enterprise,CVE-2024-51770,7.5
Hewlett Packard Enterprise,CVE-2024-51769,7.5
Hewlett Packard Enterprise,CVE-2024-51768,8.0
Hewlett Packard Enterprise,CVE-2024-51767,7.3
Fuji Electric,CVE-2024-11933,7.8
Fuji Electric,CVE-2024-11803,7.8
Fuji Electric,CVE-2024-11802,7.8
Fuji Electric,CVE-2024-11801,7.8
Fuji Electric,CVE-2024-11800,7.8
Fuji Electric,CVE-2024-11799,7.8
Fuji Electric,CVE-2024-11798,7.8
Fuji Electric,CVE-2024-11797,7.8
Fuji Electric,CVE-2024-11796,7.8
Fuji Electric,CVE-2024-11795,7.8
Fuji Electric,CVE-2024-11794,7.8
Fuji Electric,CVE-2024-11793,7.8
Fuji Electric,CVE-2024-11792,7.8
Fuji Electric,CVE-2024-11791,7.8
Fuji Electric,CVE-2024-11790,7.8
Fuji Electric,CVE-2024-11789,7.8
Fuji Electric,CVE-2024-11787,7.8
Intel,CVE-2024-36488,7.8
Luxion,CVE-2024-11581,7.8
Luxion,CVE-2024-11580,7.8
Luxion,CVE-2024-11579,7.8
Luxion,CVE-2024-11578,7.8
Luxion,CVE-2024-11577,7.8
Luxion,CVE-2024-11576,7.8
7-Zip,CVE-2024-11612,6.5
Adobe,CVE-2024-49529,3.3
IrfanView,CVE-2024-11507,7.8
IrfanView,CVE-2024-11508,7.8
IrfanView,CVE-2024-11509,7.8
IrfanView,CVE-2024-11513,7.8
IrfanView,CVE-2024-11516,7.8
IrfanView,CVE-2024-11514,7.8
IrfanView,CVE-2024-11515,7.8
IrfanView,CVE-2024-11517,7.8
IrfanView,CVE-2024-11518,7.8
IrfanView,CVE-2024-11519,7.8
IrfanView,CVE-2024-11506,7.8
IrfanView,CVE-2024-11524,7.8
IrfanView,CVE-2024-11523,7.8
IrfanView,CVE-2024-11525,7.8
IrfanView,CVE-2024-11522,7.8
IrfanView,CVE-2024-11528,7.8
IrfanView,CVE-2024-11538,7.8
IrfanView,CVE-2024-11532,7.8
IrfanView,CVE-2024-11533,7.8
IrfanView,CVE-2024-11534,7.8
IrfanView,CVE-2024-11535,7.8
IrfanView,CVE-2024-11536,7.8
IrfanView,CVE-2024-11537,7.8
IrfanView,CVE-2024-11554,7.8
IrfanView,CVE-2024-11520,7.8
IrfanView,CVE-2024-11521,7.8
IrfanView,CVE-2024-11560,7.8
IrfanView,CVE-2024-11561,7.8
IrfanView,CVE-2024-11563,7.8
IrfanView,CVE-2024-11567,7.8
IrfanView,CVE-2024-11569,7.8
IrfanView,CVE-2024-11574,7.8
IrfanView,CVE-2024-11562,7.8
IrfanView,CVE-2024-11570,7.8
IrfanView,CVE-2024-11572,7.8
IrfanView,CVE-2024-11575,7.8
IrfanView,CVE-2024-11564,7.8
IrfanView,CVE-2024-11565,7.8
IrfanView,CVE-2024-11571,7.8
IrfanView,CVE-2024-11573,7.8
IrfanView,CVE-2024-11566,7.8
IrfanView,CVE-2024-11568,7.8
IrfanView,CVE-2024-11556,7.8
IrfanView,CVE-2024-11557,7.8
IrfanView,CVE-2024-11558,7.8
IrfanView,CVE-2024-11555,7.8
IrfanView,CVE-2024-11559,7.8
IrfanView,CVE-2024-11510,7.8
IrfanView,CVE-2024-11511,7.8
IrfanView,CVE-2024-11512,7.8
IrfanView,CVE-2024-11553,7.8
IrfanView,CVE-2024-11539,7.8
IrfanView,CVE-2024-11541,7.8
IrfanView,CVE-2024-11540,7.8
IrfanView,CVE-2024-11542,7.8
IrfanView,CVE-2024-11551,7.8
IrfanView,CVE-2024-11543,7.8
IrfanView,CVE-2024-11549,7.8
IrfanView,CVE-2024-11552,7.8
IrfanView,CVE-2024-11548,7.8
IrfanView,CVE-2024-11547,7.8
IrfanView,CVE-2024-11546,7.8
IrfanView,CVE-2024-11545,7.8
IrfanView,CVE-2024-11544,7.8
IrfanView,CVE-2024-11550,7.8
IrfanView,CVE-2024-11526,7.8
IrfanView,CVE-2024-11527,7.8
IrfanView,CVE-2024-11529,7.8
IrfanView,CVE-2024-11530,7.8
IrfanView,CVE-2024-11531,7.8
Microsoft,CVE-2024-38024,7.2
Panda Security,CVE-2024-8424,7.8
7-Zip,CVE-2024-11477,7.8
RSA Security,,7.8
WordPress,CVE-2024-31210,8.8
Dassault Systèmes,CVE-2024-10204,7.8
Dassault Systèmes,CVE-2024-10204,7.8
Siemens,CVE-2024-52573,7.8
Siemens,CVE-2024-52571,7.8
Siemens,CVE-2024-52567,7.8
Siemens,CVE-2024-52566,7.8
Siemens,CVE-2024-52565,7.8
Siemens,CVE-2024-52570,7.8
Siemens,CVE-2024-52569,7.8
Siemens,CVE-2024-52568,7.8
Siemens,CVE-2024-52574,7.8
Siemens,CVE-2024-52572,7.8
McAfee,CVE-2024-49592,6.7
Trend Micro,CVE-2024-51503,7.5
Hugging Face,CVE-2024-11394,8.8
Hugging Face,CVE-2024-11393,8.8
Hugging Face,CVE-2024-11392,7.5
Progress Software,CVE-2024-7763,9.8
Microsoft,CVE-2024-49032,7.8
Ivanti,CVE-2024-50330,9.8
Ivanti,CVE-2024-50329,8.8
Ivanti,CVE-2024-50328,7.2
Ivanti,CVE-2024-50327,7.2
Ivanti,CVE-2024-50326,7.2
Ivanti,CVE-2024-50324,7.2
Ivanti,CVE-2024-50323,7.8
Ivanti,CVE-2024-50322,7.8
Ivanti,CVE-2024-37376,7.2
Ivanti,CVE-2024-34787,7.8
Ivanti,CVE-2024-34784,7.2
Ivanti,CVE-2024-34782,7.2
Ivanti,CVE-2024-34781,7.2
Ivanti,CVE-2024-34781,7.2
Ivanti,CVE-2024-32847,7.2
Ivanti,CVE-2024-32844,7.2
Ivanti,CVE-2024-32841,7.2
Ivanti,CVE-2024-32839,7.2
Ivanti,CVE-2024-50321,7.5
Ivanti,CVE-2024-50320,7.5
Ivanti,CVE-2024-50319,7.5
Ivanti,CVE-2024-50318,7.5
Ivanti,CVE-2024-50317,7.5
Ivanti,CVE-2024-7571,7.8
G DATA,CVE-2024-6871,7.0
Trimble,CVE-2024-9731,7.8
Trimble,CVE-2024-9728,7.8
Trimble,CVE-2024-9714,7.8
Trimble,CVE-2024-9721,7.8
Trimble,CVE-2024-9722,7.8
Trimble,CVE-2024-9723,7.8
Trimble,CVE-2024-9724,7.8
Trimble,CVE-2024-9725,7.8
Trimble,CVE-2024-9720,7.8
Trimble,CVE-2024-9727,7.8
Trimble,CVE-2024-9726,7.8
Trimble,CVE-2024-9713,7.8
Trimble,CVE-2024-9712,7.8
Veeam,CVE-2024-40715,5.0
Panda Security,CVE-2024-8424,7.8
Delta Electronics,CVE-2024-39354,7.8
Delta Electronics,CVE-2024-39605,7.8
Delta Electronics,CVE-2024-47131,7.8
Delta Electronics,CVE-2024-39605,7.8
Delta Electronics,CVE-2024-47131,7.8
Delta Electronics,CVE-2024-39605,7.8
Delta Electronics,CVE-2024-39354,7.8
Delta Electronics,CVE-2024-47131,7.8
Delta Electronics,CVE-2024-39605,7.8
Delta Electronics,CVE-2024-39605,7.8
Centreon,CVE-2024-39842,4.7
Centreon,CVE-2024-39843,4.7
Centreon,CVE-2024-39842,4.7
Delta Electronics,CVE-2024-10456,9.8
Linux,,8.5
Linux,,8.8
Linux,,8.8
X.Org,CVE-2024-9632,7.8
Autodesk,CVE-2024-8592,7.8
Apple,CVE-2024-44284,7.8
Apple,CVE-2024-44283,3.3
Apple,CVE-2024-44282,3.3
Apple,CVE-2024-44281,3.3
Apple,CVE-2024-44279,3.3
Apple,CVE-2024-44237,3.3
Apple,CVE-2024-44236,7.8
Apple,CVE-2024-44218,8.8
Apple,CVE-2024-44215,3.3
Apple,"CVE-2024-44240,  CVE-2024-44302",3.3
Autodesk,CVE-2024-8587,7.8
Autodesk,CVE-2024-8600,7.8
Autodesk,CVE-2024-8588,7.8
Autodesk,CVE-2024-8596,7.8
Autodesk,CVE-2024-8589,3.3
Autodesk,CVE-2024-8590,7.8
Autodesk,CVE-2024-8591,7.8
Autodesk,CVE-2024-8593,7.8
Autodesk,CVE-2024-8594,7.8
Autodesk,CVE-2024-8595,7.8
Autodesk,CVE-2024-8597,7.8
Autodesk,CVE-2024-8598,7.8
Autodesk,CVE-2024-8599,7.8
Autodesk,CVE-2024-9826,7.8
Autodesk,CVE-2024-9827,7.8
Autodesk,CVE-2024-8896,7.8
Autodesk,CVE-2024-9489,7.8
Autodesk,CVE-2024-9996,7.8
Autodesk,CVE-2024-9997,7.8
Nikon,CVE-2024-8025,7.0
VMware,CVE-2024-38814,8.8
Schneider Electric,CVE-2015-0250,6.5
Trend Micro,CVE-2024-48903,7.8
Trend Micro,CVE-2024-48904,9.8
Schneider Electric,CVE-2024-8531,7.2
Schneider Electric,CVE-2024-8530,5.9
Schneider Electric,CVE-2024-8422,7.8
Oracle,CVE-2024-21273,6.0
Oracle,CVE-2024-21259,7.5
Oracle,CVE-2024-21248,5.3
Delta Electronics,CVE-2024-47966,7.8
Delta Electronics,CVE-2024-47962,7.8
Delta Electronics,CVE-2024-47963,7.8
Delta Electronics,CVE-2024-47963,7.8
Delta Electronics,CVE-2024-47962,7.8
Delta Electronics,CVE-2024-47962,7.8
Delta Electronics,CVE-2024-47962,7.8
Delta Electronics,CVE-2024-47962,7.8
Delta Electronics,CVE-2024-47963,7.8
Delta Electronics,CVE-2024-47962,7.8
Delta Electronics,CVE-2024-47962,7.8
Delta Electronics,CVE-2024-47963,7.8
Delta Electronics,CVE-2024-47964,7.8
Delta Electronics,CVE-2024-47962,7.8
Delta Electronics,CVE-2024-47962,7.8
Delta Electronics,CVE-2024-47962,7.8
Delta Electronics,CVE-2024-47962,7.8
Delta Electronics,CVE-2024-47963,7.8
Delta Electronics,CVE-2024-47963,7.8
Delta Electronics,CVE-2024-47963,7.8
Delta Electronics,CVE-2024-47963,7.8
Delta Electronics,CVE-2024-47962,7.8
Delta Electronics,CVE-2024-47962,7.8
Delta Electronics,CVE-2024-47965,7.8
Delta Electronics,,7.8
Delta Electronics,CVE-2024-47963,7.8
Delta Electronics,CVE-2024-47963,7.8
Delta Electronics,CVE-2024-47963,7.8
PostHog,CVE-2024-9710,7.1
QEMU,CVE-2024-6519,8.2
Trimble,CVE-2024-9730,7.8
Trimble,CVE-2024-9729,7.8
Trimble,CVE-2024-9719,7.8
Trimble,CVE-2024-9718,7.8
Trimble,CVE-2024-9717,7.8
Trimble,CVE-2024-9715,7.8
Trimble,CVE-2024-9716,7.8
IrfanView,CVE-2024-9261,7.8
IrfanView,CVE-2024-9260,7.8
IrfanView,CVE-2024-9259,7.8
IrfanView,CVE-2024-9767,7.8
IrfanView,CVE-2024-9258,7.8
Zimbra,CVE-2024-9665,6.5
Tungsten Automation,CVE-2024-9755,7.8
Tungsten Automation,CVE-2024-9757,3.3
Tungsten Automation,CVE-2024-9761,3.3
Tungsten Automation,CVE-2024-9735,7.8
Tungsten Automation,CVE-2024-9744,7.8
Tungsten Automation,CVE-2024-9751,7.8
Tungsten Automation,CVE-2024-9764,7.8
Tungsten Automation,CVE-2024-9758,3.3
Tungsten Automation,CVE-2024-9753,3.3
Tungsten Automation,CVE-2024-9763,3.3
Tungsten Automation,CVE-2024-9762,3.3
Tungsten Automation,CVE-2024-9760,3.3
Tungsten Automation,CVE-2024-9759,3.3
Tungsten Automation,CVE-2024-9754,3.3
Tungsten Automation,CVE-2024-9752,3.3
Tungsten Automation,CVE-2024-9734,7.8
Tungsten Automation,CVE-2024-9733,7.8
Tungsten Automation,CVE-2024-9736,7.8
Tungsten Automation,CVE-2024-9737,7.8
Tungsten Automation,CVE-2024-9739,7.8
Tungsten Automation,CVE-2024-9750,7.8
Tungsten Automation,CVE-2024-9745,7.8
Tungsten Automation,CVE-2024-9741,7.8
Tungsten Automation,CVE-2024-9746,7.8
Tungsten Automation,CVE-2024-9747,7.8
Tungsten Automation,CVE-2024-9740,7.8
Tungsten Automation,CVE-2024-9742,7.8
Tungsten Automation,CVE-2024-9738,7.8
Tungsten Automation,CVE-2024-9749,3.3
Tungsten Automation,CVE-2024-9748,7.8
Tungsten Automation,CVE-2024-9743,7.8
Tungsten Automation,CVE-2024-9732,7.8
Wacom,CVE-2024-9766,7.8
SonicWALL,CVE-2024-45315,6.1
SonicWALL,CVE-2024-45316,7.8
NVIDIA,CVE-2024-0113,8.8
Adobe,CVE-2024-45146,7.8
Adobe,CVE-2024-45138,7.8
Microsoft,CVE-2024-43556,7.8
Axis Communications,,8.8
Axis Communications,,8.8
Ivanti,CVE-2024-47011,7.5
Ivanti,CVE-2024-47010,7.3
Ivanti,CVE-2024-47009,7.3
Ivanti,CVE-2024-47008,7.5
Centreon,CVE-2024-39843,4.7
Centreon,CVE-2024-39842,4.7
Apple,CVE-2024-40841,8.8
Autodesk,CVE-2024-7674,7.8
Autodesk,CVE-2024-7672,7.8
Autodesk,CVE-2024-7671,7.8
Autodesk,CVE-2024-7670,7.8
Autodesk,CVE-2024-7673,7.8
Autodesk,CVE-2024-7675,7.8
PaperCut,CVE-2024-8405,6.1
Apple,CVE-2024-40777,7.8
Apple,CVE-2024-40784,3.3
Microsoft,CVE-2024-38066,7.8
Lenovo,CVE-2024-4696,7.5
Foxit,CVE-2024-9256,3.3
Foxit,CVE-2024-9255,7.8
Foxit,CVE-2024-9254,7.8
Foxit,CVE-2024-9251,3.3
Foxit,CVE-2024-9253,3.3
Foxit,CVE-2024-9252,3.3
Foxit,CVE-2024-9250,7.8
Foxit,CVE-2024-9248,7.8
Foxit,CVE-2024-9249,7.8
Foxit,CVE-2024-9247,7.8
Foxit,CVE-2024-9246,3.3
Foxit,CVE-2024-9244,7.8
Foxit,CVE-2024-9245,7.8
Foxit,CVE-2024-9243,7.8
Logsign,CVE-2024-9257,4.3
Western Digital,CVE-2024-22170,7.5
Microsoft,CVE-2024-38249,8.8
Microsoft,CVE-2024-38249,8.8
Microsoft,CVE-2024-38249,7.8
TeamViewer,CVE-2024-7481,8.8
TeamViewer,CVE-2024-7479,8.8
Apple,CVE-2024-40846,7.5
Apple,CVE-2024-44160,8.8
Apple,CVE-2024-44161,4.3
Apple,CVE-2024-44154,4.3
Apple,CVE-2024-40841,7.5
Apple,CVE-2024-44176,7.8
Apple,CVE-2024-40845,4.3
Apple,CVE-2024-27861,4.3
Apple,CVE-2024-27861,4.3
Apple,CVE-2024-27860,4.3
Apple,CVE-2024-27861,4.3
Apple,CVE-2024-27861,4.3
Apple,CVE-2024-27861,4.3
FastStone,CVE-2024-9114,7.8
FastStone,CVE-2024-9113,7.8
FastStone,CVE-2024-9112,7.8
PDF-XChange,CVE-2024-8849,3.3
PDF-XChange,CVE-2024-8848,3.3
PDF-XChange,CVE-2024-8847,7.8
PDF-XChange,CVE-2024-8846,3.3
PDF-XChange,CVE-2024-8845,3.3
PDF-XChange,CVE-2024-8844,3.3
PDF-XChange,CVE-2024-8843,3.3
PDF-XChange,CVE-2024-8842,7.8
PDF-XChange,CVE-2024-8841,3.3
PDF-XChange,CVE-2024-8840,7.8
PDF-XChange,CVE-2024-8839,3.3
PDF-XChange,CVE-2024-8838,7.8
PDF-XChange,CVE-2024-8837,7.8
PDF-XChange,CVE-2024-8836,3.3
PDF-XChange,CVE-2024-8835,3.3
PDF-XChange,CVE-2024-8834,3.3
PDF-XChange,CVE-2024-8833,7.8
PDF-XChange,CVE-2024-8832,3.3
PDF-XChange,CVE-2024-8831,7.8
PDF-XChange,CVE-2024-8830,7.8
PDF-XChange,CVE-2024-8829,3.3
PDF-XChange,CVE-2024-8828,3.3
PDF-XChange,CVE-2024-8827,7.8
PDF-XChange,CVE-2024-8826,7.8
PDF-XChange,CVE-2024-8825,7.8
PDF-XChange,CVE-2024-8824,3.3
PDF-XChange,CVE-2024-8823,3.3
PDF-XChange,CVE-2024-8822,3.3
PDF-XChange,CVE-2024-8821,3.3
PDF-XChange,CVE-2024-8820,3.3
PDF-XChange,CVE-2024-8819,3.3
PDF-XChange,CVE-2024-8818,7.8
PDF-XChange,CVE-2024-8817,7.8
PDF-XChange,CVE-2024-8816,3.3
PDF-XChange,CVE-2024-8815,7.8
PDF-XChange,CVE-2024-8814,7.8
PDF-XChange,CVE-2024-8813,7.8
PDF-XChange,CVE-2024-8812,7.8
WinZip Computing,CVE-2024-8811,7.8
Cohesive Networks,CVE-2024-8809,8.8
Cohesive Networks,CVE-2024-8808,8.8
Cohesive Networks,CVE-2024-8807,9.8
Cohesive Networks,CVE-2024-8806,9.8
BlueZ,CVE-2024-8805,8.8
Trend Micro,CVE-2024-46903,6.5
Trend Micro,CVE-2024-46902,4.9
mySCADA,CVE-2024-4708,9.8
SolarWinds,CVE-2024-28990,7.3
SolarWinds,CVE-2024-28991,9.9
Ivanti,CVE-2024-29847,9.8
Ivanti,CVE-2024-8012,7.8
Ivanti,CVE-2024-34785,7.2
Ivanti,CVE-2024-34783,7.2
Ivanti,CVE-2024-34779,7.2
Ivanti,CVE-2024-32848,7.2
Ivanti,CVE-2024-32846,7.2
Ivanti,CVE-2024-32845,7.2
Ivanti,CVE-2024-32843,7.2
Ivanti,CVE-2024-32842,7.2
Ivanti,CVE-2024-32840,7.2
Ivanti,CVE-2024-37397,8.2
Ivanti,CVE-2024-8191,7.8
Microsoft,CVE-2024-38213,8.8
Microsoft,CVE-2024-38213,8.8
Visteon,CVE-2024-8355,6.8
Microsoft,CVE-2024-43461,7.5
Microsoft,CVE-2024-43466,6.5
Microsoft,CVE-2024-38249,8.8
Microsoft,CVE-2024-38018,8.8
Adobe,CVE-2024-43760,7.8
Adobe,CVE-2024-39381,7.8
Adobe,CVE-2024-39384,7.8
Adobe,CVE-2024-39377,7.8
Adobe,CVE-2024-39382,3.3
Adobe,CVE-2024-39385,3.3
Adobe,CVE-2024-39378,7.8
Adobe,CVE-2024-45107,3.3
Malwarebytes,CVE-2024-6260,7.0
Linux,CVE-2024-39463,7.8
Delta Electronics,CVE-2024-7502,7.8
Visteon,CVE-2024-8360,6.8
Visteon,CVE-2024-8359,6.8
Visteon,CVE-2024-8358,6.8
Visteon,CVE-2024-8357,7.8
Visteon,CVE-2024-8356,8.8
Progress Software,CVE-2024-6672,8.8
Progress Software,CVE-2024-6671,9.8
Progress Software,CVE-2024-6670,9.8
Progress Software,CVE-2024-7744,4.3
Delta Electronics,CVE-2024-8255,7.8
Linux,,6.5
Axis Communications,,7.6
Apple,CVE-2024-27857,7.8
Apple,CVE-2024-27857,3.3
Qualcomm Technologies,CVE-2024-21473,9.8
Amazon,,9.8
Amazon,,9.8
Delta Electronics,CVE-2024-7502,7.8
Delta Electronics,CVE-2024-7502,7.8
Delta Electronics,CVE-2024-7502,7.8
Delta Electronics,CVE-2024-7502,7.8
Delta Electronics,CVE-2024-7502,7.8
Delta Electronics,CVE-2024-7502,7.8
Delta Electronics,CVE-2024-7502,7.8
Delta Electronics,CVE-2024-7502,7.8
Delta Electronics,CVE-2024-7502,7.8
Delta Electronics,CVE-2024-7502,7.8
Allegra,CVE-2024-30372,8.8
Allegra,CVE-2024-5581,7.2
Allegra,CVE-2024-5580,7.2
Allegra,CVE-2024-5579,7.2
Linux,CVE-2024-36960,6.7
Apple,CVE-2024-40789,4.3
G DATA,CVE-2024-30377,7.8
Rockwell Automation,CVE-2024-7988,9.8
Rockwell Automation,CVE-2024-7987,7.8
Rockwell Automation,CVE-2024-7986,5.5
PaperCut,CVE-2024-4712,7.8
Autel,CVE-2024-7795,8.8
Autodesk,CVE-2024-7305,7.8
Phoenix Contact,CVE-2024-3913,5.0
Ivanti,CVE-2024-37399,7.5
Ivanti,CVE-2024-38653,8.2
Ivanti,CVE-2024-38652,8.2
Microsoft,CVE-2024-38171,7.8
Microsoft,CVE-2024-38163,7.0
Microsoft,CVE-2024-38163,7.0
Microsoft,CVE-2024-38169,7.8
Adobe,CVE-2024-39388,7.8
Adobe,CVE-2024-34124,7.8
Adobe,CVE-2024-20789,7.8
Adobe,CVE-2024-34125,3.3
Adobe,CVE-2024-34126,3.3
Adobe,CVE-2024-39386,7.8
Adobe,CVE-2024-41840,7.8
Adobe,CVE-2024-39387,3.3
Adobe,CVE-2024-39423,7.8
Adobe,CVE-2024-39422,7.8
Adobe,CVE-2024-39424,7.8
Adobe,CVE-2024-41831,7.8
Adobe,CVE-2024-41833,3.3
Adobe,CVE-2024-41834,3.3
Adobe,CVE-2024-39426,7.8
Magnet Forensics,CVE-2024-7448,8.0
Samsung,CVE-2024-7399,9.8
Foxit,CVE-2024-7725,7.8
Foxit,CVE-2024-7724,7.8
Foxit,CVE-2024-7723,7.8
Foxit,CVE-2024-7722,3.3
QNAP,CVE-2024-32765,8.1
Apple,CVE-2024-27829,3.1
Apple,CVE-2024-27829,4.3
Apple,CVE-2024-27829,8.8
Apple,CVE-2024-27857,3.3
Apple,CVE-2024-27857,7.8
Apple,CVE-2024-27857,3.3
Apple,CVE-2024-27857,7.8
Apple,CVE-2024-27857,7.8
Apple,CVE-2024-27857,3.3
Apple,CVE-2024-27857,3.3
Apple,CVE-2024-27857,7.8
Apple,CVE-2024-27857,3.3
Apple,CVE-2024-27857,3.3
Apple,CVE-2024-27857,3.3
Apple,CVE-2024-27857,3.3
Apple,CVE-2024-27857,3.3
Logsign,CVE-2024-7601,7.1
Logsign,CVE-2024-7603,7.1
Logsign,CVE-2024-7604,5.1
Logsign,CVE-2024-7600,7.1
Logsign,CVE-2024-7602,6.5
Apple,CVE-2024-27802,3.3
SMARTBEAR,CVE-2024-7565,7.8
Apache,CVE-2024-38856,9.8
Microsoft,,5.5
Microsoft,,9.9
Microsoft,,3.3
Microsoft,,3.3
Microsoft,,3.3
Microsoft,,3.3
Microsoft,,3.3
Microsoft,,5.5
Microsoft,,5.5
Microsoft,,3.3
Microsoft,,3.3
oFono,CVE-2024-7547,7.0
oFono,CVE-2024-7546,7.8
oFono,CVE-2024-7545,7.8
oFono,CVE-2024-7544,7.8
oFono,CVE-2024-7543,7.8
oFono,CVE-2024-7542,3.3
oFono,CVE-2024-7541,3.3
oFono,CVE-2024-7540,3.3
oFono,CVE-2024-7539,7.8
oFono,CVE-2024-7538,7.8
oFono,CVE-2024-7537,3.3
Microsoft,CVE-2024-30082,8.8
Microsoft,,9.8
Microsoft,,9.8
Microsoft,,9.8
Microsoft,,9.8
Microsoft,,9.8
Microsoft,,9.8
Microsoft,,9.8
Microsoft,,5.3
Microsoft,,9.4
Microsoft,,9.8
Microsoft,,9.8
Microsoft,,9.8
Microsoft,,9.8
Microsoft,,9.8
Microsoft,,9.8
Microsoft,,9.8
Microsoft,,9.8
Microsoft,,9.8
Trimble,CVE-2024-7511,3.3
Trimble,CVE-2024-7510,7.8
Trimble,CVE-2024-7509,7.8
Trimble,CVE-2024-7508,7.8
ChargePoint,CVE-2024-23971,8.8
ChargePoint,CVE-2024-23970,6.5
ChargePoint,CVE-2024-23969,8.8
ChargePoint,CVE-2024-23968,8.8
ChargePoint,CVE-2024-23921,8.8
ChargePoint,CVE-2024-23920,8.8
ChargePoint,CVE-2024-7392,4.3
ChargePoint,CVE-2024-7391,2.6
Pioneer,CVE-2024-23928,6.5
Pioneer,CVE-2024-23929,7.3
Pioneer,CVE-2024-23930,4.3
NoMachine,CVE-2024-7253,7.8
Google,CVE-2023-7261,7.8
Apple,CVE-2024-27877,4.3
PaperCut,CVE-2024-8404,7.8
PaperCut,CVE-2024-3037,7.8
PDF-XChange,CVE-2024-7352,7.8
Check Point,CVE-2024-6233,7.8
Microsoft,CVE-2024-21371,8.8
Oracle,CVE-2024-21164,2.5
NI,CVE-2024-6122,5.5
NI,CVE-2024-6121,7.8
NI,CVE-2024-6675,7.8
NI,CVE-2024-6791,7.8
NI,CVE-2024-6793,9.8
NI,CVE-2024-6794,9.8
NI,CVE-2024-6806,9.8
NI,CVE-2024-6806,9.8
NI,CVE-2024-6805,7.5
NI,CVE-2024-6805,7.5
Trend Micro,CVE-2024-41183,7.8
Trend Micro,CVE-2024-41183,7.0
Logsign,CVE-2024-7564,4.3
SolarWinds,CVE-2024-28992,8.6
Docker,CVE-2024-6222,8.2
Linux,CVE-2024-35880,7.8
Panda Security,CVE-2024-7242,7.8
Panda Security,CVE-2024-7241,7.8
Panda Security,CVE-2024-7245,7.0
Panda Security,CVE-2024-7244,7.8
Panda Security,CVE-2024-7243,7.8
F-Secure,CVE-2024-7240,7.3
VIPRE,CVE-2024-7238,7.8
VIPRE,CVE-2024-7239,7.8
AVG,CVE-2024-7236,5.3
AVG,CVE-2024-7234,7.8
AVG,CVE-2024-7237,7.8
AVG,CVE-2024-7235,6.1
Avast,CVE-2024-7233,7.8
Avast,CVE-2024-7232,7.8
Avast,CVE-2024-7227,7.8
Avast,CVE-2024-7229,7.8
Avast,CVE-2024-7231,7.8
Avast,CVE-2024-7230,7.8
Avast,CVE-2024-7228,6.1
KernelCI,,8.2
Linux,CVE-2024-0565,8.3
Linux,CVE-2023-52755,9.0
Linux,CVE-2023-39197,4.0
Linux,CVE-2023-39198,7.5
Microsoft,,7.5
Microsoft,,9.8
Microsoft,,9.8
Microsoft,,3.3
Microsoft,,9.8
Microsoft,,9.8
Microsoft,,9.8
Microsoft,,9.8
Microsoft,,9.8
Microsoft,,7.8
Microsoft,,9.8
Microsoft,,5.3
Microsoft,,9.8
Microsoft,,9.8
Microsoft,,7.8
Microsoft,,7.8
Microsoft,,7.8
Microsoft,,7.8
Microsoft,,3.3
IrfanView,CVE-2024-6822,7.8
IrfanView,CVE-2024-6821,7.8
IrfanView,CVE-2024-6820,7.8
IrfanView,CVE-2024-6819,7.8
IrfanView,CVE-2024-6818,7.8
IrfanView,CVE-2024-6817,7.8
IrfanView,CVE-2024-6816,7.8
IrfanView,CVE-2024-6815,7.8
Docker,CVE-2024-5652,6.1
Apple,CVE-2024-27829,8.8
Autodesk,CVE-2024-23147,7.8
Autodesk,CVE-2024-23146,7.8
Autodesk,CVE-2024-23146,7.8
Autodesk,CVE-2024-23147,7.8
Autodesk,CVE-2024-23152,7.8
Autodesk,CVE-2024-37007,7.8
Autodesk,CVE-2024-37005,7.8
Comodo,CVE-2024-7252,7.8
Comodo,CVE-2024-7251,7.8
Comodo,CVE-2024-7250,7.8
Comodo,CVE-2024-7249,7.8
Comodo,CVE-2024-7248,7.8
Delta Electronics,CVE-2024-39881,7.8
Delta Electronics,CVE-2024-39883,7.8
Delta Electronics,CVE-2024-39881,7.8
Delta Electronics,CVE-2024-39883,7.8
Delta Electronics,CVE-2024-39882,7.8
Delta Electronics,CVE-2024-39881,7.8
Delta Electronics,CVE-2024-39881,7.8
Delta Electronics,CVE-2024-39881,7.8
Delta Electronics,CVE-2024-39880,7.8
Delta Electronics,CVE-2024-39880,7.8
Delta Electronics,CVE-2024-39882,7.8
Delta Electronics,CVE-2024-39881,7.8
Delta Electronics,CVE-2024-39880,7.8
Delta Electronics,CVE-2024-39880,7.8
Delta Electronics,CVE-2024-39880,7.8
Delta Electronics,CVE-2024-39880,7.8
Delta Electronics,CVE-2024-39880,7.8
Delta Electronics,CVE-2024-39880,7.8
Delta Electronics,CVE-2024-39880,7.8
Delta Electronics,CVE-2024-39880,7.8
Delta Electronics,CVE-2024-39880,7.8
Delta Electronics,CVE-2024-39880,7.8
Delta Electronics,CVE-2024-39880,7.8
Delta Electronics,CVE-2024-39880,7.8
Delta Electronics,CVE-2024-39880,7.8
Delta Electronics,CVE-2024-39880,7.8
Delta Electronics,CVE-2024-39880,7.8
Delta Electronics,CVE-2024-39880,7.8
Delta Electronics,CVE-2024-39880,7.8
Delta Electronics,CVE-2024-39880,7.8
Delta Electronics,CVE-2024-39880,7.8
Delta Electronics,CVE-2024-39880,7.8
Delta Electronics,CVE-2024-39880,7.8
Delta Electronics,CVE-2024-39880,7.8
Delta Electronics,CVE-2024-39880,7.8
Delta Electronics,CVE-2024-39880,7.8
SolarWinds,CVE-2024-23475,10.0
SolarWinds,CVE-2024-23472,10.0
SolarWinds,CVE-2024-23474,8.6
SolarWinds,CVE-2024-23468,8.6
SolarWinds,CVE-2024-23469,10.0
SolarWinds,CVE-2024-23470,10.0
SolarWinds,CVE-2024-23471,10.0
SolarWinds,CVE-2024-23467,10.0
SolarWinds,CVE-2024-23466,10.0
SolarWinds,CVE-2024-23465,9.0
SolarWinds,CVE-2024-28074,10.0
SolarWinds,CVE-2024-28992,8.6
IrfanView,CVE-2024-6812,7.8
IrfanView,CVE-2024-6811,7.8
NETGEAR,CVE-2024-6813,8.8
NETGEAR,CVE-2024-6814,8.8
Parse,CVE-2024-27298,8.6
Centreon,CVE-2024-39841,8.8
ESET,CVE-2024-2003,7.3
Trend Micro,CVE-2024-39753,7.5
Parse,CVE-2024-39309,9.8
Progress Software,CVE-2024-5008,8.8
Progress Software,CVE-2024-4884,9.8
Progress Software,CVE-2024-4885,9.8
Progress Software,CVE-2024-4883,9.8
Progress Software,CVE-2024-5016,7.2
Progress Software,CVE-2024-5015,7.1
Progress Software,CVE-2024-5013,7.5
Progress Software,CVE-2024-5015,7.5
Progress Software,CVE-2024-5014,7.1
Progress Software,CVE-2024-5009,8.4
Progress Software,CVE-2024-5018,5.3
Progress Software,CVE-2024-5019,5.3
Zen Cart,CVE-2024-5762,8.1
VMware,CVE-2024-37087,5.3
Ubiquiti Networks,CVE-2024-29206,8.0
Ubiquiti Networks,CVE-2024-29207,6.3
Ubiquiti Networks,CVE-2024-29208,8.8
Sony,CVE-2024-23922,6.8
Sony,CVE-2024-23933,6.8
Sony,CVE-2024-23972,6.8
Sony,CVE-2024-23934,8.8
Sony,CVE-2024-23922,6.8
Silicon Labs,CVE-2024-23973,8.8
Silicon Labs,CVE-2025-2838,6.5
Silicon Labs,CVE-2025-2837,8.8
Silicon Labs,CVE-2024-24731,7.5
Silicon Labs,CVE-2024-23937,4.3
Silicon Labs,CVE-2024-23938,8.8
Phoenix Contact,CVE-2024-25994,5.3
Phoenix Contact,CVE-2024-26004,6.5
Phoenix Contact,CVE-2024-25999,7.8
Phoenix Contact,CVE-2024-25998,7.5
Phoenix Contact,CVE-2024-26002,7.8
Phoenix Contact,CVE-2024-26001,5.0
Phoenix Contact,CVE-2024-26005,8.8
Phoenix Contact,CVE-2024-26003,4.3
Phoenix Contact,CVE-2024-26000,4.3
Phoenix Contact,CVE-2024-26288,6.3
Phoenix Contact,CVE-2024-25996,5.0
Phoenix Contact,CVE-2024-25995,7.5
Phoenix Contact,CVE-2024-25997,3.1
Autel,CVE-2024-23957,8.8
Autel,CVE-2024-23967,8.0
Autel,CVE-2024-23958,6.5
Autel,CVE-2024-23959,8.0
Alpine,CVE-2024-23963,8.0
Alpine,CVE-2024-23961,6.8
Alpine,CVE-2024-23935,8.0
Alpine,CVE-2024-23962,5.3
Alpine,CVE-2024-23924,6.8
Alpine,CVE-2024-23960,4.6
Alpine,CVE-2024-23923,8.8
Linux,,7.1
Linux,CVE-2023-6200,8.3
Zope,,7.5
Wyze,CVE-2024-6249,8.8
Wyze,CVE-2024-6248,7.5
Wyze,CVE-2024-6247,6.8
Wyze,CVE-2024-6246,9.6
Synology,,6.8
Synology,CVE-2024-39352,6.8
Synology,CVE-2024-39350,7.8
Synology,CVE-2024-39349,8.8
Synology,CVE-2024-39347,6.6
Samsung,,8.8
Samsung,CVE-2023-42581,8.8
Samsung,,8.8
Samsung,CVE-2023-42580,8.8
QNAP,CVE-2024-32766,8.8
QNAP,CVE-2024-32766,9.8
QNAP,CVE-2023-51364,8.1
QNAP,CVE-2024-27124,7.5
QNAP,CVE-2024-32764,7.3
HP,CVE-2024-0794,8.8
Linux,CVE-2024-36886,9.0
Windscribe,CVE-2024-6141,7.8
VIPRE,CVE-2024-5930,7.8
VIPRE,CVE-2024-5929,7.8
VIPRE,CVE-2024-5928,7.8
Microsoft,CVE-2024-30082,8.8
Toshiba,CVE-2024-3498,7.8
Toshiba,CVE-2024-3497,8.8
Toshiba,CVE-2024-3496,8.8
Hewlett Packard Enterprise,CVE-2021-40438,8.2
Hewlett Packard Enterprise,CVE-2023-50275,7.5
Hewlett Packard Enterprise,CVE-2023-50274,7.8
Actiontec,CVE-2024-6146,8.8
Actiontec,CVE-2024-6145,8.8
Actiontec,CVE-2024-6144,8.8
Actiontec,CVE-2024-6143,8.8
Actiontec,CVE-2024-6142,8.8
Parallels,CVE-2024-6154,8.2
Parallels,CVE-2024-6153,7.8
Poly,CVE-2024-6147,7.8
Tenable,CVE-2023-5622,7.8
Autodesk,CVE-2024-23157,7.8
Autodesk,CVE-2024-23156,7.8
Autodesk,CVE-2024-23158,7.8
Autodesk,CVE-2024-23152,7.8
Autodesk,CVE-2024-23156,7.8
Autodesk,CVE-2024-23153,7.8
Autodesk,CVE-2024-23159,7.8
Autodesk,CVE-2024-23151,7.8
Autodesk,CVE-2024-23150,7.8
Autodesk,CVE-2024-23152,7.8
Autodesk,CVE-2024-23154,7.8
Autodesk,CVE-2024-36999,7.8
Autodesk,CVE-2024-23152,7.8
Autodesk,CVE-2024-23155,7.8
PaperCut,CVE-2023-39470,7.2
PaperCut,CVE-2024-1882,7.2
PaperCut,CVE-2024-1883,8.8
PaperCut,CVE-2024-1884,8.2
PaperCut,CVE-2024-1222,8.6
PaperCut,CVE-2024-1654,7.2
PaperCut,CVE-2024-1221,6.5
PaperCut,CVE-2024-1223,8.2
Linux,,7.1
Linux,,4.0
Oracle,CVE-2024-21121,8.2
Autodesk,CVE-2024-23120,7.8
Autodesk,CVE-2024-23129,7.8
Autodesk,CVE-2024-23131,7.8
Autodesk,CVE-2024-23147,7.8
Autodesk,CVE-2024-37005,7.8
Autodesk,CVE-2024-23131,7.8
Autodesk,CVE-2024-23130,7.8
Autodesk,CVE-2024-23131,7.8
Autodesk,CVE-2024-23120,7.8
Autodesk,CVE-2024-23131,7.8
Autodesk,CVE-2024-23131,7.8
Autodesk,CVE-2024-23131,7.8
Autodesk,CVE-2024-23131,7.8
Autodesk,CVE-2024-23131,7.8
Autodesk,CVE-2024-23131,7.8
Autodesk,CVE-2024-23131,7.8
Autodesk,CVE-2024-23131,7.8
Autodesk,CVE-2024-23131,7.8
Autodesk,CVE-2024-23131,7.8
Autodesk,CVE-2024-37004,7.8
Autodesk,CVE-2024-23127,7.8
Autodesk,CVE-2024-23131,7.8
Autodesk,CVE-2024-23130,7.8
Autodesk,CVE-2024-23131,7.8
Autodesk,CVE-2024-23131,7.8
Autodesk,CVE-2024-23147,7.8
Autodesk,CVE-2024-37000,7.8
Autodesk,CVE-2024-37000,7.8
Autodesk,CVE-2024-23131,7.8
Autodesk,CVE-2024-23131,7.8
Autodesk,CVE-2024-23137,7.8
Autodesk,CVE-2024-23149,7.8
Autodesk,CVE-2024-23131,7.8
Autodesk,CVE-2024-0446,7.8
Autodesk,CVE-2024-0446,7.8
Autodesk,CVE-2024-37000,7.8
Autodesk,CVE-2024-23134,7.8
Autodesk,CVE-2024-23127,7.8
Autodesk,CVE-2024-37003,7.8
Autodesk,CVE-2024-23130,7.8
Autodesk,CVE-2024-23127,7.8
Autodesk,CVE-2024-23137,7.8
Autodesk,CVE-2024-23127,7.8
Autodesk,CVE-2024-23130,7.8
Autodesk,CVE-2024-23146,7.8
Autodesk,CVE-2024-23146,7.8
Autodesk,CVE-2024-23146,7.8
Autodesk,CVE-2024-23146,7.8
Autodesk,CVE-2024-23129,7.8
Autodesk,CVE-2024-23142,7.8
Autodesk,CVE-2024-23143,7.8
Autodesk,CVE-2024-23141,7.8
Autodesk,CVE-2024-0446,7.8
Autodesk,CVE-2024-23143,7.8
Autodesk,CVE-2024-37002,7.8
Autodesk,CVE-2024-23131,7.8
Autodesk,CVE-2024-23143,7.8
Autodesk,CVE-2024-37000,7.8
Autodesk,CVE-2024-23143,7.8
Autodesk,CVE-2024-37001,7.8
Autodesk,CVE-2024-23142,7.8
Autodesk,CVE-2024-23142,7.8
Autodesk,CVE-2024-37006,7.8
Autodesk,CVE-2024-23143,7.8
Autodesk,CVE-2024-23140,7.8
Autodesk,CVE-2024-0446,7.8
Autodesk,CVE-2024-23147,7.8
Autodesk,CVE-2024-23146,7.8
Autodesk,CVE-2024-23123,7.8
Autodesk,CVE-2024-23128,7.8
Autodesk,CVE-2024-23142,7.8
Autodesk,CVE-2024-23140,7.8
Autodesk,CVE-2024-23145,7.8
Autodesk,CVE-2024-23128,7.8
Autodesk,CVE-2024-0446,7.8
Autodesk,CVE-2024-23141,7.8
Autodesk,CVE-2024-23144,7.8
Autodesk,CVE-2024-23143,7.8
Autodesk,CVE-2024-23143,7.8
Autodesk,CVE-2024-23143,7.8
Autodesk,CVE-2024-23122,7.8
Autodesk,CVE-2024-23130,7.8
Autodesk,CVE-2024-23142,7.8
Autodesk,CVE-2024-23144,7.8
Autodesk,CVE-2024-23129,7.8
Autodesk,CVE-2024-23146,7.8
Autodesk,CVE-2024-23130,7.8
Autodesk,CVE-2024-23130,7.8
Autodesk,CVE-2024-23127,7.8
Autodesk,CVE-2024-23130,7.8
Autodesk,CVE-2024-23157,7.8
Autodesk,CVE-2024-23128,7.8
Autodesk,CVE-2024-37003,7.8
Siemens,CVE-2024-35303,7.8
Fuji Electric,CVE-2024-37029,7.8
Fuji Electric,CVE-2024-37029,7.8
Fuji Electric,CVE-2024-37029,7.8
Fuji Electric,CVE-2024-37022,7.8
Dropbox,CVE-2024-5924,8.8
Deep Sea Electronics,CVE-2024-5952,4.3
Deep Sea Electronics,CVE-2024-5951,7.1
Deep Sea Electronics,CVE-2024-5950,8.8
Deep Sea Electronics,CVE-2024-5949,4.3
Deep Sea Electronics,CVE-2024-5948,8.8
Deep Sea Electronics,CVE-2024-5947,6.5
Famatech,CVE-2024-30376,7.3
IrfanView,CVE-2024-5876,7.8
IrfanView,CVE-2024-5875,7.8
IrfanView,CVE-2024-5874,7.8
IrfanView,CVE-2024-5877,7.8
Mozilla,CVE-2024-29944,7.8
Mozilla,CVE-2024-29943,5.4
Delta Electronics,CVE-2024-4192,7.8
Delta Electronics,CVE-2024-4192,7.8
Delta Electronics,CVE-2024-4192,7.8
Delta Electronics,CVE-2024-4192,7.8
Delta Electronics,CVE-2024-4192,7.8
Delta Electronics,CVE-2024-4192,7.8
Delta Electronics,CVE-2024-4192,7.8
Delta Electronics,CVE-2024-4192,7.8
Delta Electronics,CVE-2024-4192,7.8
Delta Electronics,CVE-2024-4192,7.8
Delta Electronics,CVE-2024-4192,7.8
Delta Electronics,CVE-2024-4192,7.8
Delta Electronics,CVE-2024-4192,7.8
Delta Electronics,CVE-2024-4192,7.8
Delta Electronics,CVE-2024-4192,7.8
Delta Electronics,CVE-2024-4192,7.8
Delta Electronics,CVE-2024-4192,7.8
Delta Electronics,CVE-2024-4192,7.8
Delta Electronics,CVE-2024-4192,7.8
Delta Electronics,CVE-2024-4192,7.8
Delta Electronics,CVE-2024-4192,7.8
Delta Electronics,CVE-2024-4192,7.8
Delta Electronics,CVE-2024-4192,7.8
Delta Electronics,CVE-2024-4192,7.8
Delta Electronics,CVE-2024-4192,7.8
Delta Electronics,CVE-2024-4192,7.8
Delta Electronics,CVE-2024-4192,7.8
Delta Electronics,CVE-2024-4192,7.8
Delta Electronics,CVE-2024-4192,7.8
Delta Electronics,CVE-2024-4192,7.8
Delta Electronics,CVE-2024-4192,7.8
Delta Electronics,CVE-2024-4192,7.8
Delta Electronics,CVE-2024-4192,7.8
Delta Electronics,CVE-2024-4192,7.8
Delta Electronics,CVE-2024-4192,7.8
Delta Electronics,CVE-2024-4192,7.8
Delta Electronics,CVE-2024-4192,7.8
Delta Electronics,CVE-2024-4192,7.8
Delta Electronics,CVE-2024-4192,7.8
Delta Electronics,CVE-2024-4192,7.8
Delta Electronics,CVE-2024-4192,7.8
Delta Electronics,CVE-2024-4192,7.8
Delta Electronics,CVE-2024-4192,7.8
Delta Electronics,CVE-2024-4192,7.8
Logsign,CVE-2024-5719,8.8
Logsign,CVE-2024-5718,8.1
Logsign,CVE-2024-5717,8.8
Logsign,CVE-2024-5716,8.6
Logsign,CVE-2024-5721,8.1
Logsign,CVE-2024-5722,8.8
Logsign,CVE-2024-5720,8.8
Luxion,,7.8
Luxion,,7.8
Advantech,CVE-2023-52335,7.5
Microsoft,CVE-2024-30082,8.8
Microsoft,CVE-2024-30082,8.8
Microsoft,CVE-2024-30089,8.8
Microsoft,CVE-2024-30088,8.8
Microsoft,CVE-2024-30087,8.8
Microsoft,CVE-2024-35250,8.8
Microsoft,CVE-2024-30084,8.8
Microsoft,CVE-2024-30086,8.8
Microsoft,CVE-2024-30085,7.8
Schneider Electric,,9.8
Adobe,CVE-2024-34115,7.8
Microsoft,,7.7
Centreon,CVE-2024-5725,8.8
Centreon,CVE-2024-32501,8.8
Centreon,CVE-2024-5723,8.8
Siemens,CVE-2024-32639,7.8
Linux,CVE-2023-31436,8.2
Linux,CVE-2023-39189,5.1
Linux,CVE-2023-42755,6.7
Linux,CVE-2023-4458,4.0
Linux,CVE-2023-39180,4.0
Linux,CVE-2023-39179,7.5
Linux,,6.8
Linux,CVE-2023-39176,5.8
Trend Micro,CVE-2024-36473,5.3
NETGEAR,CVE-2023-51635,8.8
NETGEAR,CVE-2023-51634,7.5
SEW-EURODRIVE,CVE-2024-1167,5.5
Microsoft,,10.0
Microsoft,,9.8
Apple,CVE-2024-27836,7.8
Apple,CVE-2024-23286,3.3
Trend Micro,CVE-2024-37289,7.8
Trend Micro,CVE-2024-32849,7.8
Trend Micro,CVE-2024-36358,7.8
Trend Micro,CVE-2024-36359,5.4
Trend Micro,CVE-2024-36307,4.7
Trend Micro,CVE-2024-36305,7.8
Trend Micro,CVE-2024-36304,7.8
Trend Micro,CVE-2024-36303,7.8
Trend Micro,CVE-2024-36302,7.8
Trend Micro,CVE-2024-36306,6.1
GStreamer,CVE-2024-0444,7.5
Luxion,CVE-2024-30374,7.8
Luxion,CVE-2024-30375,7.8
Fuji Electric,CVE-2024-5597,7.8
NETGEAR,CVE-2024-5505,8.8
Canon,CVE-2023-6234,8.8
Progress Software,CVE-2024-4358,9.8
Lexmark,CVE-2023-50738,6.3
G DATA,CVE-2024-1867,7.8
G DATA,CVE-2024-1868,7.8
Kofax,CVE-2024-30373,7.8
Kofax,CVE-2024-5513,7.8
Kofax,CVE-2024-5512,3.3
Kofax,CVE-2024-5511,7.8
Kofax,CVE-2024-5510,7.8
Kofax,CVE-2024-5307,3.3
Kofax,CVE-2024-5306,7.8
Kofax,CVE-2024-5305,7.8
Kofax,CVE-2024-5304,7.8
Kofax,CVE-2024-5303,7.8
Kofax,CVE-2024-5302,7.8
Kofax,CVE-2024-5301,7.8
Sonos,CVE-2024-5269,8.8
Sonos,CVE-2024-5268,4.3
Sonos,CVE-2024-5267,8.8
Sonos,CVE-2024-5256,4.3
Luxion,CVE-2024-5507,7.8
Luxion,CVE-2024-5509,7.8
Luxion,CVE-2024-5508,7.8
Luxion,CVE-2024-5506,7.8
Fuji Electric,CVE-2024-34579,7.8
Fuji Electric,CVE-2024-34579,7.8
Fuji Electric,CVE-2024-34171,7.8
Fuji Electric,CVE-2024-34171,7.8
Fuji Electric,CVE-2024-34171,7.8
Fuji Electric,CVE-2024-34171,7.8
Fuji Electric,CVE-2024-5271,7.8
Fuji Electric,CVE-2024-34171,7.8
VMware,CVE-2024-22269,6.0
VMware,CVE-2024-22270,6.0
VMware,CVE-2024-22267,8.2
VMware,CVE-2024-22267,8.2
A10,CVE-2024-30369,7.8
A10,CVE-2024-30368,7.2
Phoenix Contact,CVE-2024-28137,7.8
Phoenix Contact,CVE-2024-28135,6.8
Phoenix Contact,CVE-2024-28136,7.5
Phoenix Contact,CVE-2024-28134,7.5
Phoenix Contact,CVE-2024-28133,7.8
Progress Software,CVE-2024-4357,6.5
Progress Software,CVE-2024-4561,4.2
Progress Software,CVE-2024-4562,7.1
NETGEAR,CVE-2024-5247,8.8
Ivanti,CVE-2024-29846,7.2
Ivanti,CVE-2024-29830,7.2
Ivanti,CVE-2024-29829,7.2
Ivanti,CVE-2024-29828,7.2
Ivanti,CVE-2024-29827,9.8
Ivanti,CVE-2024-29826,9.8
Ivanti,CVE-2024-29825,9.8
Ivanti,CVE-2024-29824,9.8
Ivanti,CVE-2024-29823,9.8
Ivanti,CVE-2024-29822,9.8
Ivanti,CVE-2024-29848,7.2
TP-Link,CVE-2024-5244,5.0
TP-Link,CVE-2024-5243,7.5
TP-Link,CVE-2024-5242,7.5
TP-Link,CVE-2024-5228,7.5
TP-Link,CVE-2024-5227,7.5
NETGEAR,CVE-2024-5247,8.8
NETGEAR,CVE-2024-5246,8.8
NETGEAR,CVE-2024-5245,7.8
Microsoft,CVE-2024-30037,8.8
VMware,CVE-2024-22268,9.6
Adobe,CVE-2024-30279,7.8
Adobe,CVE-2024-30280,7.8
WithSecure,CVE-2024-4454,7.3
LAquis,CVE-2024-5040,7.8
LAquis,CVE-2024-5040,7.8
LAquis,CVE-2024-5040,7.8
LAquis,CVE-2024-5040,5.5
LAquis,CVE-2024-5040,7.8
LAquis,CVE-2024-5040,7.8
LAquis,CVE-2024-5040,7.8
Adobe,CVE-2024-30310,7.8
Adobe,CVE-2024-34094,7.8
Adobe,CVE-2024-34095,7.8
Adobe,CVE-2024-34096,7.8
Adobe,CVE-2024-30284,7.8
Adobe,CVE-2024-34097,7.8
Adobe,CVE-2024-34101,3.3
QNAP,CVE-2023-51365,6.5
QNAP,CVE-2023-51364,6.5
QNAP,CVE-2024-32766,6.5
QNAP,CVE-2024-27124,6.5
QNAP,CVE-2024-32764,7.4
QNAP,CVE-2024-21901,8.8
QNAP,CVE-2024-21899,9.1
Avira,CVE-2023-51636,7.8
Sante,CVE-2023-51637,9.8
GStreamer,CVE-2024-4453,7.8
Siemens,CVE-2024-32066,7.8
Siemens,CVE-2024-32059,7.8
Siemens,CVE-2024-32061,7.8
Siemens,CVE-2024-32062,7.8
Siemens,CVE-2024-32063,7.8
Siemens,CVE-2024-32064,7.8
Siemens,CVE-2024-32065,7.8
Siemens,CVE-2024-32060,7.8
Siemens,CVE-2024-32057,7.8
Siemens,CVE-2024-32058,7.8
NI,CVE-2024-4044,7.8
SolarWinds,CVE-2024-28075,9.9
SolarWinds,CVE-2024-23473,8.6
Microsoft,CVE-2024-30043,7.1
Microsoft,CVE-2024-30034,8.4
Microsoft,CVE-2024-30033,7.0
D-Link,CVE-2024-5299,8.8
D-Link,CVE-2024-5298,8.8
D-Link,CVE-2024-5297,8.8
D-Link,CVE-2024-5296,9.8
D-Link,CVE-2024-5295,8.8
D-Link,CVE-2024-5294,4.3
D-Link,CVE-2024-5293,8.8
D-Link,CVE-2024-5292,7.3
D-Link,CVE-2024-5291,8.8
Delta Electronics,CVE-2024-1595,7.8
Delta Electronics,CVE-2023-46604,9.8
Microsoft,CVE-2023-24948,7.6
Dassault Systèmes,CVE-2024-3298,7.8
Dassault Systèmes,CVE-2024-3298,7.8
Dassault Systèmes,CVE-2024-3298,7.8
Dassault Systèmes,CVE-2024-3298,7.8
Dassault Systèmes,CVE-2024-1847,7.8
Dassault Systèmes,CVE-2024-3298,7.8
Dassault Systèmes,CVE-2024-1847,7.8
Dassault Systèmes,CVE-2024-3298,7.8
Dassault Systèmes,CVE-2024-1847,7.8
Dassault Systèmes,CVE-2024-3298,7.8
Dassault Systèmes,CVE-2024-1847,7.8
Adobe,CVE-2024-30306,7.8
Adobe,CVE-2024-30302,3.3
Adobe,CVE-2024-30303,7.8
Adobe,CVE-2024-30305,7.8
Adobe,CVE-2024-30301,7.8
Adobe,CVE-2024-30304,7.8
SonicWALL,CVE-2024-29011,7.5
SonicWALL,CVE-2024-29010,7.1
Xiaomi,CVE-2024-4406,8.8
Xiaomi,CVE-2024-4405,8.8
Xiaomi,CVE-2023-26322,8.8
Centreon,CVE-2023-51633,7.5
Oracle,CVE-2024-21113,6.0
Oracle,CVE-2024-21112,6.0
Oracle,CVE-2024-21115,8.2
Oracle,CVE-2024-21114,8.2
Oracle,CVE-2024-21121,6.0
Oracle,CVE-2024-21116,7.8
Oracle,CVE-2024-21110,7.3
Oracle,CVE-2024-21109,5.9
X.Org,CVE-2024-31083,7.8
Adobe,CVE-2023-48633,7.8
Lexmark,CVE-2023-50739,8.8
Apple,CVE-2024-23264,3.3
Progress Software,CVE-2024-1800,8.8
Progress Software,CVE-2024-1856,7.2
Progress Software,CVE-2024-1801,7.8
Microsoft,,9.8
Microsoft,CVE-2024-29991,7.5
Wazuh,CVE-2023-50260,8.8
Wazuh,CVE-2024-32038,9.8
Microsoft,,9.8
Ivanti,CVE-2024-27984,7.1
Ivanti,CVE-2024-27978,6.5
Ivanti,CVE-2024-27977,7.1
Ivanti,CVE-2024-27976,8.8
Ivanti,CVE-2024-27975,8.8
Ivanti,CVE-2024-25000,8.8
Ivanti,CVE-2024-24999,8.8
Ivanti,CVE-2024-24998,8.8
Ivanti,CVE-2024-24997,8.8
Ivanti,CVE-2024-24996,9.8
Ivanti,CVE-2024-24995,8.8
Ivanti,CVE-2024-24994,8.8
Ivanti,CVE-2024-24993,8.8
Ivanti,CVE-2024-24992,8.8
Ivanti,CVE-2024-24991,6.5
Ivanti,CVE-2024-23535,8.8
Ivanti,CVE-2024-23534,8.8
Ivanti,CVE-2024-23532,7.5
Ivanti,CVE-2024-23533,4.3
Ivanti,CVE-2024-23531,7.5
Ivanti,CVE-2024-23530,5.3
Ivanti,CVE-2024-23529,5.3
Ivanti,CVE-2024-23528,5.3
Ivanti,CVE-2024-23527,5.3
Ivanti,CVE-2024-23526,5.3
Ivanti,CVE-2024-22061,8.1
Google,,5.3
GStreamer,CVE-2023-50186,7.5
Google,CVE-2024-3159,5.4
Google,CVE-2024-2887,5.4
Microsoft,CVE-2024-3914,5.4
Arista,CVE-2024-27889,8.8
Microsoft,CVE-2024-26158,7.8
Microsoft,CVE-2024-20685,5.9
Microsoft,CVE-2024-29988,8.8
JetBrains,CVE-2024-31138,4.6
Flexera Software,CVE-2024-2658,7.8
GitLab,CVE-2024-2818,4.3
RARLAB,CVE-2024-30370,4.3
Siemens,CVE-2024-27907,7.8
Wireshark,CVE-2023-6175,7.8
Schneider Electric,CVE-2024-2229,7.8
Softing,CVE-2024-0860,8.0
Softing,CVE-2023-38126,7.2
SolarWinds,CVE-2024-23479,10.0
SolarWinds,CVE-2023-40057,9.9
SolarWinds,CVE-2024-23476,10.0
SolarWinds,CVE-2024-23477,9.0
SolarWinds,CVE-2024-23478,9.9
Foxit,CVE-2024-30371,7.8
Foxit,CVE-2024-30367,7.8
Foxit,CVE-2024-30366,7.8
Foxit,CVE-2024-30365,7.8
Foxit,CVE-2024-30363,3.3
Foxit,CVE-2024-30364,3.3
Foxit,CVE-2024-30360,7.8
Foxit,CVE-2024-30362,7.8
Foxit,CVE-2024-30361,7.8
Foxit,CVE-2024-30355,7.8
Foxit,CVE-2024-30356,3.3
Foxit,CVE-2024-30352,7.8
Foxit,CVE-2024-30353,7.8
Foxit,CVE-2024-30350,3.3
Foxit,CVE-2024-30354,7.8
Foxit,CVE-2024-30357,7.8
Foxit,CVE-2024-30358,7.8
Foxit,CVE-2024-30359,7.8
Foxit,CVE-2024-30351,7.8
Foxit,CVE-2024-30347,3.3
Foxit,CVE-2024-30348,7.8
Foxit,CVE-2024-30349,7.8
Foxit,CVE-2024-30346,7.8
Foxit,CVE-2024-30345,7.8
Foxit,CVE-2024-30342,7.8
Foxit,CVE-2024-30340,3.3
Foxit,CVE-2024-30344,7.8
Foxit,CVE-2024-30338,7.8
Foxit,CVE-2024-30337,7.8
Foxit,CVE-2024-30339,7.8
Foxit,CVE-2024-30343,7.8
Foxit,CVE-2024-30341,7.8
Foxit,CVE-2024-30325,7.8
Foxit,CVE-2024-30326,7.8
Foxit,CVE-2024-30328,7.8
Foxit,CVE-2024-30327,7.8
Foxit,CVE-2024-30329,3.3
Foxit,CVE-2024-30330,7.8
Foxit,CVE-2024-30331,7.8
Foxit,CVE-2024-30333,7.8
Foxit,CVE-2024-30334,7.8
Foxit,CVE-2024-30332,7.8
Foxit,CVE-2024-30335,3.3
Foxit,CVE-2024-30336,7.8
Foxit,CVE-2024-30324,7.8
Foxit,CVE-2024-30323,7.8
Foxit,CVE-2024-30322,7.8
Linux,CVE-2023-52628,7.3
Linux,CVE-2023-52628,7.3
Linux,CVE-2023-52628,7.3
Autodesk,CVE-2024-23138,7.8
Autodesk,CVE-2024-23139,7.8
Microsoft,CVE-2024-26199,7.8
Microsoft,CVE-2024-21411,8.8
Adobe,CVE-2024-20745,7.8
Adobe,CVE-2024-20752,7.8
NI,CVE-2024-23609,7.8
NI,CVE-2024-23612,7.8
NI,CVE-2024-23611,7.8
NI,CVE-2024-23610,7.8
NI,CVE-2024-23608,7.8
NI,CVE-2024-23609,7.8
Adobe,CVE-2024-20765,7.8
Apple,CVE-2024-23257,3.3
Dassault Systèmes,CVE-2024-1847,7.8
Dassault Systèmes,CVE-2024-1847,7.8
Dassault Systèmes,CVE-2024-1847,7.8
Dassault Systèmes,CVE-2024-1847,7.8
Dassault Systèmes,CVE-2024-1847,7.8
Dassault Systèmes,CVE-2024-1847,7.8
Dassault Systèmes,CVE-2024-1847,7.8
Dassault Systèmes,CVE-2024-1847,7.8
Dassault Systèmes,CVE-2024-1847,7.8
Dassault Systèmes,CVE-2024-1847,7.8
Dassault Systèmes,CVE-2024-1847,7.8
Dassault Systèmes,CVE-2024-1847,7.8
Dassault Systèmes,CVE-2024-1847,7.8
Dassault Systèmes,CVE-2024-1847,7.8
Dassault Systèmes,CVE-2024-1847,7.8
Dassault Systèmes,CVE-2024-3299,7.8
Dassault Systèmes,CVE-2024-1847,7.8
Dassault Systèmes,CVE-2024-1847,7.8
Dassault Systèmes,CVE-2024-1847,7.8
Dassault Systèmes,CVE-2024-1847,7.8
Dassault Systèmes,CVE-2024-1847,7.8
Dassault Systèmes,CVE-2024-3299,7.8
Dassault Systèmes,CVE-2024-1847,7.8
Dassault Systèmes,CVE-2024-1847,7.8
Dassault Systèmes,CVE-2024-1847,7.8
Dassault Systèmes,CVE-2024-1847,7.8
Dassault Systèmes,CVE-2024-1847,7.8
Dassault Systèmes,CVE-2024-1847,7.8
Dassault Systèmes,CVE-2024-3298,7.8
Dassault Systèmes,CVE-2024-3299,7.8
Dassault Systèmes,CVE-2024-1847,7.8
Dassault Systèmes,CVE-2024-1847,7.8
Dassault Systèmes,CVE-2024-3298,7.8
Ashlar-Vellum,,7.8
Ashlar-Vellum,,7.0
Ashlar-Vellum,,7.8
Ashlar-Vellum,,7.8
Ashlar-Vellum,,7.8
Ashlar-Vellum,,7.8
Ashlar-Vellum,,7.8
Ashlar-Vellum,,7.8
Ashlar-Vellum,,7.8
Ashlar-Vellum,,7.8
Ashlar-Vellum,,7.8
Ashlar-Vellum,,7.8
Ashlar-Vellum,,7.8
Ashlar-Vellum,,7.8
Ashlar-Vellum,,7.8
Ashlar-Vellum,,7.8
Delta Electronics,CVE-2024-1941,7.8
Kofax,CVE-2024-27334,3.3
Kofax,CVE-2024-27339,7.8
Kofax,CVE-2024-27337,7.8
Linux,CVE-2023-52440,9.0
Linux,CVE-2023-52441,8.6
Linux,CVE-2023-52442,9.3
Kofax,CVE-2024-27346,3.3
Kofax,CVE-2024-27345,3.3
Kofax,CVE-2024-27344,7.8
Kofax,CVE-2024-27343,3.3
Kofax,CVE-2024-27342,7.8
Kofax,CVE-2024-27341,7.8
Kofax,CVE-2024-27340,7.8
Kofax,CVE-2024-27338,7.8
Kofax,CVE-2024-27336,3.3
Kofax,CVE-2024-27335,7.8
Kofax,CVE-2024-27333,3.3
SolarWinds,CVE-2024-0692,9.8
NI,CVE-2024-1156,7.8
NI,CVE-2024-1155,7.8
NI,CVE-2024-1155,7.8
NI,CVE-2024-1155,7.8
NI,CVE-2024-1155,7.8
NI,CVE-2024-1155,7.8
Microsoft,,9.8
Apple,CVE-2023-42902,8.8
Apple,CVE-2023-42888,3.3
PDF-XChange,CVE-2024-27327,7.8
PDF-XChange,CVE-2024-27326,3.3
PDF-XChange,CVE-2024-27325,3.3
PDF-XChange,CVE-2024-27328,3.3
PDF-XChange,CVE-2024-27331,3.3
PDF-XChange,CVE-2024-27329,3.3
PDF-XChange,CVE-2024-27330,3.3
PDF-XChange,CVE-2024-27323,7.5
PDF-XChange,CVE-2024-27332,3.3
PDF-XChange,CVE-2024-27324,3.3
Linux,CVE-2024-26592,9.0
Linux,CVE-2024-26594,9.3
Sante,CVE-2024-1863,9.8
Schneider Electric,CVE-2024-0865,7.8
Schneider Electric,CVE-2024-0865,7.0
Trimble,,7.8
Trimble,,3.3
Trimble,,7.8
Trimble,,7.8
Trimble,,7.8
Inductive Automation,CVE-2023-50233,8.8
Inductive Automation,CVE-2023-50232,8.8
Apache,CVE-2024-23946,5.3
ESET,CVE-2024-0353,7.8
Siemens,CVE-2024-24925,7.8
Siemens,CVE-2024-24924,7.8
Siemens,CVE-2024-24923,7.8
Siemens,CVE-2024-24922,7.8
Siemens,CVE-2024-24921,7.8
Siemens,CVE-2024-24920,7.8
Siemens,CVE-2024-23798,7.8
Siemens,CVE-2024-23797,7.8
Siemens,CVE-2024-23796,7.8
Siemens,CVE-2024-23795,7.0
SolarWinds,CVE-2023-50395,8.8
SolarWinds,CVE-2023-35188,8.8
Adobe,CVE-2024-20739,7.8
Adobe,CVE-2024-20728,7.8
Adobe,CVE-2024-20734,3.3
Adobe,CVE-2024-20736,3.3
Microsoft,CVE-2024-21412,8.8
Microsoft,CVE-2024-21379,7.8
Autodesk,CVE-2024-0446,7.8
Autodesk,,7.8
Autodesk,CVE-2024-23123,7.8
Autodesk,CVE-2024-23136,7.8
Autodesk,CVE-2024-23135,7.8
Autodesk,CVE-2024-23134,7.8
Autodesk,CVE-2024-23129,7.8
Autodesk,CVE-2024-23129,7.8
Autodesk,CVE-2024-23134,7.8
Autodesk,CVE-2024-23131,7.8
Autodesk,CVE-2024-23129,7.8
Autodesk,CVE-2024-23132,7.8
Autodesk,CVE-2024-23131,7.8
Autodesk,CVE-2024-23127,7.8
Autodesk,CVE-2024-23127,7.8
Autodesk,CVE-2024-23127,7.8
Autodesk,CVE-2024-23126,7.8
Autodesk,CVE-2024-0446,7.8
Autodesk,CVE-2024-23127,7.8
Autodesk,CVE-2024-23122,7.8
Autodesk,CVE-2024-23121,7.8
Autodesk,CVE-2024-23137,7.8
Autodesk,CVE-2024-23124,7.8
Autodesk,CVE-2024-23127,7.8
Autodesk,CVE-2024-23131,7.8
Autodesk,CVE-2024-23130,7.8
Autodesk,CVE-2024-23129,7.8
Autodesk,CVE-2024-23128,7.8
Autodesk,CVE-2024-23131,7.8
Autodesk,CVE-2024-23131,7.8
Autodesk,CVE-2024-23130,7.8
Autodesk,CVE-2024-23129,7.8
Autodesk,CVE-2024-23123,7.8
Autodesk,CVE-2024-23131,7.8
Autodesk,CVE-2024-23128,7.8
Autodesk,CVE-2024-23127,7.8
Autodesk,CVE-2024-23125,7.8
Autodesk,CVE-2024-23120,7.8
Autodesk,CVE-2024-0446,7.8
Autodesk,CVE-2024-0446,7.8
X.Org,CVE-2023-6816,7.8
X.Org,CVE-2023-6816,7.8
X.Org,CVE-2024-0229,7.8
X.Org,CVE-2024-21885,7.8
X.Org,CVE-2024-21886,7.8
Centreon,CVE-2024-0637,8.8
Centreon,CVE-2024-23115,7.2
Centreon,CVE-2024-23116,7.2
Centreon,CVE-2024-23117,7.2
Centreon,CVE-2024-23118,7.2
Centreon,CVE-2024-23119,8.8
Allegra,CVE-2023-52334,7.5
Allegra,CVE-2023-51638,9.8
Allegra,CVE-2023-51639,9.8
Allegra,CVE-2023-51646,7.2
Allegra,CVE-2023-51647,7.2
Allegra,CVE-2023-51640,7.2
Allegra,CVE-2023-51641,9.8
Allegra,CVE-2023-51642,9.8
Allegra,CVE-2023-52333,9.8
Allegra,CVE-2023-51643,7.2
Allegra,CVE-2023-51644,9.8
Allegra,CVE-2023-51645,7.2
Allegra,CVE-2023-52332,7.5
Allegra,CVE-2023-51648,7.5
Schneider Electric,CVE-2023-7032,7.8
Wazuh,CVE-2023-42463,7.4
Oracle,CVE-2024-20953,8.8
Canon,CVE-2024-0244,8.8
Canon,CVE-2023-6234,8.8
Canon,CVE-2023-6233,8.8
Canon,CVE-2023-6232,8.8
Canon,CVE-2023-6231,8.8
Canon,CVE-2023-6230,8.8
Canon,CVE-2023-6229,8.8
Western Digital,CVE-2023-22819,5.3
Western Digital,CVE-2023-22817,6.3
TP-Link,CVE-2024-1180,6.8
TP-Link,CVE-2024-1179,7.5
Lexmark,CVE-2023-50737,8.8
Lexmark,CVE-2023-50736,8.8
Lexmark,CVE-2023-50735,7.5
Lexmark,CVE-2023-50734,8.8
Trend Micro,CVE-2023-41178,6.3
Trend Micro,CVE-2023-41177,6.3
Trend Micro,CVE-2023-41176,6.3
Trend Micro,CVE-2023-52324,6.5
Trend Micro,CVE-2023-52338,7.8
Trend Micro,CVE-2023-52337,7.8
Trend Micro,CVE-2023-52329,6.1
Paessler,CVE-2023-51630,8.8
Synology,CVE-2024-21473,7.5
Ivanti,CVE-2023-46804,7.5
Ivanti,CVE-2023-46223,9.8
Ivanti,CVE-2023-46222,9.8
Ivanti,CVE-2023-46221,9.8
Ivanti,CVE-2023-46803,7.5
Ivanti,CVE-2023-46220,9.8
Ivanti,CVE-2023-46258,9.8
Ivanti,CVE-2023-46257,9.8
Ivanti,CVE-2023-46225,9.8
Ivanti,CVE-2023-46224,9.8
Ivanti,CVE-2023-46259,9.8
Ivanti,CVE-2023-46260,7.5
Ivanti,CVE-2023-46261,9.8
Ivanti,CVE-2021-22962,7.3
Ivanti,CVE-2023-46266,7.3
Ivanti,CVE-2023-46263,7.2
Ivanti,CVE-2023-46264,7.2
Ivanti,CVE-2023-46265,6.5
Ivanti,CVE-2023-46262,7.5
Trend Micro,CVE-2023-52331,9.1
Trend Micro,CVE-2023-52330,5.4
D-Link,CVE-2023-51631,6.8
D-Link,CVE-2023-51629,6.3
D-Link,CVE-2023-51628,8.0
D-Link,CVE-2023-51627,8.0
D-Link,CVE-2023-51626,8.8
D-Link,CVE-2023-51625,8.0
D-Link,CVE-2023-51624,8.8
D-Link,CVE-2023-51623,6.8
D-Link,CVE-2023-51622,6.8
D-Link,CVE-2023-51621,6.8
D-Link,CVE-2023-51620,6.8
D-Link,CVE-2023-51619,6.8
D-Link,CVE-2023-51618,6.8
D-Link,CVE-2023-51617,6.8
D-Link,CVE-2023-51616,6.8
D-Link,CVE-2023-51615,6.8
D-Link,CVE-2023-51614,6.8
D-Link,CVE-2023-51613,6.8
Foxit,,7.8
Microsoft,CVE-2024-21310,7.8
Microsoft,CVE-2024-20677,7.8
Trend Micro,CVE-2023-52093,7.8
Trend Micro,CVE-2023-52094,7.0
Trend Micro,CVE-2023-52091,7.8
Trend Micro,CVE-2023-52090,7.8
Trend Micro,CVE-2023-52092,7.8
Trend Micro,CVE-2023-52325,7.5
Trend Micro,CVE-2023-52326,6.1
Trend Micro,CVE-2023-52327,6.1
Trend Micro,CVE-2023-52328,6.1
Linux,CVE-2023-6546,8.8
Bentley,CVE-2023-44430,7.8
Inductive Automation,CVE-2023-50223,8.8
Inductive Automation,CVE-2023-50222,8.8
Inductive Automation,CVE-2023-50221,8.8
Inductive Automation,CVE-2023-50220,7.2
Inductive Automation,CVE-2023-50219,8.8
oFono,CVE-2023-4235,8.1
X.Org,CVE-2023-5367,7.8
X.Org,CVE-2023-6377,7.8
X.Org,CVE-2023-6377,7.8
X.Org,CVE-2023-6478,5.5
SolarWinds,CVE-2023-40058,8.6
Kofax,CVE-2023-51569,7.8
Kofax,CVE-2023-51567,3.3
Kofax,CVE-2023-51568,3.3
Kofax,CVE-2023-51566,7.8
Kofax,CVE-2023-51565,7.8
Kofax,CVE-2023-51564,3.3
Kofax,CVE-2023-51563,7.8
Sante,CVE-2025-5481,7.8
Action1,CVE-2025-5480,7.8
2BrightSparks,CVE-2025-5474,7.3
GIMP,CVE-2025-5473,7.8
SolarWinds,CVE-2025-26396,7.8
Hewlett Packard Enterprise,CVE-2025-37096,7.2
Hewlett Packard Enterprise,CVE-2025-37095,4.9
Hewlett Packard Enterprise,CVE-2025-37094,5.5
Hewlett Packard Enterprise,CVE-2025-37093,9.8
Hewlett Packard Enterprise,CVE-2025-37092,7.2
Hewlett Packard Enterprise,CVE-2025-37091,7.2
Hewlett Packard Enterprise,CVE-2025-37090,5.3
Hewlett Packard Enterprise,CVE-2025-37089,7.2
Sonos,CVE-2025-1051,8.8
Linux,CVE-2025-22037,6.8
Canon,CVE-2025-2146,8.8
Adobe,CVE-2025-30310,7.8
Linux,,6.7
Docker,CVE-2024-5652,7.8
Apple,CVE-2025-31219,8.8
Apple,CVE-2025-31251,8.8
Apple,CVE-2025-24222,4.3
Apple,CVE-2025-31239,7.8
Apple,CVE-2025-31238,8.8
Apple,CVE-2025-31209,3.3
Apple,CVE-2025-31208,3.3
Apple,CVE-2025-31233,8.8
Trend Micro,CVE-2025-47867,7.5
Trend Micro,CVE-2025-47866,4.3
Trend Micro,CVE-2025-47865,7.5
Microsoft,CVE-2025-29975,7.8
Microsoft,CVE-2025-29837,6.1
Mozilla,CVE-2025-4919,8.8
Mozilla,CVE-2025-4919,8.8
Rockwell Automation,CVE-2025-3617,7.8
Rockwell Automation,CVE-2025-3618,7.5
Fortinet,CVE-2025-25254,7.2
JetBrains,CVE-2025-46618,5.4
Dassault Systèmes,CVE-2025-1883,7.8
Dassault Systèmes,CVE-2025-1884,7.8
MATE Desktop,,7.8
MATE Desktop,,7.8
Webmin,CVE-2025-2774,8.8
Cisco,CVE-2025-20175,8.8
Cisco,CVE-2025-20170,6.5
Cisco,CVE-2025-20173,8.8
Cisco,CVE-2025-20176,8.8
Cisco,CVE-2025-20175,8.8
Cisco,CVE-2025-20174,7.5
Cisco,CVE-2025-20171,6.5
Cisco,CVE-2025-20172,4.3
Cisco,CVE-2025-20172,4.3
Cisco,CVE-2025-20172,4.3
Cisco,CVE-2025-20172,4.3
Cisco,CVE-2025-20169,6.5
Synology,CVE-2024-10445,5.3
GStreamer,CVE-2025-2759,7.0
GStreamer,CVE-2025-3887,8.8
Apache,CVE-2025-29953,8.1
Tesla,CVE-2025-2082,7.5
Tesla,CVE-2024-6032,7.8
Tesla,CVE-2024-6030,7.0
Tesla,CVE-2024-13943,7.8
Tesla,CVE-2024-6031,7.8
Tesla,CVE-2024-6029,5.0
Adobe,CVE-2024-34098,7.8
Adobe,CVE-2024-34099,7.8
Oracle,CVE-2024-21113,8.2
Avast,CVE-2025-3500,8.8
Allegra,CVE-2025-3486,7.2
Allegra,CVE-2025-3485,7.2
SonicWALL,CVE-2025-32817,6.1
Cato Networks,,7.8
Harman Becker,CVE-2025-3885,5.3
Cloudera,CVE-2025-3884,7.5
eCharge Hardy Barth,CVE-2025-3883,8.8
eCharge Hardy Barth,CVE-2025-3882,8.8
eCharge Hardy Barth,CVE-2025-3881,8.8
MedDream,CVE-2025-3480,5.3
MedDream,CVE-2025-3481,9.8
MedDream,CVE-2025-3482,9.8
MedDream,CVE-2025-3483,9.8
MedDream,CVE-2025-3484,9.8
Trend Micro,CVE-2025-30642,5.5
Trend Micro,CVE-2025-30641,7.8
Trend Micro,CVE-2025-30640,7.8
Trend Micro,CVE-2025-30680,7.1
Trend Micro,CVE-2025-30679,6.5
Trend Micro,CVE-2025-30678,6.5
Ivanti,CVE-2025-22461,7.2
Microsoft,CVE-2025-29812,8.8
Luxion,CVE-2025-1045,7.8
Luxion,CVE-2025-1047,7.8
Luxion,CVE-2025-1046,7.8
Samsung,CVE-2024-49413,7.5
Samsung,CVE-2024-49421,5.9
Samsung,,5.3
Samsung,CVE-2024-49420,5.3
Samsung,"CVE-2024-49419,  CVE-2024-49418",5.4
Sonos,CVE-2025-1050,8.8
Sonos,CVE-2025-1049,8.8
Sonos,CVE-2025-1048,8.8
Lexmark,CVE-2024-11346,4.3
Lexmark,,7.0
Lexmark,,6.3
Lexmark,CVE-2024-11347,8.8
Lexmark,CVE-2024-11345,8.8
Lexmark,CVE-2024-11344,8.8
Synology,CVE-2024-11131,8.8
Synology,CVE-2024-10444,7.5
Synology,CVE-2024-10441,8.8
Synology,CVE-2024-50631,6.4
Synology,CVE-2024-50630,7.5
Synology,CVE-2024-50629,6.5
Synology,CVE-2024-10445,7.5
Synology,CVE-2024-10445,4.3
Synology,CVE-2024-10442,7.5
Synology,CVE-2024-10443,8.8
Amazon,,9.8
Amazon,,9.8
GIMP,CVE-2025-2761,7.8
GIMP,CVE-2025-2760,7.8
Fortinet,CVE-2024-55597,5.5
Trend Micro,CVE-2025-27529,4.4
Exim,CVE-2025-30232,7.8
Autodesk,CVE-2025-1660,7.8
Autodesk,CVE-2025-1659,7.8
Autodesk,CVE-2025-1658,7.8
Apple,CVE-2025-24185,7.8
Apple,CVE-2025-24210,4.3
Apple,CVE-2025-24256,6.4
Apple,CVE-2025-24182,3.3
Apple,CVE-2025-24190,8.8
Apple,CVE-2025-24211,8.8
Apple,CVE-2025-24230,4.3
Apple,CVE-2025-24243,7.8
Apple,CVE-2025-24244,3.3
BEC Technologies,CVE-2025-2773,7.2
BEC Technologies,CVE-2025-2770,4.9
BEC Technologies,CVE-2025-2772,5.3
BEC Technologies,CVE-2025-2771,5.3
Bdrive,CVE-2025-2769,7.8
Bdrive,CVE-2025-2768,7.8
Arista,CVE-2025-2767,8.8
70mai,CVE-2025-2766,8.8
CarlinKit,CVE-2025-2763,6.8
CarlinKit,CVE-2025-2764,8.0
CarlinKit,CVE-2025-2765,7.6
CarlinKit,CVE-2025-2762,7.8
Luxion,CVE-2025-2532,7.8
Luxion,CVE-2025-2531,7.8
Luxion,CVE-2025-2530,7.8
Apple,CVE-2025-24124,8.8
Apple,CVE-2024-54500,3.3
Apple,CVE-2024-54501,3.3
Apple,CVE-2024-54497,4.3
Apple,CVE-2025-24123,8.8
Apple,CVE-2025-24139,3.3
Apple,CVE-2024-54486,3.3
Apple,CVE-2024-54499,3.3
Apple,CVE-2025-24149,3.3
Autodesk,CVE-2025-1652,7.8
Autodesk,CVE-2025-1427,7.8
Autodesk,CVE-2025-1428,7.8
Autodesk,CVE-2025-1429,7.8
Autodesk,CVE-2025-1649,7.8
Autodesk,CVE-2025-1650,7.8
Autodesk,CVE-2025-1651,7.8
Autodesk,CVE-2025-1430,7.8
Autodesk,CVE-2025-1433,7.8
Autodesk,CVE-2025-1432,7.8
Autodesk,CVE-2025-1431,7.8
Rockwell Automation,CVE-2024-12130,7.8
Progress Software,CVE-2025-1758,9.8
Microsoft,CVE-2025-26633,7.0
Adobe,CVE-2025-271561,7.8
Microsoft,,7.0
NI,CVE-2025-2450,7.8
NI,CVE-2025-2449,7.8
NVIDIA,CVE-2025-23242,7.3
NVIDIA,CVE-2025-23243,6.5
X.Org,CVE-2025-26594,7.8
X.Org,CVE-2025-26595,7.8
X.Org,CVE-2025-26596,7.8
X.Org,CVE-2025-26597,7.8
X.Org,CVE-2025-26598,7.8
X.Org,CVE-2025-26599,7.8
X.Org,CVE-2025-26600,7.8
X.Org,CVE-2025-26601,7.8
Adobe,CVE-2025-27162,7.8
Adobe,CVE-2025-24431,7.8
Adobe,CVE-2025-27174,7.8
Adobe,CVE-2025-27159,7.8
Adobe,CVE-2025-27160,7.8
Siemens,CVE-2025-25175,7.8
PDF-XChange,CVE-2025-2231,7.8
NI,CVE-2024-12742,7.8
Samsung,CVE-2025-2233,8.8
Ashlar-Vellum,CVE-2025-2022,7.8
Ashlar-Vellum,CVE-2025-2021,7.8
Ashlar-Vellum,CVE-2025-2020,7.8
Ashlar-Vellum,CVE-2025-2019,7.8
Ashlar-Vellum,CVE-2025-2023,7.8
Ashlar-Vellum,CVE-2025-2017,7.8
Ashlar-Vellum,CVE-2025-2013,7.8
Ashlar-Vellum,CVE-2025-2012,7.8
Ashlar-Vellum,CVE-2025-2018,7.8
Ashlar-Vellum,CVE-2025-2016,7.8
Ashlar-Vellum,CVE-2025-2015,7.8
Ashlar-Vellum,CVE-2025-2014,7.8
Ivanti,CVE-2024-13171,7.8
Autodesk,CVE-2024-12198,7.8
Autodesk,CVE-2024-12193,7.8
Trimble,CVE-2025-2024,7.8
SEW-EURODRIVE,,7.8
Apache,CVE-2024-56325,9.8
HP,CVE-2025-26507,7.8
HP,CVE-2025-26506,8.8
HP,CVE-2025-26508,8.8
NI,CVE-2024-12741,7.8
SolarWinds,CVE-2024-52606,7.1
Delta Electronics,,7.8
Delta Electronics,,7.8
Delta Electronics,,7.8
Linux,,9.0
PostHog,CVE-2025-1520,7.1
Delta Electronics,CVE-2025-22880,7.8
PostHog,CVE-2025-1522,7.1
PostHog,CVE-2025-1521,7.1
Fortinet,CVE-2024-50569,6.6
Fortinet,CVE-2024-50567,7.2
Apple,CVE-2024-27834,5.0
Apple,CVE-2024-27833,5.4
Microsoft,CVE-2025-21373,7.8
Microsoft,CVE-2025-21404,7.5
mySCADA,CVE-2025-20014,9.8
mySCADA,CVE-2025-20061,9.8
NVIDIA,CVE-2025-23359,9.0
PDF-XChange,CVE-2025-0900,3.3
Logsign,CVE-2025-1044,9.8
Mintty,CVE-2025-1052,8.8
Microsoft,,7.5
Parallels,CVE-2025-0413,7.8
TeamViewer,CVE-2025-0065,7.8
NI,CVE-2024-12740,7.8
NI,CVE-2024-12740,7.8
NI,CVE-2024-12740,7.8
NI,CVE-2024-12740,7.8
NoMachine,CVE-2024-9632,6.7
Canon,CVE-2024-12649,8.8
Canon,CVE-2024-12648,8.8
Canon,CVE-2024-12647,8.8
PDF-XChange,CVE-2025-0902,3.3
PDF-XChange,CVE-2025-0904,3.3
PDF-XChange,CVE-2025-0903,7.8
PDF-XChange,CVE-2025-0907,3.3
PDF-XChange,CVE-2025-0906,3.3
PDF-XChange,CVE-2025-0905,3.3
PDF-XChange,CVE-2025-0911,3.3
PDF-XChange,CVE-2025-0910,7.8
PDF-XChange,CVE-2025-0909,3.3
PDF-XChange,CVE-2025-0908,3.3
PDF-XChange,CVE-2025-0901,7.8
PDF-XChange,CVE-2025-0899,7.8
Google,CVE-2024-9954,7.5
Siemens,CVE-2024-53041,7.8
Siemens,CVE-2024-53242,7.8
Siemens,CVE-2024-45471,7.8
Siemens,CVE-2024-45469,7.8
Sante,CVE-2025-0574,8.2
Sante,CVE-2025-0572,4.3
Sante,CVE-2025-0573,5.3
Sante,CVE-2025-0569,7.5
Sante,CVE-2025-0571,6.5
Sante,CVE-2025-0570,6.5
Sante,CVE-2025-0568,7.5
Apple,CVE-2024-27856,8.8
WinZip Computing,CVE-2025-1240,7.8
Adobe,CVE-2025-21127,7.3
7-Zip,CVE-2025-0411,7.0
Ivanti,CVE-2024-13179,7.3
Ivanti,CVE-2024-13180,7.5
Ivanti,CVE-2024-13181,7.3
Ivanti,CVE-2024-13162,7.2
Ivanti,CVE-2024-13163,7.8
Ivanti,CVE-2024-13164,6.2
Ivanti,CVE-2024-13165,7.5
Ivanti,CVE-2024-13166,7.5
Ivanti,CVE-2024-13167,7.5
Ivanti,CVE-2024-13168,7.5
Ivanti,CVE-2024-13169,5.5
Ivanti,CVE-2024-13170,7.5
Ivanti,CVE-2024-13172,7.8
Ivanti,CVE-2024-13158,7.2
Microsoft,CVE-2025-21363,7.8
Microsoft,CVE-2025-21331,7.8
Microsoft,CVE-2025-21298,7.8
Google,CVE-2024-2886,5.4
Mintty,CVE-2024-45301,5.3
Avira,CVE-2024-9525,7.8
Avira,CVE-2024-9524,7.8
Avira,CVE-2024-9523,7.8
Apple,,3.3
Apple,,3.3
Apple,,3.3
Apple,,3.3
Apple,,3.3
Apple,,3.3
Apple,"CVE-2024-44240,  CVE-2024-44302",3.3
Apple,"CVE-2024-44240,  CVE-2024-44302",3.3
SonicWALL,CVE-2024-53706,7.8
SonicWALL,CVE-2024-53705,8.1
SonicWALL,CVE-2024-53704,9.8
SonicWALL,CVE-2024-40762,8.8
Redis,CVE-2024-46981,7.2
Redis,CVE-2024-55656,8.8
Trend Micro,CVE-2024-55955,6.7
Trend Micro,CVE-2024-52047,7.5
Trend Micro,CVE-2024-52049,7.8
Trend Micro,CVE-2024-52048,7.8
Trend Micro,CVE-2024-55917,7.8
Trend Micro,CVE-2024-55632,7.8
Trend Micro,CVE-2024-52050,7.8
Trend Micro,CVE-2024-55631,7.8
