Score,Date,Post ID,Comment ID,CVE_ID
4,2012-10-31T00:00:00.000Z,12dt5c,c6uab0h,CVE-2012-2027
1,2013-01-19T00:00:00.000Z,16bjte,c7ztgud,CVE-2012-0507
4,2013-04-05T00:00:00.000Z,1bqc0w,c99e2lm,CVE-2012-4681
2,2013-05-08T00:00:00.000Z,1676jf,c9ur79z,CVE-2013-1347
22,2013-08-19T00:00:00.000Z,1ko1gz,cbqyisy,CVE-2012-0217
7,2013-08-22T00:00:00.000Z,1ktj2r,cbsoz5w,cve-2013-2028
2,2013-11-29T00:00:00.000Z,1rpa42,cdpi1r1,CVE-2012-1823
2,2013-12-05T00:00:00.000Z,1s5y66,cdu8baq,CVE-2006-6880
2,2013-12-19T00:00:00.000Z,1t2yqo,ce5afhj,CVE-2012-1823
2,2014-01-13T00:00:00.000Z,1v34qu,ceogc69,CVE-2012-4681
1,2014-02-04T00:00:00.000Z,1wxrnn,cf6ewn7,CVE-2014-1681
1,2014-02-27T00:00:00.000Z,1z1kxq,cfpscvh,CVE-2011-4321
7,2014-03-31T00:00:00.000Z,21uevx,cggmbx1,CVE-2014-0591
1,2014-08-29T00:00:00.000Z,2eshz0,ck3eyt6,CVE-2012-5357
1,2014-08-29T00:00:00.000Z,2eshz0,ck3opjx,CVE-1012-5358
3,2014-10-14T00:00:00.000Z,2j82ti,cl98wiw,cve-2014-6271
1,2014-10-17T00:00:00.000Z,2jgi12,clbnhfj,CVE-2004-1254
3,2014-10-22T00:00:00.000Z,2k03ig,clgprdy,CVE-2014-3490
3,2015-01-06T00:00:00.000Z,2rhseb,cngdfz7,CVE-2008-0923
-1,2015-01-25T00:00:00.000Z,2tlp4x,co09pg8,CVE-2014-8642
2,2015-02-04T00:00:00.000Z,2urazg,coazaoh,cve-2014-6324
1,2015-02-12T00:00:00.000Z,2vmlr9,coj0z6e,CVE-2015-0008
1,2015-02-12T00:00:00.000Z,2vmlr9,coj2rel,CVE-2015-0008
1,2015-04-02T00:00:00.000Z,318aa7,cpzdu2q,CVE-2012-0158
1,2015-04-17T00:00:00.000Z,32xhhk,cqfk3a9,CVE-2015-1635
1,2015-05-11T00:00:00.000Z,35ltq7,cr5x4og,CVE-2015-3152
2,2015-07-18T00:00:00.000Z,3dpa2q,ct7lg7z,CVE-2012-4953
7,2015-07-22T00:00:00.000Z,3e7pps,ctcd08q,cve-2015-0311
10,2015-08-28T00:00:00.000Z,3io1m5,cui6k2a,CVE-2006-2369
1,2015-11-12T00:00:00.000Z,3sf0nn,cwxipv9,cve-2012-1823
1,2015-12-09T00:00:00.000Z,3w3z66,cxt82xb,CVE-2012-0394
11,2016-02-02T00:00:00.000Z,43vgzz,czlip60,CVE-2015-3456
5,2016-02-09T00:00:00.000Z,44xnbz,cztpa8o,CVE-2009-3023
2,2016-02-15T00:00:00.000Z,45ttxx,d00n18r,CVE-2015-6172
1,2016-07-22T00:00:00.000Z,4u4858,d5n0cl7,CVE-2016-0701
1,2016-10-24T00:00:00.000Z,58rra0,d965pwf,CVE-2016-4631
1,2016-11-02T00:00:00.000Z,5anncd,d9i2l3c,cve-2016-0189
1,2017-04-04T00:00:00.000Z,63dbhh,dftfu5p,cve-2009-2692
1,2017-04-26T00:00:00.000Z,67f3zh,dgrtxlh,CVE-2008-0166
2,2017-04-29T00:00:00.000Z,6831r5,dgw1pn4,CVE-2017-5638
1,2017-05-02T00:00:00.000Z,68li59,dh0t6nu,cve-2014-3566
32,2017-05-13T00:00:00.000Z,6auev1,dhhm3gx,CVE-2017-0148
2,2017-06-15T00:00:00.000Z,6hb2dh,dixbvpq,CVE-2015-1538
9,2017-07-03T00:00:00.000Z,6l16rq,djqcgg8,CVE-2011-3402
1,2017-08-21T00:00:00.000Z,6uxwaw,dlx9m61,CVE-2017-1000001
9,2017-09-16T00:00:00.000Z,70da0v,dn2j70o,CVE-2017-5638
1,2017-10-17T00:00:00.000Z,76x1ht,doiaccd,CVE-2017-13080
2,2017-11-28T00:00:00.000Z,7g3fj3,dqg8d20,CVE-2017-16944
4,2018-01-25T00:00:00.000Z,7suluv,dt7syew,CVE-2017-0143
3,2018-01-30T00:00:00.000Z,7tzuxw,dtgief3,CVE-2016-6663
2,2018-02-27T00:00:00.000Z,80gb4c,duvsnmt,CVE-2012-6708
1,2018-04-23T00:00:00.000Z,8e9yw8,dxtquqv,CVE-2017-14491
2,2018-05-05T00:00:00.000Z,8h7a76,dyhvlh9,CVE-2001-1521
2,2018-06-21T00:00:00.000Z,8slhs0,e113pzw,CVE-2018-0886
6,2018-08-01T00:00:00.000Z,93q5mo,e3feyw3,cve-2017-8570
1,2018-08-02T00:00:00.000Z,93q5mo,e3hbgmu,cve-2018-7600
1,2018-08-23T00:00:00.000Z,991tkt,e4ptshm,CVE-2017-11882
4,2018-09-05T00:00:00.000Z,9d1ccg,e5eqdg5,cve-2018-0950
1,2018-10-09T00:00:00.000Z,9mrjgc,e7h2jxm,CVE-2009-2493
6,2018-10-25T00:00:00.000Z,9r5qzb,e8ejsze,cve-2015-3684
2,2018-11-17T00:00:00.000Z,9xral9,e9wewmn,cve-2018-10933
2,2018-11-25T00:00:00.000Z,a07j78,eagog4l,cve-2018-10933
1,2018-11-30T00:00:00.000Z,a1tw47,easpngt,CVE-2012-4929
1,2019-01-24T00:00:00.000Z,ajchi1,eeuixq3,cve-2108-8725
2,2019-02-16T00:00:00.000Z,ar5n0l,egl3d8y,CVE-2017-9765
2,2019-02-22T00:00:00.000Z,asos7t,eh281sz,CVE-2017-16643
22,2019-05-16T00:00:00.000Z,bpd84v,enrz6sb,CVE-2019-0708
-1,2019-05-16T00:00:00.000Z,bpd84v,ens851p,CVE-2019-0708
-4,2019-05-16T00:00:00.000Z,bpd84v,ens8rgf,CVE-2019-0708
0,2019-05-16T00:00:00.000Z,bpd84v,ensfdcx,CVE-2019-0708
-2,2019-05-16T00:00:00.000Z,bpd84v,ensl52b,CVE-2019-0708
6,2019-05-16T00:00:00.000Z,bpd84v,entgow8,cve-2019-0708
3,2019-05-17T00:00:00.000Z,bpd84v,enu8gm9,CVE-2019-0708
1,2019-05-17T00:00:00.000Z,bpd84v,env1ikw,CVE-2019-0708
1,2019-05-17T00:00:00.000Z,bpd84v,envgcos,CVE-2019-0708
3,2019-05-22T00:00:00.000Z,brltwf,eoeysna,CVE-2019-9818
14,2019-05-24T00:00:00.000Z,bsbbqd,eol0utc,CVE-2019-0708
2,2019-06-02T00:00:00.000Z,bvsqzu,epuucvk,cve-2018-10933
1,2019-06-04T00:00:00.000Z,bpd84v,epz571s,CVE-2019-0708
1,2019-06-05T00:00:00.000Z,bx3gl6,eq3dy34,CVE-2017-5715
1,2019-06-05T00:00:00.000Z,bu2f25,eq3s86c,CVE-2001-0572
2,2019-07-10T00:00:00.000Z,cb565l,etew5xu,CVE-2019-13450
1,2019-07-14T00:00:00.000Z,ccnahy,etr4ubr,CVE-2019-3916
12,2019-09-20T00:00:00.000Z,d6w0us,f0vx3qn,CVE-2011-2013
11,2019-09-20T00:00:00.000Z,d6w0us,f0vziu1,CVE-2018-17793
4,2019-09-20T00:00:00.000Z,d6w0us,f0w6ool,CVE-2019-0708
14,2019-09-20T00:00:00.000Z,d6w0us,f0wgs9j,CVE-2011-0762
1,2019-10-05T00:00:00.000Z,ddnuoq,f2kn68c,CVE-2019-15295
5,2019-11-06T00:00:00.000Z,dsgkt0,f6p9156,CVE-2019-13720
2,2019-12-28T00:00:00.000Z,egr94i,fc91cqf,CVE-2018-4990
67,2020-01-05T00:00:00.000Z,ek50nb,fd6c8di,CVE-2005-4560
1,2020-01-14T00:00:00.000Z,eomrkd,fee6klm,CVE-2015-0699
1,2020-01-17T00:00:00.000Z,eq5j3z,feo61nr,CVE-2020-0601
6,2020-01-23T00:00:00.000Z,esr6we,ffc7zq7,CVE-2019-11932
1,2020-02-02T00:00:00.000Z,ex9vqt,fgbrxxr,CVE-2018-14847
1,2020-04-29T00:00:00.000Z,g9hogt,foycjh3,cve-2018-20062
20,2020-06-24T00:00:00.000Z,hf8vjp,fvwme29,CVE-2020-8515
7,2020-07-28T00:00:00.000Z,hzgjjw,fzjrjz0,CVE-2020-1350
1,2021-09-17T00:00:00.000Z,pphzyc,hd7b7ik,CVE-2021-40444
3,2021-10-16T00:00:00.000Z,q8wa0g,hgt8w5y,CVE-2020-11022
1,2021-10-28T00:00:00.000Z,j9nv92,hif98hy,CVE-2021-37980
2,2021-11-23T00:00:00.000Z,r06q5j,hlsenx9,CVE-2004-0120
14,2021-12-11T00:00:00.000Z,rdz43x,ho55u6g,cve-2021-44228
3,2021-12-15T00:00:00.000Z,rgtxfx,homoq9u,CVE-2021-44228
2,2021-12-16T00:00:00.000Z,rhdvnu,hothkyh,CVE-2021-44228
3,2021-12-22T00:00:00.000Z,rm68jd,hpkyyxd,CVE-2021-44228
1,2021-12-27T00:00:00.000Z,rhdvnu,hq4eh7j,CVE-2021-44228
2,2021-12-29T00:00:00.000Z,rqsam1,hqei0ps,CVE-2021-44837
0,2022-01-15T00:00:00.000Z,s496gt,hspziph,CVE-2008-0923
2,2022-01-28T00:00:00.000Z,se8667,hukkbx9,CVE-2022-0316
1,2022-03-03T00:00:00.000Z,t5jwnk,hz62i2e,CVE-2008-0923
2,2022-04-01T00:00:00.000Z,tt8mnu,i30vwsj,CVE-2022-22963
2,2022-06-10T00:00:00.000Z,v967je,ibwtoqd,cve-2022-30190
2,2022-08-11T00:00:00.000Z,wlfhs3,ijxagak,CVE-2022-0028
6,2022-08-24T00:00:00.000Z,wwmb92,ilmb3vm,CVE-2018-6654
1,2022-10-08T00:00:00.000Z,xye4gv,irh06up,CVE-2005-3142
1,2022-10-08T00:00:00.000Z,xye4gv,irhixsl,CVE-2005-3142
2,2023-01-03T00:00:00.000Z,101eunz,j2p9aqk,CVE-2021-30751
2,2023-01-05T00:00:00.000Z,103ns3o,j31tknw,CVE-2022-31226
3,2023-02-01T00:00:00.000Z,10qydj4,j6ue3js,CVE-2023-24055
1,2023-03-21T00:00:00.000Z,11wfhk5,jd1do0b,CVE-2023-23397
6,2023-05-18T00:00:00.000Z,13kp3nw,jklm5ua,CVE-2023-28206
1,2023-05-21T00:00:00.000Z,13nacqj,jkzdjey,cve-2020-0729
2,2023-05-30T00:00:00.000Z,13uzbbl,jm56i3r,CVE-2020-5741
1,2023-09-15T00:00:00.000Z,16isma0,k0nvubh,CVE-2023-38408
1,2023-09-15T00:00:00.000Z,16isma0,k0nxrpb,CVE-2023-38408
1,2023-09-30T00:00:00.000Z,16w8n0d,k2xa0rm,cve-2020-19909
1,2023-10-16T00:00:00.000Z,1791wi9,k53fsg7,CVE-2023-4487
2,2023-11-11T00:00:00.000Z,17t005o,k8ur52r,CVE-2023-27974
1,2023-11-14T00:00:00.000Z,17unomm,k980naa,cve-2023-40632
2,2024-01-26T00:00:00.000Z,1abisvv,kjnx4p9,CVE-2013-4650
2,2024-02-04T00:00:00.000Z,1ahwwq7,kotho5l,CVE-2018-15473
1,2024-02-06T00:00:00.000Z,1ak0vq5,kp5qha6,cve-2022-41099
1,2024-02-07T00:00:00.000Z,1ak0vq5,kpbp15n,CVE-2024-20666
1,2024-02-08T00:00:00.000Z,1ak0vq5,kpg6h75,CVE-2024-20666
2,2024-02-08T00:00:00.000Z,1ak0vq5,kpg8e5w,CVE-2024-20666
1,2024-02-08T00:00:00.000Z,1ak0vq5,kpg8sk7,CVE-2024-20666
1,2024-02-08T00:00:00.000Z,1ak0vq5,kpgfjvd,CVE-2024-20666
5,2024-02-23T00:00:00.000Z,1axzhdp,krrbkrg,CVE-2023-34362
1,2024-05-13T00:00:00.000Z,1cqqbg0,l3v0ui0,CVE-2000-0114
1,2024-05-13T00:00:00.000Z,1cqqbg0,l3v92ih,CVE-1999-0524
1,2024-08-04T00:00:00.000Z,1ehdj1c,lgf12sx,CVE-2013-3900
1,2024-09-04T00:00:00.000Z,1f7ihja,llfolpr,CVE-2024-38063
3,2024-09-25T00:00:00.000Z,1fol1ju,lotfr18,CVE-2024-38063
1,2024-09-25T00:00:00.000Z,1fpbu53,lox64xk,CVE-2019-16292
2,2024-09-25T00:00:00.000Z,1fpbu53,loxdz65,cve-2019-15292
1,2024-11-11T00:00:00.000Z,1gny1q8,lwibuhx,cve-2024-6387
3,2020-01-11T00:00:00.000Z,en4m7j,fdw3ahh,CVE-2019-19781
2,2020-01-13T00:00:00.000Z,en4m7j,fe6sie8,CVE-2019-19781
2,2020-01-14T00:00:00.000Z,eok43a,fee3vg6,CVE-2020-0601
3,2020-01-16T00:00:00.000Z,en4m7j,fejsami,cve-2019-19781
1,2020-01-17T00:00:00.000Z,en4m7j,femb64g,cve-2019-19781
3,2020-01-19T00:00:00.000Z,equ1hq,feyflr7,CVE-2016-1645
6,2020-01-19T00:00:00.000Z,equ1hq,feykb75,CVE-2020-0674
1,2020-03-02T00:00:00.000Z,fbi46n,fj974do,CVE-2020-2551
1,2020-03-02T00:00:00.000Z,fbi46n,fj97c3d,cve-2020-2551
1,2020-03-06T00:00:00.000Z,fb8pum,fjlttv4,CVE-2020-0688
2,2020-03-16T00:00:00.000Z,fiy0i8,fkms5rr,CVE-2017-11882
4,2020-03-30T00:00:00.000Z,frr3b7,flxsbc4,CVE-2020-0796
2,2020-04-11T00:00:00.000Z,fz0p2h,fn4pyjj,CVE-2017-0199
1,2020-05-04T00:00:00.000Z,gcnqc1,fpg5i8u,CVE-2020-11651
1,2020-07-03T00:00:00.000Z,hkjxob,fwt5jdm,CVE-2020-5902
5,2020-07-03T00:00:00.000Z,hkjxob,fwtdss1,CVE-2020-5902
1,2020-07-06T00:00:00.000Z,hkjxob,fx1ywcp,CVE-2020-5902
1,2020-07-14T00:00:00.000Z,hra13z,fy39i37,CVE-2020-1350
1,2020-07-17T00:00:00.000Z,hr9rmp,fyehhjt,cve-2020-1350
4,2020-08-05T00:00:00.000Z,i4126x,g0gd6pi,CVE-2019-11510
2,2020-10-01T00:00:00.000Z,j38dja,g7a6emy,CVE-2020-1472
1,2020-10-14T00:00:00.000Z,jal83d,g8rni7y,CVE-2020-16952
2,2020-10-14T00:00:00.000Z,jakhco,g8rnwzm,cve-2020-16898
1,2020-10-14T00:00:00.000Z,jakhco,g8ro4z5,CVE-2020-16898
2,2020-11-03T00:00:00.000Z,jk9ym1,gaylob8,CVE-2020-14750
2,2020-12-05T00:00:00.000Z,k65o0d,geqid7h,cve-2020-1472
4,2021-01-31T00:00:00.000Z,l8pruw,glgy8yb,CVE-2021-3156
1,2021-02-05T00:00:00.000Z,l8pruw,gm6bide,CVE-2021-3156
2,2021-02-28T00:00:00.000Z,lu9n5n,gp7opkc,cve-2021-21972
2,2021-03-10T00:00:00.000Z,m1doj7,gqgwhw9,CVE-2021-1732
1,2021-04-26T00:00:00.000Z,jn5pyw,gvxf51y,CVE-2020-7034
2,2021-05-17T00:00:00.000Z,nehhb4,gyhz8bc,CVE-2017-0199
1,2021-06-05T00:00:00.000Z,nnt29k,h0nq7qs,CVE-2021-21985
3,2021-06-15T00:00:00.000Z,o0akuf,h1usoyv,CVE-2016-0051
0,2021-06-30T00:00:00.000Z,oaqroc,h3l2oqs,cve-2021-1675
3,2021-07-02T00:00:00.000Z,obrp7o,h3soe4y,CVE-2021-34527
1,2021-07-03T00:00:00.000Z,obrp7o,h3wi2o3,cve-2021-34527
3,2021-07-21T00:00:00.000Z,oo3bcc,h5z00qr,CVE-2021-36934
8,2021-08-02T00:00:00.000Z,owgte3,h7h44au,CVE-2021-36934
1,2021-09-01T00:00:00.000Z,pg1ezi,hb89b22,CVE-2021-26084
1,2021-10-06T00:00:00.000Z,q2dum6,hfmi61m,CVE-2021-41773
1,2021-10-06T00:00:00.000Z,q2dum6,hfmrp15,CVE-2021-41773
1,2021-10-15T00:00:00.000Z,q8u7dz,hgrs35q,CVE-2021-40438
1,2021-10-16T00:00:00.000Z,q8u7dz,hgtqwdj,cve-2021-40438
1,2021-10-22T00:00:00.000Z,qdbwkf,hhlf0e5,CVE-2021-21224
5,2021-10-28T00:00:00.000Z,qhu5ey,hifsizg,CVE-2021-30892
2,2021-11-11T00:00:00.000Z,qoq5aa,hk920gw,CVE-2021-34527
11,2021-12-12T00:00:00.000Z,rd38z9,hoail27,CVE-2021-44228
1,2021-12-13T00:00:00.000Z,rd38z9,hofl0qb,cve-2021-44228
1,2021-12-14T00:00:00.000Z,rd38z9,hog32pf,CVE-2021-44228
1,2021-12-15T00:00:00.000Z,rd38z9,hokxszd,CVE-2021-44228
3,2021-12-15T00:00:00.000Z,rgq6ht,homxln5,CVE-2021-44228
6,2021-12-15T00:00:00.000Z,rgu7a8,hon006m,CVE-2021-45046
1,2021-12-16T00:00:00.000Z,rd38z9,horp00t,cve-2021-44228
16,2021-12-17T00:00:00.000Z,rhx7zf,hov0qlm,cve-2021-44228
2,2021-12-17T00:00:00.000Z,rhx7zf,howd677,cve-2021-44228
15,2021-12-17T00:00:00.000Z,rik8fc,hoxn8if,CVE-2021-44228
8,2021-12-17T00:00:00.000Z,rik8fc,hoyae0t,CVE-2021-45046
0,2021-12-18T00:00:00.000Z,rik8fc,hp0xfy4,CVE-2021-45046
1,2021-12-19T00:00:00.000Z,rgu7a8,hp4fslq,CVE-2021-45105
3,2021-12-28T00:00:00.000Z,rqjrwr,hqauxwt,CVE-2021-44832
2,2022-01-21T00:00:00.000Z,s604u6,htj95s0,CVE-2021-31166
2,2022-01-27T00:00:00.000Z,sd9e7n,hugxcoj,CVE-2021-31207
3,2022-01-30T00:00:00.000Z,sfi33g,huthza9,CVE-2019-17571
2,2022-02-14T00:00:00.000Z,srxqyw,hwyad5i,CVE-2021-44228
2,2022-03-30T00:00:00.000Z,trzzw0,i2pq9kk,CVE-2022-22963
6,2022-04-19T00:00:00.000Z,u742fq,i5ciixn,CVE-2021-3970
2,2022-04-20T00:00:00.000Z,u7qa2i,i5gufqz,cve-2022-21449
1,2022-04-22T00:00:00.000Z,u6knkh,i5qwmig,CVE-2022-29072
2,2022-04-23T00:00:00.000Z,u8w2qu,i5unc6v,CVE-2022-21443
1,2022-05-10T00:00:00.000Z,uis0hd,i81earp,cve-2022-1388
1,2022-05-10T00:00:00.000Z,ukwer4,i81eg9t,cve-2022-1388
2,2022-05-26T00:00:00.000Z,uyene2,ia3qkxa,CVE-2017-9947
1,2022-05-31T00:00:00.000Z,v06w2o,iantidd,CVE-2022-30190
2,2022-06-04T00:00:00.000Z,v3kvod,ib4alch,cve-2022-26134
1,2022-06-04T00:00:00.000Z,v3kvod,ib4ehdp,cve-2022-26134
1,2022-06-04T00:00:00.000Z,v3kvod,ib4lgpi,cve-2022-26134
1,2022-06-05T00:00:00.000Z,v3kvod,ib8w3mx,cve-2022-26134
5,2022-06-06T00:00:00.000Z,v56qin,ibcqnm0,cve-2022-26134
1,2022-07-01T00:00:00.000Z,vo9hs7,ief2545,CVE-2022-28219
2,2022-11-01T00:00:00.000Z,yjgn8p,iunqy5r,CVE-2022-3602
2,2022-12-25T00:00:00.000Z,zut231,j1lq8i9,CVE-2016-10401
6,2023-01-11T00:00:00.000Z,108jk6s,j3txxgb,cve-2022-23529
2,2023-01-11T00:00:00.000Z,108jk6s,j3w7llt,CVE-2022-23529
9,2023-03-15T00:00:00.000Z,11rdvvw,jc8s513,cve-2023-23397
2,2023-04-24T00:00:00.000Z,12wnsnm,jhjydf7,cve-2023-27350
1,2023-05-05T00:00:00.000Z,11i3e7v,jixvku1,CVE-2023-21931
5,2023-06-11T00:00:00.000Z,146xajr,jnsivvd,CVE-2023-27997
1,2023-06-13T00:00:00.000Z,146xajr,jnypmci,cve-2023-27997
1,2023-06-13T00:00:00.000Z,146xajr,jnyrzx3,cve-2023-27997
1,2023-07-07T00:00:00.000Z,14td42m,jr1oi1e,CVE-2023-36934
1,2023-07-18T00:00:00.000Z,152p78u,jsf2yeo,CVE-2023-26360
1,2023-07-19T00:00:00.000Z,1534eo0,jsm1c3i,cve-2023-3519
1,2023-07-24T00:00:00.000Z,158baqa,jt93wzh,cve-2023-3519
1,2023-07-24T00:00:00.000Z,15814mz,jt93yqb,cve-2023-3519
1,2023-07-25T00:00:00.000Z,158zmfv,jtdn38b,CVE-2023-35078
1,2023-09-02T00:00:00.000Z,16818fx,jysudzr,cve-2023-34039
1,2023-09-06T00:00:00.000Z,1534eo0,jzberl7,CVE-2023-3519
1,2023-09-12T00:00:00.000Z,16gzudb,k0apo6l,cve-2023-4809
1,2023-10-01T00:00:00.000Z,16wtwj2,k2z36hw,cve-2023-40044
1,2023-10-01T00:00:00.000Z,16wtwj2,k2z3ayg,cve-2023-40044
1,2023-10-05T00:00:00.000Z,16zw5h8,k3ingoi,CVE-2023-4911
1,2023-10-27T00:00:00.000Z,17hmmgp,k6om213,CVE-2022-27926
1,2023-11-11T00:00:00.000Z,17qvs5j,k8rrk1o,cve-2023-47246
1,2023-11-11T00:00:00.000Z,17qvs5j,k8rs17r,cve-2023-47246
1,2023-12-25T00:00:00.000Z,18qrslf,kewr5zg,CVE-2023-45741
1,2024-02-17T00:00:00.000Z,1asdo3k,kqt5h5k,CVE-2024-21413
1,2024-03-05T00:00:00.000Z,1b6j9r6,kterzc2,cve-2024-27198
1,2024-04-01T00:00:00.000Z,1bqvwrz,kxkauhq,CVE-2024-3094
1,2024-04-01T00:00:00.000Z,1bqvwrz,kxlciso,cve-2024-3094
1,2024-04-10T00:00:00.000Z,1c06lgp,kyvvq3v,CVE-2024-26234
7,2024-04-12T00:00:00.000Z,1c26l77,kz9dpq2,cve-2024-3400
2,2024-04-21T00:00:00.000Z,1c02edh,l0jn81g,cve-2023-24932
1,2024-04-23T00:00:00.000Z,1caapws,l0vudnq,CVE-2024-4040
2,2024-04-23T00:00:00.000Z,1ca23j6,l0vuez8,CVE-2024-4040
2,2024-04-25T00:00:00.000Z,1c8orbq,l17cjwj,CVE-2024-3400
1,2024-07-21T00:00:00.000Z,1e8h89b,le75igo,cve-2024-38112
1,2024-11-17T00:00:00.000Z,1gt2wyu,lxlik80,CVE-2024-5690
3,2024-11-19T00:00:00.000Z,1gu29sw,lxxcovi,cve-2024-0012
1,2024-12-11T00:00:00.000Z,1havfwc,m1ksgay,CVE-2024-50623
2,2024-12-17T00:00:00.000Z,1hd02ra,m2ja8qc,CVE-2024-53677
2,2024-12-25T00:00:00.000Z,1hlfchp,m3ooh54,CVE-2024-8904
5,2024-04-10T00:00:00.000Z,1bzjwc3,kyuys19,CVE-2024-3094
1,2017-06-27T00:00:00.000Z,6jt2am,djgqo1c,CVE-2017-9948
2,2017-07-06T00:00:00.000Z,6ldh6e,djveo6c,CVE-2017-7526
1,2018-06-16T00:00:00.000Z,8kngfb,e0rqeno,CVE-2018-12020
1,2018-12-13T00:00:00.000Z,a3xug2,ebo2gt0,CVE-2018-19788
1,2018-12-29T00:00:00.000Z,aamv3c,ectjax1,CVE-2015-0318
13,2019-05-14T00:00:00.000Z,boedhf,enfrd1k,CVE-2019-3568
8,2019-05-14T00:00:00.000Z,bomo92,enilla5,cve-2019-0708
2,2019-05-15T00:00:00.000Z,bouf6m,enmp88u,cve-2019-3568
4,2019-06-18T00:00:00.000Z,c22nwg,eriml6v,cve-2019-11477
1,2019-06-24T00:00:00.000Z,bximb8,erwrf3w,CVE-2018-10562
3,2019-07-15T00:00:00.000Z,cdbvpc,ettdtg3,CVE-2011-2642
1,2019-08-14T00:00:00.000Z,cpq3dl,ewunppg,cve-2019-1181
2,2019-09-24T00:00:00.000Z,d8dj8b,f1bacrb,CVE-2019-1367
1,2019-09-27T00:00:00.000Z,d9u5g3,f1m5yju,CVE-2019-8286
1,2019-09-30T00:00:00.000Z,db0ae5,f20vh5b,CVE-2018-0296
41,2019-12-31T00:00:00.000Z,ei4jan,fco5cdb,CVE-2019-0708
48,2020-01-10T00:00:00.000Z,emhfba,fdp4nhh,CVE-2019-17026
1,2020-01-14T00:00:00.000Z,eoehb9,fee27lx,CVE-2020-0601
1,2020-01-18T00:00:00.000Z,eq3mb3,feppwzh,cve-2019-19781
1,2020-01-22T00:00:00.000Z,erkjd5,ff7zzjg,CVE-2019-16328
3,2020-02-22T00:00:00.000Z,f7qqh8,fidgx7l,CVE-2019-0708
1,2020-03-11T00:00:00.000Z,fgnbj3,fk6w5z9,CVE-2020-0976
1,2020-03-11T00:00:00.000Z,fgnbj3,fk7f97z,CVE-2020-0976
1,2020-04-06T00:00:00.000Z,fvfcj5,fmleqq5,cve-2020-3142
2,2020-04-18T00:00:00.000Z,g3dfcl,fnrj654,CVE-2018-8174
3,2020-04-22T00:00:00.000Z,g67p7m,fo844zh,CVE-2019-15943
8,2020-05-22T00:00:00.000Z,go3egz,frfrjbe,CVE-2020-12271
1,2020-06-06T00:00:00.000Z,fgnbj3,ft3eg2r,cve-2020-0796
15,2020-06-10T00:00:00.000Z,gzydjv,ftk51i6,CVE-2020-1206
2,2020-06-11T00:00:00.000Z,h0nilc,fto8g4u,CVE-2020-12345
6,2020-07-03T00:00:00.000Z,hkdgk6,fwsuq77,CVE-2016-6515
-1,2020-07-14T00:00:00.000Z,hr6cn7,fy2tjij,CVE-2020-1350
7,2020-07-15T00:00:00.000Z,hr8its,fy4d41j,CVE-2019-19781
3,2020-07-16T00:00:00.000Z,hrwbva,fy79dmu,CVE-2020-1350
3,2020-07-31T00:00:00.000Z,i1etlr,fzwwpud,CVE-1999-0047
1,2020-08-03T00:00:00.000Z,i2c6nb,g064suf,cve-2020-1036
18,2020-09-01T00:00:00.000Z,ikta6h,g3nmjrf,CVE-2020-5902
2,2020-09-09T00:00:00.000Z,iolori,g4iojsn,CVE-2018-8453
0,2020-09-11T00:00:00.000Z,iqpjhk,g4tjtkt,CVE-2016-4484
4,2020-09-15T00:00:00.000Z,isy1hw,g5el6s9,CVE-2020-0601
1,2020-09-17T00:00:00.000Z,iujf01,g5mnr2q,CVE-2020-1938
1,2020-09-20T00:00:00.000Z,iw4dwu,g5zva0s,CVE-2020-1472
1,2020-09-22T00:00:00.000Z,ixn8wq,g67wc4c,CVE-2020-0022
1,2020-09-22T00:00:00.000Z,ixn8wq,g684yej,cve-2020-7373
1,2020-09-22T00:00:00.000Z,ixn8wq,g68zydr,CVE-2020-5902
1,2020-09-28T00:00:00.000Z,j1esc2,g6yp8zf,CVE-2020-14293
3,2020-10-31T00:00:00.000Z,jl7cop,gaqisxu,CVE-2020-17087
21,2020-11-05T00:00:00.000Z,jo8kf1,gb7ctkh,CVE-2020-2034
2,2020-11-12T00:00:00.000Z,jqpl5b,gc048nn,CVE-2019-17502
2,2020-11-15T00:00:00.000Z,jqpl5b,gcf58wg,CVE-2019-17502
1,2020-11-16T00:00:00.000Z,jv27mw,gchbfwy,CVE-2004-0113
1,2020-11-27T00:00:00.000Z,k1pdj8,gdr48z6,CVE-2020-15999
15,2020-12-02T00:00:00.000Z,k5cuur,gef1wi3,CVE-2020-5902
2,2020-12-02T00:00:00.000Z,k5cuur,gef7k46,CVE-2016-7256
1,2020-12-04T00:00:00.000Z,k6lcqn,gelq5n2,CVE-2020-0674
6,2020-12-29T00:00:00.000Z,kmnkyh,ghfu00d,CVE-2008-0923
39,2021-01-12T00:00:00.000Z,kvn8qv,gj0mioh,CVE-2020-13169
1,2021-01-14T00:00:00.000Z,kxbbip,gja4bgz,CVE-2020-24613
1,2021-01-17T00:00:00.000Z,kzai4v,gjn3z8r,CVE-2019-7286
2,2021-01-19T00:00:00.000Z,l0tl6y,gjw01mt,CVE-2019-0708
2,2021-01-21T00:00:00.000Z,l19phh,gk3p1sr,CVE-2000-0588
3,2021-01-21T00:00:00.000Z,l19phh,gk3pw5r,CVE-2000-0588
2,2021-01-25T00:00:00.000Z,l19phh,gkpte7i,CVE-1999-0765
2,2021-01-25T00:00:00.000Z,l19phh,gkqya5y,CVE-2018-9206
1,2021-02-17T00:00:00.000Z,llsnpb,gnr869l,cve-2018-10562
1,2021-02-17T00:00:00.000Z,llsnpb,gnr8bsp,cve-2018-10562
3,2021-02-18T00:00:00.000Z,llwct8,gnuww3z,CVE-2019-17502
3,2021-02-19T00:00:00.000Z,llwct8,gnz5k8n,CVE-2016-2554
1,2021-02-19T00:00:00.000Z,llwct8,gnzb2ki,cve-2017-5638
1,2021-02-19T00:00:00.000Z,lkc92r,go1fn7d,CVE-2018-10562
-2,2021-02-22T00:00:00.000Z,lpt73d,godavtw,CVE-2017-0005
1,2021-02-26T00:00:00.000Z,lsfcgl,got8b9v,CVE-2017-0005
6,2021-02-27T00:00:00.000Z,ltn3co,gp1dql9,CVE-2021-21974
5,2021-03-03T00:00:00.000Z,lwdcoj,gphsou1,CVE-2021-27078
5,2021-03-12T00:00:00.000Z,m3nncy,gqptizn,CVE-2021-25347
1,2021-03-19T00:00:00.000Z,m7ztqe,grg52ox,CVE-2021-28133
251,2021-03-20T00:00:00.000Z,m93vsl,grkwane,CVE-2021-22986
1,2021-03-29T00:00:00.000Z,mf5xwu,gsol77u,cve-2021-3449
1,2021-04-04T00:00:00.000Z,mk10pt,gtdcf2f,CVE-2019-6111
1,2021-04-08T00:00:00.000Z,mmqxld,gttih1c,CVE-2020-12351
1,2021-04-11T00:00:00.000Z,mo7d4i,gu4aom5,CVE-2021-30480
0,2021-04-18T00:00:00.000Z,mt8kki,guzuado,CVE-2020-1048
5,2021-04-21T00:00:00.000Z,mv6u4j,gvbugjh,CVE-2020-27930
-5,2021-04-28T00:00:00.000Z,n0hc0o,gw7g1ln,CVE-2019-11708
1,2021-05-01T00:00:00.000Z,n261to,gwj3910,CVE-2021-21220
1,2021-05-07T00:00:00.000Z,n796go,gxbi8s9,CVE-2020-28017
1,2021-05-12T00:00:00.000Z,n9xmas,gxszu68,CVE-2021-20016
13,2021-05-13T00:00:00.000Z,nblizi,gy0psvp,CVE-2021-20016
1,2021-05-19T00:00:00.000Z,nex5q8,gynbeku,CVE-2019-8761
2,2021-05-24T00:00:00.000Z,nex5q8,gzc0kzn,CVE-2019-8761
5,2021-05-29T00:00:00.000Z,nnuvbz,gzwzcly,CVE-2020-3882
5,2021-06-03T00:00:00.000Z,nra0y6,h0f93o5,CVE-2021-28114
7,2021-06-05T00:00:00.000Z,nsqcim,h0osjt4,CVE-2021-21985
82,2021-06-19T00:00:00.000Z,o3ae0e,h2av72e,CVE-2019-11510
36,2021-06-19T00:00:00.000Z,o3ae0e,h2b9ztv,CVE-2021-22893
2,2021-06-24T00:00:00.000Z,o71cx9,h2w8it4,CVE-2021-21572
1,2021-06-27T00:00:00.000Z,o7sul9,h37qv4q,CVE-2018-18472
1,2021-06-29T00:00:00.000Z,oa8q4p,h3g6p6b,cve-2021-21702
8,2021-06-30T00:00:00.000Z,oaz3fr,h3ktyvp,cve-2021-1675
6,2021-06-30T00:00:00.000Z,oaz3fr,h3l21v3,cve-2021-1675
4,2021-06-30T00:00:00.000Z,oaz3fr,h3mbov8,cve-2021-1675
9,2021-07-01T00:00:00.000Z,oaz3fr,h3n9xmb,CVE-2021-1675
2,2021-07-01T00:00:00.000Z,oaz3fr,h3nrwz8,CVE-2021-1675
3,2021-07-01T00:00:00.000Z,oaz3fr,h3nys0c,cve-2021-1675
2,2021-07-01T00:00:00.000Z,oaz3fr,h3paimp,cve-2021-1675
3,2021-07-02T00:00:00.000Z,oaz3fr,h3s3uh6,CVE-2021-34527
6,2021-07-04T00:00:00.000Z,odqgdt,h41wq0p,CVE-2021-1675
1,2021-07-05T00:00:00.000Z,odqgdt,h44mw2k,cve-2021-1675
3,2021-07-07T00:00:00.000Z,of4ska,h4aqchx,CVE-2021-34527
2,2021-07-07T00:00:00.000Z,of6zuf,h4arbkt,CVE-2021-34527
3,2021-07-07T00:00:00.000Z,ofdtff,h4bwncp,CVE-2020-1938
111,2021-07-07T00:00:00.000Z,ofq0vc,h4e0jn0,CVE-2021-34527
-8,2021-07-09T00:00:00.000Z,ogwl0k,h4m3xw4,CVE-2021-30116
1,2021-07-09T00:00:00.000Z,ogotcr,h4m7kfs,CVE-2021-34527
9,2021-07-15T00:00:00.000Z,okps2b,h5a1usl,CVE-2021-1879
1,2021-07-21T00:00:00.000Z,oo6a8f,h5yvrrp,CVE-2021-36934
1,2021-07-21T00:00:00.000Z,oo6a8f,h5ywhim,CVE-2021-36934
1,2021-07-21T00:00:00.000Z,oo4ko0,h605bqs,CVE-2021-33909
-2,2021-07-26T00:00:00.000Z,ort4w6,h6kjfji,CVE-2016-4657
3,2021-07-28T00:00:00.000Z,otbrl5,h6ufvcr,CVE-2019-18935
9,2021-08-08T00:00:00.000Z,ozxo8l,h84q4pf,CVE-2021-20090
2,2021-08-08T00:00:00.000Z,p0fe23,h8682v9,CVE-2021-30354
7,2021-08-12T00:00:00.000Z,p2ywds,h8nbiwn,CVE-2021-34527
2,2021-08-24T00:00:00.000Z,paepgv,ha6m44n,CVE-2021-34473
2,2021-08-28T00:00:00.000Z,pczj17,hamiozo,CVE-2021-36934
1,2021-09-03T00:00:00.000Z,pgy8j6,hbfsg6t,CVE-2021-28139
3,2021-09-10T00:00:00.000Z,pl8ywu,hcag1pu,CVE-2021-40444
9,2021-09-14T00:00:00.000Z,po8fou,hcvuulf,CVE-1999-0898
1,2021-09-15T00:00:00.000Z,pnn3vc,hcw8dgv,CVE-2021-30860
2,2021-09-20T00:00:00.000Z,prno6v,hdk0imm,CVE-2021-40444
2,2021-09-20T00:00:00.000Z,pruqlm,hdlidxl,cve-2021-36260
8,2021-09-21T00:00:00.000Z,psr23x,hds232e,CVE-2021-22005
10,2021-09-28T00:00:00.000Z,px7giy,hemgnm5,CVE-2021-24800
5,2021-10-08T00:00:00.000Z,q40fsx,hfw79z1,CVE-2021-42013
1,2021-10-10T00:00:00.000Z,q54c0c,hg5928m,CVE-2021-22005
1,2021-10-11T00:00:00.000Z,q3wh6d,hg8vvoz,CVE-2021-41773
22,2021-10-27T00:00:00.000Z,qgfgtm,hi7f7nx,CVE-2022-1337
5,2021-11-08T00:00:00.000Z,qplmey,hjug2rd,CVE-2021-40539
1,2021-11-11T00:00:00.000Z,qr27il,hk70xrn,CVE-2021-3064
3,2021-11-13T00:00:00.000Z,qsdcn2,hketpba,CVE-2021-3064
80,2021-11-15T00:00:00.000Z,qujoez,hkqgebe,CVE-2020-8515
24,2021-11-23T00:00:00.000Z,r00x6d,hlqo1ti,CVE-2021-41379
29,2021-11-23T00:00:00.000Z,r0hmkc,hlsmnh9,CVE-2021-36934
4,2021-11-24T00:00:00.000Z,r0hmkc,hlupqc6,CVE-2021-41379
1,2021-11-27T00:00:00.000Z,r1snbq,hmaiabs,CVE-2021-41379
2,2021-12-05T00:00:00.000Z,r98bny,hnc3sjr,CVE-2021-44077
1,2021-12-07T00:00:00.000Z,raz33n,hnl9dtp,CVE-2021-0967
9,2021-12-11T00:00:00.000Z,rdfbht,ho39t1j,CVE-2021-44228
5,2021-12-11T00:00:00.000Z,rdehcr,ho3rtlm,cve-2021-44228
13,2021-12-11T00:00:00.000Z,rdru9c,ho45n2s,cve-2021-44228
1,2021-12-11T00:00:00.000Z,rdru9c,ho4xa2y,cve-2021-44228
1,2021-12-11T00:00:00.000Z,rdru9c,ho5b9el,cve-2021-44228
1,2021-12-11T00:00:00.000Z,rdfbht,ho5bqy0,CVE-2021-44228
19,2021-12-12T00:00:00.000Z,re9glg,ho7341l,cve-2021-44228
3,2021-12-12T00:00:00.000Z,rechpi,ho8odmd,cve-2021-44228
7,2021-12-12T00:00:00.000Z,rechpi,ho8p2aw,cve-2021-44228
7,2021-12-13T00:00:00.000Z,rf57gi,hoc1ali,CVE-2021-44228
1,2021-12-13T00:00:00.000Z,rdfbht,hod6rld,cve-2021-44228
1,2021-12-13T00:00:00.000Z,rf57gi,hodkk79,CVE-2021-44228
6,2021-12-13T00:00:00.000Z,rf94iw,hodvahm,cve-2021-44228
4,2021-12-13T00:00:00.000Z,rfe8sq,hodxrfu,CVE-2021-44228
1,2021-12-13T00:00:00.000Z,reycu7,hofbe46,CVE-2021-44228
2,2021-12-13T00:00:00.000Z,reycu7,hofowq5,CVE-2021-44228
1,2021-12-14T00:00:00.000Z,rdfbht,hoh2f2y,CVE-2021-44228
27,2021-12-14T00:00:00.000Z,rg9mcv,hoj00ap,CVE-2021-44228
2,2021-12-14T00:00:00.000Z,rg97t7,hoj1vei,cve-2021-44228
44,2021-12-14T00:00:00.000Z,rggu9r,hokalcn,CVE-2021-45046
3,2021-12-15T00:00:00.000Z,rg69wg,holmsmy,CVE-2021-44228
0,2021-12-15T00:00:00.000Z,rgxczj,homwt35,CVE-2021-44228
-1,2021-12-15T00:00:00.000Z,rgxczj,homxdom,CVE-2021-44228
1,2021-12-15T00:00:00.000Z,rgxczj,hon91x5,CVE-2021-44228
11,2021-12-15T00:00:00.000Z,rgrkl2,honokro,CVE-2021-44228
10,2021-12-15T00:00:00.000Z,rh2dc4,hop0ltk,CVE-2021-44228
2,2021-12-15T00:00:00.000Z,rh2dc4,hopcjzm,cve-2021-4104
8,2021-12-16T00:00:00.000Z,rh9ksw,hopvg7h,CVE-2021-30860
2,2021-12-16T00:00:00.000Z,rgzauu,hoqq6gf,cve-2021-44228
3,2021-12-16T00:00:00.000Z,rheg2d,hotbzbc,CVE-2021-40438
1,2021-12-17T00:00:00.000Z,rhd711,hoxof2w,cve-2021-45046
1,2021-12-19T00:00:00.000Z,rjn18v,hp5uvgi,CVE-2021-4104
3,2021-12-19T00:00:00.000Z,rjm9eg,hp6mulf,CVE-2021-45105
168,2021-12-19T00:00:00.000Z,rk1x4w,hp76tfg,CVE-2021-44228
37,2021-12-19T00:00:00.000Z,rk1x4w,hp7xaah,CVE-2021-44228
2,2021-12-20T00:00:00.000Z,rk1x4w,hp8jqa3,cve-2021-44228
2,2021-12-20T00:00:00.000Z,rjn18v,hp9g2gt,CVE-2021-44228
1,2021-12-20T00:00:00.000Z,rkhe8z,hp9x7lx,cve-2021-44228
1,2021-12-20T00:00:00.000Z,rk1x4w,hpao6m8,cve-2021-44228
2,2021-12-20T00:00:00.000Z,rkou5z,hpby648,CVE-2021-45046
1,2021-12-20T00:00:00.000Z,rkou5z,hpc7kiy,CVE-2021-44228
1,2021-12-21T00:00:00.000Z,rkou5z,hpdhbvz,cve-2021-45046
7,2021-12-22T00:00:00.000Z,rma1le,hpmd1i1,CVE-2021-42287
1,2021-12-23T00:00:00.000Z,nnuvbz,hpqass6,cve-2020-3882
3,2021-12-25T00:00:00.000Z,ro9lpx,hpx4hmf,CVE-2021-44224
1,2021-12-26T00:00:00.000Z,robyrr,hq0ie2d,CVE-2021-44790
1,2021-12-26T00:00:00.000Z,rob20m,hq166zq,CVE-2019-11931
9,2021-12-28T00:00:00.000Z,rqgtot,hqaqcqa,CVE-2021-44832
31,2021-12-28T00:00:00.000Z,rqgtot,hqbdug1,CVE-2021-44832
3,2021-12-28T00:00:00.000Z,rqqwrv,hqc7ljq,CVE-2021-44832
1,2021-12-28T00:00:00.000Z,rqgtot,hqc7oa6,CVE-2021-44832
3,2021-12-29T00:00:00.000Z,rrad5p,hqg4ry3,CVE-2021-82244
-3,2021-12-30T00:00:00.000Z,rrrp91,hqi93jn,CVE-2021-4104
2,2022-01-04T00:00:00.000Z,rg9mcv,hr6t2ec,CVE-2021-44228
2,2022-01-04T00:00:00.000Z,rvvndz,hr98gqa,CVE-2019-5736
29,2022-01-14T00:00:00.000Z,s3uxp7,hsnh6zw,CVE-2021-32648
2,2022-01-16T00:00:00.000Z,s5bxty,hsxt21d,CVE-2021-44228
1,2022-01-18T00:00:00.000Z,s6oxl1,ht50d33,CVE-2021-31166
1,2022-01-20T00:00:00.000Z,s8rdc2,hti241k,CVE-2022-0185
10,2022-01-22T00:00:00.000Z,s9ws3a,htq4bfo,CVE-2016-5636
1,2022-01-23T00:00:00.000Z,s9ws3a,htwuc8p,CVE-2016-5636
107,2022-01-26T00:00:00.000Z,scw73m,hu92wl6,CVE-2021-4034
2,2022-01-26T00:00:00.000Z,scw73m,huao6b8,CVE-2021-4034
2,2022-01-26T00:00:00.000Z,scivpa,hubo0ty,CVE-2022-23968
1,2022-02-08T00:00:00.000Z,sn4kja,hw3i4h6,CVE-2022-21882
8,2022-02-11T00:00:00.000Z,sppaje,hwgna3u,CVE-2021-4034
2,2022-02-11T00:00:00.000Z,sppaje,hwhzngt,CVE-2021-34527
1,2022-02-12T00:00:00.000Z,smbnzt,hwmgswd,CVE-2022-24568
3,2022-02-17T00:00:00.000Z,st8gia,hx98z8e,CVE-2022-0609
95,2022-02-19T00:00:00.000Z,swb2fk,hxlg36h,CVE-2021-44731
4,2022-03-12T00:00:00.000Z,tbuk3d,i0cnju4,CVE-2022-23277
2,2022-03-13T00:00:00.000Z,td8fuv,i0inrnn,CVE-2017-5638
1,2022-03-15T00:00:00.000Z,temfui,i0qtmle,CVE-2022-23278
5,2022-03-24T00:00:00.000Z,tltfhn,i1w0de4,CVE-2022-24421
64,2022-03-26T00:00:00.000Z,toxn1t,i27yjv1,CVE-2022-1096
7,2022-03-26T00:00:00.000Z,toxn1t,i28742q,CVE-2022-1096
2,2022-03-27T00:00:00.000Z,toxn1t,i2ah8kl,CVE-2022-1096
4,2022-03-27T00:00:00.000Z,toxn1t,i2ahmei,CVE-2022-1096
11,2022-03-28T00:00:00.000Z,tpyuh1,i2ektyg,CVE-2022-1096
37,2022-03-28T00:00:00.000Z,tpyuh1,i2enzbr,CVE-2022-1096
110,2022-03-30T00:00:00.000Z,tsd9v7,i2r1kz9,CVE-2022-22965
4,2022-03-30T00:00:00.000Z,tsd9v7,i2rqalq,CVE-2022-22963
1,2022-03-31T00:00:00.000Z,tsp2gf,i2srtqy,CVE-2022-22963
7,2022-03-31T00:00:00.000Z,tsd9v7,i2tgt2k,CVE-2022-22963
1,2022-03-31T00:00:00.000Z,tsd9v7,i2u6a8z,CVE-2022-22963
3,2022-03-31T00:00:00.000Z,tt0zxu,i2uqn2l,CVE-2022-22963
1,2022-04-03T00:00:00.000Z,tufxn4,i36ge7o,CVE-2021-44228
1,2022-04-08T00:00:00.000Z,tg6x8e,i3udsor,CVE-2022-23812
3,2022-04-13T00:00:00.000Z,u2q2ri,i4kfulf,cve-2022-22965
7,2022-04-14T00:00:00.000Z,u3kjb9,i4riyk2,CVE-2018-4878
3,2022-04-16T00:00:00.000Z,u4o8ui,i4x5wos,CVE-2022-26809
45,2022-05-01T00:00:00.000Z,ug6g2i,i6y4ip3,CVE-2021-34527
1,2022-05-04T00:00:00.000Z,uhpq62,i78px7q,CVE-2022-29072
1,2022-05-12T00:00:00.000Z,sd5v2i,i8cr7yf,CVE-2022-21972
5,2022-05-21T00:00:00.000Z,uun8c7,i9g9n1o,CVE-2017-0144
2,2022-05-21T00:00:00.000Z,uusgu3,i9h5jo8,cve-2021-44228
1,2022-05-22T00:00:00.000Z,uusgu3,i9icbxn,CVE-2021-44228
10,2022-05-23T00:00:00.000Z,uw8k0x,i9q19hh,CVE-2022-29072
1,2022-05-26T00:00:00.000Z,uy32rh,ia2jof0,CVE-2022-1802
1,2022-05-29T00:00:00.000Z,uzrszj,iaes4y0,CVE-2021-1675
7,2022-05-31T00:00:00.000Z,v11wpx,ian3v2g,cve-2022-30190
2,2022-06-03T00:00:00.000Z,v1sdjo,ib2jo6z,CVE-2022-30190
6,2022-06-04T00:00:00.000Z,v4n83d,ib59ba2,cve-2022-30190
1,2022-06-07T00:00:00.000Z,v71087,ibio4yv,cve-2019-11358
1,2022-06-09T00:00:00.000Z,v24nue,ibqq8t7,cve-2022-30190
1,2022-06-09T00:00:00.000Z,v2m9ga,ibqwaah,cve-2022-30190
1,2022-06-09T00:00:00.000Z,v8c18z,ibr3wcs,cve-2021-42287
2,2022-06-12T00:00:00.000Z,va428f,ic3midn,CVE-2018-0171
4,2022-06-13T00:00:00.000Z,vbipo9,ic8ydlv,cve-2022-30190
1,2022-06-15T00:00:00.000Z,vcr1us,icfrglo,cve-2021-4034
1,2022-06-26T00:00:00.000Z,vkmkpv,idu5ncr,CVE-2021-31207
1,2022-06-27T00:00:00.000Z,vm0l6e,idzkoqj,CVE-2021-26414
2,2022-06-27T00:00:00.000Z,vm0l6e,idzlmyt,CVE-2021-22779
1,2022-06-28T00:00:00.000Z,vmkm0c,ie4fegg,CVE-2018-1002105
18,2022-06-30T00:00:00.000Z,vo6xje,iec141f,CVE-2022-26134
1,2022-06-30T00:00:00.000Z,vo7up9,iecxdjf,CVE-2017-0144
1,2022-07-02T00:00:00.000Z,vp1msj,ieipgq0,CVE-2022-26925
6,2022-07-03T00:00:00.000Z,vpxirn,ieobiio,CVE-2021-3156
2,2022-07-06T00:00:00.000Z,vserfj,if1x6ea,cve-2022-22980
1,2022-07-07T00:00:00.000Z,vthnmt,if8aozp,CVE-2022-0778
5,2022-07-12T00:00:00.000Z,vwygh9,ifuq6zm,CVE-2022-27254
2,2022-07-14T00:00:00.000Z,vz37x8,ig5vnv3,CVE-2022-1890
35,2022-07-18T00:00:00.000Z,w1nxnm,igm530h,CVE-2022-30136
55,2022-07-18T00:00:00.000Z,w1nxnm,igm8fr6,cve-2022-30136
36,2022-07-23T00:00:00.000Z,w5ybqf,ihaqo5c,CVE-2022-2294
7,2022-07-27T00:00:00.000Z,w9489b,ihtz3qn,CVE-2017-0144
1,2022-08-02T00:00:00.000Z,we6pjl,iimd64h,CVE-2021-46703
-1,2022-08-05T00:00:00.000Z,wge35c,ij20bdt,CVE-2022-29127
4,2022-08-17T00:00:00.000Z,wqeeu5,ikn8pxn,CVE-2022-29558
1,2022-08-19T00:00:00.000Z,wqeeu5,iky32ft,cve-2022-27255
3,2022-08-21T00:00:00.000Z,wtj9tm,il7486u,CVE-2022-32893
2,2022-08-24T00:00:00.000Z,wwf5oe,ilkq78u,CVE-2022-30190
3,2022-08-26T00:00:00.000Z,wxtfz3,iluvfuh,CVE-2022-0847
20,2022-09-15T00:00:00.000Z,xf0p2q,iojp1wt,CVE-2022-37969
9,2022-09-15T00:00:00.000Z,xf0p2q,iokpimk,CVE-2022-37969
2,2022-10-01T00:00:00.000Z,xratxt,iqlc8s0,cve-2022-41040
0,2022-10-11T00:00:00.000Z,y1ab5g,irx56nx,CVE-2022-22965
1,2022-10-11T00:00:00.000Z,y1ab5g,irxf8ta,CVE-2019-17571
2,2022-10-11T00:00:00.000Z,y1ab5g,irxhe9d,CVE-2022-23307
1,2022-10-12T00:00:00.000Z,y1hn9d,irzll5t,CVE-2022-41040
1,2022-10-15T00:00:00.000Z,y2y5as,isf7y36,CVE-2022-41352
2,2022-10-17T00:00:00.000Z,y6e2zv,isosvof,CVE-2022-69420
4,2022-10-19T00:00:00.000Z,y82mhz,isy13cm,CVE-2022-42889
2,2022-10-19T00:00:00.000Z,y82mhz,iszh7ui,CVE-2022-42889
2,2022-10-22T00:00:00.000Z,y9yxls,ita1jfa,cve-2022-42889
8,2022-10-31T00:00:00.000Z,yij58g,iuix9kx,CVE-2002-20001
4,2022-11-01T00:00:00.000Z,yjclls,iun3pb4,CVE-2022-3602
2,2022-11-13T00:00:00.000Z,yqk3l7,iw7aly6,cve-2020-1337
3,2022-11-16T00:00:00.000Z,yv51s3,iwjdxpb,cve-2022-37966
1,2022-11-25T00:00:00.000Z,moaadv,ixrk8f9,CVE-2017-0144
1,2022-11-25T00:00:00.000Z,moaadv,ixry29d,CVE-2017-0144
1,2022-12-01T00:00:00.000Z,z9fsdv,iygq9sx,CVE-2022-29127
1,2022-12-04T00:00:00.000Z,zcdqyg,iyx0w3p,CVE-2019-0708
2,2022-12-08T00:00:00.000Z,zfc7sn,izcoe9u,CVE-2022-41128
9,2022-12-14T00:00:00.000Z,zlfkfp,j069zim,CVE-2022-37958
2,2022-12-14T00:00:00.000Z,zlks8j,j084otf,CVE-2021-4159
9,2022-12-14T00:00:00.000Z,zm267l,j08q5h1,CVE-2022-27518
3,2022-12-19T00:00:00.000Z,zpxfxa,j0v2gmc,CVE-2021-3156
1,2022-12-22T00:00:00.000Z,zpcbal,j19mbfv,CVE-2019-1003013
4,2023-01-02T00:00:00.000Z,100x28a,j2mo04x,CVE-2021-44228
6,2023-01-05T00:00:00.000Z,103stfs,j31rtsc,CVE-2016-10972
9,2023-01-23T00:00:00.000Z,10ir1fa,j5ihs86,CVE-2023-24059
9,2023-01-27T00:00:00.000Z,10lxeel,j629jq0,cve-2013-1690
6,2023-01-31T00:00:00.000Z,10q1n6g,j6oj38m,CVE-2023-24055
3,2023-02-11T00:00:00.000Z,10zgrur,j83yy01,CVE-2023-22809
2,2023-02-11T00:00:00.000Z,10zgrur,j84izsi,CVE-2023-22809
11,2023-02-21T00:00:00.000Z,118a586,j9gtd41,CVE-2023-23524
5,2023-02-27T00:00:00.000Z,11ct953,ja5m0vk,CVE-2017-9822
8,2023-03-02T00:00:00.000Z,11f8d6h,jak9uec,CVE-2022-21894
7,2023-03-03T00:00:00.000Z,11fzhyz,jaqmnvd,CVE-2022-21894
3,2023-03-07T00:00:00.000Z,11l5zoy,jbasrlf,CVE-2023-27532
2,2023-03-08T00:00:00.000Z,11l0ug1,jbck02o,CVE-2020-5741
17,2023-03-08T00:00:00.000Z,11lgu67,jbe77na,CVE-2018-13379
1,2023-03-12T00:00:00.000Z,11p0o6u,jbxt99w,cve-2022-47966
243,2023-03-15T00:00:00.000Z,11s4xy8,jcbv51s,CVE-2019-18935
3,2023-03-16T00:00:00.000Z,11suykr,jcfrcqa,CVE-2023-23397
4,2023-03-16T00:00:00.000Z,11suykr,jcfx8my,CVE-2023-23397
2,2023-03-16T00:00:00.000Z,11suykr,jcgnxp6,CVE-2023-23397
2,2023-03-17T00:00:00.000Z,11sw7z7,jcj87p7,CVE-2023-23397
-1,2023-03-17T00:00:00.000Z,11suykr,jcjvl87,CVE-2023-23397
3,2023-03-18T00:00:00.000Z,11tq0q3,jcoh3ak,CVE-2023-24033
483,2023-03-21T00:00:00.000Z,11xkhmj,jd3i1k8,CVE-2023-23397
13,2023-03-21T00:00:00.000Z,11xkhmj,jd4fsui,CVE-2023-23397
5,2023-03-21T00:00:00.000Z,11xkhmj,jd4zoz2,CVE-2023-23397
2,2023-03-22T00:00:00.000Z,11xkhmj,jd72xt2,CVE-2023-23397
28,2023-03-23T00:00:00.000Z,11z7jqa,jdbdzpk,CVE-2023-23397
6,2023-03-23T00:00:00.000Z,11z7jqa,jdbllbp,CVE-2023-23397
78,2023-03-23T00:00:00.000Z,11z7jqa,jdbwvwc,CVE-2023-23397
24,2023-03-23T00:00:00.000Z,11z7jqa,jdc4279,CVE-2023-23397
1,2023-03-24T00:00:00.000Z,11z7jqa,jdfx5jl,CVE-2023-23397
2,2023-03-24T00:00:00.000Z,11z7jqa,jdfxrak,CVE-2023-23397
1,2023-03-25T00:00:00.000Z,120xq7m,jdloveo,CVE-2023-23397
4,2023-03-25T00:00:00.000Z,120xq7m,jdltso7,CVE-2023-23397
2,2023-03-27T00:00:00.000Z,1233x03,jdugms0,cve-2023-23397
1,2023-03-28T00:00:00.000Z,11seveo,je0tyte,cve-2023-23397
2,2023-03-28T00:00:00.000Z,120xq7m,je0udmq,cve-2023-23397
1,2023-04-04T00:00:00.000Z,12bbo8n,jexey2f,cve-2013-3900
1,2023-04-04T00:00:00.000Z,12bbo8n,jexrv7y,cve-2013-3900
1,2023-04-10T00:00:00.000Z,12dy7o3,jfqzwys,CVE-2022-27597
0,2023-04-12T00:00:00.000Z,12ix96p,jfxrblf,CVE-2023-21554
3,2023-04-14T00:00:00.000Z,12lycph,jg93urq,CVE-2023-0669
176,2023-04-17T00:00:00.000Z,12pgu47,jgm8ybx,CVE-2023-2033
6,2023-04-17T00:00:00.000Z,12pgu47,jgnvul8,CVE-2023-2033
45,2023-04-19T00:00:00.000Z,12s89nx,jgx9em3,CVE-2017-6742
8,2023-04-26T00:00:00.000Z,12z9t6t,jhs0m27,cve-2023-27524
1,2023-04-27T00:00:00.000Z,12ypls2,jhwi5aq,CVE-2023-1389
1,2023-05-04T00:00:00.000Z,12iyh8w,jit4w1i,CVE-2022-26134
5,2023-05-09T00:00:00.000Z,13d45ew,jjih8w9,CVE-2023-32233
2,2023-05-11T00:00:00.000Z,13e3b8s,jjojgkl,CVE-2023-23397
13,2023-05-14T00:00:00.000Z,13h9s08,jk551lp,cve-2023-24932
7,2023-05-14T00:00:00.000Z,13h9s08,jk5n10a,cve-2023-24932
2,2023-05-16T00:00:00.000Z,13jec1u,jkf9fay,CVE-2021-22005
2,2023-05-18T00:00:00.000Z,13j5hml,jklpfxl,CVE-2023-25717
13,2023-05-18T00:00:00.000Z,13l22sf,jko154s,CVE-2023-32784
9,2023-05-18T00:00:00.000Z,13l22sf,jkodrdb,CVE-2023-32784
17,2023-05-18T00:00:00.000Z,13lafdh,jkoow83,CVE-2023-3278
15,2023-05-19T00:00:00.000Z,13lafdh,jkqfmqe,CVE-2023-3278
1,2023-05-23T00:00:00.000Z,13orosf,jl9sx46,CVE-2023-32154
1,2023-05-31T00:00:00.000Z,13v15f3,jmdnxkl,CVE-2018-6593
7,2023-06-02T00:00:00.000Z,13ycqhh,jmnr14y,CVE-2023-34362
1,2023-06-07T00:00:00.000Z,1438x2i,jnaa2xw,CVE-2023-34362
4,2023-06-10T00:00:00.000Z,145zoux,jnnm78l,CVE-2023-34362
3,2023-06-10T00:00:00.000Z,145zoux,jnojykh,CVE-2023-34362
6,2023-06-11T00:00:00.000Z,146zebv,jnt8q93,CVE-2022-42475
14,2023-07-01T00:00:00.000Z,14nqtpk,jq8u6kh,CVE-2022-26134
1,2023-07-01T00:00:00.000Z,14nqtpk,jq8yvfd,CVE-2022-26134
1,2023-07-16T00:00:00.000Z,151bnru,js8oo80,CVE-2023-34362
1,2023-07-24T00:00:00.000Z,1580dqy,jta9af8,CVE-2023-33148
1,2023-07-24T00:00:00.000Z,1580dqy,jtad38j,CVE-2023-33148
1,2023-07-26T00:00:00.000Z,159z5pu,jthwhrg,CVE-2021-36934
1,2023-08-18T00:00:00.000Z,15uqrg5,jwsc8gg,cve-2022-0185
1,2023-08-19T00:00:00.000Z,15vesv6,jwx1k78,CVE-2023-38185
1,2023-08-22T00:00:00.000Z,15yag0t,jxbpbc5,CVE-2023-40477
1,2023-08-25T00:00:00.000Z,1604b0m,jxo8wlf,CVE-2022-3219
1,2023-08-27T00:00:00.000Z,1622xia,jxzfb34,CVE-2022-29072
1,2023-08-27T00:00:00.000Z,1622xia,jxzrvix,cve-2020-19909
1,2023-09-01T00:00:00.000Z,166q153,jynoou2,CVE-2023-3595
1,2023-09-07T00:00:00.000Z,16cat68,jzk4a07,cve-2022-47966
1,2023-09-11T00:00:00.000Z,16fh3x1,k0329e0,CVE-2022-26706
1,2023-09-22T00:00:00.000Z,16os7io,k1qarhw,CVE-1234-56789
1,2023-09-24T00:00:00.000Z,16p4p5w,k1zphq0,CVE-2022-22302
1,2023-09-27T00:00:00.000Z,16tddml,k2fnl5p,cve-2023-4863
1,2023-09-28T00:00:00.000Z,16u0vis,k2jh0i4,CVE-2016-5195
1,2023-09-28T00:00:00.000Z,16u7czc,k2kq127,cve-2023-4863
1,2023-09-29T00:00:00.000Z,16vgmcr,k2qttxf,CVE-2023-40044
1,2023-09-29T00:00:00.000Z,16ut8zm,k2rzkvh,cve-2023-41064
1,2023-10-01T00:00:00.000Z,16x3h1e,k30zbx5,cve-2020-19909
1,2023-10-05T00:00:00.000Z,170j7y5,k3lnbhj,cve-2023-4911
1,2023-10-06T00:00:00.000Z,171b2of,k3r0bap,CVE-2021-44228
1,2023-10-11T00:00:00.000Z,173oiob,k4cxkjr,CVE-2020-19909
1,2023-10-11T00:00:00.000Z,174yct9,k4d35zr,CVE-2020-19909
1,2023-10-11T00:00:00.000Z,173oiob,k4d9sjh,CVE-2023-38545
1,2023-10-11T00:00:00.000Z,175535g,k4dvtt3,CVE-2023-38545
1,2023-10-16T00:00:00.000Z,1791shj,k549wp2,CVE-2023-44487
1,2023-10-18T00:00:00.000Z,177ggsu,k5dggjh,cve-2019-14510
1,2023-10-19T00:00:00.000Z,17bdm57,k5iwrom,cve-2023-20198
1,2023-10-25T00:00:00.000Z,17bmhh1,k6cy0dg,cve-2023-44487
1,2023-10-26T00:00:00.000Z,17gj9gw,k6iibbn,CVE-2023-5631
1,2023-10-29T00:00:00.000Z,17iui8h,k6xldoc,CVE-2023-27163
3,2023-11-01T00:00:00.000Z,17lbwra,k7d9fls,cve-2023-35359
5,2023-11-01T00:00:00.000Z,17lbwra,k7dpg50,CVE-2023-26563
9,2023-11-03T00:00:00.000Z,17mw5u0,k7o5nlp,CVE-2023-20198
2,2023-11-04T00:00:00.000Z,17mw5u0,k7qzb6x,CVE-2023-20198
3,2023-11-09T00:00:00.000Z,17r9kdk,k8hyk1l,CVE-2023-22518
3,2023-11-09T00:00:00.000Z,17r9kdk,k8i1hc0,CVE-2020-0005
3,2023-11-09T00:00:00.000Z,17r9kdk,k8i2y2v,CVE-2023-22518
36,2023-11-10T00:00:00.000Z,17rrlvf,k8kyjcy,CVE-2023-4966
5,2023-11-10T00:00:00.000Z,17s4swe,k8p2af3,CVE-2023-34362
1,2023-11-27T00:00:00.000Z,184gfrp,kawo04j,CVE-2023-4966
3,2023-12-07T00:00:00.000Z,18bubqf,kcda8y8,CVE-2023-5058
46,2023-12-08T00:00:00.000Z,18d9arb,kcfv26a,cve-2023-45866
1,2023-12-08T00:00:00.000Z,18cht7z,kckao03,CVE-2023-40238
4,2023-12-10T00:00:00.000Z,18f4udb,kcsgj4n,CVE-2023-50164
5,2023-12-10T00:00:00.000Z,18f4udb,kcsoby8,CVE-2023-50164
1,2023-12-12T00:00:00.000Z,18fslut,kd220v1,CVE-2022-3602
1,2023-12-12T00:00:00.000Z,18gmjs8,kd2t9vw,CVE-2020-1472
95,2023-12-18T00:00:00.000Z,18kynxm,kdvv5x4,cve-2023-45866
180,2023-12-18T00:00:00.000Z,18lboou,kdx7u4i,CVE-2023-42793
9,2023-12-19T00:00:00.000Z,18lrluk,ke1axvb,CVE-2023-45866
1,2023-12-20T00:00:00.000Z,18mzscw,ke7cf4f,CVE-2023-48795
5,2023-12-21T00:00:00.000Z,18mzscw,ke959ag,CVE-2023-48795
1,2023-12-21T00:00:00.000Z,18nk5fc,kecez8d,CVE-2022-3369
4,2023-12-23T00:00:00.000Z,18pbemj,kenrwp7,CVE-2023-7024
2,2023-12-25T00:00:00.000Z,18qrudw,kex0m7x,CVE-2023-45741
6,2024-01-01T00:00:00.000Z,18vnpac,kfwal6t,CVE-2023-41990
1,2024-01-08T00:00:00.000Z,191jzke,kgw6ht8,CVE-2023-48795
3,2024-01-08T00:00:00.000Z,191w9o7,kgyfi1v,cve-2023-4863
1,2024-01-09T00:00:00.000Z,191w9o7,kgzhmd9,CVE-2016-2208
2,2024-01-09T00:00:00.000Z,191w9o7,kgzvapl,CVE-2016-2208
10,2024-01-10T00:00:00.000Z,1931s2f,kh6q7no,CVE-2023-45866
1,2024-01-10T00:00:00.000Z,1931s2f,kh6qy1t,CVE-2023-45866
3,2024-01-10T00:00:00.000Z,193k7c1,kh9r0jg,CVE-2023-46805
1,2024-01-26T00:00:00.000Z,1abbnne,kjoywiw,CVE-2023-40036
7,2024-02-01T00:00:00.000Z,1agcug5,kohb7sg,CVE-2023-23397
5,2024-02-06T00:00:00.000Z,1ajlnyq,kp7zl9j,CVE-2023-4863
10,2024-02-08T00:00:00.000Z,1alhcvi,kpfph1r,CVE-2023-36661
2,2024-02-08T00:00:00.000Z,1alhcvi,kpfua4d,cve-2024-21893
3,2024-02-10T00:00:00.000Z,1ancw5s,kpt85sx,CVE-2023-46805
1,2024-02-14T00:00:00.000Z,1aq0wdu,kqeczyd,cve-2023-4966
1,2024-02-15T00:00:00.000Z,1ara68e,kqkr4xm,CVE-2024-23739
1,2024-02-20T00:00:00.000Z,1aur20u,krcrb9m,CVE-2023-1769
9,2024-02-25T00:00:00.000Z,1azxz12,ks4ktde,cve-2023-34362
10,2024-02-26T00:00:00.000Z,1b0hmg6,ksape4x,CVE-2024-1708
2,2024-02-27T00:00:00.000Z,1azz9d5,kse0kaw,CVE-2024-1708
2,2024-02-28T00:00:00.000Z,1b279sl,ksjsv6h,CVE-2023-38035
2,2024-03-02T00:00:00.000Z,1b4dgh9,ksyk6nn,cve-2023-23397
5,2024-03-03T00:00:00.000Z,1b51vn2,kt2sa7i,CVE-2024-23479
1,2024-03-03T00:00:00.000Z,1b336cb,kt607i4,CVE-2024-21762
1,2024-03-16T00:00:00.000Z,1beyqzs,kv4k77r,CVE-2017-12761
176,2024-03-18T00:00:00.000Z,1bhjhs6,kve9aty,CVE-2018-20817
25,2024-03-21T00:00:00.000Z,1bjxpcu,kvvazqa,CVE-2024-2169
11,2024-03-23T00:00:00.000Z,1bkzhie,kw5gcol,CVE-2024-29916
12,2024-03-26T00:00:00.000Z,1bo4h0r,kwmnw6m,CVE-2023-45866
2,2024-03-28T00:00:00.000Z,1bp2v7z,kwxybyd,CVE-2020-1066
2,2024-03-28T00:00:00.000Z,1bprhe0,kx11222,CVE-2022-31705
38,2024-03-29T00:00:00.000Z,1bqw8yc,kx63wt0,CVE-2024-3094
1,2024-03-30T00:00:00.000Z,1bqw8yc,kx82bdr,CVE-2024-3094
4,2024-04-01T00:00:00.000Z,1bsso9y,kxjarfi,CVE-2024-3094
1,2024-04-01T00:00:00.000Z,1brfjsb,kxjb2c6,CVE-2024-3094
1,2024-04-01T00:00:00.000Z,1bqn0mk,kxjc44j,CVE-2024-1086
2,2024-04-01T00:00:00.000Z,1brpqe6,kxjcc1m,cve-2024-3094
3,2024-04-01T00:00:00.000Z,1bt2q2b,kxk2p9r,cve-2023-50969
3,2024-04-02T00:00:00.000Z,1btpooz,kxp9934,CVE-2024-3094
23,2024-04-03T00:00:00.000Z,1butq6l,kxuuy05,CVE-2024-28085
1,2024-04-04T00:00:00.000Z,1bsyqmo,kxzjrpq,cve-2024-3094
34,2024-04-07T00:00:00.000Z,1bxndpv,kyebz35,CVE-2024-3094
1,2024-04-07T00:00:00.000Z,1bx6j4x,kyexxgw,CVE-2021-3448
1,2024-04-09T00:00:00.000Z,1bzdh5y,kyssqsw,CVE-2004-1831
8,2024-04-12T00:00:00.000Z,1c237ue,kz9vjaj,cve-2024-3400
3,2024-04-12T00:00:00.000Z,1c237ue,kzb4gtf,cve-2024-3400
2,2024-04-13T00:00:00.000Z,1c2ipvf,kzcyjkv,CVE-2024-3400
2,2024-04-13T00:00:00.000Z,1c237ue,kzdgay4,cve-2024-3400
13,2024-04-14T00:00:00.000Z,1c3sxkr,kzkl5os,CVE-2023-42326
6,2024-04-17T00:00:00.000Z,1c5s0bt,kzz3wua,cve-2024-3400
1,2024-04-19T00:00:00.000Z,1c7ye21,l0bqqn6,CVE-2024-31497
1,2024-04-21T00:00:00.000Z,1c89pg9,l0kl9bb,CVE-2024-2188
10,2024-04-27T00:00:00.000Z,1cedcgg,l1j0asr,CVE-2024-20353
1,2024-04-28T00:00:00.000Z,1cfh7mq,l1p1zcq,CVE-2017-8570
18,2024-04-29T00:00:00.000Z,1cfgdi4,l1r0idu,CVE-2024-27956
8,2024-04-30T00:00:00.000Z,1ch6okf,l20i2u3,CVE-2022-38028
11,2024-05-01T00:00:00.000Z,1ch6okf,l21kbmj,cve-2022-38028
23,2024-05-04T00:00:00.000Z,1cju6a5,l2jm4ws,CVE-2021-22986
2,2024-05-04T00:00:00.000Z,1cju6a5,l2kyf7l,CVE-2021-22986
1,2024-05-04T00:00:00.000Z,1cju6a5,l2l9n20,cve-2021-22986
1,2024-05-08T00:00:00.000Z,1cmr2fd,l327x48,CVE-2016-0147
1,2024-05-08T00:00:00.000Z,1cmr2fd,l32d0bm,CVE-2012-1889
2,2024-05-17T00:00:00.000Z,1cu9c83,l4hsgno,CVE-2023-41993
1,2024-05-18T00:00:00.000Z,1cu9c83,l4kbd8q,CVE-2024-3661
9,2024-05-18T00:00:00.000Z,1cu9c83,l4lxc30,cve-2024-3661
4,2024-05-20T00:00:00.000Z,1cvwywm,l4ty3ow,CVE-2014-100005
27,2024-05-24T00:00:00.000Z,1czavp1,l5g5x4e,CVE-2017-6195
9,2024-05-25T00:00:00.000Z,1d0ar72,l5nikdk,CVE-2024-20666
1,2024-05-26T00:00:00.000Z,1d0tcq1,l5q2bpl,CVE-2024-1086
1,2024-06-02T00:00:00.000Z,1d5rvo6,l6qij6b,CVE-2024-33891
58,2024-06-05T00:00:00.000Z,1d8vh20,l791l90,CVE-2024-1086
44,2024-06-05T00:00:00.000Z,1d8vh20,l7af4jr,CVE-2023-3609
1,2024-06-06T00:00:00.000Z,1d8vh20,l7e4ny5,CVE-2024-1086
3,2024-06-07T00:00:00.000Z,1d9gxbw,l7hoi00,CVE-2023-22522
14,2024-06-11T00:00:00.000Z,1dcvj45,l82bns1,CVE-2024-3661
1,2024-06-12T00:00:00.000Z,1de22yb,l89z155,cve-2024-26211
18,2024-06-14T00:00:00.000Z,1df3u5o,l8ia2ln,cve-2024-30103
3,2024-06-14T00:00:00.000Z,1devdtu,l8mhufz,CVE-2021-38759
14,2024-06-15T00:00:00.000Z,1dg6jiy,l8oac28,CVE-2024-30078
20,2024-06-15T00:00:00.000Z,1dg6jiy,l8ocscw,CVE-2024-30078
103,2024-06-15T00:00:00.000Z,1dg6jiy,l8om3al,CVE-2024-30078
6,2024-06-15T00:00:00.000Z,1dg6jiy,l8omcyn,CVE-2024-30082
1,2024-06-15T00:00:00.000Z,1dg6jiy,l8sa2lu,CVE-2024-30078
3,2024-06-17T00:00:00.000Z,1dhejkg,l8xtjaw,CVE-2022-45868
1,2024-06-20T00:00:00.000Z,1dk3p7g,l9fe9bl,CVE-2024-30078
7,2024-06-23T00:00:00.000Z,1dm8o1c,l9vgwys,CVE-2024-0762
1,2024-06-23T00:00:00.000Z,1dmh7ep,l9ytie7,CVE-2023-21502
1,2024-06-26T00:00:00.000Z,1dosfqi,lafmx1k,CVE-2024-37032
2,2024-06-27T00:00:00.000Z,1dpyatk,laku63r,CVE-2024-3094
7,2024-07-01T00:00:00.000Z,1dsupfa,lb4yqqf,CVE-2024-6387
35,2024-07-01T00:00:00.000Z,1dsupfa,lb54y1c,cve-2024-6387
1,2024-07-02T00:00:00.000Z,1dsgwdw,lbc5jo5,CVE-2024-5806
1,2024-07-03T00:00:00.000Z,1ducj4h,lbhz4vg,cve-2021-34481
2,2024-07-03T00:00:00.000Z,1ducj4h,lbiettu,CVE-2021-34527
-10,2024-07-04T00:00:00.000Z,1duwcp3,lbkz9z2,CVE-2024-20353
3,2024-07-04T00:00:00.000Z,1duwcp3,lbm47bg,CVE-2024-20399
1,2024-07-12T00:00:00.000Z,1e0mlvy,lctnhic,CVE-2023-20269
18,2024-07-15T00:00:00.000Z,1e34z2z,ld8o7so,CVE-2022-21587
1,2024-07-15T00:00:00.000Z,1e34z2z,ldc8gdp,CVE-2022-21587
16,2024-07-22T00:00:00.000Z,1e9l5j4,lefbej0,CVE-2016-0763
1,2024-07-28T00:00:00.000Z,1eedl38,lfdt3fl,CVE-2023-52424
36,2024-07-30T00:00:00.000Z,1efq6j8,lfmoah6,CVE-2024-37085
3,2024-07-31T00:00:00.000Z,1egac0o,lfrt4v9,CVE-2024-6387
17,2024-07-31T00:00:00.000Z,1egac0o,lfrzm5x,cve-2024-6387
11,2024-07-31T00:00:00.000Z,1egac0o,lfs38v8,CVE-2006-5051
1,2024-07-31T00:00:00.000Z,1egac0o,lfs5zp6,CVE-2024-6387
11,2024-07-31T00:00:00.000Z,1egac0o,lfs88iq,CVE-2024-6387
2,2024-08-10T00:00:00.000Z,1eoejui,lhe6kfp,CVE-2021-44228
9,2024-08-13T00:00:00.000Z,1eqc84o,lhvmvtc,CVE-2022-38392
2,2024-08-15T00:00:00.000Z,1esu755,li8ebew,CVE-2022-38028
9,2024-08-15T00:00:00.000Z,1esv50y,li9lg15,CVE-2024-38063
1,2024-08-18T00:00:00.000Z,1eueblc,lioof15,cve-2024-6783
3,2024-08-21T00:00:00.000Z,1exvj5b,lj9k37s,CVE-2024-4323
1,2024-08-29T00:00:00.000Z,1f40erg,lkhkznw,CVE-2024-21302
1,2024-08-31T00:00:00.000Z,1f5xy5q,lkwl3t6,cve-2023-40481
2,2024-08-31T00:00:00.000Z,1f5xy5q,lkwn1q2,CVE-2023-31102
-3,2024-09-15T00:00:00.000Z,1fhhsoh,lnadvr3,CVE-2020-24586
24,2024-09-26T00:00:00.000Z,1fq3tts,lp3ez51,CVE-2024-47176
2,2024-10-01T00:00:00.000Z,1fsqxmw,lps8sh8,CVE-2017-0144
4,2024-10-02T00:00:00.000Z,1fuk4fx,lq1jzom,CVE-2020-36603
1,2024-10-03T00:00:00.000Z,1fvaidf,lq72st6,CVE-2024-3080
1,2024-10-03T00:00:00.000Z,1fvaidf,lq74pc2,CVE-2024-38077
1,2024-10-09T00:00:00.000Z,1fte6w0,lr299xs,CVE-2005-2541
20,2024-10-21T00:00:00.000Z,1g8hg5e,lsythqq,CVE-2024-44133
1,2024-10-21T00:00:00.000Z,1g8hg5e,lt06f1b,CVE-2024-44133
1,2024-10-23T00:00:00.000Z,1gahv67,lte2cbc,CVE-2024-47575
1,2024-10-24T00:00:00.000Z,1ganmnv,ltiepzb,CVE-2024-47575
5,2024-10-25T00:00:00.000Z,1gbt83o,lto9zkp,CVE-2024-44068
23,2024-10-25T00:00:00.000Z,1gbt83o,ltokksv,CVE-2024-44068
23,2024-10-25T00:00:00.000Z,1gbt83o,ltp6wnq,CVE-2024-44068
1,2024-10-28T00:00:00.000Z,1gcl9ou,lu7rxyj,CVE-2024-38202
1,2024-11-02T00:00:00.000Z,1gh89iu,lv0ks29,CVE-2024-1234
3,2024-11-06T00:00:00.000Z,1gl2gta,lvr0c9v,CVE-2024-38063
1,2024-11-09T00:00:00.000Z,1gmlvsc,lwa33ui,CVE-2022-0540
34,2024-11-11T00:00:00.000Z,1gosyuo,lwkyzps,CVE-2024-45409
2,2024-11-14T00:00:00.000Z,1gqj6ec,lx4cowj,CVE-2024-43451
-6,2024-11-15T00:00:00.000Z,1gs8rob,lxccq1k,CVE-2024-3094
27,2024-11-20T00:00:00.000Z,1gvq69f,ly4488x,cve-2024-0012
-5,2024-11-20T00:00:00.000Z,1gvq69f,ly4fcl4,cve-2024-0012
1,2024-11-21T00:00:00.000Z,1gvq69f,ly8kkg0,cve-2024-0012
0,2024-11-25T00:00:00.000Z,1gzq1nn,lyy32tg,CVE-2024-11477
1,2024-11-28T00:00:00.000Z,1gzqkjz,lzcs5f1,CVE-2024-11477
1,2024-11-29T00:00:00.000Z,1gzqkjz,lzi565u,CVE-2024-11477
7,2024-12-05T00:00:00.000Z,1h6w5dn,m0gra1p,CVE-2024-42327
7,2024-12-05T00:00:00.000Z,1h6w5dn,m0guokm,CVE-2024-42327
1,2024-12-05T00:00:00.000Z,1h3e5hg,m0iyxia,CVE-2024-11680
1,2024-12-08T00:00:00.000Z,1g8hg5e,m126dn0,CVE-2024-44133
17,2024-12-12T00:00:00.000Z,1hcutu5,m1rfl3o,CVE-2023-46805
22,2024-12-15T00:00:00.000Z,1hecwd6,m23omff,CVE-2024-54492
12,2024-12-19T00:00:00.000Z,1hi017f,m2vt770,CVE-2024-12356
52,2024-12-20T00:00:00.000Z,1hieb0l,m2y9e3d,CVE-2023-46805
1,2024-12-21T00:00:00.000Z,1hik4r3,m3761t7,CVE-2023-48788
126,2024-12-24T00:00:00.000Z,1hlb7zj,m3ksspa,CVE-2023-46805
6,2024-12-24T00:00:00.000Z,1hlljkr,m3nef1y,CVE-2023-1389
4,2024-12-25T00:00:00.000Z,1hlzpmk,m3q6yp1,CVE-2024-30088
2,2024-12-28T00:00:00.000Z,1hoc196,m48jdki,CVE-2022-29131
1,2024-12-31T00:00:00.000Z,1hq9egw,m4nrbv7,CVE-2024-12356
5,2024-12-31T00:00:00.000Z,1hqbxt5,m4ri5ef,CVE-2024-12356
3,2021-11-04T00:00:00.000Z,qmc0ji,hj8uuxm,CVE-2016-5636
2,2022-03-14T00:00:00.000Z,te17gu,i0n1rmt,CVE-2022-1234
1,2022-04-15T00:00:00.000Z,u2w5rh,i4tx49m,CVE-2017-8769
2,2022-06-16T00:00:00.000Z,vdowjf,iclqc20,CVE-2010-2568
2,2022-06-17T00:00:00.000Z,vdnyx2,icogsg9,CVE-2013-4567
2,2022-09-04T00:00:00.000Z,x5as1l,in047q0,CVE-2016-9312
1,2023-03-16T00:00:00.000Z,11spkp2,jcfcr04,cve-2023-23397
3,2023-05-21T00:00:00.000Z,13o0cro,jl23cg4,CVE-2016-4657
1,2023-10-29T00:00:00.000Z,17iyrbq,k6xybmc,cve-2022-30190
1,2023-11-06T00:00:00.000Z,17p4m87,k848we7,cve-2023-4966
4,2023-12-10T00:00:00.000Z,18favn4,kctsxih,CVE-2023-45866
1,2023-12-27T00:00:00.000Z,18sacab,kf6wbcs,CVE-2023-4966
1,2024-01-25T00:00:00.000Z,19fkffe,kjkm90a,cve-2020-5735
1,2024-02-15T00:00:00.000Z,1aqppah,kql257h,cve-2024-21412
1,2024-03-17T00:00:00.000Z,1bgspbo,kv9hpm2,CVE-2017-5753
1,2024-05-17T00:00:00.000Z,1ctrl70,l4e6fxl,cve-2024-3400
4,2024-06-09T00:00:00.000Z,1dbg7q0,l7r4253,CVE-2023-1389
1,2024-07-12T00:00:00.000Z,1e12wdc,lctodiv,cve-2024-38021
1,2024-08-11T00:00:00.000Z,1eooewv,lhjkp90,CVE-2024-38021
1,2024-11-13T00:00:00.000Z,1gpwcf1,lwuah5q,CVE-2023-41064
2,2012-07-15T00:00:00.000Z,whd5d,c5ea1xa,CVE-2012-1182
1,2013-01-15T00:00:00.000Z,16mc90,c7xchgo,CVE-2012-0158
2,2013-02-11T00:00:00.000Z,18a0ix,c8d2khh,CVE-2011-4161
2,2013-02-27T00:00:00.000Z,18zsos,c8mbmrm,CVE-2010-0249
2,2014-03-10T00:00:00.000Z,200j28,cfysr71,cve-2014-0038
1,2014-05-02T00:00:00.000Z,24i89o,ch7dekf,CVE-2014-1776
1,2014-05-02T00:00:00.000Z,24i89o,ch7f5uj,cve-2014-1776
1,2014-07-04T00:00:00.000Z,29uqrd,ciopwh0,CVE-2010-2568
1,2014-08-26T00:00:00.000Z,2e1xsb,ck0gypd,CVE-2014-1939
1,2014-10-16T00:00:00.000Z,2jg25j,clbffef,CVE-2010-0425
2,2014-10-28T00:00:00.000Z,2kkagz,clm336x,CVE-2008-0166
1,2014-11-16T00:00:00.000Z,2mfpau,cm431k2,CVE-2014-6271
3,2014-11-24T00:00:00.000Z,2n9zhv,cmc049n,cve-2014-6324
2,2015-01-29T00:00:00.000Z,2tz0bm,co4c5m3,CVE-2015-0235
1,2015-06-20T00:00:00.000Z,39bcib,cscvx2u,cve-2015-2360
2,2015-09-23T00:00:00.000Z,3lpjra,cvbw44r,cve-2015-1538
1,2015-11-03T00:00:00.000Z,3r7s77,cwmzwpx,CVE-2014-0160
2,2015-11-05T00:00:00.000Z,3rnnyv,cwpo5at,CVE-2014-6271
2,2016-01-09T00:00:00.000Z,40788l,cys0vlk,CVE-2015-1548
12,2016-03-20T00:00:00.000Z,4b75s5,d16qnzt,CVE-2015-3864
1,2016-05-03T00:00:00.000Z,4hh02i,d2qxbwd,CVE-2010-3128
46,2016-07-02T00:00:00.000Z,4qykgr,d4wxl69,CVE-2015-6639
1,2016-07-28T00:00:00.000Z,4uwlfs,d5uu46t,cve-2013-6117
51,2016-10-19T00:00:00.000Z,58889c,d8yjtrv,CVE-2010-2568
2,2016-12-16T00:00:00.000Z,5igaly,db9ffih,CVE-2016-582384
11,2016-12-19T00:00:00.000Z,5j5u0j,dbdsjm6,CVE-2016-582384
1,2017-01-12T00:00:00.000Z,5nbljh,dcc3fsd,CVE-2016-5195
2,2017-02-07T00:00:00.000Z,5snuj1,ddgi6wf,CVE-2017-5521
4,2017-03-13T00:00:00.000Z,5z3uwl,devt67o,CVE-2017-5675
1,2017-04-07T00:00:00.000Z,641k7f,dfynb9f,CVE-2017-6975
5,2017-05-12T00:00:00.000Z,6as92a,dhgyydp,CVE-2017-0290
21,2017-06-14T00:00:00.000Z,6h6z1c,diw5gbr,cve-2017-7494
4,2017-08-05T00:00:00.000Z,6rk572,dl6ycx2,cve-2005-4131
3,2017-09-11T00:00:00.000Z,6zilrj,dmvko6l,CVE-2017-9805
12,2017-09-16T00:00:00.000Z,70cv5w,dn2gee1,CVE-2017-5638
10,2017-09-26T00:00:00.000Z,72kba2,dnjqee1,CVE-2014-3306
2,2017-09-29T00:00:00.000Z,736o5h,dnoblcr,cve-2017-7269
2,2017-10-12T00:00:00.000Z,75vlmq,do9tgal,CVE-2017-5638
3,2017-11-15T00:00:00.000Z,7d60dv,dpvk8bz,cve-2017-7494
1,2017-11-28T00:00:00.000Z,7g4ine,dqgr4wj,CVE-2017-1182
3,2017-11-29T00:00:00.000Z,7g4gxj,dqhfn0i,CVE-2012-4220
1,2017-11-29T00:00:00.000Z,7g4gxj,dqhk7b4,CVE-2012-4220
1,2018-02-10T00:00:00.000Z,7wlwye,du1p5bi,CVE-2011-3402
1,2018-02-10T00:00:00.000Z,7wlwye,du1shpk,CVE-2010-1749
1,2018-03-13T00:00:00.000Z,847db1,dvnlnu3,CVE-2014-9495
4,2018-08-28T00:00:00.000Z,9awgim,e4yn2xd,CVE-2017-7269
3,2018-08-31T00:00:00.000Z,9brpw1,e55axzj,CVE-2010-3333
1,2018-09-17T00:00:00.000Z,9giifr,e65s5b6,CVE-2018-2676
1,2018-09-23T00:00:00.000Z,9giifr,e6gy7fl,CVE-2018-2676
1,2018-09-25T00:00:00.000Z,9giifr,e6luvea,CVE-2018-2676
37,2018-10-12T00:00:00.000Z,9ng73q,e7n7a59,CVE-2001-0144
1,2018-10-17T00:00:00.000Z,9oulsh,e7ymkgk,cve-2018-10933
2,2018-10-18T00:00:00.000Z,9p8g0y,e80dxd7,CVE-2018-10933
1,2018-11-07T00:00:00.000Z,9ryy7r,e98b6o8,CVE-2017-7541
1,2018-11-08T00:00:00.000Z,9ryy7r,e9aagzl,CVE-2017-7541
1,2018-11-08T00:00:00.000Z,9ryy7r,e9ac8vl,CVE-2017-7541
1,2018-11-16T00:00:00.000Z,9ryy7r,e9si965,CVE-2017-7541
1,2018-11-16T00:00:00.000Z,9vmjkr,e9tnt0u,CVE-2010-2568
1,2018-12-01T00:00:00.000Z,a2036w,eav0fzf,CVE-2018-14634
292,2018-12-21T00:00:00.000Z,a8364a,ec7umja,CVE-2017-0213
21,2018-12-21T00:00:00.000Z,a8364a,ec7ws2w,CVE-2017-0213
9,2018-12-21T00:00:00.000Z,a8364a,ec7x9cc,CVE-2017-0213
10,2018-12-21T00:00:00.000Z,a8364a,ec81456,CVE-2017-0213
5,2018-12-21T00:00:00.000Z,a8364a,ec8mdbl,CVE-2017-0213
2,2019-02-01T00:00:00.000Z,aimw2r,efibgpy,CVE-2019-6496
3,2019-02-03T00:00:00.000Z,amsru2,efoj0zu,CVE-2017-0143
0,2019-02-04T00:00:00.000Z,amuq6i,efoxsdp,CVE-2017-0561
0,2019-02-04T00:00:00.000Z,amuq6i,efoyrqg,CVE-2017-0561
1,2019-02-04T00:00:00.000Z,amuq6i,efoz8wb,CVE-2017-0561
1,2019-02-07T00:00:00.000Z,ao2ilh,efxyg3b,CVE-2019-1986
1,2019-02-20T00:00:00.000Z,asm8qv,egv8h5c,CVE-2011-2716
1,2019-02-25T00:00:00.000Z,aug05y,eh9gahi,CVE-2019-9111
0,2019-06-06T00:00:00.000Z,bxi98t,eq6y60t,CVE-2018-10562
0,2019-06-06T00:00:00.000Z,bxi98t,eq6y9jz,CVE-2018-10562
0,2019-06-06T00:00:00.000Z,bxi98t,eq6ybba,CVE-2018-10562
1,2019-07-26T00:00:00.000Z,ci2o47,ev17id5,cve-2019-3969
26,2019-08-06T00:00:00.000Z,cmncfj,ew4n2qv,CVE-2019-13377
2,2019-09-06T00:00:00.000Z,d0ht7y,ez9q5py,cve-2019-0708
14,2019-09-17T00:00:00.000Z,d5gjxj,f0mwen9,CVE-2018-14712
1,2019-10-29T00:00:00.000Z,dohgmz,f5p26cn,CVE-2019-11043
2,2019-12-08T00:00:00.000Z,e7elzs,fa2i04g,CVE-2019-9810
2,2019-12-08T00:00:00.000Z,e7pary,fa5vda4,cve-2019-1405
2,2019-12-20T00:00:00.000Z,edfw03,fbhyo42,CVE-2018-15919
4,2019-12-31T00:00:00.000Z,ehxp2e,fcmupqy,CVE-2019-11708
2,2019-12-31T00:00:00.000Z,ei30mq,fcn1o3f,CVE-2015-3860
59,2020-01-15T00:00:00.000Z,ep5vfj,fehfnq2,CVE-2020-0601
3,2020-01-16T00:00:00.000Z,ep5vfj,fejejvf,cve-2020-0601
2,2020-01-28T00:00:00.000Z,euvy8n,fftlx8f,CVE-2016-1909
1,2020-02-07T00:00:00.000Z,f0hqn4,fgu5n7v,CVE-2015-3431
3,2020-02-22T00:00:00.000Z,f6em95,fic2wg2,CVE-2017-5638
13,2020-03-29T00:00:00.000Z,fr37hj,fltj8cx,CVE-2015-1538
1,2020-04-15T00:00:00.000Z,g21xs8,fnizzvz,CVE-2020-11445
2,2020-04-23T00:00:00.000Z,g6clmo,fo96nvq,CVE-2016-4631
2,2020-04-23T00:00:00.000Z,g6pyct,fobvdiw,cve-2018-20250
2,2020-06-13T00:00:00.000Z,h80gok,fuohpy2,CVE-2020-13656
6,2020-06-13T00:00:00.000Z,h80gok,fuoir9x,cve-2019-4923
5,2020-07-12T00:00:00.000Z,hpx873,fxv06a7,CVE-2012-0644
19,2020-09-15T00:00:00.000Z,it4jvv,g5dikau,CVE-2020-1472
9,2020-09-19T00:00:00.000Z,ivi11j,g5ss0tu,CVE-2016-5195
2,2020-10-02T00:00:00.000Z,j3wwpv,g7g7x3c,CVE-2015-3864
94,2020-11-06T00:00:00.000Z,joz1ht,gbbec5z,CVE-2019-17502
1,2020-11-29T00:00:00.000Z,k315tc,gdzxul8,CVE-2020-16009
2,2020-11-29T00:00:00.000Z,k315tc,ge33aji,CVE-2020-15865
1,2020-11-30T00:00:00.000Z,k315tc,ge6k7r7,CVE-2020-16009
2,2020-12-04T00:00:00.000Z,k6ncpz,geme6xq,CVE-2018-20250
1,2021-01-13T00:00:00.000Z,kvrcqi,gj4q2ag,CVE-2020-7750
2,2021-01-23T00:00:00.000Z,l30te3,gkfks0h,CVE-2020-26664
6,2021-01-24T00:00:00.000Z,l3vzum,gkit384,CVE-2020-3421
2,2021-01-24T00:00:00.000Z,l30te3,gkk2lt6,CVE-2020-26664
2,2021-02-05T00:00:00.000Z,ld3yag,gm4nlxc,CVE-2021-21148
2,2021-03-10T00:00:00.000Z,m23qrw,gqgzz0e,CVE-2021-26855
55,2021-03-21T00:00:00.000Z,m9f5o1,grohr29,CVE-2020-15999
3,2021-03-25T00:00:00.000Z,md4cvp,gs7dc5c,CVE-2021-3450
1,2021-04-11T00:00:00.000Z,mnmlpj,gu4a2nm,CVE-2021-30480
42,2021-04-13T00:00:00.000Z,mq3glh,gudje46,CVE-2021-3156
17,2021-04-13T00:00:00.000Z,mq3glh,gudu46w,cve-2021-3156
14,2021-04-13T00:00:00.000Z,mq3glh,gue2xrg,CVE-2021-3156
1,2021-04-23T00:00:00.000Z,mt52p3,gvkgcq6,CVE-2020-15999
70,2021-05-05T00:00:00.000Z,n55geb,gwzkr7d,cve-2021-30657
10,2021-05-05T00:00:00.000Z,n55geb,gx0ncnk,CVE-2021-30666
7,2021-06-10T00:00:00.000Z,nwoa1c,h1aftad,CVE-2021-21132
1,2021-06-29T00:00:00.000Z,o8u875,h3gqucd,cve-2020-0729
31,2021-07-01T00:00:00.000Z,obpmzr,h3p7rup,CVE-2021-1675
1,2021-09-09T00:00:00.000Z,pkpqr1,hc5ps0r,cve-2021-40444
15,2021-09-09T00:00:00.000Z,pkpqr1,hc5wwh9,CVE-2021-40444
2,2021-10-05T00:00:00.000Z,q1jnzg,hffgu9s,CVE-2020-12440
2,2021-10-05T00:00:00.000Z,q1dqpz,hffwkuq,CVE-2021-40444
1,2021-10-05T00:00:00.000Z,q1dqpz,hfgawpf,cve-2021-40444
1,2021-10-11T00:00:00.000Z,q61e8f,hgadzf0,CVE-2006-3092
343,2021-10-22T00:00:00.000Z,qd6o48,hhki18e,CVE-2002-2443
21,2021-12-11T00:00:00.000Z,re2j3s,ho53ed3,CVE-2021-44228
20,2021-12-11T00:00:00.000Z,re2j3s,ho5avqv,CVE-2021-44228
1,2021-12-12T00:00:00.000Z,rel34n,ho89qec,CVE-2019-14889
2,2021-12-13T00:00:00.000Z,rfbirb,hoez9um,CVE-2021-44228
1,2021-12-15T00:00:00.000Z,rgjjld,hokytjz,cve-2021-36934
6,2021-12-15T00:00:00.000Z,rgvqkd,homm08a,cve-2021-45046
11,2021-12-17T00:00:00.000Z,rifkgs,hoyvu9o,CVE-2021-44228
4,2022-01-03T00:00:00.000Z,rulmw8,hr1dl40,CVE-2019-9483
2,2022-01-06T00:00:00.000Z,rx3h40,hrfyt28,CVE-2020-26935
1,2022-01-09T00:00:00.000Z,rzmiv6,hrx43w1,CVE-2020-12695
1,2022-01-10T00:00:00.000Z,rzmiv6,hs249xz,CVE-2020-12695
4,2022-02-01T00:00:00.000Z,shvaau,hv4qpp4,cve-2021-4034
1,2022-02-06T00:00:00.000Z,skfcg6,hvsgfw2,CVE-2017-0213
363,2022-02-27T00:00:00.000Z,t2tul0,hyovi33,CVE-2021-26855
2,2022-03-13T00:00:00.000Z,td2gv8,i0h0uyl,CVE-2021-43217
2,2022-03-19T00:00:00.000Z,thlqm3,i1cazzc,CVE-2022-23812
3,2022-03-28T00:00:00.000Z,tpyqx2,i2fbsxp,CVE-2022-1096
81,2022-04-10T00:00:00.000Z,u0iuxo,i46gq1l,CVE-2018-17336
1,2022-04-27T00:00:00.000Z,ucrnif,i6cvooz,CVE-2019-9514
5,2022-05-09T00:00:00.000Z,ulhzsn,i7xbmlc,cve-2022-1388
1,2022-05-10T00:00:00.000Z,ulhzsn,i81ecj9,cve-2022-1388
6,2022-05-13T00:00:00.000Z,uoinc1,i8geroc,cve-2022-30525
0,2022-05-27T00:00:00.000Z,uynlg3,ia8i67e,cve-2022-22972
2,2022-05-31T00:00:00.000Z,v0gece,iao32vj,CVE-2017-12617
17,2022-06-01T00:00:00.000Z,v2foet,iat6ryl,cve-2022-30190
5,2022-06-01T00:00:00.000Z,v2foet,iatjnle,cve-2022-30190
0,2022-06-07T00:00:00.000Z,v6kynw,ibhrjdc,cve-2022-26134
1,2022-06-09T00:00:00.000Z,v1diin,ibqoccq,cve-2022-30190
1,2022-06-09T00:00:00.000Z,v0ygq9,ibqq0kz,cve-2022-30190
3,2022-06-14T00:00:00.000Z,vc8cfd,iccupcy,CVE-2022-30190
1,2022-06-16T00:00:00.000Z,vcq23o,icjljj7,CVE-2020-8515
12,2022-06-21T00:00:00.000Z,vh8n60,id69l01,CVE-2019-1040
2,2022-07-01T00:00:00.000Z,votsxc,iefwamz,CVE-2017-9841
6,2022-07-04T00:00:00.000Z,vr7zi5,ietqbex,cve-2022-30190
1,2022-07-13T00:00:00.000Z,vxufeh,ig0q9jw,CVE-2018-4904
40,2022-07-18T00:00:00.000Z,w1kpep,igkxjis,CVE-2022-22806
2,2022-08-13T00:00:00.000Z,wmi22w,ik3kh9p,CVE-2018-10933
58,2022-08-15T00:00:00.000Z,wp5uvd,ikexz42,CVE-2018-11529
49,2022-08-15T00:00:00.000Z,wp5uvd,ikf35zo,CVE-2020-13428
1,2022-08-16T00:00:00.000Z,wp5uvd,ikgjgog,CVE-2019-2107
19,2022-08-23T00:00:00.000Z,wvchn8,ilfivxh,CVE-2021-36260
2,2022-10-06T00:00:00.000Z,xwvoj7,ira93q9,CVE-2019-11510
6,2022-10-09T00:00:00.000Z,xzlk53,irobsna,CVE-2021-3156
18,2022-10-09T00:00:00.000Z,xzxtmj,irozxje,CVE-2019-8646
11,2022-10-11T00:00:00.000Z,y0ykws,irw7qzq,cve-2022-41352
0,2022-10-11T00:00:00.000Z,y0ykws,irwdkls,cve-2022-41352
38,2022-10-29T00:00:00.000Z,ygebat,iu8e5ro,CVE-2021-25802
1,2022-10-30T00:00:00.000Z,ygebat,iud1hdn,CVE-2020-9922
1,2022-11-04T00:00:00.000Z,ygebat,iv1n49l,CVE-2021-39144
3,2022-12-09T00:00:00.000Z,zgvdf9,izizgoo,CVE-2022-26138
-1,2022-12-30T00:00:00.000Z,zybp3s,j27rp6u,CVE-2018-10561
1,2023-02-13T00:00:00.000Z,111hzo3,j8ey6h7,CVE-2023-23514
5,2023-02-14T00:00:00.000Z,112h4da,j8kblj5,CVE-2015-9235
64,2023-02-25T00:00:00.000Z,11bt4j2,ja04zi6,CVE-2019-16253
2,2023-02-26T00:00:00.000Z,11c41vn,ja3holz,cve-2022-47412
2,2023-03-03T00:00:00.000Z,11f72kn,jat9kcm,CVE-2020-5741
1,2023-03-03T00:00:00.000Z,11f72kn,jat9pq2,CVE-2020-5741
1,2023-03-06T00:00:00.000Z,11inty8,jb2yl8o,CVE-2023-23514
1,2023-03-17T00:00:00.000Z,11t895y,jci6lsq,CVE-2022-3590
48,2023-03-20T00:00:00.000Z,11vpzlp,jcwx2xo,CVE-2023-24033
4,2023-04-23T00:00:00.000Z,12vnpqe,jhdfni9,CVE-2023-28205
9,2023-05-24T00:00:00.000Z,13qmlj0,jlffhxp,CVE-2023-28131
2,2023-06-15T00:00:00.000Z,149eyux,jo90563,CVE-2023-0669
3,2023-07-06T00:00:00.000Z,14rvcpm,jquaq0e,CVE-2023-32434
1,2023-08-11T00:00:00.000Z,15n5zzy,jvqbz6j,CVE-2020-28472
1,2023-09-02T00:00:00.000Z,1680vle,jyt6shi,CVE-2023-38831
1,2023-09-03T00:00:00.000Z,1695vru,jyzzl29,CVE-2023-2640
1,2023-10-10T00:00:00.000Z,174ngrx,k4bt8jw,CVE-2019-12480
1,2023-10-11T00:00:00.000Z,174ngrx,k4eul72,CVE-2019-12480
1,2023-11-06T00:00:00.000Z,17pdn9k,k84k2b1,CVE-2017-9841
271,2023-11-30T00:00:00.000Z,187w0vi,kbh5bh0,CVE-2023-24023
3,2023-12-01T00:00:00.000Z,187w0vi,kbkpuyi,CVE-2023-24023
10,2023-12-06T00:00:00.000Z,18c3wjz,kca77pw,CVE-2017-13077
1,2023-12-07T00:00:00.000Z,18chvix,kcbj0x7,CVE-2000-0538
15,2023-12-07T00:00:00.000Z,18chvix,kcbj34d,CVE-2000-0538
1,2023-12-10T00:00:00.000Z,jh8hi6,kcqh1sc,CVE-2017-7932
1,2023-12-10T00:00:00.000Z,18e95da,kcr21lz,CVE-2023-4863
1,2023-12-19T00:00:00.000Z,18lzabu,ke0us1v,CVE-2023-22809
1,2023-12-20T00:00:00.000Z,18lpagu,ke8vyg3,CVE-2023-27997
1,2023-12-26T00:00:00.000Z,18qpuwi,kexj3ft,cve-2023-48024
2,2023-12-27T00:00:00.000Z,18qpuwi,kf2lp2z,cve-2023-50965
12,2024-01-11T00:00:00.000Z,193unnz,khf2g26,CVE-2023-33297
2,2024-01-15T00:00:00.000Z,196lbbs,ki0n18x,CVE-2023-20185
19,2024-02-21T00:00:00.000Z,1avyroo,kre6v7d,CVE-2023-52160
37,2024-02-21T00:00:00.000Z,1avyroo,krey079,CVE-2023-52160
2,2024-03-11T00:00:00.000Z,1bca8wu,kuem9f1,CVE-2023-25690
2,2024-03-29T00:00:00.000Z,1bqf349,kx2qefd,CVE-2011-2716
6,2024-03-30T00:00:00.000Z,1bqxbwb,kx78oas,cve-2024-3094
-14,2024-04-06T00:00:00.000Z,1bx3wwr,kyaozgx,CVE-2021-44228
1,2024-04-26T00:00:00.000Z,1cddh72,l1budtm,CVE-2017-6667
1,2024-04-27T00:00:00.000Z,1cddh72,l1hkutv,CVE-2022-20776
1,2024-05-10T00:00:00.000Z,1coxppf,l3hsvi4,CVE-2023-20198
1,2024-05-16T00:00:00.000Z,1csyil7,l48kn3w,CVE-2021-4034
-6,2024-06-13T00:00:00.000Z,1dewfg9,l8i5k3r,CVE-2013-3587
9,2024-07-01T00:00:00.000Z,1dswq4t,lb59739,cve-2024-6387
1,2024-07-03T00:00:00.000Z,1dujap0,lbi080q,CVE-2024-6387
1,2024-08-07T00:00:00.000Z,1em6f7n,lgx7h4j,CVE-2024-5084
3,2024-08-10T00:00:00.000Z,1eoeopq,lhdi89q,CVE-2023-31315
2,2024-08-17T00:00:00.000Z,1eso7av,lii2xg6,CVE-2020-1745
1,2024-08-28T00:00:00.000Z,1f23s2o,lkcxb09,CVE-2022-38392
1,2024-09-01T00:00:00.000Z,1csyil7,lkytyfq,CVE-2019-18634
3,2024-09-04T00:00:00.000Z,1f8l08r,llfxbdm,CVE-2024-0519
1,2024-09-19T00:00:00.000Z,1cddh72,lnz12tt,CVE-2023-20090
1,2024-09-22T00:00:00.000Z,1fmyxmh,lof6l9l,CVE-2024-3661
3,2024-10-21T00:00:00.000Z,1g7xb06,lszws4t,CVE-2024-1208
1,2024-10-30T00:00:00.000Z,dkjte2,luhs8r4,CVE-2015-9251
199,2024-11-09T00:00:00.000Z,1gn8u6i,lw8o05j,CVE-2023-5808
1,2024-12-07T00:00:00.000Z,1h8pd6h,m0v8hzk,CVE-2024-3385
1,2024-12-07T00:00:00.000Z,1h8pd6h,m0v8nxh,CVE-2024-3385
5,2024-12-22T00:00:00.000Z,1hjppim,m39pcbx,CVE-2021-22205
4,2011-11-26T00:00:00.000Z,mpdgt,c32ryva,CVE-2010-3081
3,2012-04-11T00:00:00.000Z,s3gcb,c4atlbt,CVE-2012-1182
11,2013-11-29T00:00:00.000Z,1rojtg,cdpoz45,cve-2013-6397
4,2014-02-19T00:00:00.000Z,1yd42l,cfjfgmx,CVE-2013-6420
3,2014-04-11T00:00:00.000Z,22r6sz,cgpogbb,CVE-2014-0160
3,2014-04-11T00:00:00.000Z,22r6sz,cgpok6p,CVE-2014-0160
1,2014-04-11T00:00:00.000Z,22r6sz,cgpxc23,cve-2014-0160
2,2014-04-25T00:00:00.000Z,23vhtd,ch1ciq0,CVE-2014-2913
1,2014-06-24T00:00:00.000Z,28z142,ciftrdo,CVE-2012-0132
3,2014-06-25T00:00:00.000Z,28zh4k,cigbz5y,CVE-2012-0031
1,2014-10-03T00:00:00.000Z,2erlfi,ckzbla5,CVE-2014-5045
3,2015-04-25T00:00:00.000Z,33r6b6,cqnud24,CVE-2014-0160
4,2015-07-13T00:00:00.000Z,3d2g09,ct1q9uk,CVE-2015-0235
5,2015-07-28T00:00:00.000Z,3ey2pv,ctjjfk0,CVE-2015-5477
3,2015-09-29T00:00:00.000Z,3mvd91,cvihm53,CVE-2015-3183
2,2015-09-30T00:00:00.000Z,3mvd91,cvjfg9d,CVE-2015-3183
6,2016-01-05T00:00:00.000Z,3zk2su,cymsqir,CVE-2015-0235
6,2016-02-17T00:00:00.000Z,467t4s,d03d2rk,CVE-2015-7547
2,2016-02-17T00:00:00.000Z,467t4s,d03qnip,cve-2015-7547
3,2016-04-28T00:00:00.000Z,4gorgn,d2k3sap,CVE-2016-2118
2,2016-06-17T00:00:00.000Z,421m7g,d4d8yqh,CVE-2013-2207
1,2017-02-17T00:00:00.000Z,5un5u0,ddvq8gd,CVE-2013-7459
1,2017-04-16T00:00:00.000Z,63wegs,dgcmihl,CVE-2016-10229
3,2017-06-01T00:00:00.000Z,6ekzv1,dib3817,cve-2017-1000367
2,2017-06-01T00:00:00.000Z,6ekzv1,dibgvvs,cve-2017-1000367
5,2017-08-25T00:00:00.000Z,6vyl7i,dm40p6l,CVE-2016-6210
1,2017-08-25T00:00:00.000Z,6vyl7i,dm4eyfr,CVE-2016-6210
11,2017-10-17T00:00:00.000Z,76xzl1,doi5hqv,CVE-2017-15265
11,2018-01-04T00:00:00.000Z,7o21np,ds69drv,CVE-2017-5754
3,2018-03-19T00:00:00.000Z,85le29,dvycruy,CVE-2018-1057
-1,2018-05-25T00:00:00.000Z,8m2adv,dzklbf1,CVE-2004-0839
0,2019-01-30T00:00:00.000Z,alh22l,efed6ex,CVE-2017-6074
2,2019-01-30T00:00:00.000Z,alh22l,efedtb5,CVE-2017-6074
1,2019-01-30T00:00:00.000Z,alh22l,efee1qn,cve-2016-9962
19,2019-01-31T00:00:00.000Z,alh22l,efeixrd,CVE-2016-7545
3,2019-02-01T00:00:00.000Z,alym5z,efjdo8d,CVE-2016-0800
7,2019-02-17T00:00:00.000Z,arncpa,egotmo5,CVE-2017-7471
21,2019-02-18T00:00:00.000Z,arx7xo,egqc160,CVE-2013-5211
1,2019-02-22T00:00:00.000Z,at4f8j,eh0r69w,CVE-2019-6340
16,2019-06-07T00:00:00.000Z,bxvphc,eq9zjmv,cve-2019-3396
1,2019-06-13T00:00:00.000Z,c03qlw,er20k7i,cve-2017-13090
5,2019-06-24T00:00:00.000Z,c4aqlu,erwz8oi,CVE-2017-5703
17,2019-09-03T00:00:00.000Z,cz6vvw,eywuxxj,CVE-2019-10197
1,2019-10-15T00:00:00.000Z,dhws1y,f3tjpez,CVE-2019-14287
5,2019-11-16T00:00:00.000Z,dx3jx6,f7o7imr,CVE-2019-11135
1,2019-11-28T00:00:00.000Z,e2rus4,f8zt64q,CVE-2019-19330
3,2020-01-07T00:00:00.000Z,elecdk,fdhcqfa,cve-2019-1543
1,2020-04-29T00:00:00.000Z,ga6x6g,foxxej5,CVE-2018-5735
3,2020-04-29T00:00:00.000Z,ga6x6g,foy4xuo,CVE-2019-16746
1,2020-04-29T00:00:00.000Z,ga6x6g,foy52wd,CVE-2019-16746
3,2020-07-06T00:00:00.000Z,hked0h,fx3xv11,CVE-2019-15917
1,2020-09-20T00:00:00.000Z,iwd28f,g5yyb9o,CVE-2020-1472
12,2020-09-22T00:00:00.000Z,ixpg9k,g687fi8,CVE-2016-2183
2,2021-01-13T00:00:00.000Z,kvo5b6,gj43olw,CVE-2014-0160
3,2021-01-26T00:00:00.000Z,l5kvot,gkvcdrc,CVE-2020-14318
3,2021-01-27T00:00:00.000Z,l5qw7v,gkz363g,CVE-2021-3156
1,2021-01-29T00:00:00.000Z,l6vqg4,gl72b2k,CVE-2021-3156
2,2021-01-29T00:00:00.000Z,l7ji1o,gl7i8rz,CVE-2021-3156
2,2021-01-29T00:00:00.000Z,l7ji1o,gl8flod,CVE-2021-23239
1,2021-01-29T00:00:00.000Z,l7ji1o,gl8tu45,CVE-2018-12126
2,2021-03-08T00:00:00.000Z,m09306,gq6vn1j,cve-2020-28243
60,2021-03-13T00:00:00.000Z,m4ceaf,gqtxr7o,CVE-2019-10149
-57,2021-07-15T00:00:00.000Z,okogo2,h599z8r,CVE-2021-22555
3,2021-08-05T00:00:00.000Z,oy7cod,h7rz4k3,CVE-2021-34527
5,2021-10-14T00:00:00.000Z,q7gzky,hgledtu,CVE-2021-41773
1,2021-10-30T00:00:00.000Z,qipigg,hioq0oi,CVE-2009-0545
9,2021-12-10T00:00:00.000Z,rdgamw,ho0wcfh,cve-2021-44228
2,2021-12-11T00:00:00.000Z,rdgamw,ho2isf9,cve-2021-44228
3,2021-12-24T00:00:00.000Z,rmun9b,hpsa01f,CVE-2021-22205
10,2022-01-26T00:00:00.000Z,sct9zx,hu99ai0,CVE-2021-4034
1,2022-02-28T00:00:00.000Z,t2pi0q,hypoi04,CVE-2021-3996
2,2022-03-16T00:00:00.000Z,tey61t,i0v4b58,CVE-2022-0778
2,2022-03-16T00:00:00.000Z,tey61t,i0xzz5s,CVE-2022-0778
3,2022-05-10T00:00:00.000Z,um7spt,i81p5jp,CVE-2021-44228
1,2022-06-16T00:00:00.000Z,vdhg5r,ickk5yk,CVE-2020-15778
1,2022-06-25T00:00:00.000Z,vklle8,idq7w5u,CVE-2020-15778
4,2022-06-25T00:00:00.000Z,vklle8,idqa7n3,CVE-2020-15778
9,2022-07-21T00:00:00.000Z,w435ag,ih21hoo,CVE-2022-34918
3,2022-11-01T00:00:00.000Z,ygxgmv,iun6php,CVE-2022-3786
1,2022-11-23T00:00:00.000Z,z1v0ww,ixg8741,CVE-2003-0252
1,2023-02-06T00:00:00.000Z,10tuhtz,j7g6hl7,CVE-2022-37454
1,2023-05-23T00:00:00.000Z,13ons7q,jlb6psu,CVE-2023-25136
1,2023-09-29T00:00:00.000Z,16vgp3f,k2qub97,CVE-2023-5217
1,2023-10-04T00:00:00.000Z,16zc62v,k3fem7h,cve-2023-4911
1,2023-10-04T00:00:00.000Z,16zc62v,k3gfvah,cve-2023-4911
1,2023-10-12T00:00:00.000Z,175r6o5,k4j1twx,CVE-2023-38546
1,2023-10-12T00:00:00.000Z,175r6o5,k4jnjrf,cve-2023-5345
1,2023-10-24T00:00:00.000Z,17exqq1,k66ry6b,CVE-2022-24903
2,2023-12-19T00:00:00.000Z,18lsur4,kdzy06u,CVE-2023-28321
3,2023-12-19T00:00:00.000Z,18lsur4,ke00qa2,CVE-2023-28321
11,2024-01-22T00:00:00.000Z,19d5dn1,kj40rsl,CVE-2022-28722
12,2024-02-01T00:00:00.000Z,1agmixp,kohygxb,cve-2023-6246
17,2024-02-07T00:00:00.000Z,1al6fwg,kpckmj2,CVE-2023-40547
5,2024-02-08T00:00:00.000Z,1al6fwg,kpfnbdr,CVE-2023-40547
1,2024-06-18T00:00:00.000Z,1d8l1uj,l9345fx,cve-2024-21626
1,2024-07-02T00:00:00.000Z,1dsrjaq,lbah8lr,cve-2024-6387
1,2024-07-19T00:00:00.000Z,1e69b0b,ldw7kcy,CVE-2024-6387
1,2024-07-28T00:00:00.000Z,1eedlux,lfdt49z,CVE-2023-52424
3,2024-10-25T00:00:00.000Z,1gbta38,ltoaprd,CVE-2024-44068
5,2024-10-31T00:00:00.000Z,1ggle5u,luqiiul,CVE-2024-38474
2,2024-10-31T00:00:00.000Z,1ggle5u,luqw7rv,CVE-2024-38474
2,2014-06-09T00:00:00.000Z,27p6co,ci3ce76,CVE-2013-6282
4,2014-08-13T00:00:00.000Z,2dbws8,cjom9qd,CVE-2013-1690
-1,2015-03-10T00:00:00.000Z,2yitlg,cpabdme,CVE-2013-5892
2,2015-06-15T00:00:00.000Z,39xcwv,cs7harv,CVE-2015-2361
1,2016-01-08T00:00:00.000Z,3zsi40,cyqjcuc,CVE-2014-6332
3,2016-04-08T00:00:00.000Z,4dwz57,d1v9a2o,cve-2016-1019
3,2017-01-18T00:00:00.000Z,5okz2c,dckh6qo,cve-2016-2384
2,2017-03-23T00:00:00.000Z,613l81,dfbjwks,CVE-2016-0189
-1,2017-04-21T00:00:00.000Z,66nx6k,dgkih7s,CVE-2017-7892
2,2017-04-22T00:00:00.000Z,66nx6k,dglait5,CVE-2009-1897
1,2017-04-24T00:00:00.000Z,675gq9,dgozbg3,CVE-2017-3823
1,2019-03-08T00:00:00.000Z,ayqh5m,ei3762v,CVE-2008-0923
1,2019-03-10T00:00:00.000Z,ayqh5m,ei74tml,CVE-2008-0923
4,2019-06-24T00:00:00.000Z,c4ltvo,erxoud4,CVE-2019-0708
4,2020-03-04T00:00:00.000Z,fdanyj,fjh4nh5,CVE-2019-15126
3,2021-01-26T00:00:00.000Z,l4zq7g,gksvcc3,CVE-2017-0144
5,2024-01-09T00:00:00.000Z,191w799,kh0ej0v,CVE-2023-23397
1,2017-05-09T00:00:00.000Z,69zxr4,dhbzdkr,CVE-2017-5689
2,2017-06-27T00:00:00.000Z,6jtvku,djgzm1v,CVE-2017-0199
1,2017-06-27T00:00:00.000Z,6jtvku,djh8wjf,CVE-2017-0199
2,2017-06-27T00:00:00.000Z,6jtvku,djhbmwq,CVE-2017-0199
1,2017-10-03T00:00:00.000Z,73smdw,dnvdw9y,cve-2016-0019
2,2018-02-26T00:00:00.000Z,80ex76,duv0qvd,CVE-2015-9254
14,2018-05-10T00:00:00.000Z,8iehdu,dyr3uoc,CVE-2018-8174
7,2018-05-10T00:00:00.000Z,8iehdu,dyr6mxx,CVE-2018-8174
1,2018-05-10T00:00:00.000Z,8iehdu,dyrdiiv,cve-2018-0886
1,2018-05-10T00:00:00.000Z,8iehdu,dyrorfg,CVE-2018-8120
1,2018-05-11T00:00:00.000Z,8ina5f,dytsz85,CVE-2018-0886
147,2019-02-05T00:00:00.000Z,ani14t,eftlhge,cve-2017-18362
43,2019-02-06T00:00:00.000Z,ani14t,efuc8ox,CVE-2017-18362
2,2019-02-11T00:00:00.000Z,aph4nu,eg8eqho,cve-2017-18362
2,2019-08-27T00:00:00.000Z,cw6jgn,ey8mfli,CVE-2018-8453
2,2019-08-30T00:00:00.000Z,cxhdkz,eylztih,CVE-2019-11733
1,2019-10-23T00:00:00.000Z,dlt0jk,f4v1a47,cve-2019-9510
3,2020-01-22T00:00:00.000Z,esc2p1,ff98gg1,CVE-2019-16513
1,2020-01-27T00:00:00.000Z,etax84,ffpg1la,CVE-2020-7984
1,2020-03-17T00:00:00.000Z,fgr293,fkqypji,CVE-2020-0796
1,2020-06-24T00:00:00.000Z,hduz98,fvsxlw0,cve-2020-14159
4,2020-06-25T00:00:00.000Z,he1bm8,fvzrkuu,cve-2017-18362
18,2020-07-14T00:00:00.000Z,hr67jn,fy2z7wx,CVE-2020-1350
0,2020-08-29T00:00:00.000Z,ii9rod,g37uzfx,CVE-2020-0609
2,2020-10-13T00:00:00.000Z,ja8i23,g8oqzun,CVE-2020-15910
-3,2020-10-13T00:00:00.000Z,ja8i23,g8qgczs,CVE-2020-15909
1,2020-10-14T00:00:00.000Z,jal11d,g8spujx,CVE-2020-1472
2,2020-10-20T00:00:00.000Z,jeg25c,g9esquq,CVE-2017-18362
2,2020-12-18T00:00:00.000Z,kfluq6,gg9actz,CVE-2020-7984
10,2021-02-04T00:00:00.000Z,lbvggq,glxsvwf,cve-2020-1472
2,2021-02-11T00:00:00.000Z,lh09ci,gmvud54,cve-2020-1472
1,2021-03-02T00:00:00.000Z,lv8xz6,gpczvpr,CVE-2001-0144
86,2021-03-03T00:00:00.000Z,lwmo5c,gpiak7u,CVE-2021-26855
9,2021-03-03T00:00:00.000Z,lwmo5c,gpigxzj,CVE-2021-26855
3,2021-03-05T00:00:00.000Z,lwmo5c,gptmzry,CVE-2021-26855
1,2021-03-06T00:00:00.000Z,lwmo5c,gpzmnyn,CVE-2021-26855
7,2021-05-13T00:00:00.000Z,nbpc18,gy15w5o,CVE-2018-0171
2,2021-05-14T00:00:00.000Z,nbpc18,gy1q7lr,CVE-2018-0171
31,2021-06-30T00:00:00.000Z,ob6y02,h3lwz6e,CVE-2021-34527
17,2021-06-30T00:00:00.000Z,ob4mc8,h3m5v38,cve-2021-1675
5,2021-06-30T00:00:00.000Z,ob6y02,h3m9mf1,cve-2021-1675
4,2021-07-01T00:00:00.000Z,ob4mc8,h3mifsp,cve-2021-1675
3,2021-07-01T00:00:00.000Z,ob6y02,h3pgtsu,CVE-2021-1675
4,2021-07-02T00:00:00.000Z,oc65gc,h3ssjf6,CVE-2021-34527
0,2021-07-02T00:00:00.000Z,ob6y02,h3ti7iw,cve-2021-1675
2,2021-07-02T00:00:00.000Z,ocggbv,h3uskww,CVE-2021-34527
1,2021-07-03T00:00:00.000Z,ocggbv,h3vey3s,CVE-2020-8427
1,2021-07-06T00:00:00.000Z,oepjvg,h4858ab,CVE-2021-34527
80,2021-07-06T00:00:00.000Z,oer8jo,h48c2uk,CVE-2021-30116
7,2021-07-06T00:00:00.000Z,oer8jo,h49girx,CVE-2021-30116
8,2021-07-07T00:00:00.000Z,of0izj,h4aq5lu,CVE-2021-30116
1,2021-07-07T00:00:00.000Z,oc65gc,h4ay27a,CVE-2021-34527
3,2021-07-08T00:00:00.000Z,ofvhyw,h4f6q7v,cve-2021-1675
2,2021-07-08T00:00:00.000Z,ofpu23,h4fyyz5,CVE-2021-30116
1,2021-07-08T00:00:00.000Z,og9hk3,h4hyb8d,cve-2021-1675
1,2021-07-09T00:00:00.000Z,ocggbv,h4jr25u,CVE-2021-30116
2,2021-07-09T00:00:00.000Z,ocggbv,h4jsyvx,CVE-2021-30116
1,2021-07-09T00:00:00.000Z,ob6y02,h4mmept,cve-2021-34527
2,2021-07-12T00:00:00.000Z,og9hk3,h4zami3,CVE-2021-34527
3,2021-07-21T00:00:00.000Z,oobfk2,h601moz,CVE-2021-33909
4,2021-07-23T00:00:00.000Z,oq4abs,h699z48,CVE-2021-36934
1,2021-08-03T00:00:00.000Z,otnui3,h7kc45s,cve-2021-3438
1,2021-08-13T00:00:00.000Z,ob6y02,h8reiwc,CVE-2021-36958
1,2021-08-13T00:00:00.000Z,mqoxbg,h8s0sb6,CVE-2021-35193
8,2021-08-19T00:00:00.000Z,p7erde,h9j8guc,CVE-2021-36958
14,2021-08-21T00:00:00.000Z,p8ik84,h9qqq83,CVE-2021-31207
4,2021-08-21T00:00:00.000Z,p8ik84,h9r88e2,CVE-2021-31207
1,2021-08-21T00:00:00.000Z,p8ik84,h9r8ad6,CVE-2021-31207
3,2021-08-25T00:00:00.000Z,pbeipm,haba7bv,CVE-2021-36958
6,2021-09-09T00:00:00.000Z,pkzg5v,hc6wztw,CVE-2021-36958
1,2021-09-09T00:00:00.000Z,pl5o37,hc8fhk2,cve-2021-40444
6,2021-09-10T00:00:00.000Z,pl5o37,hc8xwc2,CVE-2021-40444
7,2021-09-10T00:00:00.000Z,pl5o37,hc9200b,CVE-2021-40444
6,2021-09-10T00:00:00.000Z,pl5o37,hcbojup,CVE-2021-40444
18,2021-09-13T00:00:00.000Z,pniq6m,hcq3ncs,CVE-2021-40444
33,2021-09-16T00:00:00.000Z,ppa8gx,hd2aotf,CVE-2021-40444
1,2021-09-17T00:00:00.000Z,ppa8gx,hd5pz2t,cve-2021-34481
2,2021-09-17T00:00:00.000Z,ppa8gx,hd5qjfo,cve-2021-34481
1,2021-09-17T00:00:00.000Z,ppa8gx,hd6q436,cve-2021-34481
2,2021-09-20T00:00:00.000Z,prvver,hdm5cny,cve-2021-34481
1,2021-09-23T00:00:00.000Z,prvver,hdxrd2f,cve-2021-34481
6,2021-10-11T00:00:00.000Z,q61jpd,hg9o6xg,cve-2021-34481
7,2021-10-11T00:00:00.000Z,q5wlsp,hg9rgst,cve-2021-34470
1,2021-11-18T00:00:00.000Z,qnrjgq,hl30444,CVE-2021-26855
20,2021-12-10T00:00:00.000Z,rdba36,ho014k3,CVE-2021-44228
2,2021-12-10T00:00:00.000Z,rdbb6m,ho08b9e,cve-2021-44228
7,2021-12-10T00:00:00.000Z,rdba36,ho0txtl,CVE-2021-44228
10,2021-12-10T00:00:00.000Z,rdba36,ho1bp9n,CVE-2021-44228
3,2021-12-10T00:00:00.000Z,rdimbb,ho1k9xd,CVE-2021-44228
1,2021-12-11T00:00:00.000Z,rdba36,ho296r0,cve-2021-4428
4,2021-12-11T00:00:00.000Z,rdba36,ho3kr9s,CVE-2021-44228
5,2021-12-11T00:00:00.000Z,rdba36,ho4esh4,CVE-2019-17571
2,2021-12-11T00:00:00.000Z,rdba36,ho4hfmh,CVE-2021-44228
13,2021-12-11T00:00:00.000Z,rdba36,ho5nmfr,CVE-2021-44228
2,2021-12-11T00:00:00.000Z,re5dht,ho6fu2v,CVE-2021-44228
1,2021-12-12T00:00:00.000Z,rdba36,hoai6wo,cve-2021-44228
1,2021-12-13T00:00:00.000Z,rdba36,hocp8qw,cve-2021-44228
3,2021-12-13T00:00:00.000Z,rdba36,hoesq9y,CVE-2021-44228
2,2021-12-13T00:00:00.000Z,rfdlky,hofb2es,CVE-2019-17571
2,2021-12-14T00:00:00.000Z,rdba36,hohjygs,cve-2021-44228
1,2021-12-14T00:00:00.000Z,rg4wfq,hojhopl,CVE-2021-44228
2,2021-12-14T00:00:00.000Z,rfdlky,hojuvx0,CVE-2019-17571
1,2021-12-15T00:00:00.000Z,rg4wfq,homaoab,CVE-2021-44228
1,2021-12-15T00:00:00.000Z,rfdlky,homsf8v,CVE-2021-44228
1,2021-12-15T00:00:00.000Z,rdba36,hon8lwz,CVE-2021-45046
1,2021-12-15T00:00:00.000Z,rhah6l,hopl7fu,cve-2021-44228
1,2021-12-16T00:00:00.000Z,rg4wfq,hopvo2e,CVE-2021-44228
3,2021-12-17T00:00:00.000Z,rifqyd,hoxhhzn,cve-2021-44228
2,2021-12-18T00:00:00.000Z,rifqyd,hp12u31,CVE-2021-44228
2,2021-12-28T00:00:00.000Z,rqk8ou,hqaq636,CVE-2021-44832
2,2022-01-16T00:00:00.000Z,s5faf6,hsxr0s5,CVE-2019-17571
1,2022-01-19T00:00:00.000Z,s7ax29,ht96yhp,CVE-2021-44228
1,2022-03-18T00:00:00.000Z,rmzu7d,i17d4bl,CVE-2021-44228
1,2022-03-22T00:00:00.000Z,tbtopx,i1pocf0,CVE-2022-0715
1,2022-03-25T00:00:00.000Z,rg4wfq,i242z59,CVE-2021-44228
2,2022-04-02T00:00:00.000Z,ttr5af,i35b0db,CVE-2021-36277
2,2022-04-06T00:00:00.000Z,tx6ig2,i3kk5dr,CVE-2020-8601
2,2022-04-15T00:00:00.000Z,u459x6,i4ud8ec,CVE-2021-31589
2,2022-05-31T00:00:00.000Z,v0tuvs,iamlfaj,cve-2022-30190
2,2022-05-31T00:00:00.000Z,v0tuvs,iamy74d,cve-2022-30190
1,2022-06-01T00:00:00.000Z,v1mxqz,iaq7kfs,CVE-2022-30190
1,2022-06-02T00:00:00.000Z,v0tuvs,iaxqxro,cve-2022-30190
1,2022-06-05T00:00:00.000Z,v3z9xr,ib8w2zc,cve-2022-26134
2,2022-06-15T00:00:00.000Z,vcobre,ici6thn,CVE-2022-30190
2,2022-07-18T00:00:00.000Z,w28ea5,igorem0,CVE-2022-30136
2,2022-08-10T00:00:00.000Z,wkc8kq,ijoln44,CVE-2022-0316
7,2022-08-10T00:00:00.000Z,wkwsnn,ijpsca6,CVE-2022-35748
1,2022-08-10T00:00:00.000Z,wkwsnn,ijq6isc,CVE-2022-35748
-1,2022-08-10T00:00:00.000Z,wkwsnn,ijq6xoc,CVE-2022-35748
2,2022-09-01T00:00:00.000Z,x30dix,imntqob,cve-2021-36260
19,2022-09-30T00:00:00.000Z,xscrmt,iqjxnbv,CVE-2020-0610
1,2022-10-01T00:00:00.000Z,xrj29m,iqmtxze,CVE-2022-41040
1,2022-10-17T00:00:00.000Z,y3ch1g,isob57h,CVE-2022-40684
0,2022-10-21T00:00:00.000Z,y9rjv6,it9072y,CVE-2015-2862
2,2022-10-31T00:00:00.000Z,yicq2a,iujo505,CVE-2022-22048
1,2022-11-10T00:00:00.000Z,yqz3dt,ivub49r,CVE-2022-40684
2,2022-12-05T00:00:00.000Z,zd2r1o,iz0gsv0,CVE-2022-34382
4,2022-12-23T00:00:00.000Z,zt04qb,j1bwnal,CVE-2022-41076
1,2023-02-14T00:00:00.000Z,112bjmk,j8jra7w,CVE-2021-44228
2,2023-02-16T00:00:00.000Z,10wd6m6,j8sg4ot,CVE-2022-29620
1,2023-03-03T00:00:00.000Z,11g3g00,jarog0n,cve-2023-23313
3,2023-03-09T00:00:00.000Z,11muq3m,jbla38o,cve-2020-9294
5,2023-03-13T00:00:00.000Z,11qmhv8,jc43jub,CVE-2023-27532
1,2023-03-15T00:00:00.000Z,11qmhv8,jc8ah55,cve-2023-27532
4,2023-03-16T00:00:00.000Z,11t5jue,jchhptt,CVE-2023-23397
5,2023-03-17T00:00:00.000Z,11tt3bc,jcl2igg,CVE-2023-23397
7,2023-03-17T00:00:00.000Z,11tt3bc,jcl6231,CVE-2023-23397
3,2023-03-17T00:00:00.000Z,11tt3bc,jcl6eku,CVE-2023-23397
7,2023-03-17T00:00:00.000Z,11tt3bc,jcl6rgz,CVE-2023-23397
9,2023-03-17T00:00:00.000Z,11tt3bc,jcl7aj7,CVE-2023-23397
2,2023-03-17T00:00:00.000Z,11t5jue,jcl88t0,CVE-2023-23397
3,2023-03-17T00:00:00.000Z,11tt3bc,jclkh9p,cve-2023-23397
3,2023-03-17T00:00:00.000Z,11tt3bc,jcm8zs9,cve-2023-23397
3,2023-03-18T00:00:00.000Z,11tt3bc,jco66rp,cve-2023-23397
2,2023-03-28T00:00:00.000Z,124mkj6,je0ubtn,cve-2023-23397
2,2023-03-31T00:00:00.000Z,125sxuo,jecqfn8,CVE-2013-3900
5,2023-04-01T00:00:00.000Z,1286fv5,jej93dm,cve-2023-23397
1,2023-04-02T00:00:00.000Z,125sxuo,jemm506,CVE-2013-3900
6,2023-04-10T00:00:00.000Z,12hrci1,jfr3bbc,cve-2022-40684
1,2023-04-12T00:00:00.000Z,12iwccr,jfy5odg,CVE-2022-41040
1,2023-05-01T00:00:00.000Z,133s7kz,jif2b9v,CVE-2023-27532
1,2023-06-05T00:00:00.000Z,1411h17,jmzx3uu,CVE-2023-34362
-1,2023-06-07T00:00:00.000Z,143f8dw,jn9ojga,CVE-2023-34362
2,2023-06-07T00:00:00.000Z,13xjs1y,jnabaon,CVE-2023-34362
4,2023-06-12T00:00:00.000Z,147t4cp,jnxnk8q,cve-2023-27997
1,2023-06-13T00:00:00.000Z,146gqao,jnz2iju,CVE-2023-27997
1,2023-06-13T00:00:00.000Z,147t4cp,jo0idda,CVE-2023-27997
1,2023-06-16T00:00:00.000Z,14aa8is,jocb4ex,CVE-2021-44832
1,2023-07-12T00:00:00.000Z,14x5dtq,jrmw4eo,cve-2023-36884
1,2023-07-20T00:00:00.000Z,151r0d4,jss5y5b,CVE-2023-3519
1,2023-07-27T00:00:00.000Z,15b307x,jto1ado,CVE-2023-3029
1,2023-07-27T00:00:00.000Z,15b307x,jto2b97,CVE-2023-30297
1,2023-07-28T00:00:00.000Z,15b307x,jtumqdh,cve-2023-30297
1,2023-08-11T00:00:00.000Z,15nu1ds,jvomgjo,CVE-2022-0316
1,2023-08-28T00:00:00.000Z,15yhg7j,jy4fm28,cve-2020-19909
1,2023-09-27T00:00:00.000Z,16tkvu4,k2fgwwu,CVE-2023-5129
1,2023-09-27T00:00:00.000Z,16tkvu4,k2hgrro,CVE-2023-5129
1,2023-09-27T00:00:00.000Z,16tkvu4,k2hpqqw,CVE-2023-5219
1,2023-09-28T00:00:00.000Z,16tkvu4,k2jqv0c,CVE-2023-4863
1,2023-09-28T00:00:00.000Z,16tkvu4,k2lpfq0,cve-2023-4863
1,2023-09-28T00:00:00.000Z,16tx8t1,k2lzczj,cve-2023-4863
1,2023-09-29T00:00:00.000Z,16tkvu4,k2rhlsb,CVE-2023-4863
1,2023-09-29T00:00:00.000Z,16tx8t1,k2rid2k,CVE-2023-4863
1,2023-10-18T00:00:00.000Z,17an7yu,k5epbp5,CVE-2023-40044
1,2023-11-08T00:00:00.000Z,17q63zq,k8d0d2s,CVE-2022-21894
1,2023-11-23T00:00:00.000Z,18198qh,kafnbxt,CVE-2023-46604
2,2023-12-08T00:00:00.000Z,18df0xp,kcja8o6,CVE-2023-44221
5,2024-01-03T00:00:00.000Z,18wwejv,kg2bhnq,CVE-2023-1671
2,2024-01-03T00:00:00.000Z,18wwejv,kg3q9h9,CVE-2023-1671
2,2024-01-23T00:00:00.000Z,19dswfm,kj9c1hs,CVE-2024-0204
7,2024-02-06T00:00:00.000Z,1akk17t,kp8o67i,CVE-2022-42475
1,2024-02-08T00:00:00.000Z,1aloaic,kphtuge,cve-2024-20666
1,2024-02-09T00:00:00.000Z,1amdazk,kplyv6r,cve-2024-21762
1,2024-02-12T00:00:00.000Z,1amdazk,kq2g2px,CVE-2024-21762
2,2024-02-21T00:00:00.000Z,1awf1q9,krit7as,CVE-2024-1709
2,2024-02-23T00:00:00.000Z,1axkcf9,krpf001,CVE-2024-1708
1,2024-02-29T00:00:00.000Z,1b2dd4l,kspjvsw,CVE-2022-29499
5,2024-03-01T00:00:00.000Z,1b3xrc5,ksvy8s4,CVE-2024-1708
4,2024-03-12T00:00:00.000Z,1bcslhi,kuiasop,cve-2021-34481
16,2024-03-14T00:00:00.000Z,1beqtta,kuvpygu,CVE-2028-3972
3,2024-03-14T00:00:00.000Z,1bbu8er,kuwbyo8,cve-2024-23112
1,2024-04-13T00:00:00.000Z,1c28kty,kzdw0eg,cve-2024-3400
2,2024-05-03T00:00:00.000Z,1cjfn4e,l2fy6r4,cve-2024-20666
3,2024-06-06T00:00:00.000Z,1d9czeq,l7e6dl7,cve-2024-20666
1,2024-07-01T00:00:00.000Z,1dsse9e,lb53yg1,CVE-2024-6387
1,2024-07-02T00:00:00.000Z,1dtekaf,lb91gsw,CVE-2006-5051
1,2024-07-24T00:00:00.000Z,1e6vidh,leosp5j,cve-2024-20419
5,2024-08-05T00:00:00.000Z,1ekly89,lglsoii,CVE-2023-23397
4,2024-08-16T00:00:00.000Z,1etmv4j,lifo5i4,CVE-2024-38063
1,2024-08-23T00:00:00.000Z,1ezhpdz,ljlrxi7,CVE-2022-28672
1,2024-10-25T00:00:00.000Z,1gajckv,ltn2b17,CVE-2024-9464
2,2024-11-13T00:00:00.000Z,1gqgn13,lwz74zw,CVE-2024-23113
1,2024-11-23T00:00:00.000Z,1gxi0fj,lymetp4,CVE-2024-44308
1,2024-11-24T00:00:00.000Z,1gwzbrp,lyq208m,CVE-2024-42057
4,2024-12-09T00:00:00.000Z,1hakbt7,m19ashv,CVE-2024-43451
1,2024-12-11T00:00:00.000Z,1haqgss,m1hosx5,CVE-2024-50623
3,2024-12-21T00:00:00.000Z,1hi2l1r,m375xee,CVE-2023-51630
1,2024-12-30T00:00:00.000Z,1hploy5,m4iw7j8,cve-2023-36266
3,2016-04-20T00:00:00.000Z,4fk5kd,d2apczi,cve-2014-6271
1,2016-11-22T00:00:00.000Z,5e4x9a,daaai7l,CVE-2015-8562
1,2016-11-22T00:00:00.000Z,5e4x9a,daawym8,CVE-2015-2208
1,2017-01-18T00:00:00.000Z,5o9op1,dckagtx,cve-2014-0160
1,2017-10-01T00:00:00.000Z,73lfgf,dnrhozt,CVE-2003-0201
6,2017-10-01T00:00:00.000Z,73lfgf,dnrt4nh,CVE-2003-0201
7,2018-01-30T00:00:00.000Z,7tx1ab,dtgs6i8,CVE-2018-0420
2,2018-06-06T00:00:00.000Z,8ouiu2,e06kbs7,cve-2010-2961
2,2018-10-29T00:00:00.000Z,9sf7o3,e8oyb7s,CVE-2018-10933
4,2018-12-30T00:00:00.000Z,aavint,ecvfm38,cve-2017-5638
1,2019-02-15T00:00:00.000Z,aqiz77,egjwavx,cve-2018-5736
6,2019-04-22T00:00:00.000Z,bfw1xo,elhp7om,CVE-2017-11882
1,2019-10-13T00:00:00.000Z,dgv74p,f3ierh1,CVE-2019-15943
2,2020-02-28T00:00:00.000Z,faek74,fizjb80,CVE-2019-15126
12,2020-03-28T00:00:00.000Z,fqlewo,flr2yjw,CVE-2019-13343
1,2020-11-28T00:00:00.000Z,k2uz47,gdx4o4y,CVE-2018-14567
8,2021-02-04T00:00:00.000Z,lc6p8v,glyaymb,cve-2020-0796
1,2021-03-25T00:00:00.000Z,mctn2y,gs7odoj,CVE-2021-27137
3,2021-04-26T00:00:00.000Z,myse9q,gvxssnp,CVE-2021-3450
1,2021-05-05T00:00:00.000Z,n583lb,gx1f33t,CVE-2017-5638
1,2021-06-17T00:00:00.000Z,o25qnu,h25fyp0,CVE-2007-2447
17,2021-07-03T00:00:00.000Z,ocqaah,h3w0eco,CVE-2021-1675
4,2021-07-03T00:00:00.000Z,ocqaah,h3w4hfw,CVE-2021-1675
8,2021-07-03T00:00:00.000Z,ocqaah,h3w7nze,CVE-2021-1675
0,2021-07-03T00:00:00.000Z,ocqaah,h3yena6,CVE-2021-1675
3,2021-07-03T00:00:00.000Z,ocqaah,h3ythq6,CVE-2021-1675
1,2021-08-25T00:00:00.000Z,p20s19,ha8xd7g,CVE-2015-3456
1,2021-12-17T00:00:00.000Z,ri6nv5,hoyvvgy,CVE-2021-44228
6,2022-09-11T00:00:00.000Z,xb71nf,inyg0yc,CVE-2021-41524
2,2022-12-22T00:00:00.000Z,zrwrv3,j16tqfd,CVE-2022-41375
6,2023-01-11T00:00:00.000Z,10927di,j3vxkoh,CVE-2007-0071
1,2023-09-24T00:00:00.000Z,16r4bkk,k217ej1,CVE-2014-6271
2,2024-03-03T00:00:00.000Z,1b358bp,kt5y1zo,CVE-2024-21762
1,2008-05-25T00:00:00.000Z,6kpp9,c044lis,CVE-2007-5384
2,2009-02-24T00:00:00.000Z,7zkzu,c07upmw,CVE-2008-1104
1,2009-09-12T00:00:00.000Z,9j519,c0d1xbq,CVE-2008-4609
1,2010-01-07T00:00:00.000Z,amoz1,c0idg2o,CVE-2006-1067
2,2010-02-09T00:00:00.000Z,aztv2,c0k9hok,CVE-2009-4324
1,2010-02-14T00:00:00.000Z,b1s44,c0kjece,CVE-2009-2841
2,2010-03-18T00:00:00.000Z,bex4f,c0mfe3d,CVE-2010-0307
8,2010-05-09T00:00:00.000Z,c1rgn,c0po2au,CVE-2007-4305
3,2010-06-25T00:00:00.000Z,ciwir,c0swm0l,cve-2008-3531
2,2010-07-30T00:00:00.000Z,cv0t0,c0vkdmb,CVE-2010-0232
15,2010-08-12T00:00:00.000Z,d09d1,c0wl5cg,CVE-2010-2550
2,2010-08-21T00:00:00.000Z,d3s3c,c0xcqfx,CVE-2010-2568
3,2010-09-17T00:00:00.000Z,dersh,c0zr2ze,CVE-2010-3081
3,2010-11-17T00:00:00.000Z,e7r7d,c15zl0j,CVE-2010-0886
1,2010-11-24T00:00:00.000Z,eam63,c16q0w4,CVE-2010-0840
10,2010-12-08T00:00:00.000Z,ehv6k,c189iys,CVE-2010-3850
7,2010-12-08T00:00:00.000Z,ehv6k,c189t16,CVE-2010-4258
2,2010-12-08T00:00:00.000Z,ehv6k,c189t91,CVE-2010-4258
1,2010-12-21T00:00:00.000Z,eowse,c19v30y,CVE-2010-0432
1,2010-12-22T00:00:00.000Z,eowse,c1a0xh0,CVE-2010-0432
1,2011-02-24T00:00:00.000Z,frfs3,c1i3671,cve-2011-0414
0,2011-03-04T00:00:00.000Z,fwgng,c1j9uma,CVE-2006-6027
3,2011-03-08T00:00:00.000Z,fzbwv,c1juo4k,CVE-2011-0411
9,2011-06-17T00:00:00.000Z,i2a7x,c20csy9,CVE-2011-1302
3,2011-08-05T00:00:00.000Z,j9p7v,c2ag6we,CVE-2011-2517
13,2011-08-26T00:00:00.000Z,jv1kh,c2fevu8,CVE-2011-0609
2,2011-08-27T00:00:00.000Z,jv1kh,c2fhznq,cve-2011-0609
9,2011-09-05T00:00:00.000Z,k5mdd,c2hookd,CVE-2010-4073
1,2011-11-15T00:00:00.000Z,mcavz,c2zxgj3,CVE-2011-0997
2,2011-11-27T00:00:00.000Z,mpwqh,c3323tt,CVE-2009-3555
5,2011-12-03T00:00:00.000Z,mxm99,c34u1t4,CVE-2011-2479
7,2011-12-15T00:00:00.000Z,nco3b,c386lgl,CVE-2011-0708
2,2011-12-20T00:00:00.000Z,nikeb,c39nt5v,CVE-2005-1825
11,2011-12-29T00:00:00.000Z,nuwdb,c3c4diq,CVE-2011-3414
5,2012-01-23T00:00:00.000Z,os8wl,c3jt70m,CVE-2012-0056
3,2012-01-27T00:00:00.000Z,oytch,c3l6nb6,CVE-2012-0056
2,2012-01-30T00:00:00.000Z,p2vx4,c3m4q6w,CVE-2011-4062
1,2012-01-31T00:00:00.000Z,p2vx4,c3mjkjh,CVE-2012-0056
2,2012-02-02T00:00:00.000Z,p6rsx,c3n5vqa,CVE-2010-1759
1,2012-02-03T00:00:00.000Z,p7jp7,c3negkt,CVE-2011-4885
1,2012-02-10T00:00:00.000Z,pjl1h,c3pvqc2,CVE-2011-2462
5,2012-02-10T00:00:00.000Z,pjl1h,c3pxn91,CVE-2011-2462
5,2012-02-24T00:00:00.000Z,q3gpu,c3ufg01,CVE-2011-2981
34,2012-03-13T00:00:00.000Z,quxfm,c40nh8y,cve-2012-0002
1,2012-03-14T00:00:00.000Z,qv5ju,c40vwgc,CVE-2010-1807
1,2012-03-14T00:00:00.000Z,qv5ju,c40w0zj,CVE-2011-3026
2,2012-03-14T00:00:00.000Z,qwo4e,c412941,cve-2012-0002
1,2012-03-27T00:00:00.000Z,ree39,c45hua2,CVE-2011-3544
3,2012-03-28T00:00:00.000Z,rhek0,c45wf3m,cve-2012-0507
1,2012-03-29T00:00:00.000Z,ree39,c46e48i,CVE-2012-0507
3,2012-04-01T00:00:00.000Z,rnza1,c47evic,CVE-2007-2438
1,2012-04-08T00:00:00.000Z,rso3x,c49xkj8,CVE-2012-2087
3,2012-04-20T00:00:00.000Z,shtfr,c4eczw3,CVE-2006-7250
1,2012-04-25T00:00:00.000Z,sqfea,c4gigax,CVE-2012-0507
5,2012-05-01T00:00:00.000Z,t0ti7,c4inikk,cve-2012-1675
6,2012-05-03T00:00:00.000Z,t4lxw,c4jk0ej,cve-2012-1823
2,2012-05-03T00:00:00.000Z,t4lxw,c4jkio2,cve-2012-1823
2,2012-05-03T00:00:00.000Z,t4lxw,c4jkrxo,cve-2012-1823
5,2012-05-03T00:00:00.000Z,t4lxw,c4jqkyq,cve-2012-1823
-2,2012-05-04T00:00:00.000Z,t794f,c4k6f44,CVE-2012-0779
3,2012-05-05T00:00:00.000Z,t794f,c4kjpeq,cve-2012-1823
2,2012-05-07T00:00:00.000Z,ta12k,c4l2zkb,cve-2012-0779
1,2012-05-11T00:00:00.000Z,thdsf,c4mmdqc,CVE-2006-1183
5,2012-05-20T00:00:00.000Z,tuyp3,c4q3x52,CVE-2012-2376
2,2012-05-26T00:00:00.000Z,u4ktw,c4sj9a6,CVE-2012-0507
1,2012-05-28T00:00:00.000Z,u4ktw,c4t8alr,CVE-2012-0507
8,2012-06-11T00:00:00.000Z,uvfg6,c4z0bs8,cve-2012-2122
9,2012-06-13T00:00:00.000Z,uz5ul,c4zvh01,CVE-2006-0744
1,2012-06-13T00:00:00.000Z,v03cn,c509odn,CVE-2012-1875
8,2012-06-23T00:00:00.000Z,vhm13,c54nqh1,CVE-2012-1823
3,2012-07-10T00:00:00.000Z,wbj8m,c5c42t2,CVE-1999-0012
1,2012-07-11T00:00:00.000Z,w9liv,c5c93ye,CVE-2012-2495
2,2012-07-11T00:00:00.000Z,wcp3z,c5c9nwu,CVE-2012-1876
3,2012-07-20T00:00:00.000Z,wvdzr,c5gzsdj,CVE-2007-1912
6,2012-07-21T00:00:00.000Z,wwq76,c5ha2q1,CVE-2009-2698
1,2012-07-23T00:00:00.000Z,wwq76,c5hy6p4,CVE-2009-2698
3,2012-08-04T00:00:00.000Z,xm1tj,c5nw0rp,CVE-2011-3544
3,2012-08-04T00:00:00.000Z,xiyzb,c5o10sg,CVE-2012-1889
1,2012-08-20T00:00:00.000Z,yju8u,c5w81ps,cve-2012-1535
2,2012-09-24T00:00:00.000Z,10dv2h,c6cpbzw,CVE-2012-1182
4,2012-10-10T00:00:00.000Z,118ue9,c6kepey,CVE-2011-2358
1,2012-10-16T00:00:00.000Z,11lfa3,c6ni2z5,CVE-2012-5088
6,2012-10-25T00:00:00.000Z,122d85,c6rni2a,CVE-2012-2619
1,2012-10-26T00:00:00.000Z,12474o,c6s2vg6,CVE-2012-5671
1,2012-10-26T00:00:00.000Z,12474o,c6s6rvv,CVE-2012-5671
2,2012-11-10T00:00:00.000Z,12ydh8,c6z8jv5,CVE-2012-5076
3,2012-11-30T00:00:00.000Z,141qy3,c794syf,CVE-2008-6975
1,2012-12-21T00:00:00.000Z,156ni0,c7jv800,CVE-2008-3843
1,2012-12-21T00:00:00.000Z,156ni0,c7k3pwv,CVE-2008-3842
3,2012-12-22T00:00:00.000Z,1598lz,c7kftzx,CVE-2012-1682
1,2012-12-22T00:00:00.000Z,1598lz,c7kfwjm,cve-2012-4681
2,2012-12-22T00:00:00.000Z,159s0r,c7kjs93,cve-2012-4969
1,2012-12-23T00:00:00.000Z,1598lz,c7ksi1s,cve-2012-4681
7,2013-01-08T00:00:00.000Z,164pa7,c7t6lsg,CVE-2012-6081
2,2013-01-10T00:00:00.000Z,167c11,c7u8bwo,CVE-2013-0156
5,2013-01-10T00:00:00.000Z,16b4n1,c7uqmjl,CVE-2012-2088
2,2013-01-11T00:00:00.000Z,16c6lm,c7va8kn,cve-2013-0422
2,2013-01-18T00:00:00.000Z,16tyo9,c7zcq5h,cve-2013-0422
9,2013-01-29T00:00:00.000Z,17fr96,c85c0tl,CVE-2009-4565
3,2013-01-29T00:00:00.000Z,17hnot,c85lafj,CVE-2013-0229
3,2013-02-05T00:00:00.000Z,17xopq,c8a11hx,cve-2013-0422
3,2013-02-10T00:00:00.000Z,188q6t,c8cnctr,CVE-2013-0633
16,2013-02-15T00:00:00.000Z,18j956,c8fkbvd,CVE-2011-2483
2,2013-02-17T00:00:00.000Z,18oirt,c8gmn89,CVE-2012-2088
3,2013-02-19T00:00:00.000Z,18ro3c,c8hiqnr,cve-2012-5671
3,2013-02-21T00:00:00.000Z,18xljr,c8izhot,cve-2013-0641
1,2013-02-22T00:00:00.000Z,18xljr,c8k0pcy,cve-2013-0641
4,2013-03-01T00:00:00.000Z,19gx6s,c8o1g1y,CVE-2013-1493
3,2013-03-01T00:00:00.000Z,19gu02,c8o4m8b,CVE-2013-1775
1,2013-03-01T00:00:00.000Z,19h7fy,c8o4orc,CVE-1999-0504
0,2013-03-05T00:00:00.000Z,19nsk7,c8q3ffa,CVE-2003-0352
1,2013-03-07T00:00:00.000Z,19s2vk,c8r7vxb,CVE-2009-3555
1,2013-03-25T00:00:00.000Z,1acw5i,c91w195,cve-2010-3081
2,2013-03-25T00:00:00.000Z,1ayyld,c929s4l,CVE-2013-1892
10,2013-03-29T00:00:00.000Z,1b82jo,c94to4h,CVE-2013-1900
1,2013-03-30T00:00:00.000Z,1an2aa,c954j9j,CVE-2013-1895
5,2013-03-30T00:00:00.000Z,1bamsd,c95ef1b,CVE-2013-2266
1,2013-04-11T00:00:00.000Z,1c2oun,c9d3b6r,CVE-2013-1899
2,2013-04-14T00:00:00.000Z,1casj0,c9er7bx,CVE-2012-0498
3,2013-04-26T00:00:00.000Z,1d5qae,c9ncfkn,cve-2010-1420
6,2013-04-27T00:00:00.000Z,1d5vtn,c9nhc42,cve-2012-5671
1,2013-04-27T00:00:00.000Z,1d5qae,c9nrq7o,CVE-2011-3426
2,2013-05-03T00:00:00.000Z,1dmsnw,c9rvrja,CVE-2010-4344
2,2013-05-04T00:00:00.000Z,1do892,c9sai59,CVE-2013-1347
3,2013-05-13T00:00:00.000Z,1e8zws,c9y0lf4,CVE-2013-2070
9,2013-05-15T00:00:00.000Z,1eb9iw,c9yz0v8,CVE-2013-2094
14,2013-05-16T00:00:00.000Z,1ee0eg,c9zmr14,CVE-2013-2097
1,2013-05-25T00:00:00.000Z,1ez8fh,ca5iwsp,CVE-2012-6399
4,2013-05-25T00:00:00.000Z,1ez8fh,ca5ixoc,CVE-2012-6399
7,2013-06-02T00:00:00.000Z,1fhn2w,caaghnh,CVE-2013-2848
12,2013-06-04T00:00:00.000Z,1fm6r1,cabt29v,CVE-2013-1862
3,2013-06-04T00:00:00.000Z,1fn6th,cac67fj,CVE-2013-1892
10,2013-06-05T00:00:00.000Z,1fqe4g,cacr0na,cve-2012-1823
1,2013-06-05T00:00:00.000Z,1fqe4g,cacw9lz,cve-2012-1823
5,2013-06-05T00:00:00.000Z,1fqe4g,cacy74g,cve-2012-1823
17,2013-07-01T00:00:00.000Z,1hdyjq,catjcc3,CVE-2006-7140
3,2013-07-02T00:00:00.000Z,1he9nh,caub1tz,CVE-2013-3925
4,2013-07-25T00:00:00.000Z,1j0mad,cba61nq,CVE-2012-1000
1,2013-08-06T00:00:00.000Z,1jr43a,cbhs054,CVE-2013-1690
1,2013-08-07T00:00:00.000Z,1jvn55,cbiqga4,CVE-2013-4852
14,2013-08-29T00:00:00.000Z,1lc109,cbxu6fk,CVE-2013-1776
2,2013-08-29T00:00:00.000Z,1lc109,cby0gcf,CVE-2013-1775
1,2013-09-02T00:00:00.000Z,1ljnnc,cbzw9ed,CVE-2013-3582
39,2013-09-09T00:00:00.000Z,1lyxxr,cc4gf9t,CVE-2023-0879
10,2013-09-21T00:00:00.000Z,1mtuxa,cccmf67,CVE-2009-2765
4,2013-09-25T00:00:00.000Z,1n3oth,ccfd1lb,cve-2013-3893
2,2013-10-05T00:00:00.000Z,1nqhag,cclpolq,cve-2013-1705
1,2013-10-09T00:00:00.000Z,1o1xdj,cco2wz1,CVE-2013-3897
9,2013-10-29T00:00:00.000Z,1phjr7,cd2cw35,CVE-2012-1823
7,2013-10-29T00:00:00.000Z,1phjr7,cd2e6ot,CVE-2012-1823
5,2013-10-30T00:00:00.000Z,1phjr7,cd2rbnv,CVE-2012-1823
3,2013-10-30T00:00:00.000Z,1phjr7,cd2rm8v,CVE-2012-1823
1,2013-10-31T00:00:00.000Z,1pe684,cd42xux,cve-2012-4792
1,2013-11-30T00:00:00.000Z,1rkd9p,cdq06w0,cve-2012-1823
6,2013-12-13T00:00:00.000Z,1sqzvw,ce0fm67,CVE-2011-3464
1,2014-01-09T00:00:00.000Z,1uqtg1,cel07og,CVE-2011-4106
12,2014-02-02T00:00:00.000Z,1wr52q,cf59imb,CVE-2014-0038
2,2014-02-03T00:00:00.000Z,1wszqw,cf5zk49,cve-2014-0038
1,2014-02-03T00:00:00.000Z,1wxq91,cf6bi5q,cve-2014-0038
1,2014-02-25T00:00:00.000Z,1ykt3t,cfo2ozo,cve-2014-1266
2,2014-03-03T00:00:00.000Z,1zgkr2,cfti2tg,CVE-2014-1266
5,2014-03-11T00:00:00.000Z,204xf8,cfzxwt6,CVE-2012-0002
-3,2014-03-15T00:00:00.000Z,20gdin,cg34dir,CVE-2014-0301
85,2014-04-07T00:00:00.000Z,22gaar,cgmm253,CVE-2014-0160
18,2014-04-07T00:00:00.000Z,22gaar,cgmph50,CVE-2014-0160
45,2014-04-08T00:00:00.000Z,22gaar,cgmtpaa,CVE-2014-0160
4,2014-04-08T00:00:00.000Z,22huui,cgn6bcf,CVE-2014-0160
34,2014-04-09T00:00:00.000Z,22man5,cgoef9m,CVE-2012-0223
10,2014-04-09T00:00:00.000Z,22man5,cgofmyq,CVE-2012-0223
6,2014-04-10T00:00:00.000Z,22gaar,cgojxcb,CVE-2014-0160
1,2014-04-22T00:00:00.000Z,23pfsa,cgz9gf2,CVE-2014-1295
5,2014-04-22T00:00:00.000Z,23pkmp,cgzff7b,CVE-2014-1295
6,2014-04-23T00:00:00.000Z,23pkmp,cgzii9t,CVE-2014-1322
1,2014-04-23T00:00:00.000Z,23qaav,cgzikhs,CVE-2010-5298
2,2014-04-28T00:00:00.000Z,243dgx,ch4e6wa,cve-2013-3893
3,2014-05-05T00:00:00.000Z,24rzot,cha3de4,CVE-2009-1394
9,2014-05-12T00:00:00.000Z,25cskj,chfwa7m,CVE-2014-0196
1,2014-05-28T00:00:00.000Z,24yb5g,cht66kn,CVE-2014-0130
13,2014-05-31T00:00:00.000Z,26ymkc,chvqrh1,CVE-2014-0038
1,2014-06-05T00:00:00.000Z,27dj7z,chzqt31,CVE-2014-0224
5,2014-06-05T00:00:00.000Z,27dhcn,chzqurq,CVE-2014-0224
15,2014-06-05T00:00:00.000Z,27dhcn,chzt9x2,CVE-2014-0195
9,2014-06-05T00:00:00.000Z,27dhcn,chzuk1e,CVE-2014-0198
8,2014-06-05T00:00:00.000Z,27dhcn,chzw4qu,CVE-2014-0198
3,2014-06-06T00:00:00.000Z,27fl04,ci0mqxn,CVE-2014-3153
21,2014-06-12T00:00:00.000Z,27zdxc,ci5uzye,CVE-2014-3153
3,2014-06-20T00:00:00.000Z,28jbe1,cicclit,CVE-2011-3189
3,2014-06-25T00:00:00.000Z,28yy57,cigiquw,CVE-2012-6422
5,2014-07-01T00:00:00.000Z,29km4i,cim0cxv,CVE-2012-0053
1,2014-07-11T00:00:00.000Z,2af17a,ciusaiy,CVE-2013-5914
2,2014-07-12T00:00:00.000Z,2ach86,civ4v9h,CVE-2014-4609
2,2014-07-16T00:00:00.000Z,2ach86,ciz06h7,CVE-2014-4609
8,2014-07-25T00:00:00.000Z,2bo73r,cj7bp45,CVE-2009-5016
4,2014-08-04T00:00:00.000Z,2cir86,cjgfboz,CVE-2009-1123
1,2014-08-07T00:00:00.000Z,2cu3uq,cjjghb7,CVE-2014-3508
5,2014-08-08T00:00:00.000Z,2cza5e,cjki48p,CVE-2014-3509
4,2014-08-19T00:00:00.000Z,2dzlc3,cjuz8ow,CVE-2014-1510
1,2014-08-20T00:00:00.000Z,2e0tbo,cjvq5iq,CVE-2014-0160
3,2014-08-22T00:00:00.000Z,2e3s9p,cjxfr73,CVE-2014-4943
3,2014-08-25T00:00:00.000Z,2edhta,cjzs0vj,cve-2014-0521
1,2014-08-27T00:00:00.000Z,2eo45f,ck1nxny,cve-2014-3514
8,2014-08-27T00:00:00.000Z,2epuzi,ck1rxdx,CVE-2014-3990
9,2014-09-18T00:00:00.000Z,2grwdc,ckm31f9,CVE-2014-0150
2,2014-09-22T00:00:00.000Z,2h4q1y,ckpm6bn,cve-2014-2881
14,2014-09-25T00:00:00.000Z,2hehgk,ckrzbnl,CVE-2014-7169
23,2014-09-25T00:00:00.000Z,2hehgk,ckrzs6e,CVE-2014-7169
2,2014-09-25T00:00:00.000Z,2hbxtc,ckrzw3p,CVE-2014-7169
39,2014-09-25T00:00:00.000Z,2hehgk,cks0ryy,CVE-2014-0160
3,2014-09-25T00:00:00.000Z,2hbxtc,cks49x4,CVE-2014-7169
1,2014-09-25T00:00:00.000Z,2heqhm,cks64kl,CVE-2014-6271
2,2014-09-25T00:00:00.000Z,2hehgk,cks8dpr,CVE-2014-6271
1,2014-09-25T00:00:00.000Z,2hfrkv,cks93m9,CVE-2014-6271
1,2014-09-25T00:00:00.000Z,2hfnea,cks9wv0,CVE-2014-1568
-10,2014-09-25T00:00:00.000Z,2hehgk,cksess4,CVE-2014-6271
28,2014-09-25T00:00:00.000Z,2hehgk,cksjl44,CVE-2014-7169
1,2014-09-26T00:00:00.000Z,2hhfa2,cksorbz,CVE-2014-7169
0,2014-09-26T00:00:00.000Z,2hehgk,ckspbl2,CVE-2014-6271
2,2014-09-26T00:00:00.000Z,2hehgk,cksrw8a,CVE-2014-7169
3,2014-09-26T00:00:00.000Z,2hehgk,cksx1df,CVE-2014-6271
1,2014-09-26T00:00:00.000Z,2hj08s,ckt4bz2,cve-2014-6271
2,2014-09-26T00:00:00.000Z,2hg9jk,ckt6c9l,CVE-2014-6271
1,2014-09-26T00:00:00.000Z,2hehgk,ckt6dqr,CVE-2014-7169
1,2014-09-30T00:00:00.000Z,2hv7w6,ckwbn99,cve-2014-6271
2,2014-10-04T00:00:00.000Z,2i3cjh,cl0dysb,CVE-2014-7284
6,2014-10-14T00:00:00.000Z,2j7h3c,cl92btv,cve-2014-4114
17,2014-10-14T00:00:00.000Z,2j893i,cl9a5ow,CVE-2014-4114
3,2014-10-14T00:00:00.000Z,2j893i,cl9arjx,CVE-2014-4114
2,2014-10-14T00:00:00.000Z,2j7kg9,cl9big6,cve-2014-4114
3,2014-10-14T00:00:00.000Z,2j893i,cl9jt93,CVE-2014-4148
1,2014-10-14T00:00:00.000Z,2j893i,cl9n3ep,CVE-2014-4148
2,2014-10-15T00:00:00.000Z,2j893i,cl9ou3r,CVE-2011-1249
5,2014-10-15T00:00:00.000Z,2j9enm,cl9rz69,cve-2014-3566
2,2014-10-19T00:00:00.000Z,2jnmsu,cldh8pw,CVE-2014-6271
-2,2014-10-22T00:00:00.000Z,2jxbzx,clgc48v,CVE-2014-4859
1,2014-10-24T00:00:00.000Z,2j893i,cliw0d5,cve-2014-4148
3,2014-10-29T00:00:00.000Z,2kp0v5,clneg1l,CVE-2014-3704
1,2014-10-31T00:00:00.000Z,2kvlnh,clp33n9,CVE-2014-6273
9,2014-11-06T00:00:00.000Z,2lh69d,clv3y2t,cve-2014-1635
7,2014-11-10T00:00:00.000Z,2lv1mn,clyici7,cve-2014-4114
2,2014-11-12T00:00:00.000Z,2m1alz,cm0npfy,CVE-2014-0092
7,2014-11-13T00:00:00.000Z,2m6hhv,cm1fj86,CVE-2014-6332
2,2014-11-18T00:00:00.000Z,2mo5f0,cm66cr9,cve-2014-6324
22,2014-11-18T00:00:00.000Z,2mosqh,cm66sfc,cve-2014-6324
2,2014-11-19T00:00:00.000Z,2mr9cz,cm7fpq7,CVE-2014-3153
29,2014-12-01T00:00:00.000Z,2nxkqn,cmi2646,CVE-2014-8104
3,2014-12-05T00:00:00.000Z,2ocf9s,cmm7noi,cve-2014-6324
10,2014-12-05T00:00:00.000Z,2ocf9s,cmmdhyg,cve-2014-6324
2,2014-12-08T00:00:00.000Z,2ocf9s,cmp3wjr,cve-2014-6324
2,2014-12-09T00:00:00.000Z,2oqo2j,cmplmto,CVE-2014-8967
3,2014-12-11T00:00:00.000Z,2oy00q,cmrpbbi,CVE-2013-6435
6,2014-12-11T00:00:00.000Z,2oyg49,cms78k3,CVE-2014-9031
9,2014-12-17T00:00:00.000Z,2pm2xd,cmxx4k4,CVE-2014-9090
2,2014-12-18T00:00:00.000Z,2poyp6,cmyoklm,CVE-2014-9222
4,2014-12-18T00:00:00.000Z,2polm6,cmyolzu,CVE-2014-9222
6,2014-12-18T00:00:00.000Z,2poyp6,cmyqwfz,CVE-2014-9222
14,2014-12-20T00:00:00.000Z,2pt0w8,cn09uex,CVE-2014-9295
7,2014-12-20T00:00:00.000Z,2pw5kr,cn0k5sl,CVE-2014-9390
6,2015-01-08T00:00:00.000Z,2rrmi6,cnilrbd,CVE-2014-3570
3,2015-01-21T00:00:00.000Z,2syoge,cnvpkss,CVE-2014-9583
2,2015-01-22T00:00:00.000Z,2t6oh9,cnwuatz,CVE-2009-1244
1,2015-01-23T00:00:00.000Z,2t7gay,cnytkcs,cve-2010-1870
1,2015-01-27T00:00:00.000Z,2tuq1k,co2gsfs,CVE-2015-0235
3,2015-01-28T00:00:00.000Z,2tulbd,co2zwy1,cve-2015-0235
3,2015-01-28T00:00:00.000Z,2tulbd,co30xjo,CVE-2015-0235
1,2015-01-28T00:00:00.000Z,2tulbd,co346y4,cve-2015-0235
1,2015-01-29T00:00:00.000Z,2u1gym,co4gy5m,CVE-2015-0235
8,2015-02-13T00:00:00.000Z,2vop9n,coju70w,CVE-2014-2264
2,2015-02-13T00:00:00.000Z,2vop9n,cok433v,CVE-2013-6955
0,2015-02-14T00:00:00.000Z,2vmdnv,colf6y4,CVE-2014-6412
2,2015-02-14T00:00:00.000Z,2vmdnv,colgr94,CVE-2014-6412
8,2015-02-22T00:00:00.000Z,2wsbf6,cotu3kd,CVE-2014-8142
1,2015-03-03T00:00:00.000Z,2xtoe9,cp3a7bc,CVE-2015-0204
2,2015-03-05T00:00:00.000Z,2xtjio,cp4mhgd,cve-2015-0204
1,2015-03-05T00:00:00.000Z,2y1p8k,cp5dy2b,cve-2015-0204
7,2015-03-05T00:00:00.000Z,2y11sy,cp5g2jx,CVE-2012-0518
0,2015-03-17T00:00:00.000Z,2zbg6p,cphrn7k,cve-2012-2110
3,2015-03-18T00:00:00.000Z,2ze94x,cpijl5k,CVE-2014-9462
1,2015-03-19T00:00:00.000Z,2zl8dn,cpjyv3s,CVE-2015-0286
5,2015-03-30T00:00:00.000Z,30tbwu,cpvkxl8,cve-2011-2461
1,2015-04-14T00:00:00.000Z,32h871,cqc3jnn,CVE-2015-1855
1,2015-04-15T00:00:00.000Z,32p6x1,cqdle4j,CVE-2012-1836
1,2015-04-20T00:00:00.000Z,338qxi,cqikn3y,CVE-2014-0515
1,2015-04-22T00:00:00.000Z,338qxi,cqkriht,CVE-2015-1701
1,2015-04-23T00:00:00.000Z,324mqd,cqm5g51,cve-2015-0240
1,2015-05-11T00:00:00.000Z,35ffsd,cr5gnjy,CVE-2015-0935
16,2015-05-13T00:00:00.000Z,35tnv8,cr80ldp,CVE-2015-3456
1,2015-05-14T00:00:00.000Z,35xb2d,cr9b389,CVE-2007-1320
0,2015-05-20T00:00:00.000Z,36kyka,crfepek,CVE-2015-1716
3,2015-05-21T00:00:00.000Z,36kyka,crgj1ra,CVE-2015-4000
7,2015-06-17T00:00:00.000Z,3a2owv,cs9jwsr,CVE-2015-2865
2,2015-06-30T00:00:00.000Z,3bm1z4,csnf10h,CVE-2015-3113
4,2015-07-08T00:00:00.000Z,3cjsg8,cswj1ha,CVE-2015-5352
3,2015-07-08T00:00:00.000Z,3cjsg8,cswnb86,CVE-2015-5352
13,2015-07-09T00:00:00.000Z,3cofxf,csxjqel,CVE-2015-1793
7,2015-07-10T00:00:00.000Z,3cofxf,csy1xfe,CVE-2015-1793
1,2015-07-10T00:00:00.000Z,3cjsg8,csy7zjj,CVE-2015-5352
13,2015-07-13T00:00:00.000Z,3d4cd4,ct1onxb,CVE-2014-2204
9,2015-07-20T00:00:00.000Z,3dyuwv,cta1d5u,CVE-2015-2426
9,2015-07-21T00:00:00.000Z,3dyuwv,ctadjey,CVE-2015-2426
2,2015-07-21T00:00:00.000Z,3dyuwv,ctajhqv,CVE-2015-0093
1,2015-07-24T00:00:00.000Z,3ed4fu,cte3274,CVE-2015-3245
10,2015-07-27T00:00:00.000Z,3es6q4,cti2dtz,CVE-2015-1538
0,2015-07-30T00:00:00.000Z,3ed4fu,ctlmzbl,CVE-2015-5477
2,2015-08-01T00:00:00.000Z,3explo,ctnm9wx,cve-2015-5477
1,2015-08-05T00:00:00.000Z,3fr21i,cts5vot,CVE-2015-5477
1,2015-08-24T00:00:00.000Z,3hzqx0,cudocwq,CVE-2014-3153
1,2015-09-03T00:00:00.000Z,3jf31p,cuoz0mx,CVE-2014-9601
5,2015-09-03T00:00:00.000Z,3j3gd7,cupgftq,cve-2015-1033
1,2015-09-04T00:00:00.000Z,3jltrv,cuqfne1,CVE-2099-1337
3,2015-09-05T00:00:00.000Z,3jnbr5,curp5cm,CVE-2014-1563
1,2015-09-11T00:00:00.000Z,3k9an9,cuyb37n,cve-2015-1538
6,2015-09-21T00:00:00.000Z,3ltv71,cv97u06,CVE-2015-1801
2,2015-09-30T00:00:00.000Z,3mvmom,cvjn0fw,CVE-2015-5157
39,2015-10-08T00:00:00.000Z,3nyky8,cvshuay,CVE-2015-1538
6,2015-10-08T00:00:00.000Z,3nyky8,cvszyda,CVE-2015-1358
3,2015-10-13T00:00:00.000Z,3ombeu,cvyknbg,CVE-2015-5897
3,2015-10-27T00:00:00.000Z,3qarhc,cwepymn,CVE-2014-7269
4,2015-11-07T00:00:00.000Z,3rrr9z,cwrw30c,CVE-2013-4810
1,2015-11-11T00:00:00.000Z,3rrr9z,cwweuik,CVE-2015-4852
1,2015-11-15T00:00:00.000Z,3rrr9z,cx1ems4,CVE-2015-4852
1,2015-12-02T00:00:00.000Z,3rrr9z,cxju83r,cve-2015-4852
2,2015-12-15T00:00:00.000Z,3wt0yk,cy04une,CVE-2015-8562
2,2015-12-15T00:00:00.000Z,3wt0yk,cy0cn1v,CVE-2015-8562
2,2015-12-29T00:00:00.000Z,3youqo,cyf9z6e,CVE-2015-7503
14,2016-01-12T00:00:00.000Z,40lotk,cyvbnr1,CVE-2014-2216
4,2016-01-14T00:00:00.000Z,40y1k9,cyy84s9,cve-2016-0777
11,2016-01-14T00:00:00.000Z,40y1k9,cyy8esu,cve-2016-0777
15,2016-01-14T00:00:00.000Z,40y1k9,cyy8k6p,cve-2016-0777
2,2016-01-18T00:00:00.000Z,41gjds,cz2uxrg,CVE-2015-2419
1,2016-01-18T00:00:00.000Z,3zpe0d,cz33h4t,CVE-2016-1494
4,2016-01-19T00:00:00.000Z,41kblx,cz3jdm2,CVE-2014-3153
2,2016-01-19T00:00:00.000Z,41od4u,cz4db8s,cve-2016-0728
4,2016-01-19T00:00:00.000Z,41od4u,cz4eti0,CVE-2016-0728
1,2016-01-21T00:00:00.000Z,421i83,cz72f6o,CVE-2016-0728
1,2016-01-24T00:00:00.000Z,41vvse,cz9p7ql,CVE-2014-4487
1,2016-02-05T00:00:00.000Z,41kblx,czpesgb,CVE-2014-3153
1,2016-02-11T00:00:00.000Z,453i8i,czvynrc,CVE-2016-1287
4,2016-02-11T00:00:00.000Z,453i8i,czw45x1,CVE-2015-6327
2,2016-02-11T00:00:00.000Z,453i8i,czwh5gl,cve-2016-1287
1,2016-02-14T00:00:00.000Z,45had2,czzggiz,CVE-2014-1767
2,2016-02-15T00:00:00.000Z,45fr4m,d00kvdj,CVE-2016-0801
1,2016-02-16T00:00:00.000Z,462v0t,d01xwb8,CVE-2015-7547
34,2016-02-16T00:00:00.000Z,462xx0,d01zigr,cve-2015-7547
32,2016-02-16T00:00:00.000Z,462xx0,d022ndr,CVE-2015-7547
20,2016-02-16T00:00:00.000Z,462xx0,d0232fi,CVE-2015-7547
3,2016-02-17T00:00:00.000Z,462xx0,d02swpm,CVE-2015-7547
13,2016-02-17T00:00:00.000Z,462xx0,d02undj,CVE-2015-7547
1,2016-02-17T00:00:00.000Z,462xx0,d03g6bc,CVE-2015-7547
3,2016-02-23T00:00:00.000Z,473wo2,d09yk5w,CVE-2015-4698
5,2016-03-01T00:00:00.000Z,48gce1,d0jf2jh,CVE-2016-0703
10,2016-03-01T00:00:00.000Z,48gce1,d0jojdh,CVE-2015-3197
3,2016-03-01T00:00:00.000Z,48gce1,d0joocp,CVE-2015-3197
5,2016-03-01T00:00:00.000Z,48gce1,d0jqq4u,CVE-2016-0703
1,2016-03-03T00:00:00.000Z,48gce1,d0mbqio,CVE-2014-3566
2,2016-03-10T00:00:00.000Z,49vh7m,d0v7crc,CVE-2016-0777
9,2016-03-16T00:00:00.000Z,4akx52,d11wl32,CVE-2015-7545
2,2016-03-31T00:00:00.000Z,4crr4d,d1kv2uy,CVE-2012-1823
12,2016-04-08T00:00:00.000Z,4dwr9i,d1vjb3f,cve-2016-1764
75,2016-04-12T00:00:00.000Z,4eh141,d2050zs,CVE-2016-1531
1,2016-04-15T00:00:00.000Z,4eh141,d23d372,cve-2016-1531
7,2016-04-25T00:00:00.000Z,4garpu,d2gc7dq,CVE-2015-8618
4,2016-04-26T00:00:00.000Z,4gf94l,d2hrqcv,CVE-2015-6055
1,2016-05-03T00:00:00.000Z,4hpm35,d2rkhas,CVE-2016-2107
1,2016-05-03T00:00:00.000Z,4hqihn,d2rkjky,CVE-2016-3714
34,2016-05-04T00:00:00.000Z,4hs5dl,d2s4xyx,CVE-2016-1898
4,2016-05-04T00:00:00.000Z,4hu9cn,d2syw7j,CVE-2016-2107
1,2016-05-05T00:00:00.000Z,4hu9cn,d2tzb0p,CVE-2016-2107
1,2016-05-05T00:00:00.000Z,4hu9cn,d2u9x5m,CVE-2016-2107
2,2016-05-27T00:00:00.000Z,4l66if,d3lrpkm,CVE-2013-7456
2,2016-06-08T00:00:00.000Z,4mgudr,d41efxr,cve-2014-8142
3,2016-06-09T00:00:00.000Z,4n45x1,d41nbpe,CVE-2007-4201
3,2016-06-11T00:00:00.000Z,4ndufs,d44qqb5,CVE-2014-0515
11,2016-06-14T00:00:00.000Z,4nxu0l,d48fflf,CVE-2016-1291
1,2016-06-16T00:00:00.000Z,4nt0zg,d4c1v0r,CVE-2016-1681
7,2016-06-20T00:00:00.000Z,4oyfvl,d4gjaj4,CVE-2016-2177
3,2016-06-20T00:00:00.000Z,4oyfvl,d4gl3sv,CVE-2016-2177
2,2016-06-23T00:00:00.000Z,4pd1q5,d4lgvyp,CVE-2016-4300
1,2016-07-03T00:00:00.000Z,4ll05e,d4xh8b7,CVE-2014-0166
20,2016-07-05T00:00:00.000Z,4r7rp7,d4zim97,CVE-2016-2843
3,2016-07-06T00:00:00.000Z,4rjmyy,d51ms72,CVE-2001-0876
3,2016-07-18T00:00:00.000Z,4tfc4k,d5gvebs,CVE-2016-1000109
5,2016-07-19T00:00:00.000Z,4tg0gt,d5hlqgq,CVE-2016-1640
2,2016-07-24T00:00:00.000Z,4u86a4,d5o9qu6,cve-2016-5771
11,2016-07-24T00:00:00.000Z,4u86a4,d5oa3ls,CVE-2016-5770
1,2016-07-25T00:00:00.000Z,4tqnq9,d5pidpa,CVE-2016-1000105
29,2016-08-09T00:00:00.000Z,4wybax,d6aw24h,CVE-2016-3287
2,2016-08-12T00:00:00.000Z,4x1wks,d6eey7a,CVE-2016-5696
6,2016-08-17T00:00:00.000Z,4xznlu,d6kg3jq,CVE-2016-1287
3,2016-08-18T00:00:00.000Z,4y9aor,d6mf1mh,cve-2016-6313
2,2016-08-28T00:00:00.000Z,4zodbd,d6zy1ly,CVE-2015-8399
54,2016-08-30T00:00:00.000Z,508w8c,d72k8dj,CVE-2015-8562
3,2016-09-12T00:00:00.000Z,52dgxh,d7jevzy,cve-2012-1675
15,2016-09-12T00:00:00.000Z,52dgxh,d7jvy8l,CVE-2016-6662
1,2016-09-13T00:00:00.000Z,52dgxh,d7kq5hm,CVE-2016-6663
2,2016-09-13T00:00:00.000Z,52dgxh,d7ldnrm,cve-2016-6662
1,2016-09-25T00:00:00.000Z,53npbv,d80z9pj,CVE-2016-1000243
3,2016-10-03T00:00:00.000Z,55psqn,d8ctiug,CVE-2016-2776
1,2016-10-04T00:00:00.000Z,55sdpu,d8d9qbk,CVE-2016-6584
1,2016-10-09T00:00:00.000Z,55l1of,d8knorg,CVE-2015-7358
3,2016-10-10T00:00:00.000Z,56qyfj,d8ln68y,CVE-2016-5425
2,2016-10-10T00:00:00.000Z,56qyfj,d8ltpls,CVE-2016-5425
0,2016-10-20T00:00:00.000Z,58gob4,d907z6b,cve-2016-5195
0,2016-10-20T00:00:00.000Z,58gsmx,d908sr9,cve-2016-5195
2,2016-10-21T00:00:00.000Z,58libx,d92awqk,CVE-2016-5195
7,2016-11-01T00:00:00.000Z,5ag423,d9gqxn4,CVE-2016-7855
4,2016-11-02T00:00:00.000Z,5alvop,d9i3w8m,CVE-2016-6662
1,2016-11-04T00:00:00.000Z,5aojwl,d9lzir2,CVE-2016-6663
1,2016-11-04T00:00:00.000Z,5alvop,d9lzjr8,CVE-2016-6663
1,2016-11-17T00:00:00.000Z,5d67xp,da3iigo,CVE-2016-1247
6,2016-12-12T00:00:00.000Z,5hfkc2,db33ewq,CVE-2016-582384
3,2016-12-13T00:00:00.000Z,5hfkc2,db4vdko,CVE-2016-582384
2,2016-12-17T00:00:00.000Z,5iu7jj,dbbg798,CVE-2006-2451
1,2016-12-20T00:00:00.000Z,5i7t93,dbfymjo,CVE-2016-9565
1,2016-12-21T00:00:00.000Z,5ii9g9,dbg5j46,CVE-2016-9566
16,2016-12-26T00:00:00.000Z,5kbo5v,dbn0ft8,CVE-2016-10033
12,2016-12-28T00:00:00.000Z,5kot1a,dbpn619,CVE-2016-10045
2,2016-12-28T00:00:00.000Z,5kbo5v,dbpomrx,CVE-2016-10045
6,2016-12-28T00:00:00.000Z,5kqfic,dbpzm3i,CVE-2008-4106
6,2017-01-04T00:00:00.000Z,5lzcjb,dbzzk5t,CVE-2016-9016
2,2017-01-13T00:00:00.000Z,5npnww,dcdv68p,CVE-2016-1247
2,2017-01-21T00:00:00.000Z,5p4hk0,dcpuajx,cve-2016-5195
36,2017-01-24T00:00:00.000Z,5pw8pe,dcuempn,CVE-2016-10156
8,2017-01-24T00:00:00.000Z,5pw8pe,dcuk7n3,CVE-2016-10156
1,2017-01-24T00:00:00.000Z,5przby,dcv0xbq,cve-2017-3823
1,2017-02-14T00:00:00.000Z,5t7sxs,ddqjgss,CVE-2016-2554
17,2017-02-22T00:00:00.000Z,5vjpgj,de2rjqa,CVE-2017-6074
1,2017-02-27T00:00:00.000Z,5u8u8d,de9zuxl,CVE-2017-5925
1,2017-03-02T00:00:00.000Z,5wrm3r,defcejz,CVE-2016-4625
128,2017-03-07T00:00:00.000Z,5y1pag,demkabd,CVE-2013-6282
8,2017-03-13T00:00:00.000Z,5z54lr,devzqhl,CVE-2016-7255
3,2017-03-25T00:00:00.000Z,6119bi,dfeqm46,CVE-2014-3977
2,2017-03-30T00:00:00.000Z,61stmb,dflzma5,cve-2017-7269
21,2017-04-01T00:00:00.000Z,62qnql,dfpdtws,CVE-2016-5119
48,2017-04-08T00:00:00.000Z,647wac,dg0jdpk,CVE-2002-1337
7,2017-04-13T00:00:00.000Z,653ta3,dg7aq9o,CVE-2016-10229
3,2017-04-13T00:00:00.000Z,653ta3,dg7oxds,cve-2016-10229
1,2017-04-17T00:00:00.000Z,654qcu,dgdwvd0,CVE-2017-0199
1,2017-04-20T00:00:00.000Z,6648he,dgivlsf,CVE-2017-7280
5,2017-04-25T00:00:00.000Z,67dizh,dgq0c7t,CVE-2017-7477
1,2017-04-25T00:00:00.000Z,67dizh,dgqagny,CVE-2015-5156
2,2017-04-27T00:00:00.000Z,67qt6u,dgtgqwi,CVE-2017-5135
9,2017-04-27T00:00:00.000Z,67qt6u,dgtifwe,CVE-2017-5135
1,2017-05-03T00:00:00.000Z,68z1u8,dh2fsze,CVE-2014-0476
26,2017-05-03T00:00:00.000Z,68zrwx,dh2kwh7,cve-2017-5689
10,2017-05-03T00:00:00.000Z,692w7m,dh3cbtu,CVE-2017-8295
1,2017-05-04T00:00:00.000Z,6957tn,dh3vcbv,cve-2017-5689
13,2017-05-15T00:00:00.000Z,6ba9ky,dhkzux1,CVE-2017-0143
7,2017-05-15T00:00:00.000Z,6ba9ky,dhl6yqy,CVE-2017-0143
2,2017-05-15T00:00:00.000Z,6ba9ky,dhlag5p,CVE-2017-0143
1,2017-05-17T00:00:00.000Z,6bp4l6,dhod1tm,CVE-2017-6079
11,2017-05-26T00:00:00.000Z,6df3ix,di29ik3,CVE-2017-7494
3,2017-06-01T00:00:00.000Z,6e83wp,diaxbgh,CVE-2017-1000367
2,2017-06-20T00:00:00.000Z,6i7p6h,dj592wp,CVE-2017-1000364
1,2017-06-23T00:00:00.000Z,6i7p6h,djaiomi,CVE-2017-1000379
1,2017-06-27T00:00:00.000Z,6jtbmf,djguheh,CVE-2017-0199
3,2017-06-28T00:00:00.000Z,6jttgo,djibl6t,CVE-2017-0199
1,2017-06-29T00:00:00.000Z,6jtshf,djjm4jx,CVE-2017-4904
7,2017-06-29T00:00:00.000Z,6k8c0l,djk0oh4,CVE-2017-9445
4,2017-06-29T00:00:00.000Z,6k8c0l,djkusch,CVE-2017-1000379
1,2017-06-30T00:00:00.000Z,6k8c0l,djly5xg,CVE-2017-1000379
1,2017-07-01T00:00:00.000Z,6kl3sm,djn0d50,CVE-2017-0144
5,2017-07-14T00:00:00.000Z,6n6a94,dk7hv50,CVE-2017-11103
13,2017-07-15T00:00:00.000Z,6nfoqg,dk94586,CVE-2017-7728
21,2017-07-26T00:00:00.000Z,6po7xy,dkqttr7,CVE-2017-11615
26,2017-07-26T00:00:00.000Z,6po7xy,dkqu8aw,CVE-2017-11615
13,2017-07-26T00:00:00.000Z,6po7xy,dkrd9iu,CVE-1999-1066
4,2017-08-11T00:00:00.000Z,6sx4q5,dlhtslp,CVE-2017-1000117
1,2017-09-05T00:00:00.000Z,6ya4iw,dmlugxo,CVE-2017-9805
5,2017-09-05T00:00:00.000Z,6yadaf,dmm3ntw,CVE-2017-9805
1,2017-09-07T00:00:00.000Z,6yadaf,dmokza5,cve-2017-9805
1,2017-09-11T00:00:00.000Z,6yzpva,dmuslc3,CVE-2017-9791
1,2017-09-14T00:00:00.000Z,701qe4,dn0lo72,cve-2017-3193
1,2017-09-14T00:00:00.000Z,701qe4,dn0lo72,cve-2017-3193
40,2017-09-15T00:00:00.000Z,707ntt,dn17i3j,CVE-2017-5638
38,2017-09-15T00:00:00.000Z,707ntt,dn17i3j,CVE-2017-5638
3,2017-09-16T00:00:00.000Z,701qe4,dn3h1rf,CVE-2016-6563
1,2017-09-18T00:00:00.000Z,70t85t,dn6vqe1,CVE-2017-9805
1,2017-09-21T00:00:00.000Z,70t85t,dnawqm5,cve-2017-5638
1,2017-09-28T00:00:00.000Z,72j9fn,dnmluxu,CVE-2017-11120
2,2017-10-02T00:00:00.000Z,73srk7,dntmwea,CVE-2017-14491
3,2017-10-03T00:00:00.000Z,73srk7,dnusqc3,CVE-2017-14491
2,2017-10-04T00:00:00.000Z,742hgb,dnvw4wv,CVE-2017-12615
4,2017-10-11T00:00:00.000Z,75jqgl,do85w05,cve-2012-1856
2,2017-10-16T00:00:00.000Z,76onkk,dogcmsz,CVE-2017-13080
5,2017-10-16T00:00:00.000Z,76ocy4,dogkdx1,CVE-2017-13080
8,2017-10-24T00:00:00.000Z,78ip12,doubpld,CVE-2016-8492
20,2017-11-03T00:00:00.000Z,7akczx,dpastwf,CVE-2017-13077
10,2017-11-05T00:00:00.000Z,7b0kqc,dpedlv3,CVE-2017-15361
1,2017-11-06T00:00:00.000Z,7b3z4i,dpf1qtg,CVE-2017-5123
2,2017-11-06T00:00:00.000Z,7b3zhl,dpf1srd,CVE-2017-5123
1,2017-11-06T00:00:00.000Z,7b3zhl,dpferg2,CVE-2017-5123
1,2017-11-06T00:00:00.000Z,7b3zhl,dpffg6u,CVE-2017-5123
3,2017-11-10T00:00:00.000Z,7c0vfh,dpmmw3h,cve-2016-1287
26,2017-11-14T00:00:00.000Z,7cus2h,dpt2aph,CVE-2017-5124
45,2017-11-15T00:00:00.000Z,7d057z,dpui6kw,CVE-2017-11882
41,2017-11-27T00:00:00.000Z,7fw0lr,dqf099q,CVE-2017-9445
29,2017-11-27T00:00:00.000Z,7fw0lr,dqf4skd,CVE-2016-10156
7,2017-12-01T00:00:00.000Z,7gsy4r,dqlx2c8,CVE-2016-3198
4,2017-12-01T00:00:00.000Z,7gsy4r,dqlxrsm,CVE-2016-3198
1,2017-12-04T00:00:00.000Z,7gsmc6,dqqws52,CVE-2017-16651
2,2017-12-08T00:00:00.000Z,7i8clt,dqxzyhf,CVE-2017-5689
1,2017-12-10T00:00:00.000Z,7i8clt,dr11fsz,CVE-2017-5689
4,2017-12-12T00:00:00.000Z,7jcfo4,dr5ajyr,CVE-2017-1000408
6,2017-12-13T00:00:00.000Z,7jkaoc,dr7ldcs,CVE-2017-15940
4,2017-12-14T00:00:00.000Z,7jez1f,dr83yvm,CVE-2017-16521
53,2017-12-15T00:00:00.000Z,7jzwpf,dran07w,CVE-2016-10372
10,2017-12-18T00:00:00.000Z,7kjcuy,drex6zs,CVE-2017-17562
7,2017-12-26T00:00:00.000Z,7m0b40,drsdlvl,CVE-2017-8046
15,2017-12-27T00:00:00.000Z,7mdz6y,drtfyfx,CVE-2007-2926
62,2018-01-04T00:00:00.000Z,7nya2h,ds5p54i,CVE-2017-5754
38,2018-01-04T00:00:00.000Z,7nya2h,ds5qfym,CVE-2014-0160
2,2018-01-10T00:00:00.000Z,7pdxuz,dsgj6sa,CVE-2017-11882
1,2018-01-11T00:00:00.000Z,7pe6y4,dsif4zb,CVE-2017-5753
11,2018-01-12T00:00:00.000Z,7pwghm,dsklh0f,CVE-2017-5705
1,2018-01-17T00:00:00.000Z,7nya2h,dst1rgg,CVE-2017-5715
1,2018-02-08T00:00:00.000Z,7vwx9m,dtxauix,CVE-2017-12542
12,2018-02-10T00:00:00.000Z,7wgii0,du0zxbo,CVE-2018-6871
5,2018-02-10T00:00:00.000Z,7wgii0,du1p4eh,cve-2018-1055
4,2018-02-10T00:00:00.000Z,7wgii0,du1p7i7,cve-2018-1055
-1,2018-02-11T00:00:00.000Z,7wgii0,du2pwtm,CVE-2018-1055
2,2018-02-11T00:00:00.000Z,7wgii0,du2q9ya,CVE-2018-1056
3,2018-02-12T00:00:00.000Z,7wynr4,du589tp,CVE-2018-6791
2,2018-02-15T00:00:00.000Z,7xql82,duac2vw,CVE-2018-0101
6,2018-02-15T00:00:00.000Z,7xr4ge,duafnwj,CVE-2018-0101
51,2018-02-18T00:00:00.000Z,7yccpv,duffj5e,CVE-2018-5124
42,2018-02-20T00:00:00.000Z,7yrhdc,duitfra,CVE-2017-7003
5,2018-03-06T00:00:00.000Z,82fr0p,dvalsjn,CVE-2018-6789
5,2018-03-07T00:00:00.000Z,82patu,dvbs39h,CVE-2018-7584
16,2018-03-10T00:00:00.000Z,8380d7,dvgk2ku,cve-2015-7755
11,2018-03-14T00:00:00.000Z,84db69,dvovekc,CVE-2018-0787
5,2018-03-16T00:00:00.000Z,84lwa0,dvrxdrt,CVE-2018-1057
7,2018-03-18T00:00:00.000Z,85bvox,dvwhsp9,CVE-2012-3409
21,2018-04-05T00:00:00.000Z,89rci6,dwtsoty,CVE-2018-0986
19,2018-04-05T00:00:00.000Z,89rci6,dwu95s0,CVE-2012-6706
1,2018-04-11T00:00:00.000Z,8b6b6l,dx6brl9,CVE-2018-7600
1,2018-04-12T00:00:00.000Z,8b6b6l,dx8m4cq,CVE-2018-7600
1,2018-04-13T00:00:00.000Z,8bw9vb,dxa6cig,CVE-2017-0263
1,2018-04-24T00:00:00.000Z,7pw0au,dxveea0,cve-2018-1000001
12,2018-05-01T00:00:00.000Z,8g7x2k,dy9tdnz,CVE-2018-10115
-3,2018-05-02T00:00:00.000Z,8gg1pm,dybdiqe,CVE-2018-10561
1,2018-05-07T00:00:00.000Z,8g5uk4,dykpggr,CVE-2017-7525
12,2018-05-09T00:00:00.000Z,8i5tmt,dypadh5,CVE-2018-8897
1,2018-05-10T00:00:00.000Z,8iadoi,dyri5m6,CVE-2018-10561
1,2018-05-12T00:00:00.000Z,8i1et8,dyuu1lb,CVE-2018-8897
3,2018-05-22T00:00:00.000Z,8l0afg,dze2e7p,CVE-2017-0213
12,2018-05-28T00:00:00.000Z,8mq0ln,dzpkoqh,CVE-2018-1418
-6,2018-05-28T00:00:00.000Z,8mq0ln,dzpkpdi,CVE-2018-1418
76,2018-05-30T00:00:00.000Z,8n73b4,dzta4vv,cve-2018-11235
9,2018-05-30T00:00:00.000Z,8n73b4,dztntss,CVE-2018-11235
5,2018-05-30T00:00:00.000Z,8n73b4,dzumy5c,CVE-2018-11235
2,2018-06-05T00:00:00.000Z,8n73b4,e0504cb,CVE-2018-11235
16,2018-06-06T00:00:00.000Z,8p2f8u,e08h7vd,CVE-2018-6830
11,2018-06-06T00:00:00.000Z,8p2f8u,e08iwd5,CVE-2018-6830
10,2018-06-06T00:00:00.000Z,8p2f8u,e08jd5h,CVE-2018-6831
7,2018-06-07T00:00:00.000Z,8p23cp,e09olxo,CVE-1995-0001
2,2018-06-10T00:00:00.000Z,8np4uv,e0g1850,cve-2018-3639
1,2018-06-26T00:00:00.000Z,8np4uv,e1bm7uk,CVE-2015-9253
3,2018-07-07T00:00:00.000Z,8wt4wm,e1y5h5v,CVE-2017-3248
1,2018-07-09T00:00:00.000Z,8psfhn,e22e3e6,CVE-2018-1000621
32,2018-07-09T00:00:00.000Z,8xbzzf,e22vgs2,CVE-2017-10271
5,2018-07-13T00:00:00.000Z,8ya6pq,e2bba6p,CVE-2018-0976
1,2018-08-03T00:00:00.000Z,9404zf,e3i9vss,CVE-2015-4495
35,2018-08-14T00:00:00.000Z,97a6ty,e46rv9l,CVE-2018-3615
1,2018-08-17T00:00:00.000Z,97w102,e4dbbvj,CVE-2013-4434
9,2018-08-21T00:00:00.000Z,997dbv,e4lhcin,CVE-2018-0952
1,2018-08-22T00:00:00.000Z,97w102,e4n0h2c,cve-2018-15473
1,2018-08-23T00:00:00.000Z,97w102,e4p2lud,CVE-2003-0190
3,2018-08-23T00:00:00.000Z,99f2q9,e4pum5w,CVE-2018-11776
1,2018-08-24T00:00:00.000Z,99f2q9,e4qctu5,CVE-2018-11776
57,2018-08-26T00:00:00.000Z,9agx9a,e4vg7jf,CVE-2018-11776
9,2018-08-26T00:00:00.000Z,9agx9a,e4vru1k,CVE-2018-11776
2,2018-08-27T00:00:00.000Z,9agx9a,e4x3f7a,cve-2018-11776
2,2018-09-03T00:00:00.000Z,9cc6mv,e5biu23,CVE-2018-7600
5,2018-09-04T00:00:00.000Z,9cx8al,e5dx2ck,cve-2018-11235
7,2018-09-06T00:00:00.000Z,9dgm6e,e5hua9q,CVE-2018-0434
1,2018-09-14T00:00:00.000Z,9fkvm4,e5xvjiz,cve-2018-2893
8,2018-09-21T00:00:00.000Z,9hia91,e6dhi7s,CVE-2016-10033
6,2018-10-08T00:00:00.000Z,9mdusg,e7ekjaa,CVE-2018-18066
1,2018-10-12T00:00:00.000Z,9mx3ni,e7npl8f,CVE-2017-9780
11,2018-10-16T00:00:00.000Z,9oqep8,e7vwpij,CVE-2018-10933
28,2018-10-16T00:00:00.000Z,9oqep8,e7w0rw5,CVE-2018-10933
10,2018-10-16T00:00:00.000Z,9oqep8,e7wc8qk,CVE-2018-10933
2,2018-10-20T00:00:00.000Z,9oqep8,e841xx8,cve-2018-10933
2,2018-10-22T00:00:00.000Z,9pt24v,e88khpc,CVE-2018-10933
1,2018-11-02T00:00:00.000Z,9s7bl0,e8wbw4s,CVE-2018-15688
5,2018-11-05T00:00:00.000Z,9ubvmj,e93f5nn,CVE-2018-16986
2,2018-11-06T00:00:00.000Z,9uq0hr,e962a4y,CVE-2016-1000031
17,2018-11-08T00:00:00.000Z,9v0na5,e99ezfy,CVE-2008-0923
10,2018-11-21T00:00:00.000Z,9z3agl,ea73105,CVE-2018-4389
37,2018-11-28T00:00:00.000Z,a13ze3,eamxk3r,CVE-2018-17612
3,2018-11-28T00:00:00.000Z,9zjz3d,eamyb1c,CVE-2011-2767
4,2018-12-04T00:00:00.000Z,a2tzmx,eb23vco,CVE-2018-1002105
18,2018-12-05T00:00:00.000Z,a38env,eb4j8we,CVE-2018-19788
1,2018-12-05T00:00:00.000Z,9tohgm,eb57yt0,CVE-2018-19126
5,2018-12-13T00:00:00.000Z,a5lgdr,eboq51o,CVE-2018-8626
1,2018-12-14T00:00:00.000Z,a1zyzk,ebsg273,CVE-2017-14491
1,2018-12-27T00:00:00.000Z,a9yajv,ecnnqgk,CVE-2018-8653
5,2019-01-14T00:00:00.000Z,aefsrg,ee1domx,cve-2018-1111
11,2019-01-16T00:00:00.000Z,agaiv7,ee6kl39,CVE-2019-6111
5,2019-01-24T00:00:00.000Z,aikhj7,eethhmh,CVE-2018-8518
2,2019-01-24T00:00:00.000Z,aikhj7,eethqd3,CVE-2018-8518
31,2019-01-25T00:00:00.000Z,ajekyh,eew04w0,CVE-2010-3035
4,2019-01-25T00:00:00.000Z,ajekyh,eewksth,CVE-2010-3035
1,2019-01-26T00:00:00.000Z,ak0h8u,ef13kl6,CVE-2010-1128
2,2019-01-28T00:00:00.000Z,aklf99,ef5w4sr,CVE-2019-1653
2,2019-02-01T00:00:00.000Z,am2567,efipij6,CVE-2018-6871
7,2019-02-01T00:00:00.000Z,am2567,efivlx6,CVE-2018-16858
1,2019-02-02T00:00:00.000Z,akrsi7,efkr0ki,CVE-2017-10204
13,2019-02-12T00:00:00.000Z,apsq46,egb61j8,CVE-2019-5736
29,2019-02-19T00:00:00.000Z,asahms,egst647,CVE-2018-4193
1,2019-02-21T00:00:00.000Z,asxh0j,egxqceh,CVE-2018-7602
2,2019-02-21T00:00:00.000Z,aszzg6,egym5ps,CVE-2018-7600
5,2019-02-22T00:00:00.000Z,aspe1q,eh0wi56,CVE-2018-20250
2,2019-03-02T00:00:00.000Z,awgze5,ehmo153,cve-2013-0156
6,2019-03-02T00:00:00.000Z,awgze5,ehnbcdt,CVE-2013-0156
1,2019-03-28T00:00:00.000Z,b44tnz,ejkd9kb,CVE-2019-0604
1,2019-03-29T00:00:00.000Z,aeqamz,ejomogb,cve-2018-11776
3,2019-04-10T00:00:00.000Z,bas2kj,ekijlwn,cve-2019-0211
2,2019-04-16T00:00:00.000Z,bds3wj,el0hv4y,CVE-2019-0841
3,2019-04-17T00:00:00.000Z,be1vnm,el2vo5a,CVE-2019-0726
5,2019-04-24T00:00:00.000Z,bgpj5o,elnat1k,CVE-2018-20250
-9,2019-05-09T00:00:00.000Z,bmh12z,emwksxs,CVE-2019-5021
-3,2019-05-13T00:00:00.000Z,bo0sg2,enc0c7s,CVE-2019-5418
9,2019-05-13T00:00:00.000Z,bo70kw,encs2st,CVE-2019-1862
79,2019-05-13T00:00:00.000Z,bo6oad,encvvx4,CVE-2014-8244
52,2019-05-14T00:00:00.000Z,bofpri,engxshd,CVE-2019-11815
-5,2019-05-14T00:00:00.000Z,bofpri,enh4phb,CVE-2019-11815
3,2019-05-14T00:00:00.000Z,boknus,enhd3bt,CVE-2019-3568
2,2019-05-14T00:00:00.000Z,boknus,enhwlzi,cve-2019-3568
35,2019-05-14T00:00:00.000Z,bols7b,eni5kql,CVE-2018-11091
1,2019-05-14T00:00:00.000Z,bo0sg2,enizeaj,CVE-2019-5418
1,2019-05-15T00:00:00.000Z,boqdp5,enldxlk,cve-2019-0708
1,2019-05-15T00:00:00.000Z,boz97l,enn2bfg,cve-2019-8339
-2,2019-05-16T00:00:00.000Z,bonwil,enqtp9r,CVE-2019-0708
2,2019-05-16T00:00:00.000Z,bols7b,entcoew,CVE-2018-12130
1,2019-05-16T00:00:00.000Z,bonwil,entohay,CVE-2019-0708
1,2019-05-17T00:00:00.000Z,bo70kw,enxr5v5,CVE-2019-1862
2,2019-05-17T00:00:00.000Z,bonwil,enxskm3,cve-2019-0708
1,2019-05-21T00:00:00.000Z,bonwil,eobpd04,CVE-2019-0708
7,2019-05-21T00:00:00.000Z,br8mpp,eoc29go,CVE-2019-0708
2,2019-05-22T00:00:00.000Z,bonwil,eoeo7nr,CVE-2019-0708
7,2019-05-22T00:00:00.000Z,brllt5,eoev4hk,CVE-2019-0708
7,2019-05-22T00:00:00.000Z,brllt5,eof2q9v,cve-2019-0708
1,2019-05-24T00:00:00.000Z,bonwil,eon8oal,cve-2019-0708
3,2019-05-27T00:00:00.000Z,bsja7c,eox8l3u,cve-2019-11815
12,2019-05-28T00:00:00.000Z,bu25wo,ep7hvya,cve-2019-0708
19,2019-05-29T00:00:00.000Z,bufbc4,epbgtjn,CVE-2014-4113
2,2019-05-30T00:00:00.000Z,bum64z,epg1oi5,CVE-2019-0708
1,2019-05-31T00:00:00.000Z,asd3g8,eplbit3,CVE-2019-8942
5,2019-06-18T00:00:00.000Z,c1qng5,erfsq13,CVE-2019-5599
4,2019-06-24T00:00:00.000Z,c4k3p5,erxjrm6,CVE-2012-6399
28,2019-07-24T00:00:00.000Z,ch86o6,euqx6yj,CVE-1999-0667
1,2019-07-26T00:00:00.000Z,ci2tih,ev1yyxh,CVE-2018-5704
1,2019-07-30T00:00:00.000Z,cjihoq,eveyxm7,CVE-2019-12255
3,2019-07-30T00:00:00.000Z,cjihoq,evfmq52,CVE-2019-12256
44,2019-07-30T00:00:00.000Z,cjrlo8,evfozja,CVE-2019-8646
2,2019-08-02T00:00:00.000Z,ch86o6,evtkmbh,CVE-1999-0667
22,2019-08-08T00:00:00.000Z,cnkb0b,ewbu77y,CVE-2019-0887
2,2019-08-15T00:00:00.000Z,cpzlwx,ewx664l,CVE-2019-1162
2,2019-08-18T00:00:00.000Z,crk77z,ex9l6m5,CVE-2019-9624
1,2019-08-21T00:00:00.000Z,ckjlhs,exlhu90,CVE-2012-0547
27,2019-09-05T00:00:00.000Z,d01b0u,ez4x5rl,CVE-2019-0703
13,2019-09-06T00:00:00.000Z,d0ftje,ez9nphr,CVE-2019-15846
1,2019-09-06T00:00:00.000Z,d0ftje,ez9sdrl,cve-2019-13917
3,2019-09-06T00:00:00.000Z,d0ftje,ezb5pjf,CVE-2019-15846
2,2019-09-07T00:00:00.000Z,d0ftje,ezen13f,cve-2019-15846
35,2019-09-11T00:00:00.000Z,d2bv6n,ezuz3ri,CVE-2019-11184
8,2019-10-03T00:00:00.000Z,dcn75t,f2akah8,CVE-2018-0950
8,2019-10-11T00:00:00.000Z,dg52sw,f3aipse,CVE-2019-16920
1,2019-10-11T00:00:00.000Z,dg52sw,f3asg49,CVE-2017-13080
1,2019-10-16T00:00:00.000Z,dhxln5,f3yvulf,CVE-2019-14287
1,2019-10-16T00:00:00.000Z,dimry9,f3yw00u,CVE-2019-14287
128,2019-10-22T00:00:00.000Z,dljeb7,f4r6hk6,CVE-2018-1000199
1,2019-10-26T00:00:00.000Z,dnjm5f,f5bqfxz,CVE-2019-11043
4,2019-10-27T00:00:00.000Z,dnlyjc,f5emn0r,CVE-2019-14287
3,2019-11-03T00:00:00.000Z,dqox70,f6axefq,cve-2018-8023
5,2019-11-04T00:00:00.000Z,dqxwb3,f6hksl4,CVE-2019-16662
1,2019-11-04T00:00:00.000Z,dqxwb3,f6id173,CVE-2019-16663
61,2019-11-12T00:00:00.000Z,dviqh1,f7cy6io,CVE-2019-11135
1,2019-11-16T00:00:00.000Z,dx9xcr,f7opuw8,CVE-2019-11931
5,2019-11-17T00:00:00.000Z,dxcyjd,f7phlsa,cve-2019-11933
44,2019-11-17T00:00:00.000Z,dxgf0i,f7q4tac,CVE-2019-1347
1,2019-12-06T00:00:00.000Z,e6lh1g,f9t00na,CVE-2019-19620
6,2019-12-06T00:00:00.000Z,e6yaah,f9u45x9,cve-2019-19521
1,2019-12-11T00:00:00.000Z,e99uc5,fahe1aa,CVE-2017-12149
2,2019-12-11T00:00:00.000Z,e99v79,fahe84y,CVE-2017-12149
9,2019-12-30T00:00:00.000Z,ehboi8,fcjdhle,CVE-2009-1337
3,2020-01-11T00:00:00.000Z,emr5ny,fdsxef8,CVE-2019-19781
3,2020-01-15T00:00:00.000Z,eooyil,fef7jz5,CVE-2020-0601
0,2020-01-15T00:00:00.000Z,en4mmo,fegqani,cve-2019-19781
1,2020-01-20T00:00:00.000Z,en4mmo,ff3isjs,CVE-2019-19781
5,2020-01-21T00:00:00.000Z,ers70v,ff64ja4,cve-2019-19886
0,2020-01-25T00:00:00.000Z,etopcw,ffij8ym,CVE-2019-14895
15,2020-02-02T00:00:00.000Z,exmr98,fgae0v5,CVE-2004-0360
10,2020-02-03T00:00:00.000Z,eya43p,fgg115c,CVE-2019-18988
7,2020-02-03T00:00:00.000Z,eya43p,fgg1ut6,CVE-2018-18988
18,2020-02-03T00:00:00.000Z,eya43p,fgg26nt,CVE-2018-18988
31,2020-02-04T00:00:00.000Z,eysqro,fgizwc3,CVE-2019-18426
5,2020-02-04T00:00:00.000Z,eyqhm8,fgjuz7d,CVE-2019-11878
5,2020-02-05T00:00:00.000Z,ezef8s,fgmzg9g,CVE-2020-6007
3,2020-02-06T00:00:00.000Z,ez6oon,fgpkxtp,CVE-2020-8417
5,2020-02-13T00:00:00.000Z,f32fg4,fhh1bpc,CVE-2020-5390
12,2020-02-17T00:00:00.000Z,f4z4j2,fhxzz44,CVE-2019-0708
1,2020-02-18T00:00:00.000Z,f4z4j2,fi0hxo0,CVE-2020-0609
5,2020-02-22T00:00:00.000Z,f7antb,fidpg45,cve-2020-1938
1,2020-02-26T00:00:00.000Z,f9nchp,fitvg6j,CVE-2020-0688
1,2020-02-26T00:00:00.000Z,f8u22i,fiv8mc4,cve-2020-8794
3,2020-02-27T00:00:00.000Z,f9xi96,fivyr8o,CVE-2019-15126
11,2020-02-27T00:00:00.000Z,f9xi96,fivyut0,CVE-2019-15126
1,2020-02-28T00:00:00.000Z,faxdrc,fj1set6,CVE-2019-15126
73,2020-03-06T00:00:00.000Z,fe8f02,fjmh3tn,CVE-2020-3843
2,2020-03-07T00:00:00.000Z,fecy6f,fjq0kol,CVE-2020-8597
-15,2020-03-11T00:00:00.000Z,fgppw6,fk6t5np,cve-2020-0796
1,2020-03-11T00:00:00.000Z,fel5a6,fk78of7,CVE-2020-10189
1,2020-03-11T00:00:00.000Z,fel5a6,fk84563,cve-2020-10189
4,2020-03-13T00:00:00.000Z,fhicnq,fkdujds,CVE-2017-11882
16,2020-03-17T00:00:00.000Z,fkeh9d,fks8cnn,CVE-2020-3950
2,2020-03-18T00:00:00.000Z,fkeh9d,fktw3hj,CVE-2020-3950
4,2020-03-27T00:00:00.000Z,fpt234,fln4o1t,CVE-2019-4716
1,2020-03-28T00:00:00.000Z,fqlegv,fls9v6c,CVE-2020-8816
2,2020-03-31T00:00:00.000Z,frwnqp,flz45wm,cve-2019-19781
11,2020-03-31T00:00:00.000Z,frwnqp,flzdv87,CVE-2020-0609
9,2020-03-31T00:00:00.000Z,frwnqp,fm0rtj0,CVE-2020-0609
2,2020-03-31T00:00:00.000Z,frwnqp,fm0yjon,CVE-2020-0609
8,2020-04-19T00:00:00.000Z,g42vaf,fnvho51,CVE-2019-0090
67,2020-05-14T00:00:00.000Z,gjjjoy,fql9phe,CVE-2019-0887
3,2020-05-18T00:00:00.000Z,gjnh58,fr1vx1l,CVE-2020-11794
1,2020-05-19T00:00:00.000Z,gbbntz,fr3iydn,cve-2019-1069
10,2020-06-10T00:00:00.000Z,h06mk1,ftkrvxn,CVE-2020-1317
3,2020-07-06T00:00:00.000Z,hm1wf9,fx52fzi,CVE-2020-5902
3,2020-07-08T00:00:00.000Z,hnixth,fxbov26,CVE-2019-19781
5,2020-07-08T00:00:00.000Z,hnixth,fxbrz6i,CVE-2019-19781
2,2020-07-08T00:00:00.000Z,hnixth,fxbwerb,cve-2019-19781
1,2020-07-08T00:00:00.000Z,hnjb5f,fxc2v0p,CVE-2007-4528
1,2020-07-09T00:00:00.000Z,hnnyf4,fxexlob,CVE-2020-8193
1,2020-07-14T00:00:00.000Z,hr9oqb,fy389r8,CVE-2020-1350
2,2020-07-17T00:00:00.000Z,hr5itd,fyeft5f,cve-2020-1350
1,2020-07-25T00:00:00.000Z,hq0sx5,fz5ncrd,cve-2020-5902
-9,2020-07-27T00:00:00.000Z,hylfnw,fzdpeh1,CVE-2020-13373
19,2020-08-07T00:00:00.000Z,i5mkpz,g0q42fd,CVE-2020-6007
2,2020-08-12T00:00:00.000Z,i80uki,g175owl,CVE-2020-9771
2,2020-08-12T00:00:00.000Z,i80uki,g19719q,CVE-2017-2636
2,2020-08-13T00:00:00.000Z,i8f6tn,g1ax413,CVE-2020-2035
3,2020-09-03T00:00:00.000Z,ilbkfc,g3uf9qr,CVE-2020-3430
7,2020-09-08T00:00:00.000Z,ioumdi,g4g05lm,CVE-2020-24553
1,2020-09-10T00:00:00.000Z,ilbkfc,g4nok46,CVE-2020-3495
3,2020-09-13T00:00:00.000Z,iraw75,g55gbsq,CVE-2020-15505
12,2020-09-14T00:00:00.000Z,isk4fo,g58vl3n,CVE-2020-1472
3,2020-09-15T00:00:00.000Z,isk4fo,g5cv2c2,cve-2020-1472
29,2020-09-22T00:00:00.000Z,ixxtny,g69j35k,CVE-2020-8437
28,2020-09-23T00:00:00.000Z,ixxtny,g6afq07,CVE-2020-8437
11,2020-09-24T00:00:00.000Z,iyoovi,g6dyq3n,CVE-2020-1472
22,2020-09-24T00:00:00.000Z,iz6vvd,g6h37s3,CVE-2020-1472
3,2020-09-25T00:00:00.000Z,iz6vvd,g6iyra5,CVE-2020-1472
1,2020-09-29T00:00:00.000Z,iyoovi,g71l2jt,CVE-2020-1472
32,2020-10-13T00:00:00.000Z,jajcff,g8q0fav,cve-2020-16898
21,2020-10-13T00:00:00.000Z,jajcff,g8q20h2,CVE-2020-16898
1,2020-10-13T00:00:00.000Z,jajcff,g8qmehs,cve-2020-16898
3,2020-10-14T00:00:00.000Z,jb43w3,g8tisrv,CVE-2020-16898
6,2020-10-16T00:00:00.000Z,jc2ltn,g8zo4hs,CVE-2019-11253
2,2020-10-17T00:00:00.000Z,jcgf45,g92v1gc,cve-2020-16898
5,2020-10-17T00:00:00.000Z,jcgf45,g92wua1,CVE-2020-16899
5,2020-10-29T00:00:00.000Z,jk2o26,gahgtcy,cve-2020-14882
11,2020-11-02T00:00:00.000Z,jm85hw,gaux6ha,CVE-2020-15999
3,2020-11-02T00:00:00.000Z,jm620p,gavk2ty,CVE-2019-14835
97,2020-11-03T00:00:00.000Z,jnc5fw,gb0mvxb,CVE-2020-15228
3,2020-11-03T00:00:00.000Z,jndbtx,gb0nbh2,CVE-2020-14871
1,2020-11-03T00:00:00.000Z,jm85hw,gb1cojm,CVE-2020-17087
3,2020-11-03T00:00:00.000Z,jndbtx,gb1vpp4,CVE-2020-14871
44,2020-11-09T00:00:00.000Z,jqycve,gbqcvbk,CVE-2020-27403
13,2020-11-11T00:00:00.000Z,js79b0,gbxgnmi,CVE-2020-8705
3,2020-11-12T00:00:00.000Z,jsxqg5,gc29por,CVE-2020-25705
1,2020-11-16T00:00:00.000Z,jm85hw,gciszpc,cve-2020-17087
9,2020-11-22T00:00:00.000Z,jycr5q,gd4zj5c,cve-2019-11581
1,2020-11-28T00:00:00.000Z,k1nnz2,gdw50ft,CVE-2020-4000
1,2020-11-29T00:00:00.000Z,jqycve,gdywjgz,CVE-2020-27403
59,2020-12-04T00:00:00.000Z,k6hy49,gem3xak,CVE-2020-15680
105,2020-12-09T00:00:00.000Z,k9dvgb,gf4cbzs,CVE-2020-1472
3,2020-12-09T00:00:00.000Z,k9n9a4,gf5a718,cve-2020-17049
16,2020-12-10T00:00:00.000Z,kaddim,gf9m5iw,CVE-2020-6016
0,2020-12-16T00:00:00.000Z,k6ox2z,gfzk6q3,CVE-2019-18634
1,2020-12-27T00:00:00.000Z,kkpivk,gh5jfio,CVE-2020-10148
3,2020-12-28T00:00:00.000Z,kkpivk,gha0a3c,CVE-2020-10148
2,2020-12-31T00:00:00.000Z,kmidks,ghkivi3,CVE-2020-14882
39,2021-01-06T00:00:00.000Z,kr8def,gi9lo56,CVE-2020-16898
88,2021-01-20T00:00:00.000Z,l1csit,gjypom9,CVE-2020-25712
9,2021-01-21T00:00:00.000Z,l1csit,gk0ce9g,CVE-2015-8025
6,2021-01-26T00:00:00.000Z,l51sro,gktaodt,CVE-9000-1337
32,2021-01-27T00:00:00.000Z,l5nfwv,gkwaetd,CVE-2021-3156
3,2021-01-27T00:00:00.000Z,l5nfwv,gkxoi5s,cve-2021-3156
2,2021-01-27T00:00:00.000Z,l5nfwv,gkyc3dz,CVE-2021-3156
1,2021-01-30T00:00:00.000Z,l5nfwv,glf3x5x,CVE-2021-3156
0,2021-02-05T00:00:00.000Z,ld6xl3,gm68h5b,CVE-2021-21148
2,2021-02-20T00:00:00.000Z,lnwka2,go3xfex,cve-2020-8276
9,2021-02-22T00:00:00.000Z,lplcwj,gobumui,CVE-2019-0803
0,2021-02-25T00:00:00.000Z,ls2lcf,goqp3x8,CVE-2021-21972
17,2021-03-02T00:00:00.000Z,lvwrof,gpeo2q3,cve-2020-28243
3,2021-03-03T00:00:00.000Z,lwnlzu,gpida9x,CVE-2020-1350
2,2021-03-18T00:00:00.000Z,m65iix,grbt8bn,CVE-2021-1000005
2,2021-03-22T00:00:00.000Z,maljih,grthrrh,CVE-2021-26295
10,2021-04-05T00:00:00.000Z,mkf0wj,gti89ao,CVE-2019-8761
20,2021-04-07T00:00:00.000Z,mm4hwx,gtpcqde,CVE-2018-1000810
6,2021-04-08T00:00:00.000Z,mmkqst,gtrzjzs,CVE-2021-24086
19,2021-04-14T00:00:00.000Z,mqouvj,guhrm8k,CVE-2021-24027
1,2021-04-29T00:00:00.000Z,n09io6,gw9xr90,CVE-2021-20271
54,2021-04-30T00:00:00.000Z,n264o0,gwhgal9,CVE-2021-29921
17,2021-05-05T00:00:00.000Z,n4vgi9,gwyu68b,CVE-2020-28021
3,2021-05-12T00:00:00.000Z,n9yys4,gxtl127,CVE-2021-27075
1,2021-05-17T00:00:00.000Z,nbjhtw,gyhh98v,cve-2019-5674
2,2021-05-18T00:00:00.000Z,nbjhtw,gyji580,cve-2019-5674
7,2021-06-02T00:00:00.000Z,nqgw6j,h0byhvq,cve-2021-3506
21,2021-06-29T00:00:00.000Z,oadasi,h3h2cxi,CVE-2021-1675
7,2021-06-30T00:00:00.000Z,oadasi,h3jwmsu,CVE-2021-1675
2,2021-06-30T00:00:00.000Z,oadasi,h3l4cg1,cve-2021-1675
0,2021-06-30T00:00:00.000Z,oadasi,h3lkwkq,CVE-2021-1675
4,2021-06-30T00:00:00.000Z,oadasi,h3max9v,CVE-2021-1675
6,2021-07-01T00:00:00.000Z,oadasi,h3mmgfv,cve-2021-1675
2,2021-07-01T00:00:00.000Z,oadasi,h3o8pc9,cve-2021-1675
2,2021-07-02T00:00:00.000Z,oadasi,h3txexw,CVE-2021-34527
2,2021-07-06T00:00:00.000Z,ocau2t,h4aflkg,CVE-2021-34527
15,2021-07-07T00:00:00.000Z,ofck6d,h4d5iuf,CVE-2021-34527
2,2021-07-16T00:00:00.000Z,okj84v,h5ck9cc,cve-2021-22555
8,2021-07-20T00:00:00.000Z,oo2azl,h5vwnnw,cve-2021-33909
2,2021-07-23T00:00:00.000Z,opctl7,h6b4jxm,CVE-2021-36934
7,2021-07-27T00:00:00.000Z,osgku2,h6ohag8,CVE-2021-30807
3,2021-08-04T00:00:00.000Z,oxw1ex,h7oy2ny,CVE-2021-32803
20,2021-08-08T00:00:00.000Z,p0d5zk,h85rl06,CVE-2021-29923
6,2021-08-08T00:00:00.000Z,p0d5zk,h882kwg,CVE-2021-29921
2,2021-08-27T00:00:00.000Z,p69h99,hamb3nh,CVE-2020-1568
7,2021-08-29T00:00:00.000Z,pdqmpe,has218x,CVE-2021-34527
3,2021-09-03T00:00:00.000Z,ph78v9,hbgsqp8,CVE-2021-26084
1,2021-09-07T00:00:00.000Z,pjy2io,hbzo1u1,CVE-2021-40444
23,2021-09-11T00:00:00.000Z,plptk3,hcdxgzu,CVE-2021-40444
9,2021-09-13T00:00:00.000Z,pn4mx1,hcnta0n,CVE-2021-40444
14,2021-09-24T00:00:00.000Z,puobj0,he4eddp,CVE-2020-8276
11,2021-09-30T00:00:00.000Z,pymyhj,hev5ptz,CVE-2021-30528
23,2021-10-03T00:00:00.000Z,q0cf3q,hf735jw,cve-2021-1810
2,2021-10-06T00:00:00.000Z,q1xkwf,hfn64l7,CVE-2021-41773
21,2021-10-08T00:00:00.000Z,q3mrll,hfsrfb1,CVE-2021-41773
2,2021-10-08T00:00:00.000Z,q3mrll,hfttpwc,CVE-2021-41773
20,2021-10-08T00:00:00.000Z,q3mrll,hfu2gx9,CVE-2021-41773
7,2021-10-12T00:00:00.000Z,q6vi78,hgehuh7,CVE-2021-30883
24,2021-10-23T00:00:00.000Z,qe4y4w,hhr4maw,CVE-2021-30573
20,2021-10-23T00:00:00.000Z,qe4y4w,hhr501k,CVE-2021-30573
14,2021-10-25T00:00:00.000Z,qfbea1,hhylgmy,CVE-2021-22205
16,2021-10-25T00:00:00.000Z,qfbea1,hhyssfj,CVE-2021-22205
8,2021-10-25T00:00:00.000Z,qffyae,hhzltwu,cve-2019-0211
9,2021-10-25T00:00:00.000Z,qffyae,hi0rcx0,CVE-2021-21703
13,2021-10-28T00:00:00.000Z,qhhb6m,hid4rz2,CVE-2021-36260
-34,2021-10-28T00:00:00.000Z,qhsdfd,hifavy2,CVE-2021-30892
1,2021-11-07T00:00:00.000Z,qhhb6m,hjn8l31,CVE-2021-36260
2,2021-11-10T00:00:00.000Z,qfbea1,hk27oe8,cve-2021-22205
3,2021-11-11T00:00:00.000Z,qdoosy,hk9cylf,CVE-2002-20001
9,2021-11-23T00:00:00.000Z,r0eeam,hlse4m5,CVE-2021-26414
7,2021-12-10T00:00:00.000Z,rcwws9,ho025ea,CVE-2021-44228
10,2021-12-10T00:00:00.000Z,rcwws9,ho0ekb1,CVE-2021-44228
1,2021-12-10T00:00:00.000Z,rcwws9,ho10vin,CVE-2021-44228
30,2021-12-10T00:00:00.000Z,rdlqlb,ho1vbsk,CVE-2021-44228
11,2021-12-11T00:00:00.000Z,rdlqlb,ho2xg5p,CVE-2021-44228
3,2021-12-11T00:00:00.000Z,rcwws9,ho3uf7c,CVE-2019-1757
6,2021-12-11T00:00:00.000Z,rcwws9,ho51no0,cve-2021-44228
1,2021-12-12T00:00:00.000Z,rcwws9,ho6z1a6,CVE-2021-44228
26,2021-12-13T00:00:00.000Z,rf7k0f,hocdujm,CVE-2021-44228
12,2021-12-13T00:00:00.000Z,rff34u,hoeiyxs,CVE-2021-44228
4,2021-12-14T00:00:00.000Z,rg1lg5,hohf4ud,cve-2021-42287
1,2021-12-14T00:00:00.000Z,rfkylb,hohlxb8,CVE-2021-44228
32,2021-12-14T00:00:00.000Z,rgds91,hoki0tc,CVE-2020-9488
51,2021-12-15T00:00:00.000Z,rgds91,holnyy3,cve-2021-45046
1,2021-12-17T00:00:00.000Z,ric6k8,how3rid,CVE-2021-45046
27,2021-12-19T00:00:00.000Z,rk1vtu,hp7qk6x,CVE-2021-45105
1,2021-12-19T00:00:00.000Z,rj54p9,hp874bp,CVE-2021-45105
8,2021-12-20T00:00:00.000Z,rk1vtu,hp8elow,CVE-2021-45046
3,2021-12-20T00:00:00.000Z,rk1vtu,hp8h6hg,CVE-2021-45046
3,2021-12-20T00:00:00.000Z,rk1vtu,hp8hir8,CVE-2021-4104
2,2021-12-20T00:00:00.000Z,rk1vtu,hp90he4,CVE-2021-45046
8,2021-12-20T00:00:00.000Z,rkhnem,hpb32oh,CVE-2021-44228
2,2021-12-22T00:00:00.000Z,rlti8c,hpiuv25,CVE-2021-45105
4,2021-12-22T00:00:00.000Z,rlti8c,hpj3c12,cve-2021-45105
4,2021-12-28T00:00:00.000Z,rqqimc,hqc05qk,cve-2021-44832
12,2022-01-06T00:00:00.000Z,rwoeqn,hrfgrtr,CVE-2021-44228
2,2022-01-06T00:00:00.000Z,rwoeqn,hrhtjjc,CVE-2021-44228
27,2022-01-07T00:00:00.000Z,rxpcjk,hrl4vvl,cve-2021-45046
24,2022-01-14T00:00:00.000Z,s38dzf,hsktb36,CVE-2021-30860
19,2022-01-18T00:00:00.000Z,s6oynd,ht508da,CVE-2021-31166
49,2022-01-18T00:00:00.000Z,s6oynd,ht5onze,CVE-2022-21907
12,2022-01-18T00:00:00.000Z,s6oynd,ht5yxsc,CVE-2022-21907
2,2022-01-27T00:00:00.000Z,se3k50,hugurnw,CVE-2021-4034
7,2022-01-28T00:00:00.000Z,sf3qj4,hung33w,CVE-2021-4034
19,2022-02-01T00:00:00.000Z,shp27l,hv43796,CVE-2021-44142
7,2022-02-01T00:00:00.000Z,shp27l,hv4vfuw,CVE-2021-44142
1,2022-02-04T00:00:00.000Z,shp27l,hvm914p,CVE-2021-44142
1,2022-02-09T00:00:00.000Z,snu42f,hw8v502,CVE-2022-21999
16,2022-02-11T00:00:00.000Z,sq4sak,hwkofaa,CVE-2022-21663
3,2022-02-15T00:00:00.000Z,spxi3h,hx0mnrq,CVE-2020-13529
1,2022-02-17T00:00:00.000Z,suklub,hxc300c,CVE-2022-23131
3,2022-02-18T00:00:00.000Z,svhs1p,hxfxz76,CVE-2021-44730
2,2022-03-08T00:00:00.000Z,t8qqhd,hztx0kv,cve-2022-0847
14,2022-03-12T00:00:00.000Z,tcschf,i0fisco,CVE-2022-26503
11,2022-03-16T00:00:00.000Z,tf6uxp,i0uvngx,cve-2022-25636
11,2022-03-21T00:00:00.000Z,tj0jca,i1hbktf,CVE-2022-0811
4,2022-03-21T00:00:00.000Z,tj0jca,i1iqgxe,cve-2022-0811
11,2022-03-22T00:00:00.000Z,tk5pi5,i1oafsh,CVE-2021-36368
1,2022-03-23T00:00:00.000Z,tk5pi5,i1ruphd,CVE-2021-36368
1,2022-03-23T00:00:00.000Z,tk5pi5,i1sg2fb,CVE-2016-20012
42,2022-03-28T00:00:00.000Z,tpyqhl,i2e673e,CVE-2022-1096
30,2022-03-28T00:00:00.000Z,tpyqhl,i2efcx4,CVE-2022-1096
4,2022-03-29T00:00:00.000Z,tqqszf,i2kc0gt,CVE-2022-0185
3,2022-03-30T00:00:00.000Z,ts09s3,i2oos9d,CVE-2022-22963
8,2022-03-31T00:00:00.000Z,tt2m51,i2v1cot,CVE-2022-22963
57,2022-04-01T00:00:00.000Z,ttd9m8,i2xwuof,CVE-2022-1162
1,2022-04-07T00:00:00.000Z,txni06,i3saqod,CVE-2022-0847
5,2022-04-11T00:00:00.000Z,u105k8,i4acy4t,CVE-2022-22965
1,2022-04-14T00:00:00.000Z,u3uxyf,i4rpg5o,CVE-2022-20695
3,2022-04-21T00:00:00.000Z,u833nk,i5of6ss,CVE-2022-21449
5,2022-04-27T00:00:00.000Z,ucupf9,i6dffy2,CVE-2021-22204
24,2022-05-09T00:00:00.000Z,ulppoj,i7xalkp,CVE-2022-1388
2,2022-05-09T00:00:00.000Z,ulppoj,i7ziy9y,CVE-2021-22986
1,2022-05-10T00:00:00.000Z,ulppoj,i81nxmv,cve-2021-22986
5,2022-05-31T00:00:00.000Z,v155c4,iand00i,cve-2022-30190
3,2022-06-03T00:00:00.000Z,v3ojgg,ib0ed94,CVE-2022-30190
3,2022-06-03T00:00:00.000Z,v3lxem,ib2kdcm,cve-2021-26084
4,2022-06-03T00:00:00.000Z,v3lxem,ib2z0up,cve-2022-26134
2,2022-06-04T00:00:00.000Z,v42o0o,ib3imso,cve-2022-26134
3,2022-06-07T00:00:00.000Z,v6oyyw,ibgnblv,CVE-2022-26531
1,2022-06-08T00:00:00.000Z,v6rccw,ibl9fl5,CVE-2022-29622
1,2022-06-08T00:00:00.000Z,v6rccw,ibltwnw,CVE-2022-29622
1,2022-06-09T00:00:00.000Z,v155c4,ibqphfc,cve-2022-30190
1,2022-06-09T00:00:00.000Z,v2maa4,ibqx8gc,cve-2022-30190
13,2022-06-16T00:00:00.000Z,vdprqx,icljoo7,CVE-2022-22057
1,2022-07-27T00:00:00.000Z,w8llor,ihux177,CVE-2022-1388
2,2022-07-28T00:00:00.000Z,w8llor,ihyt2ud,CVE-2022-1388
6,2022-08-09T00:00:00.000Z,wjgjmr,ijjz9dl,CVE-2019-9213
12,2022-08-23T00:00:00.000Z,wvgbfz,ilf625k,CVE-2022-22715
2,2022-08-23T00:00:00.000Z,wuwpbx,ilg0grq,CVE-2020-6364
3,2022-10-06T00:00:00.000Z,xxg7lm,irbw8jz,CVE-2022-30333
3,2022-10-17T00:00:00.000Z,y6hdrr,isqcta1,cve-2022-42889
6,2022-10-19T00:00:00.000Z,y7gf09,isxg695,CVE-2022-42889
-7,2022-10-19T00:00:00.000Z,y7gf09,isxizjs,cve-2022-42889
6,2022-10-19T00:00:00.000Z,y7gf09,isxna5g,cve-2022-42889
3,2022-10-19T00:00:00.000Z,y82j1r,isz6eql,CVE-2022-42889
2,2022-10-20T00:00:00.000Z,y7gf09,it24zx5,CVE-2022-42889
2,2022-10-31T00:00:00.000Z,ygx4gf,iufwhfv,CVE-2022-2274
8,2022-11-01T00:00:00.000Z,yj6v3p,iumr6k4,CVE-2022-3602
5,2022-11-01T00:00:00.000Z,yj6v3p,iumraw3,CVE-2022-2274
17,2022-11-01T00:00:00.000Z,yjc7z7,iun0ir5,CVE-2022-3786
36,2022-11-01T00:00:00.000Z,yjc7z7,iun2qq0,CVE-2022-3602
2,2022-11-01T00:00:00.000Z,ygx4gf,iun4nwx,CVE-2022-3602
7,2022-11-01T00:00:00.000Z,yj6v3p,iun5z1m,cve-2022-3602
39,2022-11-01T00:00:00.000Z,yjc7z7,iun84lr,CVE-2022-3602
1,2022-11-01T00:00:00.000Z,ygx4gf,iunm35e,CVE-2022-3602
1,2022-11-01T00:00:00.000Z,ygx4gf,iunv04u,CVE-2022-3602
2,2022-11-01T00:00:00.000Z,yj6v3p,iunxdes,CVE-2022-3602
3,2022-11-10T00:00:00.000Z,yr1k9p,ivreaql,CVE-2022-40304
3,2022-11-10T00:00:00.000Z,yqcj6s,ivt19du,CVE-2022-45130
3,2022-11-10T00:00:00.000Z,yqcj6s,ivt7dn7,CVE-2022-45130
6,2022-11-10T00:00:00.000Z,yqcj6s,ivtfj1i,cve-2022-21703
8,2022-12-16T00:00:00.000Z,zn7sib,j0ho5b5,CVE-2022-28672
0,2022-12-16T00:00:00.000Z,zn7sib,j0hoca3,CVE-2022-28672
9,2022-12-16T00:00:00.000Z,zn7sib,j0i0azx,CVE-2013-2830
10,2022-12-19T00:00:00.000Z,zpxaxz,j0v1oml,CVE-2021-3156
1,2022-12-22T00:00:00.000Z,zrbyeg,j19ted6,CVE-2021-34824
1,2023-01-11T00:00:00.000Z,zz6gmf,j3wn3ua,CVE-2023-22952
-37,2023-01-18T00:00:00.000Z,10fhsfu,j4x83gk,CVE-2023-22809
11,2023-01-19T00:00:00.000Z,10fhsfu,j4z2u3c,CVE-2023-22809
26,2023-01-23T00:00:00.000Z,10jnjkq,j5ljdm7,CVE-2022-38181
2,2023-01-31T00:00:00.000Z,10q6feb,j6owi63,CVE-2003-0190
1,2023-02-03T00:00:00.000Z,10pzzi2,j72cutk,CVE-2022-38048
6,2023-02-18T00:00:00.000Z,114exjh,j8zb0s5,CVE-2023-20032
20,2023-03-02T00:00:00.000Z,11fxotv,jaln34h,CVE-2022-21894
30,2023-03-15T00:00:00.000Z,11s80zo,jccxi0m,CVE-2023-23415
19,2023-03-23T00:00:00.000Z,11zj3v5,jdd0gh9,cve-2023-27532
1,2023-03-24T00:00:00.000Z,11zj3v5,jdgms5c,CVE-2023-27532
6,2023-04-19T00:00:00.000Z,12rn4iv,jgw39je,CVE-2023-20025
3,2023-04-20T00:00:00.000Z,12ru3cl,jh0mktz,CVE-2021-0920
1,2023-04-22T00:00:00.000Z,12rn4iv,jhavepw,CVE-2023-20025
16,2023-06-09T00:00:00.000Z,145gdlj,jnku2xa,CVE-2023-2868
4,2023-06-12T00:00:00.000Z,147aok5,jnvrgsb,CVE-2023-27997
17,2023-07-04T00:00:00.000Z,14q9y5p,jqos76u,CVE-2023-32784
2,2023-07-12T00:00:00.000Z,14xcujc,jrpdstm,cve-2023-36884
1,2023-07-18T00:00:00.000Z,15341md,jsh4iel,CVE-2023-3519
1,2023-07-18T00:00:00.000Z,15341md,jsi12y8,CVE-2023-3519
1,2023-07-20T00:00:00.000Z,15341md,jssnsy5,cve-2022-27510
1,2023-07-22T00:00:00.000Z,1565ia0,jsxwn7o,cve-2023-3519
1,2023-07-24T00:00:00.000Z,15895t4,jt90e36,CVE-2023-29032
1,2023-08-02T00:00:00.000Z,15dotaq,juf0b1z,CVE-2022-40648
1,2023-08-02T00:00:00.000Z,11fxotv,juglj4y,cve-2022-21894
1,2023-08-12T00:00:00.000Z,15o9wyr,jvudume,CVE-2022-2588
1,2023-08-12T00:00:00.000Z,15o9wyr,jvv09pd,CVE-2021-22555
1,2023-08-27T00:00:00.000Z,161sail,jxxhres,CVE-2020-19909
1,2023-08-29T00:00:00.000Z,164gzrt,jy9zr05,CVE-2023-38802
1,2023-09-06T00:00:00.000Z,155hz6z,jzbfe6h,CVE-2023-3519
1,2023-09-21T00:00:00.000Z,16ooziz,k1mjfmb,CVE-2023-41064
1,2023-10-05T00:00:00.000Z,16zv8q1,k3i8xbc,CVE-2023-4911
1,2023-10-05T00:00:00.000Z,16zyyjv,k3jb6di,cve-2023-22515
1,2023-10-05T00:00:00.000Z,170ewp5,k3n5ttn,CVE-2022-3602
1,2023-10-11T00:00:00.000Z,170ewp5,k4di9n1,CVE-2023-38545
1,2023-10-11T00:00:00.000Z,171ou0w,k4fryae,cve-2023-22515
1,2023-10-15T00:00:00.000Z,178mbjz,k516767,CVE-2023-42118
1,2023-10-31T00:00:00.000Z,17klaop,k787q95,cve-2023-22518
3,2023-12-11T00:00:00.000Z,18dy5x3,kcygl3v,CVE-2023-50164
1,2023-12-12T00:00:00.000Z,18dy5x3,kd1ddeo,cve-2023-50164
6,2023-12-20T00:00:00.000Z,18mr9no,ke8l7fk,CVE-2023-48795
4,2023-12-22T00:00:00.000Z,18odl8g,kehrk3s,CVE-2023-51385
1,2023-12-23T00:00:00.000Z,18odl8g,ken9rbr,cve-2023-51385
1,2023-12-30T00:00:00.000Z,18nwxsp,kflghg4,CVE-2023-36887
1,2023-12-31T00:00:00.000Z,18nwxsp,kfng0jj,CVE-2023-43641
1,2023-12-31T00:00:00.000Z,18nwxsp,kfnnjr3,CVE-2023-43641
8,2024-01-31T00:00:00.000Z,1afi2kg,koa55eg,CVE-2023-6246
4,2024-01-31T00:00:00.000Z,1afselg,kocnbgz,cve-2024-21626
1,2024-03-13T00:00:00.000Z,1bd7yev,kumiynm,CVE-2024-26602
1,2024-03-13T00:00:00.000Z,1bd7yev,kuokpxr,CVE-2024-26602
1,2024-03-27T00:00:00.000Z,1bo9aap,kwsdyjr,CVE-2023-32233
1,2024-04-02T00:00:00.000Z,1bt8vx9,kxqa2gd,cve-2024-3094
1,2024-04-02T00:00:00.000Z,1bquxnm,kxqaa0v,cve-2024-3094
2,2024-04-02T00:00:00.000Z,1bt8vx9,kxqpm5s,cve-2024-3094
1,2024-04-04T00:00:00.000Z,1bt8vx9,kxzjfm3,cve-2024-3094
3,2024-04-13T00:00:00.000Z,1c24uvz,kzbdoje,cve-2024-3400
21,2024-04-16T00:00:00.000Z,1c5gxfl,kzw8khh,CVE-2024-3400
1,2024-04-18T00:00:00.000Z,1c3lhbh,l03yv6b,CVE-2024-2201
9,2024-05-13T00:00:00.000Z,1cqurbm,l3u4ndw,CVE-2024-25641
7,2024-05-13T00:00:00.000Z,1cqpxyo,l3u9est,CVE-2023-43785
1,2024-05-24T00:00:00.000Z,1czkebp,l5izc7k,cve-2023-39143
1,2024-05-30T00:00:00.000Z,1d3t1sk,l6bd9zs,CVE-2024-24919
2,2024-06-18T00:00:00.000Z,1di2f3z,l95t8cv,cve-2024-0044
13,2024-07-01T00:00:00.000Z,1dsofck,lb3ta57,CVE-2024-6387
9,2024-07-01T00:00:00.000Z,1dsofck,lb3yora,cve-2024-6387
16,2024-07-01T00:00:00.000Z,1dsofck,lb49an5,cve-2024-6387
1,2024-07-01T00:00:00.000Z,1dsofck,lb56w7y,cve-2024-6387
1,2024-07-01T00:00:00.000Z,1dsofck,lb6zarf,cve-2024-6387
5,2024-07-01T00:00:00.000Z,1dsofck,lb7gn2s,CVE-2024-6387
3,2024-07-02T00:00:00.000Z,1dsofck,lb9olpz,cve-2024-6387
2,2024-07-09T00:00:00.000Z,1dyzqkf,lcc8h9k,CVE-2024-6409
1,2024-07-10T00:00:00.000Z,1dyzqkf,lcg6wsz,CVE-2024-6387
5,2024-08-06T00:00:00.000Z,1ekyytb,lgpx8pu,CVE-2020-24899
1,2024-08-14T00:00:00.000Z,1emve1z,li4hzgw,cve-2024-38856
3,2024-08-16T00:00:00.000Z,1et0e1x,liefshd,CVE-2024-36877
1,2024-08-31T00:00:00.000Z,1et0e1x,lkufesy,CVE-2024-36877
2,2024-09-04T00:00:00.000Z,1f7yoo4,lle4hou,cve-2021-4034
62,2024-09-05T00:00:00.000Z,1f9qa6p,llp1v6c,CVE-2024-30078
7,2024-09-09T00:00:00.000Z,1fcrkkc,lmas10h,CVE-2024-40711
3,2024-09-14T00:00:00.000Z,1ffwh33,ln0qn39,CVE-2023-28324
2,2024-10-18T00:00:00.000Z,1g5okub,lshvhug,CVE-2024-45844
3,2024-10-26T00:00:00.000Z,1gc5yg1,ltwogc0,CVE-2022-25476
2,2024-10-29T00:00:00.000Z,1gc5yg1,lu9ycae,CVE-2024-40431
4,2024-11-12T00:00:00.000Z,1gppo5i,lwtdoyk,CVE-2024-8068
1,2024-11-20T00:00:00.000Z,1gv14hr,ly4zsmp,CVE-2024-8687
1,2024-12-14T00:00:00.000Z,1hd7m8o,m1y65up,CVE-2024-55557
3,2024-12-21T00:00:00.000Z,1hhihsv,m35fe3i,cve-2024-50340
6,2009-12-22T00:00:00.000Z,ah9au,c0hkvcj,cve-2009-1869
1,2010-10-24T00:00:00.000Z,dubhz,c139nbo,CVE-2009-1897
3,2010-11-17T00:00:00.000Z,e7dmf,c15xo0a,CVE-2010-3654
6,2013-06-18T00:00:00.000Z,1gldjz,caljp2d,CVE-2011-1083
1,2013-07-23T00:00:00.000Z,1iv85n,cb8eej6,CVE-2000-1816
7,2013-09-04T00:00:00.000Z,1lnqdc,cc17ul7,CVE-2013-2471
1,2014-11-26T00:00:00.000Z,2ndvan,cmdppij,CVE-2013-1862
3,2015-08-16T00:00:00.000Z,3h5fby,cu55iq0,cve-2014-4322
1,2016-02-13T00:00:00.000Z,454hx2,czyoj9w,CVE-2015-6639
2,2016-10-24T00:00:00.000Z,58z4s8,d962gub,CVE-2016-5195
1,2017-04-12T00:00:00.000Z,64sbf2,dg5xstf,CVE-2017-6975
5,2017-07-27T00:00:00.000Z,6pqshp,dksnzq8,CVE-2017-9417
2,2018-01-05T00:00:00.000Z,7nvhfu,ds7l008,CVE-2017-5754
1,2018-03-27T00:00:00.000Z,86lcpv,dwcnui2,CVE-2017-16930
1,2018-04-13T00:00:00.000Z,8bwa00,dxa6c6f,CVE-2017-0263
1,2018-05-15T00:00:00.000Z,8j6o6o,dz08yi1,CVE-2018-8897
5,2018-08-10T00:00:00.000Z,968s9m,e3ysp6c,CVE-2018-8897
3,2018-08-10T00:00:00.000Z,968s9m,e3yspgg,CVE-2018-8897
2,2018-08-21T00:00:00.000Z,997r55,e4lk9av,CVE-2018-0952
1,2018-08-24T00:00:00.000Z,997r55,e4r4v57,CVE-2018-0952
26,2019-02-12T00:00:00.000Z,apjel8,egagpr4,cve-2018-1038
6,2019-09-13T00:00:00.000Z,d3ituu,f03f8yy,cve-2019-8014
21,2019-11-13T00:00:00.000Z,dvvwyi,f7f0u4b,CVE-2019-1347
3,2020-02-07T00:00:00.000Z,ezgngl,fgs6fsp,CVE-2018-11529
2,2020-08-12T00:00:00.000Z,i7wwt1,g18ol6n,CVE-2020-1337
1,2021-02-27T00:00:00.000Z,lsbzjj,goxajo0,CVE-2020-8625
9,2021-04-02T00:00:00.000Z,mievav,gt4ar66,CVE-2021-27208
2,2021-06-30T00:00:00.000Z,oad9up,h3l3k72,CVE-2021-29657
4,2021-08-07T00:00:00.000Z,oztebm,h83gtnt,cve-2018-16334
2,2021-08-11T00:00:00.000Z,p0w8a1,h8janog,CVE-2020-0674
3,2021-09-18T00:00:00.000Z,pq9yn4,hdb0o1z,CVE-2020-14871
3,2023-01-31T00:00:00.000Z,10onasj,j6ma6jw,CVE-2021-21551
5,2023-01-31T00:00:00.000Z,10pzopa,j6onamp,CVE-2021-4287
20,2023-02-09T00:00:00.000Z,10xxu98,j7v0i6q,CVE-2023-22671
1,2023-09-15T00:00:00.000Z,16jd8tr,k0rb6uy,cve-2023-4863
1,2023-10-21T00:00:00.000Z,17cqgk8,k5rwwpq,CVE-2023-38831
1,2024-10-08T00:00:00.000Z,1fptxt3,lqx9wcl,CVE-2024-3094
3,2011-08-29T00:00:00.000Z,jxy4p,c2g3km2,CVE-2011-0411
3,2011-10-04T00:00:00.000Z,l0n58,c2owc0h,CVE-2011-3192
1,2011-10-10T00:00:00.000Z,l5w5g,c2qcwge,CVE-2011-3364
1,2012-03-13T00:00:00.000Z,quw3q,c40ok8q,cve-2012-0002
1,2012-03-13T00:00:00.000Z,quw3q,c40oli4,cve-2012-0002
1,2012-03-13T00:00:00.000Z,quw3q,c40pty2,cve-2012-0002
2,2012-04-11T00:00:00.000Z,s3j0b,c4b6jio,CVE-2012-1182
2,2012-07-19T00:00:00.000Z,wt6ry,c5gapjh,CVE-2010-3081
1,2012-11-16T00:00:00.000Z,138xo2,c729ly1,CVE-2010-4669
3,2012-11-18T00:00:00.000Z,13d3hx,c73ausf,CVE-2012-1493
2,2013-01-07T00:00:00.000Z,162zm2,c7sdtq9,CVE-2012-0507
2,2013-01-10T00:00:00.000Z,16cca4,c7upmtm,CVE-2012-4681
2,2013-02-22T00:00:00.000Z,18zoa4,c8jfgl5,CVE-2012-5536
1,2013-06-13T00:00:00.000Z,1ga6yf,caiarkr,cve-2012-6399
1,2013-09-26T00:00:00.000Z,1n3ype,ccfk341,cve-2013-3893
4,2014-03-14T00:00:00.000Z,20eoob,cg2howj,CVE-2013-5211
2,2014-03-27T00:00:00.000Z,21h829,cgd6hp7,cve-2014-1761
18,2014-04-08T00:00:00.000Z,22ghax,cgmrnig,CVE-2014-0160
1,2014-04-08T00:00:00.000Z,22ghax,cgmtx7u,CVE-2014-0160
11,2014-04-10T00:00:00.000Z,22nkps,cgolukh,cve-2014-0160
2,2014-04-10T00:00:00.000Z,22n0z9,cgoyfxj,CVE-2009-4494
1,2014-04-16T00:00:00.000Z,235hf3,cgtsdok,CVE-2011-1268
2,2014-04-28T00:00:00.000Z,2475sy,ch4fbqa,CVE-2014-0515
1,2014-04-29T00:00:00.000Z,249xea,ch53l0o,CVE-2014-1776
1,2014-04-30T00:00:00.000Z,24d34j,ch68x0f,cve-2014-1776
0,2014-05-11T00:00:00.000Z,25760w,chf8s1g,CVE-2014-1776
-1,2014-05-11T00:00:00.000Z,25760w,chf9tsf,CVE-2014-1776
2,2014-06-05T00:00:00.000Z,27djnw,chzvay7,CVE-2014-0160
1,2014-06-05T00:00:00.000Z,27dp96,ci0064j,CVE-2014-0224
3,2014-06-07T00:00:00.000Z,27iiy4,ci16hso,CVE-2011-5280
2,2014-06-07T00:00:00.000Z,27j5c1,ci1js05,CVE-2008-0923
1,2014-06-11T00:00:00.000Z,27rx7y,ci4v6p0,CVE-2014-0224
13,2014-06-21T00:00:00.000Z,28nh04,cicy5xr,CVE-2011-1871
16,2014-06-23T00:00:00.000Z,28vi8w,cif0gtt,CVE-2008-0166
1,2014-07-16T00:00:00.000Z,2aunhw,ciz8lta,CVE-2014-0591
15,2014-08-03T00:00:00.000Z,2cj0lj,cjfz6hm,CVE-2014-0244
1,2014-08-04T00:00:00.000Z,2cj0lj,cjgnoha,CVE-2014-2264
1,2014-08-04T00:00:00.000Z,2cj0lj,cjgs5do,CVE-2014-0224
5,2014-08-05T00:00:00.000Z,2cmg4s,cjh7c4m,CVE-2014-3560
7,2014-08-09T00:00:00.000Z,2d1zln,cjlhwgt,CVE-2014-0160
1,2014-08-14T00:00:00.000Z,2dh425,cjppeda,CVE-2014-3519
5,2014-09-16T00:00:00.000Z,2gkbos,ckjzura,CVE-2014-3616
6,2014-09-24T00:00:00.000Z,2hc5rk,ckrfwge,CVE-2014-6271
2,2014-09-24T00:00:00.000Z,2hc5rk,ckrjdaa,cve-2014-6271
2,2014-09-25T00:00:00.000Z,2hc5rk,cks1tkb,CVE-2014-7169
22,2014-09-25T00:00:00.000Z,2hf734,cks5swq,CVE-2014-7169
8,2014-09-25T00:00:00.000Z,2hfjl0,cks8ke3,CVE-2014-7169
1,2014-09-25T00:00:00.000Z,2hfjl0,cksb6ra,CVE-2014-6271
3,2014-09-25T00:00:00.000Z,2hfjl0,ckse0br,CVE-2014-7169
1,2014-09-25T00:00:00.000Z,2hgpwc,cksijij,cve-2014-6271
1,2014-09-25T00:00:00.000Z,2hgjru,cksio9a,CVE-2014-7169
1,2014-09-25T00:00:00.000Z,2hf734,cksmk6a,CVE-2014-6271
1,2014-09-26T00:00:00.000Z,2hf734,cksy7re,CVE-2014-6271
1,2014-09-26T00:00:00.000Z,2hhhjx,ckt7ugt,CVE-2014-7169
2,2014-09-26T00:00:00.000Z,2hixko,cktdk8c,cve-2014-6271
0,2014-09-28T00:00:00.000Z,2hqbvj,ckv1iuv,CVE-2014-7186
1,2014-09-28T00:00:00.000Z,2hqbvj,ckv2eaj,CVE-2014-6271
1,2014-09-28T00:00:00.000Z,2hqbvj,ckv2riw,CVE-2014-6277
1,2014-09-29T00:00:00.000Z,2hscgw,ckvj857,CVE-2014-6277
2,2014-09-29T00:00:00.000Z,2hstt2,ckvqy1z,CVE-2014-6277
1,2014-09-29T00:00:00.000Z,2hstt2,ckw05x0,CVE-2014-7169
1,2014-10-04T00:00:00.000Z,2i720v,cl0dgfw,CVE-2014-6270
1,2014-10-07T00:00:00.000Z,2ikbqp,cl31gop,CVE-2014-6277
21,2014-10-11T00:00:00.000Z,2iyyyi,cl6u1yt,CVE-2013-1848
3,2014-10-14T00:00:00.000Z,2j7j33,cl9aqes,CVE-2014-4114
2,2014-10-14T00:00:00.000Z,2j7j33,cl9fg3u,cve-2014-4114
3,2014-10-15T00:00:00.000Z,2jbfry,cla3ue5,cve-2014-3566
0,2014-10-15T00:00:00.000Z,2jbfry,cla58jc,cve-2014-3566
9,2014-10-15T00:00:00.000Z,2jbfry,cla6737,CVE-2014-3566
6,2014-10-15T00:00:00.000Z,2jbrqk,claf4pg,CVE-2014-3513
2,2014-10-16T00:00:00.000Z,2jd1aa,clan3xe,cve-2014-3566
2,2014-10-16T00:00:00.000Z,2jcu99,clb0r24,cve-2013-2729
3,2014-10-17T00:00:00.000Z,2jitzx,clc3ud9,CVE-2014-6491
1,2014-10-18T00:00:00.000Z,2jm81u,cld9ms1,CVE-2014-4114
3,2014-11-18T00:00:00.000Z,2mo320,cm66xxi,CVE-2014-6324
3,2014-11-18T00:00:00.000Z,2mo320,cm67ul4,cve-2014-6324
3,2014-11-18T00:00:00.000Z,2mp6wb,cm6ay8f,CVE-2009-1676
-1,2014-11-19T00:00:00.000Z,2mpgez,cm6h65l,CVE-2014-6324
2,2014-11-19T00:00:00.000Z,2mpgez,cm6zay6,cve-2014-6324
2,2014-11-20T00:00:00.000Z,2ms3p9,cm7qgix,cve-2014-6324
2,2014-11-20T00:00:00.000Z,2mvhd8,cm7xhfp,CVE-2014-0751
1,2014-11-21T00:00:00.000Z,2myiy0,cm8zw7s,cve-2014-6324
1,2014-12-14T00:00:00.000Z,2p6wyk,cmuisaq,CVE-2012-0002
2,2015-01-07T00:00:00.000Z,2rm8aw,cnhfz2f,CVE-2014-9322
6,2015-01-08T00:00:00.000Z,2rqoez,cnikk9w,CVE-2014-3572
6,2015-01-14T00:00:00.000Z,2se55n,cnovueb,CVE-2014-6324
1,2015-01-22T00:00:00.000Z,2t6kmi,cnxef8o,CVE-2015-0310
10,2015-01-23T00:00:00.000Z,2tepgx,cnycgac,CVE-2015-0311
3,2015-01-27T00:00:00.000Z,2tui27,co2fnoc,cve-2015-0235
1,2015-01-28T00:00:00.000Z,2tui27,co389oc,cve-2015-0235
32,2015-01-28T00:00:00.000Z,2ty76r,co3f9r9,CVE-2015-0235
19,2015-01-28T00:00:00.000Z,2ty76r,co3fhs5,CVE-2015-0235
9,2015-01-28T00:00:00.000Z,2ty76r,co3g3oo,CVE-2015-0235
3,2015-01-28T00:00:00.000Z,2ty76r,co3h9h5,cve-2015-0235
2,2015-01-28T00:00:00.000Z,2ty76r,co3m81y,CVE-2015-0235
5,2015-01-28T00:00:00.000Z,2ty76r,co3n5yb,CVE-2015-0235
0,2015-01-28T00:00:00.000Z,2ty76r,co3sl7d,CVE-1234-5678
1,2015-01-29T00:00:00.000Z,2u0kp1,co4n3he,CVE-2014-8272
6,2015-02-02T00:00:00.000Z,2uiwrp,co8v4zt,CVE-2015-0313
2,2015-02-06T00:00:00.000Z,2uxnwh,cocq62d,CVE-2014-9293
1,2015-02-18T00:00:00.000Z,2w95ut,copdarw,cve-2015-0008
3,2015-03-04T00:00:00.000Z,2xu8h3,cp3yehw,CVE-2015-0204
28,2015-03-17T00:00:00.000Z,2za11u,cph9bp6,cve-2015-0235
9,2015-03-19T00:00:00.000Z,2zl2pb,cpjwmt6,CVE-2015-0285
4,2015-03-20T00:00:00.000Z,2zmshh,cpkxcq4,CVE-2015-0291
2,2015-04-17T00:00:00.000Z,32v94b,cqfkmla,cve-2015-1635
5,2015-05-06T00:00:00.000Z,352auq,cr0omux,cve-2012-2122
10,2015-05-07T00:00:00.000Z,357f8g,cr1sx72,cve-2014-6324
1,2015-05-13T00:00:00.000Z,35uci0,cr8ap7e,CVE-2007-1744
1,2015-05-20T00:00:00.000Z,36lzcy,crfikpv,CVE-2015-3036
7,2015-06-03T00:00:00.000Z,38eoeu,crugy2e,CVE-2012-4681
2,2015-06-10T00:00:00.000Z,399ydd,cs1yukx,CVE-2014-3122
1,2015-07-08T00:00:00.000Z,3cljgo,cswofpj,CVE-2015-5352
27,2015-07-09T00:00:00.000Z,3co6bd,csxcvps,CVE-2015-1793
9,2015-07-09T00:00:00.000Z,3co6bd,csxdr2x,CVE-2015-1793
4,2015-07-09T00:00:00.000Z,3co6bd,csxdy31,CVE-2015-1793
6,2015-07-11T00:00:00.000Z,3cvv7o,cszirsq,cve-2015-5122
3,2015-07-12T00:00:00.000Z,3cvv7o,ct0jg0f,CVE-2015-5123
33,2015-07-12T00:00:00.000Z,3d00rv,ct0oerv,CVE-2015-5122
1,2015-07-12T00:00:00.000Z,3cvv7o,ct0xqxy,CVE-2015-5119
2,2015-07-16T00:00:00.000Z,3dilqh,ct5ol3q,CVE-2007-1744
-1,2015-07-16T00:00:00.000Z,3dilqh,ct5zd1t,CVE-2009-1244
2,2015-07-20T00:00:00.000Z,3dyrlf,cta2iye,CVE-2015-2426
6,2015-07-21T00:00:00.000Z,3e2wt2,ctbabpr,cve-2014-6324
2,2015-07-24T00:00:00.000Z,3eeq3f,cteaenl,CVE-2015-3245
2,2015-07-30T00:00:00.000Z,3f4fo4,ctlf9ki,CVE-2015-5477
3,2015-07-30T00:00:00.000Z,3f6n3n,ctlr8yq,CVE-2015-5477
1,2015-07-30T00:00:00.000Z,3f4fo4,ctlv9n6,CVE-2015-5477
4,2015-07-31T00:00:00.000Z,3f6n3n,ctmox59,CVE-2015-5477
1,2015-08-05T00:00:00.000Z,3fuqa0,ctsazor,cve-2015-5477
2,2015-08-08T00:00:00.000Z,3g5h7u,ctw49cc,CVE-2015-3245
1,2015-08-15T00:00:00.000Z,3h0krj,cu3u561,CVE-2015-0235
2,2015-09-08T00:00:00.000Z,3k32s7,cuue06z,CVE-2015-5722
1,2015-09-19T00:00:00.000Z,3lajjl,cv6m38f,CVE-2004-0740
1,2015-10-12T00:00:00.000Z,3o29ne,cvwia32,CVE-2014-9373
3,2015-10-16T00:00:00.000Z,3p00hi,cw25grv,CVE-2015-7645
1,2015-10-22T00:00:00.000Z,3ppio2,cw8cucw,CVE-2014-0160
1,2015-10-26T00:00:00.000Z,3qa6uj,cwdpttv,cve-2015-2342
2,2015-11-13T00:00:00.000Z,3sjgor,cwygefn,CVE-2015-5722
2,2015-11-18T00:00:00.000Z,3tacml,cx4pb8s,CVE-2013-4784
3,2015-12-04T00:00:00.000Z,3veh73,cxmv6w6,CVE-2015-3194
17,2015-12-16T00:00:00.000Z,3wyq44,cy0fm3z,CVE-2014-8730
2,2015-12-16T00:00:00.000Z,3wyyec,cy0fq9q,Cve-2015-5119
4,2015-12-18T00:00:00.000Z,3xa5kp,cy2u7ko,CVE-2015-7754
1,2016-01-14T00:00:00.000Z,40nger,cyxlb8p,CVE-2014-6271
5,2016-01-14T00:00:00.000Z,40xund,cyy4zj2,CVE-2016-0777
1,2016-01-14T00:00:00.000Z,40xund,cyyf6d1,cve-2016-0777
1,2016-01-15T00:00:00.000Z,40xund,cyz5h2q,cve-2016-0777
3,2016-01-19T00:00:00.000Z,41p4go,cz401kh,cve-2016-0728
3,2016-01-19T00:00:00.000Z,41p4go,cz402s8,cve-2016-0728
3,2016-01-26T00:00:00.000Z,42siip,czcpscc,CVE-2016-0742
1,2016-01-29T00:00:00.000Z,4353pg,czga97w,cve-2016-0701
4,2016-02-08T00:00:00.000Z,44rqai,czse5m0,CVE-2015-6933
16,2016-02-16T00:00:00.000Z,462ob3,d020rva,CVE-2015-7547
1,2016-02-16T00:00:00.000Z,462ob3,d024c5c,CVE-2015-7547
3,2016-02-16T00:00:00.000Z,462ob3,d02aflf,CVE-2015-7547
2,2016-02-17T00:00:00.000Z,462ob3,d034dzh,cve-2015-7547
3,2016-02-19T00:00:00.000Z,46m3w2,d065oip,CVE-2015-7547
6,2016-02-22T00:00:00.000Z,46xjle,d08s60k,CVE-2015-7547
5,2016-03-01T00:00:00.000Z,48f349,d0jd994,CVE-2015-7244
1,2016-03-03T00:00:00.000Z,48samb,d0m22pu,CVE-2013-2566
2,2016-03-08T00:00:00.000Z,49grzu,d0rwpe4,CVE-2016-0800
5,2016-03-23T00:00:00.000Z,4biqvj,d1a22pd,CVE-2014-0160
1,2016-03-25T00:00:00.000Z,4bv5d9,d1d28dg,CVE-2014-0160
9,2016-04-12T00:00:00.000Z,4eh97n,d203it0,CVE-2016-2118
49,2016-04-14T00:00:00.000Z,4eqaw3,d22fpbb,CVE-2014-0160
3,2016-04-18T00:00:00.000Z,4fbeaa,d27grrc,CVE-2016-2315
3,2016-04-18T00:00:00.000Z,4fbeaa,d27p95f,CVE-2016-2324
1,2016-04-30T00:00:00.000Z,4gup63,d2nt2fr,CVE-2007-1744
3,2016-05-06T00:00:00.000Z,4hzynn,d2uipgd,CVE-2016-0728
1,2016-05-13T00:00:00.000Z,4izypf,d33ezku,CVE-2015-1635
1,2016-05-20T00:00:00.000Z,4k9kcq,d3dgfqd,CVE-2015-2362
1,2016-06-09T00:00:00.000Z,4nbsre,d42ilcp,CVE-2005-1219
0,2016-07-07T00:00:00.000Z,4robyn,d52rc3s,CVE-2016-2207
3,2016-07-18T00:00:00.000Z,4tequc,d5gsw9j,CVE-2016-1273
-3,2016-07-18T00:00:00.000Z,4tequc,d5h4sop,CVE-2016-1273
227,2016-08-10T00:00:00.000Z,4x18x3,d6blwo8,CVE-2016-3287
8,2016-08-10T00:00:00.000Z,4x18x3,d6br1wv,CVE-2014-0160
50,2016-08-10T00:00:00.000Z,4x2z37,d6cdwl3,CVE-2016-3287
25,2016-08-11T00:00:00.000Z,4x8lt5,d6dcjw5,CVE-2016-5696
3,2016-08-11T00:00:00.000Z,4x8lt5,d6dco47,CVE-2016-5696
21,2016-08-11T00:00:00.000Z,4x8lt5,d6dn6d9,cve-2016-5696
6,2016-08-11T00:00:00.000Z,4x8lt5,d6doyt2,CVE-2016-5696
8,2016-08-11T00:00:00.000Z,4x8lt5,d6dpe1a,CVE-2016-5696
6,2016-08-11T00:00:00.000Z,4x8lt5,d6drx1c,CVE-2016-5696
8,2016-08-12T00:00:00.000Z,4x8lt5,d6dxxxm,CVE-2016-5696
1,2016-08-12T00:00:00.000Z,4x8lt5,d6e7jfp,cve-2016-5696
1,2016-08-12T00:00:00.000Z,4x8lt5,d6ekw1v,cve-2016-5696
15,2016-08-17T00:00:00.000Z,4y46zb,d6kw0ed,CVE-2016-0777
3,2016-08-24T00:00:00.000Z,4zbb4g,d6upm42,CVE-2016-1521
11,2016-08-25T00:00:00.000Z,4zih79,d6wfatf,CVE-2016-4631
1,2016-10-21T00:00:00.000Z,58mjns,d91qukl,CVE-2016-5195
1,2016-10-21T00:00:00.000Z,58kc16,d91uln6,CVE-2016-5195
2,2016-12-18T00:00:00.000Z,5ivqcp,dbckoro,CVE-2016-7020
0,2016-12-20T00:00:00.000Z,5jct4w,dbft1vi,CVE-2016-9565
3,2017-01-03T00:00:00.000Z,5ltp2y,dbyg488,CVE-2016-2183
3,2017-01-07T00:00:00.000Z,5ml91s,dc4iljr,CVE-2015-0008
2,2017-01-10T00:00:00.000Z,5n44y6,dc94aey,CVE-2016-9587
4,2017-01-13T00:00:00.000Z,5npg7n,dcdy6w1,CVE-2015-7547
60,2017-01-14T00:00:00.000Z,5ny33l,dcfasht,cve-2016-9962
1,2017-01-29T00:00:00.000Z,5qr62f,dd1vdox,CVE-2015-4642
2,2017-02-10T00:00:00.000Z,5t43ob,ddl19ha,CVE-2016-9244
2,2017-02-27T00:00:00.000Z,5wgkkd,de9x6vl,CVE-2016-9962
5,2017-03-09T00:00:00.000Z,5yeeqn,depdvv7,CVE-2017-6074
2,2017-03-12T00:00:00.000Z,5yvnib,detw6my,CVE-2017-5638
1,2017-03-26T00:00:00.000Z,618ccr,dffsr18,cve-2017-0022
21,2017-04-11T00:00:00.000Z,64pu53,dg4ku81,CVE-2017-0199
4,2017-04-11T00:00:00.000Z,64pu53,dg4n1ns,CVE-2017-0199
2,2017-04-11T00:00:00.000Z,64pu53,dg4pz15,CVE-2017-0199
4,2017-04-11T00:00:00.000Z,64pu53,dg4xtk6,CVE-2017-0199
36,2017-04-13T00:00:00.000Z,655f3d,dg7j28b,cve-2016-10229
67,2017-04-13T00:00:00.000Z,655f3d,dg7pkpp,CVE-2016-10229
10,2017-04-13T00:00:00.000Z,655f3d,dg7pu3x,cve-2016-10229
3,2017-04-13T00:00:00.000Z,655f3d,dg87dmj,CVE-2016-10229
23,2017-04-15T00:00:00.000Z,65j5nc,dgaw45u,CVE-2017-0146
1,2017-05-10T00:00:00.000Z,6adgna,dhdrd6o,CVE-2017-7269
1,2017-05-15T00:00:00.000Z,6bacmd,dhl7r7u,CVE-2017-7269
1,2017-05-15T00:00:00.000Z,6bacmd,dhlrf3o,CVE-2017-0144
3,2017-05-17T00:00:00.000Z,6b3vqj,dhnqhec,CVE-2017-0145
3,2017-05-24T00:00:00.000Z,6d0uzg,dhyyejg,cve-2017-7494
2,2017-05-26T00:00:00.000Z,6dgvhl,di2ll2a,CVE-2015-8400
5,2017-06-13T00:00:00.000Z,6h1ih3,diuqfxc,CVE-2017-8543
17,2017-06-13T00:00:00.000Z,6h1ih3,div0zm5,CVE-2017-0014
3,2017-06-14T00:00:00.000Z,6h1ih3,diw58tl,CVE-2017-8464
1,2017-06-23T00:00:00.000Z,6hfq4p,djasyv4,CVE-2017-8529
1,2017-06-23T00:00:00.000Z,6iv2hm,djb5rda,CVE-2017-0199
37,2017-06-27T00:00:00.000Z,6jsnex,djguysm,cve-2017-0199
14,2017-06-27T00:00:00.000Z,6jsnex,djgw0zb,CVE-2017-0199
1,2017-06-27T00:00:00.000Z,6j1da2,djh53ju,CVE-2017-8529
1,2017-06-27T00:00:00.000Z,6jsnex,djh6l0b,CVE-2017-0199
2,2017-06-27T00:00:00.000Z,6jsnex,djh74j4,CVE-2017-0199
2,2017-06-28T00:00:00.000Z,6jsnex,djhvqn1,CVE-2017-0199
4,2017-06-28T00:00:00.000Z,6jva16,djhxv3j,CVE-2017-8558
3,2017-07-04T00:00:00.000Z,6l6wlw,djrqusl,CVE-2017-7477
3,2017-07-12T00:00:00.000Z,6mty4b,dk4aqz2,cve-2017-8563
1,2017-07-12T00:00:00.000Z,6mty4b,dk566mj,CVE-2017-8621
1,2017-07-20T00:00:00.000Z,6ock5a,dkgzz88,CVE-2017-8495
1,2017-07-24T00:00:00.000Z,6paz6l,dko1nva,CVE-2016-6209
1,2017-07-26T00:00:00.000Z,6pj40x,dkq077b,CVE-2017-8563
5,2017-07-31T00:00:00.000Z,6qmn49,dkykjlf,CVE-2017-0295
4,2017-08-02T00:00:00.000Z,6qwn76,dl1e2l1,CVE-2016-7182
1,2017-08-02T00:00:00.000Z,5yg101,dl2i9kw,CVE-2017-9791
1,2017-08-02T00:00:00.000Z,5yg101,dl2ilwe,cve-2017-9791
3,2017-08-10T00:00:00.000Z,6spq6w,dlf3x7l,CVE-2016-0742
2,2017-09-07T00:00:00.000Z,6ypiqm,dmp5nq3,CVE-2016-9311
2,2017-09-12T00:00:00.000Z,6znqjk,dmwralx,cve-2017-5638
2,2017-09-13T00:00:00.000Z,6zpmrq,dmy0zi0,CVE-2017-8628
4,2017-09-13T00:00:00.000Z,6zt1mm,dmy2tnz,CVE-2017-8628
5,2017-09-20T00:00:00.000Z,71bzco,dn9ys54,CVE-2017-9798
1,2017-10-12T00:00:00.000Z,75pajy,do8s1ev,CVE-2017-11776
2,2017-10-12T00:00:00.000Z,75xnam,do9p12i,cve-2017-11776
216,2017-10-15T00:00:00.000Z,76lj5q,doewxex,CVE-2017-13077
1,2017-10-16T00:00:00.000Z,76lj5q,dofq8ex,CVE-2016-7406
1,2017-10-16T00:00:00.000Z,76lj5q,dofqbk0,CVE-2017-13077
2,2017-10-16T00:00:00.000Z,76lj5q,dog17pl,CVE-2017-13082
66,2017-10-16T00:00:00.000Z,76qir7,dog8lag,CVE-2017-13080
18,2017-10-16T00:00:00.000Z,76qir7,dog9hsp,CVE-2017-13080
6,2017-10-16T00:00:00.000Z,76pgfo,dogc2sb,CVE-2017-13080
11,2017-10-16T00:00:00.000Z,76pgfo,dogc40r,CVE-2017-13080
3,2017-10-16T00:00:00.000Z,76pgfo,dogdjwi,CVE-2017-13080
1,2017-10-17T00:00:00.000Z,76zpb1,dohyzns,CVE-2017-13080
10,2017-10-17T00:00:00.000Z,770yph,doi5mze,CVE-2017-13080
1,2017-10-17T00:00:00.000Z,76zpb1,doi5p1j,CVE-2017-13077
9,2017-10-18T00:00:00.000Z,776jsj,dojemk9,CVE-2017-13077
1,2017-10-27T00:00:00.000Z,7934st,doz6dbu,CVE-2017-11771
1,2017-11-13T00:00:00.000Z,7c8kg2,dprc36z,CVE-2017-3230
4,2017-11-15T00:00:00.000Z,7d4ifz,dpuwngf,CVE-2017-11882
21,2017-11-21T00:00:00.000Z,7eghhp,dq5mqse,CVE-2017-5705
1,2017-11-22T00:00:00.000Z,7eghhp,dq6ux8t,CVE-2017-5705
3,2017-11-28T00:00:00.000Z,7g2tje,dqgkdm1,cve-2016-6433
5,2017-11-29T00:00:00.000Z,7g7ajt,dqi8cir,CVE-2017-0295
7,2017-11-29T00:00:00.000Z,7gehog,dqiftzb,CVE-2017-13872
11,2017-11-29T00:00:00.000Z,7gefzg,dqihov2,CVE-2017-13872
6,2017-11-29T00:00:00.000Z,7gefzg,dqihupv,CVE-2017-13872
1,2017-11-30T00:00:00.000Z,7gefzg,dqkjedh,CVE-2017-1000257
3,2017-12-08T00:00:00.000Z,7ie2i7,dqylnl9,CVE-2017-11937
1,2017-12-11T00:00:00.000Z,7j4zr3,dr3p610,CVE-2017-8563
1,2017-12-14T00:00:00.000Z,7jtgq7,dr96xsi,CVE-2012-5081
6,2017-12-29T00:00:00.000Z,7mwuix,drxc8qb,CVE-2017-8529
7,2018-01-03T00:00:00.000Z,7nxmm8,ds5fevd,CVE-2017-5753
6,2018-01-04T00:00:00.000Z,7nyhc5,ds5n46g,CVE-2017-5715
2,2018-01-04T00:00:00.000Z,7nl8r0,ds64lka,CVE-2017-5753
1,2018-01-04T00:00:00.000Z,7nydcj,ds64qbn,CVE-2017-13862
5,2018-01-04T00:00:00.000Z,7nyrxd,ds64snf,CVE-2017-5715
1,2018-01-04T00:00:00.000Z,7nyrxd,ds65snn,CVE-2017-5715
8,2018-01-04T00:00:00.000Z,7o14up,ds68gs6,CVE-2017-5715
3,2018-01-04T00:00:00.000Z,7nydcj,ds6a7mi,CVE-2017-5753
5,2018-01-04T00:00:00.000Z,7o2ks8,ds6b3gy,CVE-2017-5715
2,2018-01-04T00:00:00.000Z,7o28qq,ds6bir2,CVE-2017-7269
1,2018-01-04T00:00:00.000Z,7nyhc5,ds6bpe3,CVE-2017-5715
12,2018-01-04T00:00:00.000Z,7o27qo,ds6d945,CVE-2017-5715
3,2018-01-04T00:00:00.000Z,7o2q28,ds6dc93,CVE-2017-5754
3,2018-01-04T00:00:00.000Z,7o2h3n,ds6dejt,CVE-2017-5715
1,2018-01-04T00:00:00.000Z,7o39et,ds6f6i6,cve-2017-5715
2,2018-01-04T00:00:00.000Z,7nyz8f,ds6fgxe,cve-2017-5754
3,2018-01-04T00:00:00.000Z,7nyrxd,ds6fjvk,CVE-2017-5715
8,2018-01-04T00:00:00.000Z,7o39et,ds6fux0,CVE-2017-5715
0,2018-01-04T00:00:00.000Z,7nydcj,ds6g2hr,CVE-2017-5753
12,2018-01-04T00:00:00.000Z,7o39et,ds6ge7y,CVE-2017-5753
2,2018-01-04T00:00:00.000Z,7o39et,ds6p3pr,CVE-2017-5754
2,2018-01-04T00:00:00.000Z,7o39et,ds6pwl1,CVE-2017-5715
2,2018-01-04T00:00:00.000Z,7o39et,ds6vw7d,cve-2017-5754
3,2018-01-04T00:00:00.000Z,7o39et,ds6wc6m,CVE-2017-5715
4,2018-01-04T00:00:00.000Z,7o39et,ds6yfyy,CVE-2017-5715
8,2018-01-04T00:00:00.000Z,7nyhc5,ds71rhr,CVE-2017-5754
2,2018-01-04T00:00:00.000Z,7o39et,ds73amv,CVE-2017-5715
3,2018-01-05T00:00:00.000Z,7o39et,ds7ayw4,cve-2017-5715
3,2018-01-05T00:00:00.000Z,7o39et,ds7d62g,CVE-2017-5754
1,2018-01-05T00:00:00.000Z,7o39et,ds7gta4,CVE-2017-5754
2,2018-01-05T00:00:00.000Z,7o39et,ds7k4vq,CVE-2017-5715
6,2018-01-05T00:00:00.000Z,7o39et,ds7pt3a,cve-2017-5715
3,2018-01-05T00:00:00.000Z,7o39et,ds7vbrf,cve-2017-5715
1,2018-01-05T00:00:00.000Z,7o39et,ds7vtja,CVE-2017-5715
1,2018-01-05T00:00:00.000Z,7o39et,ds7vugs,CVE-2017-5715
7,2018-01-05T00:00:00.000Z,7o39et,ds7wi0z,CVE-2017-5754
1,2018-01-05T00:00:00.000Z,7o39et,ds7yjom,cve-2017-5715
2,2018-01-05T00:00:00.000Z,7o2bxw,ds7yu7n,cve-2017-5754
1,2018-01-05T00:00:00.000Z,7o2ks8,ds7z6ho,CVE-2017-5715
3,2018-01-05T00:00:00.000Z,7o39et,ds7zl5p,CVE-2017-5715
2,2018-01-05T00:00:00.000Z,7o2bxw,ds81edm,CVE-2017-5715
1,2018-01-05T00:00:00.000Z,7o39et,ds823x2,CVE-2017-5715
2,2018-01-05T00:00:00.000Z,7o2bxw,ds83dge,CVE-2017-5715
2,2018-01-05T00:00:00.000Z,7o39et,ds85rst,CVE-2017-5715
1,2018-01-05T00:00:00.000Z,7oawnl,ds894qk,CVE-2017-5715
1,2018-01-05T00:00:00.000Z,7o39et,ds8i6ei,CVE-2017-5754
5,2018-01-05T00:00:00.000Z,7o39et,ds8iq8x,CVE-2017-5753
2,2018-01-05T00:00:00.000Z,7o39et,ds8n2ox,cve-2017-5715
1,2018-01-05T00:00:00.000Z,7o39et,ds8ntv3,cve-2017-5715
2,2018-01-05T00:00:00.000Z,7o39et,ds8twch,CVE-2017-5753
1,2018-01-05T00:00:00.000Z,7nyrxd,ds8y9tj,CVE-2017-5715
2,2018-01-06T00:00:00.000Z,7oe367,ds9jbzy,CVE-2017-5754
4,2018-01-06T00:00:00.000Z,7oicjg,ds9pr2s,CVE-2017-5753
2,2018-01-06T00:00:00.000Z,7oh4ab,dsa24nf,CVE-2017-5715
1,2018-01-06T00:00:00.000Z,7o39et,dsagqjs,CVE-2017-5754
1,2018-01-07T00:00:00.000Z,7o39et,dsbkuqg,cve-2017-5715
1,2018-01-07T00:00:00.000Z,7o3wxu,dsc44hw,cve-2017-5715
5,2018-01-08T00:00:00.000Z,7ot0ke,dscel26,CVE-2017-5753
4,2018-01-08T00:00:00.000Z,7oubgr,dscfplm,CVE-2017-5754
2,2018-01-08T00:00:00.000Z,7oubgr,dscxspl,CVE-2017-5753
1,2018-01-08T00:00:00.000Z,7o39et,dsd0iuq,CVE-2017-5715
1,2018-01-08T00:00:00.000Z,7oubgr,dsd1mua,cve-2017-5715
6,2018-01-08T00:00:00.000Z,7oxxbn,dsd4zqt,CVE-2017-5753
5,2018-01-08T00:00:00.000Z,7ozp9q,dsde48b,cve-2017-5715
5,2018-01-08T00:00:00.000Z,7p0krg,dsdmmnj,CVE-2017-5715
6,2018-01-08T00:00:00.000Z,7ozp9q,dsdw6ar,CVE-2017-5715
4,2018-01-09T00:00:00.000Z,7ozp9q,dseu60h,cve-2017-5715
1,2018-01-09T00:00:00.000Z,7o39et,dsey51d,CVE-2017-5715
2,2018-01-09T00:00:00.000Z,7ozp9q,dsf0y6w,cve-2017-5715
1,2018-01-09T00:00:00.000Z,7p6bym,dsf5tf5,CVE-2013-4786
1,2018-01-09T00:00:00.000Z,7p0r7c,dsf8jj0,CVE-2017-5753
1,2018-01-09T00:00:00.000Z,7oxq1t,dsf97jr,cve-2017-5715
1,2018-01-09T00:00:00.000Z,7o39et,dsfcyup,CVE-2017-5715
2,2018-01-09T00:00:00.000Z,7ozp9q,dsfdekl,CVE-2017-5753
2,2018-01-09T00:00:00.000Z,7p9185,dsffdik,CVE-2017-5715
4,2018-01-09T00:00:00.000Z,7p8yyv,dsfm9hb,CVE-2017-5754
1,2018-01-09T00:00:00.000Z,7ozp9q,dsfwaml,cve-2017-5715
2,2018-01-09T00:00:00.000Z,7ozp9q,dsfwgm5,cve-2017-5715
1,2018-01-10T00:00:00.000Z,7o39et,dsfysid,cve-2017-5715
1,2018-01-10T00:00:00.000Z,7o39et,dsfzc8d,cve-2017-5715
3,2018-01-10T00:00:00.000Z,7pdbnq,dsgk8f5,CVE-2017-5754
1,2018-01-10T00:00:00.000Z,7peu99,dsgogpo,cve-2017-5715
2,2018-01-10T00:00:00.000Z,7peu99,dsgq35w,cve-2017-5715
3,2018-01-10T00:00:00.000Z,7ozp9q,dsgsx39,CVE-2017-5715
1,2018-01-10T00:00:00.000Z,7peu99,dshfnxa,cve-2017-5715
1,2018-01-10T00:00:00.000Z,7piba6,dshgp15,cve-2017-5715
4,2018-01-10T00:00:00.000Z,7piapi,dshhts2,CVE-2017-5754
1,2018-01-11T00:00:00.000Z,7piapi,dsi8aq9,CVE-2017-5715
5,2018-01-11T00:00:00.000Z,7pocez,dsiq2xb,CVE-2017-5715
3,2018-01-11T00:00:00.000Z,7p76em,dsjb1ig,CVE-2017-5715
1,2018-01-11T00:00:00.000Z,7pkq7x,dsje7kv,cve-2017-5715
1,2018-01-11T00:00:00.000Z,7pocez,dsjmb9j,CVE-2017-5715
4,2018-01-11T00:00:00.000Z,7prz7c,dsjmsq6,cve-2017-5715
1,2018-01-12T00:00:00.000Z,7pfkuy,dsjr6z1,CVE-2017-5715
2,2018-01-12T00:00:00.000Z,7p76em,dsk380h,CVE-2017-5753
21,2018-01-12T00:00:00.000Z,7pvxh6,dsken3n,CVE-2017-5753
3,2018-01-12T00:00:00.000Z,7psahr,dskg73b,cve-2017-5715
1,2018-01-12T00:00:00.000Z,7p76em,dskgxie,CVE-2017-5753
2,2018-01-12T00:00:00.000Z,7psrxz,dskm68c,cve-2017-5715
3,2018-01-12T00:00:00.000Z,7pxdg4,dskwab5,cve-2017-5715
1,2018-01-12T00:00:00.000Z,7psahr,dsky910,cve-2017-5715
5,2018-01-12T00:00:00.000Z,7px22t,dsl8qtz,cve-2017-5715
1,2018-01-15T00:00:00.000Z,7qit1p,dsplnfo,cve-2017-5715
9,2018-01-15T00:00:00.000Z,7qlyf5,dsqf4vi,CVE-2017-3765
1,2018-01-17T00:00:00.000Z,7qkxkm,dsto5yi,CVE-2017-5753
1,2018-01-17T00:00:00.000Z,7qkxkm,dstxjm3,CVE-2017-5753
2,2018-01-17T00:00:00.000Z,7piapi,dsu9jz9,cve-2017-5715
2,2018-01-17T00:00:00.000Z,7ozp9q,dsu9qyj,cve-2017-5715
1,2018-01-18T00:00:00.000Z,7r1gaf,dsvcdsd,CVE-2017-5715
1,2018-01-19T00:00:00.000Z,7raf4w,dsw8rh9,cve-2017-5715
15,2018-01-22T00:00:00.000Z,7s6kmm,dt2cyv5,cve-2017-5715
5,2018-01-22T00:00:00.000Z,7s6kmm,dt2d4x7,CVE-2017-5715
4,2018-01-22T00:00:00.000Z,7s6kmm,dt2lel1,CVE-2017-5715
2,2018-01-22T00:00:00.000Z,7o39et,dt2v4gu,CVE-2017-5715
5,2018-01-22T00:00:00.000Z,7o39et,dt308cx,CVE-2017-5715
5,2018-01-22T00:00:00.000Z,7s8zz8,dt33t6o,CVE-2017-5753
4,2018-01-22T00:00:00.000Z,7s6kmm,dt35vmm,cve-2017-5715
11,2018-01-23T00:00:00.000Z,7sboac,dt3po0l,cve-2017-5715
1,2018-01-23T00:00:00.000Z,7s8zz8,dt44cd6,CVE-2017-5753
1,2018-01-23T00:00:00.000Z,7sboac,dt4j255,cve-2017-5715
5,2018-01-24T00:00:00.000Z,7sn23c,dt6eplo,CVE-2017-5715
-2,2018-01-27T00:00:00.000Z,7t8h29,dtb2h53,CVE-2017-5753
2,2018-01-27T00:00:00.000Z,7t8h29,dtcb4ll,CVE-2017-5753
2,2018-01-29T00:00:00.000Z,7tu7dn,dtff5j3,CVE-2018-0764
1,2018-02-01T00:00:00.000Z,7o39et,dtkec83,CVE-2017-5715
5,2018-02-01T00:00:00.000Z,7uk3r8,dtkvrtt,CVE-2017-5715
2,2018-02-13T00:00:00.000Z,7wz363,du6n58v,CVE-2017-8563
2,2018-02-14T00:00:00.000Z,7xafsj,du8z1nb,cve-2017-5715
1,2018-02-21T00:00:00.000Z,7o39et,dulhzdi,cve-2017-5715
9,2018-02-21T00:00:00.000Z,7z716n,dum2nsw,CVE-2018-0826
7,2018-02-21T00:00:00.000Z,7z716n,dumbidl,CVE-2018-0826
1,2018-03-08T00:00:00.000Z,82udk7,dvds8vg,CVE-2017-3735
1,2018-03-08T00:00:00.000Z,82udk7,dveelgx,CVE-2017-3735
1,2018-03-09T00:00:00.000Z,82udk7,dveymgk,cve-2017-3735
3,2018-03-13T00:00:00.000Z,843w0w,dvnazft,cve-2018-0886
1,2018-03-14T00:00:00.000Z,8437on,dvo1au2,CVE-2018-1057
1,2018-03-14T00:00:00.000Z,843w0w,dvoopgm,cve-2018-0886
2,2018-03-14T00:00:00.000Z,843w0w,dvp5lo4,cve-2018-0886
1,2018-03-14T00:00:00.000Z,84fm9y,dvpew17,CVE-2018-0101
1,2018-03-15T00:00:00.000Z,84kv3i,dvqc2gk,cve-2018-0886
1,2018-03-16T00:00:00.000Z,84p08n,dvt0ha0,cve-2018-0886
1,2018-03-16T00:00:00.000Z,82pgrv,dvtndx3,CVE-2017-5715
1,2018-03-20T00:00:00.000Z,7ozp9q,dw01zps,cve-2017-5715
1,2018-03-20T00:00:00.000Z,7piapi,dw025ec,cve-2017-5715
2,2018-03-24T00:00:00.000Z,86o7uu,dw7hoxk,CVE-2016-5195
1,2018-03-29T00:00:00.000Z,87umhz,dwhxqwd,CVE-2018-1038
3,2018-03-29T00:00:00.000Z,843w0w,dwhzzx3,CVE-2018-1038
3,2018-03-29T00:00:00.000Z,87lxdc,dwi05gd,cve-2018-1038
1,2018-03-30T00:00:00.000Z,843w0w,dwid5jx,cve-2018-1038
3,2018-03-30T00:00:00.000Z,8831gb,dwideg0,cve-2018-0886
3,2018-03-30T00:00:00.000Z,88b5rr,dwjjlgk,CVE-2018-1038
3,2018-03-30T00:00:00.000Z,88b5rr,dwjtxnd,cve-2018-1038
1,2018-03-31T00:00:00.000Z,88fhsk,dwkauaq,cve-2018-1038
2,2018-04-09T00:00:00.000Z,8ay1ov,dx2ey09,CVE-2017-5638
5,2018-04-12T00:00:00.000Z,8bmuc5,dx88735,CVE-2017-8529
1,2018-04-12T00:00:00.000Z,8ba4sm,dx8gjmz,cve-2018-0886
2,2018-04-12T00:00:00.000Z,8ba4sm,dx8go5e,cve-2018-0886
1,2018-04-13T00:00:00.000Z,8ba4sm,dxahs5l,cve-2018-0886
2,2018-04-13T00:00:00.000Z,8c05vi,dxbj0tu,CVE-2015-7272
1,2018-04-17T00:00:00.000Z,8cjyt6,dxhz67p,cve-2018-0886
2,2018-04-23T00:00:00.000Z,8ecqee,dxuszqu,CVE-2018-7600
1,2018-04-27T00:00:00.000Z,8faj8v,dy23k2t,CVE-2013-4786
1,2018-05-01T00:00:00.000Z,8g6739,dy9loto,CVE-2018-3628
0,2018-05-02T00:00:00.000Z,8ggqac,dybiazf,CVE-2018-0737
3,2018-05-02T00:00:00.000Z,8ggqac,dybiic4,CVE-2018-3628
3,2018-05-02T00:00:00.000Z,8ggqac,dybmz28,CVE-2018-3632
1,2018-05-04T00:00:00.000Z,8grcb4,dyf6pf9,cve-2018-0886
2,2018-05-05T00:00:00.000Z,8h0gd3,dyhoz5b,cve-2017-5715
1,2018-05-07T00:00:00.000Z,8hozur,dylncbk,cve-2018-0886
82,2018-05-08T00:00:00.000Z,8hzvko,dyntqwq,cve-2018-0886
10,2018-05-08T00:00:00.000Z,8hzvko,dyo61yr,cve-2018-0886
1,2018-05-09T00:00:00.000Z,8hwr5p,dyolzzf,CVE-2017-8529
7,2018-05-09T00:00:00.000Z,8i4coq,dyot8px,cve-2018-0886
2,2018-05-09T00:00:00.000Z,8i4coq,dyp1h6k,cve-2018-0886
1,2018-05-09T00:00:00.000Z,8i6gtq,dypbvrw,cve-2018-0886
1,2018-05-09T00:00:00.000Z,8i4coq,dyphmat,cve-2018-0886
1,2018-05-09T00:00:00.000Z,8i7cmn,dyprh22,CVE-2018-0886
3,2018-05-09T00:00:00.000Z,8i7mwm,dypvlc9,CVE-2018-8154
3,2018-05-09T00:00:00.000Z,8i9or1,dyq0zy7,cve-2018-0886
1,2018-05-09T00:00:00.000Z,8i9pbr,dyq1j9i,cve-2018-0886
1,2018-05-09T00:00:00.000Z,8i7cmn,dyq7238,CVE-2018-0886
7,2018-05-10T00:00:00.000Z,8i7mwm,dyq9tfp,CVE-2018-8154
13,2018-05-10T00:00:00.000Z,8hzvko,dyqdgor,cve-2018-0886
2,2018-05-10T00:00:00.000Z,8i4coq,dyqjmo2,cve-2018-0886
6,2018-05-10T00:00:00.000Z,8hzvko,dyquvsa,cve-2018-0886
4,2018-05-10T00:00:00.000Z,8hzvko,dyr36wl,CVE-2018-8174
1,2018-05-10T00:00:00.000Z,8ienv7,dyr48mo,CVE-2018-0886
5,2018-05-10T00:00:00.000Z,8hzvko,dyr4qa0,CVE-2018-8174
3,2018-05-10T00:00:00.000Z,8ienv7,dyr4qs8,CVE-2018-0886
2,2018-05-10T00:00:00.000Z,8ienv7,dyr9cov,CVE-2018-0866
1,2018-05-10T00:00:00.000Z,8ifw1c,dyro9rl,cve-2018-0886
2,2018-05-10T00:00:00.000Z,8ig8eu,dyrzpyp,CVE-2017-5715
6,2018-05-11T00:00:00.000Z,8hzvko,dyt6d1d,CVE-2018-0886
1,2018-05-11T00:00:00.000Z,8ii0bl,dytgwbl,CVE-2018-0886
11,2018-05-13T00:00:00.000Z,8j271w,dywnifs,cve-2018-0886
9,2018-05-13T00:00:00.000Z,8j271w,dywordd,cve-2018-0886
6,2018-05-13T00:00:00.000Z,8j271w,dywosjh,cve-2018-0886
1,2018-05-13T00:00:00.000Z,8j271w,dywp0rv,cve-2018-0886
2,2018-05-13T00:00:00.000Z,8j271w,dyx2uva,CVE-2018-0886
28,2018-05-13T00:00:00.000Z,8j3zkc,dyxklae,CVE-2018-0886
10,2018-05-14T00:00:00.000Z,8jb7v3,dyyc490,CVE-2017-17688
1,2018-05-14T00:00:00.000Z,8hzvko,dyylvf8,cve-2018-0886
1,2018-05-14T00:00:00.000Z,8j271w,dyylyp1,cve-2018-0886
2,2018-05-15T00:00:00.000Z,8jmjt9,dz0riur,cve-2018-0886
1,2018-05-17T00:00:00.000Z,8k413w,dz4xb0p,CVE-2018-0886
8,2018-05-18T00:00:00.000Z,8kc6cy,dz6gu1e,CVE-2018-10070
2,2018-05-21T00:00:00.000Z,8l10kq,dzcisko,CVE-2017-8664
2,2018-05-21T00:00:00.000Z,8l2205,dzcqams,CVE-2018-1057
3,2018-05-22T00:00:00.000Z,8l3bz2,dzdirgu,CVE-2017-5715
3,2018-05-23T00:00:00.000Z,8l4n4x,dzfe1op,CVE-2017-5753
1,2018-05-23T00:00:00.000Z,8jn681,dzgpnla,CVE-2018-0886
1,2018-05-23T00:00:00.000Z,8jng3t,dzgpupi,CVE-2018-0886
1,2018-05-24T00:00:00.000Z,8ltebm,dzidv55,cve-2018-0886
1,2018-05-29T00:00:00.000Z,8mzae9,dzrvnwz,cve-2018-0886
11,2018-05-30T00:00:00.000Z,8n961z,dzug7lv,CVE-2018-6145
4,2018-06-03T00:00:00.000Z,8o6qbx,e01o34w,CVE-2017-0176
3,2018-06-08T00:00:00.000Z,8pja01,e0c018x,CVE-2017-5689
2,2018-06-13T00:00:00.000Z,8q9z56,e0l72d4,cve-2018-0886
1,2018-06-14T00:00:00.000Z,8q9z56,e0o4xsz,cve-2017-5715
15,2018-06-18T00:00:00.000Z,8rzcmi,e0vgg9q,cve-2018-0886
5,2018-06-19T00:00:00.000Z,8s7ydj,e0x76pk,CVE-2018-0886
3,2018-06-21T00:00:00.000Z,8sr47c,e12rmoh,CVE-2018-8174
1,2018-06-25T00:00:00.000Z,8ts0kc,e19rfu2,CVE-2018-0886
2,2018-06-27T00:00:00.000Z,8q9z56,e1e9tm8,CVE-2017-5715
3,2018-06-29T00:00:00.000Z,8usw4z,e1i73na,cve-2017-5715
1,2018-07-05T00:00:00.000Z,8w308n,e1tuy3h,cve-2018-0886
1,2018-07-06T00:00:00.000Z,8wmmec,e1woiqy,cve-2018-0886
32,2018-07-09T00:00:00.000Z,8xa878,e21vons,CVE-2017-12542
1,2018-07-13T00:00:00.000Z,8ydl79,e2buetx,CVE-2018-0886
2,2018-07-18T00:00:00.000Z,8xfdyd,e2m0d8t,CVE-2018-8308
3,2018-07-20T00:00:00.000Z,8xfdyd,e2pz5ub,CVE-2018-8202
5,2018-07-24T00:00:00.000Z,91fvba,e2y4cwt,CVE-2018-10115
2,2018-07-26T00:00:00.000Z,8xfdyd,e31fuun,CVE-2018-8356
1,2018-07-26T00:00:00.000Z,91wwe6,e334uml,CVE-2017-12542
1,2018-08-01T00:00:00.000Z,93io8g,e3em64x,CVE-2018-1000117
9,2018-08-06T00:00:00.000Z,953f65,e3psla6,CVE-2018-5390
1,2018-08-07T00:00:00.000Z,95ck3k,e3s2cgk,CVE-2018-0886
2,2018-08-10T00:00:00.000Z,96au59,e3z4pyh,CVE-2018-3110
1,2018-08-15T00:00:00.000Z,97bxx8,e483p69,CVE-2018-3615
5,2018-08-15T00:00:00.000Z,97bxx8,e48d4fp,CVE-2018-3615
0,2018-08-24T00:00:00.000Z,99xef3,e4rz8x7,CVE-2017-18014
15,2018-08-28T00:00:00.000Z,9ayyzf,e4z29bz,CVE-2018-8440
1,2018-08-29T00:00:00.000Z,983wc6,e50wlil,CVE-2018-7600
7,2018-08-29T00:00:00.000Z,9b2wvy,e515twc,CVE-2005-2122
2,2018-09-06T00:00:00.000Z,9d9hpj,e5h19sz,CVE-2017-5715
1,2018-09-06T00:00:00.000Z,9d9hpj,e5h20zu,CVE-2018-3639
12,2018-09-09T00:00:00.000Z,9e78fa,e5nxnws,CVE-2018-4229
65,2018-09-12T00:00:00.000Z,9f1q8d,e5tu481,CVE-2018-8475
17,2018-09-12T00:00:00.000Z,9f1q8d,e5u0v45,CVE-2018-8475
3,2018-09-12T00:00:00.000Z,9f1q8d,e5udbtc,CVE-2018-8457
26,2018-09-12T00:00:00.000Z,9f8nsi,e5umdye,CVE-2018-1244
5,2018-09-13T00:00:00.000Z,9fixbz,e5xcsfz,CVE-2018-8344
5,2018-09-14T00:00:00.000Z,9eym50,e5yfuh9,CVE-2018-8421
1,2018-09-21T00:00:00.000Z,9hg61a,e6da8el,cve-2018-8421
2,2018-09-24T00:00:00.000Z,9eym50,e6jb4co,cve-2018-8421
1,2018-09-25T00:00:00.000Z,9islt2,e6m3231,cve-2017-7269
2,2018-10-06T00:00:00.000Z,9lrq5q,e7adngr,cve-2018-8421
2,2018-10-08T00:00:00.000Z,9mfbu0,e7ef8cj,CVE-2013-3623
1,2018-10-12T00:00:00.000Z,9mz23b,e7n17sr,CVE-2018-8265
2,2018-10-18T00:00:00.000Z,9p8f4j,e80i6nd,CVE-2018-0886
1,2018-10-19T00:00:00.000Z,9pmcms,e82rvfr,CVE-2018-10933
2,2018-11-01T00:00:00.000Z,9t4ima,e8ur3gf,CVE-2018-8154
17,2018-11-02T00:00:00.000Z,9tinha,e8wnbfd,CVE-2018-15688
15,2018-11-02T00:00:00.000Z,9tinha,e8wojzc,CVE-2018-1111
1,2018-11-03T00:00:00.000Z,9tinha,e8zqcwe,CVE-2018-15687
5,2018-11-08T00:00:00.000Z,9v5i06,e99p6au,cve-2018-0886
5,2018-11-09T00:00:00.000Z,9vdfsq,e9btcg0,cve-2015-0235
29,2018-11-13T00:00:00.000Z,9wrbtt,e9n0mua,CVE-2018-8256
4,2018-11-19T00:00:00.000Z,9wrbtt,ea1tbop,CVE-2018-8546
1,2018-11-30T00:00:00.000Z,a1c138,eas2xym,CVE-2018-0886
5,2018-12-03T00:00:00.000Z,a2nmxp,eazt1sw,CVE-2017-8529
6,2018-12-04T00:00:00.000Z,a2tyxj,eb243g2,cve-2018-1002105
12,2018-12-12T00:00:00.000Z,a4x6jh,ebnrmm9,CVE-2018-8626
7,2018-12-13T00:00:00.000Z,a4x6jh,ebpryw9,cve-2018-1113
12,2018-12-19T00:00:00.000Z,a4x6jh,ec4lnk8,CVE-2018-8653
1,2018-12-20T00:00:00.000Z,a7c5m9,ec5m6n3,CVE-2018-8653
7,2018-12-20T00:00:00.000Z,a7p8to,ec77pd0,CVE-2018-8423
2,2018-12-20T00:00:00.000Z,a7p8to,ec7azog,CVE-2018-8653
3,2018-12-22T00:00:00.000Z,a8ewgh,ecahsjv,CVE-2018-8653
5,2018-12-22T00:00:00.000Z,a8ewgh,ecakkej,CVE-2018-8653
13,2019-01-08T00:00:00.000Z,ady8fw,edl38kw,CVE-2019-0586
2,2019-01-10T00:00:00.000Z,aeby1v,edozith,cve-2018-0886
6,2019-01-10T00:00:00.000Z,ady8fw,edq57nz,CVE-2019-0588
1,2019-01-11T00:00:00.000Z,ady8fw,edshuf5,CVE-2019-0547
0,2019-01-11T00:00:00.000Z,aexfw9,edubrsb,cve-2018-16864
2,2019-01-16T00:00:00.000Z,ady8fw,ee7bztv,CVE-2019-0547
2,2019-01-30T00:00:00.000Z,alaxjx,efch2cz,CVE-2018-8581
2,2019-01-30T00:00:00.000Z,akf4kr,efcpa61,CVE-2018-8581
3,2019-01-31T00:00:00.000Z,alrdhr,efh53n2,CVE-2018-8581
6,2019-02-05T00:00:00.000Z,ancwet,eft74be,CVE-2019-0550
0,2019-02-05T00:00:00.000Z,ancwet,eftddm0,CVE-2011-5046
1,2019-02-05T00:00:00.000Z,ancwet,eftiyhb,CVE-2015-6125
2,2019-02-06T00:00:00.000Z,ani8zn,efvc45i,CVE-2017-15054
1,2019-02-06T00:00:00.000Z,ancwet,efw0l93,cve-2015-7547
1,2019-02-08T00:00:00.000Z,ani8zn,eg0ptb0,CVE-2000-0992
3,2019-02-08T00:00:00.000Z,ani8zn,eg10l2n,CVE-2019-6111
3,2019-02-12T00:00:00.000Z,apqwwt,egaxtbt,CVE-2019-5736
1,2019-02-13T00:00:00.000Z,apyosx,egdvrcx,CVE-2018-8581
2,2019-02-20T00:00:00.000Z,asf3p6,egvkxi2,cve-2018-8340
2,2019-02-20T00:00:00.000Z,asuvuu,egwy3k5,CVE-2018-0171
1,2019-02-28T00:00:00.000Z,avonvo,ehgs1bw,Cve-2018-0886
2,2019-03-03T00:00:00.000Z,awjmhb,ehooxkr,CVE-2018-6260
2,2019-03-04T00:00:00.000Z,awvh0k,ehr1f50,CVE-2017-8529
1,2019-03-04T00:00:00.000Z,awvh0k,ehr7oxs,CVE-2017-5715
1,2019-03-04T00:00:00.000Z,axb4hi,ehsdakh,CVE-2018-8581
1,2019-03-07T00:00:00.000Z,aybnxa,ei0c5ky,CVE-2019-5786
4,2019-03-13T00:00:00.000Z,b08coa,eig8f6k,CVE-2019-0603
2,2019-03-15T00:00:00.000Z,b1hq73,eilpiv6,CVE-2018-20250
3,2019-03-16T00:00:00.000Z,b1ls5e,eimp4fg,cve-2019-7238
0,2019-03-31T00:00:00.000Z,b7hok9,ejt72dp,CVE-2019-8936
13,2019-04-09T00:00:00.000Z,bb9dsi,ekhr42y,CVE-2019-0803
1,2019-04-26T00:00:00.000Z,bh9gfp,elt10jc,CVE-2018-8307
1,2019-05-14T00:00:00.000Z,bolt2s,enhx06w,CVE-2019-0708
4,2019-05-14T00:00:00.000Z,bolt2s,enhx1rq,CVE-2019-0708
2,2019-05-14T00:00:00.000Z,bolt2s,enhystx,CVE-2019-0708
34,2019-05-14T00:00:00.000Z,boly55,eni7rma,cve-2019-0708
10,2019-05-14T00:00:00.000Z,bom77a,eniby2t,cve-2019-0708
5,2019-05-14T00:00:00.000Z,bom77a,enic792,cve-2019-0708
14,2019-05-15T00:00:00.000Z,bou5ax,enkvur9,CVE-2019-0708
18,2019-05-15T00:00:00.000Z,bou5ax,enkw25d,CVE-2018-12126
7,2019-05-15T00:00:00.000Z,bou5ax,enlhlkz,cve-2019-0708
125,2019-05-15T00:00:00.000Z,bou5ax,enm97ea,cve-2019-0708
1,2019-05-15T00:00:00.000Z,bou5ax,enmpxw5,CVE-2019-0708
6,2019-05-15T00:00:00.000Z,bou5ax,enmpzqx,cve-2019-0708
1,2019-05-15T00:00:00.000Z,bokw6d,enn6yoz,CVE-2018-1433
3,2019-05-16T00:00:00.000Z,bpcv9t,enrs6q7,CVE-2018-3639
3,2019-05-17T00:00:00.000Z,bou5ax,envbj8x,CVE-2018-3640
3,2019-05-18T00:00:00.000Z,bpztwj,eo0nnvc,CVE-2018-14847
3,2019-05-21T00:00:00.000Z,br3nll,eo9yfsx,CVE-2019-0708
1,2019-05-21T00:00:00.000Z,brejj4,eodm9d5,CVE-2019-0708
1,2019-05-22T00:00:00.000Z,brhsaf,eofr930,CVE-2019-1862
2,2019-05-22T00:00:00.000Z,brejj4,eog17yh,CVE-2019-0708
2,2019-05-23T00:00:00.000Z,brejj4,eoigj0r,CVE-2019-0708
1,2019-05-27T00:00:00.000Z,brprh2,ep22efo,Cve-2017-0143
1,2019-05-30T00:00:00.000Z,buud7l,epjeucr,CVE-2019-0708
2,2019-06-02T00:00:00.000Z,bvujac,epsou8s,CVE-2019-0708
1,2019-06-07T00:00:00.000Z,bxyne6,eqaluz8,CVE-2019-0708
2,2019-06-09T00:00:00.000Z,byfaa8,eqivhyd,CVE-2019-0708
9,2019-06-12T00:00:00.000Z,bznm10,eqv2sbn,CVE-2019-0174
-1,2019-06-13T00:00:00.000Z,bzuorb,eqz3nfc,CVE-2019-0708
3,2019-06-13T00:00:00.000Z,bzuorb,er0z3h2,CVE-2019-9510
3,2019-06-13T00:00:00.000Z,c02zbp,er2v8hk,CVE-2019-0708
2,2019-06-14T00:00:00.000Z,c0kf18,er6g9po,CVE-2019-2102
5,2019-06-17T00:00:00.000Z,c1r37f,erf1x2y,CVE-2019-11477
15,2019-06-17T00:00:00.000Z,c1r37f,erf3htp,cve-2019-11477
5,2019-06-17T00:00:00.000Z,c1r37f,erf5fus,CVE-2019-11477
2,2019-06-18T00:00:00.000Z,c1onwb,ergnzf0,cve-2019-5439
1,2019-06-18T00:00:00.000Z,c24br8,erhkf6q,CVE-2019-0708
3,2019-06-27T00:00:00.000Z,c6a9xn,es7die0,CVE-2019-0603
1,2019-06-28T00:00:00.000Z,c6lp7l,esa8zsz,cve-2015-7755
6,2019-06-29T00:00:00.000Z,c6vvq0,esboxth,CVE-2019-0708
1,2019-07-02T00:00:00.000Z,c732ed,esj6x6k,CVE-2019-12939
1,2019-07-16T00:00:00.000Z,cdftro,etvu1lv,cve-2019-0708
1,2019-07-17T00:00:00.000Z,cdwc98,etzvin0,cve-2019-0708
1,2019-07-24T00:00:00.000Z,ch76o7,euq608b,CVE-2019-13615
2,2019-07-25T00:00:00.000Z,chmhuu,euvdgu6,CVE-2019-5525
2,2019-07-28T00:00:00.000Z,cilbhi,ev9c82n,CVE-2019-13567
4,2019-07-30T00:00:00.000Z,cjtcn2,evh8jhb,CVE-2019-13450
79,2019-08-08T00:00:00.000Z,cnj0mj,ewbafi6,CVE-2015-7985
1,2019-08-10T00:00:00.000Z,coc58u,ewjx89i,CVE-2019-12257
1,2019-08-11T00:00:00.000Z,co1p5x,ewmdt70,CVE-2019-0708
1,2019-08-11T00:00:00.000Z,co1p5x,ewmsgyc,CVE-2017-3158
7,2019-08-14T00:00:00.000Z,cpx206,ewtt3dm,CVE-2019-1181
38,2019-08-14T00:00:00.000Z,cq8qex,ewunjfm,CVE-2019-1162
48,2019-08-14T00:00:00.000Z,cq8qex,ewunvm9,CVE-2019-1162
20,2019-08-14T00:00:00.000Z,cq8qex,ewup3bi,CVE-2019-1162
6,2019-08-14T00:00:00.000Z,cq8qex,ewupkd6,CVE-2019-1162
2,2019-08-14T00:00:00.000Z,cq8qex,ewupufm,CVE-2019-1162
10,2019-08-14T00:00:00.000Z,cq8qex,ewuuqj5,CVE-2019-1162
5,2019-08-14T00:00:00.000Z,cq8qex,ewuuvdt,CVE-2019-1162
4,2019-08-15T00:00:00.000Z,cq8qex,ewxps96,CVE-2019-1162
1,2019-08-15T00:00:00.000Z,cpep9g,ewzhfgv,CVE-2019-0965
13,2019-08-18T00:00:00.000Z,cs3n75,excwirh,CVE-2019-8286
32,2019-08-18T00:00:00.000Z,cs3n75,exd5egr,CVE-2019-8286
2,2019-08-30T00:00:00.000Z,cxgsoi,eym6x0o,CVE-2011-0638
1,2019-09-10T00:00:00.000Z,d1ss5w,ezsty7u,cve-2019-0708
6,2019-09-11T00:00:00.000Z,d2qjr1,ezwfjqg,CVE-2017-12542
6,2019-09-11T00:00:00.000Z,d2qjr1,ezwhyab,CVE-2017-12542
3,2019-09-12T00:00:00.000Z,d296nh,ezzj1dk,CVE-2019-1214
9,2019-09-12T00:00:00.000Z,d296nh,f00bxxo,CVE-2019-1214
1,2019-09-14T00:00:00.000Z,d3p33e,f08nrxj,CVE-2020-1666
1,2019-09-17T00:00:00.000Z,d296nh,f0kjcrl,CVE-2019-1138
10,2019-09-24T00:00:00.000Z,d8ad6q,f1b96c3,CVE-2019-1367
1,2019-09-25T00:00:00.000Z,d8ad6q,f1drn19,CVE-2019-1367
5,2019-09-25T00:00:00.000Z,d90laz,f1dvwuh,CVE-2019-1367
1,2019-09-25T00:00:00.000Z,d90laz,f1eb6d3,CVE-2019-1367
1,2019-09-25T00:00:00.000Z,d94smj,f1f1b1r,CVE-2019-1367
1,2019-09-25T00:00:00.000Z,d94smj,f1f4pk4,CVE-2019-1367
1,2019-09-26T00:00:00.000Z,d94smj,f1ij02i,CVE-2019-1367
6,2019-09-27T00:00:00.000Z,da3g94,f1nc5uj,CVE-2019-16759
2,2019-10-03T00:00:00.000Z,dcpztx,f2a03o9,CVE-2019-8942
1,2019-10-03T00:00:00.000Z,dcnfm3,f2a3fzf,CVE-2019-1161
2,2019-10-04T00:00:00.000Z,dcwup8,f2dekg9,CVE-2019-0708
2,2019-10-04T00:00:00.000Z,dcwup8,f2ejy1r,CVE-2019-0708
2,2019-10-04T00:00:00.000Z,dd730q,f2ekbo1,CVE-2019-1367
5,2019-10-04T00:00:00.000Z,dd730q,f2fd4k6,cve-2019-1367
14,2019-10-07T00:00:00.000Z,dejsqd,f2vzbi5,CVE-2019-1367
1,2019-10-07T00:00:00.000Z,dejsqd,f2ycxnw,CVE-2019-1367
1,2019-10-08T00:00:00.000Z,deromc,f2zv799,cve-2019-1367
2,2019-10-08T00:00:00.000Z,demq9x,f2zvjf1,cve-2019-1367
24,2019-10-08T00:00:00.000Z,df10l5,f30f81v,CVE-2019-1362
2,2019-10-08T00:00:00.000Z,df10l5,f30mz13,CVE-2019-1367
11,2019-10-10T00:00:00.000Z,dg2fsh,f38u2xi,CVE-2019-1166
2,2019-10-14T00:00:00.000Z,dhqkk7,f3rlrnr,cve-2018-0886
1,2019-10-15T00:00:00.000Z,dhxlsi,f3tfbgr,CVE-2019-14287
1,2019-10-15T00:00:00.000Z,dhqkk7,f3v1vpc,CVE-2018-0886
0,2019-10-15T00:00:00.000Z,dhniy1,f3vn4zo,CVE-2019-16371
1,2019-10-16T00:00:00.000Z,dhxlsi,f3yvtwo,CVE-2019-14287
8,2019-10-20T00:00:00.000Z,dkdyxt,f4ech5g,CVE-2019-3980
3,2019-10-20T00:00:00.000Z,dkdyxt,f4fgsne,CVE-2019-3980
7,2019-10-20T00:00:00.000Z,dkdyxt,f4fhpy5,CVE-2019-3980
1,2019-10-23T00:00:00.000Z,dm1va4,f4wkff4,CVE-2016-3239
2,2019-10-25T00:00:00.000Z,dn0uo1,f570rpu,CVE-2018-8453
36,2019-11-01T00:00:00.000Z,dq64hc,f614uc2,cve-2019-13720
66,2019-11-01T00:00:00.000Z,dq64hc,f618suu,CVE-2019-13720
1,2019-11-01T00:00:00.000Z,dq64hc,f61t7ak,cve-2019-13720
2,2019-11-05T00:00:00.000Z,drgo8a,f6lkpnx,CVE-2019-0708
1,2019-11-12T00:00:00.000Z,duqnhy,f7c5nex,CVE-2018-8566
35,2019-11-12T00:00:00.000Z,dve1hn,f7c9m2o,CVE-2018-12207
3,2019-11-13T00:00:00.000Z,dve1hn,f7d2cab,CVE-2018-12207
1,2019-11-13T00:00:00.000Z,dvqhhp,f7eqkd3,cve-2019-13720
5,2019-11-21T00:00:00.000Z,dve1hn,f87ms60,CVE-2019-1388
10,2019-12-10T00:00:00.000Z,e8rzev,faejefg,CVE-2019-1349
1,2019-12-10T00:00:00.000Z,e8lrex,faesat3,CVE-2019-5544
2,2019-12-30T00:00:00.000Z,ehco16,fcjzzyf,cve-2019-0708
0,2019-12-30T00:00:00.000Z,ehco16,fcl3a0w,CVE-2019-1226
1,2019-12-30T00:00:00.000Z,ehco16,fclfopd,CVE-2019-9510
1,2020-01-01T00:00:00.000Z,ehco16,fcpaxnv,CVE-2019-1181
1,2020-01-06T00:00:00.000Z,ekuubj,fdduqwi,CVE-2000-1200
1,2020-01-07T00:00:00.000Z,ekuubj,fdhk2wy,CVE-2000-1200
3,2020-01-08T00:00:00.000Z,elw5sr,fdlf2a3,cve-2019-1559
1,2020-01-11T00:00:00.000Z,en0n9m,fdtovea,CVE-2017-8529
1,2020-01-11T00:00:00.000Z,en1rzf,fdyprkt,CVE-2019-19781
4,2020-01-14T00:00:00.000Z,eogm9e,fedvhe2,CVE-2020-0601
7,2020-01-14T00:00:00.000Z,eogm9e,fedw2fk,CVE-2020-0601
1,2020-01-14T00:00:00.000Z,eobmvu,fee10br,CVE-2020-0601
3,2020-01-14T00:00:00.000Z,eobmvu,fee15hc,CVE-2020-0601
34,2020-01-14T00:00:00.000Z,eoll74,fee1qwg,CVE-2020-0601
5,2020-01-14T00:00:00.000Z,eoll74,fee1rus,CVE-2020-0601
5,2020-01-14T00:00:00.000Z,eoll74,fee2htr,CVE-2020-0601
8,2020-01-14T00:00:00.000Z,eogm9e,fee2jbb,CVE-2020-0601
31,2020-01-14T00:00:00.000Z,eogm9e,fee2wyc,CVE-2020-0601
2,2020-01-14T00:00:00.000Z,eoll74,fee35ay,CVE-2020-0601
10,2020-01-14T00:00:00.000Z,eogm9e,fee35z0,cve-2020-0601
171,2020-01-14T00:00:00.000Z,eoll74,fee3txw,CVE-2020-0601
8,2020-01-14T00:00:00.000Z,eobmvu,fee3u4h,CVE-2020-0601
1,2020-01-14T00:00:00.000Z,eogm9e,fee40qt,cve-2020-0601
6,2020-01-14T00:00:00.000Z,eogm9e,fee414p,CVE-2020-0601
7,2020-01-14T00:00:00.000Z,eoll74,fee46pc,CVE-2020-0601
3,2020-01-14T00:00:00.000Z,eobmvu,fee50f5,CVE-2020-0601
3,2020-01-14T00:00:00.000Z,eobmvu,fee5hai,cve-2020-0601
74,2020-01-14T00:00:00.000Z,eogm9e,fee6s6t,CVE-2020-0609
0,2020-01-14T00:00:00.000Z,eoll74,fee8mas,CVE-2020-0601
1,2020-01-14T00:00:00.000Z,eoll74,feeb9v6,CVE-2020-0601
5,2020-01-14T00:00:00.000Z,eogm9e,feebqfv,CVE-2020-0601
1,2020-01-14T00:00:00.000Z,eog7hi,feefrbz,CVE-2020-0601
3,2020-01-14T00:00:00.000Z,eoll74,feei1ao,CVE-2020-0601
5,2020-01-14T00:00:00.000Z,eoqxuq,feekyrl,CVE-2020-0609
7,2020-01-14T00:00:00.000Z,eoll74,feelfx2,CVE-2020-0601
2,2020-01-14T00:00:00.000Z,eoll74,feeng06,CVE-2020-0601
2,2020-01-14T00:00:00.000Z,eogm9e,feeok45,CVE-2020-0608
15,2020-01-14T00:00:00.000Z,eoll74,feer4hm,CVE-2020-0601
1,2020-01-14T00:00:00.000Z,eoll74,feermv1,CVE-2020-0601
1,2020-01-15T00:00:00.000Z,eoll74,fef3085,cve-2020-0601
1,2020-01-15T00:00:00.000Z,eogm9e,fef3lbc,CVE-2020-0601
2,2020-01-15T00:00:00.000Z,eozx4f,feg69gm,CVE-2020-0601
1,2020-01-15T00:00:00.000Z,eozx4f,fegih3r,CVE-2020-0601
0,2020-01-15T00:00:00.000Z,eop1qp,fegko0p,CVE-2020-0601
1,2020-01-15T00:00:00.000Z,eoll74,fegx821,CVE-2020-0601
1,2020-01-15T00:00:00.000Z,eoll74,fegxdif,CVE-2020-0601
2,2020-01-15T00:00:00.000Z,eoll74,feh70f3,cve-2020-0601
1,2020-01-16T00:00:00.000Z,epb77h,feid8t0,CVE-2020-0601
12,2020-01-16T00:00:00.000Z,epje0v,fejwy3k,CVE-2020-0601
1,2020-01-16T00:00:00.000Z,eogm9e,fek1t9m,CVE-2020-0601
1,2020-01-16T00:00:00.000Z,eogm9e,fekah4y,CVE-2020-0601
5,2020-01-16T00:00:00.000Z,epms6z,fekcmuu,CVE-2020-0601
1,2020-01-16T00:00:00.000Z,epms6z,fekkjgg,CVE-2020-0601
3,2020-01-17T00:00:00.000Z,ep0v5b,felw052,CVE-2020-0609
2,2020-01-17T00:00:00.000Z,epgtzh,femvb26,CVE-2019-19781
2,2020-01-19T00:00:00.000Z,eqztmm,fezu42p,CVE-2020-0601
5,2020-01-20T00:00:00.000Z,erc3l9,ff2r1pv,CVE-2020-0601
2,2020-01-20T00:00:00.000Z,erdbfl,ff40q18,cve-2019-1559
2,2020-01-22T00:00:00.000Z,erj7qw,ff9rpol,CVE-2018-8653
1,2020-01-27T00:00:00.000Z,eupfii,ffqqi2h,cve-2020-0601
32,2020-01-28T00:00:00.000Z,ev4n8h,fftdquo,cve-2019-11510
8,2020-01-28T00:00:00.000Z,ev4n8h,ffttd6a,CVE-2020-0601
3,2020-01-28T00:00:00.000Z,ev4n8h,ffttezc,CVE-2020-0601
3,2020-02-02T00:00:00.000Z,expanx,fgc036y,CVE-2020-0609
2,2020-02-03T00:00:00.000Z,ey4sar,fggjdc6,CVE-2020-0674
7,2020-02-04T00:00:00.000Z,eydtuc,fghc73l,CVE-2019-18988
1,2020-02-04T00:00:00.000Z,eyfkb4,fgifq4p,CVE-2016-9463
18,2020-02-11T00:00:00.000Z,f1zjf7,fh9eh8p,CVE-2020-0674
2,2020-02-11T00:00:00.000Z,f1zjf7,fhat5zb,CVE-2020-0674
3,2020-02-11T00:00:00.000Z,f1zjf7,fhbn003,CVE-2020-0674
4,2020-02-11T00:00:00.000Z,f1zjf7,fhbtmk3,CVE-2020-0674
3,2020-02-11T00:00:00.000Z,f1zjf7,fhc2e8r,CVE-2020-0689
3,2020-02-11T00:00:00.000Z,f1zjf7,fhc32on,CVE-2020-0674
49,2020-02-11T00:00:00.000Z,f1zjf7,fhc3qiv,CVE-2020-0688
2,2020-02-15T00:00:00.000Z,f3w6x5,fhomhiu,CVE-2019-18634
2,2020-02-15T00:00:00.000Z,f3w6x5,fhomuiz,cve-2019-0708
1,2020-02-22T00:00:00.000Z,f7algz,fietv27,cve-2020-1938
12,2020-02-24T00:00:00.000Z,f8rek2,fin00gc,CVE-2019-0708
7,2020-02-24T00:00:00.000Z,f8t8bc,finjya5,CVE-2019-18196
2,2020-02-24T00:00:00.000Z,f8t8bc,finvnpi,CVE-2019-11769
1,2020-02-24T00:00:00.000Z,f8t8bc,finzaqy,CVE-2019-18988
0,2020-02-24T00:00:00.000Z,f8t8bc,fio5o3w,CVE-2019-18196
1,2020-02-25T00:00:00.000Z,f8t8bc,fip3h8r,CVE-2019-18988
14,2020-02-25T00:00:00.000Z,f8t8bc,fipc2c2,CVE-2019-11769
11,2020-02-25T00:00:00.000Z,f9az5v,fiqqg0f,CVE-2020-0710
20,2020-02-26T00:00:00.000Z,f9phxs,fit5plf,CVE-2020-0688
1,2020-02-27T00:00:00.000Z,f9phxs,fiw8iwy,CVE-2020-0688
18,2020-02-28T00:00:00.000Z,faqlva,fj0la5m,CVE-2020-1938
2,2020-03-01T00:00:00.000Z,fbcxo6,fj5c71e,CVE-2019-19781
1,2020-03-02T00:00:00.000Z,fc9d6r,fj9d5qv,CVE-2020-0688
1,2020-03-03T00:00:00.000Z,fcitmf,fjbjlwv,CVE-2019-13053
1,2020-03-04T00:00:00.000Z,fd03hh,fjf31r0,cve-2020-0688
1,2020-03-09T00:00:00.000Z,feehqd,fk0mz3c,CVE-2020-0796
1,2020-03-10T00:00:00.000Z,ffux05,fk4qhxh,cve-2020-10189
115,2020-03-10T00:00:00.000Z,fgiiiy,fk4xlzj,CVE-2020-0796
22,2020-03-10T00:00:00.000Z,fgiiiy,fk53pes,CVE-2020-0796
98,2020-03-10T00:00:00.000Z,fgiiiy,fk53q3s,CVE-2020-0796
19,2020-03-10T00:00:00.000Z,fgiiiy,fk5503o,CVE-2020-0796
82,2020-03-10T00:00:00.000Z,fgiiiy,fk570w6,CVE-2020-0796
62,2020-03-10T00:00:00.000Z,fgiiiy,fk57lzz,CVE-2020-0796
5,2020-03-10T00:00:00.000Z,fgiiiy,fk5efor,CVE-2020-0796
1,2020-03-11T00:00:00.000Z,feehqd,fk7eqv7,CVE-2020-0796
1,2020-03-11T00:00:00.000Z,fglaoy,fk82h5y,cve-2020-10189
1,2020-03-12T00:00:00.000Z,fh538f,fkaf4yf,CVE-2020-0765
1,2020-03-12T00:00:00.000Z,fheisu,fkb68zr,CVE-2020-0609
5,2020-03-12T00:00:00.000Z,fg4lux,fkb9htp,CVE-2020-0796
3,2020-03-12T00:00:00.000Z,fg4lux,fkc19ge,CVE-2020-0796
1,2020-03-12T00:00:00.000Z,fhi4st,fkccjiq,CVE-2020-0796
1,2020-03-12T00:00:00.000Z,fgiiiy,fkclgn2,CVE-2020-0796
6,2020-03-18T00:00:00.000Z,fkhcza,fksq5b0,CVE-2020-0765
2,2020-03-22T00:00:00.000Z,fmh461,fl641iy,CVE-2020-0765
6,2020-03-25T00:00:00.000Z,fo8j0o,flff2dz,CVE-2019-19781
1,2020-03-25T00:00:00.000Z,fov34o,flhpcx1,CVE-2020-0612
1,2020-03-29T00:00:00.000Z,fr22lh,fltdlcr,CVE-2018-3646
1,2020-03-31T00:00:00.000Z,fs2d1a,flzybro,CVE-2019-0708
1,2020-03-31T00:00:00.000Z,fs2d1a,fm0cr1c,CVE-2019-06111
8,2020-03-31T00:00:00.000Z,fs2d1a,fm21bpf,CVE-2019-1226
6,2020-04-05T00:00:00.000Z,fuyxpt,fmgbz4u,CVE-2019-13450
1,2020-04-07T00:00:00.000Z,fwosoe,fmpxiiy,CVE-2020-0688
5,2020-04-14T00:00:00.000Z,g0uqta,fne5qx1,CVE-2020-0938
2,2020-04-14T00:00:00.000Z,g17nf7,fnev870,CVE-2019-13449
4,2020-04-14T00:00:00.000Z,g17nf7,fnfflhz,CVE-2017-3823
1,2020-04-15T00:00:00.000Z,g0xrjn,fnh1jio,cve-2020-3952
6,2020-04-15T00:00:00.000Z,g17nf7,fnhf0du,CVE-2018-15715
3,2020-04-16T00:00:00.000Z,g0uqta,fnlg448,CVE-2020-1020
1,2020-04-23T00:00:00.000Z,g6ridn,fod0n5l,CVE-2020-0688
2,2020-04-24T00:00:00.000Z,g7f6sp,fohptum,CVE-2019-1010259
6,2020-04-25T00:00:00.000Z,g7j3aq,fohztrq,CVE-2017-8563
2,2020-04-30T00:00:00.000Z,fyfs59,fp1izzd,cve-2020-3952
1,2020-05-14T00:00:00.000Z,ghzoop,fql643v,CVE-2020-1048
7,2020-06-10T00:00:00.000Z,h0m5q9,ftmyt7p,CVE-2020-1291
-1,2020-06-14T00:00:00.000Z,h8908w,furkwrp,cve-2017-11776
2,2020-06-18T00:00:00.000Z,hbm32g,fv9wq94,CVE-2017-8563
1,2020-06-19T00:00:00.000Z,hbe0n1,fvauenu,CVE-2020-11901
2,2020-06-19T00:00:00.000Z,hbe0n1,fvb88yh,CVE-2020-11896
1,2020-06-23T00:00:00.000Z,he8ok8,fvq4xbb,CVE-2018-0886
40,2020-06-27T00:00:00.000Z,hgrbgq,fw61nmx,CVE-2019-10690
1,2020-06-29T00:00:00.000Z,hht8jb,fweiivq,CVE-2014-6271
2,2020-06-29T00:00:00.000Z,hfmgde,fwepkkf,CVE-2019-0708
3,2020-07-01T00:00:00.000Z,hj8u0g,fwkzild,CVE-2020-1425
1,2020-07-01T00:00:00.000Z,hjb8zj,fwmawla,CVE-2020-1425
1,2020-07-02T00:00:00.000Z,hj8u0g,fwo2rls,CVE-2020-1425
2,2020-07-02T00:00:00.000Z,hj8u0g,fwp6qf7,CVE-2020-1425
2,2020-07-08T00:00:00.000Z,hmuztu,fxa47e2,CVE-2020-8193
13,2020-07-10T00:00:00.000Z,houg82,fxkb0jc,CVE-2020-2034
1,2020-07-12T00:00:00.000Z,hpi5yk,fxsqrkd,CVE-2020-2021
52,2020-07-14T00:00:00.000Z,hr2eav,fy1xmdo,CVE-2020-1350
259,2020-07-14T00:00:00.000Z,hr5dfe,fy1ydxb,CVE-2020-1350
21,2020-07-14T00:00:00.000Z,hr5dfe,fy2s3xx,CVE-2020-1350
2,2020-07-15T00:00:00.000Z,hr5dfe,fy4opbq,CVE-2020-1350
1,2020-07-15T00:00:00.000Z,hr5dfe,fy5gkc9,CVE-2020-1350
1,2020-07-15T00:00:00.000Z,hrq0mn,fy5pfhc,CVE-2020-1349
3,2020-07-15T00:00:00.000Z,hr2eav,fy6xx3w,CVE-2020-1350
1,2020-07-16T00:00:00.000Z,hsa0nt,fy9hlgd,cve-2020-1350
1,2020-07-17T00:00:00.000Z,hsp4dt,fyc15kg,CVE-2020-1350
1,2020-07-17T00:00:00.000Z,hsp4dt,fycrxlb,CVE-2020-1350
120,2020-07-17T00:00:00.000Z,ht181m,fye1kz7,CVE-2017-5521
-9,2020-07-17T00:00:00.000Z,ht46e5,fyen7ms,CVE-2020-1350
8,2020-07-20T00:00:00.000Z,huj0nd,fynsr79,CVE-2020-1350
1,2020-07-21T00:00:00.000Z,hr2eav,fyreyou,CVE-2020-1350
4,2020-07-22T00:00:00.000Z,hvdmwq,fyv5roe,CVE-2020-1350
9,2020-07-22T00:00:00.000Z,hvdmwq,fyv6b1i,CVE-2020-1350
1,2020-07-22T00:00:00.000Z,hvdmwq,fyvkl08,CVE-2020-1350
1,2020-07-27T00:00:00.000Z,hywvlc,fzgexnm,CVE-2019-0708
1,2020-07-27T00:00:00.000Z,hywvlc,fzghe08,CVE-2019-0708
1,2020-07-29T00:00:00.000Z,hrq0mn,fzn9302,CVE-2020-1349
4,2020-08-02T00:00:00.000Z,i1xauc,g023x5b,cve-2015-0942
3,2020-08-06T00:00:00.000Z,i46t3n,g0k0vl9,cve-2019-11510
73,2020-08-10T00:00:00.000Z,i73zsc,g0zob97,CVE-2020-13699
5,2020-08-10T00:00:00.000Z,i73zsc,g10gl23,CVE-2020-13699
50,2020-08-11T00:00:00.000Z,i7ljqo,g14ccvs,CVE-2020-1472
3,2020-08-11T00:00:00.000Z,i7ljqo,g14vb1o,CVE-2020-1472
115,2020-08-12T00:00:00.000Z,i7ljqo,g16xux2,CVE-2020-1472
4,2020-08-12T00:00:00.000Z,i7yh5d,g17aduz,CVE-2020-1472
3,2020-08-12T00:00:00.000Z,i7ljqo,g18xcng,CVE-2020-1472
5,2020-08-17T00:00:00.000Z,ibhumt,g1vsu1i,cve-2018-0886
4,2020-08-19T00:00:00.000Z,icd336,g236v0d,CVE-1234-5678
1,2020-08-19T00:00:00.000Z,icwdxq,g25ml1q,CVE-2020-1350
4,2020-08-20T00:00:00.000Z,idb95e,g28vjfm,CVE-2019-14615
37,2020-08-24T00:00:00.000Z,ifnwg8,g2pg4b9,CVE-2020-6109
1,2020-09-01T00:00:00.000Z,ikgt0r,g3lv4z8,CVE-2020-1472
20,2020-09-05T00:00:00.000Z,imq3xw,g449r4j,CVE-2019-12255
4,2020-09-05T00:00:00.000Z,imq3xw,g44bc48,CVE-2019-12255
6,2020-09-09T00:00:00.000Z,ionjq4,g4j8hs5,CVE-2020-16875
3,2020-09-14T00:00:00.000Z,isp1bp,g59jyj8,CVE-2020-1472
8,2020-09-14T00:00:00.000Z,isp1bp,g59llak,CVE-2020-1472
3,2020-09-14T00:00:00.000Z,isp1bp,g59o08n,CVE-2020-1472
12,2020-09-14T00:00:00.000Z,isp1bp,g59xz1t,CVE-2020-1472
21,2020-09-15T00:00:00.000Z,it9mon,g5d22c3,CVE-2020-1472
14,2020-09-15T00:00:00.000Z,it9mon,g5e0oq4,CVE-2020-1472
10,2020-09-15T00:00:00.000Z,it9mon,g5eyod1,CVE-2020-1472
1,2020-09-16T00:00:00.000Z,i7yh5d,g5ffqin,cve-2020-1472
15,2020-09-16T00:00:00.000Z,itpjaz,g5g20uj,CVE-2020-1472
2,2020-09-17T00:00:00.000Z,isp1bp,g5jipvc,cve-2020-1472
2,2020-09-17T00:00:00.000Z,its4ib,g5l8d5v,CVE-2020-1472
25,2020-09-18T00:00:00.000Z,iuxuga,g5oo99b,CVE-2018-15557
2,2020-09-18T00:00:00.000Z,iurmcg,g5pb0iw,CVE-2020-1472
0,2020-09-20T00:00:00.000Z,iw5bzv,g5x1bmk,CVE-2019-19781
53,2020-09-20T00:00:00.000Z,iwczvy,g5z4fi6,CVE-2020-1472
3,2020-09-20T00:00:00.000Z,iwczvy,g5zelp9,cve-2020-1472
11,2020-09-20T00:00:00.000Z,iweyp8,g5zzccs,CVE-2020-1472
10,2020-09-20T00:00:00.000Z,iwczvy,g6001yw,CVE-2020-1472
7,2020-09-20T00:00:00.000Z,iwczvy,g61l28c,CVE-2020-1472
4,2020-09-21T00:00:00.000Z,iwczvy,g623dod,CVE-2020-1472
1,2020-09-21T00:00:00.000Z,ix2vqt,g64r1m1,CVE-2020-1472
1,2020-09-21T00:00:00.000Z,isp1bp,g65rcf4,cve-2020-1472
2,2020-09-22T00:00:00.000Z,ixpglu,g68zcae,CVE-2020-1472
0,2020-09-23T00:00:00.000Z,iy1kgz,g6a6efq,CVE-2020-1472
16,2020-09-23T00:00:00.000Z,iy3rpn,g6azc3e,CVE-2020-1472
1,2020-09-23T00:00:00.000Z,iwczvy,g6b4kxg,CVE-2020-1472
1,2020-09-23T00:00:00.000Z,ixw222,g6d346s,CVE-2020-1472
4,2020-09-24T00:00:00.000Z,iyowpo,g6fo8fp,CVE-2020-1472
2,2020-09-25T00:00:00.000Z,izlczh,g6k1muo,CVE-2020-1472
2,2020-09-29T00:00:00.000Z,j1nrh6,g71jyqo,CVE-2020-1472
1,2020-09-29T00:00:00.000Z,j1y3oz,g72a4zy,CVE-2020-1472
2,2020-10-02T00:00:00.000Z,j3ld5h,g7cshmh,cve-2020-1472
28,2020-10-04T00:00:00.000Z,j4q4m2,g7maa13,CVE-2020-1472
2,2020-10-04T00:00:00.000Z,j4q4m2,g7o2jun,CVE-2020-1472
2,2020-10-04T00:00:00.000Z,j4q4m2,g7omycx,CVE-2019-1424
1,2020-10-05T00:00:00.000Z,j4q4m2,g7rsgxt,CVE-2020-1472
-1,2020-10-07T00:00:00.000Z,j67z7r,g7yckd8,CVE-2020-1472
5,2020-10-07T00:00:00.000Z,j6rgqz,g806or3,CVE-2020-0765
1,2020-10-07T00:00:00.000Z,j6u7ys,g80x6ja,CVE-2020-1472
2,2020-10-09T00:00:00.000Z,j7t8oo,g8793vn,CVE-2018-6981
47,2020-10-10T00:00:00.000Z,j8u68z,g8e0ep3,CVE-2020-1472
1,2020-10-11T00:00:00.000Z,j8u68z,g8fqohl,CVE-2020-1472
3,2020-10-11T00:00:00.000Z,j8u68z,g8fr2fo,CVE-2020-1472
1,2020-10-11T00:00:00.000Z,j8u68z,g8gxn1j,CVE-2020-1472
6,2020-10-11T00:00:00.000Z,j8u68z,g8gxuvv,CVE-2020-1472
1,2020-10-11T00:00:00.000Z,j8u68z,g8hoe6i,CVE-2020-1472
-1,2020-10-11T00:00:00.000Z,j8u68z,g8hohjy,CVE-2020-1472
0,2020-10-11T00:00:00.000Z,j8u68z,g8hoyrf,CVE-2020-1472
0,2020-10-11T00:00:00.000Z,j8u68z,g8hp3hr,CVE-2020-1472
2,2020-10-11T00:00:00.000Z,j8u68z,g8ic1dj,CVE-2018-13379
1,2020-10-12T00:00:00.000Z,j9qtcm,g8m18u0,CVE-2020-1472
1,2020-10-13T00:00:00.000Z,jadavv,g8ov9uc,CVE-2020-6963
24,2020-10-13T00:00:00.000Z,jadzeq,g8pu0ae,CVE-2020-16898
5,2020-10-13T00:00:00.000Z,jakajv,g8q6kkd,cve-2020-16898
14,2020-10-13T00:00:00.000Z,jampd7,g8qgsk2,CVE-2020-16898
1,2020-10-14T00:00:00.000Z,j8u4uw,g8rctoj,CVE-2016-0778
1,2020-10-14T00:00:00.000Z,jb2x1l,g8tvlay,CVE-2020-1472
2,2020-10-14T00:00:00.000Z,jampd7,g8u93df,CVE-2020-16898
7,2020-10-15T00:00:00.000Z,jadzeq,g8vjs7f,CVE-2020-16951
1,2020-10-15T00:00:00.000Z,jbima3,g8vu7gw,CVE-2020-16898
2,2020-10-16T00:00:00.000Z,jadzeq,g918ca8,CVE-2020-16947
3,2020-10-16T00:00:00.000Z,jadzeq,g91uu9b,CVE-2020-1472
7,2020-10-18T00:00:00.000Z,jdh29g,g986134,CVE-2020-1425
15,2020-10-18T00:00:00.000Z,jdh29g,g98ati7,CVE-2020-17022
6,2020-10-18T00:00:00.000Z,jdh29g,g99m70w,CVE-2020-17022
-6,2020-10-19T00:00:00.000Z,jdh29g,g9apffg,CVE-2020-1472
2,2020-10-19T00:00:00.000Z,jdx22n,g9blbmw,CVE-2017-14495
1,2020-10-19T00:00:00.000Z,je2tau,g9ce0ej,CVE-2020-1472
1,2020-10-19T00:00:00.000Z,je2tau,g9chuh7,CVE-2020-1472
3,2020-10-21T00:00:00.000Z,jfb79x,g9kusv3,CVE-2020-3118
8,2020-10-22T00:00:00.000Z,jfowpg,g9mzpzm,CVE-2020-16952
1,2020-10-30T00:00:00.000Z,jkp22s,galy22p,CVE-2020-14882
3,2020-10-30T00:00:00.000Z,jkp22s,gamehjk,CVE-2020-14882
2,2020-11-05T00:00:00.000Z,jnvw2m,gb8xj1u,CVE-2018-3646
4,2020-11-10T00:00:00.000Z,jrflat,gbt8r5v,CVE-2020-1698
2,2020-11-10T00:00:00.000Z,jrflat,gbtuj8w,CVE-2020-17087
2,2020-11-10T00:00:00.000Z,jrflat,gbvb071,cve-2020-17051
7,2020-11-13T00:00:00.000Z,jrflat,gc5ceah,CVE-2020-17049
1,2020-11-16T00:00:00.000Z,juuwpc,gcg5qq3,CVE-2019-9160
9,2020-11-17T00:00:00.000Z,jvvp4r,gcmeuln,CVE-2020-17049
1,2020-11-20T00:00:00.000Z,jxs0m9,gcyq69q,CVE-2020-17049
1,2020-11-21T00:00:00.000Z,jrflat,gd0qvad,CVE-2020-17049
3,2020-11-21T00:00:00.000Z,jy5jj1,gd0v7d8,CVE-2020-17049
1,2020-12-09T00:00:00.000Z,k9dix9,gf78wge,cve-2020-4006
1,2020-12-10T00:00:00.000Z,ka3r53,gfb5akb,CVE-2020-1048
36,2020-12-16T00:00:00.000Z,kebhgj,gg1omqh,CVE-2020-9399
13,2020-12-19T00:00:00.000Z,keyis3,ggecndz,CVE-2020-4006
2,2021-01-05T00:00:00.000Z,kqrc3z,gi6jehn,CVE-2017-12542
13,2021-01-12T00:00:00.000Z,kvwtvk,gj1tvnx,cve-2021-1678
10,2021-01-13T00:00:00.000Z,kvwtvk,gj3oxpm,CVE-2020-0689
6,2021-01-14T00:00:00.000Z,kvwtvk,gj7lf5v,CVE-2021-1678
3,2021-01-14T00:00:00.000Z,kvwtvk,gj83nje,CVE-2021-1678
7,2021-01-15T00:00:00.000Z,kxwdt2,gjdbblh,CVE-2017-0144
1,2021-01-16T00:00:00.000Z,kxw2fs,gjf6v31,CVE-2018-20252
24,2021-01-17T00:00:00.000Z,kysqsc,gjj321f,CVE-2020-1472
72,2021-01-17T00:00:00.000Z,kysqsc,gjjwbv8,CVE-2020-1472
9,2021-01-17T00:00:00.000Z,kysqsc,gjk1lh2,CVE-2008-0166
13,2021-01-17T00:00:00.000Z,kysqsc,gjm68rw,CVE-2020-1472
13,2021-01-17T00:00:00.000Z,kysqsc,gjm95qv,CVE-2020-1472
2,2021-01-17T00:00:00.000Z,kysqsc,gjmk9ty,CVE-2020-1472
2,2021-01-18T00:00:00.000Z,kzr4l8,gjpidwx,CVE-2020-1472
1,2021-01-19T00:00:00.000Z,kysqsc,gjti8ca,CVE-2020-1472
1,2021-01-19T00:00:00.000Z,l0gdri,gju9c1m,CVE-2020-1472
3,2021-01-27T00:00:00.000Z,l5paq9,gkxl9xw,cve-2021-3156
8,2021-01-27T00:00:00.000Z,l6b613,gkzfu8g,CVE-2021-3156
2,2021-01-27T00:00:00.000Z,l6bdpw,gkzoaqt,CVE-2020-1472
1,2021-01-28T00:00:00.000Z,l6bdpw,gl2e39z,CVE-2020-1472
2,2021-01-28T00:00:00.000Z,l73k1g,gl5tj5a,cve-2020-1472
1,2021-01-29T00:00:00.000Z,l7z4vh,gl9p3hp,cve-2020-1472
4,2021-01-30T00:00:00.000Z,l8qabr,glew6h4,cve-2021-3156
7,2021-02-02T00:00:00.000Z,laul05,glqh78k,cve-2020-1472
1,2021-02-03T00:00:00.000Z,lbviia,glx4m5n,cve-2020-1472
2,2021-02-04T00:00:00.000Z,lcjp7t,gm0xggd,cve-2020-1472
1,2021-02-04T00:00:00.000Z,lcfxuo,gm19xi4,cve-2020-0688
1,2021-02-04T00:00:00.000Z,lcfxuo,gm1alzq,cve-2020-0688
1,2021-02-05T00:00:00.000Z,iwykuh,gm52hg9,CVE-2020-1472
6,2021-02-08T00:00:00.000Z,lfi15m,gmlx1th,CVE-2020-1472
1,2021-02-09T00:00:00.000Z,lfrsl7,gmo5ex4,cve-2020-1472
12,2021-02-09T00:00:00.000Z,lfxqni,gmogarb,cve-2020-1472
2,2021-02-09T00:00:00.000Z,lg41kx,gmp5hni,cve-2020-1472
80,2021-02-09T00:00:00.000Z,lgcbxu,gmqjw8p,cve-2020-1472
12,2021-02-09T00:00:00.000Z,lgcbxu,gmqqprl,CVE-2021-24078
8,2021-02-09T00:00:00.000Z,lgcbxu,gmqrafj,CVE-2017-8563
1,2021-02-10T00:00:00.000Z,lg9hh8,gmt1708,CVE-2021-1732
1,2021-02-10T00:00:00.000Z,lg9hh8,gmt1862,CVE-2021-1732
2,2021-02-10T00:00:00.000Z,lgcbxu,gmtalvs,CVE-2020-1472
1,2021-02-10T00:00:00.000Z,lgcbxu,gmvn5wk,CVE-2020-1472
0,2021-02-11T00:00:00.000Z,lhpwxk,gmyvwux,CVE-2020-0765
0,2021-02-16T00:00:00.000Z,llc7j1,gnomcpt,CVE-2020-1472
2,2021-02-16T00:00:00.000Z,llc7j1,gnoobsq,cve-2020-1472
5,2021-02-18T00:00:00.000Z,lmrknz,gnxixl2,CVE-2020-1472
1,2021-02-19T00:00:00.000Z,lnk4us,go0x9sc,CVE-2020-0765
1,2021-02-22T00:00:00.000Z,lpy8wi,godqsh7,cve-2020-1472
1,2021-02-24T00:00:00.000Z,lrbz1j,goks7s9,cve-2020-1472
0,2021-02-24T00:00:00.000Z,lr8t2i,golg8m5,CVE-2017-8503
1,2021-02-28T00:00:00.000Z,lsgu85,gp3pfag,CVE-2020-1300
1,2021-02-28T00:00:00.000Z,ltomo0,gp5mje6,CVE-2021-21972
2,2021-03-02T00:00:00.000Z,lwah3d,gpgljnh,CVE-2021-24085
24,2021-03-02T00:00:00.000Z,lwcnkn,gpgp64g,CVE-2021-26855
51,2021-03-03T00:00:00.000Z,lwcnkn,gphew3f,CVE-2021-26855
8,2021-03-03T00:00:00.000Z,lwcnkn,gphijqm,CVE-2021-26855
19,2021-03-03T00:00:00.000Z,lwcnkn,gpi5tjg,CVE-2021-26855
3,2021-03-03T00:00:00.000Z,lwcnkn,gpilyuc,CVE-2021-26855
1,2021-03-03T00:00:00.000Z,lwcnkn,gpin7yt,CVE-2021-26855
3,2021-03-03T00:00:00.000Z,lwcnkn,gpjarcr,CVE-2021-27065
5,2021-03-03T00:00:00.000Z,lwcnkn,gpjkayt,CVE-2021-27065
1,2021-03-03T00:00:00.000Z,lwcnkn,gpkz6j4,CVE-2021-26855
2,2021-03-04T00:00:00.000Z,lwcnkn,gpnbx4z,CVE-2021-26855
0,2021-03-05T00:00:00.000Z,lxhhvf,gpr4rue,CVE-2020-1171
4,2021-03-05T00:00:00.000Z,lyiltc,gpta1xb,CVE-2021-26855
2,2021-03-05T00:00:00.000Z,lyiltc,gptniai,CVE-2021-26855
3,2021-03-06T00:00:00.000Z,lyl1xb,gpvacv2,cve-2021-27065
1,2021-03-06T00:00:00.000Z,lwcnkn,gpzd7k0,CVE-2021-26855
2,2021-03-06T00:00:00.000Z,lyiltc,gpzlslz,cve-2021-26855
23,2021-03-06T00:00:00.000Z,lz8or5,gq0ocqd,CVE-2021-26855
5,2021-03-06T00:00:00.000Z,lz8or5,gq0qh9q,CVE-2021-26855
1,2021-03-07T00:00:00.000Z,lycbxx,gq32w4f,CVE-2021-26855
18,2021-03-07T00:00:00.000Z,lzogj5,gq3at4c,CVE-2021-27065
12,2021-03-07T00:00:00.000Z,lzogj5,gq3crpi,cve-2021-26855
21,2021-03-07T00:00:00.000Z,lzogj5,gq3ooxg,CVE-2021-26855
1,2021-03-07T00:00:00.000Z,lz5m21,gq3zk4v,CVE-2021-26855
4,2021-03-07T00:00:00.000Z,lzogj5,gq48t0j,CVE-2021-26855
2,2021-03-07T00:00:00.000Z,lz5m21,gq49vml,CVE-2021-26857
4,2021-03-07T00:00:00.000Z,lzjqk9,gq4ub6i,CVE-2021-26855
4,2021-03-07T00:00:00.000Z,lz1jp4,gq4vj47,CVE-2021-27065
3,2021-03-07T00:00:00.000Z,lz65y4,gq4yvtz,CVE-2021-26855
17,2021-03-07T00:00:00.000Z,lzw5y5,gq52639,CVE-2021-26855
3,2021-03-07T00:00:00.000Z,lzogj5,gq5fl3d,CVE-2021-26855
2,2021-03-08T00:00:00.000Z,lz1jp4,gq5mj3c,CVE-2021-26857
1,2021-03-08T00:00:00.000Z,lzxfip,gq8341r,CVE-2021-26855
1,2021-03-08T00:00:00.000Z,lzjqk9,gq83twt,CVE-2021-26855
29,2021-03-08T00:00:00.000Z,m0gp6r,gq84duk,CVE-2021-26855
2,2021-03-08T00:00:00.000Z,m0hnjz,gq88mtg,CVE-2021-26855
2,2021-03-08T00:00:00.000Z,m0dyzh,gq8iqxv,CVE-2021-26855
-1,2021-03-08T00:00:00.000Z,m0lxot,gq8krtd,CVE-2021-26855
1,2021-03-08T00:00:00.000Z,m0lxot,gq8o5yy,Cve-2021-26855
2,2021-03-08T00:00:00.000Z,m0dyzh,gq8si02,CVE-2021-27065
6,2021-03-08T00:00:00.000Z,m0mk8g,gq92kgc,CVE-2021-27065
4,2021-03-08T00:00:00.000Z,m0mk8g,gq9aauf,CVE-2021-27065
1,2021-03-09T00:00:00.000Z,lzjqk9,gqbkt1y,CVE-2021-26855
1,2021-03-09T00:00:00.000Z,lzogj5,gqbnv5e,CVE-2021-26855
4,2021-03-09T00:00:00.000Z,m0z90n,gqdi8h6,CVE-2021-26902
2,2021-03-09T00:00:00.000Z,m0xflh,gqdotbz,CVE-2021-26855
2,2021-03-09T00:00:00.000Z,m16y8m,gqduggu,CVE-2021-26857
6,2021-03-10T00:00:00.000Z,m0z90n,gqf7dga,CVE-2021-27077
1,2021-03-10T00:00:00.000Z,m0z90n,gqgddew,CVE-2021-26411
1,2021-03-10T00:00:00.000Z,lyrxyv,gqgp3l8,CVE-2021-26857
1,2021-03-10T00:00:00.000Z,m1jkuz,gqgq3qo,CVE-2021-1640
1,2021-03-11T00:00:00.000Z,m22hl7,gqkby0q,CVE-2021-27065
1,2021-03-11T00:00:00.000Z,m22hl7,gqkcpfu,CVE-2021-27065
345,2021-03-11T00:00:00.000Z,m2prtj,gql36w3,CVE-2021-34527
6,2021-03-11T00:00:00.000Z,m2prtj,gql8bi6,CVE-2020-1350
1,2021-03-11T00:00:00.000Z,lwcnkn,gqlqypo,cve-2021-26855
1,2021-03-11T00:00:00.000Z,m2prtj,gqm75es,CVE-2021-24078
7,2021-03-12T00:00:00.000Z,m2prtj,gqmvi9i,CVE-2021-3156
5,2021-03-12T00:00:00.000Z,m2prtj,gqn077a,CVE-2021-3156
1,2021-03-12T00:00:00.000Z,m2prtj,gqn4smt,CVE-2021-26877
2,2021-03-12T00:00:00.000Z,m0z90n,gqo1fir,CVE-2021-26897
1,2021-03-12T00:00:00.000Z,lwseqr,gqp3xyx,CVE-2021-21166
1,2021-03-12T00:00:00.000Z,m3nbkj,gqqtpjq,CVE-2021-26877
1,2021-03-12T00:00:00.000Z,m2prtj,gqqvmuv,CVE-2020-28188
3,2021-03-14T00:00:00.000Z,m4dsk7,gquny49,CVE-2021-26855
2,2021-03-14T00:00:00.000Z,m2prtj,gqussxw,CVE-2021-24078
41,2021-03-14T00:00:00.000Z,m4i3xu,gqutxt3,cve-2021-27365
15,2021-03-14T00:00:00.000Z,m4i3xu,gquxtzp,cve-2021-27365
2,2021-03-15T00:00:00.000Z,m5j818,gr0wti6,CVE-2021-1640
7,2021-03-16T00:00:00.000Z,m6az8v,gr5dmtb,CVE-2019-1107
1,2021-03-18T00:00:00.000Z,m7yyo6,greqqkg,Cve-2021-26855
1,2021-03-24T00:00:00.000Z,mbyo0t,gs28mmr,CVE-2021-27065
1,2021-03-25T00:00:00.000Z,lwcnkn,gs74ocj,CVE-2021-26855
6,2021-03-25T00:00:00.000Z,md1bd1,gs7itnn,CVE-2021-3450
2,2021-04-01T00:00:00.000Z,mhe53h,gt1d90s,CVE-2021-26855
18,2021-04-02T00:00:00.000Z,mir4rx,gt64dvs,CVE-2018-13379
1,2021-04-08T00:00:00.000Z,mlyszg,gtr1whp,CVE-2021-3449
1,2021-04-08T00:00:00.000Z,mmp70q,gtsrfyp,CVE-2021-26855
31,2021-04-13T00:00:00.000Z,mpune3,guekd51,CVE-2021-28480
-1,2021-04-20T00:00:00.000Z,muadgf,gv5p5fj,cve-2020-12271
18,2021-04-21T00:00:00.000Z,mvnv9s,gvdi20j,CVE-2020-36195
24,2021-04-28T00:00:00.000Z,n02iog,gw4vlah,CVE-2021-20271
3,2021-05-05T00:00:00.000Z,n4qzz5,gx1g7ic,cve-2021-21551
6,2021-05-05T00:00:00.000Z,n5fobw,gx26j1u,CVE-2020-28014
6,2021-05-05T00:00:00.000Z,n4qzz5,gx2tll7,cve-2021-21551
4,2021-05-11T00:00:00.000Z,n9obtj,gxrwsls,CVE-2021-31166
6,2021-05-11T00:00:00.000Z,na5jtc,gxs8ixi,CVE-2021-31207
12,2021-05-19T00:00:00.000Z,ng49yv,gyot4xm,CVE-2021-31166
2,2021-05-19T00:00:00.000Z,ng49yv,gyqbqhi,CVE-2021-31166
3,2021-05-21T00:00:00.000Z,n9obtj,gyy4xg7,CVE-2020-17049
2,2021-05-25T00:00:00.000Z,nk5l5o,gzcxrql,CVE-2017-7240
2,2021-05-26T00:00:00.000Z,nlrrrp,gzklsjq,CVE-2019-0708
1,2021-06-01T00:00:00.000Z,nobkq0,h06b717,CVE-2021-1730
12,2021-06-04T00:00:00.000Z,nsc9yk,h0m8pw2,cve-2020-1472
4,2021-06-09T00:00:00.000Z,nvvwsh,h1632h3,CVE-2021-33742
11,2021-06-09T00:00:00.000Z,nuvt4i,h17bykw,CVE-2021-26414
6,2021-06-11T00:00:00.000Z,nuvt4i,h1fg60f,CVE-2021-31958
1,2021-06-11T00:00:00.000Z,nuvt4i,h1g1r3c,CVE-2021-26414
4,2021-06-11T00:00:00.000Z,nuvt4i,h1g6psd,cve-2021-26414
4,2021-06-12T00:00:00.000Z,ny10zy,h1i0tqo,CVE-2021-31166
2,2021-06-22T00:00:00.000Z,o5li24,h2p1qo6,CVE-2017-7923
3,2021-06-25T00:00:00.000Z,o7gphq,h306tel,CVE-2018-18472
3,2021-06-30T00:00:00.000Z,oanv72,h3k7iu1,cve-2021-1675
2,2021-06-30T00:00:00.000Z,oanv72,h3kxj8i,CVE-2021-1675
1,2021-06-30T00:00:00.000Z,oanv72,h3l1wja,cve-2021-1675
7,2021-06-30T00:00:00.000Z,oaxwqu,h3lan7b,cve-2021-1675
1,2021-06-30T00:00:00.000Z,oaxwqu,h3ljrvm,cve-2021-1675
95,2021-06-30T00:00:00.000Z,ob4s06,h3lrcvt,CVE-2021-1675
3,2021-06-30T00:00:00.000Z,ob52fh,h3m0ie8,CVE-2021-1675
1,2021-06-30T00:00:00.000Z,ob52fh,h3m40b5,CVE-2021-1675
10,2021-06-30T00:00:00.000Z,ob4s06,h3m646i,CVE-2021-1675
44,2021-06-30T00:00:00.000Z,ob4s06,h3ma04x,cve-2021-1675
2,2021-07-01T00:00:00.000Z,ob4s06,h3o6jcg,cve-2021-1675
11,2021-07-01T00:00:00.000Z,ob4s06,h3o7cxt,CVE-2021-1675
8,2021-07-01T00:00:00.000Z,ob4s06,h3o9bie,CVE-2021-1675
2,2021-07-01T00:00:00.000Z,ob4s06,h3oo2o0,cve-2021-1675
8,2021-07-01T00:00:00.000Z,ob4s06,h3ootou,cve-2021-1675
3,2021-07-01T00:00:00.000Z,ob4s06,h3p3uud,cve-2021-1675
1,2021-07-01T00:00:00.000Z,ob4s06,h3p5ogf,CVE-2021-1675
1,2021-07-01T00:00:00.000Z,ob4s06,h3pivgl,CVE-2021-1675
2,2021-07-01T00:00:00.000Z,obs04t,h3pnn6c,cve-2021-1675
3,2021-07-02T00:00:00.000Z,obubp1,h3rf8dt,cve-2021-1675
1,2021-07-02T00:00:00.000Z,ob4s06,h3rnm6p,CVE-2021-34527
2,2021-07-02T00:00:00.000Z,obubp1,h3rptg1,cve-2021-1675
2,2021-07-02T00:00:00.000Z,ob4s06,h3rui87,CVE-2021-34527
2,2021-07-02T00:00:00.000Z,ob4s06,h3ruiiq,CVE-2021-34527
1,2021-07-02T00:00:00.000Z,ob4s06,h3ruj8r,CVE-2021-34527
1,2021-07-02T00:00:00.000Z,ob4s06,h3rujmm,CVE-2021-34527
1,2021-07-02T00:00:00.000Z,ob4s06,h3ruk1z,CVE-2021-34527
2,2021-07-02T00:00:00.000Z,ob4s06,h3rulnx,CVE-2021-34527
1,2021-07-02T00:00:00.000Z,ob4s06,h3rum9d,CVE-2021-34527
1,2021-07-02T00:00:00.000Z,ob4s06,h3runf7,CVE-2021-34527
3,2021-07-02T00:00:00.000Z,ob4s06,h3ruq27,CVE-2021-34527
1,2021-07-02T00:00:00.000Z,ob4s06,h3rurj0,CVE-2021-34527
1,2021-07-02T00:00:00.000Z,ob4s06,h3rus9d,CVE-2021-34527
1,2021-07-02T00:00:00.000Z,ob4s06,h3ruv8i,CVE-2021-34527
2,2021-07-02T00:00:00.000Z,ob4s06,h3rux1i,CVE-2021-34527
1,2021-07-02T00:00:00.000Z,ob4s06,h3ruxf6,CVE-2021-34527
1,2021-07-02T00:00:00.000Z,ob4s06,h3ruzba,CVE-2021-34527
1,2021-07-02T00:00:00.000Z,ob4s06,h3rv4pq,CVE-2021-34527
1,2021-07-02T00:00:00.000Z,ob4s06,h3rvfem,CVE-2021-34527
2,2021-07-02T00:00:00.000Z,ob4s06,h3rvigo,CVE-2021-34527
1,2021-07-02T00:00:00.000Z,ob4s06,h3rvnaz,CVE-2021-34527
1,2021-07-02T00:00:00.000Z,oc43qn,h3s0c2l,cve-2021-1675
6,2021-07-02T00:00:00.000Z,ob4s06,h3s4o53,CVE-2021-34527
6,2021-07-02T00:00:00.000Z,oc6cpp,h3t1g9m,cve-2021-1675
10,2021-07-02T00:00:00.000Z,oc6cpp,h3t43ed,cve-2021-1675
2,2021-07-02T00:00:00.000Z,ob4s06,h3t5rmy,CVE-2021-34527
10,2021-07-02T00:00:00.000Z,occa9m,h3thbqk,CVE-2021-34527
2,2021-07-02T00:00:00.000Z,ocbmbg,h3tl1h8,cve-2021-1675
2,2021-07-02T00:00:00.000Z,occa9m,h3tu1oq,CVE-2021-34527
2,2021-07-02T00:00:00.000Z,ocdcc6,h3tv9ip,CVE-2021-34527
7,2021-07-02T00:00:00.000Z,ocezbt,h3uaigj,CVE-2021-34527
4,2021-07-02T00:00:00.000Z,occ9by,h3uk8t8,CVE-2021-1645
1,2021-07-02T00:00:00.000Z,occ9by,h3ukokh,CVE-2021-34527
1,2021-07-02T00:00:00.000Z,occ9by,h3v82z7,CVE-2021-34527
1,2021-07-03T00:00:00.000Z,ob4s06,h3v97i4,CVE-2021-34527
40,2021-07-03T00:00:00.000Z,ocm6lv,h3vgzty,CVE-2021-34527
30,2021-07-03T00:00:00.000Z,ocm6lv,h3vjtov,cve-2021-1675
3,2021-07-03T00:00:00.000Z,ocdts0,h3vvbn5,CVE-2021-34527
2,2021-07-03T00:00:00.000Z,ocdts0,h3vxg05,cve-2021-1675
-5,2021-07-03T00:00:00.000Z,ocn2q7,h3wljj2,CVE-2021-34527
3,2021-07-03T00:00:00.000Z,ocn2q7,h3y50jd,CVE-2021-34527
15,2021-07-04T00:00:00.000Z,odpi42,h41t016,cve-2021-1675
1,2021-07-05T00:00:00.000Z,odpi42,h43lkio,CVE-2021-34527
2,2021-07-05T00:00:00.000Z,ob4s06,h43ypk2,CVE-2021-1675
2,2021-07-05T00:00:00.000Z,odsj07,h446v8u,CVE-2021-34527
5,2021-07-06T00:00:00.000Z,oeungp,h495wc2,CVE-2021-30116
4,2021-07-06T00:00:00.000Z,of12xl,h49lnvw,CVE-2021-34527
2,2021-07-06T00:00:00.000Z,nuvt4i,h4aa7e2,CVE-2021-34527
38,2021-07-06T00:00:00.000Z,of4gcb,h4ad66x,CVE-2021-1765
1,2021-07-07T00:00:00.000Z,of4gcb,h4c2hod,CVE-2021-34527
1,2021-07-07T00:00:00.000Z,of4gjk,h4cirvy,CVE-2021-34527
2,2021-07-07T00:00:00.000Z,oflbny,h4e2lge,CVE-2021-34527
1,2021-07-07T00:00:00.000Z,ofrtpe,h4eck7k,CVE-2021-34527
2,2021-07-07T00:00:00.000Z,of4gcb,h4egypr,CVE-2021-34527
1,2021-07-07T00:00:00.000Z,of4gjk,h4enl4e,CVE-2021-34527
6,2021-07-08T00:00:00.000Z,ofplh2,h4f3r3u,CVE-2021-34527
12,2021-07-08T00:00:00.000Z,ofpzp7,h4fi6u9,CVE-2016-3238
3,2021-07-08T00:00:00.000Z,ofplh2,h4flfhv,CVE-2021-34527
5,2021-07-08T00:00:00.000Z,ofxb0a,h4fvdk4,CVE-2021-34527
7,2021-07-08T00:00:00.000Z,og2ogi,h4ga4cp,cve-2021-1675
1,2021-07-08T00:00:00.000Z,m2prtj,h4gbscy,CVE-2021-34527
58,2021-07-08T00:00:00.000Z,og3ja3,h4gk845,CVE-2021-34527
4,2021-07-08T00:00:00.000Z,og3ja3,h4gptnj,cve-2021-1675
4,2021-07-08T00:00:00.000Z,og3ja3,h4gsale,CVE-2021-34527
23,2021-07-08T00:00:00.000Z,og3ja3,h4gt5lc,cve-2021-1675
5,2021-07-08T00:00:00.000Z,og3ja3,h4gvcer,CVE-2021-34527
2,2021-07-08T00:00:00.000Z,og3ja3,h4gwgfo,cve-2021-1675
1,2021-07-08T00:00:00.000Z,og6x0m,h4gxbdi,cve-2021-1675
2,2021-07-08T00:00:00.000Z,og3ja3,h4h7aqa,cve-2021-1675
2,2021-07-08T00:00:00.000Z,og3ja3,h4h9h3f,cve-2021-1675
1,2021-07-08T00:00:00.000Z,og3ja3,h4hphxo,CVE-2021-34527
1,2021-07-08T00:00:00.000Z,og87to,h4hrbat,cve-2021-1675
2,2021-07-08T00:00:00.000Z,of4gjk,h4hz6pl,cve-2021-34527
1,2021-07-08T00:00:00.000Z,ofu1h7,h4hz9lp,cve-2021-34527
1,2021-07-08T00:00:00.000Z,of4gjk,h4hzxt7,cve-2021-1675
1,2021-07-08T00:00:00.000Z,og3ja3,h4iefn8,cve-2021-1675
1,2021-07-08T00:00:00.000Z,og3ja3,h4iyaj4,CVE-2021-34527
3,2021-07-09T00:00:00.000Z,ogxd7m,h4lomro,cve-2021-34527
3,2021-07-09T00:00:00.000Z,ogyg3s,h4lrz7m,cve-2021-1675
2,2021-07-10T00:00:00.000Z,oh5s43,h4pc2pt,cve-2021-34527
8,2021-07-11T00:00:00.000Z,oi98ce,h4u7kti,CVE-2021-34527
5,2021-07-12T00:00:00.000Z,oi98ce,h4v6hom,CVE-2021-34527
1,2021-07-12T00:00:00.000Z,oiocv5,h4wqjnr,CVE-2021-34527
7,2021-07-12T00:00:00.000Z,oip99a,h4wsiph,CVE-2021-34527
13,2021-07-13T00:00:00.000Z,ojfl7d,h51bihj,CVE-2021-34527
4,2021-07-13T00:00:00.000Z,ojfl7d,h521p3i,CVE-2021-34527
1,2021-07-13T00:00:00.000Z,oj7r7v,h52io61,CVE-2021-34527
6,2021-07-13T00:00:00.000Z,oj7r7v,h52kst6,CVE-2021-34458
4,2021-07-13T00:00:00.000Z,oj7r7v,h5324af,cve-2020-17049
5,2021-07-13T00:00:00.000Z,oj7r7v,h534s7f,cve-2021-33757
5,2021-07-13T00:00:00.000Z,ojpmyr,h535xcf,CVE-2021-31196
1,2021-07-14T00:00:00.000Z,ojvcqn,h54n5m7,CVE-2021-34527
1,2021-07-15T00:00:00.000Z,oj7r7v,h58lsla,CVE-2021-34448
8,2021-07-15T00:00:00.000Z,okv31q,h5ah91e,CVE-2021-34527
2,2021-07-16T00:00:00.000Z,ol548t,h5djrny,CVE-2021-34527
2,2021-07-16T00:00:00.000Z,ol548t,h5dwus0,CVE-2021-34527
2,2021-07-16T00:00:00.000Z,oj7r7v,h5e6v90,CVE-2021-34527
5,2021-07-16T00:00:00.000Z,olqfpo,h5gc979,CVE-2021-34527
1,2021-07-16T00:00:00.000Z,olqfpo,h5gd1qb,cve-2021-34481
1,2021-07-18T00:00:00.000Z,om1xqs,h5kude1,CVE-2021-34527
1,2021-07-18T00:00:00.000Z,om1xqs,h5lsajz,CVE-2021-34527
1,2021-07-18T00:00:00.000Z,omvi77,h5oybbf,cve-2020-17049
2,2021-07-19T00:00:00.000Z,onaprb,h5qi1b1,CVE-2021-34527
2,2021-07-19T00:00:00.000Z,onfc5j,h5sm6bt,cve-2021-1675
1,2021-07-20T00:00:00.000Z,onaprb,h5uwzm0,CVE-2021-34527
1,2021-07-20T00:00:00.000Z,onfc5j,h5vtzsj,cve-2021-1675
2,2021-07-20T00:00:00.000Z,onz8jv,h5xn5jx,CVE-2021-33910
3,2021-07-21T00:00:00.000Z,onr5c2,h5ywofi,CVE-2021-36934
2,2021-07-21T00:00:00.000Z,onr5c2,h5zbz8v,CVE-2021-36934
4,2021-07-21T00:00:00.000Z,oo6bpr,h5zg3gr,CVE-2021-36934
1,2021-07-21T00:00:00.000Z,onr5c2,h5zncsu,CVE-2021-36934
21,2021-07-21T00:00:00.000Z,ooldm1,h6045g6,CVE-2021-33909
1,2021-07-21T00:00:00.000Z,oosrwf,h60m80c,CVE-2021-33909
10,2021-07-22T00:00:00.000Z,oopkwx,h64bks0,CVE-2021-36934
1,2021-07-23T00:00:00.000Z,oopkwx,h69nbxq,CVE-2021-36934
1,2021-07-27T00:00:00.000Z,osjnna,h6pm7b2,cve-2021-36934
1,2021-07-27T00:00:00.000Z,osjnna,h6pm7ln,cve-2021-36934
7,2021-07-27T00:00:00.000Z,osjnna,h6pmbt8,cve-2021-36934
12,2021-07-29T00:00:00.000Z,otl76s,h6wnvj8,CVE-2021-33910
1,2021-07-29T00:00:00.000Z,otix5q,h6wy3oh,CVE-2016-3238
23,2021-07-29T00:00:00.000Z,ou8x47,h70rdmz,CVE-2021-34470
5,2021-08-02T00:00:00.000Z,owa1e5,h7eoa3t,CVE-2016-0718
7,2021-08-05T00:00:00.000Z,ou8x47,h7ukx7n,CVE-2021-34470
1,2021-08-07T00:00:00.000Z,owh8qs,h819xq0,CVE-2021-34470
94,2021-08-08T00:00:00.000Z,p07c74,h84spfb,CVE-2021-1675
9,2021-08-10T00:00:00.000Z,p1hmwi,h8fm04r,CVE-2021-34481
9,2021-08-10T00:00:00.000Z,p1hmwi,h8fxshp,CVE-2021-34535
3,2021-08-11T00:00:00.000Z,p1hmwi,h8h5oss,cve-2021-34481
44,2021-08-11T00:00:00.000Z,p1hmwi,h8haddq,cve-2021-34481
6,2021-08-11T00:00:00.000Z,p1hmwi,h8iy01c,CVE-2021-36949
7,2021-08-11T00:00:00.000Z,p1hmwi,h8jvb8e,cve-2021-34481
1,2021-08-11T00:00:00.000Z,p2a36n,h8kebqy,cve-2021-34481
19,2021-08-12T00:00:00.000Z,p2qlb4,h8lzkos,CVE-2021-1675
4,2021-08-12T00:00:00.000Z,p2h6gp,h8m4kt7,CVE-2021-34527
7,2021-08-12T00:00:00.000Z,p1hmwi,h8nad6m,CVE-2021-36958
5,2021-08-12T00:00:00.000Z,p2sy8p,h8nodug,CVE-2021-36958
2,2021-08-12T00:00:00.000Z,p1hmwi,h8nxbes,cve-2021-34481
1,2021-08-12T00:00:00.000Z,p1v2sm,h8o4w5i,cve-2021-34481
19,2021-08-12T00:00:00.000Z,p1hmwi,h8oa25u,cve-2021-34481
6,2021-08-12T00:00:00.000Z,p3af85,h8pnu1d,cve-2021-34481
3,2021-08-12T00:00:00.000Z,p3af85,h8pwuc1,cve-2021-34481
3,2021-08-13T00:00:00.000Z,ou8x47,h8q6by1,cve-2021-34470
3,2021-08-13T00:00:00.000Z,p2h6gp,h8qf0gr,CVE-2021-34481
4,2021-08-13T00:00:00.000Z,p2h6gp,h8s1eyw,cve-2021-34481
5,2021-08-13T00:00:00.000Z,p1hmwi,h8t4bdr,CVE-2021-36934
3,2021-08-13T00:00:00.000Z,p3d23l,h8tmpkl,cve-2021-34470
2,2021-08-13T00:00:00.000Z,p2h6gp,h8u53r8,cve-2021-34481
5,2021-08-13T00:00:00.000Z,p3lxif,h8u84lb,cve-2021-34481
3,2021-08-13T00:00:00.000Z,p2h6gp,h8u8p3x,cve-2021-34481
2,2021-08-13T00:00:00.000Z,p3lxif,h8ulppc,cve-2021-34481
2,2021-08-14T00:00:00.000Z,p3lxif,h8wfpvc,cve-2021-34481
21,2021-08-14T00:00:00.000Z,p1hmwi,h8ysoc7,CVE-2021-36958
9,2021-08-16T00:00:00.000Z,p4enqg,h94ogu1,CVE-2021-34527
2,2021-08-16T00:00:00.000Z,p1hmwi,h95njbl,CVE-2021-34473
5,2021-08-16T00:00:00.000Z,p5d0v7,h95ynby,cve-2021-34481
13,2021-08-16T00:00:00.000Z,p2h6gp,h96vpvh,cve-2021-34481
1,2021-08-16T00:00:00.000Z,p2h6gp,h96wqts,cve-2021-34481
2,2021-08-17T00:00:00.000Z,p2czsb,h9aumvl,cve-2021-34481
3,2021-08-17T00:00:00.000Z,p62gjw,h9awprf,cve-2021-34481
2,2021-08-17T00:00:00.000Z,p6b8mq,h9bxz7e,cve-2021-34481
1,2021-08-18T00:00:00.000Z,p6robe,h9fhydp,cve-2021-34481
11,2021-08-18T00:00:00.000Z,p71mdi,h9gmhow,cve-2021-34481
3,2021-08-19T00:00:00.000Z,p3af85,h9ic3tt,cve-2021-34481
4,2021-08-19T00:00:00.000Z,p7bk4v,h9iudwz,cve-2021-34481
1,2021-08-19T00:00:00.000Z,p7f8lh,h9jdqo5,CVE-2021-34527
1,2021-08-20T00:00:00.000Z,oo6bpr,h9oao6t,CVE-2021-36934
6,2021-08-21T00:00:00.000Z,p8j6hv,h9r3dms,CVE-2021-31196
3,2021-08-22T00:00:00.000Z,p7bk4v,h9wm84w,cve-2021-34481
2,2021-08-23T00:00:00.000Z,p7bk4v,ha0or8y,CVE-2021-34481
6,2021-08-23T00:00:00.000Z,pa0lup,ha1bsvp,CVE-2021-34481
1,2021-08-23T00:00:00.000Z,pa6ca3,ha2hgav,cve-2021-34481
1,2021-08-24T00:00:00.000Z,p3af85,ha7erir,cve-2021-34481
1,2021-08-25T00:00:00.000Z,pa4ck4,haa9xid,CVE-2021-34473
1,2021-08-26T00:00:00.000Z,pbxmxr,hafvi3r,CVE-2021-3712
1,2021-08-26T00:00:00.000Z,pbxmxr,hah71kb,cve-2021-3712
1,2021-08-27T00:00:00.000Z,p7bk4v,hahxxkx,cve-2021-34481
1,2021-08-27T00:00:00.000Z,pbi2mc,hai5ci2,CVE-2021-34481
2,2021-08-27T00:00:00.000Z,pcjy49,hajfj4j,CVE-2021-34527
2,2021-08-27T00:00:00.000Z,p1hmwi,hajjh8g,CVE-2021-36934
1,2021-08-28T00:00:00.000Z,pcs58b,haphunm,cve-2021-1675
20,2021-08-29T00:00:00.000Z,pdw5du,hat3j7l,cve-2021-34481
9,2021-08-29T00:00:00.000Z,pdw5du,hau3pw9,cve-2021-34481
1,2021-08-30T00:00:00.000Z,peozqu,hayqgcp,CVE-2021-34527
1,2021-08-30T00:00:00.000Z,pdw5du,hazkhw3,cve-2021-34481
7,2021-09-01T00:00:00.000Z,pg0shl,hb8hs22,CVE-2021-26084
2,2021-09-02T00:00:00.000Z,pg4pef,hba6jnv,cve-2021-34481
6,2021-09-02T00:00:00.000Z,pgk113,hbbrc7x,cve-2021-34481
1,2021-09-03T00:00:00.000Z,pgowsz,hbellb9,cve-2020-1048
1,2021-09-04T00:00:00.000Z,phhq4n,hbkmxn8,CVE-2021-26084
1,2021-09-09T00:00:00.000Z,pka9rc,hc5i0si,CVE-2021-34481
13,2021-09-09T00:00:00.000Z,pl2ucq,hc7tc9p,CVE-2021-40346
3,2021-09-09T00:00:00.000Z,pl2ucq,hc7tk5l,cve-2021-40346
19,2021-09-09T00:00:00.000Z,pl3pi5,hc84970,CVE-2021-34527
2,2021-09-09T00:00:00.000Z,pl90za,hc8vv7i,CVE-2021-40444
16,2021-09-10T00:00:00.000Z,pl90za,hc8y8p3,cve-2021-40444
7,2021-09-10T00:00:00.000Z,pl3pi5,hc90qe2,cve-2021-34481
1,2021-09-10T00:00:00.000Z,p2czsb,hcb2a07,cve-2021-34481
10,2021-09-10T00:00:00.000Z,pl90za,hcb4n29,CVE-2021-40444
1,2021-09-13T00:00:00.000Z,pkhy04,hco7u80,CVE-2021-40444
1,2021-09-13T00:00:00.000Z,pnhzio,hcpgo5m,CVE-2021-36958
46,2021-09-14T00:00:00.000Z,pnve0h,hcsbnc4,CVE-2021-40444
2,2021-09-14T00:00:00.000Z,pnmzdj,hcsnun7,CVE-2021-36958
11,2021-09-14T00:00:00.000Z,pnmzdj,hcsq35g,CVE-2021-34481
10,2021-09-14T00:00:00.000Z,pnve0h,hcugl97,CVE-2021-36965
7,2021-09-14T00:00:00.000Z,pnve0h,hcugldu,CVE-2021-40444
2,2021-09-14T00:00:00.000Z,pnve0h,hcurg3b,CVE-2021-40444
1,2021-09-14T00:00:00.000Z,pnmzdj,hcv0uvq,CVE-2021-36958
3,2021-09-14T00:00:00.000Z,pnve0h,hcvfjdb,cve-2021-34481
3,2021-09-15T00:00:00.000Z,pnve0h,hcw8ywv,CVE-2021-36965
6,2021-09-15T00:00:00.000Z,pnve0h,hcxs0nl,cve-2021-34481
3,2021-09-15T00:00:00.000Z,pnve0h,hcyi9kb,CVE-2021-40444
5,2021-09-15T00:00:00.000Z,pnve0h,hcyqw4s,CVE-2021-40444
3,2021-09-16T00:00:00.000Z,porwtd,hd13jr4,CVE-2021-1678
3,2021-09-17T00:00:00.000Z,pnve0h,hd5p51l,cve-2021-1678
2,2021-09-17T00:00:00.000Z,ppdztz,hd7spd1,cve-2021-1678
2,2021-09-17T00:00:00.000Z,pppzvt,hd8t056,cve-2021-1678
2,2021-09-17T00:00:00.000Z,pq1yhk,hd8x36l,cve-2021-36934
16,2021-09-18T00:00:00.000Z,pq6pju,hda7j46,cve-2021-1678
5,2021-09-18T00:00:00.000Z,pq996i,hdaljsx,cve-2021-1678
22,2021-09-18T00:00:00.000Z,pnve0h,hdalrdu,cve-2021-1678
1,2021-09-18T00:00:00.000Z,pnve0h,hdanep6,cve-2021-34481
3,2021-09-18T00:00:00.000Z,pq6pju,hddcqfo,cve-2021-26414
7,2021-09-20T00:00:00.000Z,pnve0h,hdlebyg,CVE-2021-1678
3,2021-09-20T00:00:00.000Z,prst9w,hdlfe6u,CVE-2021-1678
1,2021-09-20T00:00:00.000Z,pppzvt,hdlt5t2,cve-2021-1678
4,2021-09-20T00:00:00.000Z,ps27dq,hdn5wp7,CVE-2021-40444
1,2021-09-21T00:00:00.000Z,psf4ku,hdpyk7v,CVE-2021-1678
1,2021-09-21T00:00:00.000Z,psiivt,hds1g5f,cve-2021-1678
7,2021-09-22T00:00:00.000Z,psudk0,hdsjpvd,cve-2021-34481
6,2021-09-22T00:00:00.000Z,pt3c5f,hdttiga,CVE-2021-40444
1,2021-09-22T00:00:00.000Z,pdw5du,hdu5gmw,cve-2021-34481
1,2021-09-22T00:00:00.000Z,pdw5du,hdu5lml,cve-2021-34481
4,2021-09-22T00:00:00.000Z,ptckmw,hdvfrnz,CVE-2020-4005
1,2021-09-22T00:00:00.000Z,psnr6h,hdvvc6v,CVE-2021-22005
11,2021-09-22T00:00:00.000Z,pt8097,hdvxin9,CVE-2016-9940
3,2021-09-23T00:00:00.000Z,ptqnmy,hdy8igt,cve-2021-1678
6,2021-09-23T00:00:00.000Z,ptwvrv,hdz689x,CVE-2021-34527
2,2021-09-23T00:00:00.000Z,ptwvrv,hdzq8a1,CVE-2021-1678
2,2021-09-23T00:00:00.000Z,ptwvrv,hdzwh7p,cve-2021-34481
1,2021-09-24T00:00:00.000Z,pt8097,he2b4dd,CVE-2021-40444
1,2021-09-24T00:00:00.000Z,ptwvrv,he2k5dy,CVE-2021-34481
3,2021-09-24T00:00:00.000Z,ptwvrv,he38gsi,CVE-2021-34527
1,2021-09-24T00:00:00.000Z,ptwvrv,he395u7,CVE-2021-34527
1,2021-09-24T00:00:00.000Z,ptwvrv,he3al1u,cve-2021-34481
1,2021-09-24T00:00:00.000Z,ptwvrv,he3csti,CVE-2021-34527
1,2021-09-24T00:00:00.000Z,ptwvrv,he3ewdj,CVE-2021-34527
1,2021-09-24T00:00:00.000Z,ptwvrv,he3rs3h,CVE-2021-34481
1,2021-09-24T00:00:00.000Z,ptwvrv,he3uhoj,CVE-2021-34527
12,2021-09-27T00:00:00.000Z,pwfj9q,hegozjo,cve-2021-34481
1,2021-09-29T00:00:00.000Z,pxshek,heptkvl,CVE-2021-22005
1,2021-09-29T00:00:00.000Z,pxu4od,hepvuht,cve-2021-34481
1,2021-09-30T00:00:00.000Z,pyksrv,hev55jm,cve-2021-34481
8,2021-09-30T00:00:00.000Z,pynmps,hevkrsj,cve-2021-34481
1,2021-09-30T00:00:00.000Z,pymph2,hevyqdz,cve-2021-1678
35,2021-09-30T00:00:00.000Z,pynmps,hewe848,cve-2021-34481
1,2021-10-01T00:00:00.000Z,pynmps,hewz54a,CVE-2021-34527
1,2021-10-01T00:00:00.000Z,pynmps,hexphe9,cve-2021-34481
1,2021-10-01T00:00:00.000Z,pynmps,hexqs65,cve-2021-1678
1,2021-10-01T00:00:00.000Z,pysak2,heyd75e,cve-2021-1678
3,2021-10-04T00:00:00.000Z,q0jkte,hfbk4nx,CVE-2019-1181
1,2021-10-04T00:00:00.000Z,pymph2,hfeg6rl,cve-2021-1678
5,2021-10-08T00:00:00.000Z,q4460z,hfwb0ni,cve-2021-41773
1,2021-10-09T00:00:00.000Z,q44hyj,hfy6nrw,cve-2021-1678
2,2021-10-12T00:00:00.000Z,q6ni2z,hgcyv4p,CVE-2021-1678
13,2021-10-12T00:00:00.000Z,q6dldm,hgdmhaf,CVE-2021-26427
1,2021-10-12T00:00:00.000Z,q6ni2z,hgee6k3,CVE-2021-40444
11,2021-10-14T00:00:00.000Z,q6dldm,hgkh9as,cve-2021-1678
2,2021-10-14T00:00:00.000Z,q7pqjo,hgmgkde,cve-2021-1678
4,2021-10-14T00:00:00.000Z,q83a11,hgnhxvk,cve-2021-1678
1,2021-10-16T00:00:00.000Z,q8sgdi,hgwlt9v,cve-2021-1678
178,2021-10-18T00:00:00.000Z,qamxfa,hh40m82,cve-2021-34481
2,2021-10-18T00:00:00.000Z,qamxfa,hh57hdw,cve-2021-1678
10,2021-10-18T00:00:00.000Z,qamxfa,hh5ngyc,cve-2021-1678
3,2021-10-18T00:00:00.000Z,qamxfa,hh5nx4r,cve-2021-1678
2,2021-10-19T00:00:00.000Z,q8sgdi,hh6jy9k,cve-2021-34481
1,2021-10-19T00:00:00.000Z,qamxfa,hh6t2m8,cve-2021-1678
5,2021-10-19T00:00:00.000Z,qbb2e0,hh9mfku,cve-2021-1678
6,2021-10-22T00:00:00.000Z,qdcm32,hhmc8bp,CVE-2021-1678
1,2021-10-22T00:00:00.000Z,qdcm32,hhmiaao,CVE-2021-1678
2,2021-10-22T00:00:00.000Z,qdcm32,hhmu1gw,CVE-2021-1678
4,2021-10-22T00:00:00.000Z,qdcm32,hhmzmzl,cve-2021-1678
7,2021-10-22T00:00:00.000Z,qdeley,hhn3ijd,cve-2021-34481
6,2021-10-23T00:00:00.000Z,qec9du,hhsk47b,CVE-2021-40444
2,2021-10-23T00:00:00.000Z,qec9du,hhso5x1,CVE-2021-40444
13,2021-10-29T00:00:00.000Z,qi084q,higrma7,cve-2020-1350
1,2021-10-30T00:00:00.000Z,qioywo,himnbi3,CVE-2021-31207
40,2021-10-31T00:00:00.000Z,qjz04u,hitnyz0,CVE-2021-22205
3,2021-11-02T00:00:00.000Z,qjz04u,hj0dky9,cve-2021-22205
3,2021-11-02T00:00:00.000Z,qjz04u,hj0ec4p,cve-2021-22205
2,2021-11-02T00:00:00.000Z,qjz04u,hj0ktan,cve-2021-22205
2,2021-11-05T00:00:00.000Z,qmp675,hjfp3p4,cve-2021-1678
1,2021-11-05T00:00:00.000Z,qni5fj,hjgk1oa,CVE-2021-26855
1,2021-11-06T00:00:00.000Z,qnt4vb,hjjyhrc,CVE-2021-26427
29,2021-11-09T00:00:00.000Z,qqd3nu,hjzks2g,CVE-2021-42321
24,2021-11-10T00:00:00.000Z,qqj5w9,hk0qo1z,CVE-2020-0688
5,2021-11-10T00:00:00.000Z,qqd3nu,hk34c8g,CVE-2021-22048
2,2021-11-10T00:00:00.000Z,qqj60j,hk3ax89,cve-2021-42287
4,2021-11-10T00:00:00.000Z,qqumpx,hk3paui,CVE-2021-42321
10,2021-11-10T00:00:00.000Z,qr09mk,hk3pz00,CVE-2021-3064
1,2021-11-10T00:00:00.000Z,qr09mk,hk3v4vs,CVE-2021-3064
5,2021-11-10T00:00:00.000Z,qqd3nu,hk41oo7,cve-2021-42287
2,2021-11-11T00:00:00.000Z,qqj60j,hk6vpq9,cve-2021-42287
14,2021-11-11T00:00:00.000Z,qrp486,hk8f72k,CVE-2021-0157
5,2021-11-15T00:00:00.000Z,qug6wy,hkq3dhd,CVE-2021-34484
20,2021-11-16T00:00:00.000Z,qvigfk,hkwq2qf,CVE-2021-0157
1,2021-11-17T00:00:00.000Z,pf2fxv,hl18gp7,CVE-2021-31207
72,2021-11-23T00:00:00.000Z,r066kq,hlqk3hd,CVE-2021-41379
-3,2021-11-23T00:00:00.000Z,r0hn2k,hlu01g6,CVE-2021-41379
4,2021-11-24T00:00:00.000Z,r0hn2k,hlu93oa,CVE-2021-41379
3,2021-11-24T00:00:00.000Z,r19ajk,hlxdpcw,cve-2021-26414
1,2021-11-24T00:00:00.000Z,r0t7ud,hly5aae,cve-2021-34470
3,2021-11-29T00:00:00.000Z,r4yc32,hmktnnj,CVE-2021-42321
2,2021-12-01T00:00:00.000Z,r674z2,hms4i6t,CVE-2021-41379
1,2021-12-03T00:00:00.000Z,r7a4fy,hn3ar79,CVE-2021-34481
3,2021-12-04T00:00:00.000Z,r8webv,hn8gs3o,CVE-2020-1350
7,2021-12-07T00:00:00.000Z,razhy9,hnljj07,cve-2021-44515
3,2021-12-07T00:00:00.000Z,razhy9,hnlygzu,cve-2021-44515
1,2021-12-09T00:00:00.000Z,rbw73k,hnumpk8,CVE-2020-16592
1,2021-12-10T00:00:00.000Z,rcnkv9,hnzf7tt,CVE-2021-31983
7,2021-12-10T00:00:00.000Z,rcuzta,ho06fe3,CVE-2021-44228
37,2021-12-10T00:00:00.000Z,rdjt8t,ho1k0yd,cve-2021-44228
13,2021-12-10T00:00:00.000Z,rdjt8t,ho1r7za,CVE-2021-44228
1,2021-12-11T00:00:00.000Z,rdjt8t,ho2ml14,cve-2021-44228
4,2021-12-11T00:00:00.000Z,rdq4i7,ho2pz0j,CVE-2021-44228
5,2021-12-11T00:00:00.000Z,rdbaeb,ho2sp9t,cve-2021-44228
5,2021-12-11T00:00:00.000Z,rdjt8t,ho2vwia,cve-2021-44228
3,2021-12-11T00:00:00.000Z,rdbaeb,ho3rw0d,cve-2021-44228
4,2021-12-11T00:00:00.000Z,rdbaeb,ho46yq7,cve-2021-44228
1,2021-12-11T00:00:00.000Z,rdbaeb,ho4hdv3,CVE-2021-44228
3,2021-12-11T00:00:00.000Z,rdjt8t,ho4oxiu,cve-2021-44228
7,2021-12-11T00:00:00.000Z,rdnn5y,ho53hhv,cve-2021-44228
24,2021-12-11T00:00:00.000Z,re7pzd,ho62zaf,cve-2021-44228
1,2021-12-11T00:00:00.000Z,rdnn5y,ho68a68,CVE-2021-44228
1,2021-12-12T00:00:00.000Z,rdnn5y,ho6sq9l,cve-2021-44228
4,2021-12-12T00:00:00.000Z,rdnn5y,ho7go98,CVE-2021-44228
4,2021-12-12T00:00:00.000Z,re7pzd,ho7vm8r,CVE-2021-44228
17,2021-12-12T00:00:00.000Z,reqc6f,ho9vmx6,cve-2021-44228
7,2021-12-12T00:00:00.000Z,reqc6f,hob5jzg,cve-2021-44228
3,2021-12-12T00:00:00.000Z,reqc6f,hob5tni,cve-2021-44228
4,2021-12-13T00:00:00.000Z,reqc6f,hobcj0b,cve-2021-44228
12,2021-12-13T00:00:00.000Z,reqc6f,hobwx2k,cve-2021-44228
8,2021-12-13T00:00:00.000Z,rezejm,hoc2sbt,cve-2021-44228
18,2021-12-13T00:00:00.000Z,rf6eze,hoc78sr,cve-2021-44228
3,2021-12-13T00:00:00.000Z,rezejm,hoc9l7i,cve-2021-44228
2,2021-12-13T00:00:00.000Z,reqc6f,hod1j25,CVE-2021-4104
34,2021-12-13T00:00:00.000Z,rf97b2,hod31d8,CVE-2019-17571
6,2021-12-13T00:00:00.000Z,rf97b2,hod85ra,CVE-2021-44228
20,2021-12-13T00:00:00.000Z,rf97b2,hodcz8z,CVE-2021-44228
4,2021-12-13T00:00:00.000Z,rf97b2,hodgn6p,CVE-2021-4104
6,2021-12-13T00:00:00.000Z,rezejm,hodiq05,cve-2021-4104
5,2021-12-13T00:00:00.000Z,rf97b2,hodovr5,CVE-2021-44228
8,2021-12-13T00:00:00.000Z,rfcch5,hodpws6,CVE-2021-44228
6,2021-12-13T00:00:00.000Z,rfeve6,hodwzzc,CVE-2021-44228
3,2021-12-13T00:00:00.000Z,rezejm,hoe48ld,cve-2021-44228
1,2021-12-13T00:00:00.000Z,rfa4px,hoe5aml,CVE-2021-44228
-3,2021-12-13T00:00:00.000Z,rf97b2,hoe6dgk,CVE-2021-44228
3,2021-12-13T00:00:00.000Z,rf97b2,hoeblk9,cve-2021-44228
3,2021-12-13T00:00:00.000Z,rf97b2,hoeeekh,CVE-2021-4104
12,2021-12-13T00:00:00.000Z,rf97b2,hoeioi6,CVE-2019-17571
19,2021-12-13T00:00:00.000Z,rfkwvr,hoejkdb,CVE-2021-44228
38,2021-12-13T00:00:00.000Z,rf97b2,hoevke2,CVE-2021-44228
2,2021-12-13T00:00:00.000Z,rfm4e9,hoew2mx,cve-2021-44228
4,2021-12-13T00:00:00.000Z,rf97b2,hof3f7h,CVE-2021-44228
8,2021-12-13T00:00:00.000Z,rfn1fd,hofdf9m,cve-2021-44228
3,2021-12-13T00:00:00.000Z,rfrmsg,hofohba,CVE-2021-44228
1,2021-12-13T00:00:00.000Z,rfdwfs,hofyoyj,cve-2021-44228
1,2021-12-14T00:00:00.000Z,rezejm,hog5e1c,cve-2021-44228
2,2021-12-14T00:00:00.000Z,rezejm,hog6li3,CVE-2021-4104
2,2021-12-14T00:00:00.000Z,rezejm,hog7awz,cve-2021-44228
7,2021-12-14T00:00:00.000Z,rfuger,hog98dn,cve-2021-44228
2,2021-12-14T00:00:00.000Z,rfvu6q,hoggep1,cve-2021-44228
3,2021-12-14T00:00:00.000Z,rfvu6q,hogitd6,cve-2021-44228
2,2021-12-14T00:00:00.000Z,rezejm,hogrpva,CVE-2021-44228
17,2021-12-14T00:00:00.000Z,rfvbfm,hogwgny,cve-2021-44228
1,2021-12-14T00:00:00.000Z,rfj20y,hoh1auf,cve-2021-4104
2,2021-12-14T00:00:00.000Z,rfvbfm,hoi3gvn,CVE-2021-44228
7,2021-12-14T00:00:00.000Z,rfqlip,hoic90a,cve-2021-44228
17,2021-12-14T00:00:00.000Z,rg5dpt,hoicdqh,CVE-2021-44228
1,2021-12-14T00:00:00.000Z,rg5ss2,hoiczuj,CVE-2019-17571
5,2021-12-14T00:00:00.000Z,rg49lc,hoikp3e,CVE-2021-4104
11,2021-12-14T00:00:00.000Z,rg3jb8,hoitpmm,cve-2021-44228
1,2021-12-14T00:00:00.000Z,rg3jb8,hoiw81j,cve-2021-44228
4,2021-12-14T00:00:00.000Z,rgbec2,hoj2ljd,CVE-2021-44228
1,2021-12-14T00:00:00.000Z,rg8kyh,hoj44vj,cve-2021-44228
1,2021-12-14T00:00:00.000Z,rfvbfm,hoj54vt,cve-2021-44228
7,2021-12-14T00:00:00.000Z,rgbqpr,hojffhd,CVE-2021-43233
7,2021-12-14T00:00:00.000Z,rg3jb8,hojiapm,CVE-2021-44228
3,2021-12-14T00:00:00.000Z,rg5dpt,hojkcmn,CVE-2021-44228
1,2021-12-14T00:00:00.000Z,rg8kyh,hok8qgz,CVE-2021-45046
26,2021-12-14T00:00:00.000Z,rgggwx,hokd2qb,CVE-2021-44228
3,2021-12-14T00:00:00.000Z,rg3jb8,hokgdqy,cve-2021-44228
25,2021-12-14T00:00:00.000Z,rgigex,hokhs5s,CVE-2021-43240
1,2021-12-14T00:00:00.000Z,rgektp,hokl5qy,CVE-2021-4104
1,2021-12-14T00:00:00.000Z,rgektp,hokl6dg,CVE-2021-4104
11,2021-12-15T00:00:00.000Z,rgggwx,hokvpfh,cve-2021-44228
2,2021-12-15T00:00:00.000Z,rg3jb8,hokxn5f,cve-2021-44228
6,2021-12-15T00:00:00.000Z,rgm622,hol4253,CVE-2021-45046
8,2021-12-15T00:00:00.000Z,rgggwx,hol53x2,CVE-2021-45046
3,2021-12-15T00:00:00.000Z,rgndby,hola9pf,CVE-2021-4104
5,2021-12-15T00:00:00.000Z,rgggwx,holo7dn,cve-2016-2345
6,2021-12-15T00:00:00.000Z,rflx5t,hom3ej3,CVE-2021-44228
3,2021-12-15T00:00:00.000Z,rgstmn,hom7m2q,cve-2021-44228
2,2021-12-15T00:00:00.000Z,rf97b2,homur82,cve-2021-44228
32,2021-12-15T00:00:00.000Z,rh0ev1,honjwdv,cve-2021-44228
9,2021-12-15T00:00:00.000Z,rgigex,honoyvl,CVE-2021-43890
1,2021-12-15T00:00:00.000Z,rg8kyh,honrehx,CVE-2021-44228
1,2021-12-15T00:00:00.000Z,rezejm,honurg4,CVE-2021-44228
7,2021-12-15T00:00:00.000Z,rh0ev1,hooc9g8,CVE-2019-17571
3,2021-12-15T00:00:00.000Z,rh5yfv,hooddyw,cve-2021-45046
7,2021-12-15T00:00:00.000Z,rh5yfv,hoodipj,CVE-2021-45046
2,2021-12-15T00:00:00.000Z,rgxa1r,hoofpjl,CVE-2021-45046
3,2021-12-15T00:00:00.000Z,rh0ev1,hoourhv,cve-2021-44228
3,2021-12-15T00:00:00.000Z,rha9js,hopkpqf,cve-2021-44228
8,2021-12-15T00:00:00.000Z,rhbwn1,hopnrnb,CVE-2021-44228
1,2021-12-15T00:00:00.000Z,rgn2lu,hopo3uw,CVE-2021-44228
3,2021-12-15T00:00:00.000Z,rgxa1r,hopofm1,CVE-2021-44228
1,2021-12-16T00:00:00.000Z,rh2dt0,hoprg9b,CVE-2021-44228
3,2021-12-16T00:00:00.000Z,rhd773,hoq0qlu,CVE-2021-44228
3,2021-12-16T00:00:00.000Z,rhnlxb,hos1r69,cve-2021-34481
2,2021-12-16T00:00:00.000Z,rh0ev1,hos4ufg,CVE-2021-4104
1,2021-12-16T00:00:00.000Z,rg5dpt,hosfpp5,cve-2021-44228
2,2021-12-16T00:00:00.000Z,rhpufm,hoslaw4,CVE-2021-44228
14,2021-12-16T00:00:00.000Z,rhwwyi,hotcj1g,CVE-2021-42287
2,2021-12-16T00:00:00.000Z,rhwpjk,hotibe6,CVE-2021-44228
4,2021-12-16T00:00:00.000Z,rhwwyi,hotxot2,cve-2021-44228
1,2021-12-16T00:00:00.000Z,rhwwyi,hotymhb,CVE-2021-44228
3,2021-12-16T00:00:00.000Z,rhwwyi,hotzlz6,CVE-2021-44228
5,2021-12-17T00:00:00.000Z,ri1xcc,houwdkb,cve-2021-45046
3,2021-12-17T00:00:00.000Z,rhwwyi,hov2ujz,CVE-2021-4104
2,2021-12-17T00:00:00.000Z,rg5dpt,hov7kt3,CVE-2021-44228
2,2021-12-17T00:00:00.000Z,rfoz5d,hov87gd,CVE-2021-44228
5,2021-12-17T00:00:00.000Z,rhwwyi,hov89we,CVE-2021-44228
1,2021-12-17T00:00:00.000Z,rhwwyi,hovsr9h,CVE-2021-44228
2,2021-12-17T00:00:00.000Z,ri5b4a,howxjhs,CVE-2021-44228
1,2021-12-17T00:00:00.000Z,rhwwyi,hoxec63,cve-2021-4104
1,2021-12-17T00:00:00.000Z,rfoz5d,hoxq2yy,cve-2021-44228
1,2021-12-17T00:00:00.000Z,rezejm,hoxr6ym,CVE-2021-44228
4,2021-12-17T00:00:00.000Z,rij9er,hoybdso,CVE-2021-44228
6,2021-12-17T00:00:00.000Z,ril8r0,hoytjom,CVE-2021-45046
1,2021-12-17T00:00:00.000Z,rfoz5d,hoyvic1,CVE-2021-44228
1,2021-12-17T00:00:00.000Z,rfoz5d,hoz1z5s,CVE-2021-44228
2,2021-12-17T00:00:00.000Z,riqtcp,hoz5rgb,CVE-2021-44228
4,2021-12-18T00:00:00.000Z,rit8wm,hp1jq24,CVE-2021-44228
61,2021-12-18T00:00:00.000Z,rj8y6u,hp1zp9t,CVE-2021-44228
8,2021-12-18T00:00:00.000Z,rj8y6u,hp20s3m,CVE-2021-44228
7,2021-12-18T00:00:00.000Z,rjdk8z,hp2ualc,CVE-2021-44228
1,2021-12-18T00:00:00.000Z,rj8y6u,hp2z73a,CVE-2021-44228
2,2021-12-18T00:00:00.000Z,rj3ulu,hp3c9qc,CVE-2021-44228
2,2021-12-18T00:00:00.000Z,rj8y6u,hp3gkjn,CVE-2021-44228
1,2021-12-18T00:00:00.000Z,rj14u2,hp3sjnf,cve-2021-44228
1,2021-12-18T00:00:00.000Z,rj8y6u,hp3vakl,cve-2021-44228
2,2021-12-19T00:00:00.000Z,rjazcu,hp6o39g,CVE-2021-44228
10,2021-12-20T00:00:00.000Z,rkaco9,hp9irvy,CVE-2021-45105
3,2021-12-20T00:00:00.000Z,rkaco9,hpam3ba,CVE-2021-44228
27,2021-12-20T00:00:00.000Z,rkx37f,hpcg9k4,CVE-2021-42287
3,2021-12-22T00:00:00.000Z,rm0a5n,hpjja80,cve-2021-1678
1,2021-12-22T00:00:00.000Z,rgoej9,hplpnjl,cve-2021-34481
11,2021-12-22T00:00:00.000Z,rmhkeo,hpmb4f9,CVE-2021-44790
1,2021-12-23T00:00:00.000Z,rmhkeo,hpnds0y,CVE-2021-44224
6,2021-12-23T00:00:00.000Z,rmhkeo,hpnp6gg,CVE-2021-44790
2,2021-12-23T00:00:00.000Z,rlg6oy,hpo2ysa,CVE-2021-43890
8,2021-12-23T00:00:00.000Z,rmr153,hpopiep,cve-2021-44228
2,2021-12-23T00:00:00.000Z,rmz5uo,hpp5ahm,cve-2021-44228
4,2021-12-23T00:00:00.000Z,rn1eqf,hppkhfr,cve-2021-44228
17,2021-12-27T00:00:00.000Z,rpbq8z,hq3iha5,CVE-2021-44228
2,2021-12-27T00:00:00.000Z,rpbq8z,hq5wa55,CVE-2021-44228
7,2021-12-27T00:00:00.000Z,rpt1f4,hq6h6r2,CVE-2021-44228
12,2021-12-28T00:00:00.000Z,rqikwo,hqarf56,CVE-2021-44832
11,2021-12-28T00:00:00.000Z,rqikwo,hqaukgx,CVE-2021-44832
9,2021-12-28T00:00:00.000Z,rqikwo,hqavkod,CVE-2021-44832
1,2021-12-28T00:00:00.000Z,rqikwo,hqbc1tu,CVE-2021-44832
2,2021-12-28T00:00:00.000Z,rqkjn5,hqbm8l0,CVE-2021-44228
2,2021-12-29T00:00:00.000Z,rqkbzp,hqe3e0h,CVE-2021-8888
25,2022-01-01T00:00:00.000Z,rtn6yz,hquekio,cve-2021-34481
3,2022-01-01T00:00:00.000Z,rtn6yz,hquxt88,cve-2021-34481
3,2022-01-02T00:00:00.000Z,rtwzj5,hqvr7nf,cve-2021-44228
4,2022-01-04T00:00:00.000Z,rvpu5i,hr6z19z,CVE-2021-44228
2,2022-01-04T00:00:00.000Z,rvpu5i,hr71wsf,CVE-2021-44228
1,2022-01-05T00:00:00.000Z,rkvao0,hrdmz4y,cve-2021-44228
4,2022-01-05T00:00:00.000Z,rwqs6t,hrearza,CVE-2021-4104
2,2022-01-08T00:00:00.000Z,ryuj0h,hrs52tl,CVE-2021-28041
1,2022-01-10T00:00:00.000Z,s0n89c,hs3c75c,CVE-2020-0609
5,2022-01-11T00:00:00.000Z,s0yyjx,hs6ice8,CVE-2021-44832
52,2022-01-11T00:00:00.000Z,s1jcue,hs8ku3u,CVE-2022-21969
14,2022-01-11T00:00:00.000Z,s1jcue,hs8plbr,CVE-2022-21907
6,2022-01-12T00:00:00.000Z,s1jcue,hsa4u0q,CVE-2022-21907
3,2022-01-12T00:00:00.000Z,s1oqv8,hsbx6wg,CVE-2022-21843
10,2022-01-12T00:00:00.000Z,s21ae1,hscppgi,CVE-2022-21849
1,2022-01-12T00:00:00.000Z,s1jcue,hsd5xez,CVE-2022-21907
1,2022-01-12T00:00:00.000Z,s1jcue,hsdoco8,CVE-2022-21969
5,2022-01-13T00:00:00.000Z,s2ryiz,hsggd9s,CVE-2021-44790
6,2022-01-13T00:00:00.000Z,s2ryiz,hsgjlvc,CVE-2021-43527
4,2022-01-13T00:00:00.000Z,s30p6w,hshulev,CVE-2021-34470
1,2022-01-13T00:00:00.000Z,s1jcue,hsinv4h,CVE-2022-21849
2,2022-01-16T00:00:00.000Z,s50nk8,hsumhcr,cve-2021-42287
4,2022-01-18T00:00:00.000Z,s6vllw,ht785fx,cve-2022-21907
1,2022-01-20T00:00:00.000Z,s7vwnw,htep00f,cve-2020-17049
1,2022-01-20T00:00:00.000Z,s7vwnw,hthj18r,CVE-2020-1599
1,2022-01-21T00:00:00.000Z,s8v1x9,htjt1oa,cve-2021-1678
3,2022-01-21T00:00:00.000Z,s1jcue,htleyw0,CVE-2022-21907
19,2022-01-24T00:00:00.000Z,sb8fx8,htz3apl,CVE-2021-31854
33,2022-01-25T00:00:00.000Z,sc9auf,hu4wyjv,CVE-2021-44224
2,2022-01-25T00:00:00.000Z,scmorq,hu81voy,CVE-2021-4034
12,2022-01-26T00:00:00.000Z,scmorq,hu845p2,CVE-2021-4034
3,2022-01-26T00:00:00.000Z,scmorq,hub760u,CVE-2021-4034
4,2022-01-26T00:00:00.000Z,sd6pft,hubderr,CVE-2019-1201
13,2022-01-28T00:00:00.000Z,seqlk6,hukwh8n,CVE-2021-22204
5,2022-01-29T00:00:00.000Z,sfgzpx,huq9en4,CVE-2019-16294
2,2022-01-29T00:00:00.000Z,sfru7y,hurt9zd,CVE-2022-21882
4,2022-01-31T00:00:00.000Z,sh9ygx,hv18xu7,CVE-2021-4034
1,2022-01-31T00:00:00.000Z,sh6laz,hv273gb,CVE-2019-11135
0,2022-02-01T00:00:00.000Z,sfru7y,hv4tsol,cve-2021-4034
12,2022-02-06T00:00:00.000Z,sltvxk,hvt09ul,CVE-2021-44142
39,2022-02-08T00:00:00.000Z,snbn8q,hw451gc,CVE-2022-21984
2,2022-02-08T00:00:00.000Z,snbn8q,hw4sfez,CVE-2022-21997
2,2022-02-09T00:00:00.000Z,snbn8q,hw7f08k,cve-2022-21920
4,2022-02-09T00:00:00.000Z,snbn8q,hw7xn42,cve-2022-21989
1,2022-02-15T00:00:00.000Z,s1jcue,hwz2zc5,CVE-2022-21920
2,2022-02-15T00:00:00.000Z,sq1kq5,hx1shvv,CVE-2013-3900
3,2022-02-15T00:00:00.000Z,snbn8q,hx3cmh0,cve-2022-21999
2,2022-02-17T00:00:00.000Z,stxwqe,hx8wcy4,CVE-2022-0609
1,2022-02-17T00:00:00.000Z,su3mg2,hx8xd0k,cve-2021-1678
2,2022-02-17T00:00:00.000Z,s1jcue,hxbit9s,cve-2022-21920
1,2022-02-23T00:00:00.000Z,sz393f,hy1g3x7,CVE-2019-19906
2,2022-02-25T00:00:00.000Z,szkj3r,hybet9x,CVE-2022-23176
1,2022-03-03T00:00:00.000Z,s6x4o9,hz5kjyn,CVE-2021-44228
9,2022-03-08T00:00:00.000Z,t992xm,hzt6xs0,cve-2022-0847
11,2022-03-08T00:00:00.000Z,t992xm,hzv66fs,CVE-2022-23277
3,2022-03-09T00:00:00.000Z,t992xm,hzyatma,CVE-2022-23277
5,2022-03-09T00:00:00.000Z,t992xm,hzyuva2,CVE-2022-23294
1,2022-03-09T00:00:00.000Z,ta7h5k,hzzq46r,cve-2020-1472
1,2022-03-10T00:00:00.000Z,ta7h5k,i031v8v,CVE-2021-42287
2,2022-03-10T00:00:00.000Z,tb4xqu,i05whgp,cve-2020-1206
8,2022-03-12T00:00:00.000Z,tcqvth,i0f5o4c,CVE-2022-26500
1,2022-03-15T00:00:00.000Z,terlgk,i0rekz9,cve-2021-26414
6,2022-03-18T00:00:00.000Z,tgxb4w,i166vco,CVE-2022-23812
1,2022-03-21T00:00:00.000Z,tikq2y,i1jbsfu,CVE-2017-8529
21,2022-03-26T00:00:00.000Z,tp0lf0,i289ixh,cve-2022-1096
68,2022-03-26T00:00:00.000Z,tp0lf0,i28nmco,CVE-2022-1096
-3,2022-03-27T00:00:00.000Z,tp0lf0,i2cgkga,CVE-2022-0609
1,2022-03-30T00:00:00.000Z,tr6qoa,i2nw8rb,cve-2021-42287
1,2022-03-30T00:00:00.000Z,ta7h5k,i2qp2sw,CVE-2021-42287
3,2022-03-31T00:00:00.000Z,tsy0ni,i2uqogk,CVE-2022-22965
1,2022-04-01T00:00:00.000Z,tryig1,i2zzr2k,cve-2022-22965
2,2022-04-03T00:00:00.000Z,tusvr9,i36jcyg,CVE-2022-22943
696,2022-04-07T00:00:00.000Z,ty00d4,i3plbmz,CVE-2022-23176
2,2022-04-09T00:00:00.000Z,tzwkss,i4302uc,CVE-2022-23176
15,2022-04-12T00:00:00.000Z,u1q5q5,i4gh8pp,CVE-2022-26809
19,2022-04-13T00:00:00.000Z,u29ys9,i4hzr0k,CVE-2019-10690
1,2022-04-13T00:00:00.000Z,u1yf3b,i4m8yk2,CVE-2022-22954
1,2022-04-18T00:00:00.000Z,u6j8md,i59byh9,CVE-2022-29072
4,2022-04-20T00:00:00.000Z,u825xj,i5ipcpw,cve-2021-42287
2,2022-04-20T00:00:00.000Z,u81b5j,i5jaabz,CVE-2022-0540
33,2022-04-21T00:00:00.000Z,u8msmd,i5m25kq,CVE-2022-29072
25,2022-04-21T00:00:00.000Z,u8msmd,i5m7td9,CVE-2022-29072
2,2022-04-21T00:00:00.000Z,u8pxrf,i5nqe1v,CVE-2021-34527
1,2022-04-21T00:00:00.000Z,u8pxrf,i5o2ek4,cve-2021-34481
1,2022-04-21T00:00:00.000Z,u8pxrf,i5o616o,CVE-2021-34481
1,2022-04-21T00:00:00.000Z,u8pxrf,i5o6sm6,CVE-2021-34481
1,2022-04-21T00:00:00.000Z,u8pxrf,i5o99vj,CVE-2021-34527
1,2022-04-22T00:00:00.000Z,u8pxrf,i5pren7,cve-2021-36958
2,2022-04-22T00:00:00.000Z,u8pxrf,i5rc8rk,CVE-2021-34527
1,2022-05-02T00:00:00.000Z,ugnwdz,i71is9s,CVE-2022-24457
1,2022-05-04T00:00:00.000Z,uhr3ve,i7b7t1j,CVE-2022-29072
0,2022-05-04T00:00:00.000Z,uhr3ve,i7bv5br,CVE-2022-29072
1,2022-05-09T00:00:00.000Z,ul7dfn,i7wgqkx,CVE-2017-12542
1,2022-05-09T00:00:00.000Z,ul5bzm,i7y26mu,CVE-2021-26414
2,2022-05-10T00:00:00.000Z,um9qur,i830csz,CVE-2022-26937
33,2022-05-10T00:00:00.000Z,um9qur,i83ihtj,CVE-2022-29104
18,2022-05-10T00:00:00.000Z,um9qur,i83sanv,CVE-2022-21978
1,2022-05-11T00:00:00.000Z,um9qur,i85fbwh,CVE-2022-26925
6,2022-05-11T00:00:00.000Z,un9fgm,i86p1ma,cve-2021-26414
5,2022-05-11T00:00:00.000Z,um9qur,i86y04h,cve-2022-26923
3,2022-05-11T00:00:00.000Z,um9qur,i88d3qv,CVE-2022-26923
6,2022-05-14T00:00:00.000Z,um9qur,i8jbfx6,cve-2022-26925
16,2022-05-14T00:00:00.000Z,up7sdb,i8jwfju,CVE-2022-26925
4,2022-05-15T00:00:00.000Z,um9qur,i8qye4s,CVE-2022-26925
9,2022-05-17T00:00:00.000Z,urlwnp,i8xzggj,cve-2022-26925
1,2022-05-18T00:00:00.000Z,qyviy5,i931fwc,cve-2021-42287
1,2022-05-19T00:00:00.000Z,ustqgd,i973kk0,CVE-2021-34527
2,2022-05-19T00:00:00.000Z,uslq1g,i97jzjc,cve-2022-22960
1,2022-05-19T00:00:00.000Z,um9qur,i99b6co,cve-2021-1678
8,2022-05-21T00:00:00.000Z,uus4rd,i9h862t,CVE-2021-44228
2,2022-05-22T00:00:00.000Z,uus4rd,i9ie4et,cve-2021-44228
1,2022-05-22T00:00:00.000Z,uuybmx,i9lic9p,CVE-2010-1622
1,2022-05-23T00:00:00.000Z,uvwq5s,i9qgq54,CVE-2013-3900
45,2022-05-25T00:00:00.000Z,uxfy4k,i9xn640,CVE-2022-22806
2,2022-05-30T00:00:00.000Z,um9qur,iai8p2s,cve-2022-26923
1,2022-05-30T00:00:00.000Z,v1563w,iakgo4i,cve-2021-1675
17,2022-05-31T00:00:00.000Z,v1fkw2,iam70wl,cve-2022-30190
6,2022-05-31T00:00:00.000Z,v1fkw2,iann0hx,CVE-2022-30190
1,2022-05-31T00:00:00.000Z,v1fkw2,iap6hms,cve-2022-30190
1,2022-06-01T00:00:00.000Z,v2fmgl,ias14bm,cve-2022-30190
2,2022-06-01T00:00:00.000Z,v1fkw2,ias1xdf,CVE-2022-30190
1,2022-06-01T00:00:00.000Z,v2fmgl,iau1v8h,cve-2022-30190
4,2022-06-02T00:00:00.000Z,v3blmn,iaxh792,CVE-2022-30190
2,2022-06-03T00:00:00.000Z,v35d5g,iazt7pt,cve-2022-30190
1,2022-06-03T00:00:00.000Z,v1fkw2,ib1nzej,cve-2022-30190
1,2022-06-08T00:00:00.000Z,v3blmn,ibmhpmw,cve-2022-30190
1,2022-06-08T00:00:00.000Z,v7wila,ibn4mbd,cve-2021-26414
1,2022-06-09T00:00:00.000Z,v7fw5f,ibqh86k,cve-2022-26134
1,2022-06-09T00:00:00.000Z,v1fkw2,ibqp8po,cve-2022-30190
1,2022-06-09T00:00:00.000Z,v4dsqh,ibqum3o,cve-2022-30190
1,2022-06-09T00:00:00.000Z,v3blmn,ibqwwtj,cve-2022-30190
1,2022-06-14T00:00:00.000Z,vc04jg,icbnle2,CVE-2021-44832
5,2022-06-14T00:00:00.000Z,vbunt3,icbnrif,cve-2021-26414
11,2022-06-14T00:00:00.000Z,vbunt3,iccp1dz,CVE-2022-30190
3,2022-06-14T00:00:00.000Z,vc8o5o,iccq2q5,CVE-2022-30190
14,2022-06-14T00:00:00.000Z,vbunt3,iccqw43,CVE-2022-30190
3,2022-06-14T00:00:00.000Z,vbunt3,iccs2yy,CVE-2022-30190
4,2022-06-14T00:00:00.000Z,vbunt3,iccteqi,CVE-2022-30190
1,2022-06-14T00:00:00.000Z,vbunt3,iccwg1r,CVE-2022-30190
4,2022-06-14T00:00:00.000Z,vbunt3,iccxjwv,CVE-2022-30190
1,2022-06-14T00:00:00.000Z,vbunt3,icd26ls,CVE-2021-26414
64,2022-06-14T00:00:00.000Z,vbunt3,icdmg6y,cve-2021-26414
1,2022-06-14T00:00:00.000Z,vcdfs5,icdp2pk,CVE-2021-34527
2,2022-06-14T00:00:00.000Z,vcdfs5,icdql3y,cve-2021-34527
6,2022-06-15T00:00:00.000Z,vbunt3,icf56of,cve-2021-26414
3,2022-06-15T00:00:00.000Z,vcwg2r,icgryod,CVE-2022-0715
3,2022-06-15T00:00:00.000Z,vcwg2r,icgsd3q,CVE-2022-0715
2,2022-06-15T00:00:00.000Z,vcwg2r,ich5cc2,CVE-2022-0715
3,2022-06-15T00:00:00.000Z,vd4tpv,ici6owf,CVE-2022-30190
1,2022-06-16T00:00:00.000Z,vbunt3,icmll6p,CVE-2022-30154
1,2022-06-17T00:00:00.000Z,vbunt3,icqbdwv,CVE-2021-26414
2,2022-06-21T00:00:00.000Z,vghwqp,id6gsiz,CVE-2022-30168
1,2022-06-22T00:00:00.000Z,vgrrnh,idcg61v,CVE-2022-30165
1,2022-06-24T00:00:00.000Z,spxso6,idiqjq7,CVE-2020-0765
3,2022-06-25T00:00:00.000Z,vk66sk,idnj9wf,CVE-2021-1730
1,2022-06-26T00:00:00.000Z,vl8fo2,idtpxr2,CVE-2021-45608
3,2022-06-30T00:00:00.000Z,vny90e,ieaoosi,cve-2020-17049
2,2022-07-05T00:00:00.000Z,vruq8k,iexnyik,cve-2021-26414
3,2022-07-06T00:00:00.000Z,vsy9f3,if4qo22,CVE-2021-34527
2,2022-07-07T00:00:00.000Z,vtjh7y,if7jrpn,cve-2021-26414
4,2022-07-11T00:00:00.000Z,vw5b5l,ifoj4b2,cve-2021-26414
3,2022-07-11T00:00:00.000Z,vwrp5w,ifrta6z,cve-2021-34481
3,2022-07-12T00:00:00.000Z,vx1vdl,ifwgs9v,CVE-2022-22047
2,2022-07-14T00:00:00.000Z,vyd1ow,ig2fjpi,cve-2021-34481
1,2022-07-18T00:00:00.000Z,w1l2ox,igp1fcw,CVE-2016-0639
8,2022-07-23T00:00:00.000Z,w65tm9,ihbz6bo,CVE-2017-5754
17,2022-07-25T00:00:00.000Z,w7hua5,ihkpb4u,cve-2021-34481
4,2022-07-25T00:00:00.000Z,w7hua5,ihl20de,cve-2021-34481
5,2022-07-28T00:00:00.000Z,wa2jcx,ihylqqd,CVE-2021-41773
5,2022-07-30T00:00:00.000Z,wbyoov,iianz8t,cve-2021-26414
2,2022-08-03T00:00:00.000Z,wer16z,iir75jv,cve-2021-34481
10,2022-08-09T00:00:00.000Z,wjtdq7,ijlwgcz,CVE-2022-35804
3,2022-08-09T00:00:00.000Z,wjtdq7,ijm4k8v,CVE-2022-35742
2,2022-08-09T00:00:00.000Z,wjtdq7,ijm586g,cve-2022-34713
5,2022-08-10T00:00:00.000Z,wktz8v,ijph6wk,CVE-2022-35748
10,2022-08-10T00:00:00.000Z,wkvbfr,ijqdofi,CVE-2022-35748
6,2022-08-10T00:00:00.000Z,wkvbfr,ijqdsc1,CVE-2022-35748
3,2022-08-10T00:00:00.000Z,wkx2oc,ijr44mc,cve-2021-34481
3,2022-08-10T00:00:00.000Z,wkvbfr,ijr9tcp,CVE-2022-35748
1,2022-08-10T00:00:00.000Z,wkvbfr,ijrsc4n,CVE-2022-35748
1,2022-08-11T00:00:00.000Z,wkx2oc,iju9gqe,cve-2021-34481
3,2022-08-13T00:00:00.000Z,wms70u,ik3had2,cve-2021-26414
50,2022-08-17T00:00:00.000Z,wqoxvj,iknxecu,cve-2022-27255
4,2022-08-18T00:00:00.000Z,wqttsf,ikqt3kg,cve-2021-33757
1,2022-08-18T00:00:00.000Z,wrgaly,iks61o4,cve-2021-42287
64,2022-08-18T00:00:00.000Z,wrler0,iku2xkq,CVE-2021-32471
3,2022-08-19T00:00:00.000Z,wrler0,ikvgdps,CVE-2022-38392
3,2022-08-19T00:00:00.000Z,wsboyp,ikxcxrf,cve-2021-26414
3,2022-08-19T00:00:00.000Z,wsghpu,ikyguvh,CVE-2022-38392
1,2022-08-22T00:00:00.000Z,wtaagt,ilaiyl1,CVE-2010-3055
1,2022-08-22T00:00:00.000Z,wtaagt,ilak62b,CVE-2010-3055
3,2022-08-26T00:00:00.000Z,wy4on1,iluowvf,CVE-2022-31676
4,2022-08-26T00:00:00.000Z,wy4on1,iluuxih,CVE-2022-31676
29,2022-08-27T00:00:00.000Z,wyywcj,ilzw0s4,CVE-2022-21907
1,2022-08-30T00:00:00.000Z,x1fgll,ime3gho,CVE-2004-0998
10,2022-09-07T00:00:00.000Z,x7r14i,ine5k1d,CVE-2019-1653
3,2022-09-13T00:00:00.000Z,xcxdss,ioa5yu5,CVE-2022-34722
18,2022-09-13T00:00:00.000Z,xcxdss,iob8tus,CVE-2022-34718
1,2022-09-13T00:00:00.000Z,xcxdss,iobj5rw,CVE-2022-34722
6,2022-09-14T00:00:00.000Z,xcxdss,iodddoc,CVE-2022-34722
4,2022-09-14T00:00:00.000Z,xcxdss,iofhjrb,CVE-2022-38005
2,2022-09-14T00:00:00.000Z,xcxdss,iogeg5l,CVE-2022-34718
6,2022-09-15T00:00:00.000Z,xcxdss,ioifpjw,CVE-2022-37969
3,2022-09-15T00:00:00.000Z,xesvxr,iok4xl1,CVE-2021-34473
1,2022-09-26T00:00:00.000Z,sq1kq5,ipywi8b,CVE-2013-3900
1,2022-09-28T00:00:00.000Z,xq6ay1,iq7xahl,CVE-2021-42287
3,2022-10-02T00:00:00.000Z,xt999v,iqot8ts,CVE-2021-44228
2,2022-10-03T00:00:00.000Z,xcxdss,ique9qi,CVE-2022-34718
1,2022-10-07T00:00:00.000Z,xy83d5,irfv99l,cve-2021-34481
2,2022-10-08T00:00:00.000Z,xyb0q9,irj4bqt,cve-2021-34481
1,2022-10-10T00:00:00.000Z,xzlvca,irre6e4,CVE-2022-30190
1,2022-10-11T00:00:00.000Z,y1byg7,irwtcaz,CVE-2022-41040
9,2022-10-11T00:00:00.000Z,y0z1xa,irwwevs,CVE-2022-38028
2,2022-10-11T00:00:00.000Z,y0z1xa,irwy6g6,CVE-2022-21979
2,2022-10-12T00:00:00.000Z,y1om9h,irzzlcj,cve-2021-34481
1,2022-10-13T00:00:00.000Z,y0z1xa,is61f0v,cve-2022-38042
3,2022-10-13T00:00:00.000Z,y0z1xa,is634ek,CVE-2022-38042
2,2022-10-14T00:00:00.000Z,y3bj75,is8jyod,cve-2021-26414
1,2022-10-14T00:00:00.000Z,y0z1xa,is8rmah,CVE-2022-38042
1,2022-10-15T00:00:00.000Z,xy1zty,isf8roa,CVE-2022-40684
0,2022-10-22T00:00:00.000Z,y0z1xa,itbc706,CVE-2022-41033
41,2022-10-23T00:00:00.000Z,yb2wjc,iteircg,CVE-2022-41040
81,2022-10-25T00:00:00.000Z,yd398y,itqfamx,CVE-2019-0708
2,2022-10-26T00:00:00.000Z,ydxnpo,itv21mc,cve-2021-42287
1,2022-10-28T00:00:00.000Z,yfeet1,iu4ka2f,CVE-2022-21893
2,2022-10-29T00:00:00.000Z,yg1726,iu7lh1n,CVE-2022-38042
2,2022-10-31T00:00:00.000Z,yima0j,iujruw1,cve-2021-34481
1,2022-11-01T00:00:00.000Z,yj849e,iumcjoz,cve-2021-34481
2,2022-11-01T00:00:00.000Z,yj6woi,iumlib0,CVE-2022-40674
14,2022-11-01T00:00:00.000Z,yj6woi,iumlz9u,CVE-2022-3602
2,2022-11-01T00:00:00.000Z,sq1kq5,iumnp1c,CVE-2013-3900
2,2022-11-01T00:00:00.000Z,yj6woi,iumoyei,CVE-2022-40674
7,2022-11-01T00:00:00.000Z,yj6woi,iumzt6y,CVE-2022-3602
3,2022-11-01T00:00:00.000Z,yj6woi,iun5a0k,cve-2022-3602
21,2022-11-08T00:00:00.000Z,ypbpju,ivkst05,CVE-2022-41040
50,2022-11-08T00:00:00.000Z,ypbpju,ivkzb68,CVE-2022-41047
143,2022-11-08T00:00:00.000Z,ypbpju,ivlhuqg,cve-2022-37967
22,2022-11-08T00:00:00.000Z,ypbpju,ivlkw4i,cve-2022-37966
5,2022-11-09T00:00:00.000Z,ypbpju,ivmtfem,CVE-2022-37966
7,2022-11-09T00:00:00.000Z,ypbpju,ivpbj42,CVE-2022-41073
0,2022-11-10T00:00:00.000Z,ypbpju,ivtltow,CVE-2022-41073
5,2022-11-14T00:00:00.000Z,ypbpju,iw9y56l,cve-2022-37966
5,2022-11-14T00:00:00.000Z,yutlt9,iwb4z5z,cve-2022-37967
3,2022-11-14T00:00:00.000Z,yuxptq,iwbia6n,CVE-2022-38023
2,2022-11-14T00:00:00.000Z,ypbpju,iwdgh7y,CVE-2022-37967
1,2022-11-14T00:00:00.000Z,yuxptq,iwdo9qn,cve-2022-37966
2,2022-11-14T00:00:00.000Z,ypbpju,iwdqhyk,cve-2022-37966
6,2022-11-15T00:00:00.000Z,ypbpju,iwequp8,cve-2022-37966
3,2022-11-15T00:00:00.000Z,ypbpju,iwi6b2l,CVE-2021-42287
1,2022-11-16T00:00:00.000Z,ypbpju,iwj2q5q,cve-2022-37966
2,2022-11-16T00:00:00.000Z,ypbpju,iwju86j,CVE-2022-41073
2,2022-11-16T00:00:00.000Z,y5sbvv,iwlmohj,cve-2021-42287
1,2022-11-17T00:00:00.000Z,yx3vz5,iwofv9w,cve-2022-37966
1,2022-11-18T00:00:00.000Z,yy4wcv,iwsv4dv,cve-2022-41073
1,2022-11-20T00:00:00.000Z,ypbpju,ix4wfe7,cve-2022-37966
45,2022-11-22T00:00:00.000Z,z1tgxj,ixczbna,CVE-2021-34527
1,2022-11-23T00:00:00.000Z,z1tgxj,ixgl6v1,cve-2021-34481
2,2022-11-24T00:00:00.000Z,yy4wcv,ixkf5ca,cve-2022-37966
10,2022-11-25T00:00:00.000Z,ypbpju,ixs4h6i,cve-2022-37967
2,2022-11-27T00:00:00.000Z,z5mqh7,ixyvzx3,cve-2022-37967
1,2022-11-29T00:00:00.000Z,z7ymto,iy93ayp,cve-2019-11510
1,2022-11-30T00:00:00.000Z,z82vih,iyccrpr,CVE-2022-3859
5,2022-11-30T00:00:00.000Z,z8pdpr,iycm76j,CVE-2022-4135
3,2022-12-07T00:00:00.000Z,zao4yi,izbp5qb,CVE-2022-41040
3,2022-12-09T00:00:00.000Z,zh4v04,izlcvs2,cve-2021-42287
3,2022-12-13T00:00:00.000Z,zkuyes,j01r2tf,CVE-2022-21903
62,2022-12-13T00:00:00.000Z,zkmwww,j02fcam,CVE-2022-41076
10,2022-12-13T00:00:00.000Z,zkmwww,j045wlq,cve-2022-37967
14,2022-12-14T00:00:00.000Z,zkmwww,j04f8ua,cve-2022-37966
4,2022-12-14T00:00:00.000Z,zkmwww,j055cct,cve-2022-37966
16,2022-12-14T00:00:00.000Z,zkmwww,j08mvh9,cve-2022-37966
7,2022-12-15T00:00:00.000Z,zkmwww,j0a2ues,cve-2022-37966
5,2022-12-15T00:00:00.000Z,zkmwww,j0bholx,cve-2022-38042
1,2022-12-16T00:00:00.000Z,znijot,j0h3pnv,CVE-2013-3900
1,2022-12-16T00:00:00.000Z,znijot,j0hfw0d,CVE-2017-5715
1,2022-12-16T00:00:00.000Z,znijot,j0hg103,CVE-2013-3900
1,2022-12-16T00:00:00.000Z,znijot,j0hj3a5,CVE-2017-5753
6,2022-12-17T00:00:00.000Z,zo33cn,j0mgoxk,cve-2022-37967
56,2022-12-20T00:00:00.000Z,zq6r3a,j0wxnqx,CVE-2022-37958
1,2022-12-20T00:00:00.000Z,zq6r3a,j0ys9ol,CVE-2022-37958
-5,2022-12-20T00:00:00.000Z,zq6r3a,j0yy71e,CVE-2022-3524
4,2022-12-20T00:00:00.000Z,zq6r3a,j0z1o2x,CVE-2022-37958
2,2022-12-21T00:00:00.000Z,zr2h6o,j12ktdn,CVE-2021-42287
1,2022-12-21T00:00:00.000Z,zqtbas,j14qr9u,CVE-2021-43883
3,2022-12-25T00:00:00.000Z,zv835m,j1nxm2b,CVE-2022-47938
5,2022-12-27T00:00:00.000Z,zwc318,j1tyhm7,CVE-2022-24516
1,2022-12-30T00:00:00.000Z,zkmwww,j29c4y9,cve-2022-38023
3,2022-12-30T00:00:00.000Z,zz9p08,j2abef3,CVE-2019-1873
3,2023-01-01T00:00:00.000Z,1006m4d,j2g1lqx,cve-2022-47939
4,2023-01-01T00:00:00.000Z,1006m4d,j2g1m0e,cve-2022-47939
2,2023-01-05T00:00:00.000Z,zntii4,j34563h,cve-2022-37966
10,2023-01-06T00:00:00.000Z,104xl4g,j38e8j7,CVE-2022-41040
6,2023-01-06T00:00:00.000Z,1050sly,j38vbin,CVE-2022-41080
5,2023-01-07T00:00:00.000Z,1050sly,j3agkb9,CVE-2022-41080
2,2023-01-07T00:00:00.000Z,1051xn8,j3d2d9x,cve-2021-26414
82,2023-01-10T00:00:00.000Z,108gvht,j3s4yl3,CVE-2023-21674
65,2023-01-10T00:00:00.000Z,108gvht,j3s5b2y,CVE-2022-41099
12,2023-01-10T00:00:00.000Z,108gvht,j3stxtg,cve-2023-21674
45,2023-01-12T00:00:00.000Z,10a1enh,j433dmz,CVE-2022-41099
1,2023-01-13T00:00:00.000Z,10a1enh,j489twt,CVE-2022-41099
2,2023-01-15T00:00:00.000Z,10cmmcr,j4goa5u,CVE-2022-37966
1,2023-01-17T00:00:00.000Z,10dwqvd,j4pd8xg,CVE-2022-38023
3,2023-01-17T00:00:00.000Z,10duyyz,j4s19rl,CVE-2022-32168
1,2023-01-18T00:00:00.000Z,10a1enh,j4usyco,CVE-2022-41099
1,2023-01-19T00:00:00.000Z,10a1enh,j514d79,cve-2022-41099
1,2023-01-19T00:00:00.000Z,10a1enh,j514par,cve-2022-41099
1,2023-01-22T00:00:00.000Z,10hhmmm,j5dhnbv,CVE-2021-1678
5,2023-01-23T00:00:00.000Z,10j70ng,j5jejwu,CVE-2023-21563
7,2023-01-24T00:00:00.000Z,108gvht,j5mh6ri,CVE-2022-41099
3,2023-01-25T00:00:00.000Z,10kx6xs,j5tpvuj,CVE-2022-41099
1,2023-01-25T00:00:00.000Z,10kp4ye,j5ugc7j,CVE-2023-24055
3,2023-01-26T00:00:00.000Z,10lht3a,j5xeo1m,CVE-2020-1472
6,2023-01-29T00:00:00.000Z,10o1wfw,j6c6qxn,CVE-2020-1472
1,2023-02-02T00:00:00.000Z,10cmmcr,j6xtng7,CVE-2022-41099
31,2023-02-02T00:00:00.000Z,10rxye1,j6ydg1p,CVE-2023-24055
2,2023-02-02T00:00:00.000Z,10rrn5i,j6ylome,cve-2022-37967
1,2023-02-04T00:00:00.000Z,108gvht,j76yg6a,cve-2022-37966
-1,2023-02-04T00:00:00.000Z,10syxm9,j78a1me,CVE-2021-30481
2,2023-02-05T00:00:00.000Z,10tprg4,j791svz,CVE-2021-21974
1,2023-02-06T00:00:00.000Z,10uo948,j7glm92,CVE-2020-1350
2,2023-02-07T00:00:00.000Z,10wcg15,j7mcr8m,CVE-2022-40259
2,2023-02-13T00:00:00.000Z,110yz7o,j8c1nqo,cve-2021-26414
4,2023-02-13T00:00:00.000Z,111bsd0,j8ei9eu,cve-2021-34481
40,2023-02-14T00:00:00.000Z,1128v87,j8j3u2p,CVE-2023-21707
16,2023-02-14T00:00:00.000Z,1128v87,j8j4gfk,CVE-2023-21692
14,2023-02-14T00:00:00.000Z,1128v87,j8jat7p,CVE-2023-21823
1,2023-02-14T00:00:00.000Z,1128v87,j8jczf8,CVE-2023-21823
4,2023-02-14T00:00:00.000Z,1128v87,j8jdqw0,CVE-2023-21823
30,2023-02-14T00:00:00.000Z,1128v87,j8jojeq,CVE-2023-21689
2,2023-02-15T00:00:00.000Z,112o1te,j8lcdl7,CVE-2022-41099
4,2023-02-15T00:00:00.000Z,1128v87,j8lhj2r,CVE-2023-21803
8,2023-02-15T00:00:00.000Z,1128v87,j8mvyl6,CVE-2023-2176
0,2023-02-15T00:00:00.000Z,11338bi,j8oovf8,CVE-2022-0725
19,2023-02-16T00:00:00.000Z,1128v87,j8r1g23,cve-2023-23376
1,2023-02-16T00:00:00.000Z,1128v87,j8sfdkt,CVE-2023-21716
2,2023-02-18T00:00:00.000Z,115bcde,j92g6lm,CVE-2022-41099
2,2023-02-19T00:00:00.000Z,1128v87,j964cxd,CVE-2023-21716
2,2023-02-19T00:00:00.000Z,1128v87,j96d2n2,CVE-2023-21692
1,2023-02-20T00:00:00.000Z,1128v87,j99p9gy,CVE-2023-23376
2,2023-02-24T00:00:00.000Z,11a6wvh,j9t4ahq,CVE-2023-23379
3,2023-02-24T00:00:00.000Z,11atnhm,j9tzebl,cve-2021-26414
7,2023-02-27T00:00:00.000Z,11dhuty,ja8qnr7,CVE-2022-43552
4,2023-02-28T00:00:00.000Z,11dhuty,jad4ono,CVE-2022-43552
3,2023-02-28T00:00:00.000Z,11dhuty,jadop0x,CVE-2022-43552
2,2023-02-28T00:00:00.000Z,11edgx8,jadzqq8,CVE-2022-43552
1,2023-02-28T00:00:00.000Z,11dhuty,jaeehvr,CVE-2022-43552
2,2023-03-02T00:00:00.000Z,11g3jg1,janpufq,CVE-2022-37966
1,2023-03-04T00:00:00.000Z,11iakrt,jax6ih1,CVE-2022-44721
4,2023-03-06T00:00:00.000Z,11k0ed5,jb5tdep,cve-2016-0728
20,2023-03-06T00:00:00.000Z,11kdnai,jb6tsu8,cve-2021-42291
40,2023-03-07T00:00:00.000Z,11l4zbr,jbat1kl,CVE-2023-27530
6,2023-03-07T00:00:00.000Z,11l4zbr,jbb96e8,CVE-2023-27530
3,2023-03-07T00:00:00.000Z,11l4zbr,jbc0n0d,CVE-2023-27530
3,2023-03-08T00:00:00.000Z,11l4zbr,jbcp7cm,CVE-2023-27532
1,2023-03-08T00:00:00.000Z,11l4zbr,jbcq4b3,CVE-2023-27532
3,2023-03-08T00:00:00.000Z,11lchc4,jbdaf7m,CVE-2022-43552
4,2023-03-14T00:00:00.000Z,11qdf1b,jc6ed7i,cve-2022-37966
17,2023-03-14T00:00:00.000Z,11r8gg2,jc7cfk1,CVE-2023-23392
57,2023-03-14T00:00:00.000Z,11r8gg2,jc7oi0d,CVE-2023-2337
21,2023-03-14T00:00:00.000Z,11r8gg2,jc7xrz6,CVE-2022-43552
7,2023-03-14T00:00:00.000Z,11r8gg2,jc81rkg,CVE-2023-23397
41,2023-03-14T00:00:00.000Z,11r8gg2,jc83l3b,CVE-2023-23397
8,2023-03-15T00:00:00.000Z,11r8gg2,jc8cpge,cve-2022-37967
5,2023-03-15T00:00:00.000Z,11r8gg2,jca0kld,cve-2023-23397
47,2023-03-15T00:00:00.000Z,11rssg1,jca4nfs,CVE-2023-23397
16,2023-03-15T00:00:00.000Z,11rssg1,jcakppi,CVE-2023-23397
14,2023-03-15T00:00:00.000Z,11rssg1,jcakroj,CVE-2023-23397
11,2023-03-15T00:00:00.000Z,11rssg1,jcapdah,cve-2023-23397
4,2023-03-15T00:00:00.000Z,11rssg1,jcaupcw,CVE-2023-23397
25,2023-03-15T00:00:00.000Z,11rssg1,jcawl9g,CVE-2023-23397
1,2023-03-15T00:00:00.000Z,11rssg1,jcawq3y,CVE-2023-23397
2,2023-03-15T00:00:00.000Z,11rssg1,jcb7lud,CVE-2023-23397
1,2023-03-15T00:00:00.000Z,11rssg1,jcb9r95,CVE-2023-23397
2,2023-03-15T00:00:00.000Z,11rssg1,jcbbj6l,CVE-2023-23397
3,2023-03-15T00:00:00.000Z,11r8gg2,jcbnedp,CVE-2023-23397
1,2023-03-15T00:00:00.000Z,110yz7o,jcbti27,CVE-2021-26414
5,2023-03-15T00:00:00.000Z,11rssg1,jcbv9ig,CVE-2023-23397
1,2023-03-15T00:00:00.000Z,11rssg1,jcc5hld,CVE-2023-23397
23,2023-03-15T00:00:00.000Z,11r8gg2,jcc6nnp,CVE-2023-23397
2,2023-03-15T00:00:00.000Z,11rssg1,jccdu0e,CVE-2023-23397
8,2023-03-15T00:00:00.000Z,11rssg1,jccrp32,CVE-2023-23397
3,2023-03-15T00:00:00.000Z,11rvitl,jcctxv7,CVE-2023-23397
1,2023-03-15T00:00:00.000Z,11rwfcv,jcd57sr,cve-2023-23397
2,2023-03-16T00:00:00.000Z,11r8gg2,jcdzuj0,CVE-2023-23397
5,2023-03-16T00:00:00.000Z,11r8gg2,jcf8kq8,CVE-2023-23397
2,2023-03-16T00:00:00.000Z,11rycl4,jcfdjse,CVE-2023-23397
1,2023-03-16T00:00:00.000Z,11st141,jcfg0np,CVE-2017-15303
1,2023-03-16T00:00:00.000Z,11rssg1,jcflaur,CVE-2023-23397
2,2023-03-16T00:00:00.000Z,11sv9yw,jcfnvtn,CVE-2023-23397
1,2023-03-16T00:00:00.000Z,11stwde,jcfrrio,cve-2023-23397
2,2023-03-16T00:00:00.000Z,11rssg1,jcfrrq4,CVE-2023-23397
1,2023-03-16T00:00:00.000Z,11rssg1,jcfuddx,CVE-2023-2339
1,2023-03-16T00:00:00.000Z,11rssg1,jcfx08d,CVE-2023-23397
1,2023-03-16T00:00:00.000Z,11rycl4,jcg3vxb,CVE-2023-23397
2,2023-03-16T00:00:00.000Z,11kdnai,jcgh6ky,CVE-2021-42291
1,2023-03-16T00:00:00.000Z,11spobw,jcgn0v8,CVE-2023-21692
2,2023-03-17T00:00:00.000Z,11rssg1,jcio6cz,CVE-2023-23397
3,2023-03-17T00:00:00.000Z,11tgus5,jcjuopn,CVE-2023-23397
2,2023-03-17T00:00:00.000Z,11rgz8g,jcjzpjf,CVE-2023-23397
2,2023-03-17T00:00:00.000Z,11rgz8g,jcjzs4l,CVE-2023-23397
1,2023-03-17T00:00:00.000Z,11tq35d,jckbl1w,CVE-2023-23397
6,2023-03-17T00:00:00.000Z,11r8gg2,jcksv0j,CVE-2023-23397
48,2023-03-17T00:00:00.000Z,11tuje4,jckto63,CVE-2023-23397
2,2023-03-17T00:00:00.000Z,11tq35d,jcl6wy6,CVE-2023-23397
1,2023-03-17T00:00:00.000Z,11tq35d,jclaivf,CVE-2023-23397
45,2023-03-17T00:00:00.000Z,11to7qz,jcle2ll,CVE-2023-23397
5,2023-03-17T00:00:00.000Z,11tuje4,jcmtar6,cve-2022-47939
1,2023-03-18T00:00:00.000Z,11ttpp6,jcnzrzh,CVE-2023-23397
2,2023-03-18T00:00:00.000Z,11tq35d,jco0iaw,CVE-2023-23397
2,2023-03-18T00:00:00.000Z,11ttpp6,jcoj1og,CVE-2023-23397
4,2023-03-18T00:00:00.000Z,11to7qz,jcol0jl,CVE-2023-23397
1,2023-03-18T00:00:00.000Z,11tuje4,jcoyfov,CVE-2023-23397
9,2023-03-19T00:00:00.000Z,11veq1z,jctdq4u,CVE-2023-23397
2,2023-03-20T00:00:00.000Z,11wcsmp,jcxdpm2,CVE-2023-23397
1,2023-03-20T00:00:00.000Z,11ttpp6,jcxk9vq,CVE-2023-23397
3,2023-03-20T00:00:00.000Z,11t49mp,jcybqm5,CVE-2023-23397
1,2023-03-20T00:00:00.000Z,11tq35d,jcyjhy4,CVE-2023-23397
1,2023-03-21T00:00:00.000Z,11wub8y,jd2b8hi,CVE-2023-23397
2,2023-03-21T00:00:00.000Z,11t49mp,jd31oda,cve-2023-23397
2,2023-03-21T00:00:00.000Z,11rssg1,jd35d9w,CVE-2023-23397
3,2023-03-21T00:00:00.000Z,11xn6w8,jd4i08y,CVE-2016-2183
3,2023-03-23T00:00:00.000Z,11zrsg7,jddtz9r,CVE-2023-23397
5,2023-03-26T00:00:00.000Z,122or4w,jdsv67k,CVE-2021-3064
1,2023-03-27T00:00:00.000Z,11tgus5,jdxmeo2,CVE-2023-23397
0,2023-03-28T00:00:00.000Z,124aukz,jdymuhk,CVE-2023-24880
27,2023-03-28T00:00:00.000Z,124afup,jdyn3sc,cve-2022-37967
2,2023-03-29T00:00:00.000Z,125fcpj,je4xutm,CVE-2023-23397
1,2023-03-29T00:00:00.000Z,11tgus5,je53eim,CVE-2023-23397
1,2023-03-29T00:00:00.000Z,11wneyr,je5gywa,CVE-2023-24880
1,2023-04-03T00:00:00.000Z,12aaxgr,jes2ltg,CVE-2022-43552
1,2023-04-06T00:00:00.000Z,12cptda,jf4sttw,CVE-2022-37966
1,2023-04-06T00:00:00.000Z,12cm2df,jf6nydb,CVE-2022-34724
1,2023-04-08T00:00:00.000Z,12f75w9,jffl2kk,CVE-2022-41034
1,2023-04-10T00:00:00.000Z,12hg67k,jfq3157,cve-2022-38023
4,2023-04-11T00:00:00.000Z,12cptda,jfu323w,CVE-2022-38023
223,2023-04-11T00:00:00.000Z,12imjjn,jfu4fqg,CVE-2022-37967
1,2023-04-11T00:00:00.000Z,11xhabi,jfu7svx,CVE-2022-38023
19,2023-04-11T00:00:00.000Z,12imjjn,jfudz12,CVE-2023-21554
110,2023-04-11T00:00:00.000Z,12imjjn,jfufp6y,CVE-2022-38023
22,2023-04-11T00:00:00.000Z,12imjjn,jfuiiug,CVE-2023-28252
4,2023-04-11T00:00:00.000Z,12imjjn,jfunkh4,CVE-2022-26923
3,2023-04-11T00:00:00.000Z,12imjjn,jfusb00,CVE-2022-26923
11,2023-04-11T00:00:00.000Z,12imjjn,jfutnhi,cve-2022-38023
9,2023-04-11T00:00:00.000Z,12imjjn,jfuxtyf,cve-2021-42291
1,2023-04-11T00:00:00.000Z,12cm2df,jfuzp3k,CVE-2023-28223
6,2023-04-11T00:00:00.000Z,12imjjn,jfv23sg,cve-2023-28252
8,2023-04-12T00:00:00.000Z,12imjjn,jfx2zzh,cve-2021-42291
3,2023-04-12T00:00:00.000Z,12iv4hz,jfy3ea8,CVE-2018-13379
8,2023-04-12T00:00:00.000Z,12imjjn,jfy7g0f,CVE-2023-23384
2,2023-04-12T00:00:00.000Z,12imjjn,jfya1rh,CVE-2021-42291
1,2023-04-12T00:00:00.000Z,12imjjn,jfykgl4,CVE-2023-21554
2,2023-04-12T00:00:00.000Z,12imjjn,jfysc1c,CVE-2023-28250
2,2023-04-12T00:00:00.000Z,12iv4hz,jfyw8tj,CVE-2019-5589
17,2023-04-12T00:00:00.000Z,12imjjn,jfzg8d7,CVE-2023-28292
1,2023-04-12T00:00:00.000Z,12jfgui,jfzmvuy,cve-2021-42291
12,2023-04-12T00:00:00.000Z,12jouk4,jg04ebq,cve-2022-37969
2,2023-04-12T00:00:00.000Z,12jfgui,jg0rdze,cve-2021-42291
6,2023-04-12T00:00:00.000Z,12imjjn,jg0rhx8,cve-2021-42291
2,2023-04-13T00:00:00.000Z,12jouk4,jg1a585,CVE-2023-21554
3,2023-04-13T00:00:00.000Z,12imjjn,jg2ck78,CVE-2021-42291
6,2023-04-13T00:00:00.000Z,12imjjn,jg3ax2n,CVE-2022-38023
2,2023-04-13T00:00:00.000Z,12jouk4,jg3gnsl,CVE-2023-28252
2,2023-04-13T00:00:00.000Z,12kku0y,jg4ta8x,CVE-2023-24880
9,2023-04-13T00:00:00.000Z,12imjjn,jg4ztu5,CVE-2022-37967
2,2023-04-17T00:00:00.000Z,12pndlx,jgmqage,cve-2022-37967
1,2023-04-18T00:00:00.000Z,12cptda,jgrwe2s,cve-2022-37967
1,2023-04-19T00:00:00.000Z,12imjjn,jgvr37k,cve-2022-38023
5,2023-04-19T00:00:00.000Z,12imjjn,jgvuudk,CVE-2022-38023
2,2023-04-20T00:00:00.000Z,12imjjn,jgyoqdq,cve-2022-38023
2,2023-04-20T00:00:00.000Z,12sqvnl,jh27tsh,CVE-2023-27350
1,2023-04-24T00:00:00.000Z,12xgoxs,jhk9ahz,cve-2021-26414
3,2023-04-27T00:00:00.000Z,1303zcx,jhv9ufy,cve-2023-27350
30,2023-04-29T00:00:00.000Z,1331nz9,ji7jy6u,CVE-2022-26923
22,2023-05-01T00:00:00.000Z,134jtvn,jifcit8,CVE-2022-41099
103,2023-05-01T00:00:00.000Z,134jtvn,jifee8i,CVE-2022-41099
6,2023-05-01T00:00:00.000Z,134jtvn,jifejup,CVE-2022-41099
6,2023-05-03T00:00:00.000Z,136cwjz,jipg4da,CVE-2023-28879
2,2023-05-03T00:00:00.000Z,136cwjz,jiph5g0,cve-2023-28879
27,2023-05-03T00:00:00.000Z,136cwjz,jipjimf,CVE-2023-28879
1,2023-05-05T00:00:00.000Z,137w63x,jiyjhj4,CVE-2021-40124
1,2023-05-08T00:00:00.000Z,139vo53,jjaligl,CVE-2022-38023
25,2023-05-09T00:00:00.000Z,13cu0c2,jjhr1yi,CVE-2023-24941
96,2023-05-09T00:00:00.000Z,13cu0c2,jjhrgci,CVE-2023-24932
8,2023-05-09T00:00:00.000Z,13cu0c2,jjhtg63,CVE-2023-29336
29,2023-05-09T00:00:00.000Z,13cu0c2,jji4imb,CVE-2023-24932
5,2023-05-09T00:00:00.000Z,13cu0c2,jji4iwc,cve-2021-42291
27,2023-05-09T00:00:00.000Z,13cu0c2,jjiap15,cve-2023-24932
35,2023-05-09T00:00:00.000Z,13cu0c2,jjizl07,CVE-2023-24932
6,2023-05-10T00:00:00.000Z,13cu0c2,jjjyded,cve-2023-24932
58,2023-05-10T00:00:00.000Z,13dd18b,jjko8g9,CVE-2023-32233
15,2023-05-10T00:00:00.000Z,13dkd8z,jjlnsb4,cve-2023-24932
16,2023-05-10T00:00:00.000Z,13dd18b,jjlu6k8,CVE-2023-32233
6,2023-05-10T00:00:00.000Z,13cu0c2,jjmbiq4,CVE-2023-24932
5,2023-05-11T00:00:00.000Z,13dd18b,jjplz1n,CVE-2023-32233
1,2023-05-13T00:00:00.000Z,13dd18b,jk06lbm,CVE-2023-32233
6,2023-05-15T00:00:00.000Z,13hfnsz,jk6nvyd,cve-2023-24932
5,2023-05-15T00:00:00.000Z,13hfnsz,jk95hup,CVE-2023-24881
9,2023-05-15T00:00:00.000Z,13hfnsz,jk95iph,CVE-2022-37966
2,2023-05-15T00:00:00.000Z,13dd18b,jk9diet,CVE-2023-32233
3,2023-05-16T00:00:00.000Z,13ihzjp,jkd54jt,CVE-2023-25717
1,2023-05-18T00:00:00.000Z,13hfnsz,jklbrbb,CVE-2022-37966
1,2023-05-18T00:00:00.000Z,13klk78,jkmjxl2,CVE-2023-32784
1,2023-05-18T00:00:00.000Z,13l4q1u,jkol9o3,cve-2023-24932
3,2023-05-19T00:00:00.000Z,13l0urb,jkqp1ej,CVE-2023-23397
5,2023-05-19T00:00:00.000Z,13lo23l,jkrn9ec,CVE-2023-25717
1,2023-05-19T00:00:00.000Z,13l2b2s,jkrwg5h,CVE-2022-41099
1,2023-05-20T00:00:00.000Z,13m7mwx,jkv13lq,cve-2023-23397
2,2023-05-20T00:00:00.000Z,13n8fqz,jkyhls2,cve-2021-26414
3,2023-05-21T00:00:00.000Z,13nxb2i,jl1hi8c,cve-2022-41099
1,2023-05-21T00:00:00.000Z,13nxb2i,jl1iape,CVE-2022-41099
1,2023-05-22T00:00:00.000Z,11i51s0,jl4s4en,cve-2022-37967
2,2023-05-22T00:00:00.000Z,13ol6xx,jl5mvzs,cve-2022-21920
3,2023-05-22T00:00:00.000Z,13hfnsz,jl7al6w,CVE-2022-37966
3,2023-05-24T00:00:00.000Z,13qtkbm,jlhagh9,CVE-2023-2868
1,2023-06-01T00:00:00.000Z,13xgwjm,jmisftg,CVE-2023-21563
2,2023-06-02T00:00:00.000Z,13wxuej,jmmno4b,CVE-2023-34362
1,2023-06-02T00:00:00.000Z,11txrea,jmn0tfy,cve-2023-24932
44,2023-06-04T00:00:00.000Z,140mae8,jmwc1p7,cve-2023-24932
1,2023-06-05T00:00:00.000Z,140mae8,jmz8p4e,cve-2023-24932
2,2023-06-07T00:00:00.000Z,13wxuej,jnaaonj,CVE-2023-34362
1,2023-06-07T00:00:00.000Z,143k1bp,jnaf8z5,cve-2022-38023
1,2023-06-07T00:00:00.000Z,143k1bp,jnaiwlh,CVE-2022-38023
2,2023-06-13T00:00:00.000Z,148bqn8,jo04ia8,CVE-2022-43931
4,2023-06-13T00:00:00.000Z,148fwct,jo06pme,cve-2022-38023
19,2023-06-13T00:00:00.000Z,148geic,jo0jr4p,CVE-2023-29357
7,2023-06-13T00:00:00.000Z,148geic,jo0r3vq,CVE-2023-29357
47,2023-06-13T00:00:00.000Z,148geic,jo179kb,CVE-2022-38023
39,2023-06-13T00:00:00.000Z,148geic,jo1nb7i,cve-2023-32019
5,2023-06-14T00:00:00.000Z,148geic,jo2ndpp,cve-2023-32019
4,2023-06-14T00:00:00.000Z,148geic,jo32ujo,CVE-2023-32019
5,2023-06-14T00:00:00.000Z,148geic,jo39ugs,CVE-2023-29357
1,2023-06-14T00:00:00.000Z,148geic,jo3oqi1,CVE-2022-38023
1,2023-06-14T00:00:00.000Z,148geic,jo3pk8o,CVE-2022-38023
1,2023-06-14T00:00:00.000Z,148geic,jo3r8w5,cve-2022-37967
6,2023-06-14T00:00:00.000Z,148geic,jo478qo,cve-2023-32019
1,2023-06-14T00:00:00.000Z,148geic,jo4j1x2,CVE-2022-38023
1,2023-06-14T00:00:00.000Z,148geic,jo506dc,CVE-2022-38023
1,2023-06-14T00:00:00.000Z,12ksjc3,jo5xpp5,CVE-2022-38023
2,2023-06-15T00:00:00.000Z,148geic,jo66zly,CVE-2022-38023
1,2023-06-15T00:00:00.000Z,148geic,jo791rx,cve-2023-32019
2,2023-06-15T00:00:00.000Z,148geic,jo7qq1y,cve-2023-32019
9,2023-06-15T00:00:00.000Z,148geic,jo82ctx,CVE-2023-32019
193,2023-06-15T00:00:00.000Z,14a6rc1,jo8x1mo,cve-2023-34362
10,2023-06-15T00:00:00.000Z,14aa6gf,jo9g5ps,CVE-2023-35036
5,2023-06-16T00:00:00.000Z,148geic,jode18k,cve-2023-32019
1,2023-06-17T00:00:00.000Z,14ajqdx,joinseq,cve-2023-32019
1,2023-06-19T00:00:00.000Z,149v26h,joopj8q,cve-2023-32019
2,2023-06-20T00:00:00.000Z,148geic,jot5pk5,cve-2022-37967
5,2023-06-20T00:00:00.000Z,14eidww,jov010y,CVE-2021-26414
11,2023-06-22T00:00:00.000Z,14g5aaj,jp3mwtx,CVE-2021-34527
2,2023-06-22T00:00:00.000Z,14g7eny,jp3v698,cve-2022-38023
1,2023-06-22T00:00:00.000Z,148geic,jp5ixfh,cve-2022-38023
2,2023-06-23T00:00:00.000Z,14h9uu9,jp9ujw4,cve-2022-38023
3,2023-06-27T00:00:00.000Z,14kd3je,jppxf79,CVE-2022-37967
4,2023-07-04T00:00:00.000Z,14qee8u,jqn6ber,CVE-2023-24903
3,2023-07-05T00:00:00.000Z,14r558y,jqqnd3u,cve-2022-37967
1,2023-07-05T00:00:00.000Z,14r558y,jqr4htt,CVE-2022-38023
5,2023-07-06T00:00:00.000Z,14rjhma,jqukrab,CVE-2019-18935
5,2023-07-06T00:00:00.000Z,14sbtei,jqwy3ku,CVE-2023-34362
2,2023-07-10T00:00:00.000Z,14uz7sh,jrcugt6,CVE-2003-0352
1,2023-07-10T00:00:00.000Z,14vltyz,jrg7rtr,cve-2022-38023
1,2023-07-11T00:00:00.000Z,14wtpne,jrjmarm,CVE-2022-38023
2,2023-07-11T00:00:00.000Z,14wt6x2,jrjp1gv,cve-2021-34481
1,2023-07-11T00:00:00.000Z,14wtpne,jrk79gu,CVE-2023-32057
3,2023-07-11T00:00:00.000Z,14wtpne,jrk8tv3,CVE-2023-34362
1,2023-07-11T00:00:00.000Z,14wtpne,jrkfnwz,CVE-2022-37967
-3,2023-07-11T00:00:00.000Z,14wtpne,jrkkipi,CVE-2023-35311
1,2023-07-11T00:00:00.000Z,14wtpne,jrl2cmm,CVE-2023-35348
1,2023-07-11T00:00:00.000Z,14wtpne,jrlj2zd,CVE-2023-24932
3,2023-07-12T00:00:00.000Z,14wtpne,jrmbzwd,CVE-2023-36884
1,2023-07-12T00:00:00.000Z,14wtpne,jrn32jp,cve-2022-38023
1,2023-07-12T00:00:00.000Z,14wtpne,jrn45ct,CVE-2023-32019
1,2023-07-12T00:00:00.000Z,14xmkw6,jro1dov,CVE-2022-38023
1,2023-07-12T00:00:00.000Z,14xmkw6,jroqci9,cve-2022-38023
1,2023-07-12T00:00:00.000Z,14xmkw6,jrox8zy,cve-2020-1472
6,2023-07-12T00:00:00.000Z,14wtpne,jrp6obg,cve-2022-38023
25,2023-07-12T00:00:00.000Z,14xuk8z,jrpef6n,cve-2023-36884
1,2023-07-12T00:00:00.000Z,14xmkw6,jrpfmp7,cve-2022-38023
1,2023-07-12T00:00:00.000Z,14wtpne,jrq1g6p,CVE-2022-37967
1,2023-07-12T00:00:00.000Z,14wtpne,jrq4bwn,CVE-2022-38023
1,2023-07-12T00:00:00.000Z,14wt6x2,jrq4n89,CVE-2021-34527
1,2023-07-12T00:00:00.000Z,14wtpne,jrqdxh6,CVE-2023-35365
1,2023-07-12T00:00:00.000Z,14wtpne,jrqi9pe,cve-2022-37967
1,2023-07-12T00:00:00.000Z,14xuk8z,jrql6z4,cve-2023-36884
1,2023-07-13T00:00:00.000Z,13hfnsz,jrsi1bi,cve-2022-37966
2,2023-07-13T00:00:00.000Z,14wtpne,jrsnz9m,CVE-2023-36934
6,2023-07-13T00:00:00.000Z,14yndry,jrtcrla,cve-2022-37967
1,2023-07-13T00:00:00.000Z,13dkd8z,jrurxcl,cve-2023-24932
1,2023-07-13T00:00:00.000Z,14wtpne,jrv0cnr,CVE-2023-36884
1,2023-07-14T00:00:00.000Z,14wtpne,jrvr4pe,CVE-2023-21716
1,2023-07-14T00:00:00.000Z,14z8kl0,jrwmf3c,CVE-2023-24932
1,2023-07-15T00:00:00.000Z,150j751,js3v9fu,CVE-2023-36884
1,2023-07-16T00:00:00.000Z,150j751,js5cmgn,CVE-2022-37966
1,2023-07-18T00:00:00.000Z,150j751,jsgmhvw,CVE-2022-26931
1,2023-07-18T00:00:00.000Z,14yoa76,jsh5yxe,CVE-2023-35311
1,2023-07-20T00:00:00.000Z,152zhd0,jspataf,cve-2023-3519
1,2023-07-20T00:00:00.000Z,154x3tt,jsrcyg3,CVE-2023-36884
1,2023-07-21T00:00:00.000Z,154kmbv,jsu0ee8,CVE-2023-3519
1,2023-07-21T00:00:00.000Z,155lec2,jsvxtrf,CVE-2022-38392
1,2023-07-21T00:00:00.000Z,1543cm5,jswtfho,CVE-2023-36884
1,2023-07-22T00:00:00.000Z,14zbyf2,jt10mvk,CVE-2023-24881
1,2023-07-23T00:00:00.000Z,157hx41,jt5vtdx,CVE-2021-31372
1,2023-07-23T00:00:00.000Z,157hx41,jt5w5os,CVE-2021-0275
1,2023-07-24T00:00:00.000Z,1585es4,jt8h1p1,cve-2021-26414
1,2023-07-24T00:00:00.000Z,1587wyo,jt9zrdp,cve-2023-38408
1,2023-07-24T00:00:00.000Z,1587wyo,jta87cg,cve-2023-32254
1,2023-07-24T00:00:00.000Z,14wtpne,jtadbhh,CVE-2023-36884
1,2023-07-26T00:00:00.000Z,15acky6,jtk6dlq,CVE-2021-42287
4,2023-07-26T00:00:00.000Z,15acejw,jtkxpr9,CVE-2023-35078
1,2023-07-27T00:00:00.000Z,15b55ul,jtp6ghb,cve-2020-3452
1,2023-07-27T00:00:00.000Z,15axp4m,jtppx60,CVE-2023-36884
1,2023-07-28T00:00:00.000Z,15b55ul,jtuq3dl,CVE-2023-27997
1,2023-07-31T00:00:00.000Z,15eav0l,ju6km2v,CVE-2014-4752
1,2023-07-31T00:00:00.000Z,15eatc0,ju7n0ai,CVE-2022-38023
1,2023-07-31T00:00:00.000Z,15eb4ok,ju8mncm,cve-2021-34481
1,2023-08-03T00:00:00.000Z,15hbycz,juoaj1p,cve-2021-34481
1,2023-08-03T00:00:00.000Z,15hb86m,juocr66,CVE-2022-22950
1,2023-08-08T00:00:00.000Z,15lkmhv,jvbo8kh,CVE-2023-36884
1,2023-08-08T00:00:00.000Z,15lkmhv,jvbr7cs,CVE-2023-36910
1,2023-08-08T00:00:00.000Z,15lkmhv,jvbs3cz,CVE-2023-29330
1,2023-08-08T00:00:00.000Z,15lkmhv,jvbufuq,CVE-2023-35078
1,2023-08-08T00:00:00.000Z,15lkmhv,jvc11j6,CVE-2023-21709
1,2023-08-08T00:00:00.000Z,15lkmhv,jvci4i2,CVE-2023-36910
1,2023-08-08T00:00:00.000Z,15lkmhv,jvcjro3,cve-2023-38180
1,2023-08-08T00:00:00.000Z,15lp4op,jvcs7f5,CVE-2022-40982
1,2023-08-08T00:00:00.000Z,15lkmhv,jvd5lpi,CVE-2023-38170
1,2023-08-09T00:00:00.000Z,15hb86m,jverrzd,cve-2022-22963
1,2023-08-09T00:00:00.000Z,15lp4op,jvfyofg,cve-2022-40982
1,2023-08-09T00:00:00.000Z,15lkmhv,jvh5157,CVE-2023-38178
1,2023-08-10T00:00:00.000Z,15jy693,jvjhrce,CVE-2023-36884
1,2023-08-10T00:00:00.000Z,15lkmhv,jvjiy7n,CVE-2023-36884
1,2023-08-10T00:00:00.000Z,14yoa76,jvl4hhw,CVE-2023-35311
1,2023-08-10T00:00:00.000Z,15lkmhv,jvlcdy6,CVE-2023-36884
1,2023-08-11T00:00:00.000Z,15lkmhv,jvs8smo,CVE-2023-36884
1,2023-08-11T00:00:00.000Z,15lkmhv,jvs9h96,cve-2023-32019
1,2023-08-14T00:00:00.000Z,15lkmhv,jw5a6vw,CVE-2023-32019
1,2023-08-15T00:00:00.000Z,15s4ulb,jwcd28r,CVE-2022-1096
1,2023-08-16T00:00:00.000Z,15lkmhv,jwgr2gq,CVE-2022-43552
1,2023-08-16T00:00:00.000Z,15lkmhv,jwh102v,CVE-2023-32001
1,2023-08-17T00:00:00.000Z,15lkmhv,jwl3jd0,CVE-2023-36769
1,2023-08-18T00:00:00.000Z,15ssoob,jwrzwpn,CVE-2023-33151
1,2023-08-21T00:00:00.000Z,15xamu3,jx6n3ma,CVE-2023-1017
1,2023-08-21T00:00:00.000Z,15xf79b,jx6slft,CVE-2023-23397
1,2023-08-22T00:00:00.000Z,15xjvob,jx89770,cve-2023-3519
1,2023-08-22T00:00:00.000Z,15y2day,jx9f9op,CVE-2021-36934
1,2023-08-22T00:00:00.000Z,11txrea,jx9zyew,CVE-2022-41099
1,2023-08-23T00:00:00.000Z,15yz8xh,jxehqam,cve-2023-40477
1,2023-08-25T00:00:00.000Z,160uocr,jxon9ax,cve-2022-37966
1,2023-08-30T00:00:00.000Z,15s8e72,jyeliue,CVE-2023-32001
1,2023-08-31T00:00:00.000Z,1667qi4,jyid7u6,cve-2020-19909
1,2023-09-12T00:00:00.000Z,16gtrdf,k0a3k7z,CVE-2021-34527
1,2023-09-12T00:00:00.000Z,16gtnhy,k0ab1d6,CVE-2023-35674
1,2023-09-12T00:00:00.000Z,16gtnhy,k0auz5z,cve-2023-38149
1,2023-09-12T00:00:00.000Z,16gtnhy,k0b0v98,CVE-2020-19909
1,2023-09-12T00:00:00.000Z,16gtnhy,k0b77j8,cve-2023-36761
1,2023-09-12T00:00:00.000Z,16gtnhy,k0bbwc7,cve-2020-19909
1,2023-09-13T00:00:00.000Z,16h5x0m,k0cw1al,CVE-2023-27253
1,2023-09-13T00:00:00.000Z,16gtnhy,k0duqbp,cve-2022-37967
1,2023-09-13T00:00:00.000Z,16gtnhy,k0e5utm,cve-2022-37967
1,2023-09-13T00:00:00.000Z,15xcs3x,k0fbmxr,cve-2021-26414
1,2023-09-13T00:00:00.000Z,16hyuj3,k0gwxk9,cve-2021-42287
1,2023-09-14T00:00:00.000Z,16hyuj3,k0i0wsh,CVE-2021-42287
1,2023-09-14T00:00:00.000Z,16hxhbh,k0jticm,CVE-2023-23397
1,2023-09-15T00:00:00.000Z,16gtnhy,k0qtfa2,CVE-2022-37967
1,2023-09-21T00:00:00.000Z,16ojqve,k1l4oh1,cve-2022-37967
1,2023-09-26T00:00:00.000Z,141dmsd,k2ac06i,cve-2023-24932
1,2023-09-26T00:00:00.000Z,141dmsd,k2ad1pm,cve-2023-24932
1,2023-09-27T00:00:00.000Z,16teato,k2eu60q,CVE-2023-5129
1,2023-09-27T00:00:00.000Z,16teato,k2eudsn,cve-2023-4863
1,2023-09-27T00:00:00.000Z,16teato,k2f3nzj,cve-2023-4863
1,2023-09-27T00:00:00.000Z,16teato,k2f5b7j,CVE-2023-5129
1,2023-09-27T00:00:00.000Z,16teato,k2f7g9j,CVE-2023-4823
1,2023-09-27T00:00:00.000Z,16teato,k2fcgkv,CVE-2023-5129
1,2023-09-27T00:00:00.000Z,16teato,k2g23l1,CVE-2023-4863
1,2023-09-27T00:00:00.000Z,16teato,k2ggpqv,CVE-2023-41992
1,2023-09-27T00:00:00.000Z,16teato,k2gs0tb,CVE-2023-4863
1,2023-09-27T00:00:00.000Z,16teato,k2gvfzj,CVE-2023-4863
1,2023-09-27T00:00:00.000Z,16teato,k2hrj8m,CVE-2023-5219
1,2023-09-27T00:00:00.000Z,16teato,k2hwiam,CVE-2023-4863
1,2023-09-27T00:00:00.000Z,16teato,k2hwqry,CVE-2023-4863
1,2023-09-27T00:00:00.000Z,16teato,k2hx2cg,CVE-2023-5129
1,2023-09-28T00:00:00.000Z,16teato,k2if3vm,CVE-2023-4863
1,2023-09-28T00:00:00.000Z,16teato,k2if976,CVE-2023-4863
1,2023-09-28T00:00:00.000Z,16teato,k2j2b2z,CVE-2023-4863
1,2023-09-28T00:00:00.000Z,16twcth,k2j9299,CVE-2023-5192
1,2023-09-28T00:00:00.000Z,16twcth,k2je1pl,CVE-2023-5129
1,2023-09-28T00:00:00.000Z,16twcth,k2jmi05,CVE-2023-4863
1,2023-09-28T00:00:00.000Z,16twcth,k2jx4qh,CVE-2023-4863
1,2023-09-28T00:00:00.000Z,16u0hhi,k2jyeu8,CVE-2023-5129
1,2023-09-28T00:00:00.000Z,16teato,k2k30n1,CVE-2023-4863
1,2023-09-28T00:00:00.000Z,16u0hhi,k2ksluw,CVE-2023-5129
1,2023-09-28T00:00:00.000Z,16teato,k2l15ms,CVE-2023-41993
1,2023-09-28T00:00:00.000Z,16uht8w,k2mpk73,CVE-2013-3900
1,2023-09-29T00:00:00.000Z,16vc57c,k2rtmke,CVE-2023-4863
1,2023-10-04T00:00:00.000Z,16ztfna,k3gll2j,CVE-2006-5745
1,2023-10-07T00:00:00.000Z,172fgoy,k3wc0w2,CVE-2023-38039
1,2023-10-10T00:00:00.000Z,174ncwy,k4av6wr,CVE-2023-44487
1,2023-10-10T00:00:00.000Z,174ncwy,k4b0mi3,CVE-2023-44487
1,2023-10-10T00:00:00.000Z,174ncwy,k4b1h8k,CVE-2023-36563
1,2023-10-10T00:00:00.000Z,174ncwy,k4bee4u,CVE-2022-37967
1,2023-10-10T00:00:00.000Z,174ncwy,k4bu15c,cve-2022-37966
1,2023-10-10T00:00:00.000Z,174ncwy,k4cele2,cve-2023-36563
1,2023-10-11T00:00:00.000Z,1755c9y,k4dxqza,CVE-2023-38545
1,2023-10-11T00:00:00.000Z,174ncwy,k4elbhy,cve-2023-35349
1,2023-10-11T00:00:00.000Z,174ncwy,k4h8792,cve-2022-37966
1,2023-10-12T00:00:00.000Z,1757y88,k4jnqx3,cve-2023-38545
1,2023-10-12T00:00:00.000Z,1757y88,k4jnvxj,cve-2023-38545
1,2023-10-13T00:00:00.000Z,176u0mc,k4p84t4,cve-2021-42287
1,2023-10-14T00:00:00.000Z,177pcwm,k4v0xjn,CVE-2021-36934
1,2023-10-14T00:00:00.000Z,176u0mc,k4vob9s,cve-2021-42287
1,2023-10-20T00:00:00.000Z,17c72iy,k5p5qzx,CVE-2018-15715
1,2023-10-20T00:00:00.000Z,17br8qs,k5qgd5n,cve-2021-26414
1,2023-10-25T00:00:00.000Z,17fc0vz,k6brpkt,CVE-2022-38083
1,2023-10-25T00:00:00.000Z,17g47tw,k6fuiom,CVE-2023-34048
1,2023-10-25T00:00:00.000Z,174ncwy,k6g59gh,CVE-2022-37966
1,2023-10-27T00:00:00.000Z,17gds1y,k6orvt1,CVE-2023-5217
1,2023-10-27T00:00:00.000Z,1757y88,k6pid6s,CVE-2023-38545
1,2023-10-28T00:00:00.000Z,17hvirc,k6rwowk,cve-2023-20269
1,2023-10-31T00:00:00.000Z,17kfqfq,k77xvlp,cve-2023-22518
1,2023-10-31T00:00:00.000Z,17kfqfq,k78aovf,cve-2020-0688
1,2023-11-01T00:00:00.000Z,17kfqfq,k7cp3yt,CVE-2023-22518
1,2023-11-04T00:00:00.000Z,17lx0no,k7usqos,cve-2022-26925
9,2023-11-07T00:00:00.000Z,17pyv1z,k88ikjk,CVE-2023-38545
4,2023-11-07T00:00:00.000Z,17pyv1z,k88je49,CVE-2023-38545
2,2023-11-08T00:00:00.000Z,17q2zb0,k8dmhuc,CVE-2023-22518
4,2023-11-08T00:00:00.000Z,17q2zb0,k8eaxfr,CVE-2023-22515
1,2023-11-09T00:00:00.000Z,17r9o9a,k8iqtch,CVE-2023-38545
1,2023-11-10T00:00:00.000Z,17q2zb0,k8m5fwr,cve-2023-46604
1,2023-11-14T00:00:00.000Z,17v51z1,k988fw9,CVE-2022-26526
16,2023-11-14T00:00:00.000Z,17v5ckh,k98cyva,cve-2023-38545
32,2023-11-14T00:00:00.000Z,17v5ckh,k98u8ws,CVE-2023-46604
8,2023-11-14T00:00:00.000Z,17v5ckh,k992ef1,CVE-2023-36025
2,2023-11-14T00:00:00.000Z,17v5ckh,k99njv8,CVE-2023-38545
2,2023-11-15T00:00:00.000Z,17v5ckh,k9aehft,cve-2023-36025
8,2023-11-15T00:00:00.000Z,17v5ckh,k9ao2tx,CVE-2023-38545
2,2023-11-15T00:00:00.000Z,17v5ckh,k9dhods,CVE-2023-38545
5,2023-11-15T00:00:00.000Z,17v5ckh,k9e4y5v,CVE-2023-36028
4,2023-11-15T00:00:00.000Z,17v5ckh,k9eexv0,CVE-2023-38545
2,2023-11-16T00:00:00.000Z,17vjdzn,k9hxuuh,CVE-2023-23583
2,2023-11-16T00:00:00.000Z,17q3hr9,k9i40vw,CVE-2023-38545
1,2023-11-17T00:00:00.000Z,17vjdzn,k9n75o6,CVE-2023-235833
1,2023-11-19T00:00:00.000Z,14rrb3m,k9vu0mq,CVE-2023-26203
2,2023-11-19T00:00:00.000Z,17v5ckh,k9w18li,CVE-2021-34481
1,2023-11-20T00:00:00.000Z,17z62ud,ka28vbb,CVE-2008-3704
1,2023-11-21T00:00:00.000Z,17zusk2,ka4wiaq,cve-2023-20269
71,2023-11-22T00:00:00.000Z,181fmim,kacd29c,CVE-2020-17049
8,2023-12-01T00:00:00.000Z,188iq99,kblnzb3,cve-2022-37966
2,2023-12-02T00:00:00.000Z,188fxve,kbn28uv,cve-2022-37966
1,2023-12-06T00:00:00.000Z,18canb9,kcacuri,CVE-2019-0708
13,2023-12-12T00:00:00.000Z,18gn0e2,kd1r6sy,CVE-2023-36028
11,2023-12-12T00:00:00.000Z,18gn0e2,kd1szny,CVE-2023-36028
14,2023-12-12T00:00:00.000Z,18gp6pc,kd2i3pg,CVE-2023-6345
2,2023-12-12T00:00:00.000Z,18gp6pc,kd2zpbb,CVE-2023-35618
2,2023-12-13T00:00:00.000Z,18gp6pc,kd3zsll,cve-2023-36019
21,2023-12-13T00:00:00.000Z,18gp6pc,kd40nth,cve-2021-42291
3,2023-12-13T00:00:00.000Z,18ffij4,kd7m5lc,CVE-2023-38174
2,2023-12-15T00:00:00.000Z,18j56ob,kdhuia3,CVE-2019-5088
-3,2023-12-18T00:00:00.000Z,18kwc3c,kdv25ny,CVE-2020-16898
4,2023-12-19T00:00:00.000Z,18lo46i,kdzx3fc,CVE-2022-37966
2,2023-12-20T00:00:00.000Z,18mc0vw,ke4apdn,CVE-2017-3881
1,2023-12-21T00:00:00.000Z,18likjm,ke96oec,cve-2022-21920
1,2023-12-22T00:00:00.000Z,18gp6pc,kegjmg1,CVE-2022-37966
3,2023-12-22T00:00:00.000Z,18ocm12,kehbsaq,CVE-2019-0708
2,2023-12-26T00:00:00.000Z,18r6dvk,kezip1b,CVE-2010-2772
3,2023-12-27T00:00:00.000Z,18rnw9s,kf4rvhe,CVE-2023-2868
2,2024-01-09T00:00:00.000Z,18gp6pc,kh33dsz,CVE-2024-20674
13,2024-01-09T00:00:00.000Z,192lsy0,kh3bkyv,CVE-2024-20666
18,2024-01-09T00:00:00.000Z,192lsy0,kh3cnam,CVE-2024-20700
29,2024-01-09T00:00:00.000Z,192lsy0,kh3faw6,CVE-2024-20666
4,2024-01-09T00:00:00.000Z,192lsy0,kh3kkq7,CVE-2024-20674
3,2024-01-09T00:00:00.000Z,192lsy0,kh3q0my,CVE-2024-20674
16,2024-01-09T00:00:00.000Z,192lsy0,kh4a4ca,CVE-2024-20666
1,2024-01-10T00:00:00.000Z,192lsy0,kh7vq4u,CVE-2024-20666
1,2024-01-10T00:00:00.000Z,192lsy0,kh7x9mh,cve-2023-7104
2,2024-01-10T00:00:00.000Z,192lsy0,kh7yeux,CVE-2024-20666
1,2024-01-10T00:00:00.000Z,192lsy0,kh7yymn,CVE-2024-20666
5,2024-01-10T00:00:00.000Z,192lsy0,kh9580e,cve-2024-20666
2,2024-01-11T00:00:00.000Z,192lsy0,khchxgz,CVE-2024-20666
5,2024-01-11T00:00:00.000Z,192lsy0,khcmc1n,cve-2021-42291
1,2024-01-11T00:00:00.000Z,191twx3,kheqn75,CVE-2023-35636
3,2024-01-12T00:00:00.000Z,192lsy0,khgzrlx,cve-2024-20666
1,2024-01-12T00:00:00.000Z,192lsy0,khj6v1h,CVE-2024-20666
2,2024-01-12T00:00:00.000Z,192lsy0,khk9ne6,cve-2024-20666
2,2024-01-14T00:00:00.000Z,195t2b0,khrbqu3,cve-2024-20666
2,2024-01-15T00:00:00.000Z,196y5t2,khye9x9,CVE-2021-43905
3,2024-01-16T00:00:00.000Z,19759ql,ki4v6kc,cve-2021-44228
6,2024-01-16T00:00:00.000Z,1983tij,ki4vtww,CVE-2023-6548
15,2024-01-16T00:00:00.000Z,1982j0l,ki4z6zg,cve-2022-41099
4,2024-01-16T00:00:00.000Z,1983tij,ki4zruo,CVE-2023-6184
2,2024-01-16T00:00:00.000Z,1982j0l,ki6cd9a,cve-2022-41099
1,2024-01-19T00:00:00.000Z,18c5emw,kilxxwr,CVE-2021-26414
5,2024-01-19T00:00:00.000Z,19apsd4,kimji81,CVE-2019-0765
6,2024-01-19T00:00:00.000Z,19av1ra,kinl0vf,cve-2023-24932
1,2024-01-20T00:00:00.000Z,19avtx5,kisfa05,CVE-2021-1678
1,2024-01-21T00:00:00.000Z,19bt9te,kixrq1z,CVE-2024-20666
1,2024-01-21T00:00:00.000Z,19bt9te,kixxcaz,CVE-2024-20666
1,2024-01-22T00:00:00.000Z,18kwc3c,kizg7jv,CVE-2020-16898
22,2024-01-23T00:00:00.000Z,19dwt40,kj8pwri,CVE-2008-5174
10,2024-01-23T00:00:00.000Z,19dwt40,kj8xd44,CVE-2008-5174
1,2024-01-29T00:00:00.000Z,1adtcsq,kk3h4e6,CVE-2024-20666
2,2024-01-29T00:00:00.000Z,1adxtgt,kk45xsq,CVE-2023-46805
3,2024-01-29T00:00:00.000Z,1aduhje,kk47kf0,cve-2022-41099
1,2024-01-30T00:00:00.000Z,1aea80c,kk8nwee,CVE-2020-16947
1,2024-01-31T00:00:00.000Z,1981o2g,kobnjy2,CVE-2023-46805
5,2024-02-06T00:00:00.000Z,1ajtmbe,kp567ht,CVE-2024-20666
2,2024-02-06T00:00:00.000Z,1ajtmbe,kp5qty8,CVE-2024-20666
5,2024-02-09T00:00:00.000Z,1am72sk,kpkv282,CVE-2024-23113
1,2024-02-09T00:00:00.000Z,1am72sk,kpmahcg,CVE-2024-21762
2,2024-02-09T00:00:00.000Z,1amlcdw,kpn281t,CVE-2024-1212
2,2024-02-09T00:00:00.000Z,1amkz28,kpnjshu,cve-2024-21762
1,2024-02-09T00:00:00.000Z,1amlcdw,kpowfbh,CVE-2024-1212
1,2024-02-10T00:00:00.000Z,1amlcdw,kpr6j5c,CVE-2024-1212
16,2024-02-11T00:00:00.000Z,1ao3471,kpwpwcg,CVE-2024-21762
1,2024-02-12T00:00:00.000Z,1aonein,kq1kebu,cve-2022-40684
1,2024-02-12T00:00:00.000Z,1ao3471,kq1qaqp,CVE-2023-46805
9,2024-02-13T00:00:00.000Z,1apmhzs,kq9ocb6,CVE-2024-21401
4,2024-02-13T00:00:00.000Z,1apmhzs,kq9w83v,CVE-2024-21410
1,2024-02-14T00:00:00.000Z,1apmhzs,kqemud4,CVE-2024-20666
1,2024-02-15T00:00:00.000Z,1aqrzt8,kqh41a3,cve-2021-34481
1,2024-02-15T00:00:00.000Z,1apmhzs,kqjf9uv,CVE-2024-20666
2,2024-02-15T00:00:00.000Z,16bsrhk,kqkmx81,CVE-2023-4863
10,2024-02-18T00:00:00.000Z,1au3wse,kr1h7oh,CVE-2024-21413
1,2024-02-19T00:00:00.000Z,1aus4ax,kr72b4e,cve-2023-4966
2,2024-02-20T00:00:00.000Z,1augkro,kr8fsw7,cve-2024-21762
-9,2024-02-21T00:00:00.000Z,1aw8usf,krgll2n,CVE-2019-14899
1,2024-02-21T00:00:00.000Z,1awlh01,kriyyma,CVE-2024-21888
6,2024-02-22T00:00:00.000Z,1awlh01,krjdhrj,CVE-2023-46805
2,2024-02-22T00:00:00.000Z,1awqyp9,krjwqdx,CVE-2024-1709
19,2024-02-22T00:00:00.000Z,1ax6wxd,krlwg7g,CVE-2023-30367
1,2024-02-23T00:00:00.000Z,1axjeh4,krp8apl,CVE-2023-50388
1,2024-02-23T00:00:00.000Z,1axjeh4,krpjyol,CVE-2023-50387
2,2024-02-23T00:00:00.000Z,1axjeh4,krr7p2q,CVE-2023-50387
8,2024-02-25T00:00:00.000Z,1azmhp1,ks2b0z7,CVE-2021-3438
1,2024-02-25T00:00:00.000Z,1azmhp1,ks2mrf5,CVE-2021-3438
1,2024-03-05T00:00:00.000Z,1b6f9im,kteqlzr,CVE-2021-42735
3,2024-03-06T00:00:00.000Z,1b7an1n,ktnwkfs,CVE-2024-22254
38,2024-03-12T00:00:00.000Z,1bcp2ql,kujjgjy,CVE-2024-27198
7,2024-03-12T00:00:00.000Z,1bcp2ql,kujpp25,CVE-2024-21400
7,2024-03-12T00:00:00.000Z,1bcp2ql,kujsy3n,cve-2024-20666
6,2024-03-12T00:00:00.000Z,1bcwdcz,kujx2z3,CVE-2021-42287
18,2024-03-12T00:00:00.000Z,1bcp2ql,kuk27h3,CVE-2021-1730
7,2024-03-12T00:00:00.000Z,1bcp2ql,kuk6w4n,CVE-2024-21400
5,2024-03-13T00:00:00.000Z,1bcp2ql,kunoey1,CVE-2024-26199
1,2024-03-13T00:00:00.000Z,1bcp2ql,kuonjsi,CVE-2023-36019
4,2024-03-13T00:00:00.000Z,1bcp2ql,kuqdyyk,CVE-2024-1708
1,2024-03-19T00:00:00.000Z,1bcp2ql,kvltphc,cve-2022-41099
139,2024-03-21T00:00:00.000Z,1bkeid1,kvxngut,CVE-2021-28562
39,2024-03-29T00:00:00.000Z,1bqu3zx,kx6bzvx,cve-2024-3094
-7,2024-04-01T00:00:00.000Z,1bt46c5,kxjo6h8,cve-2024-3094
1,2024-04-04T00:00:00.000Z,1apmhzs,ky0vsu3,CVE-2024-21378
2,2024-04-05T00:00:00.000Z,1bwc3v8,ky51ftj,CVE-2023-38175
26,2024-04-09T00:00:00.000Z,1bzjwwv,kysbltx,CVE-2024-2886
3,2024-04-09T00:00:00.000Z,1bzjwwv,kysu8t8,CVE-2024-28921
2,2024-04-09T00:00:00.000Z,1bzjwwv,kytj5m6,CVE-2024-29988
6,2024-04-10T00:00:00.000Z,1c05k6f,kyupdde,CVE-2024-2511
5,2024-04-10T00:00:00.000Z,1bzjwwv,kyuw4og,CVE-2023-5363
9,2024-04-10T00:00:00.000Z,1bzjwwv,kywdn2o,cve-2023-24932
2,2024-04-10T00:00:00.000Z,1c0oq5l,kyyca7b,cve-2024-20666
1,2024-04-12T00:00:00.000Z,1c2alo9,kz8lhw4,CVE-2024-3400
3,2024-04-12T00:00:00.000Z,1c23979,kz90co6,CVE-2023-42326
20,2024-04-14T00:00:00.000Z,1c3yvtc,kzk5z79,CVE-2024-26234
1,2024-04-14T00:00:00.000Z,1c3yvtc,kzkm3zo,CVE-2024-24576
2,2024-04-16T00:00:00.000Z,1c4qd8i,kzsiq4b,CVE-2024-3400
21,2024-04-16T00:00:00.000Z,1c4wmoj,kzt6oje,CVE-2024-31497
3,2024-04-16T00:00:00.000Z,1c4wmoj,kztb9vr,CVE-2024-31497
4,2024-04-16T00:00:00.000Z,1c5ln06,kzv1wjr,CVE-2024-26224
1,2024-04-16T00:00:00.000Z,1c4wmoj,kzw4ce6,CVE-2024-31497
17,2024-04-17T00:00:00.000Z,1c66aj2,kzytoxe,CVE-2024-3400
2,2024-04-17T00:00:00.000Z,1bzjwwv,kzzvd0p,CVE-2023-24932
15,2024-04-19T00:00:00.000Z,1c83a1p,l0ccu9r,CVE-2024-3400
5,2024-04-20T00:00:00.000Z,1c8t031,l0gsk92,CVE-2024-3400
-2,2024-04-20T00:00:00.000Z,1c8t031,l0gzi3n,CVE-2024-20295
-26,2024-04-20T00:00:00.000Z,1c8t031,l0gztgg,CVE-2024-20295
-7,2024-04-20T00:00:00.000Z,1c8t031,l0h0dnj,CVE-2024-20295
14,2024-04-20T00:00:00.000Z,1c8t031,l0h0sc1,CVE-2024-20295
-2,2024-04-20T00:00:00.000Z,1c8t031,l0h1oql,CVE-2024-20295
80,2024-04-20T00:00:00.000Z,1c8t031,l0h2z3b,CVE-2024-20295
-5,2024-04-20T00:00:00.000Z,1c8t031,l0h39pp,CVE-2024-20276
17,2024-04-20T00:00:00.000Z,1c8t031,l0h456l,CVE-2024-20295
1,2024-04-20T00:00:00.000Z,1c8t031,l0h47it,CVE-2024-20295
1,2024-04-23T00:00:00.000Z,1caipq7,l0uvf3e,cve-2024-21413
3,2024-04-24T00:00:00.000Z,1cc3p5p,l12qgqk,CVE-2024-4040
15,2024-04-24T00:00:00.000Z,1cc63t0,l13kjqt,CVE-2024-20353
6,2024-04-24T00:00:00.000Z,1cc6naa,l144miy,CVE-2024-20359
-4,2024-04-25T00:00:00.000Z,1cc63t0,l16hk0l,CVE-2024-3400
37,2024-04-27T00:00:00.000Z,1ceisaq,l1ix007,CVE-2024-20359
8,2024-04-29T00:00:00.000Z,1cg62nr,l1u6025,CVE-2017-7149
2,2024-04-30T00:00:00.000Z,1cgumye,l1y6se1,CVE-2022-38028
1,2024-04-30T00:00:00.000Z,1cg01er,l20otuu,CVE-2024-29066
3,2024-04-30T00:00:00.000Z,1bzjwwv,l20p6dx,CVE-2024-29066
2,2024-05-01T00:00:00.000Z,1cgumye,l21p2ks,cve-2022-38028
21,2024-05-02T00:00:00.000Z,1cih2xl,l2934rr,CVE-2023-21563
3,2024-05-02T00:00:00.000Z,1cih2xl,l29i3jd,CVE-2023-21563
2,2024-05-03T00:00:00.000Z,1cj99ie,l2eiz7f,CVE-2024-0727
1,2024-05-07T00:00:00.000Z,1aq3tg1,l2y3cw7,cve-2024-20666
1,2024-05-10T00:00:00.000Z,1cofca8,l3h4ssf,CVE-2022-41099
2,2024-05-10T00:00:00.000Z,1cofca8,l3hggpr,cve-2022-41099
1,2024-05-11T00:00:00.000Z,1cofca8,l3jiia1,CVE-2022-41099
6,2024-05-11T00:00:00.000Z,1cpbez3,l3k3te0,CVE-2019-0708
14,2024-05-11T00:00:00.000Z,1cpk2li,l3l9lxr,CVE-2023-4807
3,2024-05-11T00:00:00.000Z,1cpbez3,l3mj460,CVE-2019-1182
5,2024-05-14T00:00:00.000Z,1crk56o,l40excy,CVE-2023-38545
1,2024-05-14T00:00:00.000Z,1crk56o,l412smc,CVE-2024-30051
20,2024-05-14T00:00:00.000Z,1crk56o,l414epq,CVE-2024-30051
3,2024-05-14T00:00:00.000Z,1crw7a9,l42c62a,CVE-2022-38392
2,2024-05-14T00:00:00.000Z,1crk56o,l42dhsd,cve-2024-26248
1,2024-05-14T00:00:00.000Z,1crk56o,l42fp6r,cve-2024-26248
4,2024-05-14T00:00:00.000Z,1crk56o,l42kbrr,CVE-2024-30040
2,2024-05-15T00:00:00.000Z,1cquy1n,l450x2n,CVE-2018-18240
8,2024-05-15T00:00:00.000Z,1csthsg,l47qvmo,CVE-2024-28075
2,2024-05-16T00:00:00.000Z,1crk56o,l49uiqg,CVE-2024-2398
10,2024-05-16T00:00:00.000Z,1ctdbjd,l4b7khc,CVE-2023-38545
22,2024-05-18T00:00:00.000Z,1cv5dia,l4n9gxh,CVE-2023-46218
1,2024-05-19T00:00:00.000Z,1cvy3zz,l4sfw72,CVE-2019-1161
1,2024-05-20T00:00:00.000Z,1cwhc85,l4w1y3y,cve-2024-28072
2,2024-05-21T00:00:00.000Z,1cwjc3j,l5167bt,CVE-2013-3900
1,2024-05-22T00:00:00.000Z,1cxhgzj,l577fpx,CVE-2022-37966
5,2024-05-24T00:00:00.000Z,1czvsr2,l5j6y3b,CVE-2024-22273
1,2024-05-28T00:00:00.000Z,1d2kju3,l632u1b,CVE-2024-5274
3,2024-05-31T00:00:00.000Z,1d4x733,l6hjb25,cve-2021-34481
9,2024-06-05T00:00:00.000Z,1d7tf8e,l76itgz,CVE-2023-49210
3,2024-06-06T00:00:00.000Z,1d7tf8e,l7fks16,CVE-2023-49210
15,2024-06-11T00:00:00.000Z,1dd65v4,l85ga34,CVE-2024-5274
1,2024-06-11T00:00:00.000Z,1dd65v4,l85xnun,CVE-2023-50868
1,2024-06-11T00:00:00.000Z,1dd65v4,l85yn1m,CVE-2024-30040
2,2024-06-11T00:00:00.000Z,1dd65v4,l86ttu9,cve-2024-26248
3,2024-06-11T00:00:00.000Z,1dd65v4,l86v544,cve-2024-26248
1,2024-06-12T00:00:00.000Z,1d7tf8e,l88yrbx,CVE-2023-49210
1,2024-06-12T00:00:00.000Z,1dd65v4,l8a95p8,CVE-2024-21445
7,2024-06-12T00:00:00.000Z,1dd65v4,l8bdebk,cve-2024-30103
1,2024-06-12T00:00:00.000Z,1bcp2ql,l8bsvn4,CVE-2024-21433
1,2024-06-13T00:00:00.000Z,1dex70p,l8fmwiy,cve-2024-21762
18,2024-06-13T00:00:00.000Z,1deytn5,l8fo5l7,CVE-2024-30103
22,2024-06-13T00:00:00.000Z,1deytn5,l8foqrq,CVE-2024-30103
3,2024-06-13T00:00:00.000Z,1devbdy,l8giz33,CVE-2024-30103
3,2024-06-14T00:00:00.000Z,1dfqit8,l8kz0um,cve-2021-42287
1,2024-06-14T00:00:00.000Z,1dd65v4,l8l9k6a,CVE-2024-21445
20,2024-06-15T00:00:00.000Z,1dggl80,l8qphlr,CVE-2024-30078
2,2024-06-15T00:00:00.000Z,1dgo0wx,l8r8125,cve-2024-20666
3,2024-06-21T00:00:00.000Z,1dl2vrp,l9mfnbf,CVE-2024-20666
1,2024-06-24T00:00:00.000Z,1dmm84c,la3jveu,CVE-2024-25578
1,2024-06-25T00:00:00.000Z,1do0r74,la8mhe6,CVE-2022-29072
1,2024-06-26T00:00:00.000Z,1dounho,lacfrmr,CVE-2023-30367
1,2024-06-27T00:00:00.000Z,1b3uqdw,laij8hk,CVE-2023-30367
1,2024-06-27T00:00:00.000Z,1dpqlg8,lakf36y,CVE-2019-0708
2,2024-06-29T00:00:00.000Z,1dpws7a,lat3jhl,CVE-2024-37087
1,2024-06-30T00:00:00.000Z,1drdid3,lb0157c,cve-2024-20666
11,2024-07-01T00:00:00.000Z,1dspa43,lb4562s,cve-2024-6387
38,2024-07-01T00:00:00.000Z,1dspa43,lb4coiv,cve-2024-6387
34,2024-07-01T00:00:00.000Z,1dspa43,lb4dttl,CVE-2006-5051
8,2024-07-01T00:00:00.000Z,1dspa43,lb4j2ym,cve-2024-6387
2,2024-07-01T00:00:00.000Z,1dsgi6t,lb549r7,CVE-2019-2725
2,2024-07-01T00:00:00.000Z,1dspa43,lb5tjvv,cve-2024-6387
3,2024-07-01T00:00:00.000Z,1dspa43,lb7b2z0,cve-2024-6387
5,2024-07-02T00:00:00.000Z,1dspa43,lb7qnc3,cve-2024-6387
5,2024-07-02T00:00:00.000Z,1dt4we5,lb90uts,cve-2023-44487
1,2024-07-02T00:00:00.000Z,1dspa43,lb9mgj6,cve-2024-6387
3,2024-07-02T00:00:00.000Z,1dspa43,lb9on8n,cve-2024-6387
2,2024-07-02T00:00:00.000Z,1dspa43,lbc0mfq,CVE-2024-6387
3,2024-07-03T00:00:00.000Z,1du55p7,lbg0gx9,CVE-2022-41080
6,2024-07-03T00:00:00.000Z,1duqr6l,lbii3hb,CVE-2021-34527
3,2024-07-04T00:00:00.000Z,1duqr6l,lbkbl2u,CVE-2021-34481
1,2024-07-05T00:00:00.000Z,1dpws7a,lbs5h19,CVE-2024-37085
1,2024-07-08T00:00:00.000Z,1dy4f0v,lc6hcju,CVE-2024-6387
2,2024-07-09T00:00:00.000Z,1dyegkw,lccdns1,CVE-2024-21762
17,2024-07-09T00:00:00.000Z,1dyu3ia,lcdoilb,CVE-2024-38077
16,2024-07-09T00:00:00.000Z,1dyu3ia,lcdr18c,CVE-2024-38112
1,2024-07-09T00:00:00.000Z,1dyu3ia,lcdr3go,CVE-2024-3596
3,2024-07-09T00:00:00.000Z,1dyu3ia,lcfbirp,cve-2024-26248
5,2024-07-09T00:00:00.000Z,1dyu3ia,lcfbw9m,cve-2024-26248
9,2024-07-10T00:00:00.000Z,1dyu3ia,lcgcmjd,CVE-2024-0727
3,2024-07-10T00:00:00.000Z,1dyu3ia,lchh6pt,CVE-2024-38080
2,2024-07-10T00:00:00.000Z,1dyu3ia,lci0c10,cve-2024-3596
3,2024-07-11T00:00:00.000Z,1dyu3ia,lcng1au,CVE-2024-38015
3,2024-07-11T00:00:00.000Z,1dyu3ia,lcqrr1h,CVE-2024-38021
1,2024-07-12T00:00:00.000Z,1e1qfmi,lcwg9th,CVE-2024-38112
1,2024-07-15T00:00:00.000Z,1dyu3ia,lda6rxf,CVE-2024-38027
2,2024-07-15T00:00:00.000Z,1dyu3ia,ldaznid,CVE-2024-38027
1,2024-07-17T00:00:00.000Z,1e5pw2n,ldnms8u,CVE-2020-13428
1,2024-07-18T00:00:00.000Z,1dyu3ia,ldqv3gm,CVE-2024-3596
1,2024-07-20T00:00:00.000Z,1e7srza,le2vma2,CVE-2021-1647
1,2024-07-20T00:00:00.000Z,1e75kq7,le4m78k,CVE-2024-3400
1,2024-07-20T00:00:00.000Z,1e7t7wv,le5gand,cve-2022-41099
1,2024-07-23T00:00:00.000Z,1e8a76v,lehq9ir,CVE-2024-38058
3,2024-07-23T00:00:00.000Z,1ea8pym,lek1eyk,CVE-2013-3900
3,2024-07-24T00:00:00.000Z,1eb22pb,leqhmq1,CVE-2017-5754
1,2024-07-31T00:00:00.000Z,1egl37i,lft2rkd,CVE-2013-3900
1,2024-08-03T00:00:00.000Z,1ei77tr,lg8r5g4,CVE-2022-47966
1,2024-08-07T00:00:00.000Z,1emc325,lgyewiz,CVE-2019-0708
6,2024-08-10T00:00:00.000Z,1eouiii,lhiebg1,CVE-2017-5689
1,2024-08-13T00:00:00.000Z,1eqziiy,lhx8gjj,CVE-2024-38202
26,2024-08-13T00:00:00.000Z,1eqziiy,lhx9ibj,CVE-2024-38202
6,2024-08-13T00:00:00.000Z,1eqziiy,lhy22qn,CVE-2024-38199
75,2024-08-13T00:00:00.000Z,1eqziiy,lhy28sm,CVE-2024-37968
8,2024-08-13T00:00:00.000Z,1eqziiy,lhys1xb,cve-2023-24932
10,2024-08-13T00:00:00.000Z,1eqziiy,lhz4g37,CVE-2024-37968
1,2024-08-13T00:00:00.000Z,1eqziiy,lhzcw6w,CVE-2024-38063
11,2024-08-14T00:00:00.000Z,1es09xf,li41kwk,CVE-2020-16898
-2,2024-08-14T00:00:00.000Z,1es09xf,li4hii9,cve-2024-38063
3,2024-08-15T00:00:00.000Z,1eqziiy,li83910,CVE-2024-37968
42,2024-08-15T00:00:00.000Z,1eqziiy,li8dwvg,CVE-2024-37968
23,2024-08-15T00:00:00.000Z,1eqziiy,li8frc7,CVE-2024-37968
6,2024-08-15T00:00:00.000Z,1esm4pp,li8gadv,CVE-2024-37968
2,2024-08-15T00:00:00.000Z,1esm4pp,li8gkwp,CVE-2024-37968
3,2024-08-15T00:00:00.000Z,1eqziiy,libcr7y,CVE-2024-37968
1,2024-08-16T00:00:00.000Z,1eqziiy,lic5m0q,CVE-2024-38063
2,2024-08-16T00:00:00.000Z,1es09xf,liduai7,CVE-2024-38063
1,2024-08-16T00:00:00.000Z,1esm4pp,lif2z1o,CVE-2023-23415
1,2024-08-16T00:00:00.000Z,1eqziiy,lifq2yo,CVE-2024-38063
1,2024-08-17T00:00:00.000Z,1es09xf,lijb07c,CVE-2024-38063
1,2024-08-19T00:00:00.000Z,1es09xf,lit4crm,CVE-2024-38063
1,2024-08-19T00:00:00.000Z,1es09xf,liv3ier,CVE-2024-38063
1,2024-08-19T00:00:00.000Z,1dfqit8,liwjw7m,cve-2021-42287
1,2024-08-25T00:00:00.000Z,1f0h213,ljsan38,CVE-2021-21551
1,2024-08-29T00:00:00.000Z,1f46iv4,lkiz4dm,cve-2024-6053
5,2024-08-30T00:00:00.000Z,1f4mwn9,lkmilq4,cve-2024-38063
3,2024-09-01T00:00:00.000Z,1f6en1y,lkzq1jy,CVE-2024-38063
4,2024-09-01T00:00:00.000Z,1f6en1y,ll2283t,CVE-2024-38063
9,2024-09-10T00:00:00.000Z,1fda3gu,lmeegv1,CVE-2022-21894
19,2024-09-10T00:00:00.000Z,1fda3gu,lmfdaxc,CVE-2024-7965
1,2024-09-10T00:00:00.000Z,1fd9p0f,lmg7ume,CVE-2024-38063
6,2024-09-10T00:00:00.000Z,1fda3gu,lmgpeft,CVE-2024-40766
1,2024-09-10T00:00:00.000Z,1cwjc3j,lmgvjd6,CVE-2013-3900
2,2024-09-10T00:00:00.000Z,1fda3gu,lmh8m52,CVE-2024-43491
8,2024-09-10T00:00:00.000Z,1fda3gu,lmhqvpe,cve-2024-43491
10,2024-09-10T00:00:00.000Z,1fda3gu,lmi4026,cve-2024-26248
7,2024-09-10T00:00:00.000Z,1fda3gu,lmi6ap1,cve-2024-26248
1,2024-09-10T00:00:00.000Z,1fda3gu,lmifjbd,CVE-2024-43491
2,2024-09-11T00:00:00.000Z,1fdrnq4,lmkvzyw,cve-2020-19909
4,2024-09-11T00:00:00.000Z,1fda3gu,lml8dr8,CVE-2024-7889
1,2024-09-11T00:00:00.000Z,1fda3gu,lmlo4nd,cve-2023-24932
2,2024-09-11T00:00:00.000Z,1fdwp1w,lmm0dus,CVE-2024-3400
2,2024-09-11T00:00:00.000Z,1fdwp1w,lmn7id9,CVE-2024-34686
1,2024-09-11T00:00:00.000Z,1feg6m4,lmofbb8,CVE-2024-3596
2,2024-09-12T00:00:00.000Z,1feh5wz,lmqiijn,CVE-2023-23696
8,2024-09-12T00:00:00.000Z,1feh5wz,lmqlz18,CVE-2023-23696
1,2024-09-13T00:00:00.000Z,1deex5z,lmyyrda,CVE-2023-24932
2,2024-09-15T00:00:00.000Z,1fgjapq,ln6t3d1,CVE-2023-23397
1,2024-09-19T00:00:00.000Z,1fjuwik,lnw5os9,CVE-2024-43461
1,2024-09-20T00:00:00.000Z,1fl9lc5,lo2hkwo,CVE-2022-41099
16,2024-09-24T00:00:00.000Z,1fo9ar0,lop3omx,cve-2020-19909
1,2024-10-02T00:00:00.000Z,1fub1jm,lpy2q2y,CVE-2024-38063
1,2024-10-02T00:00:00.000Z,1ftrnzu,lpykvyu,CVE-2022-2601
3,2024-10-08T00:00:00.000Z,1fys57l,lqwl8fa,CVE-2024-2398
11,2024-10-08T00:00:00.000Z,1fys57l,lqwpv0g,CVE-2024-7264
36,2024-10-08T00:00:00.000Z,1fys57l,lqxwdxr,CVE-2024-45519
1,2024-10-08T00:00:00.000Z,1fys57l,lqzre9g,CVE-2024-43583
6,2024-10-08T00:00:00.000Z,1fys57l,lqzrgjr,cve-2024-43572
1,2024-10-08T00:00:00.000Z,1fys57l,lqzrjsu,CVE-2024-43583
1,2024-10-08T00:00:00.000Z,1fys57l,lqzrlun,CVE-2024-43583
1,2024-10-08T00:00:00.000Z,1fys57l,lqzrmw0,CVE-2024-43583
15,2024-10-09T00:00:00.000Z,1fys57l,lr25rtt,CVE-2024-43581
3,2024-10-09T00:00:00.000Z,1fys57l,lr2fm8m,CVE-2024-43468
2,2024-10-09T00:00:00.000Z,1fys57l,lr2kqg7,CVE-2024-43593
4,2024-10-09T00:00:00.000Z,1fys57l,lr2zdzw,CVE-2024-43582
2,2024-10-09T00:00:00.000Z,1fys57l,lr3vcxd,CVE-2024-43583
2,2024-10-09T00:00:00.000Z,1fys57l,lr3x3ri,CVE-2024-7264
1,2024-10-10T00:00:00.000Z,1fyzcog,lr9ipof,CVE-2023-21765
1,2024-10-11T00:00:00.000Z,1femlpl,lrf0ztq,cve-2024-20666
2,2024-10-15T00:00:00.000Z,1g49d4u,ls409yc,CVE-2024-9680
6,2024-10-22T00:00:00.000Z,1g9bveq,lt7wypd,CVE-2024-38812
1,2024-10-23T00:00:00.000Z,1g9nrgb,ltchg0c,cve-2023-24932
1,2024-10-25T00:00:00.000Z,1gbh4io,ltms23p,CVE-2024-28929
5,2024-10-27T00:00:00.000Z,1gdi8e1,lu2ueuw,CVE-2024-1234
5,2024-11-03T00:00:00.000Z,1gim2io,lv7tj3i,CVE-2023-20198
2,2024-11-12T00:00:00.000Z,1goota5,lwqxdt1,CVE-2024-10487
25,2024-11-12T00:00:00.000Z,1gpe5kc,lwrizlx,CVE-2024-10487
6,2024-11-12T00:00:00.000Z,1gpe5kc,lwsdhqn,CVE-2024-43451
2,2024-11-12T00:00:00.000Z,1gpe5kc,lwt6fxi,CVE-2024-5535
4,2024-11-12T00:00:00.000Z,1gpe5kc,lwt907e,cve-2024-43451
1,2024-11-13T00:00:00.000Z,1goota5,lwxiy8x,CVE-2024-21302
3,2024-11-17T00:00:00.000Z,1gti4ux,lxng0mv,cve-2022-2929
9,2024-11-22T00:00:00.000Z,1gxahog,lygl65m,cve-2019-9510
2,2024-11-25T00:00:00.000Z,1gzezsa,lyvwo1r,cve-2023-4863
2,2024-11-25T00:00:00.000Z,1gz4q4m,lyxhkzt,cve-2023-23397
1,2024-11-27T00:00:00.000Z,1h0qkue,lz98rfi,cve-2024-5921
1,2024-11-27T00:00:00.000Z,1h0qkue,lzbf6to,CVE-2013-5211
1,2024-12-01T00:00:00.000Z,1h3dg7z,lzujhmq,CVE-2023-30367
2,2024-12-05T00:00:00.000Z,1h7ckf8,m0l850n,CVE-2022-41099
1,2024-12-06T00:00:00.000Z,1h7ckf8,m0rmx18,CVE-2023-4807
1,2024-12-09T00:00:00.000Z,1h9ujaa,m15yght,CVE-2024-43451
8,2024-12-09T00:00:00.000Z,1h9ujaa,m176g6o,CVE-2024-43451
1,2024-12-09T00:00:00.000Z,1h79o1t,m17a58n,CVE-2022-38023
6,2024-12-09T00:00:00.000Z,1h9ujaa,m17epzn,CVE-2024-43451
11,2024-12-09T00:00:00.000Z,1h9ujaa,m17etsg,CVE-2024-43451
6,2024-12-09T00:00:00.000Z,1h9ujaa,m17ex7l,CVE-2024-43451
2,2024-12-09T00:00:00.000Z,1h9ujaa,m17fcgn,CVE-2024-43451
2,2024-12-09T00:00:00.000Z,1h9ujaa,m17ffiy,CVE-2024-43451
2,2024-12-09T00:00:00.000Z,1h9ujaa,m17fhb9,CVE-2024-43451
1,2024-12-09T00:00:00.000Z,1h9ujaa,m17flso,CVE-2024-43451
1,2024-12-09T00:00:00.000Z,1h9ujaa,m17fr5a,CVE-2024-43451
11,2024-12-09T00:00:00.000Z,1h9ujaa,m17h7l8,CVE-2024-43451
10,2024-12-09T00:00:00.000Z,1h9ujaa,m17hvv0,CVE-2024-43451
3,2024-12-09T00:00:00.000Z,1h9ujaa,m17ix5c,CVE-2024-43451
2,2024-12-09T00:00:00.000Z,1h9ujaa,m18jgjq,CVE-2024-43451
2,2024-12-09T00:00:00.000Z,1h9ujaa,m192yup,CVE-2024-43451
38,2024-12-10T00:00:00.000Z,1hav717,m1d9phl,CVE-2024-11691
2,2024-12-10T00:00:00.000Z,1hav717,m1ew1ux,cve-2024-43451
2,2024-12-10T00:00:00.000Z,1hb7u6g,m1ffcou,CVE-2022-41099
1,2024-12-11T00:00:00.000Z,1hav717,m1i1c8s,CVE-2024-43451
1,2024-12-13T00:00:00.000Z,1hc4e9x,m1udyox,CVE-2023-34634
1,2024-12-13T00:00:00.000Z,1g454l2,m1ugaje,CVE-2024-21302
1,2024-12-16T00:00:00.000Z,1hav717,m2apmm8,CVE-2024-49138
3,2022-12-02T00:00:00.000Z,za7tei,iyl2i0n,CVE-2014-0160
2,2013-01-18T00:00:00.000Z,16syfp,,CVE-2012-2122
3,2013-09-16T00:00:00.000Z,1mijdv,,CVE-2011-1256
0,2013-10-14T00:00:00.000Z,1ofth5,,CVE-2013-4332
2,2013-12-17T00:00:00.000Z,1t2yqo,,CVE-2012-1823
5,2014-04-08T00:00:00.000Z,22i7lj,,CVE-2014-0160
1,2014-04-30T00:00:00.000Z,24bpdy,,CVE-2011-3192
2,2014-09-25T00:00:00.000Z,2hgk9k,,CVE-2014-6271
4,2014-09-25T00:00:00.000Z,2hgopn,,CVE-2014-6271
1,2014-09-26T00:00:00.000Z,2hj40w,,CVE-2014-6271
2,2014-09-29T00:00:00.000Z,2hsyu0,,CVE-2014-6277
0,2014-10-18T00:00:00.000Z,2jlfjx,,CVE-2014-4113
1,2015-06-26T00:00:00.000Z,3b7g4x,,CVE-2009-0320
6,2015-07-02T00:00:00.000Z,3bwege,,CVE-2015-3105
2,2015-08-20T00:00:00.000Z,3hq8is,,CVE-2015-2473
1,2015-09-17T00:00:00.000Z,3l99pm,,CVE-2009-2692
3,2015-09-24T00:00:00.000Z,3m7v55,,CVE-2014-1969
3,2015-11-20T00:00:00.000Z,3tm7pr,,CVE-2015-6327
5,2016-02-23T00:00:00.000Z,479du2,,cve-2008-0166
1,2016-02-24T00:00:00.000Z,47b720,,CVE-2015-7547
4,2016-07-24T00:00:00.000Z,4uetvd,,CVE-2011-3389
6,2016-08-30T00:00:00.000Z,50ao2g,,CVE-2015-8562
2,2016-12-05T00:00:00.000Z,5gp3ns,,CVE-2016-4484
2,2016-12-14T00:00:00.000Z,5ic21c,,CVE-2015-4852
4,2017-09-01T00:00:00.000Z,6xgxnc,,CVE-2011-3192
1,2017-11-07T00:00:00.000Z,7bc05f,,CVE-2013-4434
1,2017-11-28T00:00:00.000Z,7g3fj3,,CVE-2017-16944
12,2018-01-18T00:00:00.000Z,7r9svm,,CVE-2015-1538
3,2018-04-17T00:00:00.000Z,8d04dl,,CVE-2016-8858
0,2018-07-09T00:00:00.000Z,8x9ytb,,CVE-2018-8154
3,2018-08-28T00:00:00.000Z,9axx8j,,CVE-2018-11776
6,2018-09-07T00:00:00.000Z,9du867,,CVE-2018-8174
66,2018-09-21T00:00:00.000Z,9hnbcf,,CVE-2018-14847
1,2018-11-07T00:00:00.000Z,9v1ci4,,CVE-2018-17915
6,2018-11-25T00:00:00.000Z,a07j78,,cve-2018-10933
1,2019-01-30T00:00:00.000Z,alasy3,,CVE-2017-8563
6,2019-05-14T00:00:00.000Z,bokjrh,,CVE-2019-8331
78,2019-10-13T00:00:00.000Z,dhdsu4,,CVE-2010-1170
29,2019-11-13T00:00:00.000Z,dvraqh,,CVE-2011-2335
9,2019-12-19T00:00:00.000Z,ecsxbx,,CVE-2019-3396
1,2020-02-06T00:00:00.000Z,ezoeim,,CVE-2019-1010259
35,2020-04-07T00:00:00.000Z,fwnrz0,,CVE-2017-0143
15,2020-06-02T00:00:00.000Z,gv46jx,,cve-2019-15092
1,2020-08-01T00:00:00.000Z,i1qu0u,,cve-2020-11896
5,2020-09-17T00:00:00.000Z,iu8m5t,,CVE-2016-3386
2,2020-09-17T00:00:00.000Z,iuaff1,,CVE-2020-11651
2,2020-11-16T00:00:00.000Z,jv50nb,,CVE-2015-2474
26,2020-11-26T00:00:00.000Z,k1lpjk,,cve-2020-25988
3,2021-09-24T00:00:00.000Z,puclza,,CVE-2018-0150
3,2021-11-15T00:00:00.000Z,qud083,,CVE-2018-15473
2,2022-02-09T00:00:00.000Z,so84sp,,CVE-2021-3177
6,2022-07-31T00:00:00.000Z,wcy44u,,CVE-2022-34558
52,2022-08-04T00:00:00.000Z,wg6567,,CVE-2022-0778
54,2022-09-10T00:00:00.000Z,xal609,,cve-2021-4034
25,2023-03-20T00:00:00.000Z,11wfhk5,,CVE-2023-23397
1,2023-07-18T00:00:00.000Z,1537w7z,,CVE-2023-20162
1,2023-09-29T00:00:00.000Z,16vdusw,,CVE-2023-123456
1,2023-10-25T00:00:00.000Z,17g7mqf,,CVE-2023-24055
1,2024-01-14T00:00:00.000Z,196t9r7,,CVE-2016-5538
5,2024-01-21T00:00:00.000Z,19bum3k,,CVE-2020-8986
3,2024-01-26T00:00:00.000Z,1abisvv,,CVE-2024-23897
2,2024-02-03T00:00:00.000Z,1ahwwq7,,CVE-2018-10933
1,2024-02-06T00:00:00.000Z,1ak0vq5,,CVE-2024-20666
3,2024-03-11T00:00:00.000Z,1bcffsi,,CVE-2020-1350
1,2024-05-13T00:00:00.000Z,1cqqbg0,,CVE-1999-0524
4,2024-08-01T00:00:00.000Z,1ehdj1c,,CVE-2013-3900
1,2024-08-04T00:00:00.000Z,1ek7fcs,,CVE-2023-4863
1,2024-08-05T00:00:00.000Z,1ek8wny,,CVE-2023-4863
2,2024-09-25T00:00:00.000Z,1fpbu53,,CVE-2019-16292
202,2020-01-11T00:00:00.000Z,en4m7j,,CVE-2019-19781
90,2020-01-19T00:00:00.000Z,equ1hq,,CVE-2020-0674
31,2020-02-29T00:00:00.000Z,fb8pum,,CVE-2020-0688
34,2020-02-29T00:00:00.000Z,fbcrxu,,cve-2020-1938
27,2020-04-18T00:00:00.000Z,g3ocps,,cve-2020-3952
16,2020-05-03T00:00:00.000Z,gcnqc1,,CVE-2020-11651
35,2020-07-03T00:00:00.000Z,hkjxob,,cve-2020-5902
16,2020-08-30T00:00:00.000Z,ijjfda,,CVE-2019-5787
9,2020-10-01T00:00:00.000Z,j34gf4,,CVE-2020-0968
12,2020-10-13T00:00:00.000Z,jal83d,,cve-2020-16952
2,2021-01-09T00:00:00.000Z,ktnjcv,,CVE-2021-3011
37,2021-01-30T00:00:00.000Z,l8pruw,,CVE-2021-3156
14,2021-02-17T00:00:00.000Z,llnlt5,,cve-2021-1801
25,2021-05-29T00:00:00.000Z,nnt29k,,cve-2021-21985
13,2021-08-19T00:00:00.000Z,p79dpv,,cve-2020-25223
16,2021-09-08T00:00:00.000Z,pk5n8w,,CVE-2021-40444
6,2021-09-11T00:00:00.000Z,pm6ta9,,CVE-2021-40444
4,2021-09-13T00:00:00.000Z,pn9nqh,,CVE-2019-12523
8,2021-09-13T00:00:00.000Z,pn9pax,,CVE-2021-40346
14,2021-09-17T00:00:00.000Z,pq9n5c,,cve-2021-38647
27,2021-10-06T00:00:00.000Z,q2dum6,,CVE-2021-41773
6,2021-11-17T00:00:00.000Z,qw2dc7,,CVE-2021-42114
502,2021-12-10T00:00:00.000Z,rd38z9,,CVE-2021-44228
5,2022-01-28T00:00:00.000Z,sem5sv,,CVE-2021-4034
40,2022-02-01T00:00:00.000Z,si2pdk,,CVE-2021-44142
28,2022-02-14T00:00:00.000Z,srxqyw,,CVE-2021-44228
2,2022-03-17T00:00:00.000Z,tggwa2,,CVE-2021-25220
35,2022-03-27T00:00:00.000Z,tprdoq,,CVE-2022-1096
33,2022-03-30T00:00:00.000Z,trzzw0,,CVE-2022-22963
15,2022-03-31T00:00:00.000Z,tsud2k,,CVE-2022-22965
1,2022-04-09T00:00:00.000Z,u00jzt,,cve-2022-22965
11,2022-05-08T00:00:00.000Z,ukwer4,,CVE-2022-1388
47,2022-06-05T00:00:00.000Z,v56qin,,CVE-2021-26084
14,2022-06-30T00:00:00.000Z,vo9hs7,,CVE-2022-28219
3,2022-09-30T00:00:00.000Z,xsb4ep,,CVE-2022-36067
3,2022-12-11T00:00:00.000Z,zilcnh,,CVE-2013-3900
1,2023-10-22T00:00:00.000Z,17dy80k,,CVE-2023-35187
1,2023-10-30T00:00:00.000Z,17jtqtv,,CVE-2023-46747
4,2023-12-19T00:00:00.000Z,18m0691,,CVE-2023-42793
3,2024-01-11T00:00:00.000Z,193vp7y,,CVE-2023-46805
1,2024-04-04T00:00:00.000Z,1bvta45,,CVE-2024-3094
1,2024-04-07T00:00:00.000Z,1bycawx,,CVE-2023-50164
10,2024-04-16T00:00:00.000Z,1c5s5ri,,CVE-2024-3400
13,2024-11-22T00:00:00.000Z,1gxi568,,cve-2024-0012
5,2022-07-06T00:00:00.000Z,vsl6lz,,CVE-2019-11510
1,2023-01-25T00:00:00.000Z,10l37cm,,CVE-2023-21606
2,2023-06-14T00:00:00.000Z,148t5si,,cve-2023-28771
1,2024-06-07T00:00:00.000Z,1da67rv,,CVE-2020-1472
1,2023-06-01T00:00:00.000Z,13xa815,,CVE-2018-0114
3,2021-10-03T00:00:00.000Z,q0ns9p,,CVE-2017-0143
2,2021-11-22T00:00:00.000Z,qzhxy8,,CVE-2021-30883
1,2022-03-08T00:00:00.000Z,t9qskt,,CVE-2010-2568
1,2022-04-21T00:00:00.000Z,u8iojj,,CVE-2022-24492
1,2022-05-27T00:00:00.000Z,uz0wv2,,CVE-2022-22659
2,2022-07-13T00:00:00.000Z,vy76sd,,CVE-2021-36942
3,2022-09-15T00:00:00.000Z,xet9fg,,CVE-2016-9312
1,2022-11-21T00:00:00.000Z,z10tke,,CVE-2022-1292
1,2023-02-13T00:00:00.000Z,110utyh,,CVE-2022-26134
3,2023-04-02T00:00:00.000Z,129t9qi,,CVE-2022-20345
1,2023-04-15T00:00:00.000Z,12mp8d7,,CVE-1999-0667
1,2023-09-06T00:00:00.000Z,16bk542,,CVE-2021-4045
1,2023-10-29T00:00:00.000Z,17iyrbq,,CVE-2022-30190
1,2023-12-09T00:00:00.000Z,18e1fms,,CVE-2019-11091
3,2024-01-26T00:00:00.000Z,1abl0b4,,CVE-2021-16855
1,2024-02-17T00:00:00.000Z,1at0nmr,,CVE-2023-45866
1,2024-03-29T00:00:00.000Z,1bqkhvq,,CVE-2021-1675
1,2024-05-22T00:00:00.000Z,1cxudvi,,CVE-2022-0847
1,2024-07-14T00:00:00.000Z,1e39mmq,,CVE-2023-37920
1,2024-07-23T00:00:00.000Z,1eaci35,,CVE-2021-44226
1,2024-09-05T00:00:00.000Z,1f9vff7,,cve-2024-32896
2,2024-09-30T00:00:00.000Z,1fsnlko,,CVE-2000-0138
2,2024-10-26T00:00:00.000Z,1gc9cur,,cve-2024-44068
1,2024-11-03T00:00:00.000Z,1giif2h,,CVE-2022-26134
4,2018-02-04T00:00:00.000Z,7v5yz1,,cve-2017-16995
2,2018-06-21T00:00:00.000Z,8svxcj,,CVE-2018-8225
26,2018-09-07T00:00:00.000Z,9dsirg,,CVE-2018-8284
12,2018-10-04T00:00:00.000Z,9laigt,,CVE-2018-4251
20,2018-10-12T00:00:00.000Z,9nhub8,,CVE-2018-8453
6,2018-10-19T00:00:00.000Z,9phc8g,,CVE-2018-8495
55,2018-11-02T00:00:00.000Z,9tiyyh,,CVE-2018-4407
9,2018-12-07T00:00:00.000Z,a3yjje,,CVE-2018-1002105
0,2018-12-29T00:00:00.000Z,aamv3c,,CVE-2015-0318
101,2019-01-04T00:00:00.000Z,acga61,,CVE-2018-14442
58,2019-02-22T00:00:00.000Z,atfj62,,CVE-2019-8912
22,2019-05-16T00:00:00.000Z,bpfwax,,CVE-2019-0708
0,2019-06-06T00:00:00.000Z,bximb8,,CVE-2018-10562
6,2019-06-20T00:00:00.000Z,c30j9t,,CVE-2019-0708
3,2019-09-27T00:00:00.000Z,d9vyhd,,cve-2019-12491
1,2019-10-16T00:00:00.000Z,dilmgh,,CVE-2014-6287
1,2020-01-27T00:00:00.000Z,eus07o,,CVE-2019-19781
2,2020-02-06T00:00:00.000Z,ezogrg,,CVE-2019-1010259
1,2020-02-14T00:00:00.000Z,f3m8dk,,CVE-2019-11932
4,2020-03-10T00:00:00.000Z,fgnbj3,,CVE-2020-0796
2,2020-03-12T00:00:00.000Z,fhl8c1,,CVE-2020-0796
17,2020-03-30T00:00:00.000Z,frgco0,,CVE-2015-0558
2,2020-05-19T00:00:00.000Z,gmnypg,,cve-2020-3125
10,2020-06-10T00:00:00.000Z,h0m678,,CVE-2020-1226
8,2020-06-11T00:00:00.000Z,h0nilc,,CVE-2014-0160
1,2020-07-08T00:00:00.000Z,hnddti,,cve-2015-0235
3,2020-07-28T00:00:00.000Z,hzewfp,,CVE-2020-5902
1,2020-08-07T00:00:00.000Z,i54h0r,,CVE-2020-10713
7,2020-09-16T00:00:00.000Z,iu4fgx,,CVE-2020-1472
7,2020-10-10T00:00:00.000Z,j8bopc,,CVE-2020-1472
9,2020-10-21T00:00:00.000Z,jfb57s,,CVE-2019-11510
0,2020-10-22T00:00:00.000Z,jg7mur,,CVE-2020-5135
5,2020-10-23T00:00:00.000Z,jgsthb,,CVE-2020-14181
7,2020-10-26T00:00:00.000Z,jiblf6,,CVE-2017-9841
2,2020-10-26T00:00:00.000Z,jik9ip,,CVE-2020-7383
8,2020-10-30T00:00:00.000Z,jl5zm9,,CVE-2020-17087
1,2020-11-03T00:00:00.000Z,jn8898,,CVE-2012-1723
2,2021-01-20T00:00:00.000Z,l1iyy6,,CVE-2018-20199
1,2021-01-27T00:00:00.000Z,l6gzfh,,CVE-2019-11358
7,2021-01-28T00:00:00.000Z,l7c79t,,CVE-2021-3156
0,2021-01-31T00:00:00.000Z,l9nyjc,,CVE-2021-3156
5,2021-02-15T00:00:00.000Z,lkc92r,,CVE-2018-10562
0,2021-03-28T00:00:00.000Z,mf5xwu,,cve-2021-3449
3,2021-04-22T00:00:00.000Z,mw7hyk,,CVE-2021-22893
2,2021-05-25T00:00:00.000Z,nkjdkn,,cve-2020-14364
749,2021-07-20T00:00:00.000Z,oo6a8f,,CVE-2021-33757
411,2021-07-27T00:00:00.000Z,oscq5s,,cve-2020-1472
9,2021-08-13T00:00:00.000Z,p3ojcq,,CVE-2021-20090
1,2021-08-14T00:00:00.000Z,p4eqk0,,CVE-2021-36958
2,2021-08-16T00:00:00.000Z,p571w0,,CVE-2021-3050
103,2021-09-08T00:00:00.000Z,pkgmrf,,CVE-2021-40444
147,2021-09-13T00:00:00.000Z,png2pi,,cve-2021-40444
587,2021-09-20T00:00:00.000Z,prp84q,,CVE-2021-40444
2,2021-10-08T00:00:00.000Z,q3wh6d,,CVE-2021-41733
16,2021-10-28T00:00:00.000Z,qhlcap,,CVE-2021-26084
2,2021-11-23T00:00:00.000Z,r0ah9t,,CVE-2021-42321
637,2021-11-23T00:00:00.000Z,r0hmkc,,CVE-2021-41379
45,2021-11-23T00:00:00.000Z,r0ijjj,,CVE-2021-42321
116,2021-12-10T00:00:00.000Z,rdfbht,,CVE-2021-44228
3,2021-12-12T00:00:00.000Z,rf1roa,,cve-2021-44228
3,2021-12-13T00:00:00.000Z,rf98ro,,cve-2021-44228
1,2021-12-15T00:00:00.000Z,rhd711,,CVE-2021-44228
8,2021-12-16T00:00:00.000Z,rhnmu0,,CVE-2021-44228
14,2021-12-17T00:00:00.000Z,rikcl6,,CVE-2021-44228
31,2021-12-25T00:00:00.000Z,ro9lpx,,CVE-2021-44790
1,2022-01-12T00:00:00.000Z,s1sviu,,cve-2021-45608
4,2022-01-12T00:00:00.000Z,s2a0q2,,CVE-2022-21849
1,2022-02-16T00:00:00.000Z,su0bi0,,CVE-2013-3900
1,2022-03-31T00:00:00.000Z,tsol0v,,CVE-2020-1472
1,2022-04-01T00:00:00.000Z,tts4nw,,CVE-2022-22965
4,2022-04-26T00:00:00.000Z,ucbxm1,,CVE-2022-0540
12,2022-04-29T00:00:00.000Z,uemj6t,,CVE-2021-3100
2,2022-05-03T00:00:00.000Z,uhpq62,,CVE-2022-29072
3,2022-05-06T00:00:00.000Z,ujoff4,,CVE-2022-26522
7,2022-05-11T00:00:00.000Z,un845i,,CVE-2022-26923
13,2022-05-20T00:00:00.000Z,utwl3e,,CVE-2022-22954
3,2022-05-20T00:00:00.000Z,utz12s,,cve-2022-22954
2,2022-05-26T00:00:00.000Z,uy8dk1,,CVE-2022-23277
4,2022-05-26T00:00:00.000Z,uyemy8,,CVE-2022-26937
0,2022-07-01T00:00:00.000Z,vp2fvh,,CVE-2022-26726
1,2022-07-06T00:00:00.000Z,vserfj,,cve-2022-22980
12,2022-08-16T00:00:00.000Z,wq6y63,,CVE-2021-30666
5,2022-08-20T00:00:00.000Z,wt3nwb,,CVE-2020-0601
7,2022-09-22T00:00:00.000Z,xl25dh,,cve-2022-27255
2,2022-09-23T00:00:00.000Z,xlm599,,CVE-2018-10562
2,2022-10-04T00:00:00.000Z,xvqvhg,,CVE-2002-1623
2,2022-10-21T00:00:00.000Z,y9yxls,,CVE-2022-42889
1,2022-10-21T00:00:00.000Z,ya6l4j,,CVE-2022-42889
26,2022-11-01T00:00:00.000Z,yjclls,,CVE-2022-3786
8,2022-12-04T00:00:00.000Z,zcn4jm,,CVE-2022-37706
14,2023-01-09T00:00:00.000Z,107a044,,CVE-2022-34777
1,2023-01-09T00:00:00.000Z,107auog,,CVE-2022-36804
2,2023-01-19T00:00:00.000Z,10gdum6,,CVE-2022-47966
5,2023-01-25T00:00:00.000Z,10l36b3,,CVE-2023-21606
25,2023-02-10T00:00:00.000Z,10z3rbu,,CVE-2021-21974
6,2023-02-14T00:00:00.000Z,1128okx,,CVE-2021-21974
2,2023-02-15T00:00:00.000Z,1132a7c,,CVE-2022-45788
1,2023-02-23T00:00:00.000Z,119zt3a,,CVE-2022-47966
90,2023-03-07T00:00:00.000Z,11l10k1,,CVE-2023-21716
9,2023-03-15T00:00:00.000Z,11rz04t,,CVE-2023-24880
23,2023-03-16T00:00:00.000Z,11sw7z7,,CVE-2023-23397
7,2023-03-17T00:00:00.000Z,11tsp91,,CVE-2023-23397
58,2023-03-24T00:00:00.000Z,120xq7m,,cve-2023-23397
236,2023-03-25T00:00:00.000Z,121fwog,,CVE-2023-21746
0,2023-04-11T00:00:00.000Z,12iyias,,CVE-2023-28205
0,2023-04-18T00:00:00.000Z,12qqft0,,CVE-2021-3129
0,2023-04-18T00:00:00.000Z,12r5xia,,CVE-2023-2033
5,2023-04-19T00:00:00.000Z,12ru2dd,,CVE-2023-2136
2,2023-04-20T00:00:00.000Z,12t9oil,,CVE-2023-0669
1,2023-04-24T00:00:00.000Z,12xp9un,,CVE-2023-2136
8,2023-05-03T00:00:00.000Z,136ywzo,,CVE-2023-1968
20,2023-05-03T00:00:00.000Z,136z1on,,CVE-2023-1389
3,2023-05-04T00:00:00.000Z,137h59e,,CVE-1990-1234
7,2023-05-16T00:00:00.000Z,13jaqfx,,CVE-2023-30777
189,2023-05-17T00:00:00.000Z,13ka3qz,,CVE-2023-27217
9,2023-05-22T00:00:00.000Z,13opebk,,cve-2023-31070
6,2023-05-26T00:00:00.000Z,13sdjl7,,CVE-2023-21492
1,2023-05-27T00:00:00.000Z,13t8tjo,,CVE-2019-0708
0,2023-05-30T00:00:00.000Z,13voxv9,,CVE-2023-28438
117,2023-05-30T00:00:00.000Z,13vwtq3,,CVE-2023-27988
6,2023-06-08T00:00:00.000Z,144eqaa,,CVE-2020-1472
336,2023-06-09T00:00:00.000Z,145djcg,,CVE-2023-34362
158,2023-06-23T00:00:00.000Z,14h0py3,,CVE-2023-35708
26,2023-07-07T00:00:00.000Z,14t90e2,,CVE-2023-31222
40,2023-07-10T00:00:00.000Z,14vx77d,,CVE-2023-20185
2,2023-07-13T00:00:00.000Z,14yuk5l,,cve-2023-27997
1,2023-07-17T00:00:00.000Z,152diak,,CVE-2023-27532
1,2023-07-18T00:00:00.000Z,152hi4b,,CVE-2023-29298
1,2023-07-21T00:00:00.000Z,155jeba,,cve-2023-3519
1,2023-07-24T00:00:00.000Z,1580dqy,,CVE-2023-33148
1,2023-07-24T00:00:00.000Z,158e6pj,,CVE-2023-3519
1,2023-07-28T00:00:00.000Z,15by9f4,,CVE-2023-32629
1,2023-08-02T00:00:00.000Z,15fw23h,,cve-2023-27532
1,2023-08-04T00:00:00.000Z,15i092s,,CVE-2023-20583
1,2023-08-04T00:00:00.000Z,15i15bq,,CVE-2023-39143
1,2023-08-10T00:00:00.000Z,15npxgd,,CVE-2023-2868
1,2023-08-11T00:00:00.000Z,15oa65x,,CVE-2022-40982
1,2023-08-14T00:00:00.000Z,15r3c56,,CVE-2023-34362
1,2023-08-18T00:00:00.000Z,15ulzk7,,CVE-2023-29468
1,2023-08-21T00:00:00.000Z,15x4b8z,,CVE-2021-22205
1,2023-09-14T00:00:00.000Z,16i7sck,,CVE-2023-41064
1,2023-09-17T00:00:00.000Z,16l7ndt,,CVE-2023-3676
1,2023-09-19T00:00:00.000Z,16mr9le,,CVE-2023-36764
1,2023-09-27T00:00:00.000Z,16tddml,,CVE-2023-5129
1,2023-09-27T00:00:00.000Z,16tok7a,,CVE-2023-5129
1,2023-09-28T00:00:00.000Z,16u0i4f,,CVE-2023-5129
1,2023-09-29T00:00:00.000Z,16v1qf7,,CVE-2023-5217
1,2023-10-01T00:00:00.000Z,16x70br,,CVE-2023-5217
1,2023-10-02T00:00:00.000Z,16xsnxj,,CVE-2023-37476
1,2023-10-03T00:00:00.000Z,16yjpk1,,CVE-2023-4211
1,2023-10-04T00:00:00.000Z,16zw65d,,CVE-2023-34362
1,2023-10-06T00:00:00.000Z,171e4jn,,CVE-2023-40044
1,2023-10-08T00:00:00.000Z,172yflo,,CVE-2023-22515
1,2023-10-13T00:00:00.000Z,176zeud,,CVE-2023-44487
5,2023-10-15T00:00:00.000Z,178e5qg,,CVE-2023-4863
1,2023-10-15T00:00:00.000Z,178mhqq,,CVE-2023-4487
1,2023-10-19T00:00:00.000Z,17bfurt,,CVE-2023-36434
1,2023-10-22T00:00:00.000Z,17dy016,,CVE-2023-35187
1,2023-10-26T00:00:00.000Z,17h1d0t,,CVE-2015-4001
1,2023-10-27T00:00:00.000Z,17hrdfz,,CVE-2023-20198
1,2023-10-27T00:00:00.000Z,17hrqr1,,cve-2019-19585
1,2023-10-30T00:00:00.000Z,17jsozu,,cve-2023-5043
1,2023-11-01T00:00:00.000Z,17lbwra,,cve-2023-35359
1,2023-11-01T00:00:00.000Z,17leap2,,CVE-2022-2068
1,2023-11-05T00:00:00.000Z,17ob3m6,,cve-2019-0708
9,2023-11-09T00:00:00.000Z,17rkvni,,CVE-2023-4966
8,2023-11-17T00:00:00.000Z,17xgn2c,,CVE-2023-23583
2,2023-11-22T00:00:00.000Z,181gnfa,,CVE-2021-40724
6,2023-11-23T00:00:00.000Z,181waqz,,CVE-2023-46604
12,2023-12-08T00:00:00.000Z,18dopqp,,CVE-2023-26360
21,2023-12-15T00:00:00.000Z,18j2edi,,CVE-2023-42793
1,2023-12-16T00:00:00.000Z,18jv487,,CVE-2023-45648
292,2023-12-18T00:00:00.000Z,18lboou,,CVE-2023-427931
5,2023-12-19T00:00:00.000Z,18lshju,,cve-2023-46854
1,2023-12-20T00:00:00.000Z,18mow1h,,CVE-2023-42793
1,2023-12-21T00:00:00.000Z,18o0tny,,CVE-2023-2745
33,2023-12-27T00:00:00.000Z,18s231m,,CVE-2023-7102
1,2024-01-09T00:00:00.000Z,19293vt,,CVE-2023-49070
20,2024-01-10T00:00:00.000Z,1931s2f,,CVE-2023-45866
1,2024-01-14T00:00:00.000Z,196ppdp,,CVE-2023-36884
3,2024-01-16T00:00:00.000Z,1980qfp,,CVE-2019-6538
2,2024-01-17T00:00:00.000Z,198xkai,,CVE-2023-41265
7,2024-01-19T00:00:00.000Z,19akugv,,CVE-2019-1653
4,2024-01-23T00:00:00.000Z,19dte2s,,CVE-2023-7028
13,2024-01-31T00:00:00.000Z,1afii1g,,CVE-2024-21893
26,2024-02-01T00:00:00.000Z,1agcug5,,CVE-2023-23397
1,2024-02-03T00:00:00.000Z,1ahsqez,,CVE-2024-21626
1,2024-02-06T00:00:00.000Z,1aki4ad,,cve-2024-21893
53,2024-02-07T00:00:00.000Z,1alhcvi,,CVE-2023-36661
14,2024-02-14T00:00:00.000Z,1aqb7q2,,CVE-2024-21413
1,2024-02-16T00:00:00.000Z,1asb77q,,CVE-2023-50358
19,2024-02-26T00:00:00.000Z,1b0wswj,,CVE-2023-3824
1,2024-02-27T00:00:00.000Z,1b17cay,,CVE-2017-1000190
14,2024-03-02T00:00:00.000Z,1b51vn2,,CVE-2024-0692
17,2024-03-03T00:00:00.000Z,1b5mv9t,,cve-2023-6063
1,2024-03-17T00:00:00.000Z,1bh8lun,,CVE-2023-4863
3,2024-03-18T00:00:00.000Z,1bhi7ap,,CVE-2021-44228
2,2024-03-27T00:00:00.000Z,1boxmhy,,CVE-2024-1709
1,2024-03-29T00:00:00.000Z,1bqni5x,,CVE-2024-24725
9,2024-03-29T00:00:00.000Z,1bqzfr0,,CVE-2024-3094
1,2024-03-30T00:00:00.000Z,1brhxre,,CVE-2024-3094
1,2024-03-30T00:00:00.000Z,1bri0l8,,CVE-2024-3094
1,2024-04-01T00:00:00.000Z,1bswod6,,CVE-2024-3094
4,2024-04-01T00:00:00.000Z,1bsyqmo,,CVE-2024-3094
2,2024-04-02T00:00:00.000Z,1btr7f4,,cve-2024-3094
10,2024-04-04T00:00:00.000Z,1bvt8fb,,CVE-2024-3094
1,2024-04-05T00:00:00.000Z,1bw6bgl,,CVE-2021-40444
11,2024-04-05T00:00:00.000Z,1bwidyn,,CVE-2024-3094
1,2024-04-09T00:00:00.000Z,1bzdh5y,,CVE-2004-1831
233,2024-04-16T00:00:00.000Z,1c5s0bt,,CVE-2024-3400
1,2024-04-18T00:00:00.000Z,1c6veej,,CVE-2024-31497
17,2024-04-24T00:00:00.000Z,1cc6e35,,CVE-2024-20353
11,2024-05-03T00:00:00.000Z,1cj9s5s,,CVE-2015-2051
1,2024-05-04T00:00:00.000Z,1cju6a5,,CVE-2021-22986
10,2024-05-09T00:00:00.000Z,1cnqmuj,,CVE-2024-20353
2,2024-05-16T00:00:00.000Z,1ctnk2m,,CVE-2021-3129
1,2024-05-20T00:00:00.000Z,1cwg9af,,CVE-2023-21608
34,2024-05-21T00:00:00.000Z,1cxcowt,,CVE-2024-4986
10,2024-05-23T00:00:00.000Z,1cyoay6,,CVE-2023-38547
1,2024-05-26T00:00:00.000Z,1d0tcq1,,CVE-2024-1086
10,2024-05-30T00:00:00.000Z,1d42kk9,,CVE-2024-24919
2,2024-06-12T00:00:00.000Z,1dee3yn,,cve-2024-30103
1,2024-06-12T00:00:00.000Z,1dee5h5,,cve-2024-30103
28,2024-06-20T00:00:00.000Z,1dk3p7g,,Cve-2024-30078
1,2024-06-25T00:00:00.000Z,1do67j1,,cve-2024-37032
13,2024-06-28T00:00:00.000Z,1dqkvdv,,CVE-2024-5806
2,2024-07-08T00:00:00.000Z,1dy5lj4,,CVE-2024-6387
3,2024-07-09T00:00:00.000Z,1dz166o,,CVE-2021-44228
1,2024-07-12T00:00:00.000Z,1e1hum1,,CVE-2023-48795
3,2024-07-18T00:00:00.000Z,1e6ilef,,CVE-2024-3400
1,2024-07-23T00:00:00.000Z,1ea68se,,CVE-2024-3596
1,2024-07-24T00:00:00.000Z,1eayc4b,,cve-2023-46604
2,2024-08-13T00:00:00.000Z,1erc7ky,,CVE-2016-1847
12,2024-08-17T00:00:00.000Z,1eueblc,,CVE-2024-6783
5,2024-08-22T00:00:00.000Z,1eypqbw,,CVE-2023-38408
6,2024-08-26T00:00:00.000Z,1f1o30t,,CVE-2021-44228
1,2024-08-28T00:00:00.000Z,1f3glpj,,CVE-2024-1709
4,2024-09-06T00:00:00.000Z,1faj9c3,,CVE-2024-40711
1,2024-09-06T00:00:00.000Z,1faob7q,,CVE-2024-40766
1,2024-09-07T00:00:00.000Z,1fbabgp,,CVE-2024-36401
1,2024-09-15T00:00:00.000Z,1fh9are,,CVE-2024-29847
2,2024-09-28T00:00:00.000Z,1frc1e9,,CVE-2024-38286
1,2024-10-04T00:00:00.000Z,1fw10xj,,cve-2024-9313
13,2024-10-10T00:00:00.000Z,1g0th1m,,CVE-2024-43047
8,2024-10-11T00:00:00.000Z,1g1fa8a,,CVE-2024-40711
1,2024-10-14T00:00:00.000Z,1g3a2da,,cve-2024-35202
3,2024-10-24T00:00:00.000Z,1gbai04,,CVE-2024-38094
3,2024-11-01T00:00:00.000Z,1gh89iu,,CVE-2024-1234
1,2024-11-12T00:00:00.000Z,1gpl7ec,,CVE-2024-45763
3,2024-11-22T00:00:00.000Z,1gxhrs4,,CVE-2023-45282
1,2024-11-23T00:00:00.000Z,1gxxhwv,,CVE-2021-41773
1,2024-11-25T00:00:00.000Z,1gzqj0y,,CVE-2024-11477
162,2024-11-25T00:00:00.000Z,1gzqkjz,,CVE-2024-11477
8,2024-12-04T00:00:00.000Z,1h6dubg,,CVE-2024-8785
1,2024-12-05T00:00:00.000Z,1h6w5dn,,CVE-2024-42327
1,2024-12-10T00:00:00.000Z,1hbaolq,,CVE-2024-46909
11,2024-12-19T00:00:00.000Z,1hi23mj,,CVE-2023-34990
1,2024-12-31T00:00:00.000Z,1hqap4w,,CVE-2014-0816
1,2013-04-19T00:00:00.000Z,1coh3u,,CVE-2011-4368
4,2014-03-19T00:00:00.000Z,20tv1h,,CVE-2012-1495
115,2014-05-10T00:00:00.000Z,256g7l,,CVE-2012-6081
1,2015-08-05T00:00:00.000Z,3fupiv,,CVE-2015-5477
5,2016-08-30T00:00:00.000Z,50alui,,CVE-2015-8562
3,2017-07-11T00:00:00.000Z,6mo5sv,,CVE-2010-2730
0,2017-08-01T00:00:00.000Z,6qup46,,CVE-2011-3402
3,2017-09-27T00:00:00.000Z,72uo7p,,CVE-2017-0199
2,2018-03-06T00:00:00.000Z,82gqzi,,CVE-2018-0101
3,2018-10-30T00:00:00.000Z,9sr9m0,,CVE-2018-14665
10,2018-11-02T00:00:00.000Z,9tntut,,CVE-2018-4407
2,2018-11-25T00:00:00.000Z,a07fcs,,cve-2018-10933
1,2019-01-25T00:00:00.000Z,ajoykp,,CVE-2019-6260
0,2019-03-07T00:00:00.000Z,ay9fdt,,CVE-2018-20250
1,2019-03-08T00:00:00.000Z,aywgck,,CVE-2017-15396
10,2019-06-28T00:00:00.000Z,c6lo8e,,CVE-2016-7262
4,2019-07-27T00:00:00.000Z,cig8gi,,CVE-2019-2107
5,2019-09-18T00:00:00.000Z,d60kva,,CVE-2017-16510
202,2019-12-07T00:00:00.000Z,e7elzs,,CVE-2019-11708
10,2020-03-17T00:00:00.000Z,fjykpe,,CVE-2020-0768
1,2020-04-08T00:00:00.000Z,fx6lr8,,CVE-2018-10933
1,2020-08-07T00:00:00.000Z,i5al89,,CVE-2020-10713
19,2020-10-06T00:00:00.000Z,j5z8zy,,CVE-2020-1472
7,2020-12-03T00:00:00.000Z,k63dqd,,cve-2020-25988
5,2021-02-05T00:00:00.000Z,ld3yag,,CVE-2021-21148
125,2021-04-13T00:00:00.000Z,mq3glh,,CVE-2021-3156
9,2021-08-19T00:00:00.000Z,p7ig6y,,CVE-2021-36798
11,2021-09-23T00:00:00.000Z,ptsio2,,CVE-2021-28663
15,2021-10-11T00:00:00.000Z,q61e8f,,CVE-2006-3092
7,2021-12-12T00:00:00.000Z,rel34n,,CVE-2019-14889
4,2022-03-28T00:00:00.000Z,tq3bao,,CVE-2021-44228
1,2022-04-11T00:00:00.000Z,u13r97,,CVE-2019-6470
2,2022-04-19T00:00:00.000Z,u7aqd1,,CVE-2022-23219
34,2022-05-27T00:00:00.000Z,uyr76h,,CVE-2021-3393
0,2022-06-21T00:00:00.000Z,vhaffv,,CVE-2022-2003
1,2022-10-06T00:00:00.000Z,xwth5a,,cve-2022-27254
10,2022-12-29T00:00:00.000Z,zybp3s,,CVE-2018-10561
1,2023-01-16T00:00:00.000Z,10du903,,CVE-2019-11358
2,2023-01-16T00:00:00.000Z,10duc27,,CVE-2019-11358
424,2023-03-01T00:00:00.000Z,11f72kn,,CVE-2020-5741
3,2023-04-15T00:00:00.000Z,12mp5iy,,CVE-1999-0667
1,2023-04-18T00:00:00.000Z,12qqbbl,,CVE-2021-3129
9,2023-05-27T00:00:00.000Z,13ssprw,,CVE-2023-21554
135,2023-06-14T00:00:00.000Z,149eyux,,CVE-2023-34362
1,2023-07-04T00:00:00.000Z,14q36xv,,CVE-2016-20012
12,2023-08-14T00:00:00.000Z,15r31jd,,CVE-2023-34362
1,2023-09-03T00:00:00.000Z,1695vru,,CVE-2023-2640
1,2023-09-15T00:00:00.000Z,16j56eh,,CVE-2017-7629
1,2023-10-14T00:00:00.000Z,177wztl,,CVE-2018-1160
1,2024-01-05T00:00:00.000Z,18ysihj,,cve-2023-51771
7,2024-02-11T00:00:00.000Z,1ao9mcm,,cve-2024-22087
26,2024-08-15T00:00:00.000Z,1esg9ho,,CVE-2024-38063
14,2024-11-22T00:00:00.000Z,1gxhnkz,,CVE-2023-45282
10,2015-07-28T00:00:00.000Z,3ey2pv,,CVE-2015-5477
3,2015-09-29T00:00:00.000Z,3mvd91,,CVE-2015-3183
0,2017-06-01T00:00:00.000Z,6ekzv1,,cve-2017-1000367
51,2019-09-03T00:00:00.000Z,cz6vvw,,CVE-2019-10197
25,2019-09-16T00:00:00.000Z,d4xhhu,,CVE-2018-1312
1,2020-04-29T00:00:00.000Z,ga6x6g,,CVE-2019-16746
17,2020-07-03T00:00:00.000Z,hked0h,,CVE-2019-15917
1,2021-01-28T00:00:00.000Z,l6vqg4,,CVE-2021-3156
14,2021-01-29T00:00:00.000Z,l7ji1o,,CVE-2021-3156
10,2024-06-09T00:00:00.000Z,1dc3cda,,CVE-2024-4610
41,2024-07-01T00:00:00.000Z,1dsrjaq,,CVE-2024-6387
6,2014-06-09T00:00:00.000Z,27p6co,,CVE-2013-2094
24,2016-08-31T00:00:00.000Z,50haoe,,CVE-2012-0158
28,2018-06-03T00:00:00.000Z,8o4rbn,,CVE-2018-8174
28,2019-07-01T00:00:00.000Z,c7y4jf,,CVE-2019-11707
4,2019-07-08T00:00:00.000Z,caqbtr,,CVE-2019-11707
36,2022-06-16T00:00:00.000Z,vdsvkz,,CVE-2022-0778
4,2024-03-19T00:00:00.000Z,1bia17f,,CVE-2023-3824
21,2024-06-23T00:00:00.000Z,1dmv1oo,,cve-2023-24932
7,2017-05-01T00:00:00.000Z,68ov9l,,CVE-2016-0128
6,2017-09-06T00:00:00.000Z,6yhj0g,,cve-2017-9805
8,2018-02-26T00:00:00.000Z,80ex76,,CVE-2015-2081
2,2018-06-27T00:00:00.000Z,8udkye,,CVE-2018-8233
2,2020-01-28T00:00:00.000Z,evbhgh,,CVE-2020-0601
45,2020-03-11T00:00:00.000Z,fgr293,,CVE-2020-0796
8,2020-06-27T00:00:00.000Z,hgja6r,,CVE-2020-15069
115,2020-07-14T00:00:00.000Z,hr67jn,,cve-2020-1350
1,2020-08-07T00:00:00.000Z,i5dfem,,CVE-2020-17352
47,2020-08-12T00:00:00.000Z,i8ct95,,CVE-2020-1472
8,2020-11-09T00:00:00.000Z,jr2lae,,CVE-2019-0232
138,2021-01-02T00:00:00.000Z,kov0u7,,CVE-2020-29583
100,2021-02-03T00:00:00.000Z,lbvggq,,cve-2020-1472
60,2021-02-11T00:00:00.000Z,lht8kt,,cve-2021-24092
176,2021-05-05T00:00:00.000Z,n5i06j,,CVE-2021-21551
88,2021-05-26T00:00:00.000Z,nlcsd9,,CVE-2020-27840
262,2021-06-30T00:00:00.000Z,ob6y02,,CVE-2021-1675
31,2021-07-02T00:00:00.000Z,oc65gc,,CVE-2021-1675
54,2021-07-06T00:00:00.000Z,of58ew,,CVE-2021-34527
2,2021-07-07T00:00:00.000Z,of7bmm,,cve-2021-1675
55,2021-07-08T00:00:00.000Z,og9hk3,,CVE-2021-34527
45,2021-07-13T00:00:00.000Z,oj5nid,,CVE-2021-34527
90,2021-07-16T00:00:00.000Z,olgdls,,CVE-2021-34481
1,2021-07-22T00:00:00.000Z,op7gl4,,CVE-2021-32761
10,2021-07-23T00:00:00.000Z,oq4abs,,CVE-2021-36934
2,2021-07-29T00:00:00.000Z,otnui3,,CVE-2021-3438
5,2021-08-05T00:00:00.000Z,oykcsy,,CVE-2017-11882
6,2021-08-10T00:00:00.000Z,p1w0fe,,CVE-2021-34527
5,2021-09-01T00:00:00.000Z,pfwh17,,CVE-2021-3711
241,2021-09-09T00:00:00.000Z,pl5o37,,cve-2021-40444
24,2021-09-14T00:00:00.000Z,po7f77,,CVE-2021-36958
282,2021-10-18T00:00:00.000Z,qao5ba,,cve-2021-34481
22,2021-11-30T00:00:00.000Z,r5pdmu,,cve-2021-39237
302,2021-12-10T00:00:00.000Z,rdba36,,CVE-2021-44228
9,2021-12-13T00:00:00.000Z,rfjzll,,cve-2021-44228
21,2021-12-13T00:00:00.000Z,rfp45e,,CVE-2021-4428
138,2022-01-15T00:00:00.000Z,s48iji,,CVE-2021-44228
1,2022-03-23T00:00:00.000Z,tl88xz,,CVE-2021-44228
3,2022-03-28T00:00:00.000Z,tqc8tv,,CVE-2022-1096
0,2022-04-01T00:00:00.000Z,ttt46p,,CVE-2019-8273
54,2022-04-18T00:00:00.000Z,u6j7nn,,CVE-2022-29072
6,2022-06-03T00:00:00.000Z,v3z9xr,,CVE-2022-26134
37,2022-06-15T00:00:00.000Z,vcobre,,CVE-2022-30190
185,2022-09-29T00:00:00.000Z,xrkfdf,,CVE-2022-41040
24,2022-10-07T00:00:00.000Z,xy1xcy,,CVE-2022-40684
2,2022-10-14T00:00:00.000Z,y3us9k,,cve-2022-40684
0,2022-12-13T00:00:00.000Z,zlbefb,,CVE-2022-27518
144,2022-12-22T00:00:00.000Z,zt04qb,,CVE-2022-41080
94,2023-02-23T00:00:00.000Z,119ucw5,,CVE-2022-39952
5,2023-03-10T00:00:00.000Z,11nrdzd,,CVE-2023-27532
85,2023-03-13T00:00:00.000Z,11qmhv8,,cve-2023-27532
24,2023-03-16T00:00:00.000Z,11t5jue,,CVE-2023-23397
141,2023-03-17T00:00:00.000Z,11tt3bc,,CVE-2023-23397
3,2023-03-21T00:00:00.000Z,11xhsam,,CVE-2023-23397
0,2023-03-31T00:00:00.000Z,127u2a7,,CVE-2023-29059
46,2023-04-12T00:00:00.000Z,12jqjj2,,CVE-2023-21554
135,2023-04-30T00:00:00.000Z,133s7kz,,CVE-2023-27532
102,2023-06-01T00:00:00.000Z,13xjs1y,,CVE-2023-34362
44,2023-06-12T00:00:00.000Z,147t4cp,,CVE-2023-27997
1,2023-07-20T00:00:00.000Z,154zh7p,,CVE-2023-3519
1,2023-07-25T00:00:00.000Z,1599ej5,,CVE-2023-3519
1,2023-07-25T00:00:00.000Z,1599el7,,CVE-2023-3519
1,2023-07-27T00:00:00.000Z,15b307x,,CVE-2023-3029
1,2023-07-28T00:00:00.000Z,15bv5ee,,CVE-2023-26077
1,2023-07-31T00:00:00.000Z,15epw1f,,CVE-2023-30799
1,2023-08-05T00:00:00.000Z,15iwjez,,cve-2023-39143
1,2023-08-15T00:00:00.000Z,15rtiql,,CVE-2022-40982
1,2023-08-18T00:00:00.000Z,15ule6h,,CVE-2023-32019
1,2023-08-21T00:00:00.000Z,15xbwm6,,CVE-2023-32560
1,2023-08-28T00:00:00.000Z,163r3wn,,CVE-2023-38831
1,2023-09-18T00:00:00.000Z,16m3acu,,CVE-2023-20269
1,2023-09-25T00:00:00.000Z,16rvooj,,CVE-2023-36845
1,2023-09-27T00:00:00.000Z,16tkvu4,,CVE-2023-40164
1,2023-09-29T00:00:00.000Z,16uvel0,,CVE-2023-4863
1,2023-09-29T00:00:00.000Z,16vfyh5,,CVE-2023-40044
4,2023-10-02T00:00:00.000Z,16y1eks,,CVE-2023-5129
1,2023-10-02T00:00:00.000Z,16y3962,,CVE-2023-40044
1,2023-10-03T00:00:00.000Z,16ysrq1,,CVE-2023-5129
1,2023-10-04T00:00:00.000Z,16zud7d,,CVE-2023-22515
1,2023-10-16T00:00:00.000Z,179fop6,,CVE-2023-38545
1,2023-10-23T00:00:00.000Z,17et8pl,,CVE-2023-22515
1,2023-10-30T00:00:00.000Z,17k1ncd,,CVE-2023-34048
35,2023-11-02T00:00:00.000Z,17mhg92,,CVE-2023-46604
1,2023-11-06T00:00:00.000Z,17p5ju3,,CVE-2023-46747
1,2023-11-22T00:00:00.000Z,18198qh,,CVE-2023-46604
5,2023-12-08T00:00:00.000Z,18dawc1,,cve-2023-45866
1,2023-12-14T00:00:00.000Z,18ibj9b,,CVE-2023-50164
1,2023-12-14T00:00:00.000Z,18ibl5l,,CVE-2023-50164
5,2023-12-27T00:00:00.000Z,18sc24h,,CVE-2023-7102
3,2024-01-18T00:00:00.000Z,199legu,,CVE-2023-6340
3,2024-01-23T00:00:00.000Z,19dswfm,,CVE-2023-39336
5,2024-03-30T00:00:00.000Z,1bro3e8,,cve-2024-3094
16,2024-04-12T00:00:00.000Z,1c28kty,,CVE-2024-3400
35,2024-05-08T00:00:00.000Z,1cmqmy0,,CVE-2024-29212
3,2024-06-05T00:00:00.000Z,1d8v9m9,,CVE-2022-0001
9,2024-06-10T00:00:00.000Z,1dcousw,,CVE-2024-29849
4,2024-07-01T00:00:00.000Z,1dsp60i,,CVE-2024-2973
54,2024-07-01T00:00:00.000Z,1dsse9e,,CVE-2024-6387
3,2024-07-02T00:00:00.000Z,1dtekaf,,cve-2024-6387
1,2024-07-10T00:00:00.000Z,1dzocfk,,CVE-2024-38080
1,2024-07-10T00:00:00.000Z,1dzpqgq,,CVE-2024-6236
2,2024-07-15T00:00:00.000Z,1e47a62,,CVE-2024-27198
45,2024-08-14T00:00:00.000Z,1es0ivo,,CVE-2024-38063
1,2024-09-06T00:00:00.000Z,1faj5s0,,CVE-2024-40711
9,2024-09-06T00:00:00.000Z,1fao9w1,,CVE-2024-40766
22,2024-09-26T00:00:00.000Z,1fq8023,,CVE-2024-47176
12,2024-10-11T00:00:00.000Z,1g1f8sa,,CVE-2024-40711
1,2024-10-24T00:00:00.000Z,1gbaifd,,CVE-2024-38094
84,2024-12-10T00:00:00.000Z,1haqgss,,CVE-2024-50623
5,2024-12-19T00:00:00.000Z,1hi2470,,CVE-2023-34990
3,2014-05-10T00:00:00.000Z,25673r,,CVE-2012-6081
4,2014-11-29T00:00:00.000Z,2nqws6,,CVE-2008-0122
2,2016-05-04T00:00:00.000Z,4htn93,,CVE-2016-2107
3,2016-11-21T00:00:00.000Z,5e4x9a,,CVE-2015-4642
0,2017-06-20T00:00:00.000Z,6ifpg0,,CVE-2017-8224
15,2017-10-01T00:00:00.000Z,73lfgf,,CVE-2003-0201
2,2017-12-11T00:00:00.000Z,7j4xtj,,CVE-2008-7251
9,2018-02-13T00:00:00.000Z,7x6q13,,CVE-2018-6791
2,2018-12-30T00:00:00.000Z,aavint,,CVE-2015-9251
5,2019-04-22T00:00:00.000Z,bfyh86,,CVE-2019-11014
5,2020-05-19T00:00:00.000Z,gmw1gq,,CVE-2017-0199
49,2021-07-03T00:00:00.000Z,od62nk,,CVE-2021-1675
24,2022-02-06T00:00:00.000Z,sm0j5y,,CVE-2021-44228
9,2022-03-28T00:00:00.000Z,tq3a4m,,CVE-2021-44228
18,2023-01-11T00:00:00.000Z,10927di,,CVE-2007-0071
5,2023-02-13T00:00:00.000Z,110wbog,,CVE-2022-26134
15,2023-04-15T00:00:00.000Z,12mp7yf,,CVE-1999-0667
1,2023-08-21T00:00:00.000Z,15x6g6c,,CVE-2021-22205
1,2023-09-13T00:00:00.000Z,16hjbwl,,CVE-2020-8010
1,2023-09-17T00:00:00.000Z,16l8fuu,,CVE-2023-3676
1,2023-09-24T00:00:00.000Z,16qssz5,,CVE-2023-41991
1,2023-10-01T00:00:00.000Z,16x6ttv,,CVE-2023-5217
1,2023-10-15T00:00:00.000Z,178mi2b,,CVE-2023-4487
1,2023-10-22T00:00:00.000Z,17dy2hg,,CVE-2023-35187
6,2023-12-08T00:00:00.000Z,18di5lm,,CVE-2023-38831
4,2023-12-09T00:00:00.000Z,18ef2gg,,CVE-2023-38831
13,2010-06-13T00:00:00.000Z,ceeai,,CVE-2010-1297
17,2010-08-12T00:00:00.000Z,d09d1,,CVE-2010-2550
7,2012-01-18T00:00:00.000Z,olqe9,,CVE-2011-4130
19,2012-03-09T00:00:00.000Z,qom4v,,CVE-2011-3046
8,2012-03-25T00:00:00.000Z,rcwji,,CVE-2010-0188
8,2012-07-06T00:00:00.000Z,w4rov,,CVE-2012-1723
72,2013-01-28T00:00:00.000Z,17ggg5,,cve-2013-0333
10,2013-03-19T00:00:00.000Z,1akzas,,CVE-2013-1854
1,2014-04-08T00:00:00.000Z,22idlb,,CVE-2014-0160
1,2015-04-21T00:00:00.000Z,33d0gl,,CVE-2012-0158
18,2018-06-28T00:00:00.000Z,8ufugv,,CVE-2018-0296
15,2018-12-06T00:00:00.000Z,a3okfo,,CVE-2018-1002105
16,2019-04-09T00:00:00.000Z,bb6nzr,,CVE-2019-3396
6,2020-02-20T00:00:00.000Z,f7244h,,CVE-2020-0668
10,2020-03-18T00:00:00.000Z,fkum2o,,CVE-2019-15126
1,2023-08-03T00:00:00.000Z,15h2plg,,cve-2023-33383
33,2023-08-29T00:00:00.000Z,16419h5,,CVE-2023-34723
1,2023-10-03T00:00:00.000Z,16z0ma2,,CVE-2023-43654
1,2024-01-30T00:00:00.000Z,1aet81y,,CVE-2023-51467
21,2024-11-22T00:00:00.000Z,1gxhpmv,,CVE-2023-45282
4,2024-03-19T00:00:00.000Z,1bia9hx,,CVE-2023-3824
1,2011-10-14T00:00:00.000Z,lbrx1,,CVE-2011-3368
5,2011-12-09T00:00:00.000Z,n6jwo,,CVE-2011-4694
23,2012-08-30T00:00:00.000Z,z3g43,,CVE-2012-4681
1,2012-09-13T00:00:00.000Z,ztuea,,CVE-2011-3389
0,2013-06-25T00:00:00.000Z,1h185n,,CVE-2013-3660
10,2013-07-29T00:00:00.000Z,1j9las,,CVE-2010-5200
31,2014-07-09T00:00:00.000Z,2a9z7m,,CVE-2014-2781
92,2014-09-26T00:00:00.000Z,2hixko,,CVE-2014-6271
1,2014-10-09T00:00:00.000Z,2ishlp,,CVE-2014-0224
2,2014-10-15T00:00:00.000Z,2jcu99,,CVE-2013-2729
9,2014-10-16T00:00:00.000Z,2jeaz9,,CVE-2014-3393
99,2014-11-18T00:00:00.000Z,2mpgez,,cve-2014-6324
253,2014-12-05T00:00:00.000Z,2od1ad,,cve-2014-6324
2,2014-12-10T00:00:00.000Z,2ow404,,CVE-2014-0224
7,2015-01-08T00:00:00.000Z,2rr4t5,,CVE-2014-1761
3,2015-01-22T00:00:00.000Z,2t93zb,,CVE-1999-0169
168,2015-01-27T00:00:00.000Z,2tui27,,CVE-2015-0235
3,2015-01-27T00:00:00.000Z,2tw5dg,,CVE-2014-8730
3,2015-02-07T00:00:00.000Z,2v2a6y,,CVE-2015-0235
0,2015-02-24T00:00:00.000Z,2x05zh,,CVE-2010-5298
58,2015-03-19T00:00:00.000Z,2zlnax,,CVE-2015-0286
10,2015-03-19T00:00:00.000Z,2zmqmf,,CVE-2014-0224
1,2015-05-07T00:00:00.000Z,357x31,,cve-2015-0235
3,2015-07-01T00:00:00.000Z,3bp46y,,CVE-2004-2761
5,2015-07-02T00:00:00.000Z,3bxdje,,CVE-2015-3306
1,2015-07-21T00:00:00.000Z,3e2qy0,,CVE-1999-0510
2,2016-02-17T00:00:00.000Z,4699x3,,cve-2015-7547
31,2016-03-24T00:00:00.000Z,4brjui,,cve-2016-0636
25,2016-04-14T00:00:00.000Z,4eslpl,,cve-2016-1019
3,2016-04-14T00:00:00.000Z,4etil7,,CVE-2016-1014
3,2016-04-19T00:00:00.000Z,4feqhe,,CVE-2014-0160
1,2016-04-22T00:00:00.000Z,4fxu3g,,CVE-2015-2414
22,2016-06-09T00:00:00.000Z,4nbsre,,CVE-2005-1219
184,2016-08-11T00:00:00.000Z,4x8lt5,,CVE-2016-5696
52,2016-08-17T00:00:00.000Z,4y46zb,,CVE-2016-0777
0,2016-08-30T00:00:00.000Z,50amp2,,CVE-2015-8562
4,2016-10-21T00:00:00.000Z,58ndyk,,CVE-2016-5195
12,2016-10-27T00:00:00.000Z,59nf0r,,CVE-2016-5195
0,2017-01-03T00:00:00.000Z,5ltp2y,,CVE-2016-2183
4,2017-03-09T00:00:00.000Z,5yhp1v,,CVE-2017-5638
153,2017-04-13T00:00:00.000Z,655f3d,,CVE-2016-10229
4,2017-05-12T00:00:00.000Z,6are20,,CVE-2017-0159
3,2017-05-15T00:00:00.000Z,6b8fhx,,CVE-2017-0143
10,2017-05-23T00:00:00.000Z,6cuhl8,,CVE-2013-3587
72,2017-05-24T00:00:00.000Z,6d0uzg,,CVE-2017-7494
9,2017-06-13T00:00:00.000Z,6h2de7,,CVE-2015-6585
14,2017-06-23T00:00:00.000Z,6j3kq1,,CVE-2017-8558
326,2017-06-27T00:00:00.000Z,6jt1ng,,CVE-2017-0199
8,2017-07-12T00:00:00.000Z,6mt3dp,,CVE-2017-8589
76,2017-07-12T00:00:00.000Z,6mty4b,,CVE-2017-8563
2,2017-07-13T00:00:00.000Z,6n4n6s,,CVE-2017-8563
3,2017-07-14T00:00:00.000Z,6n5wzy,,CVE-2017-8589
123,2017-07-27T00:00:00.000Z,6pxz08,,CVE-2017-8571
2,2017-08-08T00:00:00.000Z,6sf8zu,,CVE-2017-8620
3,2017-08-23T00:00:00.000Z,6vlc1l,,CVE-2017-0167
8,2017-09-13T00:00:00.000Z,6ztenh,,CVE-2017-8759
136,2017-09-14T00:00:00.000Z,701xi0,,CVE-2017-5638
3,2017-09-27T00:00:00.000Z,72v9h4,,CVE-2013-2566
25,2017-10-11T00:00:00.000Z,75pajy,,cve-2017-11776
128,2017-10-16T00:00:00.000Z,76qir7,,CVE-2017-13080
50,2017-10-30T00:00:00.000Z,79ncu9,,CVE-2017-13080
2,2017-11-02T00:00:00.000Z,7ad0wj,,CVE-2017-13077
3,2017-11-14T00:00:00.000Z,7cvxj9,,CVE-2017-0213
5,2017-11-21T00:00:00.000Z,7ehze0,,CVE-2017-11882
39,2017-12-08T00:00:00.000Z,7ie2i7,,CVE-2017-11937
3,2017-12-08T00:00:00.000Z,7igqpg,,CVE-2017-11937
0,2017-12-11T00:00:00.000Z,7j5xlf,,CVE-2008-7251
4115,2018-01-02T00:00:00.000Z,7nl8r0,,CVE-2017-5754
358,2018-01-03T00:00:00.000Z,7nyhc5,,CVE-2017-5715
110,2018-01-03T00:00:00.000Z,7nyrxd,,CVE-2017-5715
123,2018-01-04T00:00:00.000Z,7nz6he,,CVE-2017-5715
11,2018-01-04T00:00:00.000Z,7o2mac,,CVE-2017-10271
15,2018-01-06T00:00:00.000Z,7oicjg,,CVE-2017-5715
21,2018-01-07T00:00:00.000Z,7oubgr,,cve-2017-5715
239,2018-01-08T00:00:00.000Z,7ozp9q,,cve-2017-5715
3,2018-01-09T00:00:00.000Z,7p8nwv,,CVE-2017-5715
161,2018-01-09T00:00:00.000Z,7p8yyv,,CVE-2017-5715
73,2018-01-09T00:00:00.000Z,7p9it3,,CVE-2017-5754
0,2018-01-10T00:00:00.000Z,7peu99,,cve-2017-5715
9,2018-01-11T00:00:00.000Z,7pk7ry,,cve-2017-5715
116,2018-01-11T00:00:00.000Z,7pocez,,CVE-2017-5715
20,2018-01-12T00:00:00.000Z,7pxcwx,,cve-2017-5715
5,2018-01-12T00:00:00.000Z,7py5la,,cve-2017-5715
6,2018-01-13T00:00:00.000Z,7q7hi2,,cve-2017-5715
2,2018-01-15T00:00:00.000Z,7qkxkm,,CVE-2017-5753
545,2018-01-23T00:00:00.000Z,7sboac,,cve-2017-5715
1,2018-01-26T00:00:00.000Z,7t8h29,,CVE-2017-5753
3,2018-01-29T00:00:00.000Z,7tu7dn,,CVE-2018-0764
15,2018-01-31T00:00:00.000Z,7uaa4m,,CVE-2017-3762
365,2018-02-05T00:00:00.000Z,7vfssy,,cve-2018-0101
119,2018-02-12T00:00:00.000Z,7x30h7,,cve-2014-3566
63,2018-02-26T00:00:00.000Z,80bji1,,cve-2017-5715
33,2018-03-07T00:00:00.000Z,82pgrv,,cve-2017-5715
9,2018-03-07T00:00:00.000Z,82s2xq,,CVE-2018-6789
183,2018-03-09T00:00:00.000Z,833md6,,CVE-2018-0141
3,2018-03-12T00:00:00.000Z,83vfns,,CVE-2018-0101
183,2018-03-13T00:00:00.000Z,8437on,,CVE-2018-1057
8,2018-03-13T00:00:00.000Z,848rjl,,CVE-2018-1057
13,2018-03-26T00:00:00.000Z,878soy,,CVE-2018-0886
6,2018-03-29T00:00:00.000Z,885pr1,,cve-2018-1038
2,2018-03-30T00:00:00.000Z,88a94l,,cve-2018-1038
5,2018-03-30T00:00:00.000Z,88asdu,,CVE-2018-7600
3,2018-04-03T00:00:00.000Z,89hvy4,,CVE-2017-5715
6,2018-04-04T00:00:00.000Z,89q9oa,,cve-2018-1038
257,2018-04-05T00:00:00.000Z,89zymg,,CVE-2018-0171
14,2018-04-06T00:00:00.000Z,8a52np,,CVE-2018-0986
3,2018-04-09T00:00:00.000Z,8ay1ov,,CVE-2017-5638
1,2018-04-09T00:00:00.000Z,8az6ap,,CVE-2017-5715
1,2018-04-11T00:00:00.000Z,8bdgl2,,cve-2018-0886
9,2018-04-12T00:00:00.000Z,8btclp,,CVE-2018-0950
2,2018-04-16T00:00:00.000Z,8cmnk9,,CVE-2016-5195
8,2018-04-16T00:00:00.000Z,8cog69,,cve-2018-0886
2,2018-04-21T00:00:00.000Z,8dsj7p,,CVE-2018-10201
500,2018-04-23T00:00:00.000Z,8ecqee,,CVE-2018-7600
18,2018-04-25T00:00:00.000Z,8ewquc,,CVE-2018-7602
6,2018-05-04T00:00:00.000Z,8h0gd3,,CVE-2017-5715
8,2018-05-07T00:00:00.000Z,8hozur,,CVE-2018-0886
194,2018-05-09T00:00:00.000Z,8i4coq,,cve-2018-0886
98,2018-05-09T00:00:00.000Z,8i69pv,,cve-2018-0886
111,2018-05-09T00:00:00.000Z,8i7mwm,,CVE-2018-8154
7,2018-05-10T00:00:00.000Z,8iagdz,,cve-2018-0886
0,2018-05-10T00:00:00.000Z,8ib8rt,,CVE-2018-8174
0,2018-05-15T00:00:00.000Z,8jn681,,CVE-2018-0886
58,2018-05-16T00:00:00.000Z,8jup51,,CVE-2018-1111
4,2018-05-21T00:00:00.000Z,8l4l3n,,CVE-2018-3639
38,2018-05-24T00:00:00.000Z,8lqgxl,,CVE-2018-6212
1,2018-05-25T00:00:00.000Z,8m0q13,,cve-2018-3639
2,2018-06-08T00:00:00.000Z,8pf7fz,,cve-2018-5002
15,2018-06-13T00:00:00.000Z,8qp8r7,,CVE-2018-8225
23,2018-06-19T00:00:00.000Z,8scrxu,,CVE-2018-2768
1,2018-06-21T00:00:00.000Z,8ss4h8,,cve-2018-0886
31,2018-06-25T00:00:00.000Z,8tqj41,,CVE-2018-0886
0,2018-06-27T00:00:00.000Z,8udkt0,,CVE-2018-8233
53,2018-06-29T00:00:00.000Z,8usw4z,,cve-2017-5715
4,2018-08-10T00:00:00.000Z,96au59,,cve-2018-3110
1,2018-08-17T00:00:00.000Z,982reo,,CVE-2018-8344
2,2018-08-20T00:00:00.000Z,98oog9,,cve-2018-15473
392,2018-09-11T00:00:00.000Z,9f1q8d,,CVE-2018-8475
0,2018-09-14T00:00:00.000Z,9fs278,,CVE-2017-5715
9,2018-09-15T00:00:00.000Z,9g0tfl,,CVE-2018-0886
14,2018-09-20T00:00:00.000Z,9hg61a,,CVE-2018-8421
3,2018-09-21T00:00:00.000Z,9hkhoz,,cve-2018-8421
20,2018-09-27T00:00:00.000Z,9jfckm,,cve-2018-14634
71,2018-10-12T00:00:00.000Z,9nknzx,,CVE-2018-8265
9,2018-10-16T00:00:00.000Z,9osgp4,,CVE-2018-10933
1,2018-10-19T00:00:00.000Z,9pmcms,,CVE-2018-10933
3,2018-10-30T00:00:00.000Z,9sp446,,CVE-2018-8569
6,2018-12-03T00:00:00.000Z,a2nmxp,,CVE-2017-0282
25,2018-12-12T00:00:00.000Z,a5lhje,,CVE-2018-8626
144,2018-12-19T00:00:00.000Z,a7p8to,,CVE-2018-8653
3,2018-12-20T00:00:00.000Z,a7wz7e,,CVE-2018-8653
23,2018-12-20T00:00:00.000Z,a820zz,,CVE-2018-8653
14,2018-12-21T00:00:00.000Z,a8ewgh,,cve-2018-8653
151,2019-01-09T00:00:00.000Z,ae5njm,,CVE-2018-3639
2,2019-01-17T00:00:00.000Z,ah0sjm,,CVE-2018-12201
1,2019-01-22T00:00:00.000Z,aiqvb2,,cve-2017-8529
1,2019-01-24T00:00:00.000Z,ajhkhk,,CVE-1999-0450
3,2019-01-31T00:00:00.000Z,alrdhr,,CVE-2018-8581
5,2019-02-11T00:00:00.000Z,apj0qf,,CVE-2018-12038
1,2019-02-14T00:00:00.000Z,aqmhmg,,CVE-2019-5736
10,2019-02-21T00:00:00.000Z,at4wnc,,CVE-2019-6340
7,2019-02-22T00:00:00.000Z,atiw11,,CVE-2018-5744
1,2019-03-25T00:00:00.000Z,b5cr17,,CVE-2017-8529
2,2019-04-14T00:00:00.000Z,bd23kf,,CVE-2002-0419
51,2019-04-16T00:00:00.000Z,bds1hz,,CVE-2019-3396
5,2019-05-02T00:00:00.000Z,bjrww2,,cve-2019-2725
7,2019-05-10T00:00:00.000Z,bn3zjo,,CVE-2019-0604
4,2019-05-13T00:00:00.000Z,bo8g4r,,CVE-2019-7442
84,2019-05-14T00:00:00.000Z,bogcuv,,cve-2019-3568
24,2019-05-14T00:00:00.000Z,boiknf,,CVE-2019-11815
156,2019-05-14T00:00:00.000Z,bolsra,,CVE-2018-12126
247,2019-05-14T00:00:00.000Z,boly55,,cve-2019-0708
101,2019-05-14T00:00:00.000Z,bom77a,,CVE-2019-0708
106,2019-05-15T00:00:00.000Z,boq9vf,,CVE-2019-1804
7,2019-05-15T00:00:00.000Z,bp3wcn,,CVE-2019-0708
19,2019-05-16T00:00:00.000Z,bphrjk,,cve-2019-0708
8,2019-05-21T00:00:00.000Z,brejj4,,CVE-2019-0708
32,2019-05-29T00:00:00.000Z,bujbr5,,CVE-2018-15664
4,2019-05-31T00:00:00.000Z,bv8jvz,,CVE-2019-0708
0,2019-06-05T00:00:00.000Z,bx4fh2,,CVE-2019-0708
1,2019-06-06T00:00:00.000Z,bxbklf,,cve-2019-0708
0,2019-06-08T00:00:00.000Z,by97v2,,CVE-2019-0708
70,2019-06-11T00:00:00.000Z,bzapvp,,CVE-2019-10149
208,2019-06-12T00:00:00.000Z,bzuorb,,CVE-2019-9510
1,2019-06-18T00:00:00.000Z,c28xzq,,cve-2019-2725
2,2019-06-19T00:00:00.000Z,c2hqd8,,CVE-2017-5753
13,2019-06-20T00:00:00.000Z,c2vhpu,,CVE-2019-2729
1,2019-06-27T00:00:00.000Z,c6ad67,,CVE-2018-3646
14,2019-07-09T00:00:00.000Z,caw31k,,CVE-2019-13054
0,2019-07-31T00:00:00.000Z,ckbktp,,CVE-2017-0213
53,2019-08-07T00:00:00.000Z,cn7hmo,,CVE-2019-1125
87,2019-08-13T00:00:00.000Z,cpx206,,cve-2019-1181
0,2019-08-21T00:00:00.000Z,ctip5c,,CVE-2019-1181
2,2019-09-17T00:00:00.000Z,d59ecd,,CVE-2019-1138
12,2019-09-24T00:00:00.000Z,d8tr95,,CVE-2019-1367
1,2019-09-24T00:00:00.000Z,d8umzu,,CVE-2019-1367
1,2019-09-25T00:00:00.000Z,d8v1ai,,CVE-2019-1367
25,2019-09-25T00:00:00.000Z,d94smj,,CVE-2019-1367
0,2019-09-25T00:00:00.000Z,d982nt,,CVE-2019-1367
2,2019-10-03T00:00:00.000Z,dcmmud,,CVE-2017-5715
2,2019-10-11T00:00:00.000Z,dgdkgx,,CVE-2017-8529
14,2019-10-31T00:00:00.000Z,dpuu7z,,CVE-2019-13720
89,2019-11-02T00:00:00.000Z,dqq9pl,,cve-2019-0708
0,2019-11-12T00:00:00.000Z,dv6k1z,,cve-2019-1181
79,2019-11-12T00:00:00.000Z,dviwvj,,CVE-2019-11135
9,2019-11-13T00:00:00.000Z,dvl8qj,,CVE-2019-11153
1,2019-11-13T00:00:00.000Z,dvssiy,,CVE-2019-1316
1,2020-01-06T00:00:00.000Z,ekw8gy,,CVE-2017-5715
46,2020-01-11T00:00:00.000Z,en1rzf,,cve-2019-19781
0,2020-01-14T00:00:00.000Z,eocvtu,,cve-2019-19781
921,2020-01-14T00:00:00.000Z,eoll74,,cve-2020-0601
830,2020-01-14T00:00:00.000Z,eop1qp,,CVE-2020-0601
0,2020-01-14T00:00:00.000Z,eop96q,,CVE-2020-0601
1,2020-01-14T00:00:00.000Z,eoptpk,,CVE-2020-0601
458,2020-01-15T00:00:00.000Z,ep0v5b,,CVE-2020-0609
2,2020-01-16T00:00:00.000Z,epggtb,,CVE-2020-0601
41,2020-01-16T00:00:00.000Z,epje0v,,cve-2020-0601
0,2020-01-16T00:00:00.000Z,epms6z,,CVE-2020-0601
8,2020-01-16T00:00:00.000Z,epon8r,,CVE-2020-0609
1,2020-01-16T00:00:00.000Z,eprbne,,CVE-2020-0601
0,2020-01-17T00:00:00.000Z,eq36ns,,cve-2019-19781
9,2020-01-19T00:00:00.000Z,eqztmm,,CVE-2020-0601
12,2020-01-20T00:00:00.000Z,erc3l9,,CVE-2020-0601
43,2020-01-22T00:00:00.000Z,esf5ey,,cve-2019-19363
16,2020-01-26T00:00:00.000Z,etzttb,,cve-2020-0601
2,2020-01-27T00:00:00.000Z,eus7o5,,CVE-2019-19781
1568,2020-02-03T00:00:00.000Z,eydtuc,,CVE-2019-18988
2,2020-02-12T00:00:00.000Z,f2qpdp,,CVE-2020-0688
2,2020-02-18T00:00:00.000Z,f5rr02,,CVE-2017-8563
7,2020-02-18T00:00:00.000Z,f60gl3,,CVE-2020-7942
3,2020-02-19T00:00:00.000Z,f6awqj,,CVE-2019-19781
693,2020-02-25T00:00:00.000Z,f9az5v,,CVE-2020-6418
150,2020-02-26T00:00:00.000Z,f9phxs,,cve-2020-0688
1,2020-03-03T00:00:00.000Z,fd0odo,,CVE-2020-0688
32,2020-03-09T00:00:00.000Z,ffux05,,CVE-2020-10189
58,2020-03-11T00:00:00.000Z,fgw5p9,,CVE-2020-0765
116,2020-03-12T00:00:00.000Z,fhi4st,,CVE-2020-0796
9,2020-03-12T00:00:00.000Z,fhm5y8,,cve-2020-0796
52,2020-03-24T00:00:00.000Z,fo8j0o,,CVE-2020-0609
1633,2020-03-31T00:00:00.000Z,fs2d1a,,CVE-2020-0609
6,2020-04-07T00:00:00.000Z,fwosoe,,cve-2020-0688
47,2020-04-10T00:00:00.000Z,fyfs59,,CVE-2020-3952
193,2020-04-14T00:00:00.000Z,g0xrjn,,CVE-2020-3952
18,2020-05-15T00:00:00.000Z,gkeq9y,,CVE-2019-0887
17,2020-06-08T00:00:00.000Z,gz5qi5,,CVE-2017-1000082
30,2020-06-09T00:00:00.000Z,gzv8rr,,CVE-2020-0543
25,2020-06-29T00:00:00.000Z,hi2bur,,CVE-2020-2021
23,2020-07-01T00:00:00.000Z,hjb8zj,,CVE-2020-1425
13,2020-07-11T00:00:00.000Z,hp8n61,,cve-2020-8193
8,2020-07-14T00:00:00.000Z,hra0ev,,CVE-2020-1350
8,2020-07-16T00:00:00.000Z,hsjqdx,,CVE-2020-1350
151,2020-07-21T00:00:00.000Z,hvdmwq,,CVE-2020-1350
120,2020-08-11T00:00:00.000Z,i7yh5d,,CVE-2020-1472
2,2020-08-20T00:00:00.000Z,idhqie,,CVE-2020-1530
2,2020-08-25T00:00:00.000Z,iggo7z,,CVE-2020-1472
11,2020-08-27T00:00:00.000Z,ihlz9v,,CVE-2020-1147
2,2020-08-31T00:00:00.000Z,ijx7yz,,CVE-2020-1472
30,2020-09-01T00:00:00.000Z,ikq275,,CVE-2020-3566
27,2020-09-04T00:00:00.000Z,immwxa,,cve-2020-10758
34,2020-09-16T00:00:00.000Z,its4ib,,CVE-2020-1472
6,2020-09-17T00:00:00.000Z,iupi4k,,CVE-2020-1472
1148,2020-09-20T00:00:00.000Z,iwczvy,,CVE-2020-1472
95,2020-09-20T00:00:00.000Z,iweyp8,,CVE-2020-1472
6,2020-09-21T00:00:00.000Z,iwykuh,,CVE-2020-1472
35,2020-09-21T00:00:00.000Z,ix0xl1,,CVE-2020-1472
8,2020-09-22T00:00:00.000Z,ixw222,,CVE-2020-1472
11,2020-09-22T00:00:00.000Z,ixxdnf,,CVE-2020-1472
74,2020-09-23T00:00:00.000Z,iy3rpn,,CVE-2020-1472
27,2020-09-24T00:00:00.000Z,iyowpo,,CVE-2020-1472
2,2020-09-25T00:00:00.000Z,izk7k2,,CVE-2020-1472
15,2020-09-29T00:00:00.000Z,j1y3oz,,CVE-2020-1472
4,2020-09-29T00:00:00.000Z,j204tq,,CVE-2020-1472
567,2020-10-04T00:00:00.000Z,j4q4m2,,CVE-2020-1472
3,2020-10-06T00:00:00.000Z,j67z7r,,CVE-2020-1472
53,2020-10-13T00:00:00.000Z,jakajv,,CVE-2020-16898
1,2020-10-14T00:00:00.000Z,jb2x1l,,CVE-2020-1472
2,2020-10-16T00:00:00.000Z,jc9xgm,,CVE-2020-17022
26,2020-10-18T00:00:00.000Z,jdbdyj,,CVE-2020-17022
196,2020-10-18T00:00:00.000Z,jdh29g,,CVE-2020-17022
13,2020-10-21T00:00:00.000Z,jf141w,,CVE-2020-3992
87,2020-10-21T00:00:00.000Z,jfb79x,,CVE-2019-11510
3,2020-10-22T00:00:00.000Z,jg033w,,CVE-2020-17022
373,2020-10-30T00:00:00.000Z,jkp22s,,CVE-2020-14882
109,2020-10-30T00:00:00.000Z,jl60tc,,CVE-2020-17087
3,2020-11-02T00:00:00.000Z,jmyld2,,CVE-2020-14750
780,2020-11-02T00:00:00.000Z,jmyqv8,,CVE-2020-14871
45,2020-11-04T00:00:00.000Z,jnvw2m,,CVE-2020-3992
6,2020-11-20T00:00:00.000Z,jxougu,,CVE-2020-1472
1,2020-11-20T00:00:00.000Z,jxs0m9,,CVE-2020-17049
1,2020-12-09T00:00:00.000Z,ka3r53,,CVE-2020-1048
42,2020-12-16T00:00:00.000Z,keahbb,,CVE-2020-3556
35,2021-01-15T00:00:00.000Z,kxq342,,cve-2020-1472
1209,2021-01-16T00:00:00.000Z,kysqsc,,CVE-2020-1472
9,2021-01-17T00:00:00.000Z,kz4804,,cve-2021-1678
13,2021-01-19T00:00:00.000Z,l0gdri,,CVE-2020-1472
66,2021-01-26T00:00:00.000Z,l5ce4h,,cve-2020-1472
114,2021-01-26T00:00:00.000Z,l5paq9,,cve-2021-3156
0,2021-01-27T00:00:00.000Z,l6b613,,CVE-2021-3156
2,2021-01-27T00:00:00.000Z,l6bdpw,,CVE-2020-1472
2,2021-01-29T00:00:00.000Z,l7z4vh,,cve-2020-1472
20,2021-02-02T00:00:00.000Z,laul05,,CVE-2020-1472
8,2021-02-08T00:00:00.000Z,lfht7e,,CVE-1999-0024
7,2021-02-08T00:00:00.000Z,lfi15m,,cve-2020-1472
2,2021-02-09T00:00:00.000Z,lfxqni,,CVE-2021-24078
1,2021-02-09T00:00:00.000Z,lg41kx,,CVE-2020-1472
3,2021-02-13T00:00:00.000Z,lja6t7,,cve-2020-1472
0,2021-02-18T00:00:00.000Z,lm9phc,,CVE-2017-8563
6,2021-02-22T00:00:00.000Z,lpy8wi,,cve-2020-1472
26,2021-02-25T00:00:00.000Z,lsgu85,,CVE-2021-21972
1673,2021-02-27T00:00:00.000Z,ltomo0,,CVE-2021-21974
53,2021-03-01T00:00:00.000Z,lvcmzk,,CVE-2021-27579
1781,2021-03-02T00:00:00.000Z,lwcnkn,,CVE-2021-26855
447,2021-03-03T00:00:00.000Z,lwseqr,,CVE-2021-21166
37,2021-03-03T00:00:00.000Z,lwx06t,,CVE-2021-21166
34,2021-03-05T00:00:00.000Z,lyiltc,,CVE-2021-26855
14,2021-03-05T00:00:00.000Z,lyl1xb,,cve-2021-27065
3,2021-03-06T00:00:00.000Z,lyrxyv,,CVE-2021-24085
5,2021-03-06T00:00:00.000Z,lz65y4,,CVE-2021-26855
489,2021-03-07T00:00:00.000Z,lzogj5,,CVE-2021-26855
18,2021-03-07T00:00:00.000Z,lzxfip,,CVE-2021-26855
34,2021-03-08T00:00:00.000Z,m0d98h,,CVE-2021-27065
99,2021-03-08T00:00:00.000Z,m0dyzh,,CVE-2021-26855
21,2021-03-08T00:00:00.000Z,m0fe18,,CVE-2021-26855
2,2021-03-08T00:00:00.000Z,m0gom9,,CVE-2021-26855
12,2021-03-08T00:00:00.000Z,m0jwme,,CVE-2021-26855
29,2021-03-08T00:00:00.000Z,m0mk8g,,CVE-2021-26855
0,2021-03-08T00:00:00.000Z,m0p9w4,,CVE-2021-27065
3,2021-03-09T00:00:00.000Z,m103cv,,CVE-2021-1844
11,2021-03-09T00:00:00.000Z,m1bgw2,,CVE-2021-26855
0,2021-03-09T00:00:00.000Z,m1gxm9,,CVE-2021-26855
0,2021-03-09T00:00:00.000Z,m1hzp0,,CVE-2021-26855
694,2021-03-11T00:00:00.000Z,m2prtj,,CVE-2021-26897
12,2021-03-11T00:00:00.000Z,m34844,,CVE-2021-26891
74,2021-03-13T00:00:00.000Z,m45ymu,,CVE-2021-21193
6,2021-03-13T00:00:00.000Z,m4dsk7,,CVE-2021-26855
7,2021-03-17T00:00:00.000Z,m78h1n,,cve-2021-27065
8,2021-03-22T00:00:00.000Z,malm8c,,CVE-2021-26295
0,2021-03-24T00:00:00.000Z,mbyo0t,,CVE-2021-27065
47,2021-03-25T00:00:00.000Z,mczamm,,CVE-2021-3450
33,2021-03-25T00:00:00.000Z,md1bd1,,CVE-2021-3450
55,2021-04-06T00:00:00.000Z,mliij8,,CVE-2018-13379
78,2021-04-06T00:00:00.000Z,mljf59,,CVE-2018-15919
162,2021-04-13T00:00:00.000Z,mq8oda,,CVE-2021-28480
5,2021-04-19T00:00:00.000Z,mu5tfz,,CVE-2017-5715
1,2021-04-26T00:00:00.000Z,mz39xu,,CVE-2017-3731
151,2021-04-28T00:00:00.000Z,n02iog,,CVE-2021-20271
971,2021-05-04T00:00:00.000Z,n4qzz5,,CVE-2021-21551
1,2021-05-05T00:00:00.000Z,n5pzuv,,cve-2020-1357
2,2021-05-06T00:00:00.000Z,n5tdjq,,CVE-2021-21551
13,2021-05-11T00:00:00.000Z,na5wh6,,CVE-2021-31207
7,2021-05-12T00:00:00.000Z,nabbyd,,CVE-2021-31166
33,2021-05-19T00:00:00.000Z,ng49yv,,CVE-2021-31166
111,2021-05-25T00:00:00.000Z,nkvo5b,,CVE-2021-21985
139,2021-06-07T00:00:00.000Z,nu2omx,,CVE-2021-21985
48,2021-06-27T00:00:00.000Z,o8p8h1,,CVE-2018-18472
24,2021-06-29T00:00:00.000Z,o9xywl,,CVE-2021-31978
18,2021-06-30T00:00:00.000Z,oanv72,,CVE-2021-1675
40,2021-06-30T00:00:00.000Z,oaxwqu,,CVE-2021-1675
531,2021-06-30T00:00:00.000Z,ob4s06,,CVE-2021-34527
0,2021-06-30T00:00:00.000Z,ob52fh,,cve-2021-1675
173,2021-07-02T00:00:00.000Z,oc6cpp,,CVE-2021-34527
0,2021-07-02T00:00:00.000Z,oces0b,,CVE-2021-34527
112,2021-07-04T00:00:00.000Z,odamto,,CVE-2021-34527
27,2021-07-04T00:00:00.000Z,odpi42,,CVE-2021-34527
114,2021-07-06T00:00:00.000Z,of4gjk,,CVE-2021-34527
78,2021-07-06T00:00:00.000Z,of4hrh,,CVE-2021-34527
44,2021-07-06T00:00:00.000Z,of4y1r,,CVE-2021-34527
30,2021-07-07T00:00:00.000Z,of8dad,,CVE-2021-34527
0,2021-07-09T00:00:00.000Z,ogixou,,CVE-2021-34527
15,2021-07-09T00:00:00.000Z,ogk1u6,,CVE-2021-34527
402,2021-07-09T00:00:00.000Z,ogu44a,,CVE-2021-34527
39,2021-07-10T00:00:00.000Z,ohagcy,,cve-2021-35211
4,2021-07-11T00:00:00.000Z,oi13ap,,CVE-2021-34527
593,2021-07-11T00:00:00.000Z,oi98ce,,CVE-2021-34527
4,2021-07-14T00:00:00.000Z,ojvcqn,,CVE-2021-34527
5,2021-07-15T00:00:00.000Z,okv51s,,cve-2021-26414
107,2021-07-16T00:00:00.000Z,ol548t,,CVE-2021-34481
22,2021-07-16T00:00:00.000Z,ol9943,,CVE-2021-34481
9,2021-07-16T00:00:00.000Z,olqfpo,,CVE-2021-34481
6,2021-07-18T00:00:00.000Z,omxaha,,CVE-2021-34481
86,2021-07-18T00:00:00.000Z,omzg7m,,CVE-2021-34527
62,2021-07-20T00:00:00.000Z,oo3hl8,,CVE-2021-3438
0,2021-07-20T00:00:00.000Z,oobziv,,CVE-2021-34481
53,2021-07-21T00:00:00.000Z,ooldm1,,cve-2021-33909
113,2021-07-21T00:00:00.000Z,oopkwx,,CVE-2021-36934
1,2021-07-26T00:00:00.000Z,os4nuu,,CVE-2021-36934
23,2021-07-27T00:00:00.000Z,osq9o7,,cve-2021-1675
1,2021-07-28T00:00:00.000Z,ot9xf5,,CVE-1999-0512
0,2021-08-02T00:00:00.000Z,owa1e5,,CVE-2021-29736
20,2021-08-11T00:00:00.000Z,p26sht,,CVE-2021-36942
7,2021-08-11T00:00:00.000Z,p2a36n,,CVE-2021-34481
3,2021-08-11T00:00:00.000Z,p2bwbo,,CVE-2021-34473
56,2021-08-11T00:00:00.000Z,p2h6gp,,CVE-2021-34481
77,2021-08-12T00:00:00.000Z,p2qlb4,,CVE-2021-36958
220,2021-08-12T00:00:00.000Z,p2sy8p,,CVE-2021-36958
29,2021-08-12T00:00:00.000Z,p3af85,,cve-2021-34481
111,2021-08-13T00:00:00.000Z,p3d23l,,cve-2021-34470
75,2021-08-14T00:00:00.000Z,p4enqg,,cve-2021-1675
13,2021-08-17T00:00:00.000Z,p5y7ye,,cve-2021-34481
6,2021-08-19T00:00:00.000Z,p7amps,,cve-2021-34481
74,2021-08-19T00:00:00.000Z,p7fypk,,cve-2021-34481
19,2021-08-23T00:00:00.000Z,pa0lup,,CVE-2021-34481
42,2021-08-27T00:00:00.000Z,pcs58b,,cve-2021-34481
31,2021-08-28T00:00:00.000Z,pdh29a,,CVE-2021-34481
34,2021-09-01T00:00:00.000Z,pg0shl,,CVE-2021-26084
37,2021-09-07T00:00:00.000Z,pjvfdx,,CVE-2021-40444
3,2021-09-07T00:00:00.000Z,pjvs9t,,CVE-2021-40444
5,2021-09-07T00:00:00.000Z,pjw87e,,CVE-2021-40444
9,2021-09-08T00:00:00.000Z,pkfssm,,CVE-2021-40539
1,2021-09-08T00:00:00.000Z,pkhy04,,CVE-2021-40444
166,2021-09-10T00:00:00.000Z,pl90za,,CVE-2021-40444
13,2021-09-13T00:00:00.000Z,pnet67,,CVE-2021-40444
124,2021-09-13T00:00:00.000Z,pnmzdj,,cve-2021-34481
6,2021-09-14T00:00:00.000Z,po1cep,,cve-2021-3437
9,2021-09-14T00:00:00.000Z,po3azy,,cve-2021-34481
20,2021-09-14T00:00:00.000Z,po7fon,,CVE-2021-36958
3,2021-09-15T00:00:00.000Z,povd31,,CVE-2019-1075
73,2021-09-16T00:00:00.000Z,pp1ttj,,CVE-2021-38647
20,2021-09-16T00:00:00.000Z,pperxk,,CVE-2015-6420
55,2021-09-17T00:00:00.000Z,pppzvt,,CVE-2021-36958
6,2021-09-17T00:00:00.000Z,pq1yhk,,CVE-2021-36934
2,2021-09-22T00:00:00.000Z,psudk0,,CVE-2021-34527
1,2021-09-22T00:00:00.000Z,pt9d4z,,CVE-2021-40444
7,2021-09-27T00:00:00.000Z,pwmz95,,cve-2021-1678
42,2021-09-29T00:00:00.000Z,pxshek,,CVE-2021-22005
0,2021-09-29T00:00:00.000Z,pxxraf,,cve-2021-34481
89,2021-09-30T00:00:00.000Z,pyl3la,,CVE-2021-22005
10,2021-10-02T00:00:00.000Z,pzk6ny,,CVE-2021-27928
3,2021-10-07T00:00:00.000Z,q3j5y2,,CVE-2021-41773
1,2021-10-12T00:00:00.000Z,q6nhof,,CVE-2009-0901
43,2021-10-13T00:00:00.000Z,q7kgn1,,CVE-2021-40449
16,2021-10-14T00:00:00.000Z,q83a11,,cve-2021-1678
5,2021-10-19T00:00:00.000Z,qbe6e1,,cve-2021-34481
3,2021-10-25T00:00:00.000Z,qflksk,,CVE-2018-3646
4,2021-10-26T00:00:00.000Z,qg7x3w,,CVE-2018-10054
42,2021-10-28T00:00:00.000Z,qhptuq,,CVE-2021-36260
5,2021-10-29T00:00:00.000Z,qiizep,,CVE-2017-5754
44,2021-11-10T00:00:00.000Z,qqj5w9,,CVE-2021-42321
3,2021-11-11T00:00:00.000Z,qro2t3,,cve-2021-42282
0,2021-11-15T00:00:00.000Z,qug6wy,,CVE-2021-34484
4,2021-11-15T00:00:00.000Z,qujeyu,,CVE-2021-34484
7,2021-11-15T00:00:00.000Z,qur8q9,,cve-2021-42287
23,2021-11-18T00:00:00.000Z,qwoyjn,,CVE-2021-22204
9,2021-11-21T00:00:00.000Z,qyviy5,,cve-2021-42287
22,2021-11-23T00:00:00.000Z,r07t3m,,CVE-2021-42321
0,2021-11-24T00:00:00.000Z,r0sn46,,CVE-2021-42321
53,2021-12-01T00:00:00.000Z,r69igi,,CVE-2021-39237
34,2021-12-08T00:00:00.000Z,rbylc2,,CVE-2021-20038
127,2021-12-10T00:00:00.000Z,rcuzta,,CVE-2021-44228
2,2021-12-10T00:00:00.000Z,rd63aa,,CVE-2021-2351
0,2021-12-10T00:00:00.000Z,rdelpu,,CVE-2021-44228
0,2021-12-12T00:00:00.000Z,rekqp3,,cve-2021-44228
13,2021-12-13T00:00:00.000Z,rf6eze,,cve-2021-44228
1170,2021-12-13T00:00:00.000Z,rf97b2,,cve-2021-44228
6,2021-12-13T00:00:00.000Z,rfoz5d,,CVE-2021-44228
245,2021-12-13T00:00:00.000Z,rfqlip,,cve-2021-44228
13,2021-12-13T00:00:00.000Z,rfqshj,,CVE-2021-44228
80,2021-12-14T00:00:00.000Z,rfvbfm,,CVE-2021-44228
69,2021-12-14T00:00:00.000Z,rfxgej,,CVE-2021-42278
829,2021-12-14T00:00:00.000Z,rgggwx,,CVE-2021-45046
76,2021-12-14T00:00:00.000Z,rgigex,,cve-2021-43890
464,2021-12-15T00:00:00.000Z,rgxa1r,,CVE-2021-44228
3,2021-12-15T00:00:00.000Z,rh2dt0,,CVE-2021-44228
8,2021-12-16T00:00:00.000Z,rht99a,,cve-2021-44228
3,2021-12-16T00:00:00.000Z,ri0apb,,cve-2021-44228
26,2021-12-17T00:00:00.000Z,ri5b4a,,CVE-2021-44228
22,2021-12-17T00:00:00.000Z,rij9wq,,CVE-2021-45046
129,2021-12-17T00:00:00.000Z,ril8r0,,cve-2021-45046
648,2021-12-18T00:00:00.000Z,rj36ng,,CVE-2021-45105
247,2021-12-18T00:00:00.000Z,rj3ulu,,CVE-2021-45105
1744,2021-12-20T00:00:00.000Z,rkaco9,,CVE-2021-44228
94,2021-12-20T00:00:00.000Z,rkx37f,,cve-2021-42278
2,2021-12-21T00:00:00.000Z,rlenf0,,CVE-2019-1559
3,2021-12-21T00:00:00.000Z,rlg6oy,,CVE-2021-43890
1,2021-12-21T00:00:00.000Z,rlldci,,CVE-2021-44228
41,2021-12-22T00:00:00.000Z,rmhkeo,,CVE-2021-44790
2,2021-12-23T00:00:00.000Z,rn5bua,,CVE-2021-44790
26,2021-12-27T00:00:00.000Z,rpt1f4,,CVE-2021-44228
234,2021-12-28T00:00:00.000Z,rqikwo,,CVE-2021-44832
36,2021-12-29T00:00:00.000Z,rqux4l,,CVE-2021-44832
4,2022-01-05T00:00:00.000Z,rwfd7e,,cve-2021-42287
10,2022-01-06T00:00:00.000Z,rxp68w,,CVE-2021-42291
192,2022-01-11T00:00:00.000Z,s0yyjx,,CVE-2021-4104
88,2022-01-11T00:00:00.000Z,s1lkr5,,CVE-2022-21846
14,2022-01-12T00:00:00.000Z,s1rqnk,,CVE-2022-21907
2,2022-01-12T00:00:00.000Z,s1smxp,,CVE-2018-3639
4,2022-01-12T00:00:00.000Z,s218y7,,CVE-2022-21907
1,2022-01-12T00:00:00.000Z,s2e7p5,,cve-2021-42291
1,2022-01-14T00:00:00.000Z,s3qkth,,CVE-2015-7985
3,2022-01-14T00:00:00.000Z,s3utn2,,CVE-2010-3598
235,2022-01-21T00:00:00.000Z,s9ce8y,,CVE-2022-23302
95,2022-01-25T00:00:00.000Z,scmorq,,cve-2021-4034
5,2022-01-26T00:00:00.000Z,sdcw56,,cve-2021-4034
96,2022-01-29T00:00:00.000Z,sfru7y,,CVE-2022-21882
143,2022-02-01T00:00:00.000Z,shsky6,,CVE-2021-44142
3,2022-02-03T00:00:00.000Z,sjbbkf,,CVE-2021-44142
3,2022-02-03T00:00:00.000Z,sjjxva,,CVE-2021-42287
7,2022-02-03T00:00:00.000Z,sjop64,,cve-2022-21920
8,2022-02-10T00:00:00.000Z,sp9v8c,,CVE-2021-0103
2,2022-02-11T00:00:00.000Z,sq1kq5,,CVE-2013-3900
2,2022-02-14T00:00:00.000Z,ssd966,,CVE-2021-26414
2,2022-02-18T00:00:00.000Z,svpkx6,,CVE-2013-3900
2,2022-02-23T00:00:00.000Z,sz393f,,CVE-2019-19906
20,2022-02-24T00:00:00.000Z,t08gbv,,cve-2021-26414
21,2022-03-08T00:00:00.000Z,t9nsci,,CVE-2022-23277
25,2022-03-09T00:00:00.000Z,tah9gg,,CVE-2022-22806
3,2022-03-10T00:00:00.000Z,tb4xqu,,CVE-2022-24508
1,2022-03-16T00:00:00.000Z,tfqeof,,CVE-2002-20001
0,2022-03-23T00:00:00.000Z,tkqy2v,,CVE-2021-44226
17,2022-03-25T00:00:00.000Z,tnmi7j,,cve-2021-42291
270,2022-03-26T00:00:00.000Z,tp0lf0,,CVE-2022-1096
52,2022-03-30T00:00:00.000Z,tsgv4b,,CVE-2010-1622
1,2022-04-01T00:00:00.000Z,tthcer,,CVE-2020-1472
1,2022-04-05T00:00:00.000Z,twy7tn,,CVE-2021-42287
91,2022-04-07T00:00:00.000Z,ty2d49,,CVE-2022-23176
1,2022-04-08T00:00:00.000Z,tz9bdx,,CVE-2022-0778
25,2022-04-15T00:00:00.000Z,u3u6fr,,cve-2022-26809
29,2022-04-18T00:00:00.000Z,u6j8md,,CVE-2022-29072
74,2022-04-18T00:00:00.000Z,u6jho1,,CVE-2022-29072
26,2022-04-20T00:00:00.000Z,u81b5j,,CVE-2022-0540
4,2022-04-26T00:00:00.000Z,uc1494,,CVE-2022-29072
33,2022-05-04T00:00:00.000Z,ui0rvt,,CVE-2022-22806
2,2022-05-11T00:00:00.000Z,unbjj7,,cve-2021-26414
118,2022-05-14T00:00:00.000Z,up7sdb,,CVE-2022-26925
3,2022-05-18T00:00:00.000Z,us8vsg,,CVE-2020-1596
23,2022-05-18T00:00:00.000Z,uslq1g,,CVE-2022-22972
0,2022-05-26T00:00:00.000Z,uy80er,,CVE-2017-5754
31,2022-05-27T00:00:00.000Z,uynn0z,,CVE-2022-22972
146,2022-05-30T00:00:00.000Z,v0z7bx,,CVE-2022-30190
17,2022-06-01T00:00:00.000Z,v2qmjp,,CVE-2022-30190
0,2022-06-02T00:00:00.000Z,v39rr3,,CVE-2022-27406
7,2022-06-08T00:00:00.000Z,v7fw5f,,CVE-2022-26134
11,2022-06-08T00:00:00.000Z,v7noo6,,CVE-2022-28384
7,2022-06-14T00:00:00.000Z,vbuc5e,,CVE-2019-0708
19,2022-06-14T00:00:00.000Z,vc8o5o,,CVE-2022-30190
2,2022-06-15T00:00:00.000Z,vcjxsk,,CVE-2022-23823
1,2022-06-20T00:00:00.000Z,vgg0rn,,cve-2021-26414
1,2022-06-22T00:00:00.000Z,vi14nr,,CVE-2022-28387
4,2022-06-24T00:00:00.000Z,vjncah,,cve-2021-26414
0,2022-06-28T00:00:00.000Z,vmag2d,,cve-2021-34481
160,2022-07-03T00:00:00.000Z,vqrs53,,CVE-2022-2185
33,2022-07-20T00:00:00.000Z,w3s9jt,,cve-2022-26136
0,2022-07-21T00:00:00.000Z,w4oe1r,,CVE-2022-30168
101,2022-07-23T00:00:00.000Z,w65tm9,,CVE-2017-5754
15,2022-08-09T00:00:00.000Z,wk2nr3,,CVE-2021-26414
57,2022-08-17T00:00:00.000Z,wqoxvj,,CVE-2022-27255
126,2022-08-22T00:00:00.000Z,wujsae,,CVE-2022-38392
5,2022-08-23T00:00:00.000Z,wvylmn,,CVE-2022-34382
14,2022-08-29T00:00:00.000Z,x0hfss,,CVE-2022-36804
0,2022-09-09T00:00:00.000Z,xa4s33,,CVE-2007-4607
6,2022-09-22T00:00:00.000Z,xlaf8r,,CVE-2022-37972
4,2022-09-24T00:00:00.000Z,xmnzku,,CVE-2022-33936
1,2022-09-28T00:00:00.000Z,xq6ay1,,cve-2021-42287
14,2022-10-07T00:00:00.000Z,xy1zty,,CVE-2022-40684
7,2022-10-07T00:00:00.000Z,xy48uz,,CVE-2022-40684
5,2022-10-09T00:00:00.000Z,xzlvca,,CVE-2022-30190
1,2022-10-10T00:00:00.000Z,y08tmf,,CVE-2022-41040
1,2022-10-12T00:00:00.000Z,y2eyjz,,CVE-2021-26414
9,2022-10-20T00:00:00.000Z,y8xksg,,CVE-2022-42889
0,2022-10-21T00:00:00.000Z,y9vkd6,,cve-2021-42287
3,2022-10-21T00:00:00.000Z,ya0n8m,,CVE-2020-1971
34,2022-11-01T00:00:00.000Z,yjdj8b,,CVE-2022-3602
3,2022-11-02T00:00:00.000Z,ykkuuo,,CVE-2022-30136
2,2022-11-16T00:00:00.000Z,yx2bgx,,CVE-2013-3900
2,2022-11-21T00:00:00.000Z,z19o6l,,CVE-2022-37967
36,2022-11-23T00:00:00.000Z,z2rl02,,cve-2022-37966
37,2022-11-25T00:00:00.000Z,z4cxtq,,cve-2022-37967
3,2022-11-28T00:00:00.000Z,z73vcw,,cve-2022-37967
3,2022-12-01T00:00:00.000Z,z9jlel,,CVE-2022-41033
26,2022-12-06T00:00:00.000Z,zdywxm,,CVE-2022-40259
26,2022-12-12T00:00:00.000Z,zk9v8z,,CVE-2022-40684
137,2022-12-13T00:00:00.000Z,zkz32y,,CVE-2022-27518
9,2022-12-14T00:00:00.000Z,zlbfvc,,CVE-2022-27518
140,2022-12-19T00:00:00.000Z,zq6r3a,,CVE-2022-37958
2,2022-12-20T00:00:00.000Z,zr0axs,,CVE-2021-42287
2,2022-12-20T00:00:00.000Z,zr2h6o,,cve-2022-37967
29,2022-12-21T00:00:00.000Z,zrz9qo,,CVE-2022-41080
144,2023-01-04T00:00:00.000Z,103af2v,,CVE-2022-3875
6,2023-01-12T00:00:00.000Z,109u969,,CVE-2023-21764
75,2023-01-12T00:00:00.000Z,10a1enh,,CVE-2022-41099
66,2023-01-13T00:00:00.000Z,10atdqe,,CVE-2022-41099
8,2023-01-15T00:00:00.000Z,10cmmcr,,CVE-2022-37966
1796,2023-01-16T00:00:00.000Z,10dvneq,,CVE-2021-26414
9,2023-01-16T00:00:00.000Z,10dwqvd,,CVE-2022-38023
6,2023-01-17T00:00:00.000Z,10ee9go,,CVE-2022-37966
14,2023-02-02T00:00:00.000Z,10rtjaa,,cve-2022-37967
41,2023-02-04T00:00:00.000Z,10tbmve,,CVE-2021-21974
2230,2023-02-04T00:00:00.000Z,10tpq1v,,CVE-2021-26414
1,2023-02-08T00:00:00.000Z,10x1byj,,CVE-2022-38023
1,2023-02-09T00:00:00.000Z,10y2y3k,,CVE-2022-4203
0,2023-02-11T00:00:00.000Z,10zivi8,,CVE-2021-21974
15,2023-02-15T00:00:00.000Z,1132zhd,,CVE-2023-21716
2,2023-03-02T00:00:00.000Z,11ganwj,,CVE-2023-23376
509,2023-03-04T00:00:00.000Z,11i51s0,,CVE-2021-26414
16,2023-03-06T00:00:00.000Z,11jl4yz,,cve-2022-37967
61,2023-03-06T00:00:00.000Z,11kdnai,,cve-2022-37967
10,2023-03-14T00:00:00.000Z,11r6j1t,,cve-2022-38023
1,2023-03-15T00:00:00.000Z,11rgz8g,,CVE-2023-23397
1,2023-03-15T00:00:00.000Z,11rs0fe,,CVE-2023-23397
287,2023-03-15T00:00:00.000Z,11rssg1,,CVE-2023-23397
207,2023-03-15T00:00:00.000Z,11rycl4,,cve-2023-23397
0,2023-03-15T00:00:00.000Z,11scvdn,,CVE-2023-23415
1,2023-03-16T00:00:00.000Z,11sq4ob,,CVE-2023-23397
0,2023-03-16T00:00:00.000Z,11stwde,,cve-2023-23397
2,2023-03-16T00:00:00.000Z,11sv9yw,,CVE-2023-23397
3,2023-03-16T00:00:00.000Z,11sy4fv,,CVE-2023-23397
16,2023-03-16T00:00:00.000Z,11t3flh,,CVE-2023-24880
78,2023-03-16T00:00:00.000Z,11t49mp,,CVE-2023-23397
2,2023-03-17T00:00:00.000Z,11tdfyt,,CVE-2023-23397
39,2023-03-17T00:00:00.000Z,11try6x,,CVE-2023-23397
3,2023-03-17T00:00:00.000Z,11ttpp6,,CVE-2023-23397
73,2023-03-17T00:00:00.000Z,11txrea,,CVE-2022-41099
0,2023-03-19T00:00:00.000Z,11vrzg7,,CVE-2023-23397
0,2023-03-20T00:00:00.000Z,11wcsmp,,CVE-2023-23397
7,2023-03-20T00:00:00.000Z,11wlfft,,CVE-2023-23397
3,2023-03-20T00:00:00.000Z,11wub8y,,CVE-2023-23397
5,2023-03-21T00:00:00.000Z,11x23dc,,CVE-2023-23397
22,2023-03-21T00:00:00.000Z,11xhabi,,cve-2022-38023
1,2023-03-22T00:00:00.000Z,11yk1mo,,CVE-2023-23397
3,2023-03-23T00:00:00.000Z,11zm6ad,,CVE-2017-11883
0,2023-03-23T00:00:00.000Z,11znw88,,cve-2022-37967
7,2023-03-24T00:00:00.000Z,120twg1,,CVE-2023-23397
23,2023-03-25T00:00:00.000Z,1221cb4,,CVE-2023-28303
10,2023-03-27T00:00:00.000Z,123z8y6,,CVE-2020-17091
0,2023-03-28T00:00:00.000Z,124xum4,,CVE-2022-38023
4,2023-03-29T00:00:00.000Z,125tj77,,cve-2022-37967
0,2023-04-03T00:00:00.000Z,12aaxgr,,CVE-2022-43552
2582,2023-04-05T00:00:00.000Z,12cptda,,CVE-2021-42291
12,2023-04-10T00:00:00.000Z,12hg67k,,CVE-2022-38023
151,2023-04-12T00:00:00.000Z,12jouk4,,CVE-2023-28252
149,2023-04-13T00:00:00.000Z,12krt8m,,CVE-2023-26418
2,2023-04-15T00:00:00.000Z,12mp94q,,CVE-1999-0667
2,2023-04-24T00:00:00.000Z,12xsc8g,,CVE-2022-37967
32,2023-04-27T00:00:00.000Z,1317ug6,,CVE-2023-27350
1,2023-05-06T00:00:00.000Z,139vo53,,cve-2022-38023
332,2023-05-10T00:00:00.000Z,13dd18b,,CVE-2023-32233
2,2023-05-10T00:00:00.000Z,13dkkvg,,CVE-2023-23397
2,2023-05-12T00:00:00.000Z,13fclf0,,CVE-2023-29341
1392,2023-05-14T00:00:00.000Z,13hfnsz,,CVE-2023-24881
1,2023-05-15T00:00:00.000Z,13idy3m,,CVE-2022-37967
1,2023-05-15T00:00:00.000Z,13iiew0,,cve-2022-37967
53,2023-05-18T00:00:00.000Z,13lbyfn,,CVE-2023-32784
65,2023-05-22T00:00:00.000Z,13ok04w,,cve-2023-24932
17,2023-05-24T00:00:00.000Z,13qtkbm,,CVE-2023-2868
7,2023-05-25T00:00:00.000Z,13roodw,,cve-2021-42287
5,2023-05-26T00:00:00.000Z,13scxfx,,cve-2020-1472
2,2023-05-26T00:00:00.000Z,13soqde,,cve-2022-38023
0,2023-06-01T00:00:00.000Z,13xr23a,,CVE-2013-3900
132,2023-06-04T00:00:00.000Z,140mae8,,CVE-2022-21894
7,2023-06-07T00:00:00.000Z,143k1bp,,CVE-2022-37966
0,2023-06-08T00:00:00.000Z,144aq58,,cve-2021-42287
17,2023-06-15T00:00:00.000Z,149v26h,,cve-2023-32019
9,2023-06-19T00:00:00.000Z,14db0nr,,cve-2022-38023
1,2023-06-23T00:00:00.000Z,14h1j6p,,CVE-2023-35785
1,2023-07-03T00:00:00.000Z,14p80xa,,CVE-2016-2183
22,2023-07-06T00:00:00.000Z,14sbtei,,CVE-2023-34362
1,2023-07-11T00:00:00.000Z,14wtjge,,CVE-2022-31199
1,2023-07-12T00:00:00.000Z,14xuk8z,,CVE-2023-36884
1,2023-07-13T00:00:00.000Z,14yxmv3,,cve-2023-24932
1,2023-07-14T00:00:00.000Z,14zbyf2,,CVE-2023-24881
1,2023-07-15T00:00:00.000Z,150j751,,CVE-2022-3802
1,2023-07-16T00:00:00.000Z,151317y,,CVE-2023-36884
1,2023-07-17T00:00:00.000Z,152f9cp,,CVE-2023-24932
1,2023-07-19T00:00:00.000Z,153v08p,,CVE-2023-36884
1,2023-07-19T00:00:00.000Z,1543cm5,,CVE-2023-36884
1,2023-07-20T00:00:00.000Z,154kmbv,,cve-2023-3519
1,2023-07-21T00:00:00.000Z,155jwcs,,cve-2023-3519
31,2023-07-25T00:00:00.000Z,1590s1i,,CVE-2023-20593
1,2023-07-26T00:00:00.000Z,15acejw,,cve-2023-35078
1,2023-07-27T00:00:00.000Z,15b57zf,,CVE-2023-2640
1,2023-08-04T00:00:00.000Z,15ibf2q,,CVE-2018-8604
1,2023-08-06T00:00:00.000Z,15jqxag,,CVE-2022-30188
1,2023-08-06T00:00:00.000Z,15jy693,,CVE-2023-36884
1,2023-08-08T00:00:00.000Z,15lp4op,,CVE-2022-40982
1,2023-08-11T00:00:00.000Z,15nsat4,,CVE-2023-38170
1,2023-08-15T00:00:00.000Z,15rvdmy,,CVE-1999-0524
1,2023-08-16T00:00:00.000Z,15s8e72,,CVE-2023-32001
1,2023-08-16T00:00:00.000Z,15sjn91,,CVE-2021-42291
1,2023-08-18T00:00:00.000Z,15ua2w0,,CVE-2023-38170
1,2023-08-22T00:00:00.000Z,15ykiof,,CVE-2023-38175
1,2023-08-24T00:00:00.000Z,1603oxt,,CVE-2023-38831
1,2023-08-29T00:00:00.000Z,164t043,,cve-2023-36844
1,2023-09-06T00:00:00.000Z,16bxl2l,,cve-2022-37967
1,2023-09-13T00:00:00.000Z,16hxhbh,,CVE-2023-36761
1,2023-09-14T00:00:00.000Z,16ip7vw,,cve-2022-37967
8,2023-09-22T00:00:00.000Z,16oxfvf,,CVE-2023-35331
1,2023-09-26T00:00:00.000Z,16sydjj,,CVE-2023-40931
1,2023-09-27T00:00:00.000Z,16teato,,CVE-2023-5129
1,2023-09-28T00:00:00.000Z,16u0hhi,,CVE-2023-5129
1,2023-10-01T00:00:00.000Z,16x4uja,,cve-2023-38199
1,2023-10-01T00:00:00.000Z,16x5lue,,cve-2023-38199
1,2023-10-02T00:00:00.000Z,16xo4e6,,CVE-2023-42115
1,2023-10-03T00:00:00.000Z,16z1s0k,,cve-2023-24932
1,2023-10-04T00:00:00.000Z,16zwsbh,,CVE-2023-34362
1,2023-10-11T00:00:00.000Z,1755c9y,,CVE-2023-38545
1,2023-10-14T00:00:00.000Z,177xuwq,,CVE-2023-5217
1,2023-10-18T00:00:00.000Z,17afuze,,CVE-2023-44487
1,2023-10-25T00:00:00.000Z,17g47tw,,CVE-2023-34048
1,2023-10-30T00:00:00.000Z,17jwe4h,,CVE-2022-4886
1,2023-10-31T00:00:00.000Z,17kfqfq,,CVE-2023-22515
28,2023-11-04T00:00:00.000Z,17nrsto,,CVE-2023-46604
72,2023-11-06T00:00:00.000Z,17paskr,,CVE-2023-38547
328,2023-11-07T00:00:00.000Z,17q2zb0,,CVE-2023-22518
14,2023-11-07T00:00:00.000Z,17q3hr9,,CVE-2023-38545
1,2023-11-08T00:00:00.000Z,17qnfb6,,CVE-2023-38545
233,2023-11-15T00:00:00.000Z,17vjdzn,,CVE-2023-23583
1,2023-11-16T00:00:00.000Z,17wa2ki,,cve-2021-42291
12,2023-11-16T00:00:00.000Z,17wo7sc,,CVE-2023-23583
1,2023-11-16T00:00:00.000Z,17wtdoz,,CVE-1999-1420
13,2023-11-20T00:00:00.000Z,17zkxwd,,CVE-2023-36439
1,2023-11-22T00:00:00.000Z,181hcsl,,CVE-2023-4863
4,2023-11-23T00:00:00.000Z,181u9xp,,CVE-2023-23397
17,2023-11-30T00:00:00.000Z,187q0vc,,CVE-2023-49103
2,2023-12-08T00:00:00.000Z,18dojyf,,cve-2021-34481
8,2023-12-08T00:00:00.000Z,18dujf0,,cve-2023-45866
3,2023-12-08T00:00:00.000Z,18dybsh,,CVE-2023-32460
1,2023-12-14T00:00:00.000Z,18idv52,,CVE-2023-48795
3,2023-12-20T00:00:00.000Z,18mqvk5,,CVE-2023-23397
2,2023-12-22T00:00:00.000Z,18o1s2q,,CVE-2023-7024
2,2023-12-25T00:00:00.000Z,18qgczi,,CVE-2023-48795
120,2023-12-26T00:00:00.000Z,18rbqso,,CVE-2023-4966
1,2024-01-01T00:00:00.000Z,18w9j2b,,CVE-2021-34527
1,2024-01-09T00:00:00.000Z,192agty,,CVE-2020-1472
1,2024-01-09T00:00:00.000Z,192nav0,,CVE-2011-0323
1,2024-01-10T00:00:00.000Z,19384nj,,CVE-2024-20700
2,2024-01-10T00:00:00.000Z,193ki7n,,CVE-2023-46805
5,2024-01-13T00:00:00.000Z,195q6fo,,cve-2023-46805
1,2024-01-16T00:00:00.000Z,1983gd8,,cve-2022-37966
1,2024-01-16T00:00:00.000Z,1983ics,,cve-2022-37966
5,2024-01-19T00:00:00.000Z,19apsd4,,CVE-2019-0765
7,2024-01-25T00:00:00.000Z,19f5x0d,,CVE-2024-23897
1,2024-01-26T00:00:00.000Z,1abfi9u,,CVE-2023-32015
1,2024-01-30T00:00:00.000Z,1aey7yf,,CVE-2023-24932
12,2024-01-31T00:00:00.000Z,1afh0z6,,CVE-2023-6246
18,2024-01-31T00:00:00.000Z,1afpk5n,,CVE-2023-46805
12,2024-02-01T00:00:00.000Z,1ag5qki,,CVE-2024-21626
8,2024-02-08T00:00:00.000Z,1am5f4l,,CVE-2024-22024
53,2024-02-08T00:00:00.000Z,1am72sk,,CVE-2024-21762
14,2024-02-09T00:00:00.000Z,1amlcdw,,CVE-2024-1212
73,2024-02-14T00:00:00.000Z,1aqb9p9,,CVE-2024-21413
1,2024-02-19T00:00:00.000Z,1aui9ss,,CVE-2021-42287
1,2024-02-21T00:00:00.000Z,1awhg98,,CVE-2023-50387
89,2024-02-21T00:00:00.000Z,1awqyp9,,CVE-2024-1709
3,2024-02-22T00:00:00.000Z,1ax6wil,,CVE-2024-1212
8,2024-02-23T00:00:00.000Z,1axpbn4,,CVE-2024-1708
58,2024-02-25T00:00:00.000Z,1azmhp1,,cve-2021-3438
2,2024-02-26T00:00:00.000Z,1b088h4,,CVE-2024-1709
2,2024-03-04T00:00:00.000Z,1b6e2yj,,cve-2024-20666
1,2024-04-01T00:00:00.000Z,1bt3tte,,CVE-2024-3094
1,2024-04-01T00:00:00.000Z,1bt46c5,,CVE-2024-3094
1,2024-04-02T00:00:00.000Z,1bu54tj,,CVE-2017-8563
7,2024-04-03T00:00:00.000Z,1bv1u0m,,CVE-2007-0087
1,2024-04-04T00:00:00.000Z,1bvt6j8,,CVE-2024-3094
45,2024-04-04T00:00:00.000Z,1bvybmd,,CVE-2023-4863
2,2024-04-10T00:00:00.000Z,1c0o2ot,,cve-2022-37967
2,2024-04-11T00:00:00.000Z,1c1hyrl,,CVE-2023-25535
126,2024-04-12T00:00:00.000Z,1c23979,,CVE-2024-3400
1,2024-04-12T00:00:00.000Z,1c24huw,,CVE-2024-3400
1,2024-04-17T00:00:00.000Z,1c6bm32,,CVE-2022-40982
20,2024-04-24T00:00:00.000Z,1cc6naa,,CVE-2024-20343
1,2024-04-30T00:00:00.000Z,1cgumye,,CVE-2022-38028
10,2024-05-03T00:00:00.000Z,1cj99ie,,CVE-2024-0727
9,2024-05-05T00:00:00.000Z,1ckoutl,,CVE-2022-40735
7,2024-05-08T00:00:00.000Z,1cmqof3,,CVE-2024-29212
25,2024-05-08T00:00:00.000Z,1cmz6mk,,cve-2024-26248
33,2024-05-18T00:00:00.000Z,1cv5dia,,CVE-2023-46218
3,2024-05-19T00:00:00.000Z,1cvy3zz,,CVE-2019-1161
8,2024-05-20T00:00:00.000Z,1cwjc3j,,CVE-2013-3900
1,2024-05-21T00:00:00.000Z,1cxakuu,,CVE-2013-3900
12,2024-05-29T00:00:00.000Z,1d3jj1p,,CVE-2023-20178
17,2024-06-04T00:00:00.000Z,1d7tf8e,,CVE-2023-49210
2,2024-06-05T00:00:00.000Z,1d8ygx3,,CVE-2023-44487
9,2024-06-06T00:00:00.000Z,1d9mpu3,,CVE-2024-33871
1,2024-06-12T00:00:00.000Z,1deex5z,,CVE-2023-24932
381,2024-06-13T00:00:00.000Z,1deytn5,,CVE-2024-30103
119,2024-06-15T00:00:00.000Z,1dggl80,,CVE-2024-30078
19,2024-06-19T00:00:00.000Z,1djk53p,,CVE-2024-30078
1,2024-06-25T00:00:00.000Z,1doj3qj,,CVE-2024-22262
79,2024-06-27T00:00:00.000Z,1dpws7a,,CVE-2024-37085
303,2024-07-01T00:00:00.000Z,1dspa43,,CVE-2024-6387
1,2024-07-02T00:00:00.000Z,1dtrnjd,,CVE-2022-41091
21,2024-07-11T00:00:00.000Z,1e0qpfm,,CVE-2024-20666
9,2024-07-12T00:00:00.000Z,1e1tsl4,,cve-2024-38112
1,2024-07-15T00:00:00.000Z,1e3wpwq,,cve-2023-24932
1,2024-07-15T00:00:00.000Z,1e43udo,,CVE-2024-38021
7,2024-07-18T00:00:00.000Z,1e6c58g,,CVE-2024-20401
16,2024-07-19T00:00:00.000Z,1e76o3l,,CVE-2024-20401
2,2024-07-31T00:00:00.000Z,1egl37i,,CVE-2013-3900
1,2024-07-31T00:00:00.000Z,1egyc6c,,CVE-2024-37085
2,2024-08-07T00:00:00.000Z,1emegrh,,CVE-2023-52722
1,2024-08-09T00:00:00.000Z,1eo3f8u,,CVE-2024-38021
464,2024-08-14T00:00:00.000Z,1es09xf,,CVE-2024-38063
4,2024-08-16T00:00:00.000Z,1etxyoh,,cve-2023-24932
56,2024-08-19T00:00:00.000Z,1ew0ycn,,CVE-2024-38058
1,2024-08-22T00:00:00.000Z,1ey4qjn,,cve-2023-24932
1,2024-08-22T00:00:00.000Z,1eywk23,,CVE-2024-4577
1,2024-08-27T00:00:00.000Z,1f2ht2u,,CVE-2024-38063
1,2024-09-01T00:00:00.000Z,1f6en1y,,CVE-2024-38063
1,2024-09-02T00:00:00.000Z,1f73v04,,CVE-2019-14899
2,2024-09-04T00:00:00.000Z,1f8yn38,,CVE-2024-21302
6,2024-09-06T00:00:00.000Z,1faod04,,CVE-2024-40766
1,2024-09-11T00:00:00.000Z,1fdw87w,,CVE-2024-36971
24,2024-09-11T00:00:00.000Z,1fedt76,,CVE-2024-6342
17,2024-09-11T00:00:00.000Z,1femjdj,,CVE-2024-8686
2,2024-09-13T00:00:00.000Z,1ffl3sp,,CVE-2023-44487
2,2024-09-13T00:00:00.000Z,1ffsmm2,,CVE-2024-7264
1,2024-09-17T00:00:00.000Z,1fjdk6m,,cve-2024-8190
30,2024-09-25T00:00:00.000Z,1fp0qro,,cve-2020-19909
1,2024-10-03T00:00:00.000Z,1fuxz42,,cve-2021-3449
52,2024-10-11T00:00:00.000Z,1g1fatt,,CVE-2024-40711
1,2024-10-15T00:00:00.000Z,1g454l2,,CVE-2024-21302
2,2024-10-22T00:00:00.000Z,1g9nrgb,,CVE-2023-24932
4,2024-10-24T00:00:00.000Z,1gb6n5u,,CVE-2024-43566
142,2024-10-24T00:00:00.000Z,1gb6oy3,,CVE-2024-47575
1,2024-10-25T00:00:00.000Z,1gbh4io,,CVE-2024-28929
58,2024-10-28T00:00:00.000Z,1ge0dl7,,CVE-2024-38063
38,2024-11-12T00:00:00.000Z,1gppebt,,CVE-2024-11068
1,2024-11-13T00:00:00.000Z,1gql49v,,cve-2023-24932
84,2024-11-14T00:00:00.000Z,1gre07u,,CVE-2024-43639
7,2024-12-06T00:00:00.000Z,1h8bsos,,cve-2023-24932
123,2024-12-10T00:00:00.000Z,1haqguq,,CVE-2024-50623
1,2024-12-16T00:00:00.000Z,1hf77x5,,cve-2023-24932
1,2024-12-16T00:00:00.000Z,1hfod17,,CVE-2024-8811
56,2024-12-27T00:00:00.000Z,1hnmt4j,,CVE-2024-3393
