CVE_ID,state,assigner,date_published,date_updated,cvss_score,cvss_version,cwes,exploitDB_type,exploitDB_platform,KEV_product,KEV_knownRansomwareCampaignUse,Vendor,Score,Date,Post ID,Comment ID
CVE-1999-0012,PUBLISHED,mitre,1999-09-29T04:00:00.000Z,2025-04-09T18:30:54.684Z,,,,,,,,,3,2012-07-10T00:00:00.000Z,wbj8m,c5c42t2
CVE-1999-0024,PUBLISHED,mitre,1999-09-29T04:00:00,2024-08-01T16:27:56.713Z,,,,,,,,,8,2021-02-08T00:00:00.000Z,lfht7e,
CVE-1999-0047,PUBLISHED,mitre,1999-09-29T04:00:00,2024-08-01T16:27:57.134Z,,,,,,,,,3,2020-07-31T00:00:00.000Z,i1etlr,fzwwpud
CVE-1999-0169,PUBLISHED,mitre,2000-02-04T05:00:00,2024-08-01T16:27:57.692Z,,,,,,,,,3,2015-01-22T00:00:00.000Z,2t93zb,
CVE-1999-0450,PUBLISHED,mitre,2000-02-04T05:00:00,2024-08-01T16:41:44.860Z,,,,remote,windows,,,,1,2019-01-24T00:00:00.000Z,ajhkhk,
CVE-1999-0504,PUBLISHED,mitre,2000-02-04T05:00:00,2024-08-01T16:41:45.503Z,,,,remote,windows,,,,1,2013-03-01T00:00:00.000Z,19h7fy,c8o4orc
CVE-1999-0510,PUBLISHED,mitre,2000-02-04T05:00:00,2024-08-01T16:41:45.450Z,,,,,,,,,1,2015-07-21T00:00:00.000Z,3e2qy0,
CVE-1999-0512,PUBLISHED,mitre,2000-02-04T05:00:00,2024-08-01T16:41:45.455Z,,,,,,,,,1,2021-07-28T00:00:00.000Z,ot9xf5,
CVE-1999-0524,PUBLISHED,mitre,2000-02-04T05:00:00.000Z,2025-03-17T15:03:25.141Z,,,,,,,,,1,2024-05-13T00:00:00.000Z,1cqqbg0,l3v92ih
CVE-1999-0524,PUBLISHED,mitre,2000-02-04T05:00:00.000Z,2025-03-17T15:03:25.141Z,,,,,,,,,1,2024-05-13T00:00:00.000Z,1cqqbg0,
CVE-1999-0524,PUBLISHED,mitre,2000-02-04T05:00:00.000Z,2025-03-17T15:03:25.141Z,,,,,,,,,1,2023-08-15T00:00:00.000Z,15rvdmy,
CVE-1999-0667,PUBLISHED,mitre,2000-02-04T05:00:00,2024-08-01T16:48:37.039Z,,,,,,,,,28,2019-07-24T00:00:00.000Z,ch86o6,euqx6yj
CVE-1999-0667,PUBLISHED,mitre,2000-02-04T05:00:00,2024-08-01T16:48:37.039Z,,,,,,,,,2,2019-08-02T00:00:00.000Z,ch86o6,evtkmbh
CVE-1999-0667,PUBLISHED,mitre,2000-02-04T05:00:00,2024-08-01T16:48:37.039Z,,,,,,,,,1,2023-04-15T00:00:00.000Z,12mp8d7,
CVE-1999-0667,PUBLISHED,mitre,2000-02-04T05:00:00,2024-08-01T16:48:37.039Z,,,,,,,,,3,2023-04-15T00:00:00.000Z,12mp5iy,
CVE-1999-0667,PUBLISHED,mitre,2000-02-04T05:00:00,2024-08-01T16:48:37.039Z,,,,,,,,,15,2023-04-15T00:00:00.000Z,12mp7yf,
CVE-1999-0667,PUBLISHED,mitre,2000-02-04T05:00:00,2024-08-01T16:48:37.039Z,,,,,,,,,2,2023-04-15T00:00:00.000Z,12mp94q,
CVE-1999-0765,PUBLISHED,mitre,2000-01-04T05:00:00,2024-08-01T16:48:37.786Z,,,,local,irix,,,,2,2021-01-25T00:00:00.000Z,l19phh,gkpte7i
CVE-1999-0898,PUBLISHED,mitre,2000-01-18T05:00:00,2024-08-01T16:55:29.011Z,,,,,,,,,9,2021-09-14T00:00:00.000Z,po8fou,hcvuulf
CVE-1999-1066,PUBLISHED,mitre,2001-09-12T04:00:00,2024-08-01T17:02:53.701Z,,,,,,,,,13,2017-07-26T00:00:00.000Z,6po7xy,dkrd9iu
CVE-1999-1420,PUBLISHED,mitre,2001-09-12T04:00:00,2024-08-01T17:11:03.184Z,,,,,,,,,1,2023-11-16T00:00:00.000Z,17wtdoz,
CVE-2000-0114,PUBLISHED,mitre,2000-02-08T05:00:00,2024-08-08T05:05:53.950Z,,,,,,,,,1,2024-05-13T00:00:00.000Z,1cqqbg0,l3v0ui0
CVE-2000-0138,PUBLISHED,mitre,2000-02-15T05:00:00,2024-08-08T05:05:54.073Z,,,,,,,,,2,2024-09-30T00:00:00.000Z,1fsnlko,
CVE-2000-0538,PUBLISHED,mitre,2000-10-13T04:00:00,2024-08-08T05:21:31.209Z,,,,dos,multiple,,,,1,2023-12-07T00:00:00.000Z,18chvix,kcbj0x7
CVE-2000-0538,PUBLISHED,mitre,2000-10-13T04:00:00,2024-08-08T05:21:31.209Z,,,,dos,multiple,,,,15,2023-12-07T00:00:00.000Z,18chvix,kcbj34d
CVE-2000-0588,PUBLISHED,mitre,2000-10-13T04:00:00,2024-08-08T05:21:31.286Z,,,,remote,cgi,,,,2,2021-01-21T00:00:00.000Z,l19phh,gk3p1sr
CVE-2000-0588,PUBLISHED,mitre,2000-10-13T04:00:00,2024-08-08T05:21:31.286Z,,,,remote,cgi,,,,3,2021-01-21T00:00:00.000Z,l19phh,gk3pw5r
CVE-2000-0992,PUBLISHED,mitre,2001-01-22T05:00:00,2024-08-08T05:37:32.213Z,,,,remote,linux,,,,1,2019-02-08T00:00:00.000Z,ani8zn,eg0ptb0
CVE-2000-1200,PUBLISHED,mitre,2002-03-09T05:00:00,2024-08-08T05:45:37.337Z,,,,,,,,,1,2020-01-06T00:00:00.000Z,ekuubj,fdduqwi
CVE-2000-1200,PUBLISHED,mitre,2002-03-09T05:00:00,2024-08-08T05:45:37.337Z,,,,,,,,,1,2020-01-07T00:00:00.000Z,ekuubj,fdhk2wy
CVE-2001-0144,PUBLISHED,mitre,2001-05-07T04:00:00,2024-08-08T04:06:55.463Z,,,,remote,multiple,,,,37,2018-10-12T00:00:00.000Z,9ng73q,e7n7a59
CVE-2001-0144,PUBLISHED,mitre,2001-05-07T04:00:00,2024-08-08T04:06:55.463Z,,,,remote,multiple,,,,1,2021-03-02T00:00:00.000Z,lv8xz6,gpczvpr
CVE-2001-0572,PUBLISHED,mitre,2001-07-27T04:00:00,2024-08-08T04:21:38.923Z,,,,,,,,,1,2019-06-05T00:00:00.000Z,bu2f25,eq3s86c
CVE-2001-0876,PUBLISHED,mitre,2002-03-09T05:00:00,2024-08-08T04:37:06.629Z,,,,remote,windows,,,,3,2016-07-06T00:00:00.000Z,4rjmyy,d51ms72
CVE-2001-1521,PUBLISHED,mitre,2005-07-14T04:00:00,2024-08-08T04:58:11.414Z,,,,,,,,,2,2018-05-05T00:00:00.000Z,8h7a76,dyhvlh9
CVE-2002-0419,PUBLISHED,mitre,2002-06-11T04:00:00,2024-08-08T02:49:28.390Z,,,,remote,windows,,,,2,2019-04-14T00:00:00.000Z,bd23kf,
CVE-2002-1337,PUBLISHED,mitre,2004-09-01T04:00:00,2024-08-08T03:19:28.722Z,,,,local,linux,,,,48,2017-04-08T00:00:00.000Z,647wac,dg0jdpk
CVE-2002-1623,PUBLISHED,mitre,2005-03-26T05:00:00,2024-08-08T03:34:54.964Z,,,,,,,,,2,2022-10-04T00:00:00.000Z,xvqvhg,
CVE-2002-20001,PUBLISHED,mitre,2021-11-11T00:00:00.000Z,2025-02-13T16:27:06.803Z,,,,,,,,,8,2022-10-31T00:00:00.000Z,yij58g,iuix9kx
CVE-2002-20001,PUBLISHED,mitre,2021-11-11T00:00:00.000Z,2025-02-13T16:27:06.803Z,,,,,,,,,3,2021-11-11T00:00:00.000Z,qdoosy,hk9cylf
CVE-2002-20001,PUBLISHED,mitre,2021-11-11T00:00:00.000Z,2025-02-13T16:27:06.803Z,,,,,,,,,1,2022-03-16T00:00:00.000Z,tfqeof,
CVE-2002-2443,PUBLISHED,mitre,2013-05-29T10:00:00,2024-08-08T04:06:54.807Z,,,,,,,,,343,2021-10-22T00:00:00.000Z,qd6o48,hhki18e
CVE-2003-0190,PUBLISHED,mitre,2003-05-02T00:00:00,2024-08-08T01:43:36.108Z,,,,remote,linux,,,,1,2018-08-23T00:00:00.000Z,97w102,e4p2lud
CVE-2003-0190,PUBLISHED,mitre,2003-05-02T00:00:00,2024-08-08T01:43:36.108Z,,,,remote,linux,,,,2,2023-01-31T00:00:00.000Z,10q6feb,j6owi63
CVE-2003-0201,PUBLISHED,mitre,2003-04-15T04:00:00,2024-08-08T01:43:36.066Z,,,,remote,bsd_x86,,,,1,2017-10-01T00:00:00.000Z,73lfgf,dnrhozt
CVE-2003-0201,PUBLISHED,mitre,2003-04-15T04:00:00,2024-08-08T01:43:36.066Z,,,,remote,bsd_x86,,,,6,2017-10-01T00:00:00.000Z,73lfgf,dnrt4nh
CVE-2003-0201,PUBLISHED,mitre,2003-04-15T04:00:00,2024-08-08T01:43:36.066Z,,,,remote,bsd_x86,,,,15,2017-10-01T00:00:00.000Z,73lfgf,
CVE-2003-0252,PUBLISHED,mitre,2003-07-15T04:00:00,2024-08-08T01:50:46.930Z,,,,,,,,,1,2022-11-23T00:00:00.000Z,z1v0ww,ixg8741
CVE-2003-0352,PUBLISHED,mitre,2003-07-17T04:00:00,2024-08-08T01:50:47.992Z,,,,remote,windows,,,,0,2013-03-05T00:00:00.000Z,19nsk7,c8q3ffa
CVE-2003-0352,PUBLISHED,mitre,2003-07-17T04:00:00,2024-08-08T01:50:47.992Z,,,,remote,windows,,,,2,2023-07-10T00:00:00.000Z,14uz7sh,jrcugt6
CVE-2004-0113,PUBLISHED,mitre,2004-09-01T04:00:00,2024-08-08T00:10:03.340Z,,,,,,,,,1,2020-11-16T00:00:00.000Z,jv27mw,gchbfwy
CVE-2004-0120,PUBLISHED,mitre,2004-04-16T04:00:00,2024-08-08T00:10:03.421Z,,,,dos,windows,,,,2,2021-11-23T00:00:00.000Z,r06q5j,hlsenx9
CVE-2004-0360,PUBLISHED,mitre,2004-03-18T05:00:00,2024-08-08T00:17:14.307Z,,,,local,solaris,,,,15,2020-02-02T00:00:00.000Z,exmr98,fgae0v5
CVE-2004-0740,PUBLISHED,mitre,2004-07-23T04:00:00,2024-08-08T00:31:47.419Z,,,,dos,hardware,,,,1,2015-09-19T00:00:00.000Z,3lajjl,cv6m38f
CVE-2004-0839,PUBLISHED,mitre,2004-09-14T04:00:00,2024-08-08T00:31:47.171Z,,,,,,,,,-1,2018-05-25T00:00:00.000Z,8m2adv,dzklbf1
CVE-2004-0998,PUBLISHED,mitre,2004-12-31T05:00:00,2024-08-08T00:38:59.861Z,,,,,,,,,1,2022-08-30T00:00:00.000Z,x1fgll,ime3gho
CVE-2004-1254,PUBLISHED,mitre,2004-12-22T05:00:00,2024-08-08T00:46:12.321Z,,,,local,windows,,,,1,2014-10-17T00:00:00.000Z,2jgi12,clbnhfj
CVE-2004-1831,PUBLISHED,mitre,2005-05-10T04:00:00,2024-08-08T01:07:48.174Z,,,,,,,,,1,2024-04-09T00:00:00.000Z,1bzdh5y,kyssqsw
CVE-2004-1831,PUBLISHED,mitre,2005-05-10T04:00:00,2024-08-08T01:07:48.174Z,,,,,,,,,1,2024-04-09T00:00:00.000Z,1bzdh5y,
CVE-2004-2761,PUBLISHED,mitre,2009-01-05T20:00:00,2024-08-08T01:36:25.448Z,,,,dos,multiple,,,,3,2015-07-01T00:00:00.000Z,3bp46y,
CVE-2005-1219,PUBLISHED,microsoft,2005-07-12T04:00:00,2024-08-07T21:44:05.349Z,,,,dos,windows,,,,1,2016-06-09T00:00:00.000Z,4nbsre,d42ilcp
CVE-2005-1219,PUBLISHED,microsoft,2005-07-12T04:00:00,2024-08-07T21:44:05.349Z,,,,dos,windows,,,,22,2016-06-09T00:00:00.000Z,4nbsre,
CVE-2005-1825,PUBLISHED,mitre,2005-06-02T04:00:00,2024-08-07T22:06:57.629Z,,,,,,,,,2,2011-12-20T00:00:00.000Z,nikeb,c39nt5v
CVE-2005-2122,PUBLISHED,microsoft,2005-10-21T04:00:00,2024-08-07T22:15:37.415Z,,,,,,,,,7,2018-08-29T00:00:00.000Z,9b2wvy,e515twc
CVE-2005-2541,PUBLISHED,mitre,2005-08-10T04:00:00,2024-08-07T22:30:01.119Z,,,,,,,,,1,2024-10-09T00:00:00.000Z,1fte6w0,lr299xs
CVE-2005-3142,PUBLISHED,mitre,2005-10-05T04:00:00,2024-08-07T23:01:57.912Z,,,,,,,,,1,2022-10-08T00:00:00.000Z,xye4gv,irh06up
CVE-2005-3142,PUBLISHED,mitre,2005-10-05T04:00:00,2024-08-07T23:01:57.912Z,,,,,,,,,1,2022-10-08T00:00:00.000Z,xye4gv,irhixsl
CVE-2005-4560,PUBLISHED,mitre,2005-12-28T19:00:00,2024-08-07T23:46:05.551Z,,,,remote,windows,,,,67,2020-01-05T00:00:00.000Z,ek50nb,fd6c8di
CVE-2006-0744,PUBLISHED,redhat,2006-04-18T10:00:00,2024-08-07T16:48:55.956Z,,,,,,,,,9,2012-06-13T00:00:00.000Z,uz5ul,c4zvh01
CVE-2006-1067,PUBLISHED,mitre,2006-03-07T22:00:00,2024-08-07T16:56:15.492Z,,,,,,,,,1,2010-01-07T00:00:00.000Z,amoz1,c0idg2o
CVE-2006-1183,PUBLISHED,mitre,2006-03-13T11:00:00,2024-08-07T17:03:28.374Z,,,,local,linux,,,,1,2012-05-11T00:00:00.000Z,thdsf,c4mmdqc
CVE-2006-2369,PUBLISHED,redhat,2006-05-15T16:00:00,2024-08-07T17:51:03.610Z,,,,remote,multiple,,,,10,2015-08-28T00:00:00.000Z,3io1m5,cui6k2a
CVE-2006-2451,PUBLISHED,redhat,2006-07-07T18:00:00,2024-08-07T17:51:04.543Z,,,,local,linux,,,,2,2016-12-17T00:00:00.000Z,5iu7jj,dbbg798
CVE-2006-3092,PUBLISHED,mitre,2006-06-19T21:00:00,2024-08-07T18:16:05.882Z,,,,,,,,,1,2021-10-11T00:00:00.000Z,q61e8f,hgadzf0
CVE-2006-3092,PUBLISHED,mitre,2006-06-19T21:00:00,2024-08-07T18:16:05.882Z,,,,,,,,,15,2021-10-11T00:00:00.000Z,q61e8f,
CVE-2006-5051,PUBLISHED,redhat,2006-09-27T23:00:00,2024-08-07T19:32:23.380Z,,,,,,,,,11,2024-07-31T00:00:00.000Z,1egac0o,lfs38v8
CVE-2006-5051,PUBLISHED,redhat,2006-09-27T23:00:00,2024-08-07T19:32:23.380Z,,,,,,,,,1,2024-07-02T00:00:00.000Z,1dtekaf,lb91gsw
CVE-2006-5051,PUBLISHED,redhat,2006-09-27T23:00:00,2024-08-07T19:32:23.380Z,,,,,,,,,34,2024-07-01T00:00:00.000Z,1dspa43,lb4dttl
CVE-2006-5745,PUBLISHED,mitre,2006-11-06T18:00:00,2024-08-07T20:04:54.613Z,,,,remote,windows,,,,1,2023-10-04T00:00:00.000Z,16ztfna,k3gll2j
CVE-2006-6027,PUBLISHED,mitre,2006-11-21T23:00:00,2024-08-07T20:12:31.519Z,,,,dos,windows,,,,0,2011-03-04T00:00:00.000Z,fwgng,c1j9uma
CVE-2006-6880,PUBLISHED,mitre,2007-01-05T02:00:00,2024-08-07T20:42:07.407Z,,,,webapps,php,,,,2,2013-12-05T00:00:00.000Z,1s5y66,cdu8baq
CVE-2006-7140,PUBLISHED,mitre,2007-03-07T20:00:00,2024-08-07T20:50:06.297Z,,,,,,,,,17,2013-07-01T00:00:00.000Z,1hdyjq,catjcc3
CVE-2006-7250,PUBLISHED,redhat,2012-02-29T11:00:00,2024-08-07T20:57:40.840Z,,,,,,,,,3,2012-04-20T00:00:00.000Z,shtfr,c4eczw3
CVE-2007-0071,PUBLISHED,mitre,2008-04-09T21:00:00,2024-08-07T12:03:37.143Z,,,,,,,,Adobe,6,2023-01-11T00:00:00.000Z,10927di,j3vxkoh
CVE-2007-0071,PUBLISHED,mitre,2008-04-09T21:00:00,2024-08-07T12:03:37.143Z,,,,,,,,Adobe,18,2023-01-11T00:00:00.000Z,10927di,
CVE-2007-0087,PUBLISHED,mitre,2007-01-05T18:00:00,2024-08-07T12:03:37.055Z,,,,,,,,,7,2024-04-03T00:00:00.000Z,1bv1u0m,
CVE-2007-1320,PUBLISHED,mitre,2007-05-02T17:00:00,2024-08-07T12:50:35.128Z,,,,,,,,,1,2015-05-14T00:00:00.000Z,35xb2d,cr9b389
CVE-2007-1744,PUBLISHED,mitre,2007-05-02T19:00:00,2024-08-07T13:06:26.235Z,,,,,,,,,1,2015-05-13T00:00:00.000Z,35uci0,cr8ap7e
CVE-2007-1744,PUBLISHED,mitre,2007-05-02T19:00:00,2024-08-07T13:06:26.235Z,,,,,,,,,2,2015-07-16T00:00:00.000Z,3dilqh,ct5ol3q
CVE-2007-1744,PUBLISHED,mitre,2007-05-02T19:00:00,2024-08-07T13:06:26.235Z,,,,,,,,,1,2016-04-30T00:00:00.000Z,4gup63,d2nt2fr
CVE-2007-1912,PUBLISHED,mitre,2007-04-10T23:00:00,2024-08-07T13:13:41.920Z,,,,dos,windows,,,,3,2012-07-20T00:00:00.000Z,wvdzr,c5gzsdj
CVE-2007-2438,PUBLISHED,redhat,2007-05-02T21:00:00,2024-08-07T13:42:32.149Z,,,,,,,,,3,2012-04-01T00:00:00.000Z,rnza1,c47evic
CVE-2007-2447,PUBLISHED,redhat,2007-05-14T21:00:00,2024-08-07T13:42:32.951Z,,,,remote,unix,,,,1,2021-06-17T00:00:00.000Z,o25qnu,h25fyp0
CVE-2007-2926,PUBLISHED,certcc,2007-07-24T17:00:00,2024-08-07T13:57:54.738Z,,,,remote,multiple,,,,15,2017-12-27T00:00:00.000Z,7mdz6y,drtfyfx
CVE-2007-4201,PUBLISHED,mitre,2007-08-08T01:11:00,2024-08-07T14:46:39.385Z,,,,,,,,,3,2016-06-09T00:00:00.000Z,4n45x1,d41nbpe
CVE-2007-4305,PUBLISHED,mitre,2007-08-13T21:00:00,2024-08-07T14:53:55.846Z,,,,local,bsd,,,,8,2010-05-09T00:00:00.000Z,c1rgn,c0po2au
CVE-2007-4528,PUBLISHED,mitre,2007-08-25T00:00:00,2024-08-07T15:01:09.587Z,,,,local,windows,,,,1,2020-07-08T00:00:00.000Z,hnjb5f,fxc2v0p
CVE-2007-4607,PUBLISHED,mitre,2007-08-31T00:00:00,2024-08-07T15:01:09.731Z,,,,remote,windows,,,,0,2022-09-09T00:00:00.000Z,xa4s33,
CVE-2007-5384,PUBLISHED,mitre,2007-10-12T01:00:00,2024-08-07T15:31:58.054Z,,,,,,,,,1,2008-05-25T00:00:00.000Z,6kpp9,c044lis
CVE-2008-0122,PUBLISHED,freebsd,2008-01-16T01:00:00,2024-08-07T07:32:24.383Z,,,,,,,,,4,2014-11-29T00:00:00.000Z,2nqws6,
CVE-2008-0166,PUBLISHED,mitre,2008-05-13T17:00:00,2024-08-07T07:39:32.856Z,,,,remote,linux,,,,1,2017-04-26T00:00:00.000Z,67f3zh,dgrtxlh
CVE-2008-0166,PUBLISHED,mitre,2008-05-13T17:00:00,2024-08-07T07:39:32.856Z,,,,remote,linux,,,,2,2014-10-28T00:00:00.000Z,2kkagz,clm336x
CVE-2008-0166,PUBLISHED,mitre,2008-05-13T17:00:00,2024-08-07T07:39:32.856Z,,,,remote,linux,,,,16,2014-06-23T00:00:00.000Z,28vi8w,cif0gtt
CVE-2008-0166,PUBLISHED,mitre,2008-05-13T17:00:00,2024-08-07T07:39:32.856Z,,,,remote,linux,,,,9,2021-01-17T00:00:00.000Z,kysqsc,gjk1lh2
CVE-2008-0923,PUBLISHED,mitre,2008-02-26T00:00:00,2024-08-07T08:01:40.085Z,,,,,,,,,3,2015-01-06T00:00:00.000Z,2rhseb,cngdfz7
CVE-2008-0923,PUBLISHED,mitre,2008-02-26T00:00:00,2024-08-07T08:01:40.085Z,,,,,,,,,0,2022-01-15T00:00:00.000Z,s496gt,hspziph
CVE-2008-0923,PUBLISHED,mitre,2008-02-26T00:00:00,2024-08-07T08:01:40.085Z,,,,,,,,,1,2022-03-03T00:00:00.000Z,t5jwnk,hz62i2e
CVE-2008-0923,PUBLISHED,mitre,2008-02-26T00:00:00,2024-08-07T08:01:40.085Z,,,,,,,,,6,2020-12-29T00:00:00.000Z,kmnkyh,ghfu00d
CVE-2008-0923,PUBLISHED,mitre,2008-02-26T00:00:00,2024-08-07T08:01:40.085Z,,,,,,,,,1,2019-03-08T00:00:00.000Z,ayqh5m,ei3762v
CVE-2008-0923,PUBLISHED,mitre,2008-02-26T00:00:00,2024-08-07T08:01:40.085Z,,,,,,,,,1,2019-03-10T00:00:00.000Z,ayqh5m,ei74tml
CVE-2008-0923,PUBLISHED,mitre,2008-02-26T00:00:00,2024-08-07T08:01:40.085Z,,,,,,,,,17,2018-11-08T00:00:00.000Z,9v0na5,e99ezfy
CVE-2008-0923,PUBLISHED,mitre,2008-02-26T00:00:00,2024-08-07T08:01:40.085Z,,,,,,,,,2,2014-06-07T00:00:00.000Z,27j5c1,ci1js05
CVE-2008-1104,PUBLISHED,flexera,2008-05-21T10:00:00,2024-08-07T08:08:57.558Z,,,,,,,,,2,2009-02-24T00:00:00.000Z,7zkzu,c07upmw
CVE-2008-3704,PUBLISHED,mitre,2008-08-18T19:00:00,2024-08-07T09:45:19.094Z,,,,dos,windows,,,,1,2023-11-20T00:00:00.000Z,17z62ud,ka28vbb
CVE-2008-3842,PUBLISHED,mitre,2008-08-27T20:00:00,2024-08-07T09:53:00.418Z,,,,,,,,,1,2012-12-21T00:00:00.000Z,156ni0,c7k3pwv
CVE-2008-3843,PUBLISHED,mitre,2008-08-27T20:00:00,2024-08-07T09:53:00.395Z,,,,,,,,,1,2012-12-21T00:00:00.000Z,156ni0,c7jv800
CVE-2008-4106,PUBLISHED,mitre,2008-09-18T17:47:00,2024-08-07T10:00:42.870Z,,,,,,,,,6,2016-12-28T00:00:00.000Z,5kqfic,dbpzm3i
CVE-2008-4609,PUBLISHED,mitre,2008-10-20T17:00:00,2024-08-07T10:24:20.677Z,,,,,,,,,1,2009-09-12T00:00:00.000Z,9j519,c0d1xbq
CVE-2008-5174,PUBLISHED,mitre,2008-11-19T18:00:00,2024-08-07T10:40:17.240Z,,,,webapps,php,,,,22,2024-01-23T00:00:00.000Z,19dwt40,kj8pwri
CVE-2008-5174,PUBLISHED,mitre,2008-11-19T18:00:00,2024-08-07T10:40:17.240Z,,,,webapps,php,,,,10,2024-01-23T00:00:00.000Z,19dwt40,kj8xd44
CVE-2008-6975,PUBLISHED,mitre,2009-08-14T15:00:00,2024-08-07T11:49:02.678Z,,,,remote,hardware,,,,3,2012-11-30T00:00:00.000Z,141qy3,c794syf
CVE-2008-7251,PUBLISHED,mitre,2010-01-19T16:00:00,2024-08-07T11:56:14.607Z,,,,,,,,,2,2017-12-11T00:00:00.000Z,7j4xtj,
CVE-2008-7251,PUBLISHED,mitre,2010-01-19T16:00:00,2024-08-07T11:56:14.607Z,,,,,,,,,0,2017-12-11T00:00:00.000Z,7j5xlf,
CVE-2009-0320,PUBLISHED,mitre,2009-01-28T18:00:00,2024-08-07T04:31:25.585Z,,,,,,,,,1,2015-06-26T00:00:00.000Z,3b7g4x,
CVE-2009-0545,PUBLISHED,mitre,2009-02-12T23:00:00,2024-08-07T04:40:03.773Z,,,,remote,hardware,,,,1,2021-10-30T00:00:00.000Z,qipigg,hioq0oi
CVE-2009-0901,PUBLISHED,mitre,2009-07-29T17:00:00,2024-08-07T04:48:52.691Z,,,,,,,,,1,2021-10-12T00:00:00.000Z,q6nhof,
CVE-2009-1123,PUBLISHED,microsoft,2009-06-10T18:00:00.000Z,2025-02-04T18:29:18.266Z,,,CWE-20,,,Windows,Unknown,Microsoft,4,2014-08-04T00:00:00.000Z,2cir86,cjgfboz
CVE-2009-1244,PUBLISHED,mitre,2009-04-13T16:00:00,2024-08-07T05:04:49.429Z,,,,,,,,,2,2015-01-22T00:00:00.000Z,2t6oh9,cnwuatz
CVE-2009-1244,PUBLISHED,mitre,2009-04-13T16:00:00,2024-08-07T05:04:49.429Z,,,,,,,,,-1,2015-07-16T00:00:00.000Z,3dilqh,ct5zd1t
CVE-2009-1337,PUBLISHED,mitre,2009-04-22T15:00:00,2024-08-07T05:13:25.459Z,,,,local,linux,,,,9,2019-12-30T00:00:00.000Z,ehboi8,fcjdhle
CVE-2009-1394,PUBLISHED,mitre,2009-06-26T18:00:00,2024-08-07T05:13:25.526Z,,,,remote,windows,,,,3,2014-05-05T00:00:00.000Z,24rzot,cha3de4
CVE-2009-1676,REJECTED,mitre,2009-05-18T18:00:00,2009-06-12T09:00:00,,,,remote,windows,,,,3,2014-11-18T00:00:00.000Z,2mp6wb,cm6ay8f
CVE-2009-1897,PUBLISHED,redhat,2009-07-20T17:00:00,2024-08-07T05:27:54.800Z,,,,dos,linux,,,,2,2017-04-22T00:00:00.000Z,66nx6k,dglait5
CVE-2009-1897,PUBLISHED,redhat,2009-07-20T17:00:00,2024-08-07T05:27:54.800Z,,,,dos,linux,,,,1,2010-10-24T00:00:00.000Z,dubhz,c139nbo
CVE-2009-2493,PUBLISHED,microsoft,2009-07-29T17:00:00,2024-08-07T05:52:15.041Z,,,,,,,,,1,2018-10-09T00:00:00.000Z,9mrjgc,e7h2jxm
CVE-2009-2692,PUBLISHED,mitre,2009-08-14T15:00:00,2024-08-07T05:59:57.073Z,,,,local,android,,,,1,2015-09-17T00:00:00.000Z,3l99pm,
CVE-2009-2698,PUBLISHED,mitre,2009-08-27T17:00:00,2024-08-07T05:59:56.948Z,,,,local,linux,,,,6,2012-07-21T00:00:00.000Z,wwq76,c5ha2q1
CVE-2009-2698,PUBLISHED,mitre,2009-08-27T17:00:00,2024-08-07T05:59:56.948Z,,,,local,linux,,,,1,2012-07-23T00:00:00.000Z,wwq76,c5hy6p4
CVE-2009-2765,PUBLISHED,mitre,2009-08-14T15:00:00,2024-08-07T05:59:57.111Z,,,,webapps,cgi,,,,10,2013-09-21T00:00:00.000Z,1mtuxa,cccmf67
CVE-2009-2841,PUBLISHED,mitre,2009-11-13T15:00:00,2024-08-07T06:07:37.289Z,,,,,,,,,1,2010-02-14T00:00:00.000Z,b1s44,c0kjece
CVE-2009-3023,PUBLISHED,mitre,2009-08-31T20:00:00,2024-08-07T06:14:55.348Z,,,,remote,windows,,,,5,2016-02-09T00:00:00.000Z,44xnbz,cztpa8o
CVE-2009-3555,PUBLISHED,redhat,2009-11-09T17:00:00,2024-08-07T06:31:10.430Z,,,,remote,multiple,,,,2,2011-11-27T00:00:00.000Z,mpwqh,c3323tt
CVE-2009-3555,PUBLISHED,redhat,2009-11-09T17:00:00,2024-08-07T06:31:10.430Z,,,,remote,multiple,,,,1,2013-03-07T00:00:00.000Z,19s2vk,c8r7vxb
CVE-2009-4324,PUBLISHED,adobe,2009-12-15T02:00:00.000Z,2025-02-04T21:45:19.338Z,,,CWE-399,local,windows,Acrobat and Reader,Unknown,Adobe,2,2010-02-09T00:00:00.000Z,aztv2,c0k9hok
CVE-2009-4494,PUBLISHED,mitre,2010-01-13T20:00:00,2024-08-07T07:01:20.463Z,,,,remote,multiple,,,,2,2014-04-10T00:00:00.000Z,22n0z9,cgoyfxj
CVE-2009-4565,PUBLISHED,mitre,2010-01-04T21:00:00,2024-08-07T07:08:38.091Z,,,,,,,,,9,2013-01-29T00:00:00.000Z,17fr96,c85c0tl
CVE-2009-5016,PUBLISHED,mitre,2010-11-12T21:00:00,2024-08-07T07:24:54.057Z,,,,,,,,,8,2014-07-25T00:00:00.000Z,2bo73r,cj7bp45
CVE-2010-0188,PUBLISHED,adobe,2010-02-21T17:00:00.000Z,2025-02-04T21:45:19.211Z,,,CWE-94,remote,ios,Reader and Acrobat,Known,Adobe,8,2012-03-25T00:00:00.000Z,rcwji,
CVE-2010-0232,PUBLISHED,microsoft,2010-01-21T19:00:00.000Z,2025-02-04T18:28:41.655Z,,,CWE-264,local,windows,Windows,Unknown,Microsoft,2,2010-07-30T00:00:00.000Z,cv0t0,c0vkdmb
CVE-2010-0249,PUBLISHED,microsoft,2010-01-15T17:00:00,2024-08-07T00:45:11.028Z,,,,remote,windows,,,,2,2013-02-27T00:00:00.000Z,18zsos,c8mbmrm
CVE-2010-0307,PUBLISHED,redhat,2010-02-17T18:00:00,2024-08-07T00:45:12.039Z,,,,dos,linux_x86-64,,,,2,2010-03-18T00:00:00.000Z,bex4f,c0mfe3d
CVE-2010-0425,PUBLISHED,redhat,2010-03-05T19:00:00,2024-08-07T00:45:12.325Z,,,,remote,windows,,,,1,2014-10-16T00:00:00.000Z,2jg25j,clbffef
CVE-2010-0432,PUBLISHED,redhat,2010-04-15T17:00:00Z,2024-09-16T20:32:45.632Z,,,,remote,multiple,,,,1,2010-12-21T00:00:00.000Z,eowse,c19v30y
CVE-2010-0432,PUBLISHED,redhat,2010-04-15T17:00:00Z,2024-09-16T20:32:45.632Z,,,,remote,multiple,,,,1,2010-12-22T00:00:00.000Z,eowse,c1a0xh0
CVE-2010-0840,PUBLISHED,oracle,2010-04-01T16:00:00.000Z,2025-02-10T18:55:16.954Z,10.0,,,remote,multiple,Java Runtime Environment (JRE),Unknown,Oracle,1,2010-11-24T00:00:00.000Z,eam63,c16q0w4
CVE-2010-0886,PUBLISHED,oracle,2010-04-20T19:00:00,2024-08-07T01:06:52.527Z,,,,remote,multiple,,,,3,2010-11-17T00:00:00.000Z,e7r7d,c15zl0j
CVE-2010-1128,PUBLISHED,mitre,2010-03-26T20:00:00,2024-08-07T01:14:06.300Z,,,,dos,php,,,,1,2019-01-26T00:00:00.000Z,ak0h8u,ef13kl6
CVE-2010-1170,PUBLISHED,redhat,2010-05-19T18:13:00,2024-08-07T01:14:06.574Z,,,,,,,,,78,2019-10-13T00:00:00.000Z,dhdsu4,
CVE-2010-1297,PUBLISHED,adobe,2010-06-08T18:00:00.000Z,2025-02-04T21:45:19.075Z,,,CWE-787,remote,multiple,Flash Player,Unknown,Adobe,13,2010-06-13T00:00:00.000Z,ceeai,
CVE-2010-1622,PUBLISHED,redhat,2010-06-21T16:00:00,2024-08-07T01:28:42.999Z,,,,webapps,multiple,,,,1,2022-05-22T00:00:00.000Z,uuybmx,i9lic9p
CVE-2010-1622,PUBLISHED,redhat,2010-06-21T16:00:00,2024-08-07T01:28:42.999Z,,,,webapps,multiple,,,,52,2022-03-30T00:00:00.000Z,tsgv4b,
CVE-2010-1749,PUBLISHED,apple,2010-06-11T17:28:00,2024-08-07T01:35:53.571Z,10.0,,,,,,,Apple,1,2018-02-10T00:00:00.000Z,7wlwye,du1shpk
CVE-2010-1759,PUBLISHED,apple,2010-06-11T19:00:00,2024-08-07T01:35:53.641Z,,,,remote,android,,,,2,2012-02-02T00:00:00.000Z,p6rsx,c3n5vqa
CVE-2010-1807,PUBLISHED,apple,2010-09-10T18:00:00,2024-08-07T01:35:53.624Z,,,,remote,android,,,,1,2012-03-14T00:00:00.000Z,qv5ju,c40vwgc
CVE-2010-2550,PUBLISHED,microsoft,2010-08-11T18:00:00,2024-08-07T02:39:37.317Z,,,,dos,windows,,,,15,2010-08-12T00:00:00.000Z,d09d1,c0wl5cg
CVE-2010-2550,PUBLISHED,microsoft,2010-08-11T18:00:00,2024-08-07T02:39:37.317Z,,,,dos,windows,,,,17,2010-08-12T00:00:00.000Z,d09d1,
CVE-2010-2568,PUBLISHED,microsoft,2010-07-22T10:00:00.000Z,2025-05-01T03:55:12.185Z,,,CWE-20,local,windows,Windows,Unknown,Microsoft,2,2022-06-16T00:00:00.000Z,vdowjf,iclqc20
CVE-2010-2568,PUBLISHED,microsoft,2010-07-22T10:00:00.000Z,2025-05-01T03:55:12.185Z,,,CWE-20,local,windows,Windows,Unknown,Microsoft,1,2014-07-04T00:00:00.000Z,29uqrd,ciopwh0
CVE-2010-2568,PUBLISHED,microsoft,2010-07-22T10:00:00.000Z,2025-05-01T03:55:12.185Z,,,CWE-20,local,windows,Windows,Unknown,Microsoft,51,2016-10-19T00:00:00.000Z,58889c,d8yjtrv
CVE-2010-2568,PUBLISHED,microsoft,2010-07-22T10:00:00.000Z,2025-05-01T03:55:12.185Z,,,CWE-20,local,windows,Windows,Unknown,Microsoft,1,2018-11-16T00:00:00.000Z,9vmjkr,e9tnt0u
CVE-2010-2568,PUBLISHED,microsoft,2010-07-22T10:00:00.000Z,2025-05-01T03:55:12.185Z,,,CWE-20,local,windows,Windows,Unknown,Microsoft,2,2010-08-21T00:00:00.000Z,d3s3c,c0xcqfx
CVE-2010-2568,PUBLISHED,microsoft,2010-07-22T10:00:00.000Z,2025-05-01T03:55:12.185Z,,,CWE-20,local,windows,Windows,Unknown,Microsoft,1,2022-03-08T00:00:00.000Z,t9qskt,
CVE-2010-2730,PUBLISHED,microsoft,2010-09-15T18:00:00,2024-08-07T02:46:47.266Z,,,,,,,,,3,2017-07-11T00:00:00.000Z,6mo5sv,
CVE-2010-2772,PUBLISHED,mitre,2010-07-22T10:00:00,2024-08-07T02:46:48.161Z,,,,,,,,,2,2023-12-26T00:00:00.000Z,18r6dvk,kezip1b
CVE-2010-3035,PUBLISHED,cisco,2010-08-30T20:00:00,2024-11-15T18:02:56.974Z,,,CWE-20,,,IOS XR,Unknown,Cisco,31,2019-01-25T00:00:00.000Z,ajekyh,eew04w0
CVE-2010-3035,PUBLISHED,cisco,2010-08-30T20:00:00,2024-11-15T18:02:56.974Z,,,CWE-20,,,IOS XR,Unknown,Cisco,4,2019-01-25T00:00:00.000Z,ajekyh,eewksth
CVE-2010-3055,PUBLISHED,mitre,2010-08-24T19:00:00,2024-08-07T02:55:46.636Z,,,,,,,,,1,2022-08-22T00:00:00.000Z,wtaagt,ilaiyl1
CVE-2010-3055,PUBLISHED,mitre,2010-08-24T19:00:00,2024-08-07T02:55:46.636Z,,,,,,,,,1,2022-08-22T00:00:00.000Z,wtaagt,ilak62b
CVE-2010-3081,PUBLISHED,redhat,2010-09-24T19:00:00,2024-08-07T02:55:46.715Z,,,,local,linux_x86-64,,,,4,2011-11-26T00:00:00.000Z,mpdgt,c32ryva
CVE-2010-3081,PUBLISHED,redhat,2010-09-24T19:00:00,2024-08-07T02:55:46.715Z,,,,local,linux_x86-64,,,,3,2010-09-17T00:00:00.000Z,dersh,c0zr2ze
CVE-2010-3081,PUBLISHED,redhat,2010-09-24T19:00:00,2024-08-07T02:55:46.715Z,,,,local,linux_x86-64,,,,2,2012-07-19T00:00:00.000Z,wt6ry,c5gapjh
CVE-2010-3128,PUBLISHED,mitre,2010-08-26T18:00:00,2024-08-07T02:55:46.766Z,,,,local,windows,,,,1,2016-05-03T00:00:00.000Z,4hh02i,d2qxbwd
CVE-2010-3333,PUBLISHED,microsoft,2010-11-10T01:00:00.000Z,2025-02-10T16:54:31.692Z,,,CWE-119,local,windows,Office,Unknown,Microsoft,3,2018-08-31T00:00:00.000Z,9brpw1,e55axzj
CVE-2010-3598,PUBLISHED,oracle,2011-01-19T15:00:00,2024-08-07T03:18:52.301Z,,,,,,,,,3,2022-01-14T00:00:00.000Z,s3utn2,
CVE-2010-3654,PUBLISHED,adobe,2010-10-29T18:00:00,2024-08-07T03:18:52.940Z,,,,local,windows,,,,3,2010-11-17T00:00:00.000Z,e7dmf,c15xo0a
CVE-2010-3850,PUBLISHED,redhat,2010-12-30T18:00:00,2024-08-07T03:26:12.177Z,,,,local,linux,,,,10,2010-12-08T00:00:00.000Z,ehv6k,c189iys
CVE-2010-4073,PUBLISHED,mitre,2010-11-29T15:00:00,2024-08-07T03:34:37.199Z,,,,local,linux,,,,9,2011-09-05T00:00:00.000Z,k5mdd,c2hookd
CVE-2010-4258,PUBLISHED,redhat,2010-12-30T18:00:00,2024-08-07T03:34:37.991Z,,,,local,linux,,,,7,2010-12-08T00:00:00.000Z,ehv6k,c189t16
CVE-2010-4258,PUBLISHED,redhat,2010-12-30T18:00:00,2024-08-07T03:34:37.991Z,,,,local,linux,,,,2,2010-12-08T00:00:00.000Z,ehv6k,c189t91
CVE-2010-4344,PUBLISHED,redhat,2010-12-14T15:00:00.000Z,2025-02-07T13:34:01.836Z,,,CWE-119,remote,linux,Exim,Unknown,Exim,2,2013-05-03T00:00:00.000Z,1dmsnw,c9rvrja
CVE-2010-4669,PUBLISHED,mitre,2011-01-07T11:00:00,2024-08-07T03:51:17.958Z,,,,,,,,,1,2012-11-16T00:00:00.000Z,138xo2,c729ly1
CVE-2010-5200,PUBLISHED,mitre,2012-09-06T10:00:00Z,2024-09-16T18:44:42.072Z,,,,,,,,,10,2013-07-29T00:00:00.000Z,1j9las,
CVE-2010-5298,PUBLISHED,mitre,2014-04-14T16:00:00,2024-08-07T04:17:10.312Z,,,,,,,,,1,2014-04-23T00:00:00.000Z,23qaav,cgzikhs
CVE-2010-5298,PUBLISHED,mitre,2014-04-14T16:00:00,2024-08-07T04:17:10.312Z,,,,,,,,,0,2015-02-24T00:00:00.000Z,2x05zh,
CVE-2011-0323,PUBLISHED,flexera,2011-02-07T20:19:00,2024-08-06T21:51:07.805Z,,,,,,,,,1,2024-01-09T00:00:00.000Z,192nav0,
CVE-2011-0411,PUBLISHED,certcc,2011-03-16T22:00:00,2024-08-06T21:51:08.944Z,,,,,,,,,3,2011-03-08T00:00:00.000Z,fzbwv,c1juo4k
CVE-2011-0411,PUBLISHED,certcc,2011-03-16T22:00:00,2024-08-06T21:51:08.944Z,,,,,,,,,3,2011-08-29T00:00:00.000Z,jxy4p,c2g3km2
CVE-2011-0609,PUBLISHED,adobe,2011-03-15T17:00:00.000Z,2025-02-04T21:47:12.409Z,,,,remote,windows,Flash Player,Unknown,Adobe,13,2011-08-26T00:00:00.000Z,jv1kh,c2fevu8
CVE-2011-0638,PUBLISHED,mitre,2011-01-25T00:00:00,2024-08-06T21:58:26.002Z,,,,,,,,,2,2019-08-30T00:00:00.000Z,cxgsoi,eym6x0o
CVE-2011-0708,PUBLISHED,redhat,2011-03-20T01:00:00,2024-08-06T21:58:26.128Z,,,,dos,multiple,,,,7,2011-12-15T00:00:00.000Z,nco3b,c386lgl
CVE-2011-0762,PUBLISHED,certcc,2011-03-02T19:00:00,2024-08-06T22:05:53.406Z,,,,dos,linux,,,,14,2019-09-20T00:00:00.000Z,d6w0us,f0wgs9j
CVE-2011-0997,PUBLISHED,mitre,2011-04-08T15:00:00,2024-08-06T22:14:27.265Z,,,,,,,,,1,2011-11-15T00:00:00.000Z,mcavz,c2zxgj3
CVE-2011-1083,PUBLISHED,redhat,2011-04-03T01:00:00,2024-08-06T22:14:27.798Z,,,,dos,linux,,,,6,2013-06-18T00:00:00.000Z,1gldjz,caljp2d
CVE-2011-1249,PUBLISHED,microsoft,2011-06-16T20:21:00,2024-08-06T22:21:33.913Z,,,,dos,windows,,,,2,2014-10-15T00:00:00.000Z,2j893i,cl9ou3r
CVE-2011-1256,PUBLISHED,microsoft,2011-06-16T20:21:00,2024-08-06T22:21:33.944Z,7.5,,,,,,,Microsoft,3,2013-09-16T00:00:00.000Z,1mijdv,
CVE-2011-1268,PUBLISHED,microsoft,2011-06-16T20:21:00,2024-08-06T22:21:34.050Z,,,,,,,,,1,2014-04-16T00:00:00.000Z,235hf3,cgtsdok
CVE-2011-1302,PUBLISHED,mitre,2011-04-15T19:00:00,2024-08-06T22:21:34.577Z,,,,,,,,,9,2011-06-17T00:00:00.000Z,i2a7x,c20csy9
CVE-2011-1871,PUBLISHED,microsoft,2011-08-10T21:16:00,2024-08-06T22:46:00.718Z,,,,,,,,,13,2014-06-21T00:00:00.000Z,28nh04,cicy5xr
CVE-2011-2013,PUBLISHED,microsoft,2011-11-08T21:00:00,2024-10-17T19:27:00.856Z,,,,dos,windows,,,,12,2019-09-20T00:00:00.000Z,d6w0us,f0vx3qn
CVE-2011-2335,PUBLISHED,Chrome,2019-11-12T19:51:12,2024-08-06T23:00:32.857Z,,,,,,,,,29,2019-11-13T00:00:00.000Z,dvraqh,
CVE-2011-2358,PUBLISHED,Chrome,2011-08-03T00:00:00,2024-08-06T23:00:33.732Z,,,,,,,,,4,2012-10-10T00:00:00.000Z,118ue9,c6kepey
CVE-2011-2462,PUBLISHED,adobe,2011-12-07T19:00:00.000Z,2025-02-04T21:47:46.448Z,,,CWE-787,local,windows,Acrobat and Reader,Unknown,Adobe,1,2012-02-10T00:00:00.000Z,pjl1h,c3pvqc2
CVE-2011-2462,PUBLISHED,adobe,2011-12-07T19:00:00.000Z,2025-02-04T21:47:46.448Z,,,CWE-787,local,windows,Acrobat and Reader,Unknown,Adobe,5,2012-02-10T00:00:00.000Z,pjl1h,c3pxn91
CVE-2011-2479,PUBLISHED,redhat,2013-03-01T11:00:00Z,2024-08-06T23:00:34.049Z,,,,,,,,,5,2011-12-03T00:00:00.000Z,mxm99,c34u1t4
CVE-2011-2483,PUBLISHED,redhat,2011-08-25T14:00:00,2024-08-06T23:00:34.040Z,,,,,,,,,16,2013-02-15T00:00:00.000Z,18j956,c8fkbvd
CVE-2011-2517,PUBLISHED,redhat,2012-05-24T23:00:00,2024-08-06T23:00:34.252Z,,,,,,,,,3,2011-08-05T00:00:00.000Z,j9p7v,c2ag6we
CVE-2011-2642,PUBLISHED,mitre,2011-08-01T19:00:00,2024-08-06T23:08:23.729Z,,,,,,,,,3,2019-07-15T00:00:00.000Z,cdbvpc,ettdtg3
CVE-2011-2716,PUBLISHED,redhat,2012-07-03T16:00:00,2024-08-06T23:08:23.908Z,,,,,,,,,1,2019-02-20T00:00:00.000Z,asm8qv,egv8h5c
CVE-2011-2716,PUBLISHED,redhat,2012-07-03T16:00:00,2024-08-06T23:08:23.908Z,,,,,,,,,2,2024-03-29T00:00:00.000Z,1bqf349,kx2qefd
CVE-2011-2767,PUBLISHED,debian,2018-08-26T16:00:00,2024-08-06T23:15:30.814Z,,,,,,,,,3,2018-11-28T00:00:00.000Z,9zjz3d,eamyb1c
CVE-2011-2981,PUBLISHED,mitre,2011-08-18T18:00:00,2024-08-06T23:22:25.997Z,,,,,,,,,5,2012-02-24T00:00:00.000Z,q3gpu,c3ufg01
CVE-2011-3026,PUBLISHED,mitre,2012-02-16T20:00:00,2024-08-06T23:22:26.978Z,,,,,,,,,1,2012-03-14T00:00:00.000Z,qv5ju,c40w0zj
CVE-2011-3046,PUBLISHED,mitre,2012-03-09T00:00:00,2024-08-06T23:22:27.261Z,,,,,,,,,19,2012-03-09T00:00:00.000Z,qom4v,
CVE-2011-3189,PUBLISHED,redhat,2011-08-25T14:00:00,2024-08-06T23:22:27.687Z,,,,,,,,,3,2014-06-20T00:00:00.000Z,28jbe1,cicclit
CVE-2011-3192,PUBLISHED,redhat,2011-08-29T15:00:00,2024-08-06T23:29:55.461Z,,,,dos,linux,,,,3,2011-10-04T00:00:00.000Z,l0n58,c2owc0h
CVE-2011-3192,PUBLISHED,redhat,2011-08-29T15:00:00,2024-08-06T23:29:55.461Z,,,,dos,linux,,,,1,2014-04-30T00:00:00.000Z,24bpdy,
CVE-2011-3192,PUBLISHED,redhat,2011-08-29T15:00:00,2024-08-06T23:29:55.461Z,,,,dos,linux,,,,4,2017-09-01T00:00:00.000Z,6xgxnc,
CVE-2011-3364,PUBLISHED,redhat,2011-11-04T21:00:00,2024-08-06T23:29:56.688Z,,,,,,,,,1,2011-10-10T00:00:00.000Z,l5w5g,c2qcwge
CVE-2011-3368,PUBLISHED,redhat,2011-10-05T22:00:00,2024-08-06T23:29:56.890Z,,,,remote,multiple,,,,1,2011-10-14T00:00:00.000Z,lbrx1,
CVE-2011-3389,PUBLISHED,mitre,2011-09-06T19:00:00,2024-08-06T23:29:56.878Z,,,,,,,,,4,2016-07-24T00:00:00.000Z,4uetvd,
CVE-2011-3389,PUBLISHED,mitre,2011-09-06T19:00:00,2024-08-06T23:29:56.878Z,,,,,,,,,1,2012-09-13T00:00:00.000Z,ztuea,
CVE-2011-3402,PUBLISHED,microsoft,2011-11-04T21:00:00,2024-08-06T23:29:56.897Z,,,,,,,,,9,2017-07-03T00:00:00.000Z,6l16rq,djqcgg8
CVE-2011-3402,PUBLISHED,microsoft,2011-11-04T21:00:00,2024-08-06T23:29:56.897Z,,,,,,,,,1,2018-02-10T00:00:00.000Z,7wlwye,du1p5bi
CVE-2011-3402,PUBLISHED,microsoft,2011-11-04T21:00:00,2024-08-06T23:29:56.897Z,,,,,,,,,0,2017-08-01T00:00:00.000Z,6qup46,
CVE-2011-3414,PUBLISHED,microsoft,2011-12-30T01:00:00,2024-08-06T23:29:56.897Z,,,,,,,,,11,2011-12-29T00:00:00.000Z,nuwdb,c3c4diq
CVE-2011-3426,PUBLISHED,apple,2011-10-14T10:00:00,2024-08-06T23:37:47.801Z,,,,,,,,,1,2013-04-27T00:00:00.000Z,1d5qae,c9nrq7o
CVE-2011-3464,PUBLISHED,apple,2012-07-22T17:00:00,2024-08-06T23:37:47.809Z,,,,,,,,,6,2013-12-13T00:00:00.000Z,1sqzvw,ce0fm67
CVE-2011-3544,PUBLISHED,oracle,2011-10-19T21:00:00.000Z,2025-02-10T19:24:39.283Z,9.0,,,remote,multiple,Java SE JDK and JRE,Unknown,Oracle,1,2012-03-27T00:00:00.000Z,ree39,c45hua2
CVE-2011-3544,PUBLISHED,oracle,2011-10-19T21:00:00.000Z,2025-02-10T19:24:39.283Z,9.0,,,remote,multiple,Java SE JDK and JRE,Unknown,Oracle,3,2012-08-04T00:00:00.000Z,xm1tj,c5nw0rp
CVE-2011-4062,PUBLISHED,freebsd,2011-10-18T01:00:00,2024-08-06T23:53:32.663Z,,,,dos,freebsd,,,,2,2012-01-30T00:00:00.000Z,p2vx4,c3m4q6w
CVE-2011-4106,PUBLISHED,redhat,2013-10-26T16:00:00Z,2024-09-16T22:09:33.905Z,,,,webapps,php,,,,1,2014-01-09T00:00:00.000Z,1uqtg1,cel07og
CVE-2011-4130,PUBLISHED,redhat,2011-12-06T11:00:00Z,2024-08-07T00:01:50.467Z,,,,,,,,,7,2012-01-18T00:00:00.000Z,olqe9,
CVE-2011-4161,PUBLISHED,hp,2011-12-01T21:00:00,2024-08-07T00:01:50.473Z,,,,,,,,,2,2013-02-11T00:00:00.000Z,18a0ix,c8d2khh
CVE-2011-4321,PUBLISHED,redhat,2011-11-23T18:00:00Z,2024-09-16T18:44:47.188Z,,,,,,,,,1,2014-02-27T00:00:00.000Z,1z1kxq,cfpscvh
CVE-2011-4368,PUBLISHED,adobe,2011-12-14T11:00:00,2024-08-07T00:09:18.322Z,,,,,,,,,1,2013-04-19T00:00:00.000Z,1coh3u,
CVE-2011-4694,PUBLISHED,mitre,2011-12-07T20:00:00,2024-08-07T00:16:34.212Z,,,,,,,,,5,2011-12-09T00:00:00.000Z,n6jwo,
CVE-2011-4885,PUBLISHED,mitre,2011-12-30T01:00:00,2024-08-07T00:16:35.185Z,,,,dos,php,,,,1,2012-02-03T00:00:00.000Z,p7jp7,c3negkt
CVE-2011-5046,PUBLISHED,mitre,2011-12-30T19:00:00,2024-08-07T00:23:39.690Z,,,,dos,windows_x86-64,,,,0,2019-02-05T00:00:00.000Z,ancwet,eftddm0
CVE-2011-5280,PUBLISHED,mitre,2014-06-02T15:00:00Z,2024-09-17T04:14:28.124Z,,,,,,,,,3,2014-06-07T00:00:00.000Z,27iiy4,ci16hso
CVE-2012-0002,PUBLISHED,microsoft,2012-03-13T21:00:00,2024-08-06T18:09:17.073Z,10.0,,,dos,windows,,,Microsoft,5,2014-03-11T00:00:00.000Z,204xf8,cfzxwt6
CVE-2012-0002,PUBLISHED,microsoft,2012-03-13T21:00:00,2024-08-06T18:09:17.073Z,10.0,,,dos,windows,,,Microsoft,1,2014-12-14T00:00:00.000Z,2p6wyk,cmuisaq
CVE-2012-0031,PUBLISHED,redhat,2012-01-18T20:00:00,2024-08-06T18:09:17.303Z,,,,dos,linux,,,,3,2014-06-25T00:00:00.000Z,28zh4k,cigbz5y
CVE-2012-0053,PUBLISHED,redhat,2012-01-28T02:00:00,2024-08-06T18:09:17.304Z,,,,remote,multiple,,,,5,2014-07-01T00:00:00.000Z,29km4i,cim0cxv
CVE-2012-0056,PUBLISHED,redhat,2012-01-27T15:00:00,2024-08-06T18:09:17.348Z,,,,local,linux,,,,5,2012-01-23T00:00:00.000Z,os8wl,c3jt70m
CVE-2012-0056,PUBLISHED,redhat,2012-01-27T15:00:00,2024-08-06T18:09:17.348Z,,,,local,linux,,,,3,2012-01-27T00:00:00.000Z,oytch,c3l6nb6
CVE-2012-0056,PUBLISHED,redhat,2012-01-27T15:00:00,2024-08-06T18:09:17.348Z,,,,local,linux,,,,1,2012-01-31T00:00:00.000Z,p2vx4,c3mjkjh
CVE-2012-0132,PUBLISHED,hp,2012-04-04T22:00:00,2024-08-06T18:16:18.710Z,,,,,,,,,1,2014-06-24T00:00:00.000Z,28z142,ciftrdo
CVE-2012-0158,PUBLISHED,microsoft,2012-04-10T21:00:00.000Z,2025-02-10T19:33:59.761Z,,,CWE-94,remote,windows,MSCOMCTL.OCX,Unknown,Microsoft,1,2015-04-02T00:00:00.000Z,318aa7,cpzdu2q
CVE-2012-0158,PUBLISHED,microsoft,2012-04-10T21:00:00.000Z,2025-02-10T19:33:59.761Z,,,CWE-94,remote,windows,MSCOMCTL.OCX,Unknown,Microsoft,1,2013-01-15T00:00:00.000Z,16mc90,c7xchgo
CVE-2012-0158,PUBLISHED,microsoft,2012-04-10T21:00:00.000Z,2025-02-10T19:33:59.761Z,,,CWE-94,remote,windows,MSCOMCTL.OCX,Unknown,Microsoft,24,2016-08-31T00:00:00.000Z,50haoe,
CVE-2012-0158,PUBLISHED,microsoft,2012-04-10T21:00:00.000Z,2025-02-10T19:33:59.761Z,,,CWE-94,remote,windows,MSCOMCTL.OCX,Unknown,Microsoft,1,2015-04-21T00:00:00.000Z,33d0gl,
CVE-2012-0217,PUBLISHED,debian,2012-06-12T22:00:00,2024-08-06T18:16:19.831Z,,,,local,freebsd,,,,22,2013-08-19T00:00:00.000Z,1ko1gz,cbqyisy
CVE-2012-0223,PUBLISHED,certcc,2012-02-22T11:00:00Z,2024-09-17T00:40:36.592Z,,,,,,,,,34,2014-04-09T00:00:00.000Z,22man5,cgoef9m
CVE-2012-0223,PUBLISHED,certcc,2012-02-22T11:00:00Z,2024-09-17T00:40:36.592Z,,,,,,,,,10,2014-04-09T00:00:00.000Z,22man5,cgofmyq
CVE-2012-0394,PUBLISHED,mitre,2012-01-08T15:00:00,2024-08-06T18:23:30.986Z,,,,remote,java,,,,1,2015-12-09T00:00:00.000Z,3w3z66,cxt82xb
CVE-2012-0498,PUBLISHED,oracle,2012-02-15T22:00:00,2024-08-06T18:23:31.054Z,7.5,,,,,,,Oracle,2,2013-04-14T00:00:00.000Z,1casj0,c9er7bx
CVE-2012-0507,PUBLISHED,oracle,2012-06-07T22:00:00.000Z,2025-02-10T19:55:28.567Z,,,,remote,multiple,Java SE,Known,Oracle,1,2013-01-19T00:00:00.000Z,16bjte,c7ztgud
CVE-2012-0507,PUBLISHED,oracle,2012-06-07T22:00:00.000Z,2025-02-10T19:55:28.567Z,,,,remote,multiple,Java SE,Known,Oracle,1,2012-03-29T00:00:00.000Z,ree39,c46e48i
CVE-2012-0507,PUBLISHED,oracle,2012-06-07T22:00:00.000Z,2025-02-10T19:55:28.567Z,,,,remote,multiple,Java SE,Known,Oracle,1,2012-04-25T00:00:00.000Z,sqfea,c4gigax
CVE-2012-0507,PUBLISHED,oracle,2012-06-07T22:00:00.000Z,2025-02-10T19:55:28.567Z,,,,remote,multiple,Java SE,Known,Oracle,2,2012-05-26T00:00:00.000Z,u4ktw,c4sj9a6
CVE-2012-0507,PUBLISHED,oracle,2012-06-07T22:00:00.000Z,2025-02-10T19:55:28.567Z,,,,remote,multiple,Java SE,Known,Oracle,1,2012-05-28T00:00:00.000Z,u4ktw,c4t8alr
CVE-2012-0507,PUBLISHED,oracle,2012-06-07T22:00:00.000Z,2025-02-10T19:55:28.567Z,,,,remote,multiple,Java SE,Known,Oracle,2,2013-01-07T00:00:00.000Z,162zm2,c7sdtq9
CVE-2012-0518,PUBLISHED,oracle,2012-10-16T23:00:00.000Z,2025-02-10T19:02:27.142Z,,,CWE-601,,,Fusion Middleware,Unknown,Oracle,7,2015-03-05T00:00:00.000Z,2y11sy,cp5g2jx
CVE-2012-0547,PUBLISHED,oracle,2012-08-30T23:00:00,2024-08-06T18:30:53.609Z,,,,remote,java,,,,1,2019-08-21T00:00:00.000Z,ckjlhs,exlhu90
CVE-2012-0644,PUBLISHED,apple,2012-03-08T22:00:00,2024-08-06T18:30:53.779Z,,,,,,,,,5,2020-07-12T00:00:00.000Z,hpx873,fxv06a7
CVE-2012-0779,PUBLISHED,adobe,2012-05-04T19:00:00,2024-08-06T18:38:14.257Z,,,,remote,windows,,,,-2,2012-05-04T00:00:00.000Z,t794f,c4k6f44
CVE-2012-1000,PUBLISHED,mitre,2012-02-20T19:00:00Z,2024-09-17T00:02:22.413Z,,,,,,,,,4,2013-07-25T00:00:00.000Z,1j0mad,cba61nq
CVE-2012-1182,PUBLISHED,redhat,2012-04-10T21:00:00,2024-08-06T18:53:36.132Z,10.0,,,remote,linux,,,Samba,2,2012-07-15T00:00:00.000Z,whd5d,c5ea1xa
CVE-2012-1182,PUBLISHED,redhat,2012-04-10T21:00:00,2024-08-06T18:53:36.132Z,10.0,,,remote,linux,,,Samba,3,2012-04-11T00:00:00.000Z,s3gcb,c4atlbt
CVE-2012-1182,PUBLISHED,redhat,2012-04-10T21:00:00,2024-08-06T18:53:36.132Z,10.0,,,remote,linux,,,Samba,2,2012-09-24T00:00:00.000Z,10dv2h,c6cpbzw
CVE-2012-1182,PUBLISHED,redhat,2012-04-10T21:00:00,2024-08-06T18:53:36.132Z,10.0,,,remote,linux,,,Samba,2,2012-04-11T00:00:00.000Z,s3j0b,c4b6jio
CVE-2012-1493,PUBLISHED,mitre,2012-07-09T22:00:00Z,2024-09-17T01:20:39.832Z,,,,dos,hardware,,,,3,2012-11-18T00:00:00.000Z,13d3hx,c73ausf
CVE-2012-1495,PUBLISHED,mitre,2020-01-27T14:39:11,2024-08-06T19:01:01.611Z,,,,webapps,linux,,,,4,2014-03-19T00:00:00.000Z,20tv1h,
CVE-2012-1682,PUBLISHED,oracle,2012-08-30T23:00:00,2024-08-06T19:08:36.966Z,9.0,,,,,,,Oracle,3,2012-12-22T00:00:00.000Z,1598lz,c7kftzx
CVE-2012-1723,PUBLISHED,oracle,2012-06-16T21:00:00.000Z,2025-02-10T19:23:40.949Z,,,,remote,java,Java SE,Known,Oracle,1,2020-11-03T00:00:00.000Z,jn8898,
CVE-2012-1723,PUBLISHED,oracle,2012-06-16T21:00:00.000Z,2025-02-10T19:23:40.949Z,,,,remote,java,Java SE,Known,Oracle,8,2012-07-06T00:00:00.000Z,w4rov,
CVE-2012-1823,PUBLISHED,certcc,2012-05-11T10:00:00.000Z,2025-02-07T13:17:23.648Z,,,CWE-20,remote,php,PHP,Unknown,PHP,2,2013-11-29T00:00:00.000Z,1rpa42,cdpi1r1
CVE-2012-1823,PUBLISHED,certcc,2012-05-11T10:00:00.000Z,2025-02-07T13:17:23.648Z,,,CWE-20,remote,php,PHP,Unknown,PHP,2,2013-12-19T00:00:00.000Z,1t2yqo,ce5afhj
CVE-2012-1823,PUBLISHED,certcc,2012-05-11T10:00:00.000Z,2025-02-07T13:17:23.648Z,,,CWE-20,remote,php,PHP,Unknown,PHP,8,2012-06-23T00:00:00.000Z,vhm13,c54nqh1
CVE-2012-1823,PUBLISHED,certcc,2012-05-11T10:00:00.000Z,2025-02-07T13:17:23.648Z,,,CWE-20,remote,php,PHP,Unknown,PHP,9,2013-10-29T00:00:00.000Z,1phjr7,cd2cw35
CVE-2012-1823,PUBLISHED,certcc,2012-05-11T10:00:00.000Z,2025-02-07T13:17:23.648Z,,,CWE-20,remote,php,PHP,Unknown,PHP,7,2013-10-29T00:00:00.000Z,1phjr7,cd2e6ot
CVE-2012-1823,PUBLISHED,certcc,2012-05-11T10:00:00.000Z,2025-02-07T13:17:23.648Z,,,CWE-20,remote,php,PHP,Unknown,PHP,5,2013-10-30T00:00:00.000Z,1phjr7,cd2rbnv
CVE-2012-1823,PUBLISHED,certcc,2012-05-11T10:00:00.000Z,2025-02-07T13:17:23.648Z,,,CWE-20,remote,php,PHP,Unknown,PHP,3,2013-10-30T00:00:00.000Z,1phjr7,cd2rm8v
CVE-2012-1823,PUBLISHED,certcc,2012-05-11T10:00:00.000Z,2025-02-07T13:17:23.648Z,,,CWE-20,remote,php,PHP,Unknown,PHP,2,2016-03-31T00:00:00.000Z,4crr4d,d1kv2uy
CVE-2012-1823,PUBLISHED,certcc,2012-05-11T10:00:00.000Z,2025-02-07T13:17:23.648Z,,,CWE-20,remote,php,PHP,Unknown,PHP,2,2013-12-17T00:00:00.000Z,1t2yqo,
CVE-2012-1836,PUBLISHED,mitre,2012-03-22T01:00:00,2024-08-06T19:08:38.629Z,,,,,,,,,1,2015-04-15T00:00:00.000Z,32p6x1,cqdle4j
CVE-2012-1875,PUBLISHED,microsoft,2012-06-12T22:00:00,2024-08-06T19:08:38.703Z,,,,remote,windows,,,,1,2012-06-13T00:00:00.000Z,v03cn,c509odn
CVE-2012-1876,PUBLISHED,microsoft,2012-06-12T22:00:00,2024-08-06T19:08:38.550Z,9.0,,,remote,windows,,,Microsoft,2,2012-07-11T00:00:00.000Z,wcp3z,c5c9nwu
CVE-2012-1889,PUBLISHED,microsoft,2012-06-13T01:00:00.000Z,2025-02-04T18:24:24.555Z,,,CWE-119,remote,windows,XML Core Services,Unknown,Microsoft,1,2024-05-08T00:00:00.000Z,1cmr2fd,l32d0bm
CVE-2012-1889,PUBLISHED,microsoft,2012-06-13T01:00:00.000Z,2025-02-04T18:24:24.555Z,,,CWE-119,remote,windows,XML Core Services,Unknown,Microsoft,3,2012-08-04T00:00:00.000Z,xiyzb,c5o10sg
CVE-2012-2027,PUBLISHED,adobe,2012-05-09T01:00:00,2024-08-06T19:17:27.764Z,,,,dos,windows,,,,4,2012-10-31T00:00:00.000Z,12dt5c,c6uab0h
CVE-2012-2087,PUBLISHED,redhat,2020-01-23T13:57:47,2024-08-06T19:17:27.791Z,,,,,,,,,1,2012-04-08T00:00:00.000Z,rso3x,c49xkj8
CVE-2012-2088,PUBLISHED,redhat,2012-07-22T17:00:00,2024-08-06T19:26:07.252Z,,,,,,,,,5,2013-01-10T00:00:00.000Z,16b4n1,c7uqmjl
CVE-2012-2088,PUBLISHED,redhat,2012-07-22T17:00:00,2024-08-06T19:26:07.252Z,,,,,,,,,2,2013-02-17T00:00:00.000Z,18oirt,c8gmn89
CVE-2012-2122,PUBLISHED,redhat,2012-06-26T18:00:00,2024-08-06T19:26:07.691Z,,,,remote,multiple,,,,2,2013-01-18T00:00:00.000Z,16syfp,
CVE-2012-2376,PUBLISHED,redhat,2012-05-21T15:00:00,2024-08-06T19:34:23.891Z,,,,local,windows_x86,,,,5,2012-05-20T00:00:00.000Z,tuyp3,c4q3x52
CVE-2012-2495,PUBLISHED,cisco,2012-06-20T20:00:00Z,2024-09-16T18:28:53.930Z,,,,,,,,,1,2012-07-11T00:00:00.000Z,w9liv,c5c93ye
CVE-2012-2619,PUBLISHED,mitre,2012-11-14T11:00:00,2024-08-06T19:42:30.684Z,,,,dos,hardware,,,,6,2012-10-25T00:00:00.000Z,122d85,c6rni2a
CVE-2012-3409,PUBLISHED,redhat,2019-12-20T13:33:05,2024-08-06T20:05:12.386Z,,,,,,,,,7,2018-03-18T00:00:00.000Z,85bvox,dvwhsp9
CVE-2012-4220,PUBLISHED,mitre,2012-11-30T11:00:00,2024-08-06T20:28:07.681Z,,,,,,,,,3,2017-11-29T00:00:00.000Z,7g4gxj,dqhfn0i
CVE-2012-4220,PUBLISHED,mitre,2012-11-30T11:00:00,2024-08-06T20:28:07.681Z,,,,,,,,,1,2017-11-29T00:00:00.000Z,7g4gxj,dqhk7b4
CVE-2012-4681,PUBLISHED,mitre,2012-08-28T00:00:00.000Z,2025-02-10T20:03:29.529Z,,,,remote,java,Java SE,Known,Oracle,4,2013-04-05T00:00:00.000Z,1bqc0w,c99e2lm
CVE-2012-4681,PUBLISHED,mitre,2012-08-28T00:00:00.000Z,2025-02-10T20:03:29.529Z,,,,remote,java,Java SE,Known,Oracle,2,2014-01-13T00:00:00.000Z,1v34qu,ceogc69
CVE-2012-4681,PUBLISHED,mitre,2012-08-28T00:00:00.000Z,2025-02-10T20:03:29.529Z,,,,remote,java,Java SE,Known,Oracle,2,2013-01-10T00:00:00.000Z,16cca4,c7upmtm
CVE-2012-4681,PUBLISHED,mitre,2012-08-28T00:00:00.000Z,2025-02-10T20:03:29.529Z,,,,remote,java,Java SE,Known,Oracle,7,2015-06-03T00:00:00.000Z,38eoeu,crugy2e
CVE-2012-4681,PUBLISHED,mitre,2012-08-28T00:00:00.000Z,2025-02-10T20:03:29.529Z,,,,remote,java,Java SE,Known,Oracle,23,2012-08-30T00:00:00.000Z,z3g43,
CVE-2012-4929,PUBLISHED,mitre,2012-09-15T18:00:00,2024-08-06T20:50:18.019Z,,,,,,,,,1,2018-11-30T00:00:00.000Z,a1tw47,easpngt
CVE-2012-4953,PUBLISHED,certcc,2012-11-14T11:00:00,2024-08-06T20:50:18.103Z,,,,,,,,,2,2015-07-18T00:00:00.000Z,3dpa2q,ct7lg7z
CVE-2012-5076,PUBLISHED,oracle,2012-10-16T21:29:00.000Z,2025-02-10T19:53:17.337Z,,,,remote,java,Java SE,Unknown,Oracle,2,2012-11-10T00:00:00.000Z,12ydh8,c6z8jv5
CVE-2012-5081,PUBLISHED,oracle,2012-10-16T21:29:00,2024-08-06T20:58:02.417Z,,,,,,,,,1,2017-12-14T00:00:00.000Z,7jtgq7,dr96xsi
CVE-2012-5088,PUBLISHED,oracle,2012-10-16T21:29:00,2024-08-06T20:58:02.869Z,,,,remote,multiple,,,,1,2012-10-16T00:00:00.000Z,11lfa3,c6ni2z5
CVE-2012-5357,PUBLISHED,mitre,2017-10-30T14:00:00,2024-08-06T21:05:47.226Z,,,,remote,windows,,,,1,2014-08-29T00:00:00.000Z,2eshz0,ck3eyt6
CVE-2012-5536,PUBLISHED,redhat,2013-02-22T00:00:00,2024-08-06T21:05:47.356Z,,,,,,,,,2,2013-02-22T00:00:00.000Z,18zoa4,c8jfgl5
CVE-2012-5671,PUBLISHED,mitre,2012-10-31T16:00:00,2024-08-06T21:14:16.438Z,,,,,,,,,1,2012-10-26T00:00:00.000Z,12474o,c6s2vg6
CVE-2012-5671,PUBLISHED,mitre,2012-10-31T16:00:00,2024-08-06T21:14:16.438Z,,,,,,,,,1,2012-10-26T00:00:00.000Z,12474o,c6s6rvv
CVE-2012-6081,PUBLISHED,redhat,2013-01-03T01:00:00,2024-08-06T21:21:28.522Z,,,,remote,linux,,,,7,2013-01-08T00:00:00.000Z,164pa7,c7t6lsg
CVE-2012-6081,PUBLISHED,redhat,2013-01-03T01:00:00,2024-08-06T21:21:28.522Z,,,,remote,linux,,,,115,2014-05-10T00:00:00.000Z,256g7l,
CVE-2012-6081,PUBLISHED,redhat,2013-01-03T01:00:00,2024-08-06T21:21:28.522Z,,,,remote,linux,,,,3,2014-05-10T00:00:00.000Z,25673r,
CVE-2012-6399,PUBLISHED,cisco,2013-05-27T14:00:00Z,2024-09-16T22:25:14.412Z,,,,,,,,,1,2013-05-25T00:00:00.000Z,1ez8fh,ca5iwsp
CVE-2012-6399,PUBLISHED,cisco,2013-05-27T14:00:00Z,2024-09-16T22:25:14.412Z,,,,,,,,,4,2013-05-25T00:00:00.000Z,1ez8fh,ca5ixoc
CVE-2012-6399,PUBLISHED,cisco,2013-05-27T14:00:00Z,2024-09-16T22:25:14.412Z,,,,,,,,,4,2019-06-24T00:00:00.000Z,c4k3p5,erxjrm6
CVE-2012-6422,PUBLISHED,mitre,2012-12-18T00:00:00Z,2024-09-16T19:15:58.524Z,,,,,,,,,3,2014-06-25T00:00:00.000Z,28yy57,cigiquw
CVE-2012-6706,PUBLISHED,mitre,2017-06-22T13:00:00,2024-08-06T21:36:02.351Z,,,,,,,,,19,2018-04-05T00:00:00.000Z,89rci6,dwu95s0
CVE-2012-6708,PUBLISHED,mitre,2018-01-18T23:00:00,2024-08-06T21:36:02.207Z,,,,webapps,hardware,,,,2,2018-02-27T00:00:00.000Z,80gb4c,duvsnmt
CVE-2013-0156,PUBLISHED,redhat,2013-01-13T22:00:00,2024-08-06T14:18:09.436Z,,,,remote,multiple,,,,2,2013-01-10T00:00:00.000Z,167c11,c7u8bwo
CVE-2013-0156,PUBLISHED,redhat,2013-01-13T22:00:00,2024-08-06T14:18:09.436Z,,,,remote,multiple,,,,6,2019-03-02T00:00:00.000Z,awgze5,ehnbcdt
CVE-2013-0229,PUBLISHED,redhat,2013-01-31T21:00:00,2024-08-06T14:18:09.628Z,,,,dos,hardware,,,,3,2013-01-29T00:00:00.000Z,17hnot,c85lafj
CVE-2013-0633,PUBLISHED,adobe,2013-02-08T11:00:00,2024-08-06T14:33:05.656Z,,,,remote,windows,,,,3,2013-02-10T00:00:00.000Z,188q6t,c8cnctr
CVE-2013-1347,PUBLISHED,microsoft,2013-05-05T10:00:00.000Z,2025-02-04T18:24:24.441Z,,,CWE-94,remote,windows,Internet Explorer,Unknown,Microsoft,2,2013-05-08T00:00:00.000Z,1676jf,c9ur79z
CVE-2013-1347,PUBLISHED,microsoft,2013-05-05T10:00:00.000Z,2025-02-04T18:24:24.441Z,,,CWE-94,remote,windows,Internet Explorer,Unknown,Microsoft,2,2013-05-04T00:00:00.000Z,1do892,c9sai59
CVE-2013-1493,PUBLISHED,oracle,2013-03-04T16:00:00,2024-08-06T15:04:48.820Z,10.0,,,remote,windows,,,Oracle,4,2013-03-01T00:00:00.000Z,19gx6s,c8o1g1y
CVE-2013-1690,PUBLISHED,mozilla,2013-06-26T01:00:00.000Z,2025-02-07T12:51:17.394Z,,,CWE-119,remote,windows,Firefox and Thunderbird,Unknown,Mozilla,4,2014-08-13T00:00:00.000Z,2dbws8,cjom9qd
CVE-2013-1690,PUBLISHED,mozilla,2013-06-26T01:00:00.000Z,2025-02-07T12:51:17.394Z,,,CWE-119,remote,windows,Firefox and Thunderbird,Unknown,Mozilla,1,2013-08-06T00:00:00.000Z,1jr43a,cbhs054
CVE-2013-1775,PUBLISHED,redhat,2013-03-04T21:00:00,2024-08-06T15:13:32.822Z,,,,local,osx,,,,3,2013-03-01T00:00:00.000Z,19gu02,c8o4m8b
CVE-2013-1775,PUBLISHED,redhat,2013-03-04T21:00:00,2024-08-06T15:13:32.822Z,,,,local,osx,,,,2,2013-08-29T00:00:00.000Z,1lc109,cby0gcf
CVE-2013-1776,PUBLISHED,redhat,2013-04-08T17:00:00,2024-08-06T15:13:33.004Z,,,,,,,,,14,2013-08-29T00:00:00.000Z,1lc109,cbxu6fk
CVE-2013-1848,PUBLISHED,redhat,2013-03-22T10:00:00,2024-08-06T15:13:33.181Z,,,,,,,,,21,2014-10-11T00:00:00.000Z,2iyyyi,cl6u1yt
CVE-2013-1854,PUBLISHED,redhat,2013-03-19T22:00:00,2024-08-06T15:20:36.703Z,,,,,,,,,10,2013-03-19T00:00:00.000Z,1akzas,
CVE-2013-1862,PUBLISHED,redhat,2013-06-10T17:00:00,2024-08-06T15:20:37.197Z,,,,,,,,,12,2013-06-04T00:00:00.000Z,1fm6r1,cabt29v
CVE-2013-1862,PUBLISHED,redhat,2013-06-10T17:00:00,2024-08-06T15:20:37.197Z,,,,,,,,,1,2014-11-26T00:00:00.000Z,2ndvan,cmdppij
CVE-2013-1892,PUBLISHED,redhat,2013-10-01T20:00:00,2024-08-06T15:20:37.304Z,,,,remote,linux,,,,2,2013-03-25T00:00:00.000Z,1ayyld,c929s4l
CVE-2013-1892,PUBLISHED,redhat,2013-10-01T20:00:00,2024-08-06T15:20:37.304Z,,,,remote,linux,,,,3,2013-06-04T00:00:00.000Z,1fn6th,cac67fj
CVE-2013-1895,PUBLISHED,redhat,2020-01-28T14:30:24,2024-08-06T15:20:37.112Z,,,,,,,,,1,2013-03-30T00:00:00.000Z,1an2aa,c954j9j
CVE-2013-1899,PUBLISHED,redhat,2013-04-04T17:00:00,2024-08-06T15:20:37.363Z,,,,,,,,,1,2013-04-11T00:00:00.000Z,1c2oun,c9d3b6r
CVE-2013-1900,PUBLISHED,redhat,2013-04-04T17:00:00,2024-08-06T15:20:36.613Z,,,,,,,,,10,2013-03-29T00:00:00.000Z,1b82jo,c94to4h
CVE-2013-2070,PUBLISHED,redhat,2013-07-18T01:00:00,2024-08-06T15:27:39.171Z,,,,,,,,,3,2013-05-13T00:00:00.000Z,1e8zws,c9y0lf4
CVE-2013-2094,PUBLISHED,redhat,2013-05-14T20:00:00.000Z,2025-05-01T03:55:10.882Z,,,CWE-189,local,linux,Kernel,Unknown,Linux,9,2013-05-15T00:00:00.000Z,1eb9iw,c9yz0v8
CVE-2013-2094,PUBLISHED,redhat,2013-05-14T20:00:00.000Z,2025-05-01T03:55:10.882Z,,,CWE-189,local,linux,Kernel,Unknown,Linux,6,2014-06-09T00:00:00.000Z,27p6co,
CVE-2013-2097,PUBLISHED,redhat,2020-02-12T15:09:01,2024-08-06T15:27:40.653Z,,,,remote,php,,,,14,2013-05-16T00:00:00.000Z,1ee0eg,c9zmr14
CVE-2013-2207,PUBLISHED,redhat,2013-10-09T22:00:00,2024-08-06T15:27:41.090Z,,,,,,,,,2,2016-06-17T00:00:00.000Z,421m7g,d4d8yqh
CVE-2013-2266,PUBLISHED,mitre,2013-03-28T16:00:00,2024-08-06T15:27:41.144Z,,,,,,,,,5,2013-03-30T00:00:00.000Z,1bamsd,c95ef1b
CVE-2013-2471,PUBLISHED,oracle,2013-06-18T22:00:00,2024-08-06T15:36:46.547Z,10.0,,,,,,,Oracle,7,2013-09-04T00:00:00.000Z,1lnqdc,cc17ul7
CVE-2013-2566,PUBLISHED,mitre,2013-03-14T22:00:00,2024-08-06T15:44:32.649Z,,,,,,,,,1,2016-03-03T00:00:00.000Z,48samb,d0m22pu
CVE-2013-2566,PUBLISHED,mitre,2013-03-14T22:00:00,2024-08-06T15:44:32.649Z,,,,,,,,,3,2017-09-27T00:00:00.000Z,72v9h4,
CVE-2013-2729,PUBLISHED,adobe,2013-05-16T10:00:00.000Z,2025-02-04T21:53:38.912Z,,,CWE-189,local,windows,Reader and Acrobat,Unknown,Adobe,2,2014-10-15T00:00:00.000Z,2jcu99,
CVE-2013-2830,PUBLISHED,mitre,2018-02-08T23:00:00,2024-08-06T15:52:20.497Z,,,,,,,,,9,2022-12-16T00:00:00.000Z,zn7sib,j0i0azx
CVE-2013-2848,PUBLISHED,Chrome,2013-05-22T10:00:00,2024-08-06T15:52:20.518Z,,,,,,,,,7,2013-06-02T00:00:00.000Z,1fhn2w,caaghnh
CVE-2013-3582,PUBLISHED,certcc,2013-08-28T10:00:00Z,2024-09-17T03:43:31.413Z,,,,,,,,,1,2013-09-02T00:00:00.000Z,1ljnnc,cbzw9ed
CVE-2013-3587,PUBLISHED,certcc,2020-02-21T17:11:47,2024-08-06T16:14:56.365Z,,,,,,,,,-6,2024-06-13T00:00:00.000Z,1dewfg9,l8i5k3r
CVE-2013-3587,PUBLISHED,certcc,2020-02-21T17:11:47,2024-08-06T16:14:56.365Z,,,,,,,,,10,2017-05-23T00:00:00.000Z,6cuhl8,
CVE-2013-3623,PUBLISHED,certcc,2013-12-10T16:00:00,2024-08-06T16:14:56.561Z,,,,remote,hardware,,,,2,2018-10-08T00:00:00.000Z,9mfbu0,e7ef8cj
CVE-2013-3660,PUBLISHED,mitre,2013-05-24T20:00:00.000Z,2025-02-07T14:17:39.177Z,,,CWE-119,dos,windows,Win32k,Unknown,Microsoft,0,2013-06-25T00:00:00.000Z,1h185n,
CVE-2013-3897,PUBLISHED,microsoft,2013-10-09T14:44:00.000Z,2025-02-10T19:21:59.568Z,,,CWE-399,remote,windows,Internet Explorer,Unknown,Microsoft,1,2013-10-09T00:00:00.000Z,1o1xdj,cco2wz1
CVE-2013-3900,PUBLISHED,microsoft,2013-12-11T00:00:00.000Z,2025-02-10T19:32:39.627Z,5.5,3.1,CWE-20,,,WinVerifyTrust function,Unknown,Microsoft,1,2024-08-04T00:00:00.000Z,1ehdj1c,lgf12sx
CVE-2013-3900,PUBLISHED,microsoft,2013-12-11T00:00:00.000Z,2025-02-10T19:32:39.627Z,5.5,3.1,CWE-20,,,WinVerifyTrust function,Unknown,Microsoft,2,2023-03-31T00:00:00.000Z,125sxuo,jecqfn8
CVE-2013-3900,PUBLISHED,microsoft,2013-12-11T00:00:00.000Z,2025-02-10T19:32:39.627Z,5.5,3.1,CWE-20,,,WinVerifyTrust function,Unknown,Microsoft,1,2023-04-02T00:00:00.000Z,125sxuo,jemm506
CVE-2013-3900,PUBLISHED,microsoft,2013-12-11T00:00:00.000Z,2025-02-10T19:32:39.627Z,5.5,3.1,CWE-20,,,WinVerifyTrust function,Unknown,Microsoft,2,2022-02-15T00:00:00.000Z,sq1kq5,hx1shvv
CVE-2013-3900,PUBLISHED,microsoft,2013-12-11T00:00:00.000Z,2025-02-10T19:32:39.627Z,5.5,3.1,CWE-20,,,WinVerifyTrust function,Unknown,Microsoft,1,2022-05-23T00:00:00.000Z,uvwq5s,i9qgq54
CVE-2013-3900,PUBLISHED,microsoft,2013-12-11T00:00:00.000Z,2025-02-10T19:32:39.627Z,5.5,3.1,CWE-20,,,WinVerifyTrust function,Unknown,Microsoft,1,2022-09-26T00:00:00.000Z,sq1kq5,ipywi8b
CVE-2013-3900,PUBLISHED,microsoft,2013-12-11T00:00:00.000Z,2025-02-10T19:32:39.627Z,5.5,3.1,CWE-20,,,WinVerifyTrust function,Unknown,Microsoft,2,2022-11-01T00:00:00.000Z,sq1kq5,iumnp1c
CVE-2013-3900,PUBLISHED,microsoft,2013-12-11T00:00:00.000Z,2025-02-10T19:32:39.627Z,5.5,3.1,CWE-20,,,WinVerifyTrust function,Unknown,Microsoft,1,2022-12-16T00:00:00.000Z,znijot,j0h3pnv
CVE-2013-3900,PUBLISHED,microsoft,2013-12-11T00:00:00.000Z,2025-02-10T19:32:39.627Z,5.5,3.1,CWE-20,,,WinVerifyTrust function,Unknown,Microsoft,1,2022-12-16T00:00:00.000Z,znijot,j0hg103
CVE-2013-3900,PUBLISHED,microsoft,2013-12-11T00:00:00.000Z,2025-02-10T19:32:39.627Z,5.5,3.1,CWE-20,,,WinVerifyTrust function,Unknown,Microsoft,1,2023-09-28T00:00:00.000Z,16uht8w,k2mpk73
CVE-2013-3900,PUBLISHED,microsoft,2013-12-11T00:00:00.000Z,2025-02-10T19:32:39.627Z,5.5,3.1,CWE-20,,,WinVerifyTrust function,Unknown,Microsoft,2,2024-05-21T00:00:00.000Z,1cwjc3j,l5167bt
CVE-2013-3900,PUBLISHED,microsoft,2013-12-11T00:00:00.000Z,2025-02-10T19:32:39.627Z,5.5,3.1,CWE-20,,,WinVerifyTrust function,Unknown,Microsoft,3,2024-07-23T00:00:00.000Z,1ea8pym,lek1eyk
CVE-2013-3900,PUBLISHED,microsoft,2013-12-11T00:00:00.000Z,2025-02-10T19:32:39.627Z,5.5,3.1,CWE-20,,,WinVerifyTrust function,Unknown,Microsoft,1,2024-07-31T00:00:00.000Z,1egl37i,lft2rkd
CVE-2013-3900,PUBLISHED,microsoft,2013-12-11T00:00:00.000Z,2025-02-10T19:32:39.627Z,5.5,3.1,CWE-20,,,WinVerifyTrust function,Unknown,Microsoft,1,2024-09-10T00:00:00.000Z,1cwjc3j,lmgvjd6
CVE-2013-3900,PUBLISHED,microsoft,2013-12-11T00:00:00.000Z,2025-02-10T19:32:39.627Z,5.5,3.1,CWE-20,,,WinVerifyTrust function,Unknown,Microsoft,4,2024-08-01T00:00:00.000Z,1ehdj1c,
CVE-2013-3900,PUBLISHED,microsoft,2013-12-11T00:00:00.000Z,2025-02-10T19:32:39.627Z,5.5,3.1,CWE-20,,,WinVerifyTrust function,Unknown,Microsoft,3,2022-12-11T00:00:00.000Z,zilcnh,
CVE-2013-3900,PUBLISHED,microsoft,2013-12-11T00:00:00.000Z,2025-02-10T19:32:39.627Z,5.5,3.1,CWE-20,,,WinVerifyTrust function,Unknown,Microsoft,1,2022-02-16T00:00:00.000Z,su0bi0,
CVE-2013-3900,PUBLISHED,microsoft,2013-12-11T00:00:00.000Z,2025-02-10T19:32:39.627Z,5.5,3.1,CWE-20,,,WinVerifyTrust function,Unknown,Microsoft,2,2022-02-11T00:00:00.000Z,sq1kq5,
CVE-2013-3900,PUBLISHED,microsoft,2013-12-11T00:00:00.000Z,2025-02-10T19:32:39.627Z,5.5,3.1,CWE-20,,,WinVerifyTrust function,Unknown,Microsoft,2,2022-02-18T00:00:00.000Z,svpkx6,
CVE-2013-3900,PUBLISHED,microsoft,2013-12-11T00:00:00.000Z,2025-02-10T19:32:39.627Z,5.5,3.1,CWE-20,,,WinVerifyTrust function,Unknown,Microsoft,2,2022-11-16T00:00:00.000Z,yx2bgx,
CVE-2013-3900,PUBLISHED,microsoft,2013-12-11T00:00:00.000Z,2025-02-10T19:32:39.627Z,5.5,3.1,CWE-20,,,WinVerifyTrust function,Unknown,Microsoft,0,2023-06-01T00:00:00.000Z,13xr23a,
CVE-2013-3900,PUBLISHED,microsoft,2013-12-11T00:00:00.000Z,2025-02-10T19:32:39.627Z,5.5,3.1,CWE-20,,,WinVerifyTrust function,Unknown,Microsoft,8,2024-05-20T00:00:00.000Z,1cwjc3j,
CVE-2013-3900,PUBLISHED,microsoft,2013-12-11T00:00:00.000Z,2025-02-10T19:32:39.627Z,5.5,3.1,CWE-20,,,WinVerifyTrust function,Unknown,Microsoft,1,2024-05-21T00:00:00.000Z,1cxakuu,
CVE-2013-3900,PUBLISHED,microsoft,2013-12-11T00:00:00.000Z,2025-02-10T19:32:39.627Z,5.5,3.1,CWE-20,,,WinVerifyTrust function,Unknown,Microsoft,2,2024-07-31T00:00:00.000Z,1egl37i,
CVE-2013-3925,PUBLISHED,mitre,2013-07-01T21:00:00Z,2024-09-16T19:37:09.961Z,,,,,,,,,3,2013-07-02T00:00:00.000Z,1he9nh,caub1tz
CVE-2013-4332,PUBLISHED,redhat,2013-10-09T22:00:00,2024-08-06T16:38:01.986Z,,,,,,,,,0,2013-10-14T00:00:00.000Z,1ofth5,
CVE-2013-4434,PUBLISHED,redhat,2013-10-25T23:00:00,2024-08-06T16:45:14.079Z,,,,,,,,,1,2018-08-17T00:00:00.000Z,97w102,e4dbbvj
CVE-2013-4434,PUBLISHED,redhat,2013-10-25T23:00:00,2024-08-06T16:45:14.079Z,,,,,,,,,1,2017-11-07T00:00:00.000Z,7bc05f,
CVE-2013-4567,PUBLISHED,redhat,2013-12-13T18:00:00,2024-08-06T16:45:14.879Z,,,,,,,,,2,2022-06-17T00:00:00.000Z,vdnyx2,icogsg9
CVE-2013-4650,PUBLISHED,mitre,2013-07-04T10:00:00Z,2024-09-16T23:11:11.616Z,,,,,,,,,2,2024-01-26T00:00:00.000Z,1abisvv,kjnx4p9
CVE-2013-4784,PUBLISHED,mitre,2013-07-08T22:00:00,2024-08-06T16:52:27.048Z,,,,,,,,,2,2015-11-18T00:00:00.000Z,3tacml,cx4pb8s
CVE-2013-4786,PUBLISHED,mitre,2013-07-08T22:00:00,2024-08-06T16:52:27.225Z,,,,remote,multiple,,,,1,2018-01-09T00:00:00.000Z,7p6bym,dsf5tf5
CVE-2013-4786,PUBLISHED,mitre,2013-07-08T22:00:00,2024-08-06T16:52:27.225Z,,,,remote,multiple,,,,1,2018-04-27T00:00:00.000Z,8faj8v,dy23k2t
CVE-2013-4810,PUBLISHED,hp,2013-09-13T18:00:00.000Z,2025-02-07T13:46:31.143Z,10.0,,CWE-94,remote,php,"ProCurve Manager (PCM), PCM+, Identity Driven Manager (IDM), and Application Lifecycle Management",Unknown,Hewlett-Packard,4,2015-11-07T00:00:00.000Z,3rrr9z,cwrw30c
CVE-2013-4852,PUBLISHED,mitre,2013-08-19T23:00:00,2024-08-06T16:59:40.996Z,,,,,,,,,1,2013-08-07T00:00:00.000Z,1jvn55,cbiqga4
CVE-2013-5211,PUBLISHED,mitre,2014-01-02T11:00:00,2024-08-06T17:06:52.374Z,,,,dos,linux,,,,21,2019-02-18T00:00:00.000Z,arx7xo,egqc160
CVE-2013-5211,PUBLISHED,mitre,2014-01-02T11:00:00,2024-08-06T17:06:52.374Z,,,,dos,linux,,,,4,2014-03-14T00:00:00.000Z,20eoob,cg2howj
CVE-2013-5211,PUBLISHED,mitre,2014-01-02T11:00:00,2024-08-06T17:06:52.374Z,,,,dos,linux,,,,1,2024-11-27T00:00:00.000Z,1h0qkue,lzbf6to
CVE-2013-5892,PUBLISHED,oracle,2014-01-15T01:33:00,2024-08-06T17:22:31.348Z,,,,,,,,,-1,2015-03-10T00:00:00.000Z,2yitlg,cpabdme
CVE-2013-5914,PUBLISHED,mitre,2013-10-26T17:00:00Z,2024-09-16T16:38:29.592Z,,,,,,,,,1,2014-07-11T00:00:00.000Z,2af17a,ciusaiy
CVE-2013-6282,PUBLISHED,mitre,2013-11-19T15:00:00.000Z,2025-05-01T03:55:06.476Z,,,CWE-20,local,android,Kernel,Unknown,Linux,2,2014-06-09T00:00:00.000Z,27p6co,ci3ce76
CVE-2013-6282,PUBLISHED,mitre,2013-11-19T15:00:00.000Z,2025-05-01T03:55:06.476Z,,,CWE-20,local,android,Kernel,Unknown,Linux,128,2017-03-07T00:00:00.000Z,5y1pag,demkabd
CVE-2013-6420,PUBLISHED,redhat,2013-12-17T02:00:00,2024-08-06T17:39:01.267Z,,,,dos,php,,,,4,2014-02-19T00:00:00.000Z,1yd42l,cfjfgmx
CVE-2013-6435,PUBLISHED,redhat,2014-12-16T18:00:00,2024-08-06T17:39:01.291Z,,,,,,,,,3,2014-12-11T00:00:00.000Z,2oy00q,cmrpbbi
CVE-2013-6955,PUBLISHED,certcc,2014-01-09T11:00:00,2024-08-06T17:53:45.550Z,,,,remote,unix,,,,2,2015-02-13T00:00:00.000Z,2vop9n,cok433v
CVE-2013-7456,PUBLISHED,mitre,2016-08-07T10:00:00,2024-08-06T18:09:17.049Z,,,,,,,,,2,2016-05-27T00:00:00.000Z,4l66if,d3lrpkm
CVE-2013-7459,PUBLISHED,mitre,2017-02-15T15:00:00,2024-08-06T18:09:16.939Z,,,,,,,,,1,2017-02-17T00:00:00.000Z,5un5u0,ddvq8gd
CVE-2014-0038,PUBLISHED,redhat,2014-02-06T22:00:00,2024-08-06T08:58:26.620Z,,,,dos,linux,,,,12,2014-02-02T00:00:00.000Z,1wr52q,cf59imb
CVE-2014-0038,PUBLISHED,redhat,2014-02-06T22:00:00,2024-08-06T08:58:26.620Z,,,,dos,linux,,,,13,2014-05-31T00:00:00.000Z,26ymkc,chvqrh1
CVE-2014-0092,PUBLISHED,redhat,2014-03-06T18:00:00,2024-08-06T09:05:38.662Z,,,,,,,,,2,2014-11-12T00:00:00.000Z,2m1alz,cm0npfy
CVE-2014-0130,PUBLISHED,redhat,2014-05-07T10:00:00.000Z,2025-02-07T13:31:47.158Z,,,CWE-22,,,Ruby on Rails,Unknown,Rails,1,2014-05-28T00:00:00.000Z,24yb5g,cht66kn
CVE-2014-0150,PUBLISHED,redhat,2014-04-18T14:00:00,2024-08-06T09:05:39.095Z,,,,,,,,,9,2014-09-18T00:00:00.000Z,2grwdc,ckm31f9
CVE-2014-0160,PUBLISHED,redhat,2014-04-07T00:00:00.000Z,2025-02-07T13:32:37.531Z,,,CWE-125,remote,multiple,OpenSSL,Unknown,OpenSSL,1,2015-11-03T00:00:00.000Z,3r7s77,cwmzwpx
CVE-2014-0160,PUBLISHED,redhat,2014-04-07T00:00:00.000Z,2025-02-07T13:32:37.531Z,,,CWE-125,remote,multiple,OpenSSL,Unknown,OpenSSL,3,2014-04-11T00:00:00.000Z,22r6sz,cgpogbb
CVE-2014-0160,PUBLISHED,redhat,2014-04-07T00:00:00.000Z,2025-02-07T13:32:37.531Z,,,CWE-125,remote,multiple,OpenSSL,Unknown,OpenSSL,3,2014-04-11T00:00:00.000Z,22r6sz,cgpok6p
CVE-2014-0160,PUBLISHED,redhat,2014-04-07T00:00:00.000Z,2025-02-07T13:32:37.531Z,,,CWE-125,remote,multiple,OpenSSL,Unknown,OpenSSL,3,2015-04-25T00:00:00.000Z,33r6b6,cqnud24
CVE-2014-0160,PUBLISHED,redhat,2014-04-07T00:00:00.000Z,2025-02-07T13:32:37.531Z,,,CWE-125,remote,multiple,OpenSSL,Unknown,OpenSSL,2,2021-01-13T00:00:00.000Z,kvo5b6,gj43olw
CVE-2014-0160,PUBLISHED,redhat,2014-04-07T00:00:00.000Z,2025-02-07T13:32:37.531Z,,,CWE-125,remote,multiple,OpenSSL,Unknown,OpenSSL,85,2014-04-07T00:00:00.000Z,22gaar,cgmm253
CVE-2014-0160,PUBLISHED,redhat,2014-04-07T00:00:00.000Z,2025-02-07T13:32:37.531Z,,,CWE-125,remote,multiple,OpenSSL,Unknown,OpenSSL,18,2014-04-07T00:00:00.000Z,22gaar,cgmph50
CVE-2014-0160,PUBLISHED,redhat,2014-04-07T00:00:00.000Z,2025-02-07T13:32:37.531Z,,,CWE-125,remote,multiple,OpenSSL,Unknown,OpenSSL,45,2014-04-08T00:00:00.000Z,22gaar,cgmtpaa
CVE-2014-0160,PUBLISHED,redhat,2014-04-07T00:00:00.000Z,2025-02-07T13:32:37.531Z,,,CWE-125,remote,multiple,OpenSSL,Unknown,OpenSSL,4,2014-04-08T00:00:00.000Z,22huui,cgn6bcf
CVE-2014-0160,PUBLISHED,redhat,2014-04-07T00:00:00.000Z,2025-02-07T13:32:37.531Z,,,CWE-125,remote,multiple,OpenSSL,Unknown,OpenSSL,6,2014-04-10T00:00:00.000Z,22gaar,cgojxcb
CVE-2014-0160,PUBLISHED,redhat,2014-04-07T00:00:00.000Z,2025-02-07T13:32:37.531Z,,,CWE-125,remote,multiple,OpenSSL,Unknown,OpenSSL,1,2014-08-20T00:00:00.000Z,2e0tbo,cjvq5iq
CVE-2014-0160,PUBLISHED,redhat,2014-04-07T00:00:00.000Z,2025-02-07T13:32:37.531Z,,,CWE-125,remote,multiple,OpenSSL,Unknown,OpenSSL,39,2014-09-25T00:00:00.000Z,2hehgk,cks0ryy
CVE-2014-0160,PUBLISHED,redhat,2014-04-07T00:00:00.000Z,2025-02-07T13:32:37.531Z,,,CWE-125,remote,multiple,OpenSSL,Unknown,OpenSSL,38,2018-01-04T00:00:00.000Z,7nya2h,ds5qfym
CVE-2014-0160,PUBLISHED,redhat,2014-04-07T00:00:00.000Z,2025-02-07T13:32:37.531Z,,,CWE-125,remote,multiple,OpenSSL,Unknown,OpenSSL,18,2014-04-08T00:00:00.000Z,22ghax,cgmrnig
CVE-2014-0160,PUBLISHED,redhat,2014-04-07T00:00:00.000Z,2025-02-07T13:32:37.531Z,,,CWE-125,remote,multiple,OpenSSL,Unknown,OpenSSL,1,2014-04-08T00:00:00.000Z,22ghax,cgmtx7u
CVE-2014-0160,PUBLISHED,redhat,2014-04-07T00:00:00.000Z,2025-02-07T13:32:37.531Z,,,CWE-125,remote,multiple,OpenSSL,Unknown,OpenSSL,2,2014-06-05T00:00:00.000Z,27djnw,chzvay7
CVE-2014-0160,PUBLISHED,redhat,2014-04-07T00:00:00.000Z,2025-02-07T13:32:37.531Z,,,CWE-125,remote,multiple,OpenSSL,Unknown,OpenSSL,7,2014-08-09T00:00:00.000Z,2d1zln,cjlhwgt
CVE-2014-0160,PUBLISHED,redhat,2014-04-07T00:00:00.000Z,2025-02-07T13:32:37.531Z,,,CWE-125,remote,multiple,OpenSSL,Unknown,OpenSSL,1,2015-10-22T00:00:00.000Z,3ppio2,cw8cucw
CVE-2014-0160,PUBLISHED,redhat,2014-04-07T00:00:00.000Z,2025-02-07T13:32:37.531Z,,,CWE-125,remote,multiple,OpenSSL,Unknown,OpenSSL,5,2016-03-23T00:00:00.000Z,4biqvj,d1a22pd
CVE-2014-0160,PUBLISHED,redhat,2014-04-07T00:00:00.000Z,2025-02-07T13:32:37.531Z,,,CWE-125,remote,multiple,OpenSSL,Unknown,OpenSSL,1,2016-03-25T00:00:00.000Z,4bv5d9,d1d28dg
CVE-2014-0160,PUBLISHED,redhat,2014-04-07T00:00:00.000Z,2025-02-07T13:32:37.531Z,,,CWE-125,remote,multiple,OpenSSL,Unknown,OpenSSL,49,2016-04-14T00:00:00.000Z,4eqaw3,d22fpbb
CVE-2014-0160,PUBLISHED,redhat,2014-04-07T00:00:00.000Z,2025-02-07T13:32:37.531Z,,,CWE-125,remote,multiple,OpenSSL,Unknown,OpenSSL,8,2016-08-10T00:00:00.000Z,4x18x3,d6br1wv
CVE-2014-0160,PUBLISHED,redhat,2014-04-07T00:00:00.000Z,2025-02-07T13:32:37.531Z,,,CWE-125,remote,multiple,OpenSSL,Unknown,OpenSSL,3,2022-12-02T00:00:00.000Z,za7tei,iyl2i0n
CVE-2014-0160,PUBLISHED,redhat,2014-04-07T00:00:00.000Z,2025-02-07T13:32:37.531Z,,,CWE-125,remote,multiple,OpenSSL,Unknown,OpenSSL,5,2014-04-08T00:00:00.000Z,22i7lj,
CVE-2014-0160,PUBLISHED,redhat,2014-04-07T00:00:00.000Z,2025-02-07T13:32:37.531Z,,,CWE-125,remote,multiple,OpenSSL,Unknown,OpenSSL,8,2020-06-11T00:00:00.000Z,h0nilc,
CVE-2014-0160,PUBLISHED,redhat,2014-04-07T00:00:00.000Z,2025-02-07T13:32:37.531Z,,,CWE-125,remote,multiple,OpenSSL,Unknown,OpenSSL,1,2014-04-08T00:00:00.000Z,22idlb,
CVE-2014-0160,PUBLISHED,redhat,2014-04-07T00:00:00.000Z,2025-02-07T13:32:37.531Z,,,CWE-125,remote,multiple,OpenSSL,Unknown,OpenSSL,3,2016-04-19T00:00:00.000Z,4feqhe,
CVE-2014-0166,PUBLISHED,redhat,2014-04-09T23:00:00,2024-08-06T09:05:39.053Z,,,,,,,,,1,2016-07-03T00:00:00.000Z,4ll05e,d4xh8b7
CVE-2014-0195,PUBLISHED,redhat,2014-06-05T21:00:00,2024-08-06T09:05:39.286Z,7.5,,,,,,,OpenSSL,15,2014-06-05T00:00:00.000Z,27dhcn,chzt9x2
CVE-2014-0196,PUBLISHED,redhat,2014-05-07T10:00:00.000Z,2025-02-07T13:36:58.638Z,,,CWE-362,local,linux_x86-64,Kernel,Unknown,Linux,9,2014-05-12T00:00:00.000Z,25cskj,chfwa7m
CVE-2014-0198,PUBLISHED,redhat,2014-05-06T10:00:00,2024-08-06T09:05:39.267Z,,,,,,,,,9,2014-06-05T00:00:00.000Z,27dhcn,chzuk1e
CVE-2014-0198,PUBLISHED,redhat,2014-05-06T10:00:00,2024-08-06T09:05:39.267Z,,,,,,,,,8,2014-06-05T00:00:00.000Z,27dhcn,chzw4qu
CVE-2014-0224,PUBLISHED,redhat,2014-06-05T21:00:00,2024-08-06T09:05:39.462Z,,,,,,,,,1,2014-06-05T00:00:00.000Z,27dj7z,chzqt31
CVE-2014-0224,PUBLISHED,redhat,2014-06-05T21:00:00,2024-08-06T09:05:39.462Z,,,,,,,,,5,2014-06-05T00:00:00.000Z,27dhcn,chzqurq
CVE-2014-0224,PUBLISHED,redhat,2014-06-05T21:00:00,2024-08-06T09:05:39.462Z,,,,,,,,,1,2014-06-05T00:00:00.000Z,27dp96,ci0064j
CVE-2014-0224,PUBLISHED,redhat,2014-06-05T21:00:00,2024-08-06T09:05:39.462Z,,,,,,,,,1,2014-06-11T00:00:00.000Z,27rx7y,ci4v6p0
CVE-2014-0224,PUBLISHED,redhat,2014-06-05T21:00:00,2024-08-06T09:05:39.462Z,,,,,,,,,1,2014-08-04T00:00:00.000Z,2cj0lj,cjgs5do
CVE-2014-0224,PUBLISHED,redhat,2014-06-05T21:00:00,2024-08-06T09:05:39.462Z,,,,,,,,,1,2014-10-09T00:00:00.000Z,2ishlp,
CVE-2014-0224,PUBLISHED,redhat,2014-06-05T21:00:00,2024-08-06T09:05:39.462Z,,,,,,,,,2,2014-12-10T00:00:00.000Z,2ow404,
CVE-2014-0224,PUBLISHED,redhat,2014-06-05T21:00:00,2024-08-06T09:05:39.462Z,,,,,,,,,10,2015-03-19T00:00:00.000Z,2zmqmf,
CVE-2014-0244,PUBLISHED,redhat,2014-06-23T14:00:00,2024-08-06T09:05:39.377Z,,,,,,,,,15,2014-08-03T00:00:00.000Z,2cj0lj,cjfz6hm
CVE-2014-0301,PUBLISHED,microsoft,2014-03-12T01:00:00,2024-08-06T09:13:09.787Z,,,,,,,,,-3,2014-03-15T00:00:00.000Z,20gdin,cg34dir
CVE-2014-0476,PUBLISHED,debian,2014-10-25T22:00:00,2024-08-06T09:20:17.970Z,,,,local,linux,,,,1,2017-05-03T00:00:00.000Z,68z1u8,dh2fsze
CVE-2014-0515,PUBLISHED,adobe,2014-04-29T10:00:00,2024-08-06T09:20:19.107Z,,,,remote,windows,,,,1,2015-04-20T00:00:00.000Z,338qxi,cqikn3y
CVE-2014-0515,PUBLISHED,adobe,2014-04-29T10:00:00,2024-08-06T09:20:19.107Z,,,,remote,windows,,,,3,2016-06-11T00:00:00.000Z,4ndufs,d44qqb5
CVE-2014-0515,PUBLISHED,adobe,2014-04-29T10:00:00,2024-08-06T09:20:19.107Z,,,,remote,windows,,,,2,2014-04-28T00:00:00.000Z,2475sy,ch4fbqa
CVE-2014-0591,PUBLISHED,mitre,2014-01-14T02:00:00,2024-08-06T09:20:19.832Z,,,,,,,,,7,2014-03-31T00:00:00.000Z,21uevx,cggmbx1
CVE-2014-0591,PUBLISHED,mitre,2014-01-14T02:00:00,2024-08-06T09:20:19.832Z,,,,,,,,,1,2014-07-16T00:00:00.000Z,2aunhw,ciz8lta
CVE-2014-0751,PUBLISHED,icscert,2014-01-25T22:00:00,2024-08-06T09:27:19.517Z,6.8,,,,,,,GE,2,2014-11-20T00:00:00.000Z,2mvhd8,cm7xhfp
CVE-2014-0816,PUBLISHED,jpcert,2014-02-27T01:00:00,2024-08-06T09:27:20.053Z,,,,,,,,,1,2024-12-31T00:00:00.000Z,1hqap4w,
CVE-2014-100005,PUBLISHED,mitre,2015-01-13T11:00:00,2024-08-06T14:10:55.911Z,,,CWE-352,,,DIR-600 Router,Unknown,D-Link,4,2024-05-20T00:00:00.000Z,1cvwywm,l4ty3ow
CVE-2014-1266,PUBLISHED,apple,2014-02-22T15:00:00,2024-08-06T09:34:41.152Z,,,,,,,,,2,2014-03-03T00:00:00.000Z,1zgkr2,cfti2tg
CVE-2014-1295,PUBLISHED,apple,2014-04-23T10:00:00,2024-08-06T09:34:41.267Z,,,,,,,,,1,2014-04-22T00:00:00.000Z,23pfsa,cgz9gf2
CVE-2014-1295,PUBLISHED,apple,2014-04-23T10:00:00,2024-08-06T09:34:41.267Z,,,,,,,,,5,2014-04-22T00:00:00.000Z,23pkmp,cgzff7b
CVE-2014-1322,PUBLISHED,apple,2014-04-23T10:00:00,2024-08-06T09:34:41.321Z,,,,local,osx,,,,6,2014-04-23T00:00:00.000Z,23pkmp,cgzii9t
CVE-2014-1510,PUBLISHED,mozilla,2014-03-19T10:00:00,2024-08-06T09:42:36.189Z,6.8,,,remote,multiple,,,Mozilla,4,2014-08-19T00:00:00.000Z,2dzlc3,cjuz8ow
CVE-2014-1563,PUBLISHED,mozilla,2014-09-03T10:00:00,2024-08-06T09:42:36.731Z,,,,,,,,,3,2015-09-05T00:00:00.000Z,3jnbr5,curp5cm
CVE-2014-1568,PUBLISHED,mozilla,2014-09-25T17:00:00,2024-08-06T09:42:36.192Z,,,,,,,,,1,2014-09-25T00:00:00.000Z,2hfnea,cks9wv0
CVE-2014-1681,PUBLISHED,mitre,2014-01-28T11:00:00,2024-08-06T09:50:10.743Z,,,,,,,,,1,2014-02-04T00:00:00.000Z,1wxrnn,cf6ewn7
CVE-2014-1761,PUBLISHED,microsoft,2014-03-24T19:00:00.000Z,2025-02-10T19:30:02.735Z,,,CWE-119,local,windows,Word,Unknown,Microsoft,7,2015-01-08T00:00:00.000Z,2rr4t5,
CVE-2014-1767,PUBLISHED,microsoft,2014-07-08T22:00:00,2024-08-06T09:50:11.088Z,6.9,,,local,windows_x86,,,Microsoft,1,2016-02-14T00:00:00.000Z,45had2,czzggiz
CVE-2014-1776,PUBLISHED,microsoft,2014-04-27T10:00:00.000Z,2025-05-29T13:53:01.717Z,,,CWE-416,,,Internet Explorer,Unknown,Microsoft,1,2014-05-02T00:00:00.000Z,24i89o,ch7dekf
CVE-2014-1776,PUBLISHED,microsoft,2014-04-27T10:00:00.000Z,2025-05-29T13:53:01.717Z,,,CWE-416,,,Internet Explorer,Unknown,Microsoft,1,2014-04-29T00:00:00.000Z,249xea,ch53l0o
CVE-2014-1776,PUBLISHED,microsoft,2014-04-27T10:00:00.000Z,2025-05-29T13:53:01.717Z,,,CWE-416,,,Internet Explorer,Unknown,Microsoft,0,2014-05-11T00:00:00.000Z,25760w,chf8s1g
CVE-2014-1776,PUBLISHED,microsoft,2014-04-27T10:00:00.000Z,2025-05-29T13:53:01.717Z,,,CWE-416,,,Internet Explorer,Unknown,Microsoft,-1,2014-05-11T00:00:00.000Z,25760w,chf9tsf
CVE-2014-1939,PUBLISHED,mitre,2014-03-03T02:00:00,2024-08-06T09:58:15.988Z,,,,,,,,,1,2014-08-26T00:00:00.000Z,2e1xsb,ck0gypd
CVE-2014-1969,PUBLISHED,jpcert,2014-04-11T16:00:00,2024-08-06T09:58:15.989Z,,,,,,,,,3,2015-09-24T00:00:00.000Z,3m7v55,
CVE-2014-2216,PUBLISHED,mitre,2014-08-25T14:00:00,2024-08-06T10:05:59.970Z,,,,,,,,,14,2016-01-12T00:00:00.000Z,40lotk,cyvbnr1
CVE-2014-2264,PUBLISHED,mitre,2014-03-02T17:00:00Z,2024-09-16T16:13:55.685Z,,,,,,,,,8,2015-02-13T00:00:00.000Z,2vop9n,coju70w
CVE-2014-2264,PUBLISHED,mitre,2014-03-02T17:00:00Z,2024-09-16T16:13:55.685Z,,,,,,,,,1,2014-08-04T00:00:00.000Z,2cj0lj,cjgnoha
CVE-2014-2781,PUBLISHED,microsoft,2014-07-08T22:00:00,2024-08-06T10:21:36.157Z,4.6,,,,,,,Microsoft,31,2014-07-09T00:00:00.000Z,2a9z7m,
CVE-2014-2913,PUBLISHED,mitre,2014-05-07T10:00:00,2024-08-06T10:28:46.232Z,,,,remote,multiple,,,,2,2014-04-25T00:00:00.000Z,23vhtd,ch1ciq0
CVE-2014-3122,PUBLISHED,redhat,2014-05-11T21:00:00,2024-08-06T10:35:56.442Z,,,,,,,,,2,2015-06-10T00:00:00.000Z,399ydd,cs1yukx
CVE-2014-3153,PUBLISHED,Chrome,2014-06-07T14:00:00.000Z,2025-02-03T14:19:37.627Z,,,CWE-269,local,linux,Kernel,Unknown,Linux,3,2014-06-06T00:00:00.000Z,27fl04,ci0mqxn
CVE-2014-3153,PUBLISHED,Chrome,2014-06-07T14:00:00.000Z,2025-02-03T14:19:37.627Z,,,CWE-269,local,linux,Kernel,Unknown,Linux,21,2014-06-12T00:00:00.000Z,27zdxc,ci5uzye
CVE-2014-3153,PUBLISHED,Chrome,2014-06-07T14:00:00.000Z,2025-02-03T14:19:37.627Z,,,CWE-269,local,linux,Kernel,Unknown,Linux,2,2014-11-19T00:00:00.000Z,2mr9cz,cm7fpq7
CVE-2014-3153,PUBLISHED,Chrome,2014-06-07T14:00:00.000Z,2025-02-03T14:19:37.627Z,,,CWE-269,local,linux,Kernel,Unknown,Linux,1,2015-08-24T00:00:00.000Z,3hzqx0,cudocwq
CVE-2014-3153,PUBLISHED,Chrome,2014-06-07T14:00:00.000Z,2025-02-03T14:19:37.627Z,,,CWE-269,local,linux,Kernel,Unknown,Linux,4,2016-01-19T00:00:00.000Z,41kblx,cz3jdm2
CVE-2014-3153,PUBLISHED,Chrome,2014-06-07T14:00:00.000Z,2025-02-03T14:19:37.627Z,,,CWE-269,local,linux,Kernel,Unknown,Linux,1,2016-02-05T00:00:00.000Z,41kblx,czpesgb
CVE-2014-3306,PUBLISHED,cisco,2014-07-18T01:00:00,2024-08-06T10:35:57.167Z,,,,,,,,,10,2017-09-26T00:00:00.000Z,72kba2,dnjqee1
CVE-2014-3393,PUBLISHED,cisco,2014-10-10T10:00:00,2024-08-06T10:43:05.493Z,,,,,,,,,9,2014-10-16T00:00:00.000Z,2jeaz9,
CVE-2014-3490,PUBLISHED,redhat,2014-08-19T18:00:00,2024-08-06T10:43:06.288Z,,,,,,,,,3,2014-10-22T00:00:00.000Z,2k03ig,clgprdy
CVE-2014-3508,PUBLISHED,redhat,2014-08-13T23:00:00,2024-08-06T10:43:06.460Z,,,,,,,,,1,2014-08-07T00:00:00.000Z,2cu3uq,cjjghb7
CVE-2014-3509,PUBLISHED,redhat,2014-08-13T23:00:00,2024-08-06T10:43:06.466Z,,,,,,,,,5,2014-08-08T00:00:00.000Z,2cza5e,cjki48p
CVE-2014-3513,PUBLISHED,redhat,2014-10-19T01:00:00,2024-08-06T10:43:06.447Z,,,,,,,,,6,2014-10-15T00:00:00.000Z,2jbrqk,claf4pg
CVE-2014-3519,PUBLISHED,redhat,2018-02-01T17:00:00,2024-08-06T10:50:16.607Z,,,,,,,,,1,2014-08-14T00:00:00.000Z,2dh425,cjppeda
CVE-2014-3560,PUBLISHED,redhat,2014-08-06T18:00:00,2024-08-06T10:50:16.829Z,,,,,,,,,5,2014-08-05T00:00:00.000Z,2cmg4s,cjh7c4m
CVE-2014-3566,PUBLISHED,redhat,2014-10-15T00:00:00,2024-11-27T19:31:57.733Z,,,,,,,,,1,2016-03-03T00:00:00.000Z,48gce1,d0mbqio
CVE-2014-3566,PUBLISHED,redhat,2014-10-15T00:00:00,2024-11-27T19:31:57.733Z,,,,,,,,,9,2014-10-15T00:00:00.000Z,2jbfry,cla6737
CVE-2014-3570,PUBLISHED,redhat,2015-01-09T02:00:00,2024-08-06T10:50:17.630Z,,,,,,,,,6,2015-01-08T00:00:00.000Z,2rrmi6,cnilrbd
CVE-2014-3572,PUBLISHED,redhat,2015-01-09T02:00:00,2024-08-06T10:50:17.438Z,,,,,,,,,6,2015-01-08T00:00:00.000Z,2rqoez,cnikk9w
CVE-2014-3616,PUBLISHED,redhat,2014-12-08T11:00:00,2024-08-06T10:50:17.280Z,,,,,,,,,5,2014-09-16T00:00:00.000Z,2gkbos,ckjzura
CVE-2014-3704,PUBLISHED,redhat,2014-10-16T00:00:00,2024-08-06T10:50:17.990Z,,,,webapps,php,,,,3,2014-10-29T00:00:00.000Z,2kp0v5,clneg1l
CVE-2014-3977,PUBLISHED,mitre,2014-06-08T23:00:00,2024-08-06T10:57:18.063Z,,,,local,aix,,,,3,2017-03-25T00:00:00.000Z,6119bi,dfeqm46
CVE-2014-3990,PUBLISHED,mitre,2018-03-20T21:00:00,2024-08-06T11:04:26.934Z,,,,,,,,,8,2014-08-27T00:00:00.000Z,2epuzi,ck1rxdx
CVE-2014-4113,PUBLISHED,microsoft,2014-10-15T10:00:00.000Z,2025-02-10T18:56:07.480Z,,,CWE-264,local,windows,Win32k,Unknown,Microsoft,19,2019-05-29T00:00:00.000Z,bufbc4,epbgtjn
CVE-2014-4113,PUBLISHED,microsoft,2014-10-15T10:00:00.000Z,2025-02-10T18:56:07.480Z,,,CWE-264,local,windows,Win32k,Unknown,Microsoft,0,2014-10-18T00:00:00.000Z,2jlfjx,
CVE-2014-4114,PUBLISHED,microsoft,2014-10-15T10:00:00.000Z,2025-02-10T19:20:45.283Z,,,CWE-20,local,windows,Windows,Unknown,Microsoft,17,2014-10-14T00:00:00.000Z,2j893i,cl9a5ow
CVE-2014-4114,PUBLISHED,microsoft,2014-10-15T10:00:00.000Z,2025-02-10T19:20:45.283Z,,,CWE-20,local,windows,Windows,Unknown,Microsoft,3,2014-10-14T00:00:00.000Z,2j893i,cl9arjx
CVE-2014-4114,PUBLISHED,microsoft,2014-10-15T10:00:00.000Z,2025-02-10T19:20:45.283Z,,,CWE-20,local,windows,Windows,Unknown,Microsoft,3,2014-10-14T00:00:00.000Z,2j7j33,cl9aqes
CVE-2014-4114,PUBLISHED,microsoft,2014-10-15T10:00:00.000Z,2025-02-10T19:20:45.283Z,,,CWE-20,local,windows,Windows,Unknown,Microsoft,1,2014-10-18T00:00:00.000Z,2jm81u,cld9ms1
CVE-2014-4148,PUBLISHED,microsoft,2014-10-15T10:00:00.000Z,2025-02-10T18:50:34.982Z,,,CWE-94,,,Windows,Unknown,Microsoft,3,2014-10-14T00:00:00.000Z,2j893i,cl9jt93
CVE-2014-4148,PUBLISHED,microsoft,2014-10-15T10:00:00.000Z,2025-02-10T18:50:34.982Z,,,CWE-94,,,Windows,Unknown,Microsoft,1,2014-10-14T00:00:00.000Z,2j893i,cl9n3ep
CVE-2014-4487,PUBLISHED,apple,2015-01-30T11:00:00,2024-08-06T11:20:25.980Z,,,,,,,,,1,2016-01-24T00:00:00.000Z,41vvse,cz9p7ql
CVE-2014-4609,PUBLISHED,mitre,2020-01-14T15:41:33,2024-08-06T11:20:26.636Z,,,,,,,,,2,2014-07-12T00:00:00.000Z,2ach86,civ4v9h
CVE-2014-4609,PUBLISHED,mitre,2020-01-14T15:41:33,2024-08-06T11:20:26.636Z,,,,,,,,,2,2014-07-16T00:00:00.000Z,2ach86,ciz06h7
CVE-2014-4752,PUBLISHED,ibm,2014-09-23T22:00:00,2024-08-06T11:27:36.683Z,,,,,,,,,1,2023-07-31T00:00:00.000Z,15eav0l,ju6km2v
CVE-2014-4859,PUBLISHED,certcc,2020-01-31T15:08:20,2024-08-06T11:27:36.851Z,,,,,,,,,-2,2014-10-22T00:00:00.000Z,2jxbzx,clgc48v
CVE-2014-4943,PUBLISHED,mitre,2014-07-19T19:00:00,2024-08-06T11:34:36.396Z,,,,dos,linux,,,,3,2014-08-22T00:00:00.000Z,2e3s9p,cjxfr73
CVE-2014-5045,PUBLISHED,mitre,2014-08-01T10:00:00,2024-08-06T11:34:37.379Z,,,,,,,,,1,2014-10-03T00:00:00.000Z,2erlfi,ckzbla5
CVE-2014-6270,PUBLISHED,mitre,2014-09-12T14:00:00,2024-08-06T12:10:13.341Z,,,,,,,,,1,2014-10-04T00:00:00.000Z,2i720v,cl0dgfw
CVE-2014-6271,PUBLISHED,debian,2014-09-24T18:00:00.000Z,2025-02-07T13:47:31.669Z,,,CWE-78,remote,cgi,Bourne-Again Shell (Bash),Unknown,GNU,1,2014-11-16T00:00:00.000Z,2mfpau,cm431k2
CVE-2014-6271,PUBLISHED,debian,2014-09-24T18:00:00.000Z,2025-02-07T13:47:31.669Z,,,CWE-78,remote,cgi,Bourne-Again Shell (Bash),Unknown,GNU,2,2015-11-05T00:00:00.000Z,3rnnyv,cwpo5at
CVE-2014-6271,PUBLISHED,debian,2014-09-24T18:00:00.000Z,2025-02-07T13:47:31.669Z,,,CWE-78,remote,cgi,Bourne-Again Shell (Bash),Unknown,GNU,1,2023-09-24T00:00:00.000Z,16r4bkk,k217ej1
CVE-2014-6271,PUBLISHED,debian,2014-09-24T18:00:00.000Z,2025-02-07T13:47:31.669Z,,,CWE-78,remote,cgi,Bourne-Again Shell (Bash),Unknown,GNU,1,2014-09-25T00:00:00.000Z,2heqhm,cks64kl
CVE-2014-6271,PUBLISHED,debian,2014-09-24T18:00:00.000Z,2025-02-07T13:47:31.669Z,,,CWE-78,remote,cgi,Bourne-Again Shell (Bash),Unknown,GNU,2,2014-09-25T00:00:00.000Z,2hehgk,cks8dpr
CVE-2014-6271,PUBLISHED,debian,2014-09-24T18:00:00.000Z,2025-02-07T13:47:31.669Z,,,CWE-78,remote,cgi,Bourne-Again Shell (Bash),Unknown,GNU,1,2014-09-25T00:00:00.000Z,2hfrkv,cks93m9
CVE-2014-6271,PUBLISHED,debian,2014-09-24T18:00:00.000Z,2025-02-07T13:47:31.669Z,,,CWE-78,remote,cgi,Bourne-Again Shell (Bash),Unknown,GNU,-10,2014-09-25T00:00:00.000Z,2hehgk,cksess4
CVE-2014-6271,PUBLISHED,debian,2014-09-24T18:00:00.000Z,2025-02-07T13:47:31.669Z,,,CWE-78,remote,cgi,Bourne-Again Shell (Bash),Unknown,GNU,0,2014-09-26T00:00:00.000Z,2hehgk,ckspbl2
CVE-2014-6271,PUBLISHED,debian,2014-09-24T18:00:00.000Z,2025-02-07T13:47:31.669Z,,,CWE-78,remote,cgi,Bourne-Again Shell (Bash),Unknown,GNU,3,2014-09-26T00:00:00.000Z,2hehgk,cksx1df
CVE-2014-6271,PUBLISHED,debian,2014-09-24T18:00:00.000Z,2025-02-07T13:47:31.669Z,,,CWE-78,remote,cgi,Bourne-Again Shell (Bash),Unknown,GNU,2,2014-09-26T00:00:00.000Z,2hg9jk,ckt6c9l
CVE-2014-6271,PUBLISHED,debian,2014-09-24T18:00:00.000Z,2025-02-07T13:47:31.669Z,,,CWE-78,remote,cgi,Bourne-Again Shell (Bash),Unknown,GNU,2,2014-10-19T00:00:00.000Z,2jnmsu,cldh8pw
CVE-2014-6271,PUBLISHED,debian,2014-09-24T18:00:00.000Z,2025-02-07T13:47:31.669Z,,,CWE-78,remote,cgi,Bourne-Again Shell (Bash),Unknown,GNU,6,2014-09-24T00:00:00.000Z,2hc5rk,ckrfwge
CVE-2014-6271,PUBLISHED,debian,2014-09-24T18:00:00.000Z,2025-02-07T13:47:31.669Z,,,CWE-78,remote,cgi,Bourne-Again Shell (Bash),Unknown,GNU,1,2014-09-25T00:00:00.000Z,2hfjl0,cksb6ra
CVE-2014-6271,PUBLISHED,debian,2014-09-24T18:00:00.000Z,2025-02-07T13:47:31.669Z,,,CWE-78,remote,cgi,Bourne-Again Shell (Bash),Unknown,GNU,1,2014-09-25T00:00:00.000Z,2hf734,cksmk6a
CVE-2014-6271,PUBLISHED,debian,2014-09-24T18:00:00.000Z,2025-02-07T13:47:31.669Z,,,CWE-78,remote,cgi,Bourne-Again Shell (Bash),Unknown,GNU,1,2014-09-26T00:00:00.000Z,2hf734,cksy7re
CVE-2014-6271,PUBLISHED,debian,2014-09-24T18:00:00.000Z,2025-02-07T13:47:31.669Z,,,CWE-78,remote,cgi,Bourne-Again Shell (Bash),Unknown,GNU,1,2014-09-28T00:00:00.000Z,2hqbvj,ckv2eaj
CVE-2014-6271,PUBLISHED,debian,2014-09-24T18:00:00.000Z,2025-02-07T13:47:31.669Z,,,CWE-78,remote,cgi,Bourne-Again Shell (Bash),Unknown,GNU,1,2016-01-14T00:00:00.000Z,40nger,cyxlb8p
CVE-2014-6271,PUBLISHED,debian,2014-09-24T18:00:00.000Z,2025-02-07T13:47:31.669Z,,,CWE-78,remote,cgi,Bourne-Again Shell (Bash),Unknown,GNU,1,2020-06-29T00:00:00.000Z,hht8jb,fweiivq
CVE-2014-6271,PUBLISHED,debian,2014-09-24T18:00:00.000Z,2025-02-07T13:47:31.669Z,,,CWE-78,remote,cgi,Bourne-Again Shell (Bash),Unknown,GNU,2,2014-09-25T00:00:00.000Z,2hgk9k,
CVE-2014-6271,PUBLISHED,debian,2014-09-24T18:00:00.000Z,2025-02-07T13:47:31.669Z,,,CWE-78,remote,cgi,Bourne-Again Shell (Bash),Unknown,GNU,4,2014-09-25T00:00:00.000Z,2hgopn,
CVE-2014-6271,PUBLISHED,debian,2014-09-24T18:00:00.000Z,2025-02-07T13:47:31.669Z,,,CWE-78,remote,cgi,Bourne-Again Shell (Bash),Unknown,GNU,1,2014-09-26T00:00:00.000Z,2hj40w,
CVE-2014-6271,PUBLISHED,debian,2014-09-24T18:00:00.000Z,2025-02-07T13:47:31.669Z,,,CWE-78,remote,cgi,Bourne-Again Shell (Bash),Unknown,GNU,92,2014-09-26T00:00:00.000Z,2hixko,
CVE-2014-6273,PUBLISHED,debian,2014-09-30T14:00:00,2024-08-06T12:10:13.271Z,,,,,,,,,1,2014-10-31T00:00:00.000Z,2kvlnh,clp33n9
CVE-2014-6277,PUBLISHED,debian,2014-09-27T22:00:00,2024-08-06T12:10:13.286Z,,,,dos,linux,,,,1,2014-09-28T00:00:00.000Z,2hqbvj,ckv2riw
CVE-2014-6277,PUBLISHED,debian,2014-09-27T22:00:00,2024-08-06T12:10:13.286Z,,,,dos,linux,,,,1,2014-09-29T00:00:00.000Z,2hscgw,ckvj857
CVE-2014-6277,PUBLISHED,debian,2014-09-27T22:00:00,2024-08-06T12:10:13.286Z,,,,dos,linux,,,,2,2014-09-29T00:00:00.000Z,2hstt2,ckvqy1z
CVE-2014-6277,PUBLISHED,debian,2014-09-27T22:00:00,2024-08-06T12:10:13.286Z,,,,dos,linux,,,,1,2014-10-07T00:00:00.000Z,2ikbqp,cl31gop
CVE-2014-6277,PUBLISHED,debian,2014-09-27T22:00:00,2024-08-06T12:10:13.286Z,,,,dos,linux,,,,2,2014-09-29T00:00:00.000Z,2hsyu0,
CVE-2014-6287,PUBLISHED,mitre,2014-10-07T10:00:00.000Z,2025-02-10T19:07:04.705Z,,,CWE-94,remote,windows,HTTP File Server (HFS),Unknown,Rejetto,1,2019-10-16T00:00:00.000Z,dilmgh,
CVE-2014-6324,PUBLISHED,microsoft,2014-11-18T23:00:00.000Z,2025-02-10T19:06:34.161Z,,,CWE-264,remote,windows,Kerberos Key Distribution Center (KDC),Unknown,Microsoft,3,2014-11-18T00:00:00.000Z,2mo320,cm66xxi
CVE-2014-6324,PUBLISHED,microsoft,2014-11-18T23:00:00.000Z,2025-02-10T19:06:34.161Z,,,CWE-264,remote,windows,Kerberos Key Distribution Center (KDC),Unknown,Microsoft,-1,2014-11-19T00:00:00.000Z,2mpgez,cm6h65l
CVE-2014-6324,PUBLISHED,microsoft,2014-11-18T23:00:00.000Z,2025-02-10T19:06:34.161Z,,,CWE-264,remote,windows,Kerberos Key Distribution Center (KDC),Unknown,Microsoft,6,2015-01-14T00:00:00.000Z,2se55n,cnovueb
CVE-2014-6332,PUBLISHED,microsoft,2014-11-11T22:00:00.000Z,2025-02-10T20:43:34.158Z,,,CWE-119,remote,windows,Windows,Unknown,Microsoft,1,2016-01-08T00:00:00.000Z,3zsi40,cyqjcuc
CVE-2014-6332,PUBLISHED,microsoft,2014-11-11T22:00:00.000Z,2025-02-10T20:43:34.158Z,,,CWE-119,remote,windows,Windows,Unknown,Microsoft,7,2014-11-13T00:00:00.000Z,2m6hhv,cm1fj86
CVE-2014-6412,PUBLISHED,mitre,2018-04-12T21:00:00,2024-08-06T12:17:23.828Z,,,,,,,,,0,2015-02-14T00:00:00.000Z,2vmdnv,colf6y4
CVE-2014-6412,PUBLISHED,mitre,2018-04-12T21:00:00,2024-08-06T12:17:23.828Z,,,,,,,,,2,2015-02-14T00:00:00.000Z,2vmdnv,colgr94
CVE-2014-6491,PUBLISHED,oracle,2014-10-15T22:03:00,2024-08-06T12:17:24.285Z,,,,,,,,,3,2014-10-17T00:00:00.000Z,2jitzx,clc3ud9
CVE-2014-7169,PUBLISHED,mitre,2014-09-25T01:00:00.000Z,2025-02-10T19:31:56.166Z,,,CWE-78,remote,cgi,Bourne-Again Shell (Bash),Unknown,GNU,14,2014-09-25T00:00:00.000Z,2hehgk,ckrzbnl
CVE-2014-7169,PUBLISHED,mitre,2014-09-25T01:00:00.000Z,2025-02-10T19:31:56.166Z,,,CWE-78,remote,cgi,Bourne-Again Shell (Bash),Unknown,GNU,23,2014-09-25T00:00:00.000Z,2hehgk,ckrzs6e
CVE-2014-7169,PUBLISHED,mitre,2014-09-25T01:00:00.000Z,2025-02-10T19:31:56.166Z,,,CWE-78,remote,cgi,Bourne-Again Shell (Bash),Unknown,GNU,2,2014-09-25T00:00:00.000Z,2hbxtc,ckrzw3p
CVE-2014-7169,PUBLISHED,mitre,2014-09-25T01:00:00.000Z,2025-02-10T19:31:56.166Z,,,CWE-78,remote,cgi,Bourne-Again Shell (Bash),Unknown,GNU,3,2014-09-25T00:00:00.000Z,2hbxtc,cks49x4
CVE-2014-7169,PUBLISHED,mitre,2014-09-25T01:00:00.000Z,2025-02-10T19:31:56.166Z,,,CWE-78,remote,cgi,Bourne-Again Shell (Bash),Unknown,GNU,28,2014-09-25T00:00:00.000Z,2hehgk,cksjl44
CVE-2014-7169,PUBLISHED,mitre,2014-09-25T01:00:00.000Z,2025-02-10T19:31:56.166Z,,,CWE-78,remote,cgi,Bourne-Again Shell (Bash),Unknown,GNU,1,2014-09-26T00:00:00.000Z,2hhfa2,cksorbz
CVE-2014-7169,PUBLISHED,mitre,2014-09-25T01:00:00.000Z,2025-02-10T19:31:56.166Z,,,CWE-78,remote,cgi,Bourne-Again Shell (Bash),Unknown,GNU,2,2014-09-26T00:00:00.000Z,2hehgk,cksrw8a
CVE-2014-7169,PUBLISHED,mitre,2014-09-25T01:00:00.000Z,2025-02-10T19:31:56.166Z,,,CWE-78,remote,cgi,Bourne-Again Shell (Bash),Unknown,GNU,1,2014-09-26T00:00:00.000Z,2hehgk,ckt6dqr
CVE-2014-7169,PUBLISHED,mitre,2014-09-25T01:00:00.000Z,2025-02-10T19:31:56.166Z,,,CWE-78,remote,cgi,Bourne-Again Shell (Bash),Unknown,GNU,2,2014-09-25T00:00:00.000Z,2hc5rk,cks1tkb
CVE-2014-7169,PUBLISHED,mitre,2014-09-25T01:00:00.000Z,2025-02-10T19:31:56.166Z,,,CWE-78,remote,cgi,Bourne-Again Shell (Bash),Unknown,GNU,22,2014-09-25T00:00:00.000Z,2hf734,cks5swq
CVE-2014-7169,PUBLISHED,mitre,2014-09-25T01:00:00.000Z,2025-02-10T19:31:56.166Z,,,CWE-78,remote,cgi,Bourne-Again Shell (Bash),Unknown,GNU,8,2014-09-25T00:00:00.000Z,2hfjl0,cks8ke3
CVE-2014-7169,PUBLISHED,mitre,2014-09-25T01:00:00.000Z,2025-02-10T19:31:56.166Z,,,CWE-78,remote,cgi,Bourne-Again Shell (Bash),Unknown,GNU,3,2014-09-25T00:00:00.000Z,2hfjl0,ckse0br
CVE-2014-7169,PUBLISHED,mitre,2014-09-25T01:00:00.000Z,2025-02-10T19:31:56.166Z,,,CWE-78,remote,cgi,Bourne-Again Shell (Bash),Unknown,GNU,1,2014-09-25T00:00:00.000Z,2hgjru,cksio9a
CVE-2014-7169,PUBLISHED,mitre,2014-09-25T01:00:00.000Z,2025-02-10T19:31:56.166Z,,,CWE-78,remote,cgi,Bourne-Again Shell (Bash),Unknown,GNU,1,2014-09-26T00:00:00.000Z,2hhhjx,ckt7ugt
CVE-2014-7169,PUBLISHED,mitre,2014-09-25T01:00:00.000Z,2025-02-10T19:31:56.166Z,,,CWE-78,remote,cgi,Bourne-Again Shell (Bash),Unknown,GNU,1,2014-09-29T00:00:00.000Z,2hstt2,ckw05x0
CVE-2014-7186,PUBLISHED,mitre,2014-09-28T19:00:00,2024-08-06T12:40:19.198Z,,,,remote,linux,,,,0,2014-09-28T00:00:00.000Z,2hqbvj,ckv1iuv
CVE-2014-7269,PUBLISHED,jpcert,2015-02-01T15:00:00,2024-08-06T12:47:31.627Z,,,,,,,,,3,2015-10-27T00:00:00.000Z,3qarhc,cwepymn
CVE-2014-7284,PUBLISHED,mitre,2014-10-13T10:00:00,2024-08-06T12:47:32.648Z,,,,,,,,,2,2014-10-04T00:00:00.000Z,2i3cjh,cl0dysb
CVE-2014-8104,PUBLISHED,redhat,2014-12-03T18:00:00,2024-08-06T13:10:50.993Z,,,,,,,,,29,2014-12-01T00:00:00.000Z,2nxkqn,cmi2646
CVE-2014-8142,PUBLISHED,redhat,2014-12-20T11:00:00,2024-08-06T13:10:51.133Z,,,,,,,,,8,2015-02-22T00:00:00.000Z,2wsbf6,cotu3kd
CVE-2014-8244,PUBLISHED,certcc,2014-11-01T10:00:00,2024-08-06T13:10:51.252Z,,,,,,,,,79,2019-05-13T00:00:00.000Z,bo6oad,encvvx4
CVE-2014-8272,PUBLISHED,certcc,2014-12-19T11:00:00,2024-08-06T13:10:50.943Z,,,,webapps,hardware,,,,1,2015-01-29T00:00:00.000Z,2u0kp1,co4n3he
CVE-2014-8642,PUBLISHED,mozilla,2015-01-14T11:00:00,2024-08-06T13:26:02.038Z,,,,,,,,,-1,2015-01-25T00:00:00.000Z,2tlp4x,co09pg8
CVE-2014-8730,PUBLISHED,mitre,2014-12-10T00:00:00,2024-08-06T13:26:02.525Z,,,,,,,,,17,2015-12-16T00:00:00.000Z,3wyq44,cy0fm3z
CVE-2014-8730,PUBLISHED,mitre,2014-12-10T00:00:00,2024-08-06T13:26:02.525Z,,,,,,,,,3,2015-01-27T00:00:00.000Z,2tw5dg,
CVE-2014-8967,PUBLISHED,microsoft,2014-12-15T17:27:00,2024-08-06T13:33:12.836Z,6.8,,,,,,,Microsoft,2,2014-12-09T00:00:00.000Z,2oqo2j,cmplmto
CVE-2014-9031,PUBLISHED,mitre,2014-11-25T23:00:00,2024-08-06T13:33:13.369Z,,,,,,,,,6,2014-12-11T00:00:00.000Z,2oyg49,cms78k3
CVE-2014-9090,PUBLISHED,mitre,2014-11-30T01:00:00,2024-08-06T13:33:13.681Z,,,,,,,,,9,2014-12-17T00:00:00.000Z,2pm2xd,cmxx4k4
CVE-2014-9222,PUBLISHED,mitre,2014-12-24T18:00:00,2024-08-06T13:40:24.498Z,,,,,,,,,2,2014-12-18T00:00:00.000Z,2poyp6,cmyoklm
CVE-2014-9222,PUBLISHED,mitre,2014-12-24T18:00:00,2024-08-06T13:40:24.498Z,,,,,,,,,4,2014-12-18T00:00:00.000Z,2polm6,cmyolzu
CVE-2014-9222,PUBLISHED,mitre,2014-12-24T18:00:00,2024-08-06T13:40:24.498Z,,,,,,,,,6,2014-12-18T00:00:00.000Z,2poyp6,cmyqwfz
CVE-2014-9293,PUBLISHED,mitre,2014-12-20T02:00:00,2024-08-06T13:40:25.037Z,,,,,,,,,2,2015-02-06T00:00:00.000Z,2uxnwh,cocq62d
CVE-2014-9295,PUBLISHED,mitre,2014-12-20T02:00:00,2024-08-06T13:40:24.985Z,,,,,,,,,14,2014-12-20T00:00:00.000Z,2pt0w8,cn09uex
CVE-2014-9322,PUBLISHED,mitre,2014-12-17T11:00:00,2024-08-06T13:40:25.229Z,,,,local,linux,,,,2,2015-01-07T00:00:00.000Z,2rm8aw,cnhfz2f
CVE-2014-9373,PUBLISHED,mitre,2014-12-16T18:00:00,2024-08-06T13:40:25.044Z,10.0,,,,,,,ManageEngine,1,2015-10-12T00:00:00.000Z,3o29ne,cvwia32
CVE-2014-9390,PUBLISHED,mitre,2020-02-12T01:58:27,2024-08-06T13:40:25.038Z,,,,,,,,,7,2014-12-20T00:00:00.000Z,2pw5kr,cn0k5sl
CVE-2014-9462,PUBLISHED,mitre,2015-03-31T14:00:00,2024-08-06T13:47:41.369Z,,,,,,,,,3,2015-03-18T00:00:00.000Z,2ze94x,cpijl5k
CVE-2014-9495,PUBLISHED,mitre,2015-01-10T19:00:00.000Z,2025-06-09T15:16:20.021Z,,,,,,,,,1,2018-03-13T00:00:00.000Z,847db1,dvnlnu3
CVE-2014-9583,PUBLISHED,mitre,2015-01-08T20:00:00,2024-08-06T13:47:41.675Z,,,,remote,hardware,,,,3,2015-01-21T00:00:00.000Z,2syoge,cnvpkss
CVE-2014-9601,PUBLISHED,mitre,2015-01-16T16:00:00,2024-08-06T13:47:41.668Z,,,,,,,,,1,2015-09-03T00:00:00.000Z,3jf31p,cuoz0mx
CVE-2015-0008,PUBLISHED,microsoft,2015-02-11T02:00:00,2024-08-06T03:55:27.644Z,,,,remote,windows,,,,1,2015-02-12T00:00:00.000Z,2vmlr9,coj0z6e
CVE-2015-0008,PUBLISHED,microsoft,2015-02-11T02:00:00,2024-08-06T03:55:27.644Z,,,,remote,windows,,,,1,2015-02-12T00:00:00.000Z,2vmlr9,coj2rel
CVE-2015-0008,PUBLISHED,microsoft,2015-02-11T02:00:00,2024-08-06T03:55:27.644Z,,,,remote,windows,,,,3,2017-01-07T00:00:00.000Z,5ml91s,dc4iljr
CVE-2015-0093,PUBLISHED,microsoft,2015-03-11T10:00:00,2024-08-06T03:55:28.023Z,,,,,,,,,2,2015-07-21T00:00:00.000Z,3dyuwv,ctajhqv
CVE-2015-0204,PUBLISHED,redhat,2015-01-09T02:00:00,2024-08-06T04:03:10.552Z,,,,,,,,,1,2015-03-03T00:00:00.000Z,2xtoe9,cp3a7bc
CVE-2015-0204,PUBLISHED,redhat,2015-01-09T02:00:00,2024-08-06T04:03:10.552Z,,,,,,,,,3,2015-03-04T00:00:00.000Z,2xu8h3,cp3yehw
CVE-2015-0235,PUBLISHED,redhat,2015-01-28T19:00:00,2024-08-06T04:03:10.392Z,,,,dos,linux,,,,2,2015-01-29T00:00:00.000Z,2tz0bm,co4c5m3
CVE-2015-0235,PUBLISHED,redhat,2015-01-28T19:00:00,2024-08-06T04:03:10.392Z,,,,dos,linux,,,,4,2015-07-13T00:00:00.000Z,3d2g09,ct1q9uk
CVE-2015-0235,PUBLISHED,redhat,2015-01-28T19:00:00,2024-08-06T04:03:10.392Z,,,,dos,linux,,,,6,2016-01-05T00:00:00.000Z,3zk2su,cymsqir
CVE-2015-0235,PUBLISHED,redhat,2015-01-28T19:00:00,2024-08-06T04:03:10.392Z,,,,dos,linux,,,,1,2015-01-27T00:00:00.000Z,2tuq1k,co2gsfs
CVE-2015-0235,PUBLISHED,redhat,2015-01-28T19:00:00,2024-08-06T04:03:10.392Z,,,,dos,linux,,,,3,2015-01-28T00:00:00.000Z,2tulbd,co30xjo
CVE-2015-0235,PUBLISHED,redhat,2015-01-28T19:00:00,2024-08-06T04:03:10.392Z,,,,dos,linux,,,,1,2015-01-29T00:00:00.000Z,2u1gym,co4gy5m
CVE-2015-0235,PUBLISHED,redhat,2015-01-28T19:00:00,2024-08-06T04:03:10.392Z,,,,dos,linux,,,,32,2015-01-28T00:00:00.000Z,2ty76r,co3f9r9
CVE-2015-0235,PUBLISHED,redhat,2015-01-28T19:00:00,2024-08-06T04:03:10.392Z,,,,dos,linux,,,,19,2015-01-28T00:00:00.000Z,2ty76r,co3fhs5
CVE-2015-0235,PUBLISHED,redhat,2015-01-28T19:00:00,2024-08-06T04:03:10.392Z,,,,dos,linux,,,,9,2015-01-28T00:00:00.000Z,2ty76r,co3g3oo
CVE-2015-0235,PUBLISHED,redhat,2015-01-28T19:00:00,2024-08-06T04:03:10.392Z,,,,dos,linux,,,,2,2015-01-28T00:00:00.000Z,2ty76r,co3m81y
CVE-2015-0235,PUBLISHED,redhat,2015-01-28T19:00:00,2024-08-06T04:03:10.392Z,,,,dos,linux,,,,5,2015-01-28T00:00:00.000Z,2ty76r,co3n5yb
CVE-2015-0235,PUBLISHED,redhat,2015-01-28T19:00:00,2024-08-06T04:03:10.392Z,,,,dos,linux,,,,1,2015-08-15T00:00:00.000Z,3h0krj,cu3u561
CVE-2015-0235,PUBLISHED,redhat,2015-01-28T19:00:00,2024-08-06T04:03:10.392Z,,,,dos,linux,,,,168,2015-01-27T00:00:00.000Z,2tui27,
CVE-2015-0235,PUBLISHED,redhat,2015-01-28T19:00:00,2024-08-06T04:03:10.392Z,,,,dos,linux,,,,3,2015-02-07T00:00:00.000Z,2v2a6y,
CVE-2015-0285,PUBLISHED,redhat,2015-03-19T00:00:00,2024-08-06T04:03:10.803Z,,,,,,,,,9,2015-03-19T00:00:00.000Z,2zl2pb,cpjwmt6
CVE-2015-0286,PUBLISHED,redhat,2015-03-19T00:00:00,2024-08-06T04:03:10.760Z,,,,,,,,,1,2015-03-19T00:00:00.000Z,2zl8dn,cpjyv3s
CVE-2015-0286,PUBLISHED,redhat,2015-03-19T00:00:00,2024-08-06T04:03:10.760Z,,,,,,,,,58,2015-03-19T00:00:00.000Z,2zlnax,
CVE-2015-0291,PUBLISHED,redhat,2015-03-19T00:00:00,2024-08-06T04:03:10.909Z,,,,,,,,,4,2015-03-20T00:00:00.000Z,2zmshh,cpkxcq4
CVE-2015-0310,PUBLISHED,adobe,2015-01-23T21:00:00.000Z,2025-02-10T20:54:56.634Z,,,CWE-264,,,Flash Player,Unknown,Adobe,1,2015-01-22T00:00:00.000Z,2t6kmi,cnxef8o
CVE-2015-0311,PUBLISHED,adobe,2015-01-23T21:00:00.000Z,2025-02-04T21:58:49.941Z,,,,remote,windows,Flash Player,Unknown,Adobe,10,2015-01-23T00:00:00.000Z,2tepgx,cnycgac
CVE-2015-0313,PUBLISHED,adobe,2015-02-02T19:00:00.000Z,2025-02-04T21:58:14.726Z,,,CWE-416,remote,windows,Flash Player,Unknown,Adobe,6,2015-02-02T00:00:00.000Z,2uiwrp,co8v4zt
CVE-2015-0318,PUBLISHED,adobe,2015-02-06T00:00:00,2024-08-06T04:03:11.047Z,,,,remote,windows,,,,1,2018-12-29T00:00:00.000Z,aamv3c,ectjax1
CVE-2015-0318,PUBLISHED,adobe,2015-02-06T00:00:00,2024-08-06T04:03:11.047Z,,,,remote,windows,,,,0,2018-12-29T00:00:00.000Z,aamv3c,
CVE-2015-0558,PUBLISHED,mitre,2020-01-14T16:35:37,2024-08-06T04:10:10.967Z,,,,,,,,,17,2020-03-30T00:00:00.000Z,frgco0,
CVE-2015-0699,PUBLISHED,cisco,2015-04-15T10:00:00,2024-08-06T04:17:32.621Z,,,,,,,,,1,2020-01-14T00:00:00.000Z,eomrkd,fee6klm
CVE-2015-0935,PUBLISHED,certcc,2015-05-25T19:00:00,2024-08-06T04:26:11.548Z,,,,remote,linux,,,,1,2015-05-11T00:00:00.000Z,35ffsd,cr5gnjy
CVE-2015-1358,PUBLISHED,mitre,2015-02-18T02:00:00,2024-08-06T04:40:18.560Z,,,,,,,,,6,2015-10-08T00:00:00.000Z,3nyky8,cvszyda
CVE-2015-1538,PUBLISHED,mitre,2015-10-01T00:00:00,2024-08-06T04:47:16.832Z,,,,remote,android,,,,2,2017-06-15T00:00:00.000Z,6hb2dh,dixbvpq
CVE-2015-1538,PUBLISHED,mitre,2015-10-01T00:00:00,2024-08-06T04:47:16.832Z,,,,remote,android,,,,13,2020-03-29T00:00:00.000Z,fr37hj,fltj8cx
CVE-2015-1538,PUBLISHED,mitre,2015-10-01T00:00:00,2024-08-06T04:47:16.832Z,,,,remote,android,,,,10,2015-07-27T00:00:00.000Z,3es6q4,cti2dtz
CVE-2015-1538,PUBLISHED,mitre,2015-10-01T00:00:00,2024-08-06T04:47:16.832Z,,,,remote,android,,,,39,2015-10-08T00:00:00.000Z,3nyky8,cvshuay
CVE-2015-1538,PUBLISHED,mitre,2015-10-01T00:00:00,2024-08-06T04:47:16.832Z,,,,remote,android,,,,12,2018-01-18T00:00:00.000Z,7r9svm,
CVE-2015-1548,PUBLISHED,mitre,2015-02-10T19:00:00,2024-08-06T04:47:17.170Z,,,,,,,,,2,2016-01-09T00:00:00.000Z,40788l,cys0vlk
CVE-2015-1635,PUBLISHED,microsoft,2015-04-14T20:00:00.000Z,2025-02-10T21:15:50.615Z,,,CWE-94,dos,windows,HTTP.sys,Unknown,Microsoft,1,2015-04-17T00:00:00.000Z,32xhhk,cqfk3a9
CVE-2015-1635,PUBLISHED,microsoft,2015-04-14T20:00:00.000Z,2025-02-10T21:15:50.615Z,,,CWE-94,dos,windows,HTTP.sys,Unknown,Microsoft,1,2016-05-13T00:00:00.000Z,4izypf,d33ezku
CVE-2015-1701,PUBLISHED,microsoft,2015-04-21T10:00:00.000Z,2025-02-10T18:01:52.947Z,,,CWE-264,local,windows,Win32k,Known,Microsoft,1,2015-04-22T00:00:00.000Z,338qxi,cqkriht
CVE-2015-1716,PUBLISHED,microsoft,2015-05-13T10:00:00,2024-08-06T04:54:14.879Z,,,,,,,,,0,2015-05-20T00:00:00.000Z,36kyka,crfepek
CVE-2015-1793,PUBLISHED,redhat,2015-07-09T19:00:00,2024-08-06T04:54:16.256Z,,,,webapps,multiple,,,,13,2015-07-09T00:00:00.000Z,3cofxf,csxjqel
CVE-2015-1793,PUBLISHED,redhat,2015-07-09T19:00:00,2024-08-06T04:54:16.256Z,,,,webapps,multiple,,,,7,2015-07-10T00:00:00.000Z,3cofxf,csy1xfe
CVE-2015-1793,PUBLISHED,redhat,2015-07-09T19:00:00,2024-08-06T04:54:16.256Z,,,,webapps,multiple,,,,27,2015-07-09T00:00:00.000Z,3co6bd,csxcvps
CVE-2015-1793,PUBLISHED,redhat,2015-07-09T19:00:00,2024-08-06T04:54:16.256Z,,,,webapps,multiple,,,,9,2015-07-09T00:00:00.000Z,3co6bd,csxdr2x
CVE-2015-1793,PUBLISHED,redhat,2015-07-09T19:00:00,2024-08-06T04:54:16.256Z,,,,webapps,multiple,,,,4,2015-07-09T00:00:00.000Z,3co6bd,csxdy31
CVE-2015-1801,PUBLISHED,redhat,2017-08-24T20:00:00,2024-08-06T04:54:16.249Z,,,,,,,,,6,2015-09-21T00:00:00.000Z,3ltv71,cv97u06
CVE-2015-1855,PUBLISHED,redhat,2019-11-29T20:46:48,2024-08-06T04:54:16.307Z,,,,,,,,,1,2015-04-14T00:00:00.000Z,32h871,cqc3jnn
CVE-2015-2051,PUBLISHED,mitre,2015-02-23T17:00:00,2025-01-06T14:50:03.347129Z,,,CWE-77,remote,hardware,DIR-645 Router,Unknown,D-Link,11,2024-05-03T00:00:00.000Z,1cj9s5s,
CVE-2015-2081,PUBLISHED,mitre,2018-02-20T06:00:00,2024-08-06T05:02:43.406Z,,,,,,,,,8,2018-02-26T00:00:00.000Z,80ex76,
CVE-2015-2208,PUBLISHED,mitre,2015-03-12T14:00:00,2024-08-06T05:10:16.156Z,,,,webapps,php,,,,1,2016-11-22T00:00:00.000Z,5e4x9a,daawym8
CVE-2015-2361,PUBLISHED,microsoft,2015-07-14T21:00:00,2024-08-06T05:10:16.042Z,,,,,,,,,2,2015-06-15T00:00:00.000Z,39xcwv,cs7harv
CVE-2015-2362,PUBLISHED,microsoft,2015-07-14T21:00:00,2024-08-06T05:10:15.967Z,,,,,,,,,1,2016-05-20T00:00:00.000Z,4k9kcq,d3dgfqd
CVE-2015-2414,PUBLISHED,microsoft,2015-07-14T21:00:00,2024-08-06T05:10:16.721Z,,,,,,,,,1,2016-04-22T00:00:00.000Z,4fxu3g,
CVE-2015-2419,PUBLISHED,microsoft,2015-07-14T21:00:00.000Z,2025-02-10T18:57:59.483Z,,,CWE-119,local,windows,Internet Explorer,Unknown,Microsoft,2,2016-01-18T00:00:00.000Z,41gjds,cz2uxrg
CVE-2015-2426,PUBLISHED,microsoft,2015-07-20T18:00:00.000Z,2025-02-10T20:20:30.553Z,,,CWE-119,local,windows_x86-64,Windows,Unknown,Microsoft,9,2015-07-20T00:00:00.000Z,3dyuwv,cta1d5u
CVE-2015-2426,PUBLISHED,microsoft,2015-07-20T18:00:00.000Z,2025-02-10T20:20:30.553Z,,,CWE-119,local,windows_x86-64,Windows,Unknown,Microsoft,9,2015-07-21T00:00:00.000Z,3dyuwv,ctadjey
CVE-2015-2426,PUBLISHED,microsoft,2015-07-20T18:00:00.000Z,2025-02-10T20:20:30.553Z,,,CWE-119,local,windows_x86-64,Windows,Unknown,Microsoft,2,2015-07-20T00:00:00.000Z,3dyrlf,cta2iye
CVE-2015-2473,PUBLISHED,microsoft,2015-08-15T00:00:00,2024-08-06T05:17:27.000Z,,,,,,,,,2,2015-08-20T00:00:00.000Z,3hq8is,
CVE-2015-2474,PUBLISHED,microsoft,2015-08-15T00:00:00,2024-08-06T05:17:27.295Z,,,,,,,,,2,2020-11-16T00:00:00.000Z,jv50nb,
CVE-2015-2862,PUBLISHED,certcc,2015-07-20T23:00:00,2024-08-06T05:32:19.800Z,,,,webapps,windows,,,,0,2022-10-21T00:00:00.000Z,y9rjv6,it9072y
CVE-2015-2865,REJECTED,certcc,2015-06-19T14:00:00,2015-06-19T11:57:00,,,,,,,,,7,2015-06-17T00:00:00.000Z,3a2owv,cs9jwsr
CVE-2015-3036,PUBLISHED,mitre,2015-05-21T01:00:00,2024-08-06T05:32:21.368Z,,,,dos,hardware,,,,1,2015-05-20T00:00:00.000Z,36lzcy,crfikpv
CVE-2015-3105,PUBLISHED,adobe,2015-06-10T01:00:00,2024-08-06T05:39:31.089Z,,,,remote,multiple,,,,6,2015-07-02T00:00:00.000Z,3bwege,
CVE-2015-3113,PUBLISHED,adobe,2015-06-23T21:00:00.000Z,2025-02-04T21:55:28.414Z,,,CWE-119,remote,multiple,Flash Player,Unknown,Adobe,2,2015-06-30T00:00:00.000Z,3bm1z4,csnf10h
CVE-2015-3152,PUBLISHED,redhat,2016-05-16T10:00:00,2024-08-06T05:39:32.049Z,,,,,,,,,1,2015-05-11T00:00:00.000Z,35ltq7,cr5x4og
CVE-2015-3183,PUBLISHED,redhat,2015-07-20T23:00:00,2024-08-06T05:39:31.699Z,,,,,,,,,3,2015-09-29T00:00:00.000Z,3mvd91,cvihm53
CVE-2015-3183,PUBLISHED,redhat,2015-07-20T23:00:00,2024-08-06T05:39:31.699Z,,,,,,,,,2,2015-09-30T00:00:00.000Z,3mvd91,cvjfg9d
CVE-2015-3183,PUBLISHED,redhat,2015-07-20T23:00:00,2024-08-06T05:39:31.699Z,,,,,,,,,3,2015-09-29T00:00:00.000Z,3mvd91,
CVE-2015-3194,PUBLISHED,redhat,2015-12-06T00:00:00,2024-08-06T05:39:31.986Z,,,,,,,,,3,2015-12-04T00:00:00.000Z,3veh73,cxmv6w6
CVE-2015-3197,PUBLISHED,redhat,2016-02-15T00:00:00,2024-08-06T05:39:31.828Z,,,,,,,,,10,2016-03-01T00:00:00.000Z,48gce1,d0jojdh
CVE-2015-3197,PUBLISHED,redhat,2016-02-15T00:00:00,2024-08-06T05:39:31.828Z,,,,,,,,,3,2016-03-01T00:00:00.000Z,48gce1,d0joocp
CVE-2015-3245,PUBLISHED,redhat,2015-08-11T14:00:00,2024-08-06T05:39:32.007Z,,,,dos,linux,,,,1,2015-07-24T00:00:00.000Z,3ed4fu,cte3274
CVE-2015-3245,PUBLISHED,redhat,2015-08-11T14:00:00,2024-08-06T05:39:32.007Z,,,,dos,linux,,,,2,2015-07-24T00:00:00.000Z,3eeq3f,cteaenl
CVE-2015-3245,PUBLISHED,redhat,2015-08-11T14:00:00,2024-08-06T05:39:32.007Z,,,,dos,linux,,,,2,2015-08-08T00:00:00.000Z,3g5h7u,ctw49cc
CVE-2015-3306,PUBLISHED,mitre,2015-05-18T15:00:00,2024-08-06T05:39:32.231Z,,,,remote,linux,,,,5,2015-07-02T00:00:00.000Z,3bxdje,
CVE-2015-3431,PUBLISHED,mitre,2017-09-19T15:00:00,2024-08-06T05:47:57.684Z,,,,,,,,,1,2020-02-07T00:00:00.000Z,f0hqn4,fgu5n7v
CVE-2015-3456,PUBLISHED,mitre,2015-05-13T18:00:00,2024-08-06T05:47:57.892Z,,,,dos,multiple,,,,11,2016-02-02T00:00:00.000Z,43vgzz,czlip60
CVE-2015-3456,PUBLISHED,mitre,2015-05-13T18:00:00,2024-08-06T05:47:57.892Z,,,,dos,multiple,,,,1,2021-08-25T00:00:00.000Z,p20s19,ha8xd7g
CVE-2015-3456,PUBLISHED,mitre,2015-05-13T18:00:00,2024-08-06T05:47:57.892Z,,,,dos,multiple,,,,16,2015-05-13T00:00:00.000Z,35tnv8,cr80ldp
CVE-2015-3860,PUBLISHED,google_android,2015-10-01T00:00:00,2024-08-06T05:56:15.700Z,,,,,,,,,2,2019-12-31T00:00:00.000Z,ei30mq,fcn1o3f
CVE-2015-3864,PUBLISHED,google_android,2015-10-01T00:00:00,2024-08-06T05:56:15.946Z,,,,remote,android,,,,12,2016-03-20T00:00:00.000Z,4b75s5,d16qnzt
CVE-2015-3864,PUBLISHED,google_android,2015-10-01T00:00:00,2024-08-06T05:56:15.946Z,,,,remote,android,,,,2,2020-10-02T00:00:00.000Z,j3wwpv,g7g7x3c
CVE-2015-4000,PUBLISHED,mitre,2015-05-21T00:00:00,2024-08-06T06:04:02.725Z,,,,,,,,,3,2015-05-21T00:00:00.000Z,36kyka,crgj1ra
CVE-2015-4001,PUBLISHED,mitre,2015-06-07T23:00:00,2024-08-06T06:04:02.587Z,,,,,,,,,1,2023-10-26T00:00:00.000Z,17h1d0t,
CVE-2015-4495,PUBLISHED,mozilla,2015-08-08T00:00:00.000Z,2025-02-07T12:51:03.386Z,,,CWE-200,local,multiple,Firefox,Unknown,Mozilla,1,2018-08-03T00:00:00.000Z,9404zf,e3i9vss
CVE-2015-4642,PUBLISHED,redhat,2016-05-16T10:00:00,2024-08-06T06:18:12.095Z,,,,,,,,,1,2017-01-29T00:00:00.000Z,5qr62f,dd1vdox
CVE-2015-4642,PUBLISHED,redhat,2016-05-16T10:00:00,2024-08-06T06:18:12.095Z,,,,,,,,,3,2016-11-21T00:00:00.000Z,5e4x9a,
CVE-2015-4852,PUBLISHED,oracle,2015-11-18T15:00:00.000Z,2025-02-04T18:47:35.564Z,,,CWE-502,remote,java,WebLogic Server,Unknown,Oracle,1,2015-11-11T00:00:00.000Z,3rrr9z,cwweuik
CVE-2015-4852,PUBLISHED,oracle,2015-11-18T15:00:00.000Z,2025-02-04T18:47:35.564Z,,,CWE-502,remote,java,WebLogic Server,Unknown,Oracle,1,2015-11-15T00:00:00.000Z,3rrr9z,cx1ems4
CVE-2015-4852,PUBLISHED,oracle,2015-11-18T15:00:00.000Z,2025-02-04T18:47:35.564Z,,,CWE-502,remote,java,WebLogic Server,Unknown,Oracle,2,2016-12-14T00:00:00.000Z,5ic21c,
CVE-2015-5119,PUBLISHED,adobe,2015-07-08T14:00:00.000Z,2025-02-04T21:56:07.475Z,,,CWE-119,remote,multiple,Flash Player,Unknown,Adobe,1,2015-07-12T00:00:00.000Z,3cvv7o,ct0xqxy
CVE-2015-5122,PUBLISHED,adobe,2015-07-14T10:00:00.000Z,2025-02-04T21:56:40.596Z,,,CWE-416,remote,windows,Flash Player,Unknown,Adobe,33,2015-07-12T00:00:00.000Z,3d00rv,ct0oerv
CVE-2015-5123,PUBLISHED,adobe,2015-07-14T10:00:00.000Z,2025-02-04T21:57:09.162Z,,,CWE-416,,,Flash Player,Unknown,Adobe,3,2015-07-12T00:00:00.000Z,3cvv7o,ct0jg0f
CVE-2015-5156,PUBLISHED,redhat,2015-10-19T10:00:00,2024-08-06T06:32:32.727Z,,,,,,,,,1,2017-04-25T00:00:00.000Z,67dizh,dgqagny
CVE-2015-5157,PUBLISHED,redhat,2015-08-31T10:00:00,2024-08-06T06:32:32.976Z,,,,,,,,,2,2015-09-30T00:00:00.000Z,3mvmom,cvjn0fw
CVE-2015-5352,PUBLISHED,mitre,2015-08-03T00:00:00,2024-08-06T06:41:09.541Z,,,,,,,,,4,2015-07-08T00:00:00.000Z,3cjsg8,cswj1ha
CVE-2015-5352,PUBLISHED,mitre,2015-08-03T00:00:00,2024-08-06T06:41:09.541Z,,,,,,,,,3,2015-07-08T00:00:00.000Z,3cjsg8,cswnb86
CVE-2015-5352,PUBLISHED,mitre,2015-08-03T00:00:00,2024-08-06T06:41:09.541Z,,,,,,,,,1,2015-07-10T00:00:00.000Z,3cjsg8,csy7zjj
CVE-2015-5352,PUBLISHED,mitre,2015-08-03T00:00:00,2024-08-06T06:41:09.541Z,,,,,,,,,1,2015-07-08T00:00:00.000Z,3cljgo,cswofpj
CVE-2015-5477,PUBLISHED,mitre,2015-07-29T14:00:00,2024-08-06T06:50:02.071Z,,,,dos,multiple,,,,5,2015-07-28T00:00:00.000Z,3ey2pv,ctjjfk0
CVE-2015-5477,PUBLISHED,mitre,2015-07-29T14:00:00,2024-08-06T06:50:02.071Z,,,,dos,multiple,,,,0,2015-07-30T00:00:00.000Z,3ed4fu,ctlmzbl
CVE-2015-5477,PUBLISHED,mitre,2015-07-29T14:00:00,2024-08-06T06:50:02.071Z,,,,dos,multiple,,,,1,2015-08-05T00:00:00.000Z,3fr21i,cts5vot
CVE-2015-5477,PUBLISHED,mitre,2015-07-29T14:00:00,2024-08-06T06:50:02.071Z,,,,dos,multiple,,,,2,2015-07-30T00:00:00.000Z,3f4fo4,ctlf9ki
CVE-2015-5477,PUBLISHED,mitre,2015-07-29T14:00:00,2024-08-06T06:50:02.071Z,,,,dos,multiple,,,,3,2015-07-30T00:00:00.000Z,3f6n3n,ctlr8yq
CVE-2015-5477,PUBLISHED,mitre,2015-07-29T14:00:00,2024-08-06T06:50:02.071Z,,,,dos,multiple,,,,1,2015-07-30T00:00:00.000Z,3f4fo4,ctlv9n6
CVE-2015-5477,PUBLISHED,mitre,2015-07-29T14:00:00,2024-08-06T06:50:02.071Z,,,,dos,multiple,,,,4,2015-07-31T00:00:00.000Z,3f6n3n,ctmox59
CVE-2015-5477,PUBLISHED,mitre,2015-07-29T14:00:00,2024-08-06T06:50:02.071Z,,,,dos,multiple,,,,1,2015-08-05T00:00:00.000Z,3fupiv,
CVE-2015-5477,PUBLISHED,mitre,2015-07-29T14:00:00,2024-08-06T06:50:02.071Z,,,,dos,multiple,,,,10,2015-07-28T00:00:00.000Z,3ey2pv,
CVE-2015-5722,PUBLISHED,mitre,2015-09-05T01:00:00,2024-08-06T06:59:04.288Z,,,,,,,,,2,2015-09-08T00:00:00.000Z,3k32s7,cuue06z
CVE-2015-5722,PUBLISHED,mitre,2015-09-05T01:00:00,2024-08-06T06:59:04.288Z,,,,,,,,,2,2015-11-13T00:00:00.000Z,3sjgor,cwygefn
CVE-2015-5897,PUBLISHED,apple,2015-10-09T01:00:00,2024-08-06T07:06:34.551Z,,,,,,,,,3,2015-10-13T00:00:00.000Z,3ombeu,cvyknbg
CVE-2015-6055,PUBLISHED,microsoft,2015-10-14T01:00:00,2024-08-06T07:06:35.224Z,6.8,,,,,,,Microsoft,4,2016-04-26T00:00:00.000Z,4gf94l,d2hrqcv
CVE-2015-6125,PUBLISHED,microsoft,2015-12-09T11:00:00,2024-08-06T07:15:13.127Z,,,,,,,,,1,2019-02-05T00:00:00.000Z,ancwet,eftiyhb
CVE-2015-6172,PUBLISHED,microsoft,2015-12-09T11:00:00,2024-08-06T07:15:13.011Z,,,,,,,,,2,2016-02-15T00:00:00.000Z,45ttxx,d00n18r
CVE-2015-6327,PUBLISHED,cisco,2015-10-25T01:00:00,2024-08-06T07:15:13.375Z,,,,,,,,,4,2016-02-11T00:00:00.000Z,453i8i,czw45x1
CVE-2015-6327,PUBLISHED,cisco,2015-10-25T01:00:00,2024-08-06T07:15:13.375Z,,,,,,,,,3,2015-11-20T00:00:00.000Z,3tm7pr,
CVE-2015-6420,PUBLISHED,cisco,2015-12-15T02:00:00.000Z,2025-03-25T16:42:10.313Z,,,,,,,,,20,2021-09-16T00:00:00.000Z,pperxk,
CVE-2015-6585,PUBLISHED,mitre,2017-07-25T18:00:00,2024-08-06T07:22:22.418Z,,,,,,,,,9,2017-06-13T00:00:00.000Z,6h2de7,
CVE-2015-6639,PUBLISHED,google_android,2016-01-06T00:00:00.000Z,2025-02-13T16:27:12.925Z,,,,local,android,,,,46,2016-07-02T00:00:00.000Z,4qykgr,d4wxl69
CVE-2015-6639,PUBLISHED,google_android,2016-01-06T00:00:00.000Z,2025-02-13T16:27:12.925Z,,,,local,android,,,,1,2016-02-13T00:00:00.000Z,454hx2,czyoj9w
CVE-2015-6933,PUBLISHED,mitre,2016-01-09T02:00:00,2024-08-06T07:36:34.531Z,,,,,,,,,4,2016-02-08T00:00:00.000Z,44rqai,czse5m0
CVE-2015-7244,PUBLISHED,certcc,2015-11-04T02:00:00,2024-08-06T07:43:45.692Z,,,,,,,,,5,2016-03-01T00:00:00.000Z,48f349,d0jd994
CVE-2015-7272,PUBLISHED,certcc,2017-04-10T03:00:00,2024-08-06T07:43:46.058Z,,,,,,,,,2,2018-04-13T00:00:00.000Z,8c05vi,dxbj0tu
CVE-2015-7358,PUBLISHED,mitre,2017-10-02T19:00:00,2024-08-06T07:43:46.183Z,,,,local,windows_x86,,,,1,2016-10-09T00:00:00.000Z,55l1of,d8knorg
CVE-2015-7503,PUBLISHED,redhat,2017-10-10T16:00:00,2024-08-06T07:51:28.216Z,,,,,,,,,2,2015-12-29T00:00:00.000Z,3youqo,cyf9z6e
CVE-2015-7545,PUBLISHED,redhat,2016-04-13T15:00:00,2024-08-06T07:51:28.413Z,,,,,,,,,9,2016-03-16T00:00:00.000Z,4akx52,d11wl32
CVE-2015-7547,PUBLISHED,redhat,2016-02-18T21:00:00,2024-08-06T07:51:28.440Z,,,,dos,linux,,,,6,2016-02-17T00:00:00.000Z,467t4s,d03d2rk
CVE-2015-7547,PUBLISHED,redhat,2016-02-18T21:00:00,2024-08-06T07:51:28.440Z,,,,dos,linux,,,,1,2016-02-16T00:00:00.000Z,462v0t,d01xwb8
CVE-2015-7547,PUBLISHED,redhat,2016-02-18T21:00:00,2024-08-06T07:51:28.440Z,,,,dos,linux,,,,32,2016-02-16T00:00:00.000Z,462xx0,d022ndr
CVE-2015-7547,PUBLISHED,redhat,2016-02-18T21:00:00,2024-08-06T07:51:28.440Z,,,,dos,linux,,,,20,2016-02-16T00:00:00.000Z,462xx0,d0232fi
CVE-2015-7547,PUBLISHED,redhat,2016-02-18T21:00:00,2024-08-06T07:51:28.440Z,,,,dos,linux,,,,3,2016-02-17T00:00:00.000Z,462xx0,d02swpm
CVE-2015-7547,PUBLISHED,redhat,2016-02-18T21:00:00,2024-08-06T07:51:28.440Z,,,,dos,linux,,,,13,2016-02-17T00:00:00.000Z,462xx0,d02undj
CVE-2015-7547,PUBLISHED,redhat,2016-02-18T21:00:00,2024-08-06T07:51:28.440Z,,,,dos,linux,,,,1,2016-02-17T00:00:00.000Z,462xx0,d03g6bc
CVE-2015-7547,PUBLISHED,redhat,2016-02-18T21:00:00,2024-08-06T07:51:28.440Z,,,,dos,linux,,,,16,2016-02-16T00:00:00.000Z,462ob3,d020rva
CVE-2015-7547,PUBLISHED,redhat,2016-02-18T21:00:00,2024-08-06T07:51:28.440Z,,,,dos,linux,,,,1,2016-02-16T00:00:00.000Z,462ob3,d024c5c
CVE-2015-7547,PUBLISHED,redhat,2016-02-18T21:00:00,2024-08-06T07:51:28.440Z,,,,dos,linux,,,,3,2016-02-16T00:00:00.000Z,462ob3,d02aflf
CVE-2015-7547,PUBLISHED,redhat,2016-02-18T21:00:00,2024-08-06T07:51:28.440Z,,,,dos,linux,,,,3,2016-02-19T00:00:00.000Z,46m3w2,d065oip
CVE-2015-7547,PUBLISHED,redhat,2016-02-18T21:00:00,2024-08-06T07:51:28.440Z,,,,dos,linux,,,,6,2016-02-22T00:00:00.000Z,46xjle,d08s60k
CVE-2015-7547,PUBLISHED,redhat,2016-02-18T21:00:00,2024-08-06T07:51:28.440Z,,,,dos,linux,,,,4,2017-01-13T00:00:00.000Z,5npg7n,dcdy6w1
CVE-2015-7547,PUBLISHED,redhat,2016-02-18T21:00:00,2024-08-06T07:51:28.440Z,,,,dos,linux,,,,1,2016-02-24T00:00:00.000Z,47b720,
CVE-2015-7645,PUBLISHED,adobe,2015-10-15T10:00:00.000Z,2025-02-04T21:45:18.076Z,,,,dos,multiple,Flash Player,Known,Adobe,3,2015-10-16T00:00:00.000Z,3p00hi,cw25grv
CVE-2015-7754,PUBLISHED,mitre,2016-01-08T19:00:00,2024-08-06T07:59:00.598Z,,,,,,,,,4,2015-12-18T00:00:00.000Z,3xa5kp,cy2u7ko
CVE-2015-7985,PUBLISHED,mitre,2015-11-24T20:00:00,2024-08-06T08:06:31.526Z,,,,local,windows,,,,79,2019-08-08T00:00:00.000Z,cnj0mj,ewbafi6
CVE-2015-7985,PUBLISHED,mitre,2015-11-24T20:00:00,2024-08-06T08:06:31.526Z,,,,local,windows,,,,1,2022-01-14T00:00:00.000Z,s3qkth,
CVE-2015-8025,PUBLISHED,mitre,2015-11-10T16:00:00,2024-08-06T08:06:31.810Z,,,,,,,,,9,2021-01-21T00:00:00.000Z,l1csit,gk0ce9g
CVE-2015-8399,PUBLISHED,mitre,2016-04-11T21:00:00,2024-08-06T08:13:32.655Z,,,,webapps,xml,,,,2,2016-08-28T00:00:00.000Z,4zodbd,d6zy1ly
CVE-2015-8400,PUBLISHED,mitre,2016-01-12T19:00:00,2024-08-06T08:13:32.892Z,,,,,,,,,2,2017-05-26T00:00:00.000Z,6dgvhl,di2ll2a
CVE-2015-8562,PUBLISHED,mitre,2015-12-16T21:00:00,2024-08-06T08:20:43.177Z,,,,webapps,php,,,,1,2016-11-22T00:00:00.000Z,5e4x9a,daaai7l
CVE-2015-8562,PUBLISHED,mitre,2015-12-16T21:00:00,2024-08-06T08:20:43.177Z,,,,webapps,php,,,,2,2015-12-15T00:00:00.000Z,3wt0yk,cy04une
CVE-2015-8562,PUBLISHED,mitre,2015-12-16T21:00:00,2024-08-06T08:20:43.177Z,,,,webapps,php,,,,2,2015-12-15T00:00:00.000Z,3wt0yk,cy0cn1v
CVE-2015-8562,PUBLISHED,mitre,2015-12-16T21:00:00,2024-08-06T08:20:43.177Z,,,,webapps,php,,,,54,2016-08-30T00:00:00.000Z,508w8c,d72k8dj
CVE-2015-8562,PUBLISHED,mitre,2015-12-16T21:00:00,2024-08-06T08:20:43.177Z,,,,webapps,php,,,,6,2016-08-30T00:00:00.000Z,50ao2g,
CVE-2015-8562,PUBLISHED,mitre,2015-12-16T21:00:00,2024-08-06T08:20:43.177Z,,,,webapps,php,,,,5,2016-08-30T00:00:00.000Z,50alui,
CVE-2015-8562,PUBLISHED,mitre,2015-12-16T21:00:00,2024-08-06T08:20:43.177Z,,,,webapps,php,,,,0,2016-08-30T00:00:00.000Z,50amp2,
CVE-2015-8618,PUBLISHED,mitre,2016-01-27T20:00:00,2024-08-06T08:20:43.463Z,,,,,,,,,7,2016-04-25T00:00:00.000Z,4garpu,d2gc7dq
CVE-2015-9235,PUBLISHED,hackerone,2018-05-29T20:00:00Z,2024-09-16T23:05:54.010Z,,,CWE-20,,,,,,5,2023-02-14T00:00:00.000Z,112h4da,j8kblj5
CVE-2015-9251,PUBLISHED,mitre,2018-01-18T23:00:00,2024-08-06T08:43:41.697Z,,,,,,,,,1,2024-10-30T00:00:00.000Z,dkjte2,luhs8r4
CVE-2015-9251,PUBLISHED,mitre,2018-01-18T23:00:00,2024-08-06T08:43:41.697Z,,,,,,,,,2,2018-12-30T00:00:00.000Z,aavint,
CVE-2015-9253,PUBLISHED,mitre,2018-02-19T19:00:00,2024-08-06T08:43:42.253Z,,,,,,,,,1,2018-06-26T00:00:00.000Z,8np4uv,e1bm7uk
CVE-2015-9254,PUBLISHED,mitre,2018-02-20T06:00:00Z,2024-09-16T20:47:07.935Z,,,,,,,,,2,2018-02-26T00:00:00.000Z,80ex76,duv0qvd
CVE-2016-0051,PUBLISHED,microsoft,2016-02-10T11:00:00,2024-08-05T22:08:12.686Z,,,,local,windows,,,,3,2021-06-15T00:00:00.000Z,o0akuf,h1usoyv
CVE-2016-0128,PUBLISHED,microsoft,2016-04-12T23:00:00,2024-08-05T22:08:13.324Z,,,,,,,,,7,2017-05-01T00:00:00.000Z,68ov9l,
CVE-2016-0147,PUBLISHED,microsoft,2016-04-12T23:00:00,2024-08-05T22:08:13.351Z,,,,,,,,,1,2024-05-08T00:00:00.000Z,1cmr2fd,l327x48
CVE-2016-0189,PUBLISHED,microsoft,2016-05-11T01:00:00.000Z,2025-02-10T16:48:20.272Z,,,CWE-119,local,windows,Internet Explorer,Unknown,Microsoft,2,2017-03-23T00:00:00.000Z,613l81,dfbjwks
CVE-2016-0639,PUBLISHED,oracle,2016-04-21T10:00:00,2024-10-15T19:16:54.208Z,,,,,,,,,1,2022-07-18T00:00:00.000Z,w1l2ox,igp1fcw
CVE-2016-0701,PUBLISHED,redhat,2016-02-15T00:00:00,2024-08-05T22:30:03.941Z,,,,,,,,,1,2016-07-22T00:00:00.000Z,4u4858,d5n0cl7
CVE-2016-0703,PUBLISHED,redhat,2016-03-02T00:00:00,2024-08-05T22:30:03.398Z,,,,,,,,,5,2016-03-01T00:00:00.000Z,48gce1,d0jf2jh
CVE-2016-0703,PUBLISHED,redhat,2016-03-02T00:00:00,2024-08-05T22:30:03.398Z,,,,,,,,,5,2016-03-01T00:00:00.000Z,48gce1,d0jqq4u
CVE-2016-0718,PUBLISHED,redhat,2016-05-26T16:00:00,2024-08-05T22:30:03.995Z,,,,,,,,,5,2021-08-02T00:00:00.000Z,owa1e5,h7eoa3t
CVE-2016-0728,PUBLISHED,redhat,2016-02-08T02:00:00,2024-08-05T22:30:03.960Z,,,,local,linux,,,,4,2016-01-19T00:00:00.000Z,41od4u,cz4eti0
CVE-2016-0728,PUBLISHED,redhat,2016-02-08T02:00:00,2024-08-05T22:30:03.960Z,,,,local,linux,,,,1,2016-01-21T00:00:00.000Z,421i83,cz72f6o
CVE-2016-0728,PUBLISHED,redhat,2016-02-08T02:00:00,2024-08-05T22:30:03.960Z,,,,local,linux,,,,3,2016-05-06T00:00:00.000Z,4hzynn,d2uipgd
CVE-2016-0742,PUBLISHED,redhat,2016-02-15T19:00:00,2024-08-05T22:30:04.038Z,,,,,,,,,3,2016-01-26T00:00:00.000Z,42siip,czcpscc
CVE-2016-0742,PUBLISHED,redhat,2016-02-15T19:00:00,2024-08-05T22:30:04.038Z,,,,,,,,,3,2017-08-10T00:00:00.000Z,6spq6w,dlf3x7l
CVE-2016-0763,PUBLISHED,redhat,2016-02-25T01:00:00,2024-08-05T22:30:04.044Z,,,,,,,,,16,2024-07-22T00:00:00.000Z,1e9l5j4,lefbej0
CVE-2016-0777,PUBLISHED,redhat,2016-01-14T00:00:00,2024-08-05T22:30:04.441Z,,,,,,,,,2,2016-03-10T00:00:00.000Z,49vh7m,d0v7crc
CVE-2016-0777,PUBLISHED,redhat,2016-01-14T00:00:00,2024-08-05T22:30:04.441Z,,,,,,,,,5,2016-01-14T00:00:00.000Z,40xund,cyy4zj2
CVE-2016-0777,PUBLISHED,redhat,2016-01-14T00:00:00,2024-08-05T22:30:04.441Z,,,,,,,,,15,2016-08-17T00:00:00.000Z,4y46zb,d6kw0ed
CVE-2016-0777,PUBLISHED,redhat,2016-01-14T00:00:00,2024-08-05T22:30:04.441Z,,,,,,,,,52,2016-08-17T00:00:00.000Z,4y46zb,
CVE-2016-0778,PUBLISHED,redhat,2016-01-14T00:00:00,2024-08-05T22:30:04.062Z,,,,,,,,,1,2020-10-14T00:00:00.000Z,j8u4uw,g8rctoj
CVE-2016-0800,PUBLISHED,redhat,2016-03-01T00:00:00,2024-08-05T22:30:05.111Z,,,,,,,,,3,2019-02-01T00:00:00.000Z,alym5z,efjdo8d
CVE-2016-0800,PUBLISHED,redhat,2016-03-01T00:00:00,2024-08-05T22:30:05.111Z,,,,,,,,,2,2016-03-08T00:00:00.000Z,49grzu,d0rwpe4
CVE-2016-0801,PUBLISHED,google_android,2016-02-07T01:00:00,2024-08-05T22:30:04.977Z,,,,dos,android,,,,2,2016-02-15T00:00:00.000Z,45fr4m,d00kvdj
CVE-2016-1000031,PUBLISHED,mitre,2016-10-25T14:00:00,2024-08-06T03:47:34.863Z,7.5,,,,,,,Novell,2,2018-11-06T00:00:00.000Z,9uq0hr,e962a4y
CVE-2016-1000105,REJECTED,mitre,2020-01-31T21:38:27,2020-01-31T21:38:27,,,,,,,,,1,2016-07-25T00:00:00.000Z,4tqnq9,d5pidpa
CVE-2016-1000109,PUBLISHED,mitre,2020-02-19T12:38:56,2024-08-06T03:55:26.447Z,,,,,,,,,3,2016-07-18T00:00:00.000Z,4tfc4k,d5gvebs
CVE-2016-10033,PUBLISHED,mitre,2016-12-30T19:00:00,2024-08-06T03:07:32.161Z,,,,webapps,linux,,,,16,2016-12-26T00:00:00.000Z,5kbo5v,dbn0ft8
CVE-2016-10033,PUBLISHED,mitre,2016-12-30T19:00:00,2024-08-06T03:07:32.161Z,,,,webapps,linux,,,,8,2018-09-21T00:00:00.000Z,9hia91,e6dhi7s
CVE-2016-10045,PUBLISHED,mitre,2016-12-30T19:00:00,2024-08-06T03:07:32.139Z,,,,webapps,php,,,,12,2016-12-28T00:00:00.000Z,5kot1a,dbpn619
CVE-2016-10045,PUBLISHED,mitre,2016-12-30T19:00:00,2024-08-06T03:07:32.139Z,,,,webapps,php,,,,2,2016-12-28T00:00:00.000Z,5kbo5v,dbpomrx
CVE-2016-1014,PUBLISHED,adobe,2016-04-09T01:00:00,2024-08-05T22:38:41.535Z,,,,,,,,,3,2016-04-14T00:00:00.000Z,4etil7,
CVE-2016-10156,PUBLISHED,mitre,2017-01-23T06:49:00,2024-08-06T03:14:42.637Z,,,,local,linux,,,,36,2017-01-24T00:00:00.000Z,5pw8pe,dcuempn
CVE-2016-10156,PUBLISHED,mitre,2017-01-23T06:49:00,2024-08-06T03:14:42.637Z,,,,local,linux,,,,8,2017-01-24T00:00:00.000Z,5pw8pe,dcuk7n3
CVE-2016-10156,PUBLISHED,mitre,2017-01-23T06:49:00,2024-08-06T03:14:42.637Z,,,,local,linux,,,,29,2017-11-27T00:00:00.000Z,7fw0lr,dqf4skd
CVE-2016-10229,PUBLISHED,google_android,2017-04-04T04:54:00,2025-01-03T12:04:17.698Z,,,,,,,,,1,2017-04-16T00:00:00.000Z,63wegs,dgcmihl
CVE-2016-10229,PUBLISHED,google_android,2017-04-04T04:54:00,2025-01-03T12:04:17.698Z,,,,,,,,,7,2017-04-13T00:00:00.000Z,653ta3,dg7aq9o
CVE-2016-10229,PUBLISHED,google_android,2017-04-04T04:54:00,2025-01-03T12:04:17.698Z,,,,,,,,,67,2017-04-13T00:00:00.000Z,655f3d,dg7pkpp
CVE-2016-10229,PUBLISHED,google_android,2017-04-04T04:54:00,2025-01-03T12:04:17.698Z,,,,,,,,,3,2017-04-13T00:00:00.000Z,655f3d,dg87dmj
CVE-2016-10229,PUBLISHED,google_android,2017-04-04T04:54:00,2025-01-03T12:04:17.698Z,,,,,,,,,153,2017-04-13T00:00:00.000Z,655f3d,
CVE-2016-10372,PUBLISHED,mitre,2017-05-16T14:00:00,2024-08-06T03:21:50.811Z,,,,,,,,,53,2017-12-15T00:00:00.000Z,7jzwpf,dran07w
CVE-2016-10401,PUBLISHED,mitre,2017-07-25T18:00:00,2024-08-06T03:21:50.882Z,,,,remote,hardware,,,,2,2022-12-25T00:00:00.000Z,zut231,j1lq8i9
CVE-2016-10972,PUBLISHED,mitre,2019-09-16T16:40:00,2024-08-06T03:47:33.553Z,,,,,,,,,6,2023-01-05T00:00:00.000Z,103stfs,j31rtsc
CVE-2016-1247,PUBLISHED,debian,2016-11-29T17:00:00,2024-08-05T22:48:13.613Z,,,,local,linux,,,,1,2016-11-17T00:00:00.000Z,5d67xp,da3iigo
CVE-2016-1247,PUBLISHED,debian,2016-11-29T17:00:00,2024-08-05T22:48:13.613Z,,,,local,linux,,,,2,2017-01-13T00:00:00.000Z,5npnww,dcdv68p
CVE-2016-1273,PUBLISHED,mitre,2016-04-15T14:00:00,2024-08-05T22:48:13.663Z,,,,,,,,,3,2016-07-18T00:00:00.000Z,4tequc,d5gsw9j
CVE-2016-1273,PUBLISHED,mitre,2016-04-15T14:00:00,2024-08-05T22:48:13.663Z,,,,,,,,,-3,2016-07-18T00:00:00.000Z,4tequc,d5h4sop
CVE-2016-1287,PUBLISHED,cisco,2016-02-11T18:00:00,2024-08-05T22:48:13.651Z,,,,remote,hardware,,,,1,2016-02-11T00:00:00.000Z,453i8i,czvynrc
CVE-2016-1287,PUBLISHED,cisco,2016-02-11T18:00:00,2024-08-05T22:48:13.651Z,,,,remote,hardware,,,,6,2016-08-17T00:00:00.000Z,4xznlu,d6kg3jq
CVE-2016-1291,PUBLISHED,cisco,2016-04-06T23:00:00,2024-08-05T22:48:13.653Z,,,,,,,,,11,2016-06-14T00:00:00.000Z,4nxu0l,d48fflf
CVE-2016-1494,PUBLISHED,mitre,2016-01-13T15:00:00,2024-08-05T22:55:14.815Z,,,,,,,,,1,2016-01-18T00:00:00.000Z,3zpe0d,cz33h4t
CVE-2016-1521,PUBLISHED,certcc,2016-02-13T02:00:00,2024-08-05T23:02:11.563Z,,,,,,,,,3,2016-08-24T00:00:00.000Z,4zbb4g,d6upm42
CVE-2016-1531,PUBLISHED,certcc,2016-04-07T23:00:00,2024-08-05T23:02:11.867Z,,,,local,linux,,,,75,2016-04-12T00:00:00.000Z,4eh141,d2050zs
CVE-2016-1640,PUBLISHED,Chrome,2016-03-06T02:00:00,2024-08-05T23:02:12.443Z,,,,,,,,,5,2016-07-19T00:00:00.000Z,4tg0gt,d5hlqgq
CVE-2016-1645,PUBLISHED,Chrome,2016-03-13T22:00:00,2024-08-05T23:02:12.361Z,6.8,,,,,,,Google,3,2020-01-19T00:00:00.000Z,equ1hq,feyflr7
CVE-2016-1681,PUBLISHED,Chrome,2016-06-05T23:00:00,2024-08-05T23:02:13.373Z,,,,,,,,,1,2016-06-16T00:00:00.000Z,4nt0zg,d4c1v0r
CVE-2016-1847,PUBLISHED,apple,2016-05-20T10:00:00,2024-08-05T23:10:39.505Z,,,,,,,,,2,2024-08-13T00:00:00.000Z,1erc7ky,
CVE-2016-1898,PUBLISHED,mitre,2016-01-15T02:00:00,2024-08-05T23:10:40.228Z,,,,,,,,,34,2016-05-04T00:00:00.000Z,4hs5dl,d2s4xyx
CVE-2016-1909,PUBLISHED,mitre,2016-01-15T20:00:00,2024-08-05T23:10:40.276Z,,,,remote,linux,,,,2,2020-01-28T00:00:00.000Z,euvy8n,fftlx8f
CVE-2016-20012,PUBLISHED,mitre,2021-09-15T19:32:11,2024-08-06T03:47:34.948Z,,,,,,,,,1,2022-03-23T00:00:00.000Z,tk5pi5,i1sg2fb
CVE-2016-20012,PUBLISHED,mitre,2021-09-15T19:32:11,2024-08-06T03:47:34.948Z,,,,,,,,,1,2023-07-04T00:00:00.000Z,14q36xv,
CVE-2016-2107,PUBLISHED,redhat,2016-05-05T00:00:00,2024-08-05T23:17:50.633Z,,,,dos,multiple,,,,1,2016-05-03T00:00:00.000Z,4hpm35,d2rkhas
CVE-2016-2107,PUBLISHED,redhat,2016-05-05T00:00:00,2024-08-05T23:17:50.633Z,,,,dos,multiple,,,,4,2016-05-04T00:00:00.000Z,4hu9cn,d2syw7j
CVE-2016-2107,PUBLISHED,redhat,2016-05-05T00:00:00,2024-08-05T23:17:50.633Z,,,,dos,multiple,,,,1,2016-05-05T00:00:00.000Z,4hu9cn,d2tzb0p
CVE-2016-2107,PUBLISHED,redhat,2016-05-05T00:00:00,2024-08-05T23:17:50.633Z,,,,dos,multiple,,,,1,2016-05-05T00:00:00.000Z,4hu9cn,d2u9x5m
CVE-2016-2107,PUBLISHED,redhat,2016-05-05T00:00:00,2024-08-05T23:17:50.633Z,,,,dos,multiple,,,,2,2016-05-04T00:00:00.000Z,4htn93,
CVE-2016-2118,PUBLISHED,redhat,2016-04-12T23:00:00,2024-08-05T23:17:50.706Z,,,,,,,,,3,2016-04-28T00:00:00.000Z,4gorgn,d2k3sap
CVE-2016-2118,PUBLISHED,redhat,2016-04-12T23:00:00,2024-08-05T23:17:50.706Z,,,,,,,,,9,2016-04-12T00:00:00.000Z,4eh97n,d203it0
CVE-2016-2177,PUBLISHED,redhat,2016-06-20T00:00:00,2024-08-05T23:17:50.601Z,,,,,,,,,7,2016-06-20T00:00:00.000Z,4oyfvl,d4gjaj4
CVE-2016-2177,PUBLISHED,redhat,2016-06-20T00:00:00,2024-08-05T23:17:50.601Z,,,,,,,,,3,2016-06-20T00:00:00.000Z,4oyfvl,d4gl3sv
CVE-2016-2183,PUBLISHED,redhat,2016-09-01T00:00:00.000Z,2025-03-31T14:15:56.806Z,,,,,,,,,12,2020-09-22T00:00:00.000Z,ixpg9k,g687fi8
CVE-2016-2183,PUBLISHED,redhat,2016-09-01T00:00:00.000Z,2025-03-31T14:15:56.806Z,,,,,,,,,3,2017-01-03T00:00:00.000Z,5ltp2y,dbyg488
CVE-2016-2183,PUBLISHED,redhat,2016-09-01T00:00:00.000Z,2025-03-31T14:15:56.806Z,,,,,,,,,3,2023-03-21T00:00:00.000Z,11xn6w8,jd4i08y
CVE-2016-2183,PUBLISHED,redhat,2016-09-01T00:00:00.000Z,2025-03-31T14:15:56.806Z,,,,,,,,,0,2017-01-03T00:00:00.000Z,5ltp2y,
CVE-2016-2183,PUBLISHED,redhat,2016-09-01T00:00:00.000Z,2025-03-31T14:15:56.806Z,,,,,,,,,1,2023-07-03T00:00:00.000Z,14p80xa,
CVE-2016-2207,PUBLISHED,symantec,2016-06-30T23:00:00,2024-08-05T23:24:48.463Z,,,,dos,multiple,,,,0,2016-07-07T00:00:00.000Z,4robyn,d52rc3s
CVE-2016-2208,PUBLISHED,symantec,2016-05-19T10:00:00,2024-08-05T23:24:48.515Z,,,,dos,multiple,,,,1,2024-01-09T00:00:00.000Z,191w9o7,kgzhmd9
CVE-2016-2208,PUBLISHED,symantec,2016-05-19T10:00:00,2024-08-05T23:24:48.515Z,,,,dos,multiple,,,,2,2024-01-09T00:00:00.000Z,191w9o7,kgzvapl
CVE-2016-2315,PUBLISHED,mitre,2016-04-08T14:00:00,2024-08-05T23:24:48.432Z,,,,,,,,,3,2016-04-18T00:00:00.000Z,4fbeaa,d27grrc
CVE-2016-2324,PUBLISHED,mitre,2016-04-08T14:00:00,2024-08-05T23:24:48.957Z,,,,,,,,,3,2016-04-18T00:00:00.000Z,4fbeaa,d27p95f
CVE-2016-2554,PUBLISHED,mitre,2016-05-16T10:00:00,2024-08-05T23:32:20.874Z,,,,,,,,,3,2021-02-19T00:00:00.000Z,llwct8,gnz5k8n
CVE-2016-2554,PUBLISHED,mitre,2016-05-16T10:00:00,2024-08-05T23:32:20.874Z,,,,,,,,,1,2017-02-14T00:00:00.000Z,5t7sxs,ddqjgss
CVE-2016-2776,PUBLISHED,mitre,2016-09-28T10:00:00,2024-08-05T23:32:20.918Z,,,,dos,multiple,,,,3,2016-10-03T00:00:00.000Z,55psqn,d8ctiug
CVE-2016-2843,PUBLISHED,Chrome,2016-03-06T02:00:00,2024-08-05T23:32:21.267Z,,,,,,,,,20,2016-07-05T00:00:00.000Z,4r7rp7,d4zim97
CVE-2016-3198,PUBLISHED,microsoft,2016-06-16T01:00:00,2024-08-05T23:47:58.323Z,,,,,,,,,7,2017-12-01T00:00:00.000Z,7gsy4r,dqlx2c8
CVE-2016-3198,PUBLISHED,microsoft,2016-06-16T01:00:00,2024-08-05T23:47:58.323Z,,,,,,,,,4,2017-12-01T00:00:00.000Z,7gsy4r,dqlxrsm
CVE-2016-3238,PUBLISHED,microsoft,2016-07-13T01:00:00,2024-08-05T23:47:58.390Z,,,,,,,,,12,2021-07-08T00:00:00.000Z,ofpzp7,h4fi6u9
CVE-2016-3238,PUBLISHED,microsoft,2016-07-13T01:00:00,2024-08-05T23:47:58.390Z,,,,,,,,,1,2021-07-29T00:00:00.000Z,otix5q,h6wy3oh
CVE-2016-3239,PUBLISHED,microsoft,2016-07-13T01:00:00,2024-08-05T23:47:59.510Z,,,,,,,,,1,2019-10-23T00:00:00.000Z,dm1va4,f4wkff4
CVE-2016-3287,PUBLISHED,microsoft,2016-07-13T01:00:00,2024-08-05T23:47:59.171Z,,,,,,,,,29,2016-08-09T00:00:00.000Z,4wybax,d6aw24h
CVE-2016-3287,PUBLISHED,microsoft,2016-07-13T01:00:00,2024-08-05T23:47:59.171Z,,,,,,,,,227,2016-08-10T00:00:00.000Z,4x18x3,d6blwo8
CVE-2016-3287,PUBLISHED,microsoft,2016-07-13T01:00:00,2024-08-05T23:47:59.171Z,,,,,,,,,50,2016-08-10T00:00:00.000Z,4x2z37,d6cdwl3
CVE-2016-3386,PUBLISHED,microsoft,2016-10-14T01:00:00,2024-08-05T23:56:13.189Z,7.5,,,dos,windows,,,Microsoft,5,2020-09-17T00:00:00.000Z,iu8m5t,
CVE-2016-3714,PUBLISHED,redhat,2016-05-05T18:00:00,2024-09-09T16:20:23.386Z,,,CWE-20,dos,multiple,ImageMagick,Unknown,ImageMagick,1,2016-05-03T00:00:00.000Z,4hqihn,d2rkjky
CVE-2016-4300,PUBLISHED,certcc,2016-09-21T14:00:00,2024-08-06T00:25:14.068Z,,,,,,,,,2,2016-06-23T00:00:00.000Z,4pd1q5,d4lgvyp
CVE-2016-4484,PUBLISHED,mitre,2017-01-23T21:00:00,2024-08-06T00:32:25.721Z,,,,,,,,,0,2020-09-11T00:00:00.000Z,iqpjhk,g4tjtkt
CVE-2016-4484,PUBLISHED,mitre,2017-01-23T21:00:00,2024-08-06T00:32:25.721Z,,,,,,,,,2,2016-12-05T00:00:00.000Z,5gp3ns,
CVE-2016-4625,PUBLISHED,apple,2016-07-22T01:00:00,2024-08-06T00:32:25.977Z,,,,local,macos,,,,1,2017-03-02T00:00:00.000Z,5wrm3r,defcejz
CVE-2016-4631,PUBLISHED,apple,2016-07-22T01:00:00,2024-08-06T00:32:26.036Z,,,,,,,,,1,2016-10-24T00:00:00.000Z,58rra0,d965pwf
CVE-2016-4631,PUBLISHED,apple,2016-07-22T01:00:00,2024-08-06T00:32:26.036Z,,,,,,,,,2,2020-04-23T00:00:00.000Z,g6clmo,fo96nvq
CVE-2016-4631,PUBLISHED,apple,2016-07-22T01:00:00,2024-08-06T00:32:26.036Z,,,,,,,,,11,2016-08-25T00:00:00.000Z,4zih79,d6wfatf
CVE-2016-4657,PUBLISHED,apple,2016-08-25T21:00:00.000Z,2025-01-29T17:45:30.670Z,,,CWE-119,dos,hardware,iOS,Unknown,Apple,-2,2021-07-26T00:00:00.000Z,ort4w6,h6kjfji
CVE-2016-4657,PUBLISHED,apple,2016-08-25T21:00:00.000Z,2025-01-29T17:45:30.670Z,,,CWE-119,dos,hardware,iOS,Unknown,Apple,3,2023-05-21T00:00:00.000Z,13o0cro,jl23cg4
CVE-2016-5119,PUBLISHED,mitre,2017-01-23T21:00:00,2024-08-06T00:53:47.366Z,,,,,,,,,21,2017-04-01T00:00:00.000Z,62qnql,dfpdtws
CVE-2016-5195,PUBLISHED,Chrome,2016-11-10T21:00:00.000Z,2025-01-29T17:18:43.067Z,,,CWE-362,local,linux,Kernel,Unknown,Linux,1,2023-09-28T00:00:00.000Z,16u0vis,k2jh0i4
CVE-2016-5195,PUBLISHED,Chrome,2016-11-10T21:00:00.000Z,2025-01-29T17:18:43.067Z,,,CWE-362,local,linux,Kernel,Unknown,Linux,1,2017-01-12T00:00:00.000Z,5nbljh,dcc3fsd
CVE-2016-5195,PUBLISHED,Chrome,2016-11-10T21:00:00.000Z,2025-01-29T17:18:43.067Z,,,CWE-362,local,linux,Kernel,Unknown,Linux,9,2020-09-19T00:00:00.000Z,ivi11j,g5ss0tu
CVE-2016-5195,PUBLISHED,Chrome,2016-11-10T21:00:00.000Z,2025-01-29T17:18:43.067Z,,,CWE-362,local,linux,Kernel,Unknown,Linux,2,2016-10-21T00:00:00.000Z,58libx,d92awqk
CVE-2016-5195,PUBLISHED,Chrome,2016-11-10T21:00:00.000Z,2025-01-29T17:18:43.067Z,,,CWE-362,local,linux,Kernel,Unknown,Linux,2,2016-10-24T00:00:00.000Z,58z4s8,d962gub
CVE-2016-5195,PUBLISHED,Chrome,2016-11-10T21:00:00.000Z,2025-01-29T17:18:43.067Z,,,CWE-362,local,linux,Kernel,Unknown,Linux,1,2016-10-21T00:00:00.000Z,58mjns,d91qukl
CVE-2016-5195,PUBLISHED,Chrome,2016-11-10T21:00:00.000Z,2025-01-29T17:18:43.067Z,,,CWE-362,local,linux,Kernel,Unknown,Linux,1,2016-10-21T00:00:00.000Z,58kc16,d91uln6
CVE-2016-5195,PUBLISHED,Chrome,2016-11-10T21:00:00.000Z,2025-01-29T17:18:43.067Z,,,CWE-362,local,linux,Kernel,Unknown,Linux,2,2018-03-24T00:00:00.000Z,86o7uu,dw7hoxk
CVE-2016-5195,PUBLISHED,Chrome,2016-11-10T21:00:00.000Z,2025-01-29T17:18:43.067Z,,,CWE-362,local,linux,Kernel,Unknown,Linux,4,2016-10-21T00:00:00.000Z,58ndyk,
CVE-2016-5195,PUBLISHED,Chrome,2016-11-10T21:00:00.000Z,2025-01-29T17:18:43.067Z,,,CWE-362,local,linux,Kernel,Unknown,Linux,12,2016-10-27T00:00:00.000Z,59nf0r,
CVE-2016-5195,PUBLISHED,Chrome,2016-11-10T21:00:00.000Z,2025-01-29T17:18:43.067Z,,,CWE-362,local,linux,Kernel,Unknown,Linux,2,2018-04-16T00:00:00.000Z,8cmnk9,
CVE-2016-5425,PUBLISHED,redhat,2016-10-13T14:00:00,2024-08-06T01:00:59.894Z,,,,local,linux,,,,3,2016-10-10T00:00:00.000Z,56qyfj,d8ln68y
CVE-2016-5425,PUBLISHED,redhat,2016-10-13T14:00:00,2024-08-06T01:00:59.894Z,,,,local,linux,,,,2,2016-10-10T00:00:00.000Z,56qyfj,d8ltpls
CVE-2016-5538,PUBLISHED,oracle,2016-10-25T14:00:00,2024-10-10T18:28:34.332Z,,,,,,,,,1,2024-01-14T00:00:00.000Z,196t9r7,
CVE-2016-5636,PUBLISHED,mitre,2016-09-02T14:00:00,2024-08-06T01:07:59.238Z,,,,,,,,,10,2022-01-22T00:00:00.000Z,s9ws3a,htq4bfo
CVE-2016-5636,PUBLISHED,mitre,2016-09-02T14:00:00,2024-08-06T01:07:59.238Z,,,,,,,,,1,2022-01-23T00:00:00.000Z,s9ws3a,htwuc8p
CVE-2016-5636,PUBLISHED,mitre,2016-09-02T14:00:00,2024-08-06T01:07:59.238Z,,,,,,,,,3,2021-11-04T00:00:00.000Z,qmc0ji,hj8uuxm
CVE-2016-5696,PUBLISHED,mitre,2016-08-06T20:00:00,2024-08-06T01:08:00.657Z,,,,,,,,,2,2016-08-12T00:00:00.000Z,4x1wks,d6eey7a
CVE-2016-5696,PUBLISHED,mitre,2016-08-06T20:00:00,2024-08-06T01:08:00.657Z,,,,,,,,,25,2016-08-11T00:00:00.000Z,4x8lt5,d6dcjw5
CVE-2016-5696,PUBLISHED,mitre,2016-08-06T20:00:00,2024-08-06T01:08:00.657Z,,,,,,,,,3,2016-08-11T00:00:00.000Z,4x8lt5,d6dco47
CVE-2016-5696,PUBLISHED,mitre,2016-08-06T20:00:00,2024-08-06T01:08:00.657Z,,,,,,,,,6,2016-08-11T00:00:00.000Z,4x8lt5,d6doyt2
CVE-2016-5696,PUBLISHED,mitre,2016-08-06T20:00:00,2024-08-06T01:08:00.657Z,,,,,,,,,8,2016-08-11T00:00:00.000Z,4x8lt5,d6dpe1a
CVE-2016-5696,PUBLISHED,mitre,2016-08-06T20:00:00,2024-08-06T01:08:00.657Z,,,,,,,,,6,2016-08-11T00:00:00.000Z,4x8lt5,d6drx1c
CVE-2016-5696,PUBLISHED,mitre,2016-08-06T20:00:00,2024-08-06T01:08:00.657Z,,,,,,,,,8,2016-08-12T00:00:00.000Z,4x8lt5,d6dxxxm
CVE-2016-5696,PUBLISHED,mitre,2016-08-06T20:00:00,2024-08-06T01:08:00.657Z,,,,,,,,,184,2016-08-11T00:00:00.000Z,4x8lt5,
CVE-2016-5770,PUBLISHED,mitre,2016-08-07T10:00:00,2024-08-06T01:15:10.760Z,,,,,,,,,11,2016-07-24T00:00:00.000Z,4u86a4,d5oa3ls
CVE-2016-582384,REJECTED,mitre,2016-12-14T16:00:00,2016-12-14T21:57:01,,,,,,,,,2,2016-12-16T00:00:00.000Z,5igaly,db9ffih
CVE-2016-582384,REJECTED,mitre,2016-12-14T16:00:00,2016-12-14T21:57:01,,,,,,,,,11,2016-12-19T00:00:00.000Z,5j5u0j,dbdsjm6
CVE-2016-582384,REJECTED,mitre,2016-12-14T16:00:00,2016-12-14T21:57:01,,,,,,,,,6,2016-12-12T00:00:00.000Z,5hfkc2,db33ewq
CVE-2016-582384,REJECTED,mitre,2016-12-14T16:00:00,2016-12-14T21:57:01,,,,,,,,,3,2016-12-13T00:00:00.000Z,5hfkc2,db4vdko
CVE-2016-6209,PUBLISHED,mitre,2017-03-31T15:00:00,2024-08-06T01:22:20.650Z,,,,,,,,,1,2017-07-24T00:00:00.000Z,6paz6l,dko1nva
CVE-2016-6210,PUBLISHED,mitre,2017-02-13T00:00:00,2024-08-06T01:22:20.650Z,,,,remote,linux,,,,5,2017-08-25T00:00:00.000Z,6vyl7i,dm40p6l
CVE-2016-6210,PUBLISHED,mitre,2017-02-13T00:00:00,2024-08-06T01:22:20.650Z,,,,remote,linux,,,,1,2017-08-25T00:00:00.000Z,6vyl7i,dm4eyfr
CVE-2016-6515,PUBLISHED,mitre,2016-08-07T00:00:00,2024-08-06T01:29:20.223Z,,,,dos,linux,,,,6,2020-07-03T00:00:00.000Z,hkdgk6,fwsuq77
CVE-2016-6563,PUBLISHED,certcc,2018-07-13T20:00:00,2024-08-06T01:36:28.095Z,,,CWE-121,remote,multiple,,,,3,2017-09-16T00:00:00.000Z,701qe4,dn3h1rf
CVE-2016-6662,PUBLISHED,mitre,2016-09-20T18:00:00,2024-08-06T01:36:29.525Z,,,,local,linux,,,,15,2016-09-12T00:00:00.000Z,52dgxh,d7jvy8l
CVE-2016-6662,PUBLISHED,mitre,2016-09-20T18:00:00,2024-08-06T01:36:29.525Z,,,,local,linux,,,,4,2016-11-02T00:00:00.000Z,5alvop,d9i3w8m
CVE-2016-6663,PUBLISHED,mitre,2016-12-13T21:00:00,2024-08-06T01:36:29.485Z,,,,local,linux,,,,3,2018-01-30T00:00:00.000Z,7tzuxw,dtgief3
CVE-2016-6663,PUBLISHED,mitre,2016-12-13T21:00:00,2024-08-06T01:36:29.485Z,,,,local,linux,,,,1,2016-09-13T00:00:00.000Z,52dgxh,d7kq5hm
CVE-2016-6663,PUBLISHED,mitre,2016-12-13T21:00:00,2024-08-06T01:36:29.485Z,,,,local,linux,,,,1,2016-11-04T00:00:00.000Z,5aojwl,d9lzir2
CVE-2016-6663,PUBLISHED,mitre,2016-12-13T21:00:00,2024-08-06T01:36:29.485Z,,,,local,linux,,,,1,2016-11-04T00:00:00.000Z,5alvop,d9lzjr8
CVE-2016-7020,PUBLISHED,adobe,2016-10-05T21:00:00,2024-08-06T01:50:46.653Z,,,,,,,,,2,2016-12-18T00:00:00.000Z,5ivqcp,dbckoro
CVE-2016-7182,PUBLISHED,microsoft,2016-10-14T01:00:00,2024-08-06T01:50:47.584Z,,,,dos,windows,,,,4,2017-08-02T00:00:00.000Z,6qwn76,dl1e2l1
CVE-2016-7255,PUBLISHED,microsoft,2016-11-10T06:16:00.000Z,2025-02-10T16:41:37.383Z,,,CWE-264,dos,windows,Win32k,Unknown,Microsoft,8,2017-03-13T00:00:00.000Z,5z54lr,devzqhl
CVE-2016-7256,PUBLISHED,microsoft,2016-11-10T06:16:00.000Z,2025-02-10T16:41:09.040Z,,,CWE-284,,,Windows,Unknown,Microsoft,2,2020-12-02T00:00:00.000Z,k5cuur,gef7k46
CVE-2016-7262,PUBLISHED,microsoft,2016-12-20T05:54:00.000Z,2025-02-10T16:37:51.296Z,,,CWE-20,,,Excel,Unknown,Microsoft,10,2019-06-28T00:00:00.000Z,c6lo8e,
CVE-2016-7406,PUBLISHED,mitre,2017-03-03T16:00:00,2024-08-06T01:57:47.524Z,,,,,,,,,1,2017-10-16T00:00:00.000Z,76lj5q,dofq8ex
CVE-2016-7545,PUBLISHED,mitre,2017-01-19T20:00:00,2024-08-06T02:04:54.960Z,,,,,,,,,19,2019-01-31T00:00:00.000Z,alh22l,efeixrd
CVE-2016-7855,PUBLISHED,adobe,2016-11-01T22:46:00.000Z,2025-02-04T21:35:16.768Z,,,CWE-416,,,Flash Player,Unknown,Adobe,7,2016-11-01T00:00:00.000Z,5ag423,d9gqxn4
CVE-2016-8492,PUBLISHED,fortinet,2017-02-08T16:00:00,2024-10-25T14:40:52.559Z,,,,,,,,,8,2017-10-24T00:00:00.000Z,78ip12,doubpld
CVE-2016-8858,PUBLISHED,mitre,2016-12-09T00:00:00,2024-08-06T02:35:01.046Z,,,,,,,,,3,2018-04-17T00:00:00.000Z,8d04dl,
CVE-2016-9016,PUBLISHED,mitre,2017-01-19T20:00:00,2024-08-06T02:35:02.474Z,,,,,,,,,6,2017-01-04T00:00:00.000Z,5lzcjb,dbzzk5t
CVE-2016-9244,PUBLISHED,f5,2017-02-09T15:00:00,2024-08-06T02:42:11.207Z,,,,remote,hardware,,,,2,2017-02-10T00:00:00.000Z,5t43ob,ddl19ha
CVE-2016-9311,PUBLISHED,mitre,2017-01-13T16:00:00,2024-08-06T02:50:36.788Z,,,,,,,,,2,2017-09-07T00:00:00.000Z,6ypiqm,dmp5nq3
CVE-2016-9312,PUBLISHED,mitre,2017-01-13T16:00:00,2024-08-06T02:50:37.125Z,,,,,,,,,2,2022-09-04T00:00:00.000Z,x5as1l,in047q0
CVE-2016-9312,PUBLISHED,mitre,2017-01-13T16:00:00,2024-08-06T02:50:37.125Z,,,,,,,,,3,2022-09-15T00:00:00.000Z,xet9fg,
CVE-2016-9463,PUBLISHED,hackerone,2017-03-28T02:46:00,2024-08-06T02:50:38.584Z,,,CWE-303,,,,,,1,2020-02-04T00:00:00.000Z,eyfkb4,fgifq4p
CVE-2016-9565,PUBLISHED,mitre,2016-12-15T22:00:00,2024-08-06T02:50:38.651Z,,,,remote,linux,,,,1,2016-12-20T00:00:00.000Z,5i7t93,dbfymjo
CVE-2016-9565,PUBLISHED,mitre,2016-12-15T22:00:00,2024-08-06T02:50:38.651Z,,,,remote,linux,,,,0,2016-12-20T00:00:00.000Z,5jct4w,dbft1vi
CVE-2016-9566,PUBLISHED,mitre,2016-12-15T22:00:00,2024-08-06T02:50:38.682Z,,,,local,linux,,,,1,2016-12-21T00:00:00.000Z,5ii9g9,dbg5j46
CVE-2016-9587,PUBLISHED,redhat,2018-04-24T16:00:00,2024-08-06T02:59:02.537Z,6.6,3.0,CWE-20,remote,linux,,,,2,2017-01-10T00:00:00.000Z,5n44y6,dc94aey
CVE-2016-9962,PUBLISHED,mitre,2017-01-31T22:00:00,2024-08-06T03:07:31.309Z,,,,,,,,,2,2017-02-27T00:00:00.000Z,5wgkkd,de9x6vl
CVE-2017-0005,PUBLISHED,microsoft,2017-03-17T00:00:00.000Z,2025-02-10T15:46:56.302Z,,,CWE-119,,,Windows,Unknown,Microsoft,-2,2021-02-22T00:00:00.000Z,lpt73d,godavtw
CVE-2017-0005,PUBLISHED,microsoft,2017-03-17T00:00:00.000Z,2025-02-10T15:46:56.302Z,,,CWE-119,,,Windows,Unknown,Microsoft,1,2021-02-26T00:00:00.000Z,lsfcgl,got8b9v
CVE-2017-0014,PUBLISHED,microsoft,2017-03-17T00:00:00,2024-08-05T12:47:57.574Z,,,,,,,,,17,2017-06-13T00:00:00.000Z,6h1ih3,div0zm5
CVE-2017-0143,PUBLISHED,microsoft,2017-03-17T00:00:00.000Z,2025-02-10T16:03:06.371Z,,,CWE-20,dos,windows,Windows,Known,Microsoft,4,2018-01-25T00:00:00.000Z,7suluv,dt7syew
CVE-2017-0143,PUBLISHED,microsoft,2017-03-17T00:00:00.000Z,2025-02-10T16:03:06.371Z,,,CWE-20,dos,windows,Windows,Known,Microsoft,3,2019-02-03T00:00:00.000Z,amsru2,efoj0zu
CVE-2017-0143,PUBLISHED,microsoft,2017-03-17T00:00:00.000Z,2025-02-10T16:03:06.371Z,,,CWE-20,dos,windows,Windows,Known,Microsoft,13,2017-05-15T00:00:00.000Z,6ba9ky,dhkzux1
CVE-2017-0143,PUBLISHED,microsoft,2017-03-17T00:00:00.000Z,2025-02-10T16:03:06.371Z,,,CWE-20,dos,windows,Windows,Known,Microsoft,7,2017-05-15T00:00:00.000Z,6ba9ky,dhl6yqy
CVE-2017-0143,PUBLISHED,microsoft,2017-03-17T00:00:00.000Z,2025-02-10T16:03:06.371Z,,,CWE-20,dos,windows,Windows,Known,Microsoft,2,2017-05-15T00:00:00.000Z,6ba9ky,dhlag5p
CVE-2017-0143,PUBLISHED,microsoft,2017-03-17T00:00:00.000Z,2025-02-10T16:03:06.371Z,,,CWE-20,dos,windows,Windows,Known,Microsoft,35,2020-04-07T00:00:00.000Z,fwnrz0,
CVE-2017-0143,PUBLISHED,microsoft,2017-03-17T00:00:00.000Z,2025-02-10T16:03:06.371Z,,,CWE-20,dos,windows,Windows,Known,Microsoft,3,2021-10-03T00:00:00.000Z,q0ns9p,
CVE-2017-0143,PUBLISHED,microsoft,2017-03-17T00:00:00.000Z,2025-02-10T16:03:06.371Z,,,CWE-20,dos,windows,Windows,Known,Microsoft,3,2017-05-15T00:00:00.000Z,6b8fhx,
CVE-2017-0144,PUBLISHED,microsoft,2017-03-17T00:00:00.000Z,2025-02-10T15:43:35.669Z,,,CWE-20,dos,windows,SMBv1,Known,Microsoft,5,2022-05-21T00:00:00.000Z,uun8c7,i9g9n1o
CVE-2017-0144,PUBLISHED,microsoft,2017-03-17T00:00:00.000Z,2025-02-10T15:43:35.669Z,,,CWE-20,dos,windows,SMBv1,Known,Microsoft,1,2022-06-30T00:00:00.000Z,vo7up9,iecxdjf
CVE-2017-0144,PUBLISHED,microsoft,2017-03-17T00:00:00.000Z,2025-02-10T15:43:35.669Z,,,CWE-20,dos,windows,SMBv1,Known,Microsoft,7,2022-07-27T00:00:00.000Z,w9489b,ihtz3qn
CVE-2017-0144,PUBLISHED,microsoft,2017-03-17T00:00:00.000Z,2025-02-10T15:43:35.669Z,,,CWE-20,dos,windows,SMBv1,Known,Microsoft,1,2022-11-25T00:00:00.000Z,moaadv,ixrk8f9
CVE-2017-0144,PUBLISHED,microsoft,2017-03-17T00:00:00.000Z,2025-02-10T15:43:35.669Z,,,CWE-20,dos,windows,SMBv1,Known,Microsoft,1,2022-11-25T00:00:00.000Z,moaadv,ixry29d
CVE-2017-0144,PUBLISHED,microsoft,2017-03-17T00:00:00.000Z,2025-02-10T15:43:35.669Z,,,CWE-20,dos,windows,SMBv1,Known,Microsoft,2,2024-10-01T00:00:00.000Z,1fsqxmw,lps8sh8
CVE-2017-0144,PUBLISHED,microsoft,2017-03-17T00:00:00.000Z,2025-02-10T15:43:35.669Z,,,CWE-20,dos,windows,SMBv1,Known,Microsoft,3,2021-01-26T00:00:00.000Z,l4zq7g,gksvcc3
CVE-2017-0144,PUBLISHED,microsoft,2017-03-17T00:00:00.000Z,2025-02-10T15:43:35.669Z,,,CWE-20,dos,windows,SMBv1,Known,Microsoft,1,2017-07-01T00:00:00.000Z,6kl3sm,djn0d50
CVE-2017-0144,PUBLISHED,microsoft,2017-03-17T00:00:00.000Z,2025-02-10T15:43:35.669Z,,,CWE-20,dos,windows,SMBv1,Known,Microsoft,1,2017-05-15T00:00:00.000Z,6bacmd,dhlrf3o
CVE-2017-0144,PUBLISHED,microsoft,2017-03-17T00:00:00.000Z,2025-02-10T15:43:35.669Z,,,CWE-20,dos,windows,SMBv1,Known,Microsoft,7,2021-01-15T00:00:00.000Z,kxwdt2,gjdbblh
CVE-2017-0145,PUBLISHED,microsoft,2017-03-17T00:00:00.000Z,2025-02-10T15:40:52.150Z,,,CWE-20,dos,windows,SMBv1,Known,Microsoft,3,2017-05-17T00:00:00.000Z,6b3vqj,dhnqhec
CVE-2017-0146,PUBLISHED,microsoft,2017-03-17T00:00:00.000Z,2025-02-04T14:55:23.506Z,,,CWE-20,dos,windows,Windows,Known,Microsoft,23,2017-04-15T00:00:00.000Z,65j5nc,dgaw45u
CVE-2017-0148,PUBLISHED,microsoft,2017-03-17T00:00:00.000Z,2025-02-10T16:36:55.137Z,,,CWE-20,dos,windows,SMBv1 server,Known,Microsoft,32,2017-05-13T00:00:00.000Z,6auev1,dhhm3gx
CVE-2017-0159,PUBLISHED,microsoft,2017-04-12T14:00:00,2024-08-05T12:55:19.249Z,,,,,,,,,4,2017-05-12T00:00:00.000Z,6are20,
CVE-2017-0167,PUBLISHED,microsoft,2017-04-12T14:00:00,2024-08-05T12:55:19.282Z,,,,dos,windows,,,,3,2017-08-23T00:00:00.000Z,6vlc1l,
CVE-2017-0176,PUBLISHED,microsoft,2017-06-22T14:00:00,2024-08-05T12:55:19.141Z,,,,,,,,,4,2018-06-03T00:00:00.000Z,8o6qbx,e01o34w
CVE-2017-0199,PUBLISHED,microsoft,2017-04-12T14:00:00.000Z,2025-02-10T16:35:31.846Z,,,,dos,windows,Office and WordPad,Known,Microsoft,2,2020-04-11T00:00:00.000Z,fz0p2h,fn4pyjj
CVE-2017-0199,PUBLISHED,microsoft,2017-04-12T14:00:00.000Z,2025-02-10T16:35:31.846Z,,,,dos,windows,Office and WordPad,Known,Microsoft,2,2021-05-17T00:00:00.000Z,nehhb4,gyhz8bc
CVE-2017-0199,PUBLISHED,microsoft,2017-04-12T14:00:00.000Z,2025-02-10T16:35:31.846Z,,,,dos,windows,Office and WordPad,Known,Microsoft,2,2017-06-27T00:00:00.000Z,6jtvku,djgzm1v
CVE-2017-0199,PUBLISHED,microsoft,2017-04-12T14:00:00.000Z,2025-02-10T16:35:31.846Z,,,,dos,windows,Office and WordPad,Known,Microsoft,1,2017-06-27T00:00:00.000Z,6jtvku,djh8wjf
CVE-2017-0199,PUBLISHED,microsoft,2017-04-12T14:00:00.000Z,2025-02-10T16:35:31.846Z,,,,dos,windows,Office and WordPad,Known,Microsoft,2,2017-06-27T00:00:00.000Z,6jtvku,djhbmwq
CVE-2017-0199,PUBLISHED,microsoft,2017-04-12T14:00:00.000Z,2025-02-10T16:35:31.846Z,,,,dos,windows,Office and WordPad,Known,Microsoft,1,2017-04-17T00:00:00.000Z,654qcu,dgdwvd0
CVE-2017-0199,PUBLISHED,microsoft,2017-04-12T14:00:00.000Z,2025-02-10T16:35:31.846Z,,,,dos,windows,Office and WordPad,Known,Microsoft,1,2017-06-27T00:00:00.000Z,6jtbmf,djguheh
CVE-2017-0199,PUBLISHED,microsoft,2017-04-12T14:00:00.000Z,2025-02-10T16:35:31.846Z,,,,dos,windows,Office and WordPad,Known,Microsoft,3,2017-06-28T00:00:00.000Z,6jttgo,djibl6t
CVE-2017-0199,PUBLISHED,microsoft,2017-04-12T14:00:00.000Z,2025-02-10T16:35:31.846Z,,,,dos,windows,Office and WordPad,Known,Microsoft,21,2017-04-11T00:00:00.000Z,64pu53,dg4ku81
CVE-2017-0199,PUBLISHED,microsoft,2017-04-12T14:00:00.000Z,2025-02-10T16:35:31.846Z,,,,dos,windows,Office and WordPad,Known,Microsoft,4,2017-04-11T00:00:00.000Z,64pu53,dg4n1ns
CVE-2017-0199,PUBLISHED,microsoft,2017-04-12T14:00:00.000Z,2025-02-10T16:35:31.846Z,,,,dos,windows,Office and WordPad,Known,Microsoft,2,2017-04-11T00:00:00.000Z,64pu53,dg4pz15
CVE-2017-0199,PUBLISHED,microsoft,2017-04-12T14:00:00.000Z,2025-02-10T16:35:31.846Z,,,,dos,windows,Office and WordPad,Known,Microsoft,4,2017-04-11T00:00:00.000Z,64pu53,dg4xtk6
CVE-2017-0199,PUBLISHED,microsoft,2017-04-12T14:00:00.000Z,2025-02-10T16:35:31.846Z,,,,dos,windows,Office and WordPad,Known,Microsoft,1,2017-06-23T00:00:00.000Z,6iv2hm,djb5rda
CVE-2017-0199,PUBLISHED,microsoft,2017-04-12T14:00:00.000Z,2025-02-10T16:35:31.846Z,,,,dos,windows,Office and WordPad,Known,Microsoft,14,2017-06-27T00:00:00.000Z,6jsnex,djgw0zb
CVE-2017-0199,PUBLISHED,microsoft,2017-04-12T14:00:00.000Z,2025-02-10T16:35:31.846Z,,,,dos,windows,Office and WordPad,Known,Microsoft,1,2017-06-27T00:00:00.000Z,6jsnex,djh6l0b
CVE-2017-0199,PUBLISHED,microsoft,2017-04-12T14:00:00.000Z,2025-02-10T16:35:31.846Z,,,,dos,windows,Office and WordPad,Known,Microsoft,2,2017-06-27T00:00:00.000Z,6jsnex,djh74j4
CVE-2017-0199,PUBLISHED,microsoft,2017-04-12T14:00:00.000Z,2025-02-10T16:35:31.846Z,,,,dos,windows,Office and WordPad,Known,Microsoft,2,2017-06-28T00:00:00.000Z,6jsnex,djhvqn1
CVE-2017-0199,PUBLISHED,microsoft,2017-04-12T14:00:00.000Z,2025-02-10T16:35:31.846Z,,,,dos,windows,Office and WordPad,Known,Microsoft,3,2017-09-27T00:00:00.000Z,72uo7p,
CVE-2017-0199,PUBLISHED,microsoft,2017-04-12T14:00:00.000Z,2025-02-10T16:35:31.846Z,,,,dos,windows,Office and WordPad,Known,Microsoft,5,2020-05-19T00:00:00.000Z,gmw1gq,
CVE-2017-0199,PUBLISHED,microsoft,2017-04-12T14:00:00.000Z,2025-02-10T16:35:31.846Z,,,,dos,windows,Office and WordPad,Known,Microsoft,326,2017-06-27T00:00:00.000Z,6jt1ng,
CVE-2017-0213,PUBLISHED,microsoft,2017-05-12T14:00:00.000Z,2025-02-10T16:33:01.026Z,,,,local,windows,Windows,Known,Microsoft,292,2018-12-21T00:00:00.000Z,a8364a,ec7umja
CVE-2017-0213,PUBLISHED,microsoft,2017-05-12T14:00:00.000Z,2025-02-10T16:33:01.026Z,,,,local,windows,Windows,Known,Microsoft,21,2018-12-21T00:00:00.000Z,a8364a,ec7ws2w
CVE-2017-0213,PUBLISHED,microsoft,2017-05-12T14:00:00.000Z,2025-02-10T16:33:01.026Z,,,,local,windows,Windows,Known,Microsoft,9,2018-12-21T00:00:00.000Z,a8364a,ec7x9cc
CVE-2017-0213,PUBLISHED,microsoft,2017-05-12T14:00:00.000Z,2025-02-10T16:33:01.026Z,,,,local,windows,Windows,Known,Microsoft,10,2018-12-21T00:00:00.000Z,a8364a,ec81456
CVE-2017-0213,PUBLISHED,microsoft,2017-05-12T14:00:00.000Z,2025-02-10T16:33:01.026Z,,,,local,windows,Windows,Known,Microsoft,5,2018-12-21T00:00:00.000Z,a8364a,ec8mdbl
CVE-2017-0213,PUBLISHED,microsoft,2017-05-12T14:00:00.000Z,2025-02-10T16:33:01.026Z,,,,local,windows,Windows,Known,Microsoft,1,2022-02-06T00:00:00.000Z,skfcg6,hvsgfw2
CVE-2017-0213,PUBLISHED,microsoft,2017-05-12T14:00:00.000Z,2025-02-10T16:33:01.026Z,,,,local,windows,Windows,Known,Microsoft,3,2018-05-22T00:00:00.000Z,8l0afg,dze2e7p
CVE-2017-0213,PUBLISHED,microsoft,2017-05-12T14:00:00.000Z,2025-02-10T16:33:01.026Z,,,,local,windows,Windows,Known,Microsoft,3,2017-11-14T00:00:00.000Z,7cvxj9,
CVE-2017-0213,PUBLISHED,microsoft,2017-05-12T14:00:00.000Z,2025-02-10T16:33:01.026Z,,,,local,windows,Windows,Known,Microsoft,0,2019-07-31T00:00:00.000Z,ckbktp,
CVE-2017-0263,PUBLISHED,microsoft,2017-05-12T14:00:00.000Z,2025-02-10T15:12:01.226Z,,,CWE-416,local,windows_x86,Win32k,Unknown,Microsoft,1,2018-04-13T00:00:00.000Z,8bw9vb,dxa6cig
CVE-2017-0263,PUBLISHED,microsoft,2017-05-12T14:00:00.000Z,2025-02-10T15:12:01.226Z,,,CWE-416,local,windows_x86,Win32k,Unknown,Microsoft,1,2018-04-13T00:00:00.000Z,8bwa00,dxa6c6f
CVE-2017-0282,PUBLISHED,microsoft,2017-06-15T01:00:00,2024-08-05T13:03:56.596Z,,,,dos,windows,,,,6,2018-12-03T00:00:00.000Z,a2nmxp,
CVE-2017-0290,PUBLISHED,microsoft,2017-05-09T06:03:00,2024-08-05T13:03:55.875Z,,,,remote,windows,,,,5,2017-05-12T00:00:00.000Z,6as92a,dhgyydp
CVE-2017-0295,PUBLISHED,microsoft,2017-06-15T01:00:00,2024-08-05T13:03:55.885Z,,,,,,,,,5,2017-07-31T00:00:00.000Z,6qmn49,dkykjlf
CVE-2017-0295,PUBLISHED,microsoft,2017-06-15T01:00:00,2024-08-05T13:03:55.885Z,,,,,,,,,5,2017-11-29T00:00:00.000Z,7g7ajt,dqi8cir
CVE-2017-0561,PUBLISHED,google_android,2017-04-07T22:00:00,2024-08-05T13:11:06.443Z,,,,dos,hardware,,,,0,2019-02-04T00:00:00.000Z,amuq6i,efoxsdp
CVE-2017-0561,PUBLISHED,google_android,2017-04-07T22:00:00,2024-08-05T13:11:06.443Z,,,,dos,hardware,,,,0,2019-02-04T00:00:00.000Z,amuq6i,efoyrqg
CVE-2017-0561,PUBLISHED,google_android,2017-04-07T22:00:00,2024-08-05T13:11:06.443Z,,,,dos,hardware,,,,1,2019-02-04T00:00:00.000Z,amuq6i,efoz8wb
CVE-2017-1000001,PUBLISHED,mitre,2017-07-13T20:00:00,2024-08-05T21:45:26.227Z,,,,,,,,,1,2017-08-21T00:00:00.000Z,6uxwaw,dlx9m61
CVE-2017-1000082,PUBLISHED,mitre,2017-07-07T17:00:00,2024-08-05T21:53:06.254Z,,,,,,,,,17,2020-06-08T00:00:00.000Z,gz5qi5,
CVE-2017-1000117,PUBLISHED,mitre,2017-10-04T01:00:00,2024-08-05T21:53:06.692Z,,,,remote,python,,,,4,2017-08-11T00:00:00.000Z,6sx4q5,dlhtslp
CVE-2017-1000190,PUBLISHED,mitre,2017-11-17T21:00:00,2024-08-05T21:53:07.227Z,,,,,,,,,1,2024-02-27T00:00:00.000Z,1b17cay,
CVE-2017-1000257,PUBLISHED,mitre,2017-10-31T21:00:00,2024-08-05T22:00:39.661Z,,,,,,,,,1,2017-11-30T00:00:00.000Z,7gefzg,dqkjedh
CVE-2017-1000364,PUBLISHED,mitre,2017-06-19T16:00:00,2024-08-05T22:00:41.163Z,,,,local,solaris,,,,2,2017-06-20T00:00:00.000Z,6i7p6h,dj592wp
CVE-2017-1000367,PUBLISHED,mitre,2017-06-05T00:00:00,2024-08-05T22:00:39.956Z,,,,local,linux,,,,3,2017-06-01T00:00:00.000Z,6e83wp,diaxbgh
CVE-2017-1000379,PUBLISHED,mitre,2017-06-19T16:00:00,2024-08-05T22:00:40.913Z,,,,local,linux_x86-64,,,,1,2017-06-23T00:00:00.000Z,6i7p6h,djaiomi
CVE-2017-1000379,PUBLISHED,mitre,2017-06-19T16:00:00,2024-08-05T22:00:40.913Z,,,,local,linux_x86-64,,,,4,2017-06-29T00:00:00.000Z,6k8c0l,djkusch
CVE-2017-1000379,PUBLISHED,mitre,2017-06-19T16:00:00,2024-08-05T22:00:40.913Z,,,,local,linux_x86-64,,,,1,2017-06-30T00:00:00.000Z,6k8c0l,djly5xg
CVE-2017-1000408,PUBLISHED,mitre,2018-02-01T04:00:00,2024-08-05T22:00:41.049Z,,,,local,linux,,,,4,2017-12-12T00:00:00.000Z,7jcfo4,dr5ajyr
CVE-2017-10204,PUBLISHED,oracle,2017-08-08T15:00:00,2024-10-04T17:09:40.114Z,,,,local,windows,,,,1,2019-02-02T00:00:00.000Z,akrsi7,efkr0ki
CVE-2017-10271,PUBLISHED,oracle,2017-10-19T17:00:00,2024-10-04T14:21:11.183Z,,,,remote,multiple,WebLogic Server,Known,Oracle,32,2018-07-09T00:00:00.000Z,8xbzzf,e22vgs2
CVE-2017-10271,PUBLISHED,oracle,2017-10-19T17:00:00,2024-10-04T14:21:11.183Z,,,,remote,multiple,WebLogic Server,Known,Oracle,11,2018-01-04T00:00:00.000Z,7o2mac,
CVE-2017-11103,PUBLISHED,mitre,2017-07-13T13:00:00,2024-08-05T17:57:57.836Z,,,,,,,,,5,2017-07-14T00:00:00.000Z,6n6a94,dk7hv50
CVE-2017-11120,PUBLISHED,mitre,2017-09-27T17:00:00,2024-08-05T17:57:58.033Z,,,,remote,ios,,,,1,2017-09-28T00:00:00.000Z,72j9fn,dnmluxu
CVE-2017-11615,PUBLISHED,mitre,2017-07-26T15:00:00,2024-08-05T18:12:40.772Z,,,,,,,,,21,2017-07-26T00:00:00.000Z,6po7xy,dkqttr7
CVE-2017-11615,PUBLISHED,mitre,2017-07-26T15:00:00,2024-08-05T18:12:40.772Z,,,,,,,,,26,2017-07-26T00:00:00.000Z,6po7xy,dkqu8aw
CVE-2017-11771,PUBLISHED,microsoft,2017-10-13T13:00:00Z,2024-09-16T20:17:44.891Z,,,,,,,,,1,2017-10-27T00:00:00.000Z,7934st,doz6dbu
CVE-2017-11776,PUBLISHED,microsoft,2017-10-13T13:00:00Z,2024-09-16T23:36:35.139Z,,,,,,,,,1,2017-10-12T00:00:00.000Z,75pajy,do8s1ev
CVE-2017-1182,PUBLISHED,ibm,2017-07-14T13:00:00Z,2024-09-16T19:04:42.739Z,,,,,,,,,1,2017-11-28T00:00:00.000Z,7g4ine,dqgr4wj
CVE-2017-11882,PUBLISHED,microsoft,2017-11-15T03:00:00.000Z,2025-02-10T19:34:38.533Z,,,CWE-119,remote,windows,Office,Known,Microsoft,1,2018-08-23T00:00:00.000Z,991tkt,e4ptshm
CVE-2017-11882,PUBLISHED,microsoft,2017-11-15T03:00:00.000Z,2025-02-10T19:34:38.533Z,,,CWE-119,remote,windows,Office,Known,Microsoft,2,2020-03-16T00:00:00.000Z,fiy0i8,fkms5rr
CVE-2017-11882,PUBLISHED,microsoft,2017-11-15T03:00:00.000Z,2025-02-10T19:34:38.533Z,,,CWE-119,remote,windows,Office,Known,Microsoft,6,2019-04-22T00:00:00.000Z,bfw1xo,elhp7om
CVE-2017-11882,PUBLISHED,microsoft,2017-11-15T03:00:00.000Z,2025-02-10T19:34:38.533Z,,,CWE-119,remote,windows,Office,Known,Microsoft,45,2017-11-15T00:00:00.000Z,7d057z,dpui6kw
CVE-2017-11882,PUBLISHED,microsoft,2017-11-15T03:00:00.000Z,2025-02-10T19:34:38.533Z,,,CWE-119,remote,windows,Office,Known,Microsoft,2,2018-01-10T00:00:00.000Z,7pdxuz,dsgj6sa
CVE-2017-11882,PUBLISHED,microsoft,2017-11-15T03:00:00.000Z,2025-02-10T19:34:38.533Z,,,CWE-119,remote,windows,Office,Known,Microsoft,4,2020-03-13T00:00:00.000Z,fhicnq,fkdujds
CVE-2017-11882,PUBLISHED,microsoft,2017-11-15T03:00:00.000Z,2025-02-10T19:34:38.533Z,,,CWE-119,remote,windows,Office,Known,Microsoft,4,2017-11-15T00:00:00.000Z,7d4ifz,dpuwngf
CVE-2017-11882,PUBLISHED,microsoft,2017-11-15T03:00:00.000Z,2025-02-10T19:34:38.533Z,,,CWE-119,remote,windows,Office,Known,Microsoft,5,2021-08-05T00:00:00.000Z,oykcsy,
CVE-2017-11882,PUBLISHED,microsoft,2017-11-15T03:00:00.000Z,2025-02-10T19:34:38.533Z,,,CWE-119,remote,windows,Office,Known,Microsoft,5,2017-11-21T00:00:00.000Z,7ehze0,
CVE-2017-11883,PUBLISHED,microsoft,2017-11-15T03:00:00Z,2024-09-16T23:06:51.531Z,,,,,,,,,3,2023-03-23T00:00:00.000Z,11zm6ad,
CVE-2017-11937,PUBLISHED,microsoft,2017-12-07T17:00:00Z,2024-09-16T21:07:43.706Z,,,,,,,,,3,2017-12-08T00:00:00.000Z,7ie2i7,dqylnl9
CVE-2017-11937,PUBLISHED,microsoft,2017-12-07T17:00:00Z,2024-09-16T21:07:43.706Z,,,,,,,,,39,2017-12-08T00:00:00.000Z,7ie2i7,
CVE-2017-11937,PUBLISHED,microsoft,2017-12-07T17:00:00Z,2024-09-16T21:07:43.706Z,,,,,,,,,3,2017-12-08T00:00:00.000Z,7igqpg,
CVE-2017-12149,PUBLISHED,redhat,2017-10-04T20:00:00.000Z,2025-02-07T13:29:59.872Z,,,CWE-502,,,JBoss Application Server,Known,Red Hat,1,2019-12-11T00:00:00.000Z,e99uc5,fahe1aa
CVE-2017-12149,PUBLISHED,redhat,2017-10-04T20:00:00.000Z,2025-02-07T13:29:59.872Z,,,CWE-502,,,JBoss Application Server,Known,Red Hat,2,2019-12-11T00:00:00.000Z,e99v79,fahe84y
CVE-2017-12542,PUBLISHED,hpe,2018-02-15T22:00:00Z,2024-09-17T01:55:41.333Z,,,,remote,multiple,,,,1,2018-02-08T00:00:00.000Z,7vwx9m,dtxauix
CVE-2017-12542,PUBLISHED,hpe,2018-02-15T22:00:00Z,2024-09-17T01:55:41.333Z,,,,remote,multiple,,,,32,2018-07-09T00:00:00.000Z,8xa878,e21vons
CVE-2017-12542,PUBLISHED,hpe,2018-02-15T22:00:00Z,2024-09-17T01:55:41.333Z,,,,remote,multiple,,,,1,2018-07-26T00:00:00.000Z,91wwe6,e334uml
CVE-2017-12542,PUBLISHED,hpe,2018-02-15T22:00:00Z,2024-09-17T01:55:41.333Z,,,,remote,multiple,,,,6,2019-09-11T00:00:00.000Z,d2qjr1,ezwfjqg
CVE-2017-12542,PUBLISHED,hpe,2018-02-15T22:00:00Z,2024-09-17T01:55:41.333Z,,,,remote,multiple,,,,6,2019-09-11T00:00:00.000Z,d2qjr1,ezwhyab
CVE-2017-12542,PUBLISHED,hpe,2018-02-15T22:00:00Z,2024-09-17T01:55:41.333Z,,,,remote,multiple,,,,2,2021-01-05T00:00:00.000Z,kqrc3z,gi6jehn
CVE-2017-12542,PUBLISHED,hpe,2018-02-15T22:00:00Z,2024-09-17T01:55:41.333Z,,,,remote,multiple,,,,1,2022-05-09T00:00:00.000Z,ul7dfn,i7wgqkx
CVE-2017-12615,PUBLISHED,apache,2017-09-19T13:00:00.000Z,2025-02-06T21:00:56.156Z,,,CWE-434,webapps,windows,Tomcat,Known,Apache,2,2017-10-04T00:00:00.000Z,742hgb,dnvw4wv
CVE-2017-12617,PUBLISHED,apache,2017-10-03T15:00:00.000Z,2025-02-04T18:46:52.662Z,,,CWE-434,remote,java,Tomcat,Unknown,Apache,2,2022-05-31T00:00:00.000Z,v0gece,iao32vj
CVE-2017-12761,PUBLISHED,mitre,2019-05-09T17:06:48,2024-08-05T18:51:06.591Z,,,,,,,,,1,2024-03-16T00:00:00.000Z,1beyqzs,kv4k77r
CVE-2017-13077,PUBLISHED,certcc,2017-10-17T02:00:00,2024-08-05T18:58:12.291Z,,,,,,,,,10,2023-12-06T00:00:00.000Z,18c3wjz,kca77pw
CVE-2017-13077,PUBLISHED,certcc,2017-10-17T02:00:00,2024-08-05T18:58:12.291Z,,,,,,,,,20,2017-11-03T00:00:00.000Z,7akczx,dpastwf
CVE-2017-13077,PUBLISHED,certcc,2017-10-17T02:00:00,2024-08-05T18:58:12.291Z,,,,,,,,,216,2017-10-15T00:00:00.000Z,76lj5q,doewxex
CVE-2017-13077,PUBLISHED,certcc,2017-10-17T02:00:00,2024-08-05T18:58:12.291Z,,,,,,,,,1,2017-10-16T00:00:00.000Z,76lj5q,dofqbk0
CVE-2017-13077,PUBLISHED,certcc,2017-10-17T02:00:00,2024-08-05T18:58:12.291Z,,,,,,,,,1,2017-10-17T00:00:00.000Z,76zpb1,doi5p1j
CVE-2017-13077,PUBLISHED,certcc,2017-10-17T02:00:00,2024-08-05T18:58:12.291Z,,,,,,,,,9,2017-10-18T00:00:00.000Z,776jsj,dojemk9
CVE-2017-13077,PUBLISHED,certcc,2017-10-17T02:00:00,2024-08-05T18:58:12.291Z,,,,,,,,,2,2017-11-02T00:00:00.000Z,7ad0wj,
CVE-2017-13080,PUBLISHED,certcc,2017-10-17T13:00:00,2024-08-05T18:58:12.283Z,,,CWE-323,,,,,,1,2017-10-17T00:00:00.000Z,76x1ht,doiaccd
CVE-2017-13080,PUBLISHED,certcc,2017-10-17T13:00:00,2024-08-05T18:58:12.283Z,,,CWE-323,,,,,,2,2017-10-16T00:00:00.000Z,76onkk,dogcmsz
CVE-2017-13080,PUBLISHED,certcc,2017-10-17T13:00:00,2024-08-05T18:58:12.283Z,,,CWE-323,,,,,,5,2017-10-16T00:00:00.000Z,76ocy4,dogkdx1
CVE-2017-13080,PUBLISHED,certcc,2017-10-17T13:00:00,2024-08-05T18:58:12.283Z,,,CWE-323,,,,,,1,2019-10-11T00:00:00.000Z,dg52sw,f3asg49
CVE-2017-13080,PUBLISHED,certcc,2017-10-17T13:00:00,2024-08-05T18:58:12.283Z,,,CWE-323,,,,,,66,2017-10-16T00:00:00.000Z,76qir7,dog8lag
CVE-2017-13080,PUBLISHED,certcc,2017-10-17T13:00:00,2024-08-05T18:58:12.283Z,,,CWE-323,,,,,,18,2017-10-16T00:00:00.000Z,76qir7,dog9hsp
CVE-2017-13080,PUBLISHED,certcc,2017-10-17T13:00:00,2024-08-05T18:58:12.283Z,,,CWE-323,,,,,,6,2017-10-16T00:00:00.000Z,76pgfo,dogc2sb
CVE-2017-13080,PUBLISHED,certcc,2017-10-17T13:00:00,2024-08-05T18:58:12.283Z,,,CWE-323,,,,,,11,2017-10-16T00:00:00.000Z,76pgfo,dogc40r
CVE-2017-13080,PUBLISHED,certcc,2017-10-17T13:00:00,2024-08-05T18:58:12.283Z,,,CWE-323,,,,,,3,2017-10-16T00:00:00.000Z,76pgfo,dogdjwi
CVE-2017-13080,PUBLISHED,certcc,2017-10-17T13:00:00,2024-08-05T18:58:12.283Z,,,CWE-323,,,,,,1,2017-10-17T00:00:00.000Z,76zpb1,dohyzns
CVE-2017-13080,PUBLISHED,certcc,2017-10-17T13:00:00,2024-08-05T18:58:12.283Z,,,CWE-323,,,,,,10,2017-10-17T00:00:00.000Z,770yph,doi5mze
CVE-2017-13080,PUBLISHED,certcc,2017-10-17T13:00:00,2024-08-05T18:58:12.283Z,,,CWE-323,,,,,,128,2017-10-16T00:00:00.000Z,76qir7,
CVE-2017-13080,PUBLISHED,certcc,2017-10-17T13:00:00,2024-08-05T18:58:12.283Z,,,CWE-323,,,,,,50,2017-10-30T00:00:00.000Z,79ncu9,
CVE-2017-13082,PUBLISHED,certcc,2017-10-17T13:00:00,2024-08-05T18:58:12.560Z,,,CWE-323,,,,,,2,2017-10-16T00:00:00.000Z,76lj5q,dog17pl
CVE-2017-13862,PUBLISHED,apple,2017-12-25T21:00:00,2024-08-05T19:13:41.455Z,,,,,,,,,1,2018-01-04T00:00:00.000Z,7nydcj,ds64qbn
CVE-2017-13872,PUBLISHED,apple,2017-11-29T17:00:00,2024-08-05T19:13:41.072Z,,,,local,macos,,,,7,2017-11-29T00:00:00.000Z,7gehog,dqiftzb
CVE-2017-13872,PUBLISHED,apple,2017-11-29T17:00:00,2024-08-05T19:13:41.072Z,,,,local,macos,,,,11,2017-11-29T00:00:00.000Z,7gefzg,dqihov2
CVE-2017-13872,PUBLISHED,apple,2017-11-29T17:00:00,2024-08-05T19:13:41.072Z,,,,local,macos,,,,6,2017-11-29T00:00:00.000Z,7gefzg,dqihupv
CVE-2017-14491,PUBLISHED,mitre,2017-10-02T21:00:00,2024-08-05T19:27:40.755Z,,,,dos,multiple,,,,1,2018-04-23T00:00:00.000Z,8e9yw8,dxtquqv
CVE-2017-14491,PUBLISHED,mitre,2017-10-02T21:00:00,2024-08-05T19:27:40.755Z,,,,dos,multiple,,,,2,2017-10-02T00:00:00.000Z,73srk7,dntmwea
CVE-2017-14491,PUBLISHED,mitre,2017-10-02T21:00:00,2024-08-05T19:27:40.755Z,,,,dos,multiple,,,,3,2017-10-03T00:00:00.000Z,73srk7,dnusqc3
CVE-2017-14491,PUBLISHED,mitre,2017-10-02T21:00:00,2024-08-05T19:27:40.755Z,,,,dos,multiple,,,,1,2018-12-14T00:00:00.000Z,a1zyzk,ebsg273
CVE-2017-14495,PUBLISHED,mitre,2017-10-02T21:00:00,2024-08-05T19:27:40.779Z,,,,dos,multiple,,,,2,2020-10-19T00:00:00.000Z,jdx22n,g9blbmw
CVE-2017-15054,PUBLISHED,mitre,2017-11-27T19:00:00,2024-08-05T19:42:22.422Z,,,,,,,,,2,2019-02-06T00:00:00.000Z,ani8zn,efvc45i
CVE-2017-15265,PUBLISHED,mitre,2017-10-16T18:00:00,2024-08-05T19:50:16.603Z,,,,,,,,,11,2017-10-17T00:00:00.000Z,76xzl1,doi5hqv
CVE-2017-15303,PUBLISHED,mitre,2017-10-16T01:00:00,2024-08-05T19:50:16.467Z,,,,,,,,,1,2023-03-16T00:00:00.000Z,11st141,jcfg0np
CVE-2017-15361,PUBLISHED,mitre,2017-10-16T17:00:00,2024-08-05T19:57:25.602Z,,,,,,,,,10,2017-11-05T00:00:00.000Z,7b0kqc,dpedlv3
CVE-2017-15396,PUBLISHED,Chrome,2018-08-28T20:00:00,2024-08-05T19:57:25.812Z,,,,,,,,,1,2019-03-08T00:00:00.000Z,aywgck,
CVE-2017-15940,PUBLISHED,mitre,2017-12-11T17:00:00,2024-08-05T20:13:05.922Z,,,,,,,,,6,2017-12-13T00:00:00.000Z,7jkaoc,dr7ldcs
CVE-2017-16510,PUBLISHED,mitre,2017-11-02T16:00:00,2024-08-05T20:27:03.287Z,,,,,,,,,5,2019-09-18T00:00:00.000Z,d60kva,
CVE-2017-16521,PUBLISHED,mitre,2017-11-10T09:00:00,2024-08-05T20:27:03.625Z,,,,,,,,,4,2017-12-14T00:00:00.000Z,7jez1f,dr83yvm
CVE-2017-16643,PUBLISHED,mitre,2017-11-07T23:00:00,2024-08-05T20:27:04.307Z,,,,,,,,,2,2019-02-22T00:00:00.000Z,asos7t,eh281sz
CVE-2017-16651,PUBLISHED,mitre,2017-11-09T14:00:00.000Z,2025-02-04T21:05:06.868Z,,,CWE-552,,,Roundcube Webmail,Unknown,Roundcube,1,2017-12-04T00:00:00.000Z,7gsmc6,dqqws52
CVE-2017-16930,PUBLISHED,mitre,2017-12-05T09:00:00,2024-08-05T20:43:57.871Z,,,,remote,windows,,,,1,2018-03-27T00:00:00.000Z,86lcpv,dwcnui2
CVE-2017-16944,PUBLISHED,mitre,2017-11-25T17:00:00,2024-08-05T20:43:57.859Z,,,,dos,multiple,,,,2,2017-11-28T00:00:00.000Z,7g3fj3,dqg8d20
CVE-2017-16944,PUBLISHED,mitre,2017-11-25T17:00:00,2024-08-05T20:43:57.859Z,,,,dos,multiple,,,,1,2017-11-28T00:00:00.000Z,7g3fj3,
CVE-2017-17562,PUBLISHED,mitre,2017-12-12T19:00:00.000Z,2025-02-04T20:56:11.867Z,,,CWE-20,remote,linux,GoAhead,Unknown,Embedthis,10,2017-12-18T00:00:00.000Z,7kjcuy,drex6zs
CVE-2017-17688,PUBLISHED,mitre,2018-05-16T19:00:00,2024-08-05T20:59:17.546Z,,,,,,,,,10,2018-05-14T00:00:00.000Z,8jb7v3,dyyc490
CVE-2017-18014,PUBLISHED,mitre,2018-01-12T17:00:00,2024-08-05T21:06:50.119Z,,,,,,,,,0,2018-08-24T00:00:00.000Z,99xef3,e4rz8x7
CVE-2017-18362,PUBLISHED,mitre,2019-02-05T05:00:00.000Z,2025-02-04T20:55:28.667Z,,,CWE-89,,,Virtual System/Server Administrator (VSA),Known,Kaseya,43,2019-02-06T00:00:00.000Z,ani14t,efuc8ox
CVE-2017-18362,PUBLISHED,mitre,2019-02-05T05:00:00.000Z,2025-02-04T20:55:28.667Z,,,CWE-89,,,Virtual System/Server Administrator (VSA),Known,Kaseya,2,2020-10-20T00:00:00.000Z,jeg25c,g9esquq
CVE-2017-2636,PUBLISHED,redhat,2017-03-07T22:00:00,2024-08-05T14:02:06.961Z,,,,,,,,,2,2020-08-12T00:00:00.000Z,i80uki,g19719q
CVE-2017-3158,PUBLISHED,apache,2018-01-18T20:00:00Z,2024-09-16T16:37:33.486Z,,,,,,,,,1,2019-08-11T00:00:00.000Z,co1p5x,ewmsgyc
CVE-2017-3230,PUBLISHED,oracle,2017-04-24T19:00:00,2024-10-07T16:23:28.771Z,7.5,,,,,,,Oracle,1,2017-11-13T00:00:00.000Z,7c8kg2,dprc36z
CVE-2017-3248,PUBLISHED,oracle,2017-01-27T22:01:00,2024-10-09T19:48:41.075Z,7.5,,,webapps,multiple,,,Oracle,3,2018-07-07T00:00:00.000Z,8wt4wm,e1y5h5v
CVE-2017-3731,PUBLISHED,openssl,2017-05-04T19:00:00Z,2024-09-16T22:40:54.865Z,,,,,,,,,1,2021-04-26T00:00:00.000Z,mz39xu,
CVE-2017-3735,PUBLISHED,openssl,2017-08-28T19:00:00Z,2024-09-16T21:08:28.987Z,,,,,,,,,1,2018-03-08T00:00:00.000Z,82udk7,dvds8vg
CVE-2017-3735,PUBLISHED,openssl,2017-08-28T19:00:00Z,2024-09-16T21:08:28.987Z,,,,,,,,,1,2018-03-08T00:00:00.000Z,82udk7,dveelgx
CVE-2017-3762,PUBLISHED,lenovo,2018-01-26T01:00:00Z,2024-09-16T16:24:14.952Z,,,,,,,,,15,2018-01-31T00:00:00.000Z,7uaa4m,
CVE-2017-3765,PUBLISHED,lenovo,2018-01-10T18:00:00Z,2024-09-17T01:10:39.100Z,,,,,,,,,9,2018-01-15T00:00:00.000Z,7qlyf5,dsqf4vi
CVE-2017-3823,PUBLISHED,cisco,2017-02-01T11:00:00,2024-08-05T14:39:40.444Z,,,CWE-119,,,,,,1,2017-04-24T00:00:00.000Z,675gq9,dgozbg3
CVE-2017-3823,PUBLISHED,cisco,2017-02-01T11:00:00,2024-08-05T14:39:40.444Z,,,CWE-119,,,,,,4,2020-04-14T00:00:00.000Z,g17nf7,fnfflhz
CVE-2017-3881,PUBLISHED,cisco,2017-03-17T22:00:00,2024-11-15T18:00:24.703Z,,,CWE-20,remote,hardware,IOS and IOS XE,Unknown,Cisco,2,2023-12-20T00:00:00.000Z,18mc0vw,ke4apdn
CVE-2017-4904,PUBLISHED,vmware,2017-06-07T18:00:00,2024-08-05T14:39:41.527Z,6.9,,,,,,,VMware,1,2017-06-29T00:00:00.000Z,6jtshf,djjm4jx
CVE-2017-5123,PUBLISHED,Chrome,2021-11-02T22:05:10,2024-08-05T14:55:35.200Z,,,,local,linux,,,,1,2017-11-06T00:00:00.000Z,7b3z4i,dpf1qtg
CVE-2017-5123,PUBLISHED,Chrome,2021-11-02T22:05:10,2024-08-05T14:55:35.200Z,,,,local,linux,,,,2,2017-11-06T00:00:00.000Z,7b3zhl,dpf1srd
CVE-2017-5123,PUBLISHED,Chrome,2021-11-02T22:05:10,2024-08-05T14:55:35.200Z,,,,local,linux,,,,1,2017-11-06T00:00:00.000Z,7b3zhl,dpferg2
CVE-2017-5123,PUBLISHED,Chrome,2021-11-02T22:05:10,2024-08-05T14:55:35.200Z,,,,local,linux,,,,1,2017-11-06T00:00:00.000Z,7b3zhl,dpffg6u
CVE-2017-5124,PUBLISHED,Chrome,2018-02-07T23:00:00,2024-08-05T14:55:34.231Z,,,,local,multiple,,,,26,2017-11-14T00:00:00.000Z,7cus2h,dpt2aph
CVE-2017-5135,PUBLISHED,mitre,2017-04-27T15:00:00,2024-08-05T14:55:34.842Z,,,,remote,hardware,,,,2,2017-04-27T00:00:00.000Z,67qt6u,dgtgqwi
CVE-2017-5135,PUBLISHED,mitre,2017-04-27T15:00:00,2024-08-05T14:55:34.842Z,,,,remote,hardware,,,,9,2017-04-27T00:00:00.000Z,67qt6u,dgtifwe
CVE-2017-5521,PUBLISHED,mitre,2017-01-17T09:22:00.000Z,2025-02-04T20:55:03.757Z,,,CWE-200,webapps,hardware,Multiple Devices,Unknown,NETGEAR,2,2017-02-07T00:00:00.000Z,5snuj1,ddgi6wf
CVE-2017-5521,PUBLISHED,mitre,2017-01-17T09:22:00.000Z,2025-02-04T20:55:03.757Z,,,CWE-200,webapps,hardware,Multiple Devices,Unknown,NETGEAR,120,2020-07-17T00:00:00.000Z,ht181m,fye1kz7
CVE-2017-5638,PUBLISHED,apache,2017-03-11T02:11:00.000Z,2025-02-06T21:14:30.267Z,,,CWE-20,webapps,linux,Struts,Known,Apache,2,2017-04-29T00:00:00.000Z,6831r5,dgw1pn4
CVE-2017-5638,PUBLISHED,apache,2017-03-11T02:11:00.000Z,2025-02-06T21:14:30.267Z,,,CWE-20,webapps,linux,Struts,Known,Apache,9,2017-09-16T00:00:00.000Z,70da0v,dn2j70o
CVE-2017-5638,PUBLISHED,apache,2017-03-11T02:11:00.000Z,2025-02-06T21:14:30.267Z,,,CWE-20,webapps,linux,Struts,Known,Apache,2,2022-03-13T00:00:00.000Z,td8fuv,i0inrnn
CVE-2017-5638,PUBLISHED,apache,2017-03-11T02:11:00.000Z,2025-02-06T21:14:30.267Z,,,CWE-20,webapps,linux,Struts,Known,Apache,12,2017-09-16T00:00:00.000Z,70cv5w,dn2gee1
CVE-2017-5638,PUBLISHED,apache,2017-03-11T02:11:00.000Z,2025-02-06T21:14:30.267Z,,,CWE-20,webapps,linux,Struts,Known,Apache,2,2017-10-12T00:00:00.000Z,75vlmq,do9tgal
CVE-2017-5638,PUBLISHED,apache,2017-03-11T02:11:00.000Z,2025-02-06T21:14:30.267Z,,,CWE-20,webapps,linux,Struts,Known,Apache,3,2020-02-22T00:00:00.000Z,f6em95,fic2wg2
CVE-2017-5638,PUBLISHED,apache,2017-03-11T02:11:00.000Z,2025-02-06T21:14:30.267Z,,,CWE-20,webapps,linux,Struts,Known,Apache,1,2021-05-05T00:00:00.000Z,n583lb,gx1f33t
CVE-2017-5638,PUBLISHED,apache,2017-03-11T02:11:00.000Z,2025-02-06T21:14:30.267Z,,,CWE-20,webapps,linux,Struts,Known,Apache,40,2017-09-15T00:00:00.000Z,707ntt,dn17i3j
CVE-2017-5638,PUBLISHED,apache,2017-03-11T02:11:00.000Z,2025-02-06T21:14:30.267Z,,,CWE-20,webapps,linux,Struts,Known,Apache,38,2017-09-15T00:00:00.000Z,707ntt,dn17i3j
CVE-2017-5638,PUBLISHED,apache,2017-03-11T02:11:00.000Z,2025-02-06T21:14:30.267Z,,,CWE-20,webapps,linux,Struts,Known,Apache,2,2017-03-12T00:00:00.000Z,5yvnib,detw6my
CVE-2017-5638,PUBLISHED,apache,2017-03-11T02:11:00.000Z,2025-02-06T21:14:30.267Z,,,CWE-20,webapps,linux,Struts,Known,Apache,2,2018-04-09T00:00:00.000Z,8ay1ov,dx2ey09
CVE-2017-5638,PUBLISHED,apache,2017-03-11T02:11:00.000Z,2025-02-06T21:14:30.267Z,,,CWE-20,webapps,linux,Struts,Known,Apache,4,2017-03-09T00:00:00.000Z,5yhp1v,
CVE-2017-5638,PUBLISHED,apache,2017-03-11T02:11:00.000Z,2025-02-06T21:14:30.267Z,,,CWE-20,webapps,linux,Struts,Known,Apache,136,2017-09-14T00:00:00.000Z,701xi0,
CVE-2017-5638,PUBLISHED,apache,2017-03-11T02:11:00.000Z,2025-02-06T21:14:30.267Z,,,CWE-20,webapps,linux,Struts,Known,Apache,3,2018-04-09T00:00:00.000Z,8ay1ov,
CVE-2017-5675,PUBLISHED,mitre,2017-03-13T06:14:00,2024-08-05T15:11:48.410Z,,,,,,,,,4,2017-03-13T00:00:00.000Z,5z3uwl,devt67o
CVE-2017-5689,PUBLISHED,intel,2017-05-02T14:00:00.000Z,2025-02-07T13:44:05.635Z,,,,remote,multiple,"Active Management Technology (AMT), Small Business Technology (SBT), and Standard Manageability",Unknown,Intel,1,2017-05-09T00:00:00.000Z,69zxr4,dhbzdkr
CVE-2017-5689,PUBLISHED,intel,2017-05-02T14:00:00.000Z,2025-02-07T13:44:05.635Z,,,,remote,multiple,"Active Management Technology (AMT), Small Business Technology (SBT), and Standard Manageability",Unknown,Intel,2,2017-12-08T00:00:00.000Z,7i8clt,dqxzyhf
CVE-2017-5689,PUBLISHED,intel,2017-05-02T14:00:00.000Z,2025-02-07T13:44:05.635Z,,,,remote,multiple,"Active Management Technology (AMT), Small Business Technology (SBT), and Standard Manageability",Unknown,Intel,1,2017-12-10T00:00:00.000Z,7i8clt,dr11fsz
CVE-2017-5689,PUBLISHED,intel,2017-05-02T14:00:00.000Z,2025-02-07T13:44:05.635Z,,,,remote,multiple,"Active Management Technology (AMT), Small Business Technology (SBT), and Standard Manageability",Unknown,Intel,3,2018-06-08T00:00:00.000Z,8pja01,e0c018x
CVE-2017-5689,PUBLISHED,intel,2017-05-02T14:00:00.000Z,2025-02-07T13:44:05.635Z,,,,remote,multiple,"Active Management Technology (AMT), Small Business Technology (SBT), and Standard Manageability",Unknown,Intel,6,2024-08-10T00:00:00.000Z,1eouiii,lhiebg1
CVE-2017-5703,PUBLISHED,intel,2018-04-03T21:00:00Z,2024-09-17T02:36:25.583Z,,,,,,,,,5,2019-06-24T00:00:00.000Z,c4aqlu,erwz8oi
CVE-2017-5705,PUBLISHED,intel,2017-11-21T14:00:00Z,2024-09-17T03:29:01.015Z,,,,,,,,,11,2018-01-12T00:00:00.000Z,7pwghm,dsklh0f
CVE-2017-5705,PUBLISHED,intel,2017-11-21T14:00:00Z,2024-09-17T03:29:01.015Z,,,,,,,,,21,2017-11-21T00:00:00.000Z,7eghhp,dq5mqse
CVE-2017-5705,PUBLISHED,intel,2017-11-21T14:00:00Z,2024-09-17T03:29:01.015Z,,,,,,,,,1,2017-11-22T00:00:00.000Z,7eghhp,dq6ux8t
CVE-2017-5715,PUBLISHED,intel,2018-01-04T13:00:00.000Z,2025-05-06T14:59:36.405Z,,,,local,multiple,,,,1,2019-06-05T00:00:00.000Z,bx3gl6,eq3dy34
CVE-2017-5715,PUBLISHED,intel,2018-01-04T13:00:00.000Z,2025-05-06T14:59:36.405Z,,,,local,multiple,,,,1,2018-01-17T00:00:00.000Z,7nya2h,dst1rgg
CVE-2017-5715,PUBLISHED,intel,2018-01-04T13:00:00.000Z,2025-05-06T14:59:36.405Z,,,,local,multiple,,,,6,2018-01-04T00:00:00.000Z,7nyhc5,ds5n46g
CVE-2017-5715,PUBLISHED,intel,2018-01-04T13:00:00.000Z,2025-05-06T14:59:36.405Z,,,,local,multiple,,,,5,2018-01-04T00:00:00.000Z,7nyrxd,ds64snf
CVE-2017-5715,PUBLISHED,intel,2018-01-04T13:00:00.000Z,2025-05-06T14:59:36.405Z,,,,local,multiple,,,,1,2018-01-04T00:00:00.000Z,7nyrxd,ds65snn
CVE-2017-5715,PUBLISHED,intel,2018-01-04T13:00:00.000Z,2025-05-06T14:59:36.405Z,,,,local,multiple,,,,8,2018-01-04T00:00:00.000Z,7o14up,ds68gs6
CVE-2017-5715,PUBLISHED,intel,2018-01-04T13:00:00.000Z,2025-05-06T14:59:36.405Z,,,,local,multiple,,,,5,2018-01-04T00:00:00.000Z,7o2ks8,ds6b3gy
CVE-2017-5715,PUBLISHED,intel,2018-01-04T13:00:00.000Z,2025-05-06T14:59:36.405Z,,,,local,multiple,,,,1,2018-01-04T00:00:00.000Z,7nyhc5,ds6bpe3
CVE-2017-5715,PUBLISHED,intel,2018-01-04T13:00:00.000Z,2025-05-06T14:59:36.405Z,,,,local,multiple,,,,12,2018-01-04T00:00:00.000Z,7o27qo,ds6d945
CVE-2017-5715,PUBLISHED,intel,2018-01-04T13:00:00.000Z,2025-05-06T14:59:36.405Z,,,,local,multiple,,,,3,2018-01-04T00:00:00.000Z,7o2h3n,ds6dejt
CVE-2017-5715,PUBLISHED,intel,2018-01-04T13:00:00.000Z,2025-05-06T14:59:36.405Z,,,,local,multiple,,,,3,2018-01-04T00:00:00.000Z,7nyrxd,ds6fjvk
CVE-2017-5715,PUBLISHED,intel,2018-01-04T13:00:00.000Z,2025-05-06T14:59:36.405Z,,,,local,multiple,,,,8,2018-01-04T00:00:00.000Z,7o39et,ds6fux0
CVE-2017-5715,PUBLISHED,intel,2018-01-04T13:00:00.000Z,2025-05-06T14:59:36.405Z,,,,local,multiple,,,,2,2018-01-04T00:00:00.000Z,7o39et,ds6pwl1
CVE-2017-5715,PUBLISHED,intel,2018-01-04T13:00:00.000Z,2025-05-06T14:59:36.405Z,,,,local,multiple,,,,3,2018-01-04T00:00:00.000Z,7o39et,ds6wc6m
CVE-2017-5715,PUBLISHED,intel,2018-01-04T13:00:00.000Z,2025-05-06T14:59:36.405Z,,,,local,multiple,,,,4,2018-01-04T00:00:00.000Z,7o39et,ds6yfyy
CVE-2017-5715,PUBLISHED,intel,2018-01-04T13:00:00.000Z,2025-05-06T14:59:36.405Z,,,,local,multiple,,,,2,2018-01-04T00:00:00.000Z,7o39et,ds73amv
CVE-2017-5715,PUBLISHED,intel,2018-01-04T13:00:00.000Z,2025-05-06T14:59:36.405Z,,,,local,multiple,,,,2,2018-01-05T00:00:00.000Z,7o39et,ds7k4vq
CVE-2017-5715,PUBLISHED,intel,2018-01-04T13:00:00.000Z,2025-05-06T14:59:36.405Z,,,,local,multiple,,,,1,2018-01-05T00:00:00.000Z,7o39et,ds7vtja
CVE-2017-5715,PUBLISHED,intel,2018-01-04T13:00:00.000Z,2025-05-06T14:59:36.405Z,,,,local,multiple,,,,1,2018-01-05T00:00:00.000Z,7o39et,ds7vugs
CVE-2017-5715,PUBLISHED,intel,2018-01-04T13:00:00.000Z,2025-05-06T14:59:36.405Z,,,,local,multiple,,,,1,2018-01-05T00:00:00.000Z,7o2ks8,ds7z6ho
CVE-2017-5715,PUBLISHED,intel,2018-01-04T13:00:00.000Z,2025-05-06T14:59:36.405Z,,,,local,multiple,,,,3,2018-01-05T00:00:00.000Z,7o39et,ds7zl5p
CVE-2017-5715,PUBLISHED,intel,2018-01-04T13:00:00.000Z,2025-05-06T14:59:36.405Z,,,,local,multiple,,,,2,2018-01-05T00:00:00.000Z,7o2bxw,ds81edm
CVE-2017-5715,PUBLISHED,intel,2018-01-04T13:00:00.000Z,2025-05-06T14:59:36.405Z,,,,local,multiple,,,,1,2018-01-05T00:00:00.000Z,7o39et,ds823x2
CVE-2017-5715,PUBLISHED,intel,2018-01-04T13:00:00.000Z,2025-05-06T14:59:36.405Z,,,,local,multiple,,,,2,2018-01-05T00:00:00.000Z,7o2bxw,ds83dge
CVE-2017-5715,PUBLISHED,intel,2018-01-04T13:00:00.000Z,2025-05-06T14:59:36.405Z,,,,local,multiple,,,,2,2018-01-05T00:00:00.000Z,7o39et,ds85rst
CVE-2017-5715,PUBLISHED,intel,2018-01-04T13:00:00.000Z,2025-05-06T14:59:36.405Z,,,,local,multiple,,,,1,2018-01-05T00:00:00.000Z,7oawnl,ds894qk
CVE-2017-5715,PUBLISHED,intel,2018-01-04T13:00:00.000Z,2025-05-06T14:59:36.405Z,,,,local,multiple,,,,1,2018-01-05T00:00:00.000Z,7nyrxd,ds8y9tj
CVE-2017-5715,PUBLISHED,intel,2018-01-04T13:00:00.000Z,2025-05-06T14:59:36.405Z,,,,local,multiple,,,,2,2018-01-06T00:00:00.000Z,7oh4ab,dsa24nf
CVE-2017-5715,PUBLISHED,intel,2018-01-04T13:00:00.000Z,2025-05-06T14:59:36.405Z,,,,local,multiple,,,,1,2018-01-08T00:00:00.000Z,7o39et,dsd0iuq
CVE-2017-5715,PUBLISHED,intel,2018-01-04T13:00:00.000Z,2025-05-06T14:59:36.405Z,,,,local,multiple,,,,5,2018-01-08T00:00:00.000Z,7p0krg,dsdmmnj
CVE-2017-5715,PUBLISHED,intel,2018-01-04T13:00:00.000Z,2025-05-06T14:59:36.405Z,,,,local,multiple,,,,6,2018-01-08T00:00:00.000Z,7ozp9q,dsdw6ar
CVE-2017-5715,PUBLISHED,intel,2018-01-04T13:00:00.000Z,2025-05-06T14:59:36.405Z,,,,local,multiple,,,,1,2018-01-09T00:00:00.000Z,7o39et,dsey51d
CVE-2017-5715,PUBLISHED,intel,2018-01-04T13:00:00.000Z,2025-05-06T14:59:36.405Z,,,,local,multiple,,,,1,2018-01-09T00:00:00.000Z,7o39et,dsfcyup
CVE-2017-5715,PUBLISHED,intel,2018-01-04T13:00:00.000Z,2025-05-06T14:59:36.405Z,,,,local,multiple,,,,2,2018-01-09T00:00:00.000Z,7p9185,dsffdik
CVE-2017-5715,PUBLISHED,intel,2018-01-04T13:00:00.000Z,2025-05-06T14:59:36.405Z,,,,local,multiple,,,,3,2018-01-10T00:00:00.000Z,7ozp9q,dsgsx39
CVE-2017-5715,PUBLISHED,intel,2018-01-04T13:00:00.000Z,2025-05-06T14:59:36.405Z,,,,local,multiple,,,,1,2018-01-11T00:00:00.000Z,7piapi,dsi8aq9
CVE-2017-5715,PUBLISHED,intel,2018-01-04T13:00:00.000Z,2025-05-06T14:59:36.405Z,,,,local,multiple,,,,5,2018-01-11T00:00:00.000Z,7pocez,dsiq2xb
CVE-2017-5715,PUBLISHED,intel,2018-01-04T13:00:00.000Z,2025-05-06T14:59:36.405Z,,,,local,multiple,,,,3,2018-01-11T00:00:00.000Z,7p76em,dsjb1ig
CVE-2017-5715,PUBLISHED,intel,2018-01-04T13:00:00.000Z,2025-05-06T14:59:36.405Z,,,,local,multiple,,,,1,2018-01-11T00:00:00.000Z,7pocez,dsjmb9j
CVE-2017-5715,PUBLISHED,intel,2018-01-04T13:00:00.000Z,2025-05-06T14:59:36.405Z,,,,local,multiple,,,,1,2018-01-12T00:00:00.000Z,7pfkuy,dsjr6z1
CVE-2017-5715,PUBLISHED,intel,2018-01-04T13:00:00.000Z,2025-05-06T14:59:36.405Z,,,,local,multiple,,,,1,2018-01-18T00:00:00.000Z,7r1gaf,dsvcdsd
CVE-2017-5715,PUBLISHED,intel,2018-01-04T13:00:00.000Z,2025-05-06T14:59:36.405Z,,,,local,multiple,,,,5,2018-01-22T00:00:00.000Z,7s6kmm,dt2d4x7
CVE-2017-5715,PUBLISHED,intel,2018-01-04T13:00:00.000Z,2025-05-06T14:59:36.405Z,,,,local,multiple,,,,4,2018-01-22T00:00:00.000Z,7s6kmm,dt2lel1
CVE-2017-5715,PUBLISHED,intel,2018-01-04T13:00:00.000Z,2025-05-06T14:59:36.405Z,,,,local,multiple,,,,2,2018-01-22T00:00:00.000Z,7o39et,dt2v4gu
CVE-2017-5715,PUBLISHED,intel,2018-01-04T13:00:00.000Z,2025-05-06T14:59:36.405Z,,,,local,multiple,,,,5,2018-01-22T00:00:00.000Z,7o39et,dt308cx
CVE-2017-5715,PUBLISHED,intel,2018-01-04T13:00:00.000Z,2025-05-06T14:59:36.405Z,,,,local,multiple,,,,5,2018-01-24T00:00:00.000Z,7sn23c,dt6eplo
CVE-2017-5715,PUBLISHED,intel,2018-01-04T13:00:00.000Z,2025-05-06T14:59:36.405Z,,,,local,multiple,,,,1,2018-02-01T00:00:00.000Z,7o39et,dtkec83
CVE-2017-5715,PUBLISHED,intel,2018-01-04T13:00:00.000Z,2025-05-06T14:59:36.405Z,,,,local,multiple,,,,5,2018-02-01T00:00:00.000Z,7uk3r8,dtkvrtt
CVE-2017-5715,PUBLISHED,intel,2018-01-04T13:00:00.000Z,2025-05-06T14:59:36.405Z,,,,local,multiple,,,,1,2018-03-16T00:00:00.000Z,82pgrv,dvtndx3
CVE-2017-5715,PUBLISHED,intel,2018-01-04T13:00:00.000Z,2025-05-06T14:59:36.405Z,,,,local,multiple,,,,2,2018-05-10T00:00:00.000Z,8ig8eu,dyrzpyp
CVE-2017-5715,PUBLISHED,intel,2018-01-04T13:00:00.000Z,2025-05-06T14:59:36.405Z,,,,local,multiple,,,,3,2018-05-22T00:00:00.000Z,8l3bz2,dzdirgu
CVE-2017-5715,PUBLISHED,intel,2018-01-04T13:00:00.000Z,2025-05-06T14:59:36.405Z,,,,local,multiple,,,,2,2018-06-27T00:00:00.000Z,8q9z56,e1e9tm8
CVE-2017-5715,PUBLISHED,intel,2018-01-04T13:00:00.000Z,2025-05-06T14:59:36.405Z,,,,local,multiple,,,,2,2018-09-06T00:00:00.000Z,9d9hpj,e5h19sz
CVE-2017-5715,PUBLISHED,intel,2018-01-04T13:00:00.000Z,2025-05-06T14:59:36.405Z,,,,local,multiple,,,,1,2019-03-04T00:00:00.000Z,awvh0k,ehr7oxs
CVE-2017-5715,PUBLISHED,intel,2018-01-04T13:00:00.000Z,2025-05-06T14:59:36.405Z,,,,local,multiple,,,,1,2022-12-16T00:00:00.000Z,znijot,j0hfw0d
CVE-2017-5715,PUBLISHED,intel,2018-01-04T13:00:00.000Z,2025-05-06T14:59:36.405Z,,,,local,multiple,,,,358,2018-01-03T00:00:00.000Z,7nyhc5,
CVE-2017-5715,PUBLISHED,intel,2018-01-04T13:00:00.000Z,2025-05-06T14:59:36.405Z,,,,local,multiple,,,,110,2018-01-03T00:00:00.000Z,7nyrxd,
CVE-2017-5715,PUBLISHED,intel,2018-01-04T13:00:00.000Z,2025-05-06T14:59:36.405Z,,,,local,multiple,,,,123,2018-01-04T00:00:00.000Z,7nz6he,
CVE-2017-5715,PUBLISHED,intel,2018-01-04T13:00:00.000Z,2025-05-06T14:59:36.405Z,,,,local,multiple,,,,15,2018-01-06T00:00:00.000Z,7oicjg,
CVE-2017-5715,PUBLISHED,intel,2018-01-04T13:00:00.000Z,2025-05-06T14:59:36.405Z,,,,local,multiple,,,,3,2018-01-09T00:00:00.000Z,7p8nwv,
CVE-2017-5715,PUBLISHED,intel,2018-01-04T13:00:00.000Z,2025-05-06T14:59:36.405Z,,,,local,multiple,,,,161,2018-01-09T00:00:00.000Z,7p8yyv,
CVE-2017-5715,PUBLISHED,intel,2018-01-04T13:00:00.000Z,2025-05-06T14:59:36.405Z,,,,local,multiple,,,,116,2018-01-11T00:00:00.000Z,7pocez,
CVE-2017-5715,PUBLISHED,intel,2018-01-04T13:00:00.000Z,2025-05-06T14:59:36.405Z,,,,local,multiple,,,,3,2018-04-03T00:00:00.000Z,89hvy4,
CVE-2017-5715,PUBLISHED,intel,2018-01-04T13:00:00.000Z,2025-05-06T14:59:36.405Z,,,,local,multiple,,,,1,2018-04-09T00:00:00.000Z,8az6ap,
CVE-2017-5715,PUBLISHED,intel,2018-01-04T13:00:00.000Z,2025-05-06T14:59:36.405Z,,,,local,multiple,,,,6,2018-05-04T00:00:00.000Z,8h0gd3,
CVE-2017-5715,PUBLISHED,intel,2018-01-04T13:00:00.000Z,2025-05-06T14:59:36.405Z,,,,local,multiple,,,,0,2018-09-14T00:00:00.000Z,9fs278,
CVE-2017-5715,PUBLISHED,intel,2018-01-04T13:00:00.000Z,2025-05-06T14:59:36.405Z,,,,local,multiple,,,,2,2019-10-03T00:00:00.000Z,dcmmud,
CVE-2017-5715,PUBLISHED,intel,2018-01-04T13:00:00.000Z,2025-05-06T14:59:36.405Z,,,,local,multiple,,,,1,2020-01-06T00:00:00.000Z,ekw8gy,
CVE-2017-5715,PUBLISHED,intel,2018-01-04T13:00:00.000Z,2025-05-06T14:59:36.405Z,,,,local,multiple,,,,5,2021-04-19T00:00:00.000Z,mu5tfz,
CVE-2017-5753,PUBLISHED,intel,2018-01-04T13:00:00Z,2024-09-16T22:24:53.960Z,,,,local,multiple,,,,1,2024-03-17T00:00:00.000Z,1bgspbo,kv9hpm2
CVE-2017-5753,PUBLISHED,intel,2018-01-04T13:00:00Z,2024-09-16T22:24:53.960Z,,,,local,multiple,,,,1,2018-01-11T00:00:00.000Z,7pe6y4,dsif4zb
CVE-2017-5753,PUBLISHED,intel,2018-01-04T13:00:00Z,2024-09-16T22:24:53.960Z,,,,local,multiple,,,,7,2018-01-03T00:00:00.000Z,7nxmm8,ds5fevd
CVE-2017-5753,PUBLISHED,intel,2018-01-04T13:00:00Z,2024-09-16T22:24:53.960Z,,,,local,multiple,,,,2,2018-01-04T00:00:00.000Z,7nl8r0,ds64lka
CVE-2017-5753,PUBLISHED,intel,2018-01-04T13:00:00Z,2024-09-16T22:24:53.960Z,,,,local,multiple,,,,3,2018-01-04T00:00:00.000Z,7nydcj,ds6a7mi
CVE-2017-5753,PUBLISHED,intel,2018-01-04T13:00:00Z,2024-09-16T22:24:53.960Z,,,,local,multiple,,,,0,2018-01-04T00:00:00.000Z,7nydcj,ds6g2hr
CVE-2017-5753,PUBLISHED,intel,2018-01-04T13:00:00Z,2024-09-16T22:24:53.960Z,,,,local,multiple,,,,12,2018-01-04T00:00:00.000Z,7o39et,ds6ge7y
CVE-2017-5753,PUBLISHED,intel,2018-01-04T13:00:00Z,2024-09-16T22:24:53.960Z,,,,local,multiple,,,,5,2018-01-05T00:00:00.000Z,7o39et,ds8iq8x
CVE-2017-5753,PUBLISHED,intel,2018-01-04T13:00:00Z,2024-09-16T22:24:53.960Z,,,,local,multiple,,,,2,2018-01-05T00:00:00.000Z,7o39et,ds8twch
CVE-2017-5753,PUBLISHED,intel,2018-01-04T13:00:00Z,2024-09-16T22:24:53.960Z,,,,local,multiple,,,,4,2018-01-06T00:00:00.000Z,7oicjg,ds9pr2s
CVE-2017-5753,PUBLISHED,intel,2018-01-04T13:00:00Z,2024-09-16T22:24:53.960Z,,,,local,multiple,,,,5,2018-01-08T00:00:00.000Z,7ot0ke,dscel26
CVE-2017-5753,PUBLISHED,intel,2018-01-04T13:00:00Z,2024-09-16T22:24:53.960Z,,,,local,multiple,,,,2,2018-01-08T00:00:00.000Z,7oubgr,dscxspl
CVE-2017-5753,PUBLISHED,intel,2018-01-04T13:00:00Z,2024-09-16T22:24:53.960Z,,,,local,multiple,,,,6,2018-01-08T00:00:00.000Z,7oxxbn,dsd4zqt
CVE-2017-5753,PUBLISHED,intel,2018-01-04T13:00:00Z,2024-09-16T22:24:53.960Z,,,,local,multiple,,,,1,2018-01-09T00:00:00.000Z,7p0r7c,dsf8jj0
CVE-2017-5753,PUBLISHED,intel,2018-01-04T13:00:00Z,2024-09-16T22:24:53.960Z,,,,local,multiple,,,,2,2018-01-09T00:00:00.000Z,7ozp9q,dsfdekl
CVE-2017-5753,PUBLISHED,intel,2018-01-04T13:00:00Z,2024-09-16T22:24:53.960Z,,,,local,multiple,,,,2,2018-01-12T00:00:00.000Z,7p76em,dsk380h
CVE-2017-5753,PUBLISHED,intel,2018-01-04T13:00:00Z,2024-09-16T22:24:53.960Z,,,,local,multiple,,,,21,2018-01-12T00:00:00.000Z,7pvxh6,dsken3n
CVE-2017-5753,PUBLISHED,intel,2018-01-04T13:00:00Z,2024-09-16T22:24:53.960Z,,,,local,multiple,,,,1,2018-01-12T00:00:00.000Z,7p76em,dskgxie
CVE-2017-5753,PUBLISHED,intel,2018-01-04T13:00:00Z,2024-09-16T22:24:53.960Z,,,,local,multiple,,,,1,2018-01-17T00:00:00.000Z,7qkxkm,dsto5yi
CVE-2017-5753,PUBLISHED,intel,2018-01-04T13:00:00Z,2024-09-16T22:24:53.960Z,,,,local,multiple,,,,1,2018-01-17T00:00:00.000Z,7qkxkm,dstxjm3
CVE-2017-5753,PUBLISHED,intel,2018-01-04T13:00:00Z,2024-09-16T22:24:53.960Z,,,,local,multiple,,,,5,2018-01-22T00:00:00.000Z,7s8zz8,dt33t6o
CVE-2017-5753,PUBLISHED,intel,2018-01-04T13:00:00Z,2024-09-16T22:24:53.960Z,,,,local,multiple,,,,1,2018-01-23T00:00:00.000Z,7s8zz8,dt44cd6
CVE-2017-5753,PUBLISHED,intel,2018-01-04T13:00:00Z,2024-09-16T22:24:53.960Z,,,,local,multiple,,,,-2,2018-01-27T00:00:00.000Z,7t8h29,dtb2h53
CVE-2017-5753,PUBLISHED,intel,2018-01-04T13:00:00Z,2024-09-16T22:24:53.960Z,,,,local,multiple,,,,2,2018-01-27T00:00:00.000Z,7t8h29,dtcb4ll
CVE-2017-5753,PUBLISHED,intel,2018-01-04T13:00:00Z,2024-09-16T22:24:53.960Z,,,,local,multiple,,,,3,2018-05-23T00:00:00.000Z,8l4n4x,dzfe1op
CVE-2017-5753,PUBLISHED,intel,2018-01-04T13:00:00Z,2024-09-16T22:24:53.960Z,,,,local,multiple,,,,1,2022-12-16T00:00:00.000Z,znijot,j0hj3a5
CVE-2017-5753,PUBLISHED,intel,2018-01-04T13:00:00Z,2024-09-16T22:24:53.960Z,,,,local,multiple,,,,2,2018-01-15T00:00:00.000Z,7qkxkm,
CVE-2017-5753,PUBLISHED,intel,2018-01-04T13:00:00Z,2024-09-16T22:24:53.960Z,,,,local,multiple,,,,1,2018-01-26T00:00:00.000Z,7t8h29,
CVE-2017-5753,PUBLISHED,intel,2018-01-04T13:00:00Z,2024-09-16T22:24:53.960Z,,,,local,multiple,,,,2,2019-06-19T00:00:00.000Z,c2hqd8,
CVE-2017-5754,PUBLISHED,intel,2018-01-04T13:00:00Z,2024-09-16T16:48:54.618Z,,,,,,,,,11,2018-01-04T00:00:00.000Z,7o21np,ds69drv
CVE-2017-5754,PUBLISHED,intel,2018-01-04T13:00:00Z,2024-09-16T16:48:54.618Z,,,,,,,,,62,2018-01-04T00:00:00.000Z,7nya2h,ds5p54i
CVE-2017-5754,PUBLISHED,intel,2018-01-04T13:00:00Z,2024-09-16T16:48:54.618Z,,,,,,,,,2,2018-01-05T00:00:00.000Z,7nvhfu,ds7l008
CVE-2017-5754,PUBLISHED,intel,2018-01-04T13:00:00Z,2024-09-16T16:48:54.618Z,,,,,,,,,3,2018-01-04T00:00:00.000Z,7o2q28,ds6dc93
CVE-2017-5754,PUBLISHED,intel,2018-01-04T13:00:00Z,2024-09-16T16:48:54.618Z,,,,,,,,,2,2018-01-04T00:00:00.000Z,7o39et,ds6p3pr
CVE-2017-5754,PUBLISHED,intel,2018-01-04T13:00:00Z,2024-09-16T16:48:54.618Z,,,,,,,,,8,2018-01-04T00:00:00.000Z,7nyhc5,ds71rhr
CVE-2017-5754,PUBLISHED,intel,2018-01-04T13:00:00Z,2024-09-16T16:48:54.618Z,,,,,,,,,3,2018-01-05T00:00:00.000Z,7o39et,ds7d62g
CVE-2017-5754,PUBLISHED,intel,2018-01-04T13:00:00Z,2024-09-16T16:48:54.618Z,,,,,,,,,1,2018-01-05T00:00:00.000Z,7o39et,ds7gta4
CVE-2017-5754,PUBLISHED,intel,2018-01-04T13:00:00Z,2024-09-16T16:48:54.618Z,,,,,,,,,7,2018-01-05T00:00:00.000Z,7o39et,ds7wi0z
CVE-2017-5754,PUBLISHED,intel,2018-01-04T13:00:00Z,2024-09-16T16:48:54.618Z,,,,,,,,,1,2018-01-05T00:00:00.000Z,7o39et,ds8i6ei
CVE-2017-5754,PUBLISHED,intel,2018-01-04T13:00:00Z,2024-09-16T16:48:54.618Z,,,,,,,,,2,2018-01-06T00:00:00.000Z,7oe367,ds9jbzy
CVE-2017-5754,PUBLISHED,intel,2018-01-04T13:00:00Z,2024-09-16T16:48:54.618Z,,,,,,,,,1,2018-01-06T00:00:00.000Z,7o39et,dsagqjs
CVE-2017-5754,PUBLISHED,intel,2018-01-04T13:00:00Z,2024-09-16T16:48:54.618Z,,,,,,,,,4,2018-01-08T00:00:00.000Z,7oubgr,dscfplm
CVE-2017-5754,PUBLISHED,intel,2018-01-04T13:00:00Z,2024-09-16T16:48:54.618Z,,,,,,,,,4,2018-01-09T00:00:00.000Z,7p8yyv,dsfm9hb
CVE-2017-5754,PUBLISHED,intel,2018-01-04T13:00:00Z,2024-09-16T16:48:54.618Z,,,,,,,,,3,2018-01-10T00:00:00.000Z,7pdbnq,dsgk8f5
CVE-2017-5754,PUBLISHED,intel,2018-01-04T13:00:00Z,2024-09-16T16:48:54.618Z,,,,,,,,,4,2018-01-10T00:00:00.000Z,7piapi,dshhts2
CVE-2017-5754,PUBLISHED,intel,2018-01-04T13:00:00Z,2024-09-16T16:48:54.618Z,,,,,,,,,8,2022-07-23T00:00:00.000Z,w65tm9,ihbz6bo
CVE-2017-5754,PUBLISHED,intel,2018-01-04T13:00:00Z,2024-09-16T16:48:54.618Z,,,,,,,,,3,2024-07-24T00:00:00.000Z,1eb22pb,leqhmq1
CVE-2017-5754,PUBLISHED,intel,2018-01-04T13:00:00Z,2024-09-16T16:48:54.618Z,,,,,,,,,4115,2018-01-02T00:00:00.000Z,7nl8r0,
CVE-2017-5754,PUBLISHED,intel,2018-01-04T13:00:00Z,2024-09-16T16:48:54.618Z,,,,,,,,,73,2018-01-09T00:00:00.000Z,7p9it3,
CVE-2017-5754,PUBLISHED,intel,2018-01-04T13:00:00Z,2024-09-16T16:48:54.618Z,,,,,,,,,5,2021-10-29T00:00:00.000Z,qiizep,
CVE-2017-5754,PUBLISHED,intel,2018-01-04T13:00:00Z,2024-09-16T16:48:54.618Z,,,,,,,,,0,2022-05-26T00:00:00.000Z,uy80er,
CVE-2017-5754,PUBLISHED,intel,2018-01-04T13:00:00Z,2024-09-16T16:48:54.618Z,,,,,,,,,101,2022-07-23T00:00:00.000Z,w65tm9,
CVE-2017-5925,PUBLISHED,mitre,2017-02-27T07:25:00,2024-08-05T15:18:48.768Z,,,,,,,,,1,2017-02-27T00:00:00.000Z,5u8u8d,de9zuxl
CVE-2017-6074,PUBLISHED,mitre,2017-02-18T21:40:00,2024-08-05T15:18:49.675Z,,,,dos,linux,,,,0,2019-01-30T00:00:00.000Z,alh22l,efed6ex
CVE-2017-6074,PUBLISHED,mitre,2017-02-18T21:40:00,2024-08-05T15:18:49.675Z,,,,dos,linux,,,,2,2019-01-30T00:00:00.000Z,alh22l,efedtb5
CVE-2017-6074,PUBLISHED,mitre,2017-02-18T21:40:00,2024-08-05T15:18:49.675Z,,,,dos,linux,,,,17,2017-02-22T00:00:00.000Z,5vjpgj,de2rjqa
CVE-2017-6074,PUBLISHED,mitre,2017-02-18T21:40:00,2024-08-05T15:18:49.675Z,,,,dos,linux,,,,5,2017-03-09T00:00:00.000Z,5yeeqn,depdvv7
CVE-2017-6079,PUBLISHED,mitre,2017-05-16T17:00:00,2024-08-05T15:18:49.654Z,,,,,,,,,1,2017-05-17T00:00:00.000Z,6bp4l6,dhod1tm
CVE-2017-6195,PUBLISHED,mitre,2017-05-18T06:13:00,2024-08-05T15:25:49.036Z,,,,,,,,,27,2024-05-24T00:00:00.000Z,1czavp1,l5g5x4e
CVE-2017-6667,PUBLISHED,cisco,2017-06-13T06:00:00,2024-08-05T15:33:20.470Z,,,,,,,,,1,2024-04-26T00:00:00.000Z,1cddh72,l1budtm
CVE-2017-6742,PUBLISHED,cisco,2017-07-17T21:00:00,2024-11-15T17:58:48.325Z,,,CWE-119,,,IOS and IOS XE Software,Unknown,Cisco,45,2023-04-19T00:00:00.000Z,12s89nx,jgx9em3
CVE-2017-6975,PUBLISHED,apple,2017-04-05T14:00:00,2024-08-05T15:49:02.320Z,,,,,,,,,1,2017-04-07T00:00:00.000Z,641k7f,dfynb9f
CVE-2017-6975,PUBLISHED,apple,2017-04-05T14:00:00,2024-08-05T15:49:02.320Z,,,,,,,,,1,2017-04-12T00:00:00.000Z,64sbf2,dg5xstf
CVE-2017-7003,PUBLISHED,apple,2018-04-03T06:00:00,2024-08-05T15:49:02.571Z,,,,,,,,,42,2018-02-20T00:00:00.000Z,7yrhdc,duitfra
CVE-2017-7149,PUBLISHED,apple,2017-10-23T01:00:00,2024-08-05T15:56:34.871Z,,,,,,,,,8,2024-04-29T00:00:00.000Z,1cg62nr,l1u6025
CVE-2017-7240,PUBLISHED,mitre,2017-03-24T15:00:00,2024-08-05T15:56:36.157Z,,,,remote,hardware,,,,2,2021-05-25T00:00:00.000Z,nk5l5o,gzcxrql
CVE-2017-7269,PUBLISHED,mitre,2017-03-27T01:55:00.000Z,2025-02-04T20:45:28.567Z,,,CWE-119,remote,windows,Internet Information Services (IIS),Unknown,Microsoft,4,2018-08-28T00:00:00.000Z,9awgim,e4yn2xd
CVE-2017-7269,PUBLISHED,mitre,2017-03-27T01:55:00.000Z,2025-02-04T20:45:28.567Z,,,CWE-119,remote,windows,Internet Information Services (IIS),Unknown,Microsoft,1,2017-05-10T00:00:00.000Z,6adgna,dhdrd6o
CVE-2017-7269,PUBLISHED,mitre,2017-03-27T01:55:00.000Z,2025-02-04T20:45:28.567Z,,,CWE-119,remote,windows,Internet Information Services (IIS),Unknown,Microsoft,1,2017-05-15T00:00:00.000Z,6bacmd,dhl7r7u
CVE-2017-7269,PUBLISHED,mitre,2017-03-27T01:55:00.000Z,2025-02-04T20:45:28.567Z,,,CWE-119,remote,windows,Internet Information Services (IIS),Unknown,Microsoft,2,2018-01-04T00:00:00.000Z,7o28qq,ds6bir2
CVE-2017-7280,PUBLISHED,mitre,2017-04-12T22:00:00,2024-08-05T15:56:36.431Z,,,,,,,,,1,2017-04-20T00:00:00.000Z,6648he,dgivlsf
CVE-2017-7471,PUBLISHED,redhat,2018-07-09T14:00:00,2024-08-05T16:04:11.568Z,,,,,,,,,7,2019-02-17T00:00:00.000Z,arncpa,egotmo5
CVE-2017-7477,PUBLISHED,redhat,2017-04-25T14:00:00,2024-08-05T16:04:11.423Z,,,,,,,,,5,2017-04-25T00:00:00.000Z,67dizh,dgq0c7t
CVE-2017-7477,PUBLISHED,redhat,2017-04-25T14:00:00,2024-08-05T16:04:11.423Z,,,,,,,,,3,2017-07-04T00:00:00.000Z,6l6wlw,djrqusl
CVE-2017-7494,PUBLISHED,redhat,2017-05-30T18:00:00.000Z,2025-02-07T13:29:38.079Z,,,CWE-94,remote,linux,Samba,Known,Samba,11,2017-05-26T00:00:00.000Z,6df3ix,di29ik3
CVE-2017-7494,PUBLISHED,redhat,2017-05-30T18:00:00.000Z,2025-02-07T13:29:38.079Z,,,CWE-94,remote,linux,Samba,Known,Samba,72,2017-05-24T00:00:00.000Z,6d0uzg,
CVE-2017-7525,PUBLISHED,redhat,2018-02-06T15:00:00Z,2024-09-17T02:21:29.302Z,,,CWE-184,,,,,,1,2018-05-07T00:00:00.000Z,8g5uk4,dykpggr
CVE-2017-7526,PUBLISHED,redhat,2018-07-26T13:00:00,2024-08-05T16:04:11.873Z,6.1,3.0,CWE-200,,,,,,2,2017-07-06T00:00:00.000Z,6ldh6e,djveo6c
CVE-2017-7541,PUBLISHED,redhat,2017-07-25T04:00:00,2024-08-05T16:04:11.990Z,,,,,,,,,1,2018-11-07T00:00:00.000Z,9ryy7r,e98b6o8
CVE-2017-7541,PUBLISHED,redhat,2017-07-25T04:00:00,2024-08-05T16:04:11.990Z,,,,,,,,,1,2018-11-08T00:00:00.000Z,9ryy7r,e9aagzl
CVE-2017-7541,PUBLISHED,redhat,2017-07-25T04:00:00,2024-08-05T16:04:11.990Z,,,,,,,,,1,2018-11-08T00:00:00.000Z,9ryy7r,e9ac8vl
CVE-2017-7541,PUBLISHED,redhat,2017-07-25T04:00:00,2024-08-05T16:04:11.990Z,,,,,,,,,1,2018-11-16T00:00:00.000Z,9ryy7r,e9si965
CVE-2017-7629,PUBLISHED,mitre,2017-06-15T20:00:00,2024-08-05T16:12:26.916Z,,,,,,,,,1,2023-09-15T00:00:00.000Z,16j56eh,
CVE-2017-7728,PUBLISHED,mitre,2017-07-11T17:00:00,2024-08-05T16:12:28.336Z,,,,,,,,,13,2017-07-15T00:00:00.000Z,6nfoqg,dk94586
CVE-2017-7892,PUBLISHED,mitre,2017-04-17T21:00:00Z,2024-09-17T02:48:10.187Z,,,,,,,,,-1,2017-04-21T00:00:00.000Z,66nx6k,dgkih7s
CVE-2017-7923,PUBLISHED,icscert,2017-05-06T00:00:00,2024-12-27T20:58:21.460Z,,,CWE-260,,,,,,2,2021-06-22T00:00:00.000Z,o5li24,h2p1qo6
CVE-2017-7932,PUBLISHED,icscert,2017-08-07T08:00:00,2024-08-05T16:19:29.197Z,,,CWE-295,,,,,,1,2023-12-10T00:00:00.000Z,jh8hi6,kcqh1sc
CVE-2017-8046,PUBLISHED,dell,2018-01-04T06:00:00,2024-08-05T16:19:29.628Z,,,,webapps,java,,,,7,2017-12-26T00:00:00.000Z,7m0b40,drsdlvl
CVE-2017-8224,PUBLISHED,mitre,2017-04-25T20:00:00Z,2024-09-16T22:19:52.719Z,,,,remote,hardware,,,,0,2017-06-20T00:00:00.000Z,6ifpg0,
CVE-2017-8295,PUBLISHED,mitre,2017-05-04T14:00:00,2024-08-05T16:34:21.532Z,,,,webapps,linux,,,,10,2017-05-03T00:00:00.000Z,692w7m,dh3cbtu
CVE-2017-8464,PUBLISHED,microsoft,2017-06-15T01:00:00.000Z,2025-02-10T19:30:23.273Z,,,,local,windows,Windows,Unknown,Microsoft,3,2017-06-14T00:00:00.000Z,6h1ih3,diw58tl
CVE-2017-8495,PUBLISHED,microsoft,2017-07-11T21:00:00Z,2024-09-16T18:34:48.946Z,,,,,,,,,1,2017-07-20T00:00:00.000Z,6ock5a,dkgzz88
CVE-2017-8503,PUBLISHED,microsoft,2017-08-08T21:00:00Z,2024-09-16T19:10:41.515Z,3.7,,,,,,,Microsoft,0,2021-02-24T00:00:00.000Z,lr8t2i,golg8m5
CVE-2017-8529,PUBLISHED,microsoft,2017-06-15T01:00:00,2024-08-05T16:41:22.309Z,,,,,,,,,1,2017-06-23T00:00:00.000Z,6hfq4p,djasyv4
CVE-2017-8529,PUBLISHED,microsoft,2017-06-15T01:00:00,2024-08-05T16:41:22.309Z,,,,,,,,,1,2017-06-27T00:00:00.000Z,6j1da2,djh53ju
CVE-2017-8529,PUBLISHED,microsoft,2017-06-15T01:00:00,2024-08-05T16:41:22.309Z,,,,,,,,,6,2017-12-29T00:00:00.000Z,7mwuix,drxc8qb
CVE-2017-8529,PUBLISHED,microsoft,2017-06-15T01:00:00,2024-08-05T16:41:22.309Z,,,,,,,,,5,2018-04-12T00:00:00.000Z,8bmuc5,dx88735
CVE-2017-8529,PUBLISHED,microsoft,2017-06-15T01:00:00,2024-08-05T16:41:22.309Z,,,,,,,,,1,2018-05-09T00:00:00.000Z,8hwr5p,dyolzzf
CVE-2017-8529,PUBLISHED,microsoft,2017-06-15T01:00:00,2024-08-05T16:41:22.309Z,,,,,,,,,5,2018-12-03T00:00:00.000Z,a2nmxp,eazt1sw
CVE-2017-8529,PUBLISHED,microsoft,2017-06-15T01:00:00,2024-08-05T16:41:22.309Z,,,,,,,,,2,2019-03-04T00:00:00.000Z,awvh0k,ehr1f50
CVE-2017-8529,PUBLISHED,microsoft,2017-06-15T01:00:00,2024-08-05T16:41:22.309Z,,,,,,,,,1,2020-01-11T00:00:00.000Z,en0n9m,fdtovea
CVE-2017-8529,PUBLISHED,microsoft,2017-06-15T01:00:00,2024-08-05T16:41:22.309Z,,,,,,,,,1,2022-03-21T00:00:00.000Z,tikq2y,i1jbsfu
CVE-2017-8529,PUBLISHED,microsoft,2017-06-15T01:00:00,2024-08-05T16:41:22.309Z,,,,,,,,,1,2019-03-25T00:00:00.000Z,b5cr17,
CVE-2017-8529,PUBLISHED,microsoft,2017-06-15T01:00:00,2024-08-05T16:41:22.309Z,,,,,,,,,2,2019-10-11T00:00:00.000Z,dgdkgx,
CVE-2017-8543,PUBLISHED,microsoft,2017-06-15T01:00:00.000Z,2025-02-10T18:55:35.648Z,,,CWE-281,,,Windows,Unknown,Microsoft,5,2017-06-13T00:00:00.000Z,6h1ih3,diuqfxc
CVE-2017-8558,PUBLISHED,microsoft,2017-06-29T13:00:00,2024-08-05T16:41:24.089Z,,,,dos,windows,,,,4,2017-06-28T00:00:00.000Z,6jva16,djhxv3j
CVE-2017-8558,PUBLISHED,microsoft,2017-06-29T13:00:00,2024-08-05T16:41:24.089Z,,,,dos,windows,,,,14,2017-06-23T00:00:00.000Z,6j3kq1,
CVE-2017-8563,PUBLISHED,microsoft,2017-07-11T21:00:00Z,2024-09-16T20:47:16.376Z,,,,,,,,,1,2017-07-26T00:00:00.000Z,6pj40x,dkq077b
CVE-2017-8563,PUBLISHED,microsoft,2017-07-11T21:00:00Z,2024-09-16T20:47:16.376Z,,,,,,,,,1,2017-12-11T00:00:00.000Z,7j4zr3,dr3p610
CVE-2017-8563,PUBLISHED,microsoft,2017-07-11T21:00:00Z,2024-09-16T20:47:16.376Z,,,,,,,,,2,2018-02-13T00:00:00.000Z,7wz363,du6n58v
CVE-2017-8563,PUBLISHED,microsoft,2017-07-11T21:00:00Z,2024-09-16T20:47:16.376Z,,,,,,,,,6,2020-04-25T00:00:00.000Z,g7j3aq,fohztrq
CVE-2017-8563,PUBLISHED,microsoft,2017-07-11T21:00:00Z,2024-09-16T20:47:16.376Z,,,,,,,,,2,2020-06-18T00:00:00.000Z,hbm32g,fv9wq94
CVE-2017-8563,PUBLISHED,microsoft,2017-07-11T21:00:00Z,2024-09-16T20:47:16.376Z,,,,,,,,,8,2021-02-09T00:00:00.000Z,lgcbxu,gmqrafj
CVE-2017-8563,PUBLISHED,microsoft,2017-07-11T21:00:00Z,2024-09-16T20:47:16.376Z,,,,,,,,,1,2019-01-30T00:00:00.000Z,alasy3,
CVE-2017-8563,PUBLISHED,microsoft,2017-07-11T21:00:00Z,2024-09-16T20:47:16.376Z,,,,,,,,,76,2017-07-12T00:00:00.000Z,6mty4b,
CVE-2017-8563,PUBLISHED,microsoft,2017-07-11T21:00:00Z,2024-09-16T20:47:16.376Z,,,,,,,,,2,2017-07-13T00:00:00.000Z,6n4n6s,
CVE-2017-8563,PUBLISHED,microsoft,2017-07-11T21:00:00Z,2024-09-16T20:47:16.376Z,,,,,,,,,2,2020-02-18T00:00:00.000Z,f5rr02,
CVE-2017-8563,PUBLISHED,microsoft,2017-07-11T21:00:00Z,2024-09-16T20:47:16.376Z,,,,,,,,,0,2021-02-18T00:00:00.000Z,lm9phc,
CVE-2017-8563,PUBLISHED,microsoft,2017-07-11T21:00:00Z,2024-09-16T20:47:16.376Z,,,,,,,,,1,2024-04-02T00:00:00.000Z,1bu54tj,
CVE-2017-8570,PUBLISHED,microsoft,2017-07-11T21:00:00.000Z,2025-02-10T14:50:33.274Z,,,,local,windows,Office,Unknown,Microsoft,1,2024-04-28T00:00:00.000Z,1cfh7mq,l1p1zcq
CVE-2017-8571,PUBLISHED,microsoft,2017-08-01T20:00:00Z,2024-09-17T01:27:01.271Z,,,,,,,,,123,2017-07-27T00:00:00.000Z,6pxz08,
CVE-2017-8589,PUBLISHED,microsoft,2017-07-11T21:00:00Z,2024-09-17T02:37:28.830Z,,,,,,,,,8,2017-07-12T00:00:00.000Z,6mt3dp,
CVE-2017-8589,PUBLISHED,microsoft,2017-07-11T21:00:00Z,2024-09-17T02:37:28.830Z,,,,,,,,,3,2017-07-14T00:00:00.000Z,6n5wzy,
CVE-2017-8620,PUBLISHED,microsoft,2017-08-08T21:00:00Z,2024-09-17T00:02:34.544Z,,,,,,,,,2,2017-08-08T00:00:00.000Z,6sf8zu,
CVE-2017-8621,PUBLISHED,microsoft,2017-07-11T21:00:00Z,2024-09-16T23:45:31.629Z,,,,,,,,,1,2017-07-12T00:00:00.000Z,6mty4b,dk566mj
CVE-2017-8628,PUBLISHED,microsoft,2017-09-13T01:00:00Z,2024-09-16T22:25:49.794Z,,,,,,,,,2,2017-09-13T00:00:00.000Z,6zpmrq,dmy0zi0
CVE-2017-8628,PUBLISHED,microsoft,2017-09-13T01:00:00Z,2024-09-16T22:25:49.794Z,,,,,,,,,4,2017-09-13T00:00:00.000Z,6zt1mm,dmy2tnz
CVE-2017-8664,PUBLISHED,microsoft,2017-08-08T21:00:00Z,2024-09-16T18:13:39.716Z,,,,,,,,,2,2018-05-21T00:00:00.000Z,8l10kq,dzcisko
CVE-2017-8759,PUBLISHED,microsoft,2017-09-13T01:00:00.000Z,2025-02-10T15:12:27.100Z,,,CWE-20,remote,windows,.NET Framework,Unknown,Microsoft,8,2017-09-13T00:00:00.000Z,6ztenh,
CVE-2017-8769,PUBLISHED,mitre,2017-05-18T06:13:00,2024-08-05T16:48:21.690Z,,,,,,,,,1,2022-04-15T00:00:00.000Z,u2w5rh,i4tx49m
CVE-2017-9417,PUBLISHED,mitre,2017-06-03T23:00:00,2024-08-05T17:02:44.380Z,,,,dos,android,,,,5,2017-07-27T00:00:00.000Z,6pqshp,dksnzq8
CVE-2017-9445,PUBLISHED,mitre,2017-06-28T06:00:00,2024-08-05T17:11:01.693Z,,,,,,,,,7,2017-06-29T00:00:00.000Z,6k8c0l,djk0oh4
CVE-2017-9445,PUBLISHED,mitre,2017-06-28T06:00:00,2024-08-05T17:11:01.693Z,,,,,,,,,41,2017-11-27T00:00:00.000Z,7fw0lr,dqf099q
CVE-2017-9765,PUBLISHED,mitre,2017-07-20T00:00:00,2024-08-05T17:18:01.972Z,,,,,,,,,2,2019-02-16T00:00:00.000Z,ar5n0l,egl3d8y
CVE-2017-9780,PUBLISHED,mitre,2017-06-21T15:00:00,2024-08-05T17:18:02.131Z,,,,,,,,,1,2018-10-12T00:00:00.000Z,9mx3ni,e7npl8f
CVE-2017-9791,PUBLISHED,apache,2017-07-10T16:00:00.000Z,2025-02-06T21:14:30.425Z,,,CWE-20,remote,multiple,Struts 1,Unknown,Apache,1,2017-09-11T00:00:00.000Z,6yzpva,dmuslc3
CVE-2017-9791,PUBLISHED,apache,2017-07-10T16:00:00.000Z,2025-02-06T21:14:30.425Z,,,CWE-20,remote,multiple,Struts 1,Unknown,Apache,1,2017-08-02T00:00:00.000Z,5yg101,dl2i9kw
CVE-2017-9798,PUBLISHED,apache,2017-09-18T15:00:00,2024-08-05T17:18:01.870Z,,,,webapps,linux,,,,5,2017-09-20T00:00:00.000Z,71bzco,dn9ys54
CVE-2017-9805,PUBLISHED,apache,2017-09-15T19:00:00.000Z,2025-02-06T21:14:30.562Z,,,CWE-502,remote,linux,Struts,Unknown,Apache,3,2017-09-11T00:00:00.000Z,6zilrj,dmvko6l
CVE-2017-9805,PUBLISHED,apache,2017-09-15T19:00:00.000Z,2025-02-06T21:14:30.562Z,,,CWE-502,remote,linux,Struts,Unknown,Apache,1,2017-09-05T00:00:00.000Z,6ya4iw,dmlugxo
CVE-2017-9805,PUBLISHED,apache,2017-09-15T19:00:00.000Z,2025-02-06T21:14:30.562Z,,,CWE-502,remote,linux,Struts,Unknown,Apache,5,2017-09-05T00:00:00.000Z,6yadaf,dmm3ntw
CVE-2017-9805,PUBLISHED,apache,2017-09-15T19:00:00.000Z,2025-02-06T21:14:30.562Z,,,CWE-502,remote,linux,Struts,Unknown,Apache,1,2017-09-18T00:00:00.000Z,70t85t,dn6vqe1
CVE-2017-9822,PUBLISHED,hpe,2017-07-20T12:00:00.000Z,2025-02-07T13:41:49.724Z,,,CWE-20,remote,windows,DotNetNuke (DNN),Known,DotNetNuke (DNN),5,2023-02-27T00:00:00.000Z,11ct953,ja5m0vk
CVE-2017-9841,PUBLISHED,mitre,2017-06-27T17:00:00.000Z,2025-02-07T14:17:38.778Z,,,CWE-94,webapps,php,PHPUnit,Unknown,PHPUnit,2,2022-07-01T00:00:00.000Z,votsxc,iefwamz
CVE-2017-9841,PUBLISHED,mitre,2017-06-27T17:00:00.000Z,2025-02-07T14:17:38.778Z,,,CWE-94,webapps,php,PHPUnit,Unknown,PHPUnit,1,2023-11-06T00:00:00.000Z,17pdn9k,k84k2b1
CVE-2017-9841,PUBLISHED,mitre,2017-06-27T17:00:00.000Z,2025-02-07T14:17:38.778Z,,,CWE-94,webapps,php,PHPUnit,Unknown,PHPUnit,7,2020-10-26T00:00:00.000Z,jiblf6,
CVE-2017-9947,PUBLISHED,siemens,2017-10-23T00:00:00,2024-08-05T17:25:00.484Z,,,CWE-538,,,,,,2,2022-05-26T00:00:00.000Z,uyene2,ia3qkxa
CVE-2017-9948,PUBLISHED,mitre,2017-06-26T14:00:00,2024-08-05T17:24:59.844Z,,,,,,,,,1,2017-06-27T00:00:00.000Z,6jt2am,djgqo1c
CVE-2018-0101,PUBLISHED,cisco,2018-01-29T20:00:00,2024-12-02T21:25:00.235Z,,,CWE-415,dos,hardware,,,,2,2018-02-15T00:00:00.000Z,7xql82,duac2vw
CVE-2018-0101,PUBLISHED,cisco,2018-01-29T20:00:00,2024-12-02T21:25:00.235Z,,,CWE-415,dos,hardware,,,,6,2018-02-15T00:00:00.000Z,7xr4ge,duafnwj
CVE-2018-0101,PUBLISHED,cisco,2018-01-29T20:00:00,2024-12-02T21:25:00.235Z,,,CWE-415,dos,hardware,,,,1,2018-03-14T00:00:00.000Z,84fm9y,dvpew17
CVE-2018-0101,PUBLISHED,cisco,2018-01-29T20:00:00,2024-12-02T21:25:00.235Z,,,CWE-415,dos,hardware,,,,2,2018-03-06T00:00:00.000Z,82gqzi,
CVE-2018-0101,PUBLISHED,cisco,2018-01-29T20:00:00,2024-12-02T21:25:00.235Z,,,CWE-415,dos,hardware,,,,3,2018-03-12T00:00:00.000Z,83vfns,
CVE-2018-0114,PUBLISHED,cisco,2018-01-04T06:00:00,2024-12-02T20:58:29.226Z,,,CWE-347,webapps,multiple,,,,1,2023-06-01T00:00:00.000Z,13xa815,
CVE-2018-0141,PUBLISHED,cisco,2018-03-08T07:00:00,2024-12-02T20:59:48.813Z,,,CWE-798,,,,,,183,2018-03-09T00:00:00.000Z,833md6,
CVE-2018-0150,PUBLISHED,cisco,2018-03-28T22:00:00,2024-12-02T20:55:40.966Z,,,CWE-798,,,,,,3,2021-09-24T00:00:00.000Z,puclza,
CVE-2018-0171,PUBLISHED,cisco,2018-03-28T22:00:00,2024-11-13T18:24:11.004Z,,,CWE-20,dos,hardware,IOS and IOS XE,Unknown,Cisco,2,2022-06-12T00:00:00.000Z,va428f,ic3midn
CVE-2018-0171,PUBLISHED,cisco,2018-03-28T22:00:00,2024-11-13T18:24:11.004Z,,,CWE-20,dos,hardware,IOS and IOS XE,Unknown,Cisco,7,2021-05-13T00:00:00.000Z,nbpc18,gy15w5o
CVE-2018-0171,PUBLISHED,cisco,2018-03-28T22:00:00,2024-11-13T18:24:11.004Z,,,CWE-20,dos,hardware,IOS and IOS XE,Unknown,Cisco,2,2021-05-14T00:00:00.000Z,nbpc18,gy1q7lr
CVE-2018-0171,PUBLISHED,cisco,2018-03-28T22:00:00,2024-11-13T18:24:11.004Z,,,CWE-20,dos,hardware,IOS and IOS XE,Unknown,Cisco,2,2019-02-20T00:00:00.000Z,asuvuu,egwy3k5
CVE-2018-0171,PUBLISHED,cisco,2018-03-28T22:00:00,2024-11-13T18:24:11.004Z,,,CWE-20,dos,hardware,IOS and IOS XE,Unknown,Cisco,257,2018-04-05T00:00:00.000Z,89zymg,
CVE-2018-0296,PUBLISHED,cisco,2018-06-07T12:00:00,2024-11-13T18:22:34.210Z,,,CWE-20,webapps,hardware,Adaptive Security Appliance (ASA),Unknown,Cisco,1,2019-09-30T00:00:00.000Z,db0ae5,f20vh5b
CVE-2018-0296,PUBLISHED,cisco,2018-06-07T12:00:00,2024-11-13T18:22:34.210Z,,,CWE-20,webapps,hardware,Adaptive Security Appliance (ASA),Unknown,Cisco,18,2018-06-28T00:00:00.000Z,8ufugv,
CVE-2018-0420,PUBLISHED,cisco,2018-10-17T22:00:00Z,2024-11-26T14:24:27.021Z,6.5,3.0,CWE-22,,,,,,7,2018-01-30T00:00:00.000Z,7tx1ab,dtgs6i8
CVE-2018-0434,PUBLISHED,cisco,2018-10-05T14:00:00Z,2024-11-26T14:43:53.131Z,,,CWE-295,,,,,,7,2018-09-06T00:00:00.000Z,9dgm6e,e5hua9q
CVE-2018-0737,PUBLISHED,openssl,2018-04-16T17:00:00Z,2024-09-17T03:53:55.729Z,,,,,,,,,0,2018-05-02T00:00:00.000Z,8ggqac,dybiazf
CVE-2018-0764,PUBLISHED,microsoft,2018-01-10T01:00:00Z,2024-09-17T02:16:15.781Z,,,,,,,,,2,2018-01-29T00:00:00.000Z,7tu7dn,dtff5j3
CVE-2018-0764,PUBLISHED,microsoft,2018-01-10T01:00:00Z,2024-09-17T02:16:15.781Z,,,,,,,,,3,2018-01-29T00:00:00.000Z,7tu7dn,
CVE-2018-0787,PUBLISHED,microsoft,2018-03-14T17:00:00Z,2024-09-16T17:23:49.994Z,,,,,,,,,11,2018-03-14T00:00:00.000Z,84db69,dvovekc
CVE-2018-0826,PUBLISHED,microsoft,2018-02-15T02:00:00Z,2024-09-16T16:37:35.344Z,,,,local,windows,,,,9,2018-02-21T00:00:00.000Z,7z716n,dum2nsw
CVE-2018-0826,PUBLISHED,microsoft,2018-02-15T02:00:00Z,2024-09-16T16:37:35.344Z,,,,local,windows,,,,7,2018-02-21T00:00:00.000Z,7z716n,dumbidl
CVE-2018-0866,PUBLISHED,microsoft,2018-02-15T02:00:00Z,2024-09-16T22:15:38.980Z,,,,dos,windows,,,,2,2018-05-10T00:00:00.000Z,8ienv7,dyr9cov
CVE-2018-0886,PUBLISHED,microsoft,2018-03-14T17:00:00Z,2024-09-17T01:17:03.119Z,,,,remote,windows,,,,2,2018-06-21T00:00:00.000Z,8slhs0,e113pzw
CVE-2018-0886,PUBLISHED,microsoft,2018-03-14T17:00:00Z,2024-09-17T01:17:03.119Z,,,,remote,windows,,,,1,2018-05-11T00:00:00.000Z,8ina5f,dytsz85
CVE-2018-0886,PUBLISHED,microsoft,2018-03-14T17:00:00Z,2024-09-17T01:17:03.119Z,,,,remote,windows,,,,1,2018-05-09T00:00:00.000Z,8i7cmn,dyprh22
CVE-2018-0886,PUBLISHED,microsoft,2018-03-14T17:00:00Z,2024-09-17T01:17:03.119Z,,,,remote,windows,,,,1,2018-05-09T00:00:00.000Z,8i7cmn,dyq7238
CVE-2018-0886,PUBLISHED,microsoft,2018-03-14T17:00:00Z,2024-09-17T01:17:03.119Z,,,,remote,windows,,,,1,2018-05-10T00:00:00.000Z,8ienv7,dyr48mo
CVE-2018-0886,PUBLISHED,microsoft,2018-03-14T17:00:00Z,2024-09-17T01:17:03.119Z,,,,remote,windows,,,,3,2018-05-10T00:00:00.000Z,8ienv7,dyr4qs8
CVE-2018-0886,PUBLISHED,microsoft,2018-03-14T17:00:00Z,2024-09-17T01:17:03.119Z,,,,remote,windows,,,,6,2018-05-11T00:00:00.000Z,8hzvko,dyt6d1d
CVE-2018-0886,PUBLISHED,microsoft,2018-03-14T17:00:00Z,2024-09-17T01:17:03.119Z,,,,remote,windows,,,,1,2018-05-11T00:00:00.000Z,8ii0bl,dytgwbl
CVE-2018-0886,PUBLISHED,microsoft,2018-03-14T17:00:00Z,2024-09-17T01:17:03.119Z,,,,remote,windows,,,,2,2018-05-13T00:00:00.000Z,8j271w,dyx2uva
CVE-2018-0886,PUBLISHED,microsoft,2018-03-14T17:00:00Z,2024-09-17T01:17:03.119Z,,,,remote,windows,,,,28,2018-05-13T00:00:00.000Z,8j3zkc,dyxklae
CVE-2018-0886,PUBLISHED,microsoft,2018-03-14T17:00:00Z,2024-09-17T01:17:03.119Z,,,,remote,windows,,,,1,2018-05-17T00:00:00.000Z,8k413w,dz4xb0p
CVE-2018-0886,PUBLISHED,microsoft,2018-03-14T17:00:00Z,2024-09-17T01:17:03.119Z,,,,remote,windows,,,,1,2018-05-23T00:00:00.000Z,8jn681,dzgpnla
CVE-2018-0886,PUBLISHED,microsoft,2018-03-14T17:00:00Z,2024-09-17T01:17:03.119Z,,,,remote,windows,,,,1,2018-05-23T00:00:00.000Z,8jng3t,dzgpupi
CVE-2018-0886,PUBLISHED,microsoft,2018-03-14T17:00:00Z,2024-09-17T01:17:03.119Z,,,,remote,windows,,,,5,2018-06-19T00:00:00.000Z,8s7ydj,e0x76pk
CVE-2018-0886,PUBLISHED,microsoft,2018-03-14T17:00:00Z,2024-09-17T01:17:03.119Z,,,,remote,windows,,,,1,2018-06-25T00:00:00.000Z,8ts0kc,e19rfu2
CVE-2018-0886,PUBLISHED,microsoft,2018-03-14T17:00:00Z,2024-09-17T01:17:03.119Z,,,,remote,windows,,,,1,2018-07-13T00:00:00.000Z,8ydl79,e2buetx
CVE-2018-0886,PUBLISHED,microsoft,2018-03-14T17:00:00Z,2024-09-17T01:17:03.119Z,,,,remote,windows,,,,1,2018-08-07T00:00:00.000Z,95ck3k,e3s2cgk
CVE-2018-0886,PUBLISHED,microsoft,2018-03-14T17:00:00Z,2024-09-17T01:17:03.119Z,,,,remote,windows,,,,2,2018-10-18T00:00:00.000Z,9p8f4j,e80i6nd
CVE-2018-0886,PUBLISHED,microsoft,2018-03-14T17:00:00Z,2024-09-17T01:17:03.119Z,,,,remote,windows,,,,1,2018-11-30T00:00:00.000Z,a1c138,eas2xym
CVE-2018-0886,PUBLISHED,microsoft,2018-03-14T17:00:00Z,2024-09-17T01:17:03.119Z,,,,remote,windows,,,,1,2019-10-15T00:00:00.000Z,dhqkk7,f3v1vpc
CVE-2018-0886,PUBLISHED,microsoft,2018-03-14T17:00:00Z,2024-09-17T01:17:03.119Z,,,,remote,windows,,,,1,2020-06-23T00:00:00.000Z,he8ok8,fvq4xbb
CVE-2018-0886,PUBLISHED,microsoft,2018-03-14T17:00:00Z,2024-09-17T01:17:03.119Z,,,,remote,windows,,,,13,2018-03-26T00:00:00.000Z,878soy,
CVE-2018-0886,PUBLISHED,microsoft,2018-03-14T17:00:00Z,2024-09-17T01:17:03.119Z,,,,remote,windows,,,,8,2018-05-07T00:00:00.000Z,8hozur,
CVE-2018-0886,PUBLISHED,microsoft,2018-03-14T17:00:00Z,2024-09-17T01:17:03.119Z,,,,remote,windows,,,,0,2018-05-15T00:00:00.000Z,8jn681,
CVE-2018-0886,PUBLISHED,microsoft,2018-03-14T17:00:00Z,2024-09-17T01:17:03.119Z,,,,remote,windows,,,,31,2018-06-25T00:00:00.000Z,8tqj41,
CVE-2018-0886,PUBLISHED,microsoft,2018-03-14T17:00:00Z,2024-09-17T01:17:03.119Z,,,,remote,windows,,,,9,2018-09-15T00:00:00.000Z,9g0tfl,
CVE-2018-0950,PUBLISHED,microsoft,2018-04-12T01:00:00,2024-08-05T03:44:11.695Z,,,,,,,,,8,2019-10-03T00:00:00.000Z,dcn75t,f2akah8
CVE-2018-0950,PUBLISHED,microsoft,2018-04-12T01:00:00,2024-08-05T03:44:11.695Z,,,,,,,,,9,2018-04-12T00:00:00.000Z,8btclp,
CVE-2018-0952,PUBLISHED,microsoft,2018-08-15T17:00:00,2024-08-05T03:44:11.706Z,,,,local,windows,,,,9,2018-08-21T00:00:00.000Z,997dbv,e4lhcin
CVE-2018-0952,PUBLISHED,microsoft,2018-08-15T17:00:00,2024-08-05T03:44:11.706Z,,,,local,windows,,,,2,2018-08-21T00:00:00.000Z,997r55,e4lk9av
CVE-2018-0952,PUBLISHED,microsoft,2018-08-15T17:00:00,2024-08-05T03:44:11.706Z,,,,local,windows,,,,1,2018-08-24T00:00:00.000Z,997r55,e4r4v57
CVE-2018-0976,PUBLISHED,microsoft,2018-04-12T01:00:00,2024-08-05T03:44:11.731Z,,,,,,,,,5,2018-07-13T00:00:00.000Z,8ya6pq,e2bba6p
CVE-2018-0986,PUBLISHED,microsoft,2018-04-04T17:00:00,2024-08-05T03:44:11.806Z,,,,dos,windows,,,,21,2018-04-05T00:00:00.000Z,89rci6,dwtsoty
CVE-2018-0986,PUBLISHED,microsoft,2018-04-04T17:00:00,2024-08-05T03:44:11.806Z,,,,dos,windows,,,,14,2018-04-06T00:00:00.000Z,8a52np,
CVE-2018-1000117,PUBLISHED,mitre,2018-03-07T14:00:00Z,2024-09-17T01:37:10.621Z,,,,,,,,,1,2018-08-01T00:00:00.000Z,93io8g,e3em64x
CVE-2018-1000199,PUBLISHED,mitre,2018-05-24T13:00:00,2024-08-05T12:40:46.875Z,,,,,,,,,128,2019-10-22T00:00:00.000Z,dljeb7,f4r6hk6
CVE-2018-1000621,PUBLISHED,mitre,2018-07-09T20:00:00Z,2024-09-17T00:56:16.911Z,,,,,,,,,1,2018-07-09T00:00:00.000Z,8psfhn,e22e3e6
CVE-2018-1000810,PUBLISHED,mitre,2018-10-08T15:00:00,2024-08-05T12:47:56.791Z,,,,,,,,,20,2021-04-07T00:00:00.000Z,mm4hwx,gtpcqde
CVE-2018-1002105,PUBLISHED,kubernetes,2018-12-05T21:00:00,2024-08-05T12:47:57.159Z,9.8,3.0,,remote,multiple,,,,1,2022-06-28T00:00:00.000Z,vmkm0c,ie4fegg
CVE-2018-1002105,PUBLISHED,kubernetes,2018-12-05T21:00:00,2024-08-05T12:47:57.159Z,9.8,3.0,,remote,multiple,,,,4,2018-12-04T00:00:00.000Z,a2tzmx,eb23vco
CVE-2018-1002105,PUBLISHED,kubernetes,2018-12-05T21:00:00,2024-08-05T12:47:57.159Z,9.8,3.0,,remote,multiple,,,,9,2018-12-07T00:00:00.000Z,a3yjje,
CVE-2018-1002105,PUBLISHED,kubernetes,2018-12-05T21:00:00,2024-08-05T12:47:57.159Z,9.8,3.0,,remote,multiple,,,,15,2018-12-06T00:00:00.000Z,a3okfo,
CVE-2018-10054,PUBLISHED,mitre,2018-04-11T00:00:00,2024-08-05T07:32:00.906Z,,,,,,,,,4,2021-10-26T00:00:00.000Z,qg7x3w,
CVE-2018-10070,PUBLISHED,mitre,2018-04-16T21:00:00,2024-08-05T07:32:01.022Z,,,,dos,linux,,,,8,2018-05-18T00:00:00.000Z,8kc6cy,dz6gu1e
CVE-2018-10115,PUBLISHED,mitre,2018-05-02T21:00:00,2024-08-05T07:32:01.144Z,,,,,,,,,12,2018-05-01T00:00:00.000Z,8g7x2k,dy9tdnz
CVE-2018-10115,PUBLISHED,mitre,2018-05-02T21:00:00,2024-08-05T07:32:01.144Z,,,,,,,,,5,2018-07-24T00:00:00.000Z,91fvba,e2y4cwt
CVE-2018-10201,PUBLISHED,mitre,2018-04-20T08:00:00,2024-08-05T07:32:01.645Z,,,,webapps,windows,,,,2,2018-04-21T00:00:00.000Z,8dsj7p,
CVE-2018-1038,PUBLISHED,microsoft,2018-04-02T13:00:00Z,2024-09-17T03:18:09.251Z,,,,local,windows,,,,1,2018-03-29T00:00:00.000Z,87umhz,dwhxqwd
CVE-2018-1038,PUBLISHED,microsoft,2018-04-02T13:00:00Z,2024-09-17T03:18:09.251Z,,,,local,windows,,,,3,2018-03-29T00:00:00.000Z,843w0w,dwhzzx3
CVE-2018-1038,PUBLISHED,microsoft,2018-04-02T13:00:00Z,2024-09-17T03:18:09.251Z,,,,local,windows,,,,3,2018-03-30T00:00:00.000Z,88b5rr,dwjjlgk
CVE-2018-1055,REJECTED,redhat,2018-02-09T14:00:00,2018-02-09T13:57:01,,,,,,,,,-1,2018-02-11T00:00:00.000Z,7wgii0,du2pwtm
CVE-2018-1056,PUBLISHED,redhat,2018-07-27T18:00:00,2024-08-05T03:44:11.827Z,3.3,3.0,CWE-122,,,,,,2,2018-02-11T00:00:00.000Z,7wgii0,du2q9ya
CVE-2018-10561,PUBLISHED,mitre,2018-05-04T03:00:00.000Z,2025-02-03T15:41:29.988Z,,,CWE-287,remote,hardware,Gigabit Passive Optical Network (GPON) Routers,Unknown,Dasan,-1,2022-12-30T00:00:00.000Z,zybp3s,j27rp6u
CVE-2018-10561,PUBLISHED,mitre,2018-05-04T03:00:00.000Z,2025-02-03T15:41:29.988Z,,,CWE-287,remote,hardware,Gigabit Passive Optical Network (GPON) Routers,Unknown,Dasan,-3,2018-05-02T00:00:00.000Z,8gg1pm,dybdiqe
CVE-2018-10561,PUBLISHED,mitre,2018-05-04T03:00:00.000Z,2025-02-03T15:41:29.988Z,,,CWE-287,remote,hardware,Gigabit Passive Optical Network (GPON) Routers,Unknown,Dasan,1,2018-05-10T00:00:00.000Z,8iadoi,dyri5m6
CVE-2018-10561,PUBLISHED,mitre,2018-05-04T03:00:00.000Z,2025-02-03T15:41:29.988Z,,,CWE-287,remote,hardware,Gigabit Passive Optical Network (GPON) Routers,Unknown,Dasan,10,2022-12-29T00:00:00.000Z,zybp3s,
CVE-2018-10562,PUBLISHED,mitre,2018-05-04T03:00:00.000Z,2025-02-04T14:23:32.135Z,,,CWE-78,remote,hardware,Gigabit Passive Optical Network (GPON) Routers,Known,Dasan,1,2019-06-24T00:00:00.000Z,bximb8,erwrf3w
CVE-2018-10562,PUBLISHED,mitre,2018-05-04T03:00:00.000Z,2025-02-04T14:23:32.135Z,,,CWE-78,remote,hardware,Gigabit Passive Optical Network (GPON) Routers,Known,Dasan,1,2021-02-19T00:00:00.000Z,lkc92r,go1fn7d
CVE-2018-10562,PUBLISHED,mitre,2018-05-04T03:00:00.000Z,2025-02-04T14:23:32.135Z,,,CWE-78,remote,hardware,Gigabit Passive Optical Network (GPON) Routers,Known,Dasan,0,2019-06-06T00:00:00.000Z,bxi98t,eq6y60t
CVE-2018-10562,PUBLISHED,mitre,2018-05-04T03:00:00.000Z,2025-02-04T14:23:32.135Z,,,CWE-78,remote,hardware,Gigabit Passive Optical Network (GPON) Routers,Known,Dasan,0,2019-06-06T00:00:00.000Z,bxi98t,eq6y9jz
CVE-2018-10562,PUBLISHED,mitre,2018-05-04T03:00:00.000Z,2025-02-04T14:23:32.135Z,,,CWE-78,remote,hardware,Gigabit Passive Optical Network (GPON) Routers,Known,Dasan,0,2019-06-06T00:00:00.000Z,bxi98t,eq6ybba
CVE-2018-10562,PUBLISHED,mitre,2018-05-04T03:00:00.000Z,2025-02-04T14:23:32.135Z,,,CWE-78,remote,hardware,Gigabit Passive Optical Network (GPON) Routers,Known,Dasan,0,2019-06-06T00:00:00.000Z,bximb8,
CVE-2018-10562,PUBLISHED,mitre,2018-05-04T03:00:00.000Z,2025-02-04T14:23:32.135Z,,,CWE-78,remote,hardware,Gigabit Passive Optical Network (GPON) Routers,Known,Dasan,5,2021-02-15T00:00:00.000Z,lkc92r,
CVE-2018-10562,PUBLISHED,mitre,2018-05-04T03:00:00.000Z,2025-02-04T14:23:32.135Z,,,CWE-78,remote,hardware,Gigabit Passive Optical Network (GPON) Routers,Known,Dasan,2,2022-09-23T00:00:00.000Z,xlm599,
CVE-2018-1057,PUBLISHED,redhat,2018-03-13T16:00:00Z,2024-08-05T03:44:11.979Z,,,CWE-863,,,,,,3,2018-03-19T00:00:00.000Z,85le29,dvycruy
CVE-2018-1057,PUBLISHED,redhat,2018-03-13T16:00:00Z,2024-08-05T03:44:11.979Z,,,CWE-863,,,,,,5,2018-03-16T00:00:00.000Z,84lwa0,dvrxdrt
CVE-2018-1057,PUBLISHED,redhat,2018-03-13T16:00:00Z,2024-08-05T03:44:11.979Z,,,CWE-863,,,,,,1,2018-03-14T00:00:00.000Z,8437on,dvo1au2
CVE-2018-1057,PUBLISHED,redhat,2018-03-13T16:00:00Z,2024-08-05T03:44:11.979Z,,,CWE-863,,,,,,2,2018-05-21T00:00:00.000Z,8l2205,dzcqams
CVE-2018-1057,PUBLISHED,redhat,2018-03-13T16:00:00Z,2024-08-05T03:44:11.979Z,,,CWE-863,,,,,,183,2018-03-13T00:00:00.000Z,8437on,
CVE-2018-1057,PUBLISHED,redhat,2018-03-13T16:00:00Z,2024-08-05T03:44:11.979Z,,,CWE-863,,,,,,8,2018-03-13T00:00:00.000Z,848rjl,
CVE-2018-10933,PUBLISHED,redhat,2018-10-17T12:00:00,2024-08-05T07:54:35.801Z,9.1,3.0,CWE-592,remote,linux,,,,2,2018-10-18T00:00:00.000Z,9p8g0y,e80dxd7
CVE-2018-10933,PUBLISHED,redhat,2018-10-17T12:00:00,2024-08-05T07:54:35.801Z,9.1,3.0,CWE-592,remote,linux,,,,2,2022-08-13T00:00:00.000Z,wmi22w,ik3kh9p
CVE-2018-10933,PUBLISHED,redhat,2018-10-17T12:00:00,2024-08-05T07:54:35.801Z,9.1,3.0,CWE-592,remote,linux,,,,2,2018-10-29T00:00:00.000Z,9sf7o3,e8oyb7s
CVE-2018-10933,PUBLISHED,redhat,2018-10-17T12:00:00,2024-08-05T07:54:35.801Z,9.1,3.0,CWE-592,remote,linux,,,,11,2018-10-16T00:00:00.000Z,9oqep8,e7vwpij
CVE-2018-10933,PUBLISHED,redhat,2018-10-17T12:00:00,2024-08-05T07:54:35.801Z,9.1,3.0,CWE-592,remote,linux,,,,28,2018-10-16T00:00:00.000Z,9oqep8,e7w0rw5
CVE-2018-10933,PUBLISHED,redhat,2018-10-17T12:00:00,2024-08-05T07:54:35.801Z,9.1,3.0,CWE-592,remote,linux,,,,10,2018-10-16T00:00:00.000Z,9oqep8,e7wc8qk
CVE-2018-10933,PUBLISHED,redhat,2018-10-17T12:00:00,2024-08-05T07:54:35.801Z,9.1,3.0,CWE-592,remote,linux,,,,2,2018-10-22T00:00:00.000Z,9pt24v,e88khpc
CVE-2018-10933,PUBLISHED,redhat,2018-10-17T12:00:00,2024-08-05T07:54:35.801Z,9.1,3.0,CWE-592,remote,linux,,,,1,2018-10-19T00:00:00.000Z,9pmcms,e82rvfr
CVE-2018-10933,PUBLISHED,redhat,2018-10-17T12:00:00,2024-08-05T07:54:35.801Z,9.1,3.0,CWE-592,remote,linux,,,,2,2024-02-03T00:00:00.000Z,1ahwwq7,
CVE-2018-10933,PUBLISHED,redhat,2018-10-17T12:00:00,2024-08-05T07:54:35.801Z,9.1,3.0,CWE-592,remote,linux,,,,1,2020-04-08T00:00:00.000Z,fx6lr8,
CVE-2018-10933,PUBLISHED,redhat,2018-10-17T12:00:00,2024-08-05T07:54:35.801Z,9.1,3.0,CWE-592,remote,linux,,,,9,2018-10-16T00:00:00.000Z,9osgp4,
CVE-2018-10933,PUBLISHED,redhat,2018-10-17T12:00:00,2024-08-05T07:54:35.801Z,9.1,3.0,CWE-592,remote,linux,,,,1,2018-10-19T00:00:00.000Z,9pmcms,
CVE-2018-11091,PUBLISHED,mitre,2018-05-14T23:00:00,2024-08-05T07:54:36.642Z,,,,,,,,,35,2019-05-14T00:00:00.000Z,bols7b,eni5kql
CVE-2018-1111,PUBLISHED,redhat,2018-05-17T16:00:00,2024-08-05T03:51:48.789Z,7.5,3.0,CWE-77,local,linux,,,,15,2018-11-02T00:00:00.000Z,9tinha,e8wojzc
CVE-2018-1111,PUBLISHED,redhat,2018-05-17T16:00:00,2024-08-05T03:51:48.789Z,7.5,3.0,CWE-77,local,linux,,,,58,2018-05-16T00:00:00.000Z,8jup51,
CVE-2018-11235,PUBLISHED,mitre,2018-05-30T04:00:00,2024-08-05T08:01:52.808Z,,,,,,,,,9,2018-05-30T00:00:00.000Z,8n73b4,dztntss
CVE-2018-11235,PUBLISHED,mitre,2018-05-30T04:00:00,2024-08-05T08:01:52.808Z,,,,,,,,,5,2018-05-30T00:00:00.000Z,8n73b4,dzumy5c
CVE-2018-11235,PUBLISHED,mitre,2018-05-30T04:00:00,2024-08-05T08:01:52.808Z,,,,,,,,,2,2018-06-05T00:00:00.000Z,8n73b4,e0504cb
CVE-2018-11529,PUBLISHED,mitre,2018-07-11T16:00:00,2024-08-05T08:10:14.622Z,,,,local,windows,,,,58,2022-08-15T00:00:00.000Z,wp5uvd,ikexz42
CVE-2018-11529,PUBLISHED,mitre,2018-07-11T16:00:00,2024-08-05T08:10:14.622Z,,,,local,windows,,,,3,2020-02-07T00:00:00.000Z,ezgngl,fgs6fsp
CVE-2018-1160,PUBLISHED,tenable,2018-12-20T21:00:00Z,2024-09-16T22:35:09.751Z,,,CWE-787,dos,multiple,,,,1,2023-10-14T00:00:00.000Z,177wztl,
CVE-2018-11776,PUBLISHED,apache,2018-08-22T13:00:00.000Z,2025-02-06T21:01:40.270Z,,,CWE-20,remote,linux,Struts,Unknown,Apache,3,2018-08-23T00:00:00.000Z,99f2q9,e4pum5w
CVE-2018-11776,PUBLISHED,apache,2018-08-22T13:00:00.000Z,2025-02-06T21:01:40.270Z,,,CWE-20,remote,linux,Struts,Unknown,Apache,1,2018-08-24T00:00:00.000Z,99f2q9,e4qctu5
CVE-2018-11776,PUBLISHED,apache,2018-08-22T13:00:00.000Z,2025-02-06T21:01:40.270Z,,,CWE-20,remote,linux,Struts,Unknown,Apache,57,2018-08-26T00:00:00.000Z,9agx9a,e4vg7jf
CVE-2018-11776,PUBLISHED,apache,2018-08-22T13:00:00.000Z,2025-02-06T21:01:40.270Z,,,CWE-20,remote,linux,Struts,Unknown,Apache,9,2018-08-26T00:00:00.000Z,9agx9a,e4vru1k
CVE-2018-11776,PUBLISHED,apache,2018-08-22T13:00:00.000Z,2025-02-06T21:01:40.270Z,,,CWE-20,remote,linux,Struts,Unknown,Apache,3,2018-08-28T00:00:00.000Z,9axx8j,
CVE-2018-12020,PUBLISHED,mitre,2018-06-08T21:00:00,2024-08-05T08:24:03.773Z,,,,,,,,,1,2018-06-16T00:00:00.000Z,8kngfb,e0rqeno
CVE-2018-12038,PUBLISHED,mitre,2018-11-20T19:00:00,2024-08-05T08:24:03.754Z,,,,,,,,,5,2019-02-11T00:00:00.000Z,apj0qf,
CVE-2018-12126,PUBLISHED,intel,2019-05-30T15:36:05,2024-08-05T08:30:57.443Z,,,,,,,,,1,2021-01-29T00:00:00.000Z,l7ji1o,gl8tu45
CVE-2018-12126,PUBLISHED,intel,2019-05-30T15:36:05,2024-08-05T08:30:57.443Z,,,,,,,,,18,2019-05-15T00:00:00.000Z,bou5ax,enkw25d
CVE-2018-12126,PUBLISHED,intel,2019-05-30T15:36:05,2024-08-05T08:30:57.443Z,,,,,,,,,156,2019-05-14T00:00:00.000Z,bolsra,
CVE-2018-12130,PUBLISHED,intel,2019-05-30T15:40:44,2024-08-05T08:30:57.431Z,,,,,,,,,2,2019-05-16T00:00:00.000Z,bols7b,entcoew
CVE-2018-12201,PUBLISHED,intel,2019-03-14T20:00:00Z,2024-09-16T18:14:23.682Z,,,,,,,,,2,2019-01-17T00:00:00.000Z,ah0sjm,
CVE-2018-12207,PUBLISHED,intel,2019-11-14T19:08:45,2024-08-05T08:30:58.929Z,,,,,,,,,35,2019-11-12T00:00:00.000Z,dve1hn,f7c9m2o
CVE-2018-12207,PUBLISHED,intel,2019-11-14T19:08:45,2024-08-05T08:30:58.929Z,,,,,,,,,3,2019-11-13T00:00:00.000Z,dve1hn,f7d2cab
CVE-2018-1244,PUBLISHED,dell,2018-07-02T17:00:00Z,2024-09-16T16:53:27.629Z,8.8,3.0,,,,,,,26,2018-09-12T00:00:00.000Z,9f8nsi,e5umdye
CVE-2018-1312,PUBLISHED,apache,2018-03-26T15:00:00Z,2024-09-16T19:14:07.045Z,,,,,,,,,25,2019-09-16T00:00:00.000Z,d4xhhu,
CVE-2018-13379,PUBLISHED,fortinet,2019-06-04T20:18:08,2024-10-23T13:32:35.204Z,9.1,3.1,CWE-22,webapps,hardware,FortiOS,Known,Fortinet,17,2023-03-08T00:00:00.000Z,11lgu67,jbe77na
CVE-2018-13379,PUBLISHED,fortinet,2019-06-04T20:18:08,2024-10-23T13:32:35.204Z,9.1,3.1,CWE-22,webapps,hardware,FortiOS,Known,Fortinet,2,2020-10-11T00:00:00.000Z,j8u68z,g8ic1dj
CVE-2018-13379,PUBLISHED,fortinet,2019-06-04T20:18:08,2024-10-23T13:32:35.204Z,9.1,3.1,CWE-22,webapps,hardware,FortiOS,Known,Fortinet,18,2021-04-02T00:00:00.000Z,mir4rx,gt64dvs
CVE-2018-13379,PUBLISHED,fortinet,2019-06-04T20:18:08,2024-10-23T13:32:35.204Z,9.1,3.1,CWE-22,webapps,hardware,FortiOS,Known,Fortinet,3,2023-04-12T00:00:00.000Z,12iv4hz,jfy3ea8
CVE-2018-13379,PUBLISHED,fortinet,2019-06-04T20:18:08,2024-10-23T13:32:35.204Z,9.1,3.1,CWE-22,webapps,hardware,FortiOS,Known,Fortinet,55,2021-04-06T00:00:00.000Z,mliij8,
CVE-2018-1418,PUBLISHED,ibm,2018-04-26T14:00:00Z,2024-09-17T01:17:01.131Z,,,,remote,unix,,,,12,2018-05-28T00:00:00.000Z,8mq0ln,dzpkoqh
CVE-2018-1418,PUBLISHED,ibm,2018-04-26T14:00:00Z,2024-09-17T01:17:01.131Z,,,,remote,unix,,,,-6,2018-05-28T00:00:00.000Z,8mq0ln,dzpkpdi
CVE-2018-1433,PUBLISHED,ibm,2018-05-17T21:00:00,2024-08-05T03:59:39.074Z,,,,,,,,,1,2019-05-15T00:00:00.000Z,bokw6d,enn6yoz
CVE-2018-14442,PUBLISHED,mitre,2018-07-20T12:00:00Z,2024-09-16T22:46:43.113Z,,,,,,,,,101,2019-01-04T00:00:00.000Z,acga61,
CVE-2018-14567,PUBLISHED,mitre,2018-08-16T20:00:00,2024-08-05T09:29:51.664Z,,,,,,,,,1,2020-11-28T00:00:00.000Z,k2uz47,gdx4o4y
CVE-2018-14634,PUBLISHED,redhat,2018-09-25T21:00:00,2024-08-05T09:38:13.057Z,7.8,3.0,CWE-190,local,linux_x86-64,,,,1,2018-12-01T00:00:00.000Z,a2036w,eav0fzf
CVE-2018-14665,PUBLISHED,redhat,2018-10-25T20:00:00,2024-08-05T09:38:13.000Z,,,,local,aix,,,,3,2018-10-30T00:00:00.000Z,9sr9m0,
CVE-2018-14712,PUBLISHED,mitre,2019-05-13T12:21:11,2024-08-05T09:38:13.221Z,,,,,,,,,14,2019-09-17T00:00:00.000Z,d5gjxj,f0mwen9
CVE-2018-14847,PUBLISHED,mitre,2018-08-02T07:00:00.000Z,2025-04-28T16:59:41.013Z,,,CWE-22,remote,hardware,RouterOS,Unknown,MikroTik,1,2020-02-02T00:00:00.000Z,ex9vqt,fgbrxxr
CVE-2018-14847,PUBLISHED,mitre,2018-08-02T07:00:00.000Z,2025-04-28T16:59:41.013Z,,,CWE-22,remote,hardware,RouterOS,Unknown,MikroTik,3,2019-05-18T00:00:00.000Z,bpztwj,eo0nnvc
CVE-2018-14847,PUBLISHED,mitre,2018-08-02T07:00:00.000Z,2025-04-28T16:59:41.013Z,,,CWE-22,remote,hardware,RouterOS,Unknown,MikroTik,66,2018-09-21T00:00:00.000Z,9hnbcf,
CVE-2018-15473,PUBLISHED,mitre,2018-08-17T00:00:00,2024-08-05T09:54:03.508Z,,,,remote,linux,,,,2,2024-02-04T00:00:00.000Z,1ahwwq7,kotho5l
CVE-2018-15473,PUBLISHED,mitre,2018-08-17T00:00:00,2024-08-05T09:54:03.508Z,,,,remote,linux,,,,3,2021-11-15T00:00:00.000Z,qud083,
CVE-2018-15557,PUBLISHED,mitre,2019-06-27T16:52:48,2024-08-05T09:54:03.692Z,,,,,,,,,25,2020-09-18T00:00:00.000Z,iuxuga,g5oo99b
CVE-2018-15664,PUBLISHED,mitre,2019-05-23T13:58:37,2024-08-05T10:01:54.533Z,,,,,,,,,32,2019-05-29T00:00:00.000Z,bujbr5,
CVE-2018-15687,PUBLISHED,canonical,2018-10-26T14:00:00.000Z,2025-06-09T15:48:38.953Z,7.8,3.0,,local,linux,,,,1,2018-11-03T00:00:00.000Z,9tinha,e8zqcwe
CVE-2018-15688,PUBLISHED,canonical,2018-10-26T14:00:00.000Z,2025-06-09T15:55:41.023Z,8.8,3.0,,,,,,,1,2018-11-02T00:00:00.000Z,9s7bl0,e8wbw4s
CVE-2018-15688,PUBLISHED,canonical,2018-10-26T14:00:00.000Z,2025-06-09T15:55:41.023Z,8.8,3.0,,,,,,,17,2018-11-02T00:00:00.000Z,9tinha,e8wnbfd
CVE-2018-15715,PUBLISHED,tenable,2018-11-30T20:00:00Z,2024-09-16T21:56:33.284Z,,,CWE-290,,,,,,6,2020-04-15T00:00:00.000Z,g17nf7,fnhf0du
CVE-2018-15715,PUBLISHED,tenable,2018-11-30T20:00:00Z,2024-09-16T21:56:33.284Z,,,CWE-290,,,,,,1,2023-10-20T00:00:00.000Z,17c72iy,k5p5qzx
CVE-2018-15919,PUBLISHED,mitre,2018-08-28T08:00:00,2024-08-05T10:10:05.228Z,,,,,,,,,2,2019-12-20T00:00:00.000Z,edfw03,fbhyo42
CVE-2018-15919,PUBLISHED,mitre,2018-08-28T08:00:00,2024-08-05T10:10:05.228Z,,,,,,,,,78,2021-04-06T00:00:00.000Z,mljf59,
CVE-2018-16858,PUBLISHED,redhat,2019-03-25T17:43:08,2024-08-05T10:32:54.146Z,7.8,3.0,CWE-356,local,multiple,,,,7,2019-02-01T00:00:00.000Z,am2567,efivlx6
CVE-2018-16986,PUBLISHED,mitre,2018-11-06T16:00:00,2024-08-05T10:39:59.576Z,,,,,,,,,5,2018-11-05T00:00:00.000Z,9ubvmj,e93f5nn
CVE-2018-17336,PUBLISHED,mitre,2018-09-22T16:00:00,2024-08-05T10:47:04.015Z,,,,,,,,,81,2022-04-10T00:00:00.000Z,u0iuxo,i46gq1l
CVE-2018-17612,PUBLISHED,mitre,2018-11-09T21:00:00,2024-08-05T10:54:10.169Z,,,,,,,,,37,2018-11-28T00:00:00.000Z,a13ze3,eamxk3r
CVE-2018-17793,REJECTED,mitre,2018-09-30T19:00:00,2019-09-25T22:15:46,,,,local,linux,,,,11,2019-09-20T00:00:00.000Z,d6w0us,f0vziu1
CVE-2018-17915,PUBLISHED,icscert,2018-10-10T15:00:00Z,2024-09-16T22:56:29.656Z,,,CWE-311,,,,,,1,2018-11-07T00:00:00.000Z,9v1ci4,
CVE-2018-18066,PUBLISHED,mitre,2018-10-08T18:00:00.000Z,2025-05-06T14:41:28.095Z,,,,,,,,,6,2018-10-08T00:00:00.000Z,9mdusg,e7ekjaa
CVE-2018-18240,PUBLISHED,mitre,2018-10-11T07:00:00Z,2024-09-16T19:50:53.436Z,,,,,,,,,2,2024-05-15T00:00:00.000Z,1cquy1n,l450x2n
CVE-2018-18472,PUBLISHED,mitre,2019-06-19T15:44:20,2024-08-05T11:08:21.828Z,,,,,,,,,1,2021-06-27T00:00:00.000Z,o7sul9,h37qv4q
CVE-2018-18472,PUBLISHED,mitre,2019-06-19T15:44:20,2024-08-05T11:08:21.828Z,,,,,,,,,3,2021-06-25T00:00:00.000Z,o7gphq,h306tel
CVE-2018-18472,PUBLISHED,mitre,2019-06-19T15:44:20,2024-08-05T11:08:21.828Z,,,,,,,,,48,2021-06-27T00:00:00.000Z,o8p8h1,
CVE-2018-18988,PUBLISHED,icscert,2019-02-01T17:00:00Z,2024-09-16T17:14:06.193Z,7.5,,CWE-125,,,,,LAquis SCADA,7,2020-02-03T00:00:00.000Z,eya43p,fgg1ut6
CVE-2018-18988,PUBLISHED,icscert,2019-02-01T17:00:00Z,2024-09-16T17:14:06.193Z,7.5,,CWE-125,,,,,LAquis SCADA,18,2020-02-03T00:00:00.000Z,eya43p,fgg26nt
CVE-2018-19126,PUBLISHED,mitre,2018-11-09T11:00:00,2024-08-05T11:30:04.160Z,,,,webapps,php,,,,1,2018-12-05T00:00:00.000Z,9tohgm,eb57yt0
CVE-2018-19788,PUBLISHED,mitre,2018-12-03T06:00:00,2024-08-29T15:55:31.505Z,,,,,,,,,1,2018-12-13T00:00:00.000Z,a3xug2,ebo2gt0
CVE-2018-19788,PUBLISHED,mitre,2018-12-03T06:00:00,2024-08-29T15:55:31.505Z,,,,,,,,,18,2018-12-05T00:00:00.000Z,a38env,eb4j8we
CVE-2018-20199,PUBLISHED,mitre,2018-12-18T01:00:00,2024-08-05T11:58:18.344Z,,,,,,,,,2,2021-01-20T00:00:00.000Z,l1iyy6,
CVE-2018-20250,PUBLISHED,checkpoint,2019-02-05T20:00:00.000Z,2025-02-07T13:40:40.468Z,,,CWE-36,local,windows,WinRAR,Known,RARLAB,2,2020-12-04T00:00:00.000Z,k6ncpz,geme6xq
CVE-2018-20250,PUBLISHED,checkpoint,2019-02-05T20:00:00.000Z,2025-02-07T13:40:40.468Z,,,CWE-36,local,windows,WinRAR,Known,RARLAB,5,2019-02-22T00:00:00.000Z,aspe1q,eh0wi56
CVE-2018-20250,PUBLISHED,checkpoint,2019-02-05T20:00:00.000Z,2025-02-07T13:40:40.468Z,,,CWE-36,local,windows,WinRAR,Known,RARLAB,5,2019-04-24T00:00:00.000Z,bgpj5o,elnat1k
CVE-2018-20250,PUBLISHED,checkpoint,2019-02-05T20:00:00.000Z,2025-02-07T13:40:40.468Z,,,CWE-36,local,windows,WinRAR,Known,RARLAB,2,2019-03-15T00:00:00.000Z,b1hq73,eilpiv6
CVE-2018-20250,PUBLISHED,checkpoint,2019-02-05T20:00:00.000Z,2025-02-07T13:40:40.468Z,,,CWE-36,local,windows,WinRAR,Known,RARLAB,0,2019-03-07T00:00:00.000Z,ay9fdt,
CVE-2018-20252,PUBLISHED,checkpoint,2019-02-05T20:00:00Z,2024-09-16T18:24:07.685Z,,,CWE-787,,,,,,1,2021-01-16T00:00:00.000Z,kxw2fs,gjf6v31
CVE-2018-20817,PUBLISHED,mitre,2019-04-19T22:08:01,2024-08-05T12:12:27.375Z,,,,,,,,,176,2024-03-18T00:00:00.000Z,1bhjhs6,kve9aty
CVE-2018-2676,PUBLISHED,oracle,2018-01-18T02:00:00,2024-10-03T20:33:57.572Z,,,,,,,,,1,2018-09-17T00:00:00.000Z,9giifr,e65s5b6
CVE-2018-2676,PUBLISHED,oracle,2018-01-18T02:00:00,2024-10-03T20:33:57.572Z,,,,,,,,,1,2018-09-23T00:00:00.000Z,9giifr,e6gy7fl
CVE-2018-2676,PUBLISHED,oracle,2018-01-18T02:00:00,2024-10-03T20:33:57.572Z,,,,,,,,,1,2018-09-25T00:00:00.000Z,9giifr,e6luvea
CVE-2018-2768,PUBLISHED,oracle,2018-04-19T02:00:00,2024-10-03T20:21:00.211Z,,,,,,,,,23,2018-06-19T00:00:00.000Z,8scrxu,
CVE-2018-3110,PUBLISHED,oracle,2018-08-10T22:00:00,2024-10-02T19:47:44.589Z,,,,,,,,,2,2018-08-10T00:00:00.000Z,96au59,e3z4pyh
CVE-2018-3615,PUBLISHED,intel,2018-08-14T19:00:00Z,2024-09-16T19:40:45.253Z,,,,,,,,,35,2018-08-14T00:00:00.000Z,97a6ty,e46rv9l
CVE-2018-3615,PUBLISHED,intel,2018-08-14T19:00:00Z,2024-09-16T19:40:45.253Z,,,,,,,,,1,2018-08-15T00:00:00.000Z,97bxx8,e483p69
CVE-2018-3615,PUBLISHED,intel,2018-08-14T19:00:00Z,2024-09-16T19:40:45.253Z,,,,,,,,,5,2018-08-15T00:00:00.000Z,97bxx8,e48d4fp
CVE-2018-3628,PUBLISHED,intel,2018-07-10T21:00:00,2024-08-05T04:50:30.347Z,,,,,,,,,1,2018-05-01T00:00:00.000Z,8g6739,dy9loto
CVE-2018-3628,PUBLISHED,intel,2018-07-10T21:00:00,2024-08-05T04:50:30.347Z,,,,,,,,,3,2018-05-02T00:00:00.000Z,8ggqac,dybiic4
CVE-2018-3632,PUBLISHED,intel,2018-07-10T21:00:00,2024-08-05T04:50:30.208Z,,,,,,,,,3,2018-05-02T00:00:00.000Z,8ggqac,dybmz28
CVE-2018-3639,PUBLISHED,intel,2018-05-22T12:00:00Z,2024-09-16T22:55:27.557Z,,,,dos,hardware,,,,1,2018-09-06T00:00:00.000Z,9d9hpj,e5h20zu
CVE-2018-3639,PUBLISHED,intel,2018-05-22T12:00:00Z,2024-09-16T22:55:27.557Z,,,,dos,hardware,,,,3,2019-05-16T00:00:00.000Z,bpcv9t,enrs6q7
CVE-2018-3639,PUBLISHED,intel,2018-05-22T12:00:00Z,2024-09-16T22:55:27.557Z,,,,dos,hardware,,,,4,2018-05-21T00:00:00.000Z,8l4l3n,
CVE-2018-3639,PUBLISHED,intel,2018-05-22T12:00:00Z,2024-09-16T22:55:27.557Z,,,,dos,hardware,,,,151,2019-01-09T00:00:00.000Z,ae5njm,
CVE-2018-3639,PUBLISHED,intel,2018-05-22T12:00:00Z,2024-09-16T22:55:27.557Z,,,,dos,hardware,,,,2,2022-01-12T00:00:00.000Z,s1smxp,
CVE-2018-3640,PUBLISHED,intel,2018-05-22T12:00:00Z,2024-09-16T19:31:35.612Z,,,,,,,,,3,2019-05-17T00:00:00.000Z,bou5ax,envbj8x
CVE-2018-3646,PUBLISHED,intel,2018-08-14T19:00:00Z,2024-09-17T02:27:21.556Z,,,,,,,,,1,2020-03-29T00:00:00.000Z,fr22lh,fltdlcr
CVE-2018-3646,PUBLISHED,intel,2018-08-14T19:00:00Z,2024-09-17T02:27:21.556Z,,,,,,,,,2,2020-11-05T00:00:00.000Z,jnvw2m,gb8xj1u
CVE-2018-3646,PUBLISHED,intel,2018-08-14T19:00:00Z,2024-09-17T02:27:21.556Z,,,,,,,,,1,2019-06-27T00:00:00.000Z,c6ad67,
CVE-2018-3646,PUBLISHED,intel,2018-08-14T19:00:00Z,2024-09-17T02:27:21.556Z,,,,,,,,,3,2021-10-25T00:00:00.000Z,qflksk,
CVE-2018-4193,PUBLISHED,apple,2018-06-08T18:00:00,2024-08-05T05:04:29.860Z,4.4,,,local,macos,,,Apple,29,2019-02-19T00:00:00.000Z,asahms,egst647
CVE-2018-4229,PUBLISHED,apple,2018-06-08T18:00:00,2024-08-05T05:11:21.413Z,,,,,,,,,12,2018-09-09T00:00:00.000Z,9e78fa,e5nxnws
CVE-2018-4251,PUBLISHED,apple,2018-06-08T18:00:00,2024-08-05T05:11:21.458Z,,,,,,,,,12,2018-10-04T00:00:00.000Z,9laigt,
CVE-2018-4389,PUBLISHED,apple,2019-04-03T17:43:17,2024-08-05T05:11:22.674Z,,,,,,,,,10,2018-11-21T00:00:00.000Z,9z3agl,ea73105
CVE-2018-4407,PUBLISHED,apple,2019-04-03T00:00:00,2024-08-05T05:11:22.877Z,,,,,,,,,55,2018-11-02T00:00:00.000Z,9tiyyh,
CVE-2018-4407,PUBLISHED,apple,2019-04-03T00:00:00,2024-08-05T05:11:22.877Z,,,,,,,,,10,2018-11-02T00:00:00.000Z,9tntut,
CVE-2018-4878,PUBLISHED,adobe,2018-02-06T20:00:00.000Z,2025-02-04T21:35:16.052Z,,,CWE-416,remote,multiple,Flash Player,Known,Adobe,7,2022-04-14T00:00:00.000Z,u3kjb9,i4riyk2
CVE-2018-4904,PUBLISHED,adobe,2018-02-27T05:00:00,2024-08-05T05:18:26.838Z,6.8,,,,,,,Adobe,1,2022-07-13T00:00:00.000Z,vxufeh,ig0q9jw
CVE-2018-4990,PUBLISHED,adobe,2018-07-09T19:00:00.000Z,2025-02-04T21:35:15.854Z,4.3,,CWE-415,,,Acrobat and Reader,Unknown,Adobe,2,2019-12-28T00:00:00.000Z,egr94i,fc91cqf
CVE-2018-5124,PUBLISHED,mozilla,2019-04-26T16:06:55,2024-08-05T05:26:46.992Z,,,,,,,,,51,2018-02-18T00:00:00.000Z,7yccpv,duffj5e
CVE-2018-5390,PUBLISHED,certcc,2018-08-06T20:00:00,2024-08-05T05:33:44.409Z,,,CWE-400,,,,,,9,2018-08-06T00:00:00.000Z,953f65,e3psla6
CVE-2018-5704,PUBLISHED,mitre,2018-01-16T09:00:00,2024-08-05T05:40:51.240Z,,,,,,,,,1,2019-07-26T00:00:00.000Z,ci2tih,ev1yyxh
CVE-2018-5735,PUBLISHED,isc,2019-10-30T13:42:57.183131Z,2024-09-16T17:58:19.116Z,7.5,3.1,,,,,,,1,2020-04-29T00:00:00.000Z,ga6x6g,foxxej5
CVE-2018-5744,PUBLISHED,isc,2019-10-09T14:17:14.332021Z,2024-09-16T22:21:17.098Z,7.5,3.0,,,,,,,7,2019-02-22T00:00:00.000Z,atiw11,
CVE-2018-6145,PUBLISHED,Chrome,2019-06-27T16:13:42,2024-08-05T05:54:53.136Z,,,,,,,,,11,2018-05-30T00:00:00.000Z,8n961z,dzug7lv
CVE-2018-6212,PUBLISHED,mitre,2018-06-20T16:00:00,2024-08-05T05:54:53.248Z,,,,,,,,,38,2018-05-24T00:00:00.000Z,8lqgxl,
CVE-2018-6260,PUBLISHED,nvidia,2018-11-13T18:00:00,2024-08-05T06:01:47.983Z,,,,,,,,,2,2019-03-03T00:00:00.000Z,awjmhb,ehooxkr
CVE-2018-6593,PUBLISHED,mitre,2018-02-03T18:00:00,2024-08-05T06:10:10.350Z,,,,local,windows,,,,1,2023-05-31T00:00:00.000Z,13v15f3,jmdnxkl
CVE-2018-6654,PUBLISHED,mitre,2018-02-06T01:00:00Z,2024-09-17T01:41:14.664Z,,,,,,,,,6,2022-08-24T00:00:00.000Z,wwmb92,ilmb3vm
CVE-2018-6789,PUBLISHED,mitre,2018-02-08T23:00:00.000Z,2025-02-07T14:03:46.443Z,,,CWE-119,remote,linux,Exim,Known,Exim,5,2018-03-06T00:00:00.000Z,82fr0p,dvalsjn
CVE-2018-6789,PUBLISHED,mitre,2018-02-08T23:00:00.000Z,2025-02-07T14:03:46.443Z,,,CWE-119,remote,linux,Exim,Known,Exim,9,2018-03-07T00:00:00.000Z,82s2xq,
CVE-2018-6791,PUBLISHED,mitre,2018-02-07T02:00:00,2024-08-05T06:10:11.363Z,,,,,,,,,3,2018-02-12T00:00:00.000Z,7wynr4,du589tp
CVE-2018-6791,PUBLISHED,mitre,2018-02-07T02:00:00,2024-08-05T06:10:11.363Z,,,,,,,,,9,2018-02-13T00:00:00.000Z,7x6q13,
CVE-2018-6830,PUBLISHED,mitre,2018-07-09T17:00:00,2024-08-05T06:17:15.812Z,,,,,,,,,16,2018-06-06T00:00:00.000Z,8p2f8u,e08h7vd
CVE-2018-6830,PUBLISHED,mitre,2018-07-09T17:00:00,2024-08-05T06:17:15.812Z,,,,,,,,,11,2018-06-06T00:00:00.000Z,8p2f8u,e08iwd5
CVE-2018-6831,PUBLISHED,mitre,2018-07-09T17:00:00,2024-08-05T06:17:15.866Z,,,,,,,,,10,2018-06-06T00:00:00.000Z,8p2f8u,e08jd5h
CVE-2018-6871,PUBLISHED,mitre,2018-02-09T06:00:00,2024-08-05T06:17:16.567Z,,,,remote,linux,,,,12,2018-02-10T00:00:00.000Z,7wgii0,du0zxbo
CVE-2018-6871,PUBLISHED,mitre,2018-02-09T06:00:00,2024-08-05T06:17:16.567Z,,,,remote,linux,,,,2,2019-02-01T00:00:00.000Z,am2567,efipij6
CVE-2018-6981,PUBLISHED,vmware,2018-12-04T14:00:00,2024-08-05T06:17:17.343Z,,,,,,,,,2,2020-10-09T00:00:00.000Z,j7t8oo,g8793vn
CVE-2018-7584,PUBLISHED,mitre,2018-03-01T18:00:00,2024-08-05T06:31:04.995Z,,,,dos,php,,,,5,2018-03-07T00:00:00.000Z,82patu,dvbs39h
CVE-2018-7600,PUBLISHED,drupal,2018-03-29T07:00:00.000Z,2025-02-07T12:40:18.384Z,,,CWE-20,remote,php,Drupal Core,Known,Drupal,1,2018-04-11T00:00:00.000Z,8b6b6l,dx6brl9
CVE-2018-7600,PUBLISHED,drupal,2018-03-29T07:00:00.000Z,2025-02-07T12:40:18.384Z,,,CWE-20,remote,php,Drupal Core,Known,Drupal,1,2018-04-12T00:00:00.000Z,8b6b6l,dx8m4cq
CVE-2018-7600,PUBLISHED,drupal,2018-03-29T07:00:00.000Z,2025-02-07T12:40:18.384Z,,,CWE-20,remote,php,Drupal Core,Known,Drupal,2,2018-09-03T00:00:00.000Z,9cc6mv,e5biu23
CVE-2018-7600,PUBLISHED,drupal,2018-03-29T07:00:00.000Z,2025-02-07T12:40:18.384Z,,,CWE-20,remote,php,Drupal Core,Known,Drupal,2,2019-02-21T00:00:00.000Z,aszzg6,egym5ps
CVE-2018-7600,PUBLISHED,drupal,2018-03-29T07:00:00.000Z,2025-02-07T12:40:18.384Z,,,CWE-20,remote,php,Drupal Core,Known,Drupal,2,2018-04-23T00:00:00.000Z,8ecqee,dxuszqu
CVE-2018-7600,PUBLISHED,drupal,2018-03-29T07:00:00.000Z,2025-02-07T12:40:18.384Z,,,CWE-20,remote,php,Drupal Core,Known,Drupal,1,2018-08-29T00:00:00.000Z,983wc6,e50wlil
CVE-2018-7600,PUBLISHED,drupal,2018-03-29T07:00:00.000Z,2025-02-07T12:40:18.384Z,,,CWE-20,remote,php,Drupal Core,Known,Drupal,5,2018-03-30T00:00:00.000Z,88asdu,
CVE-2018-7600,PUBLISHED,drupal,2018-03-29T07:00:00.000Z,2025-02-07T12:40:18.384Z,,,CWE-20,remote,php,Drupal Core,Known,Drupal,500,2018-04-23T00:00:00.000Z,8ecqee,
CVE-2018-7602,PUBLISHED,drupal,2018-07-19T17:00:00.000Z,2025-02-07T12:39:49.163Z,,,,webapps,php,Core,Known,Drupal,1,2019-02-21T00:00:00.000Z,asxh0j,egxqceh
CVE-2018-7602,PUBLISHED,drupal,2018-07-19T17:00:00.000Z,2025-02-07T12:39:49.163Z,,,,webapps,php,Core,Known,Drupal,18,2018-04-25T00:00:00.000Z,8ewquc,
CVE-2018-8120,PUBLISHED,microsoft,2018-05-09T19:00:00.000Z,2025-02-07T16:38:19.745Z,,,CWE-404,local,windows,Win32k,Known,Microsoft,1,2018-05-10T00:00:00.000Z,8iehdu,dyrorfg
CVE-2018-8154,PUBLISHED,microsoft,2018-05-09T19:00:00,2024-08-05T06:46:13.709Z,,,,,,,,,3,2018-05-09T00:00:00.000Z,8i7mwm,dypvlc9
CVE-2018-8154,PUBLISHED,microsoft,2018-05-09T19:00:00,2024-08-05T06:46:13.709Z,,,,,,,,,7,2018-05-10T00:00:00.000Z,8i7mwm,dyq9tfp
CVE-2018-8154,PUBLISHED,microsoft,2018-05-09T19:00:00,2024-08-05T06:46:13.709Z,,,,,,,,,2,2018-11-01T00:00:00.000Z,9t4ima,e8ur3gf
CVE-2018-8154,PUBLISHED,microsoft,2018-05-09T19:00:00,2024-08-05T06:46:13.709Z,,,,,,,,,0,2018-07-09T00:00:00.000Z,8x9ytb,
CVE-2018-8154,PUBLISHED,microsoft,2018-05-09T19:00:00,2024-08-05T06:46:13.709Z,,,,,,,,,111,2018-05-09T00:00:00.000Z,8i7mwm,
CVE-2018-8174,PUBLISHED,microsoft,2018-05-09T19:00:00.000Z,2025-02-07T16:38:19.531Z,6.8,,CWE-787,local,windows,Windows,Known,Microsoft,2,2020-04-18T00:00:00.000Z,g3dfcl,fnrj654
CVE-2018-8174,PUBLISHED,microsoft,2018-05-09T19:00:00.000Z,2025-02-07T16:38:19.531Z,6.8,,CWE-787,local,windows,Windows,Known,Microsoft,14,2018-05-10T00:00:00.000Z,8iehdu,dyr3uoc
CVE-2018-8174,PUBLISHED,microsoft,2018-05-09T19:00:00.000Z,2025-02-07T16:38:19.531Z,6.8,,CWE-787,local,windows,Windows,Known,Microsoft,7,2018-05-10T00:00:00.000Z,8iehdu,dyr6mxx
CVE-2018-8174,PUBLISHED,microsoft,2018-05-09T19:00:00.000Z,2025-02-07T16:38:19.531Z,6.8,,CWE-787,local,windows,Windows,Known,Microsoft,4,2018-05-10T00:00:00.000Z,8hzvko,dyr36wl
CVE-2018-8174,PUBLISHED,microsoft,2018-05-09T19:00:00.000Z,2025-02-07T16:38:19.531Z,6.8,,CWE-787,local,windows,Windows,Known,Microsoft,5,2018-05-10T00:00:00.000Z,8hzvko,dyr4qa0
CVE-2018-8174,PUBLISHED,microsoft,2018-05-09T19:00:00.000Z,2025-02-07T16:38:19.531Z,6.8,,CWE-787,local,windows,Windows,Known,Microsoft,3,2018-06-21T00:00:00.000Z,8sr47c,e12rmoh
CVE-2018-8174,PUBLISHED,microsoft,2018-05-09T19:00:00.000Z,2025-02-07T16:38:19.531Z,6.8,,CWE-787,local,windows,Windows,Known,Microsoft,6,2018-09-07T00:00:00.000Z,9du867,
CVE-2018-8174,PUBLISHED,microsoft,2018-05-09T19:00:00.000Z,2025-02-07T16:38:19.531Z,6.8,,CWE-787,local,windows,Windows,Known,Microsoft,28,2018-06-03T00:00:00.000Z,8o4rbn,
CVE-2018-8174,PUBLISHED,microsoft,2018-05-09T19:00:00.000Z,2025-02-07T16:38:19.531Z,6.8,,CWE-787,local,windows,Windows,Known,Microsoft,0,2018-05-10T00:00:00.000Z,8ib8rt,
CVE-2018-8202,PUBLISHED,microsoft,2018-07-11T00:00:00,2024-08-05T06:46:13.822Z,,,,,,,,,3,2018-07-20T00:00:00.000Z,8xfdyd,e2pz5ub
CVE-2018-8225,PUBLISHED,microsoft,2018-06-14T12:00:00,2024-08-05T06:46:13.811Z,,,,,,,,,2,2018-06-21T00:00:00.000Z,8svxcj,
CVE-2018-8225,PUBLISHED,microsoft,2018-06-14T12:00:00,2024-08-05T06:46:13.811Z,,,,,,,,,15,2018-06-13T00:00:00.000Z,8qp8r7,
CVE-2018-8233,PUBLISHED,microsoft,2018-06-14T12:00:00,2024-08-05T06:46:13.729Z,,,,,,,,,2,2018-06-27T00:00:00.000Z,8udkye,
CVE-2018-8233,PUBLISHED,microsoft,2018-06-14T12:00:00,2024-08-05T06:46:13.729Z,,,,,,,,,0,2018-06-27T00:00:00.000Z,8udkt0,
CVE-2018-8256,PUBLISHED,microsoft,2018-11-14T01:00:00,2024-08-05T06:46:13.720Z,,,,,,,,,29,2018-11-13T00:00:00.000Z,9wrbtt,e9n0mua
CVE-2018-8265,PUBLISHED,microsoft,2018-10-10T13:00:00,2024-08-05T06:46:13.851Z,,,,,,,,,1,2018-10-12T00:00:00.000Z,9mz23b,e7n17sr
CVE-2018-8265,PUBLISHED,microsoft,2018-10-10T13:00:00,2024-08-05T06:46:13.851Z,,,,,,,,,71,2018-10-12T00:00:00.000Z,9nknzx,
CVE-2018-8284,PUBLISHED,microsoft,2018-07-11T00:00:00,2024-08-05T06:54:34.901Z,,,,,,,,,26,2018-09-07T00:00:00.000Z,9dsirg,
CVE-2018-8307,PUBLISHED,microsoft,2018-07-11T00:00:00,2024-08-05T06:54:36.374Z,6.8,,,,,,,Microsoft,1,2019-04-26T00:00:00.000Z,bh9gfp,elt10jc
CVE-2018-8308,PUBLISHED,microsoft,2018-07-11T00:00:00,2024-08-05T06:54:34.837Z,,,,,,,,,2,2018-07-18T00:00:00.000Z,8xfdyd,e2m0d8t
CVE-2018-8344,PUBLISHED,microsoft,2018-08-15T17:00:00,2024-08-05T06:54:35.618Z,6.8,,,,,,,Microsoft,5,2018-09-13T00:00:00.000Z,9fixbz,e5xcsfz
CVE-2018-8344,PUBLISHED,microsoft,2018-08-15T17:00:00,2024-08-05T06:54:35.618Z,6.8,,,,,,,Microsoft,1,2018-08-17T00:00:00.000Z,982reo,
CVE-2018-8356,PUBLISHED,microsoft,2018-07-11T00:00:00,2024-08-05T06:54:36.082Z,,,,,,,,,2,2018-07-26T00:00:00.000Z,8xfdyd,e31fuun
CVE-2018-8421,PUBLISHED,microsoft,2018-09-13T00:00:00,2024-08-05T06:54:36.433Z,,,,,,,,,5,2018-09-14T00:00:00.000Z,9eym50,e5yfuh9
CVE-2018-8421,PUBLISHED,microsoft,2018-09-13T00:00:00,2024-08-05T06:54:36.433Z,,,,,,,,,14,2018-09-20T00:00:00.000Z,9hg61a,
CVE-2018-8423,PUBLISHED,microsoft,2018-10-10T13:00:00,2024-08-05T06:54:36.446Z,6.8,,,,,,,Microsoft,7,2018-12-20T00:00:00.000Z,a7p8to,ec77pd0
CVE-2018-8440,PUBLISHED,microsoft,2018-09-13T00:00:00.000Z,2025-06-10T16:50:52.579Z,,,,,,Windows,Known,Microsoft,15,2018-08-28T00:00:00.000Z,9ayyzf,e4z29bz
CVE-2018-8453,PUBLISHED,microsoft,2018-10-10T13:00:00.000Z,2025-02-07T16:38:18.281Z,,,CWE-404,local,windows,Win32k,Known,Microsoft,2,2020-09-09T00:00:00.000Z,iolori,g4iojsn
CVE-2018-8453,PUBLISHED,microsoft,2018-10-10T13:00:00.000Z,2025-02-07T16:38:18.281Z,,,CWE-404,local,windows,Win32k,Known,Microsoft,2,2019-08-27T00:00:00.000Z,cw6jgn,ey8mfli
CVE-2018-8453,PUBLISHED,microsoft,2018-10-10T13:00:00.000Z,2025-02-07T16:38:18.281Z,,,CWE-404,local,windows,Win32k,Known,Microsoft,2,2019-10-25T00:00:00.000Z,dn0uo1,f570rpu
CVE-2018-8453,PUBLISHED,microsoft,2018-10-10T13:00:00.000Z,2025-02-07T16:38:18.281Z,,,CWE-404,local,windows,Win32k,Known,Microsoft,20,2018-10-12T00:00:00.000Z,9nhub8,
CVE-2018-8457,PUBLISHED,microsoft,2018-09-13T00:00:00,2024-08-05T06:54:36.603Z,,,,,,,,,3,2018-09-12T00:00:00.000Z,9f1q8d,e5udbtc
CVE-2018-8475,PUBLISHED,microsoft,2018-09-13T00:00:00,2024-08-05T06:54:36.470Z,,,,,,,,,65,2018-09-12T00:00:00.000Z,9f1q8d,e5tu481
CVE-2018-8475,PUBLISHED,microsoft,2018-09-13T00:00:00,2024-08-05T06:54:36.470Z,,,,,,,,,17,2018-09-12T00:00:00.000Z,9f1q8d,e5u0v45
CVE-2018-8475,PUBLISHED,microsoft,2018-09-13T00:00:00,2024-08-05T06:54:36.470Z,,,,,,,,,392,2018-09-11T00:00:00.000Z,9f1q8d,
CVE-2018-8495,PUBLISHED,microsoft,2018-10-10T13:00:00,2024-08-05T06:54:36.696Z,6.8,,,,,,,Microsoft,6,2018-10-19T00:00:00.000Z,9phc8g,
CVE-2018-8518,PUBLISHED,microsoft,2018-10-10T13:00:00,2024-08-05T07:02:24.447Z,,,,,,,,,5,2019-01-24T00:00:00.000Z,aikhj7,eethhmh
CVE-2018-8518,PUBLISHED,microsoft,2018-10-10T13:00:00,2024-08-05T07:02:24.447Z,,,,,,,,,2,2019-01-24T00:00:00.000Z,aikhj7,eethqd3
CVE-2018-8546,PUBLISHED,microsoft,2018-11-14T01:00:00,2024-08-05T07:02:25.364Z,,,,,,,,,4,2018-11-19T00:00:00.000Z,9wrbtt,ea1tbop
CVE-2018-8566,PUBLISHED,microsoft,2018-11-14T01:00:00,2024-08-05T07:02:25.635Z,,,,,,,,,1,2019-11-12T00:00:00.000Z,duqnhy,f7c5nex
CVE-2018-8569,PUBLISHED,microsoft,2018-10-23T17:00:00,2024-08-05T07:02:25.443Z,,,,,,,,,3,2018-10-30T00:00:00.000Z,9sp446,
CVE-2018-8581,PUBLISHED,microsoft,2018-11-14T01:00:00.000Z,2025-02-04T15:28:35.900Z,8.1,,,,,Exchange Server,Known,Microsoft,2,2019-01-30T00:00:00.000Z,alaxjx,efch2cz
CVE-2018-8581,PUBLISHED,microsoft,2018-11-14T01:00:00.000Z,2025-02-04T15:28:35.900Z,8.1,,,,,Exchange Server,Known,Microsoft,2,2019-01-30T00:00:00.000Z,akf4kr,efcpa61
CVE-2018-8581,PUBLISHED,microsoft,2018-11-14T01:00:00.000Z,2025-02-04T15:28:35.900Z,8.1,,,,,Exchange Server,Known,Microsoft,3,2019-01-31T00:00:00.000Z,alrdhr,efh53n2
CVE-2018-8581,PUBLISHED,microsoft,2018-11-14T01:00:00.000Z,2025-02-04T15:28:35.900Z,8.1,,,,,Exchange Server,Known,Microsoft,1,2019-02-13T00:00:00.000Z,apyosx,egdvrcx
CVE-2018-8581,PUBLISHED,microsoft,2018-11-14T01:00:00.000Z,2025-02-04T15:28:35.900Z,8.1,,,,,Exchange Server,Known,Microsoft,1,2019-03-04T00:00:00.000Z,axb4hi,ehsdakh
CVE-2018-8581,PUBLISHED,microsoft,2018-11-14T01:00:00.000Z,2025-02-04T15:28:35.900Z,8.1,,,,,Exchange Server,Known,Microsoft,3,2019-01-31T00:00:00.000Z,alrdhr,
CVE-2018-8604,PUBLISHED,microsoft,2018-12-12T00:00:00,2024-08-05T07:02:25.858Z,,,,,,,,,1,2023-08-04T00:00:00.000Z,15ibf2q,
CVE-2018-8626,PUBLISHED,microsoft,2018-12-12T00:00:00,2024-08-05T07:02:25.970Z,,,,,,,,,5,2018-12-13T00:00:00.000Z,a5lgdr,eboq51o
CVE-2018-8626,PUBLISHED,microsoft,2018-12-12T00:00:00,2024-08-05T07:02:25.970Z,,,,,,,,,12,2018-12-12T00:00:00.000Z,a4x6jh,ebnrmm9
CVE-2018-8626,PUBLISHED,microsoft,2018-12-12T00:00:00,2024-08-05T07:02:25.970Z,,,,,,,,,25,2018-12-12T00:00:00.000Z,a5lhje,
CVE-2018-8653,PUBLISHED,microsoft,2018-12-20T13:00:00.000Z,2025-02-07T16:38:17.867Z,,,CWE-787,,,Internet Explorer,Unknown,Microsoft,1,2018-12-27T00:00:00.000Z,a9yajv,ecnnqgk
CVE-2018-8653,PUBLISHED,microsoft,2018-12-20T13:00:00.000Z,2025-02-07T16:38:17.867Z,,,CWE-787,,,Internet Explorer,Unknown,Microsoft,12,2018-12-19T00:00:00.000Z,a4x6jh,ec4lnk8
CVE-2018-8653,PUBLISHED,microsoft,2018-12-20T13:00:00.000Z,2025-02-07T16:38:17.867Z,,,CWE-787,,,Internet Explorer,Unknown,Microsoft,1,2018-12-20T00:00:00.000Z,a7c5m9,ec5m6n3
CVE-2018-8653,PUBLISHED,microsoft,2018-12-20T13:00:00.000Z,2025-02-07T16:38:17.867Z,,,CWE-787,,,Internet Explorer,Unknown,Microsoft,2,2018-12-20T00:00:00.000Z,a7p8to,ec7azog
CVE-2018-8653,PUBLISHED,microsoft,2018-12-20T13:00:00.000Z,2025-02-07T16:38:17.867Z,,,CWE-787,,,Internet Explorer,Unknown,Microsoft,3,2018-12-22T00:00:00.000Z,a8ewgh,ecahsjv
CVE-2018-8653,PUBLISHED,microsoft,2018-12-20T13:00:00.000Z,2025-02-07T16:38:17.867Z,,,CWE-787,,,Internet Explorer,Unknown,Microsoft,5,2018-12-22T00:00:00.000Z,a8ewgh,ecakkej
CVE-2018-8653,PUBLISHED,microsoft,2018-12-20T13:00:00.000Z,2025-02-07T16:38:17.867Z,,,CWE-787,,,Internet Explorer,Unknown,Microsoft,2,2020-01-22T00:00:00.000Z,erj7qw,ff9rpol
CVE-2018-8653,PUBLISHED,microsoft,2018-12-20T13:00:00.000Z,2025-02-07T16:38:17.867Z,,,CWE-787,,,Internet Explorer,Unknown,Microsoft,144,2018-12-19T00:00:00.000Z,a7p8to,
CVE-2018-8653,PUBLISHED,microsoft,2018-12-20T13:00:00.000Z,2025-02-07T16:38:17.867Z,,,CWE-787,,,Internet Explorer,Unknown,Microsoft,3,2018-12-20T00:00:00.000Z,a7wz7e,
CVE-2018-8653,PUBLISHED,microsoft,2018-12-20T13:00:00.000Z,2025-02-07T16:38:17.867Z,,,CWE-787,,,Internet Explorer,Unknown,Microsoft,23,2018-12-20T00:00:00.000Z,a820zz,
CVE-2018-8897,PUBLISHED,mitre,2018-05-08T18:00:00,2024-08-05T07:10:46.698Z,,,,local,windows,,,,12,2018-05-09T00:00:00.000Z,8i5tmt,dypadh5
CVE-2018-8897,PUBLISHED,mitre,2018-05-08T18:00:00,2024-08-05T07:10:46.698Z,,,,local,windows,,,,1,2018-05-12T00:00:00.000Z,8i1et8,dyuu1lb
CVE-2018-8897,PUBLISHED,mitre,2018-05-08T18:00:00,2024-08-05T07:10:46.698Z,,,,local,windows,,,,1,2018-05-15T00:00:00.000Z,8j6o6o,dz08yi1
CVE-2018-8897,PUBLISHED,mitre,2018-05-08T18:00:00,2024-08-05T07:10:46.698Z,,,,local,windows,,,,5,2018-08-10T00:00:00.000Z,968s9m,e3ysp6c
CVE-2018-8897,PUBLISHED,mitre,2018-05-08T18:00:00,2024-08-05T07:10:46.698Z,,,,local,windows,,,,3,2018-08-10T00:00:00.000Z,968s9m,e3yspgg
CVE-2018-9206,PUBLISHED,larry_cashdollar,2018-10-11T15:00:00,2024-08-05T07:17:51.545Z,,,,remote,php,,,,2,2021-01-25T00:00:00.000Z,l19phh,gkqya5y
CVE-2019-0090,PUBLISHED,intel,2019-05-17T15:41:38,2024-08-04T17:37:07.524Z,,,,,,,,,8,2020-04-19T00:00:00.000Z,g42vaf,fnvho51
CVE-2019-0174,PUBLISHED,intel,2019-06-13T15:36:25,2024-08-04T17:44:14.814Z,,,,,,,,,9,2019-06-12T00:00:00.000Z,bznm10,eqv2sbn
CVE-2019-0232,PUBLISHED,apache,2019-04-15T14:23:52,2024-08-04T17:44:15.941Z,,,,remote,windows,,,,8,2020-11-09T00:00:00.000Z,jr2lae,
CVE-2019-0547,PUBLISHED,microsoft,2019-01-08T21:00:00,2024-08-04T17:51:26.839Z,,,,,,,,,1,2019-01-11T00:00:00.000Z,ady8fw,edshuf5
CVE-2019-0547,PUBLISHED,microsoft,2019-01-08T21:00:00,2024-08-04T17:51:26.839Z,,,,,,,,,2,2019-01-16T00:00:00.000Z,ady8fw,ee7bztv
CVE-2019-0550,PUBLISHED,microsoft,2019-01-08T21:00:00,2024-08-04T17:51:26.868Z,,,,,,,,,6,2019-02-05T00:00:00.000Z,ancwet,eft74be
CVE-2019-0586,PUBLISHED,microsoft,2019-01-08T21:00:00,2024-08-04T17:51:26.861Z,,,,,,,,,13,2019-01-08T00:00:00.000Z,ady8fw,edl38kw
CVE-2019-0588,PUBLISHED,microsoft,2019-01-08T21:00:00,2024-08-04T17:51:27.068Z,,,,,,,,,6,2019-01-10T00:00:00.000Z,ady8fw,edq57nz
CVE-2019-0603,PUBLISHED,microsoft,2019-04-08T22:25:15,2024-08-04T17:51:27.030Z,9.8,,,,,,,Microsoft,4,2019-03-13T00:00:00.000Z,b08coa,eig8f6k
CVE-2019-0603,PUBLISHED,microsoft,2019-04-08T22:25:15,2024-08-04T17:51:27.030Z,9.8,,,,,,,Microsoft,3,2019-06-27T00:00:00.000Z,c6a9xn,es7die0
CVE-2019-0604,PUBLISHED,microsoft,2019-03-06T00:00:00.000Z,2025-02-07T16:28:17.385Z,9.8,,CWE-20,remote,windows,SharePoint,Known,Microsoft,1,2019-03-28T00:00:00.000Z,b44tnz,ejkd9kb
CVE-2019-0604,PUBLISHED,microsoft,2019-03-06T00:00:00.000Z,2025-02-07T16:28:17.385Z,9.8,,CWE-20,remote,windows,SharePoint,Known,Microsoft,7,2019-05-10T00:00:00.000Z,bn3zjo,
CVE-2019-0703,PUBLISHED,microsoft,2019-04-08T23:41:43.000Z,2025-02-07T16:28:17.013Z,,,,,,Windows,Unknown,Microsoft,27,2019-09-05T00:00:00.000Z,d01b0u,ez4x5rl
CVE-2019-0708,PUBLISHED,microsoft,2019-05-16T18:17:00.000Z,2025-02-07T16:28:16.043Z,,,CWE-416,dos,windows,Remote Desktop Services,Unknown,Microsoft,22,2019-05-16T00:00:00.000Z,bpd84v,enrz6sb
CVE-2019-0708,PUBLISHED,microsoft,2019-05-16T18:17:00.000Z,2025-02-07T16:28:16.043Z,,,CWE-416,dos,windows,Remote Desktop Services,Unknown,Microsoft,-1,2019-05-16T00:00:00.000Z,bpd84v,ens851p
CVE-2019-0708,PUBLISHED,microsoft,2019-05-16T18:17:00.000Z,2025-02-07T16:28:16.043Z,,,CWE-416,dos,windows,Remote Desktop Services,Unknown,Microsoft,-4,2019-05-16T00:00:00.000Z,bpd84v,ens8rgf
CVE-2019-0708,PUBLISHED,microsoft,2019-05-16T18:17:00.000Z,2025-02-07T16:28:16.043Z,,,CWE-416,dos,windows,Remote Desktop Services,Unknown,Microsoft,0,2019-05-16T00:00:00.000Z,bpd84v,ensfdcx
CVE-2019-0708,PUBLISHED,microsoft,2019-05-16T18:17:00.000Z,2025-02-07T16:28:16.043Z,,,CWE-416,dos,windows,Remote Desktop Services,Unknown,Microsoft,-2,2019-05-16T00:00:00.000Z,bpd84v,ensl52b
CVE-2019-0708,PUBLISHED,microsoft,2019-05-16T18:17:00.000Z,2025-02-07T16:28:16.043Z,,,CWE-416,dos,windows,Remote Desktop Services,Unknown,Microsoft,3,2019-05-17T00:00:00.000Z,bpd84v,enu8gm9
CVE-2019-0708,PUBLISHED,microsoft,2019-05-16T18:17:00.000Z,2025-02-07T16:28:16.043Z,,,CWE-416,dos,windows,Remote Desktop Services,Unknown,Microsoft,1,2019-05-17T00:00:00.000Z,bpd84v,env1ikw
CVE-2019-0708,PUBLISHED,microsoft,2019-05-16T18:17:00.000Z,2025-02-07T16:28:16.043Z,,,CWE-416,dos,windows,Remote Desktop Services,Unknown,Microsoft,1,2019-05-17T00:00:00.000Z,bpd84v,envgcos
CVE-2019-0708,PUBLISHED,microsoft,2019-05-16T18:17:00.000Z,2025-02-07T16:28:16.043Z,,,CWE-416,dos,windows,Remote Desktop Services,Unknown,Microsoft,14,2019-05-24T00:00:00.000Z,bsbbqd,eol0utc
CVE-2019-0708,PUBLISHED,microsoft,2019-05-16T18:17:00.000Z,2025-02-07T16:28:16.043Z,,,CWE-416,dos,windows,Remote Desktop Services,Unknown,Microsoft,1,2019-06-04T00:00:00.000Z,bpd84v,epz571s
CVE-2019-0708,PUBLISHED,microsoft,2019-05-16T18:17:00.000Z,2025-02-07T16:28:16.043Z,,,CWE-416,dos,windows,Remote Desktop Services,Unknown,Microsoft,4,2019-09-20T00:00:00.000Z,d6w0us,f0w6ool
CVE-2019-0708,PUBLISHED,microsoft,2019-05-16T18:17:00.000Z,2025-02-07T16:28:16.043Z,,,CWE-416,dos,windows,Remote Desktop Services,Unknown,Microsoft,41,2019-12-31T00:00:00.000Z,ei4jan,fco5cdb
CVE-2019-0708,PUBLISHED,microsoft,2019-05-16T18:17:00.000Z,2025-02-07T16:28:16.043Z,,,CWE-416,dos,windows,Remote Desktop Services,Unknown,Microsoft,3,2020-02-22T00:00:00.000Z,f7qqh8,fidgx7l
CVE-2019-0708,PUBLISHED,microsoft,2019-05-16T18:17:00.000Z,2025-02-07T16:28:16.043Z,,,CWE-416,dos,windows,Remote Desktop Services,Unknown,Microsoft,2,2021-01-19T00:00:00.000Z,l0tl6y,gjw01mt
CVE-2019-0708,PUBLISHED,microsoft,2019-05-16T18:17:00.000Z,2025-02-07T16:28:16.043Z,,,CWE-416,dos,windows,Remote Desktop Services,Unknown,Microsoft,1,2022-12-04T00:00:00.000Z,zcdqyg,iyx0w3p
CVE-2019-0708,PUBLISHED,microsoft,2019-05-16T18:17:00.000Z,2025-02-07T16:28:16.043Z,,,CWE-416,dos,windows,Remote Desktop Services,Unknown,Microsoft,4,2019-06-24T00:00:00.000Z,c4ltvo,erxoud4
CVE-2019-0708,PUBLISHED,microsoft,2019-05-16T18:17:00.000Z,2025-02-07T16:28:16.043Z,,,CWE-416,dos,windows,Remote Desktop Services,Unknown,Microsoft,-2,2019-05-16T00:00:00.000Z,bonwil,enqtp9r
CVE-2019-0708,PUBLISHED,microsoft,2019-05-16T18:17:00.000Z,2025-02-07T16:28:16.043Z,,,CWE-416,dos,windows,Remote Desktop Services,Unknown,Microsoft,1,2019-05-16T00:00:00.000Z,bonwil,entohay
CVE-2019-0708,PUBLISHED,microsoft,2019-05-16T18:17:00.000Z,2025-02-07T16:28:16.043Z,,,CWE-416,dos,windows,Remote Desktop Services,Unknown,Microsoft,1,2019-05-21T00:00:00.000Z,bonwil,eobpd04
CVE-2019-0708,PUBLISHED,microsoft,2019-05-16T18:17:00.000Z,2025-02-07T16:28:16.043Z,,,CWE-416,dos,windows,Remote Desktop Services,Unknown,Microsoft,7,2019-05-21T00:00:00.000Z,br8mpp,eoc29go
CVE-2019-0708,PUBLISHED,microsoft,2019-05-16T18:17:00.000Z,2025-02-07T16:28:16.043Z,,,CWE-416,dos,windows,Remote Desktop Services,Unknown,Microsoft,2,2019-05-22T00:00:00.000Z,bonwil,eoeo7nr
CVE-2019-0708,PUBLISHED,microsoft,2019-05-16T18:17:00.000Z,2025-02-07T16:28:16.043Z,,,CWE-416,dos,windows,Remote Desktop Services,Unknown,Microsoft,7,2019-05-22T00:00:00.000Z,brllt5,eoev4hk
CVE-2019-0708,PUBLISHED,microsoft,2019-05-16T18:17:00.000Z,2025-02-07T16:28:16.043Z,,,CWE-416,dos,windows,Remote Desktop Services,Unknown,Microsoft,2,2019-05-30T00:00:00.000Z,bum64z,epg1oi5
CVE-2019-0708,PUBLISHED,microsoft,2019-05-16T18:17:00.000Z,2025-02-07T16:28:16.043Z,,,CWE-416,dos,windows,Remote Desktop Services,Unknown,Microsoft,12,2020-02-17T00:00:00.000Z,f4z4j2,fhxzz44
CVE-2019-0708,PUBLISHED,microsoft,2019-05-16T18:17:00.000Z,2025-02-07T16:28:16.043Z,,,CWE-416,dos,windows,Remote Desktop Services,Unknown,Microsoft,1,2019-05-14T00:00:00.000Z,bolt2s,enhx06w
CVE-2019-0708,PUBLISHED,microsoft,2019-05-16T18:17:00.000Z,2025-02-07T16:28:16.043Z,,,CWE-416,dos,windows,Remote Desktop Services,Unknown,Microsoft,4,2019-05-14T00:00:00.000Z,bolt2s,enhx1rq
CVE-2019-0708,PUBLISHED,microsoft,2019-05-16T18:17:00.000Z,2025-02-07T16:28:16.043Z,,,CWE-416,dos,windows,Remote Desktop Services,Unknown,Microsoft,2,2019-05-14T00:00:00.000Z,bolt2s,enhystx
CVE-2019-0708,PUBLISHED,microsoft,2019-05-16T18:17:00.000Z,2025-02-07T16:28:16.043Z,,,CWE-416,dos,windows,Remote Desktop Services,Unknown,Microsoft,14,2019-05-15T00:00:00.000Z,bou5ax,enkvur9
CVE-2019-0708,PUBLISHED,microsoft,2019-05-16T18:17:00.000Z,2025-02-07T16:28:16.043Z,,,CWE-416,dos,windows,Remote Desktop Services,Unknown,Microsoft,1,2019-05-15T00:00:00.000Z,bou5ax,enmpxw5
CVE-2019-0708,PUBLISHED,microsoft,2019-05-16T18:17:00.000Z,2025-02-07T16:28:16.043Z,,,CWE-416,dos,windows,Remote Desktop Services,Unknown,Microsoft,3,2019-05-21T00:00:00.000Z,br3nll,eo9yfsx
CVE-2019-0708,PUBLISHED,microsoft,2019-05-16T18:17:00.000Z,2025-02-07T16:28:16.043Z,,,CWE-416,dos,windows,Remote Desktop Services,Unknown,Microsoft,1,2019-05-21T00:00:00.000Z,brejj4,eodm9d5
CVE-2019-0708,PUBLISHED,microsoft,2019-05-16T18:17:00.000Z,2025-02-07T16:28:16.043Z,,,CWE-416,dos,windows,Remote Desktop Services,Unknown,Microsoft,2,2019-05-22T00:00:00.000Z,brejj4,eog17yh
CVE-2019-0708,PUBLISHED,microsoft,2019-05-16T18:17:00.000Z,2025-02-07T16:28:16.043Z,,,CWE-416,dos,windows,Remote Desktop Services,Unknown,Microsoft,2,2019-05-23T00:00:00.000Z,brejj4,eoigj0r
CVE-2019-0708,PUBLISHED,microsoft,2019-05-16T18:17:00.000Z,2025-02-07T16:28:16.043Z,,,CWE-416,dos,windows,Remote Desktop Services,Unknown,Microsoft,1,2019-05-30T00:00:00.000Z,buud7l,epjeucr
CVE-2019-0708,PUBLISHED,microsoft,2019-05-16T18:17:00.000Z,2025-02-07T16:28:16.043Z,,,CWE-416,dos,windows,Remote Desktop Services,Unknown,Microsoft,2,2019-06-02T00:00:00.000Z,bvujac,epsou8s
CVE-2019-0708,PUBLISHED,microsoft,2019-05-16T18:17:00.000Z,2025-02-07T16:28:16.043Z,,,CWE-416,dos,windows,Remote Desktop Services,Unknown,Microsoft,1,2019-06-07T00:00:00.000Z,bxyne6,eqaluz8
CVE-2019-0708,PUBLISHED,microsoft,2019-05-16T18:17:00.000Z,2025-02-07T16:28:16.043Z,,,CWE-416,dos,windows,Remote Desktop Services,Unknown,Microsoft,2,2019-06-09T00:00:00.000Z,byfaa8,eqivhyd
CVE-2019-0708,PUBLISHED,microsoft,2019-05-16T18:17:00.000Z,2025-02-07T16:28:16.043Z,,,CWE-416,dos,windows,Remote Desktop Services,Unknown,Microsoft,-1,2019-06-13T00:00:00.000Z,bzuorb,eqz3nfc
CVE-2019-0708,PUBLISHED,microsoft,2019-05-16T18:17:00.000Z,2025-02-07T16:28:16.043Z,,,CWE-416,dos,windows,Remote Desktop Services,Unknown,Microsoft,3,2019-06-13T00:00:00.000Z,c02zbp,er2v8hk
CVE-2019-0708,PUBLISHED,microsoft,2019-05-16T18:17:00.000Z,2025-02-07T16:28:16.043Z,,,CWE-416,dos,windows,Remote Desktop Services,Unknown,Microsoft,1,2019-06-18T00:00:00.000Z,c24br8,erhkf6q
CVE-2019-0708,PUBLISHED,microsoft,2019-05-16T18:17:00.000Z,2025-02-07T16:28:16.043Z,,,CWE-416,dos,windows,Remote Desktop Services,Unknown,Microsoft,6,2019-06-29T00:00:00.000Z,c6vvq0,esboxth
CVE-2019-0708,PUBLISHED,microsoft,2019-05-16T18:17:00.000Z,2025-02-07T16:28:16.043Z,,,CWE-416,dos,windows,Remote Desktop Services,Unknown,Microsoft,1,2019-08-11T00:00:00.000Z,co1p5x,ewmdt70
CVE-2019-0708,PUBLISHED,microsoft,2019-05-16T18:17:00.000Z,2025-02-07T16:28:16.043Z,,,CWE-416,dos,windows,Remote Desktop Services,Unknown,Microsoft,2,2019-10-04T00:00:00.000Z,dcwup8,f2dekg9
CVE-2019-0708,PUBLISHED,microsoft,2019-05-16T18:17:00.000Z,2025-02-07T16:28:16.043Z,,,CWE-416,dos,windows,Remote Desktop Services,Unknown,Microsoft,2,2019-10-04T00:00:00.000Z,dcwup8,f2ejy1r
CVE-2019-0708,PUBLISHED,microsoft,2019-05-16T18:17:00.000Z,2025-02-07T16:28:16.043Z,,,CWE-416,dos,windows,Remote Desktop Services,Unknown,Microsoft,2,2019-11-05T00:00:00.000Z,drgo8a,f6lkpnx
CVE-2019-0708,PUBLISHED,microsoft,2019-05-16T18:17:00.000Z,2025-02-07T16:28:16.043Z,,,CWE-416,dos,windows,Remote Desktop Services,Unknown,Microsoft,12,2020-02-24T00:00:00.000Z,f8rek2,fin00gc
CVE-2019-0708,PUBLISHED,microsoft,2019-05-16T18:17:00.000Z,2025-02-07T16:28:16.043Z,,,CWE-416,dos,windows,Remote Desktop Services,Unknown,Microsoft,1,2020-03-31T00:00:00.000Z,fs2d1a,flzybro
CVE-2019-0708,PUBLISHED,microsoft,2019-05-16T18:17:00.000Z,2025-02-07T16:28:16.043Z,,,CWE-416,dos,windows,Remote Desktop Services,Unknown,Microsoft,2,2020-06-29T00:00:00.000Z,hfmgde,fwepkkf
CVE-2019-0708,PUBLISHED,microsoft,2019-05-16T18:17:00.000Z,2025-02-07T16:28:16.043Z,,,CWE-416,dos,windows,Remote Desktop Services,Unknown,Microsoft,1,2020-07-27T00:00:00.000Z,hywvlc,fzgexnm
CVE-2019-0708,PUBLISHED,microsoft,2019-05-16T18:17:00.000Z,2025-02-07T16:28:16.043Z,,,CWE-416,dos,windows,Remote Desktop Services,Unknown,Microsoft,1,2020-07-27T00:00:00.000Z,hywvlc,fzghe08
CVE-2019-0708,PUBLISHED,microsoft,2019-05-16T18:17:00.000Z,2025-02-07T16:28:16.043Z,,,CWE-416,dos,windows,Remote Desktop Services,Unknown,Microsoft,2,2021-05-26T00:00:00.000Z,nlrrrp,gzklsjq
CVE-2019-0708,PUBLISHED,microsoft,2019-05-16T18:17:00.000Z,2025-02-07T16:28:16.043Z,,,CWE-416,dos,windows,Remote Desktop Services,Unknown,Microsoft,81,2022-10-25T00:00:00.000Z,yd398y,itqfamx
CVE-2019-0708,PUBLISHED,microsoft,2019-05-16T18:17:00.000Z,2025-02-07T16:28:16.043Z,,,CWE-416,dos,windows,Remote Desktop Services,Unknown,Microsoft,1,2023-12-06T00:00:00.000Z,18canb9,kcacuri
CVE-2019-0708,PUBLISHED,microsoft,2019-05-16T18:17:00.000Z,2025-02-07T16:28:16.043Z,,,CWE-416,dos,windows,Remote Desktop Services,Unknown,Microsoft,3,2023-12-22T00:00:00.000Z,18ocm12,kehbsaq
CVE-2019-0708,PUBLISHED,microsoft,2019-05-16T18:17:00.000Z,2025-02-07T16:28:16.043Z,,,CWE-416,dos,windows,Remote Desktop Services,Unknown,Microsoft,6,2024-05-11T00:00:00.000Z,1cpbez3,l3k3te0
CVE-2019-0708,PUBLISHED,microsoft,2019-05-16T18:17:00.000Z,2025-02-07T16:28:16.043Z,,,CWE-416,dos,windows,Remote Desktop Services,Unknown,Microsoft,1,2024-06-27T00:00:00.000Z,1dpqlg8,lakf36y
CVE-2019-0708,PUBLISHED,microsoft,2019-05-16T18:17:00.000Z,2025-02-07T16:28:16.043Z,,,CWE-416,dos,windows,Remote Desktop Services,Unknown,Microsoft,1,2024-08-07T00:00:00.000Z,1emc325,lgyewiz
CVE-2019-0708,PUBLISHED,microsoft,2019-05-16T18:17:00.000Z,2025-02-07T16:28:16.043Z,,,CWE-416,dos,windows,Remote Desktop Services,Unknown,Microsoft,22,2019-05-16T00:00:00.000Z,bpfwax,
CVE-2019-0708,PUBLISHED,microsoft,2019-05-16T18:17:00.000Z,2025-02-07T16:28:16.043Z,,,CWE-416,dos,windows,Remote Desktop Services,Unknown,Microsoft,6,2019-06-20T00:00:00.000Z,c30j9t,
CVE-2019-0708,PUBLISHED,microsoft,2019-05-16T18:17:00.000Z,2025-02-07T16:28:16.043Z,,,CWE-416,dos,windows,Remote Desktop Services,Unknown,Microsoft,1,2023-05-27T00:00:00.000Z,13t8tjo,
CVE-2019-0708,PUBLISHED,microsoft,2019-05-16T18:17:00.000Z,2025-02-07T16:28:16.043Z,,,CWE-416,dos,windows,Remote Desktop Services,Unknown,Microsoft,101,2019-05-14T00:00:00.000Z,bom77a,
CVE-2019-0708,PUBLISHED,microsoft,2019-05-16T18:17:00.000Z,2025-02-07T16:28:16.043Z,,,CWE-416,dos,windows,Remote Desktop Services,Unknown,Microsoft,7,2019-05-15T00:00:00.000Z,bp3wcn,
CVE-2019-0708,PUBLISHED,microsoft,2019-05-16T18:17:00.000Z,2025-02-07T16:28:16.043Z,,,CWE-416,dos,windows,Remote Desktop Services,Unknown,Microsoft,8,2019-05-21T00:00:00.000Z,brejj4,
CVE-2019-0708,PUBLISHED,microsoft,2019-05-16T18:17:00.000Z,2025-02-07T16:28:16.043Z,,,CWE-416,dos,windows,Remote Desktop Services,Unknown,Microsoft,4,2019-05-31T00:00:00.000Z,bv8jvz,
CVE-2019-0708,PUBLISHED,microsoft,2019-05-16T18:17:00.000Z,2025-02-07T16:28:16.043Z,,,CWE-416,dos,windows,Remote Desktop Services,Unknown,Microsoft,0,2019-06-05T00:00:00.000Z,bx4fh2,
CVE-2019-0708,PUBLISHED,microsoft,2019-05-16T18:17:00.000Z,2025-02-07T16:28:16.043Z,,,CWE-416,dos,windows,Remote Desktop Services,Unknown,Microsoft,0,2019-06-08T00:00:00.000Z,by97v2,
CVE-2019-0708,PUBLISHED,microsoft,2019-05-16T18:17:00.000Z,2025-02-07T16:28:16.043Z,,,CWE-416,dos,windows,Remote Desktop Services,Unknown,Microsoft,7,2022-06-14T00:00:00.000Z,vbuc5e,
CVE-2019-0726,PUBLISHED,microsoft,2019-04-08T23:38:31,2024-08-04T17:58:57.451Z,5.0,,,,,,,Microsoft,3,2019-04-17T00:00:00.000Z,be1vnm,el2vo5a
CVE-2019-0765,PUBLISHED,microsoft,2019-04-09T01:45:33,2024-08-04T17:58:59.535Z,,,,,,,,,5,2024-01-19T00:00:00.000Z,19apsd4,kimji81
CVE-2019-0765,PUBLISHED,microsoft,2019-04-09T01:45:33,2024-08-04T17:58:59.535Z,,,,,,,,,5,2024-01-19T00:00:00.000Z,19apsd4,
CVE-2019-0803,PUBLISHED,microsoft,2019-04-09T20:15:28.000Z,2025-02-07T16:28:16.435Z,,,,local,windows,Win32k,Unknown,Microsoft,9,2021-02-22T00:00:00.000Z,lplcwj,gobumui
CVE-2019-0803,PUBLISHED,microsoft,2019-04-09T20:15:28.000Z,2025-02-07T16:28:16.435Z,,,,local,windows,Win32k,Unknown,Microsoft,13,2019-04-09T00:00:00.000Z,bb9dsi,ekhr42y
CVE-2019-0841,PUBLISHED,microsoft,2019-04-09T20:18:32.000Z,2025-02-07T16:28:16.300Z,7.3,,CWE-59,local,windows,Windows,Known,Microsoft,2,2019-04-16T00:00:00.000Z,bds3wj,el0hv4y
CVE-2019-0887,PUBLISHED,microsoft,2019-07-15T18:56:19,2024-08-04T17:58:59.592Z,,,,,,,,,22,2019-08-08T00:00:00.000Z,cnkb0b,ewbu77y
CVE-2019-0887,PUBLISHED,microsoft,2019-07-15T18:56:19,2024-08-04T17:58:59.592Z,,,,,,,,,67,2020-05-14T00:00:00.000Z,gjjjoy,fql9phe
CVE-2019-0887,PUBLISHED,microsoft,2019-07-15T18:56:19,2024-08-04T17:58:59.592Z,,,,,,,,,18,2020-05-15T00:00:00.000Z,gkeq9y,
CVE-2019-0965,PUBLISHED,microsoft,2019-08-14T20:55:02,2024-08-04T18:06:31.216Z,7.6,3.1,,,,,,,1,2019-08-15T00:00:00.000Z,cpep9g,ewzhfgv
CVE-2019-1003013,PUBLISHED,jenkins,2019-02-06T16:00:00,2024-08-05T03:00:19.473Z,,,,,,,,,1,2022-12-22T00:00:00.000Z,zpcbal,j19mbfv
CVE-2019-1010259,PUBLISHED,dwf,2019-07-18T16:33:35,2024-08-05T03:07:18.507Z,,,,,,,,,2,2020-04-24T00:00:00.000Z,g7f6sp,fohptum
CVE-2019-1010259,PUBLISHED,dwf,2019-07-18T16:33:35,2024-08-05T03:07:18.507Z,,,,,,,,,1,2020-02-06T00:00:00.000Z,ezoeim,
CVE-2019-1010259,PUBLISHED,dwf,2019-07-18T16:33:35,2024-08-05T03:07:18.507Z,,,,,,,,,2,2020-02-06T00:00:00.000Z,ezogrg,
CVE-2019-10149,PUBLISHED,redhat,2019-06-05T00:00:00.000Z,2025-02-07T13:31:16.261Z,9.0,3.0,CWE-78,local,linux,Mail Transfer Agent (MTA),Unknown,Exim,60,2021-03-13T00:00:00.000Z,m4ceaf,gqtxr7o
CVE-2019-10149,PUBLISHED,redhat,2019-06-05T00:00:00.000Z,2025-02-07T13:31:16.261Z,9.0,3.0,CWE-78,local,linux,Mail Transfer Agent (MTA),Unknown,Exim,70,2019-06-11T00:00:00.000Z,bzapvp,
CVE-2019-10197,PUBLISHED,redhat,2019-09-03T14:50:27,2024-08-04T22:17:18.912Z,6.5,3.0,CWE-22,,,,,,17,2019-09-03T00:00:00.000Z,cz6vvw,eywuxxj
CVE-2019-10197,PUBLISHED,redhat,2019-09-03T14:50:27,2024-08-04T22:17:18.912Z,6.5,3.0,CWE-22,,,,,,51,2019-09-03T00:00:00.000Z,cz6vvw,
CVE-2019-1040,PUBLISHED,microsoft,2019-06-12T13:49:40,2025-05-20T17:50:16.225Z,5.3,3.1,,,,,,,12,2022-06-21T00:00:00.000Z,vh8n60,id69l01
CVE-2019-1075,PUBLISHED,microsoft,2019-07-15T18:56:20,2024-08-04T18:06:31.539Z,,,,,,,,,3,2021-09-15T00:00:00.000Z,povd31,
CVE-2019-11014,PUBLISHED,mitre,2019-04-08T19:44:56,2024-08-04T22:40:16.026Z,,,,,,,,,5,2019-04-22T00:00:00.000Z,bfyh86,
CVE-2019-11043,PUBLISHED,php,2019-10-28T14:19:04.252Z,2025-02-07T13:17:23.329Z,8.7,3.1,CWE-120,remote,php,FastCGI Process Manager (FPM),Known,PHP,1,2019-10-29T00:00:00.000Z,dohgmz,f5p26cn
CVE-2019-11043,PUBLISHED,php,2019-10-28T14:19:04.252Z,2025-02-07T13:17:23.329Z,8.7,3.1,CWE-120,remote,php,FastCGI Process Manager (FPM),Known,PHP,1,2019-10-26T00:00:00.000Z,dnjm5f,f5bqfxz
CVE-2019-1107,PUBLISHED,microsoft,2019-07-29T14:08:17,2024-08-04T18:06:31.598Z,,,,,,,,,7,2021-03-16T00:00:00.000Z,m6az8v,gr5dmtb
CVE-2019-11091,PUBLISHED,intel,2019-05-30T15:28:28,2024-08-04T22:40:16.292Z,,,,,,,,,1,2023-12-09T00:00:00.000Z,18e1fms,
CVE-2019-11135,PUBLISHED,intel,2019-11-14T18:19:25,2024-08-04T22:48:09.004Z,,,,,,,,,5,2019-11-16T00:00:00.000Z,dx3jx6,f7o7imr
CVE-2019-11135,PUBLISHED,intel,2019-11-14T18:19:25,2024-08-04T22:48:09.004Z,,,,,,,,,61,2019-11-12T00:00:00.000Z,dviqh1,f7cy6io
CVE-2019-11135,PUBLISHED,intel,2019-11-14T18:19:25,2024-08-04T22:48:09.004Z,,,,,,,,,1,2022-01-31T00:00:00.000Z,sh6laz,hv273gb
CVE-2019-11135,PUBLISHED,intel,2019-11-14T18:19:25,2024-08-04T22:48:09.004Z,,,,,,,,,79,2019-11-12T00:00:00.000Z,dviwvj,
CVE-2019-11153,PUBLISHED,intel,2019-11-14T16:55:53,2024-08-04T22:48:08.656Z,,,,,,,,,9,2019-11-13T00:00:00.000Z,dvl8qj,
CVE-2019-11184,PUBLISHED,intel,2019-09-16T15:59:11,2024-08-04T22:48:09.017Z,,,,,,,,,35,2019-09-11T00:00:00.000Z,d2bv6n,ezuz3ri
CVE-2019-1125,PUBLISHED,microsoft,2019-09-03T17:52:41,2024-08-04T18:06:31.693Z,5.6,3.1,,local,windows,,,,53,2019-08-07T00:00:00.000Z,cn7hmo,
CVE-2019-11253,PUBLISHED,kubernetes,2019-10-17T15:40:10.154574Z,2024-09-16T23:21:47.959Z,7.5,3.1,CWE-20,,,,,,6,2020-10-16T00:00:00.000Z,jc2ltn,g8zo4hs
CVE-2019-11358,PUBLISHED,mitre,2019-04-19T00:00:00,2024-11-15T15:11:23.024Z,,,,webapps,multiple,,,,1,2021-01-27T00:00:00.000Z,l6gzfh,
CVE-2019-11358,PUBLISHED,mitre,2019-04-19T00:00:00,2024-11-15T15:11:23.024Z,,,,webapps,multiple,,,,1,2023-01-16T00:00:00.000Z,10du903,
CVE-2019-11358,PUBLISHED,mitre,2019-04-19T00:00:00,2024-11-15T15:11:23.024Z,,,,webapps,multiple,,,,2,2023-01-16T00:00:00.000Z,10duc27,
CVE-2019-1138,PUBLISHED,microsoft,2019-09-11T21:24:57,2024-08-04T18:06:31.738Z,,,,,,,,,1,2019-09-17T00:00:00.000Z,d296nh,f0kjcrl
CVE-2019-1138,PUBLISHED,microsoft,2019-09-11T21:24:57,2024-08-04T18:06:31.738Z,,,,,,,,,2,2019-09-17T00:00:00.000Z,d59ecd,
CVE-2019-11477,PUBLISHED,canonical,2019-06-18T23:34:51.026970Z,2024-09-17T02:21:15.995Z,7.5,3.0,CWE-190,,,,,,5,2019-06-17T00:00:00.000Z,c1r37f,erf1x2y
CVE-2019-11477,PUBLISHED,canonical,2019-06-18T23:34:51.026970Z,2024-09-17T02:21:15.995Z,7.5,3.0,CWE-190,,,,,,5,2019-06-17T00:00:00.000Z,c1r37f,erf5fus
CVE-2019-11510,PUBLISHED,mitre,2019-05-08T16:18:28.000Z,2025-02-03T16:16:49.954Z,9.9,3.0,CWE-22,webapps,multiple,Pulse Connect Secure,Known,Ivanti,4,2020-08-05T00:00:00.000Z,i4126x,g0gd6pi
CVE-2019-11510,PUBLISHED,mitre,2019-05-08T16:18:28.000Z,2025-02-03T16:16:49.954Z,9.9,3.0,CWE-22,webapps,multiple,Pulse Connect Secure,Known,Ivanti,82,2021-06-19T00:00:00.000Z,o3ae0e,h2av72e
CVE-2019-11510,PUBLISHED,mitre,2019-05-08T16:18:28.000Z,2025-02-03T16:16:49.954Z,9.9,3.0,CWE-22,webapps,multiple,Pulse Connect Secure,Known,Ivanti,2,2022-10-06T00:00:00.000Z,xwvoj7,ira93q9
CVE-2019-11510,PUBLISHED,mitre,2019-05-08T16:18:28.000Z,2025-02-03T16:16:49.954Z,9.9,3.0,CWE-22,webapps,multiple,Pulse Connect Secure,Known,Ivanti,5,2022-07-06T00:00:00.000Z,vsl6lz,
CVE-2019-11510,PUBLISHED,mitre,2019-05-08T16:18:28.000Z,2025-02-03T16:16:49.954Z,9.9,3.0,CWE-22,webapps,multiple,Pulse Connect Secure,Known,Ivanti,9,2020-10-21T00:00:00.000Z,jfb57s,
CVE-2019-11510,PUBLISHED,mitre,2019-05-08T16:18:28.000Z,2025-02-03T16:16:49.954Z,9.9,3.0,CWE-22,webapps,multiple,Pulse Connect Secure,Known,Ivanti,87,2020-10-21T00:00:00.000Z,jfb79x,
CVE-2019-1161,PUBLISHED,microsoft,2019-08-14T20:55:03,2024-08-04T18:06:31.818Z,,,,,,,,,1,2019-10-03T00:00:00.000Z,dcnfm3,f2a3fzf
CVE-2019-1161,PUBLISHED,microsoft,2019-08-14T20:55:03,2024-08-04T18:06:31.818Z,,,,,,,,,1,2024-05-19T00:00:00.000Z,1cvy3zz,l4sfw72
CVE-2019-1161,PUBLISHED,microsoft,2019-08-14T20:55:03,2024-08-04T18:06:31.818Z,,,,,,,,,3,2024-05-19T00:00:00.000Z,1cvy3zz,
CVE-2019-1162,PUBLISHED,microsoft,2019-08-14T20:55:03,2024-08-04T18:06:31.954Z,7.8,3.1,,,,,,,2,2019-08-15T00:00:00.000Z,cpzlwx,ewx664l
CVE-2019-1162,PUBLISHED,microsoft,2019-08-14T20:55:03,2024-08-04T18:06:31.954Z,7.8,3.1,,,,,,,38,2019-08-14T00:00:00.000Z,cq8qex,ewunjfm
CVE-2019-1162,PUBLISHED,microsoft,2019-08-14T20:55:03,2024-08-04T18:06:31.954Z,7.8,3.1,,,,,,,48,2019-08-14T00:00:00.000Z,cq8qex,ewunvm9
CVE-2019-1162,PUBLISHED,microsoft,2019-08-14T20:55:03,2024-08-04T18:06:31.954Z,7.8,3.1,,,,,,,20,2019-08-14T00:00:00.000Z,cq8qex,ewup3bi
CVE-2019-1162,PUBLISHED,microsoft,2019-08-14T20:55:03,2024-08-04T18:06:31.954Z,7.8,3.1,,,,,,,6,2019-08-14T00:00:00.000Z,cq8qex,ewupkd6
CVE-2019-1162,PUBLISHED,microsoft,2019-08-14T20:55:03,2024-08-04T18:06:31.954Z,7.8,3.1,,,,,,,2,2019-08-14T00:00:00.000Z,cq8qex,ewupufm
CVE-2019-1162,PUBLISHED,microsoft,2019-08-14T20:55:03,2024-08-04T18:06:31.954Z,7.8,3.1,,,,,,,10,2019-08-14T00:00:00.000Z,cq8qex,ewuuqj5
CVE-2019-1162,PUBLISHED,microsoft,2019-08-14T20:55:03,2024-08-04T18:06:31.954Z,7.8,3.1,,,,,,,5,2019-08-14T00:00:00.000Z,cq8qex,ewuuvdt
CVE-2019-1162,PUBLISHED,microsoft,2019-08-14T20:55:03,2024-08-04T18:06:31.954Z,7.8,3.1,,,,,,,4,2019-08-15T00:00:00.000Z,cq8qex,ewxps96
CVE-2019-1166,PUBLISHED,microsoft,2019-10-10T13:28:40,2024-08-04T18:06:31.750Z,,,,,,,,,11,2019-10-10T00:00:00.000Z,dg2fsh,f38u2xi
CVE-2019-11707,PUBLISHED,mozilla,2019-07-23T13:20:17.000Z,2025-02-07T12:49:56.618Z,,,CWE-843,dos,multiple,Firefox and Thunderbird,Unknown,Mozilla,28,2019-07-01T00:00:00.000Z,c7y4jf,
CVE-2019-11707,PUBLISHED,mozilla,2019-07-23T13:20:17.000Z,2025-02-07T12:49:56.618Z,,,CWE-843,dos,multiple,Firefox and Thunderbird,Unknown,Mozilla,4,2019-07-08T00:00:00.000Z,caqbtr,
CVE-2019-11708,PUBLISHED,mozilla,2019-07-23T13:20:03.000Z,2025-02-07T12:50:09.042Z,,,CWE-20,local,windows_x86-64,Firefox and Thunderbird,Unknown,Mozilla,-5,2021-04-28T00:00:00.000Z,n0hc0o,gw7g1ln
CVE-2019-11708,PUBLISHED,mozilla,2019-07-23T13:20:03.000Z,2025-02-07T12:50:09.042Z,,,CWE-20,local,windows_x86-64,Firefox and Thunderbird,Unknown,Mozilla,4,2019-12-31T00:00:00.000Z,ehxp2e,fcmupqy
CVE-2019-11708,PUBLISHED,mozilla,2019-07-23T13:20:03.000Z,2025-02-07T12:50:09.042Z,,,CWE-20,local,windows_x86-64,Firefox and Thunderbird,Unknown,Mozilla,202,2019-12-07T00:00:00.000Z,e7elzs,
CVE-2019-11733,PUBLISHED,mozilla,2019-09-27T17:22:10,2024-08-04T23:03:32.451Z,,,,,,,,,2,2019-08-30T00:00:00.000Z,cxhdkz,eylztih
CVE-2019-11769,PUBLISHED,mitre,2019-09-11T19:44:17,2024-08-04T23:03:32.709Z,,,,,,,,,2,2020-02-24T00:00:00.000Z,f8t8bc,finvnpi
CVE-2019-11769,PUBLISHED,mitre,2019-09-11T19:44:17,2024-08-04T23:03:32.709Z,,,,,,,,,14,2020-02-25T00:00:00.000Z,f8t8bc,fipc2c2
CVE-2019-1181,PUBLISHED,microsoft,2019-08-14T20:55:04,2024-08-04T18:13:29.299Z,9.8,3.1,,,,,,,7,2019-08-14T00:00:00.000Z,cpx206,ewtt3dm
CVE-2019-1181,PUBLISHED,microsoft,2019-08-14T20:55:04,2024-08-04T18:13:29.299Z,9.8,3.1,,,,,,,1,2020-01-01T00:00:00.000Z,ehco16,fcpaxnv
CVE-2019-1181,PUBLISHED,microsoft,2019-08-14T20:55:04,2024-08-04T18:13:29.299Z,9.8,3.1,,,,,,,3,2021-10-04T00:00:00.000Z,q0jkte,hfbk4nx
CVE-2019-1181,PUBLISHED,microsoft,2019-08-14T20:55:04,2024-08-04T18:13:29.299Z,9.8,3.1,,,,,,,0,2019-08-21T00:00:00.000Z,ctip5c,
CVE-2019-11815,PUBLISHED,mitre,2019-05-08T13:36:39,2024-08-04T23:03:32.885Z,,,,,,,,,52,2019-05-14T00:00:00.000Z,bofpri,engxshd
CVE-2019-11815,PUBLISHED,mitre,2019-05-08T13:36:39,2024-08-04T23:03:32.885Z,,,,,,,,,-5,2019-05-14T00:00:00.000Z,bofpri,enh4phb
CVE-2019-11815,PUBLISHED,mitre,2019-05-08T13:36:39,2024-08-04T23:03:32.885Z,,,,,,,,,24,2019-05-14T00:00:00.000Z,boiknf,
CVE-2019-1182,PUBLISHED,microsoft,2019-08-14T20:55:04,2024-08-04T18:13:29.139Z,9.8,3.1,,,,,,,3,2024-05-11T00:00:00.000Z,1cpbez3,l3mj460
CVE-2019-11878,PUBLISHED,mitre,2019-05-10T14:24:36,2024-08-04T23:03:32.861Z,,,,,,,,,5,2020-02-04T00:00:00.000Z,eyqhm8,fgjuz7d
CVE-2019-11931,PUBLISHED,facebook,2019-11-14T22:55:52,2024-08-04T23:10:29.691Z,,,CWE-121,,,,,,1,2021-12-26T00:00:00.000Z,rob20m,hq166zq
CVE-2019-11931,PUBLISHED,facebook,2019-11-14T22:55:52,2024-08-04T23:10:29.691Z,,,CWE-121,,,,,,1,2019-11-16T00:00:00.000Z,dx9xcr,f7opuw8
CVE-2019-11932,PUBLISHED,facebook,2019-10-03T21:13:47,2024-08-04T23:10:29.690Z,,,CWE-415,remote,android,,,,6,2020-01-23T00:00:00.000Z,esr6we,ffc7zq7
CVE-2019-11932,PUBLISHED,facebook,2019-10-03T21:13:47,2024-08-04T23:10:29.690Z,,,CWE-415,remote,android,,,,1,2020-02-14T00:00:00.000Z,f3m8dk,
CVE-2019-1201,PUBLISHED,microsoft,2019-08-14T20:55:05,2024-08-04T18:13:29.220Z,7.0,,,,,,,Microsoft,4,2022-01-26T00:00:00.000Z,sd6pft,hubderr
CVE-2019-1214,PUBLISHED,microsoft,2019-09-11T21:24:58.000Z,2025-02-07T16:18:12.604Z,,,,,,Windows,Unknown,Microsoft,3,2019-09-12T00:00:00.000Z,d296nh,ezzj1dk
CVE-2019-1214,PUBLISHED,microsoft,2019-09-11T21:24:58.000Z,2025-02-07T16:18:12.604Z,,,,,,Windows,Unknown,Microsoft,9,2019-09-12T00:00:00.000Z,d296nh,f00bxxo
CVE-2019-12255,PUBLISHED,mitre,2019-08-09T19:18:03,2024-08-04T23:17:39.534Z,,,,dos,vxworks,,,,1,2019-07-30T00:00:00.000Z,cjihoq,eveyxm7
CVE-2019-12255,PUBLISHED,mitre,2019-08-09T19:18:03,2024-08-04T23:17:39.534Z,,,,dos,vxworks,,,,20,2020-09-05T00:00:00.000Z,imq3xw,g449r4j
CVE-2019-12255,PUBLISHED,mitre,2019-08-09T19:18:03,2024-08-04T23:17:39.534Z,,,,dos,vxworks,,,,4,2020-09-05T00:00:00.000Z,imq3xw,g44bc48
CVE-2019-12256,PUBLISHED,mitre,2019-08-09T17:57:13,2024-08-04T23:17:39.700Z,,,,,,,,,3,2019-07-30T00:00:00.000Z,cjihoq,evfmq52
CVE-2019-12257,PUBLISHED,mitre,2019-08-09T17:49:48,2024-08-04T23:17:39.610Z,,,,,,,,,1,2019-08-10T00:00:00.000Z,coc58u,ewjx89i
CVE-2019-1226,PUBLISHED,microsoft,2019-08-14T20:55:05,2024-08-04T18:13:29.557Z,9.8,3.1,,,,,,,0,2019-12-30T00:00:00.000Z,ehco16,fcl3a0w
CVE-2019-1226,PUBLISHED,microsoft,2019-08-14T20:55:05,2024-08-04T18:13:29.557Z,9.8,3.1,,,,,,,8,2020-03-31T00:00:00.000Z,fs2d1a,fm21bpf
CVE-2019-12480,PUBLISHED,mitre,2019-05-30T21:53:09,2024-08-04T23:24:38.525Z,,,,dos,linux,,,,1,2023-10-10T00:00:00.000Z,174ngrx,k4bt8jw
CVE-2019-12480,PUBLISHED,mitre,2019-05-30T21:53:09,2024-08-04T23:24:38.525Z,,,,dos,linux,,,,1,2023-10-11T00:00:00.000Z,174ngrx,k4eul72
CVE-2019-12523,PUBLISHED,mitre,2019-11-26T16:39:59,2024-08-04T23:24:39.198Z,,,,,,,,,4,2021-09-13T00:00:00.000Z,pn9nqh,
CVE-2019-12939,PUBLISHED,mitre,2019-06-24T15:06:25,2024-08-04T23:32:55.642Z,,,,,,,,,1,2019-07-02T00:00:00.000Z,c732ed,esj6x6k
CVE-2019-13053,PUBLISHED,mitre,2019-06-29T19:06:37,2024-08-04T23:41:10.403Z,,,,,,,,,1,2020-03-03T00:00:00.000Z,fcitmf,fjbjlwv
CVE-2019-13054,PUBLISHED,mitre,2019-06-29T19:06:58,2024-08-04T23:41:10.086Z,,,,,,,,,14,2019-07-09T00:00:00.000Z,caw31k,
CVE-2019-1316,PUBLISHED,microsoft,2019-10-10T13:28:40,2024-08-04T18:13:30.477Z,,,,,,,,,1,2019-11-13T00:00:00.000Z,dvssiy,
CVE-2019-13343,PUBLISHED,mitre,2019-10-02T15:49:29,2024-08-04T23:49:24.668Z,9.9,3.0,,,,,,,12,2020-03-28T00:00:00.000Z,fqlewo,flr2yjw
CVE-2019-13377,PUBLISHED,mitre,2019-08-15T16:05:29,2024-08-04T23:49:24.914Z,,,,,,,,,26,2019-08-06T00:00:00.000Z,cmncfj,ew4n2qv
CVE-2019-13449,PUBLISHED,mitre,2019-07-09T05:48:41,2024-08-04T23:49:25.032Z,,,,,,,,,2,2020-04-14T00:00:00.000Z,g17nf7,fnev870
CVE-2019-13450,PUBLISHED,mitre,2019-07-09T05:49:07,2024-08-04T23:49:25.076Z,,,,,,,,,2,2019-07-10T00:00:00.000Z,cb565l,etew5xu
CVE-2019-13450,PUBLISHED,mitre,2019-07-09T05:49:07,2024-08-04T23:49:25.076Z,,,,,,,,,4,2019-07-30T00:00:00.000Z,cjtcn2,evh8jhb
CVE-2019-13450,PUBLISHED,mitre,2019-07-09T05:49:07,2024-08-04T23:49:25.076Z,,,,,,,,,6,2020-04-05T00:00:00.000Z,fuyxpt,fmgbz4u
CVE-2019-1347,PUBLISHED,microsoft,2019-10-10T13:28:42,2024-08-04T18:13:30.575Z,,,,dos,windows,,,,44,2019-11-17T00:00:00.000Z,dxgf0i,f7q4tac
CVE-2019-1347,PUBLISHED,microsoft,2019-10-10T13:28:42,2024-08-04T18:13:30.575Z,,,,dos,windows,,,,21,2019-11-13T00:00:00.000Z,dvvwyi,f7f0u4b
CVE-2019-1349,PUBLISHED,microsoft,2020-01-24T20:50:25,2024-08-04T18:13:30.511Z,,,,,,,,,10,2019-12-10T00:00:00.000Z,e8rzev,faejefg
CVE-2019-13567,PUBLISHED,mitre,2019-07-12T03:00:51,2024-08-04T23:57:39.254Z,,,,,,,,,2,2019-07-28T00:00:00.000Z,cilbhi,ev9c82n
CVE-2019-13615,PUBLISHED,mitre,2019-07-16T16:06:34,2024-08-04T23:57:39.469Z,,,,,,,,,1,2019-07-24T00:00:00.000Z,ch76o7,euq608b
CVE-2019-1362,PUBLISHED,microsoft,2019-10-10T13:28:42,2024-08-04T18:13:30.518Z,8.8,,,,,,,Microsoft,24,2019-10-08T00:00:00.000Z,df10l5,f30f81v
CVE-2019-1367,PUBLISHED,microsoft,2019-09-23T19:14:38.000Z,2025-02-07T16:28:15.308Z,,,CWE-787,,,Internet Explorer,Known,Microsoft,2,2019-09-24T00:00:00.000Z,d8dj8b,f1bacrb
CVE-2019-1367,PUBLISHED,microsoft,2019-09-23T19:14:38.000Z,2025-02-07T16:28:15.308Z,,,CWE-787,,,Internet Explorer,Known,Microsoft,10,2019-09-24T00:00:00.000Z,d8ad6q,f1b96c3
CVE-2019-1367,PUBLISHED,microsoft,2019-09-23T19:14:38.000Z,2025-02-07T16:28:15.308Z,,,CWE-787,,,Internet Explorer,Known,Microsoft,1,2019-09-25T00:00:00.000Z,d8ad6q,f1drn19
CVE-2019-1367,PUBLISHED,microsoft,2019-09-23T19:14:38.000Z,2025-02-07T16:28:15.308Z,,,CWE-787,,,Internet Explorer,Known,Microsoft,5,2019-09-25T00:00:00.000Z,d90laz,f1dvwuh
CVE-2019-1367,PUBLISHED,microsoft,2019-09-23T19:14:38.000Z,2025-02-07T16:28:15.308Z,,,CWE-787,,,Internet Explorer,Known,Microsoft,1,2019-09-25T00:00:00.000Z,d90laz,f1eb6d3
CVE-2019-1367,PUBLISHED,microsoft,2019-09-23T19:14:38.000Z,2025-02-07T16:28:15.308Z,,,CWE-787,,,Internet Explorer,Known,Microsoft,1,2019-09-25T00:00:00.000Z,d94smj,f1f1b1r
CVE-2019-1367,PUBLISHED,microsoft,2019-09-23T19:14:38.000Z,2025-02-07T16:28:15.308Z,,,CWE-787,,,Internet Explorer,Known,Microsoft,1,2019-09-25T00:00:00.000Z,d94smj,f1f4pk4
CVE-2019-1367,PUBLISHED,microsoft,2019-09-23T19:14:38.000Z,2025-02-07T16:28:15.308Z,,,CWE-787,,,Internet Explorer,Known,Microsoft,1,2019-09-26T00:00:00.000Z,d94smj,f1ij02i
CVE-2019-1367,PUBLISHED,microsoft,2019-09-23T19:14:38.000Z,2025-02-07T16:28:15.308Z,,,CWE-787,,,Internet Explorer,Known,Microsoft,2,2019-10-04T00:00:00.000Z,dd730q,f2ekbo1
CVE-2019-1367,PUBLISHED,microsoft,2019-09-23T19:14:38.000Z,2025-02-07T16:28:15.308Z,,,CWE-787,,,Internet Explorer,Known,Microsoft,14,2019-10-07T00:00:00.000Z,dejsqd,f2vzbi5
CVE-2019-1367,PUBLISHED,microsoft,2019-09-23T19:14:38.000Z,2025-02-07T16:28:15.308Z,,,CWE-787,,,Internet Explorer,Known,Microsoft,1,2019-10-07T00:00:00.000Z,dejsqd,f2ycxnw
CVE-2019-1367,PUBLISHED,microsoft,2019-09-23T19:14:38.000Z,2025-02-07T16:28:15.308Z,,,CWE-787,,,Internet Explorer,Known,Microsoft,2,2019-10-08T00:00:00.000Z,df10l5,f30mz13
CVE-2019-1367,PUBLISHED,microsoft,2019-09-23T19:14:38.000Z,2025-02-07T16:28:15.308Z,,,CWE-787,,,Internet Explorer,Known,Microsoft,12,2019-09-24T00:00:00.000Z,d8tr95,
CVE-2019-1367,PUBLISHED,microsoft,2019-09-23T19:14:38.000Z,2025-02-07T16:28:15.308Z,,,CWE-787,,,Internet Explorer,Known,Microsoft,1,2019-09-24T00:00:00.000Z,d8umzu,
CVE-2019-1367,PUBLISHED,microsoft,2019-09-23T19:14:38.000Z,2025-02-07T16:28:15.308Z,,,CWE-787,,,Internet Explorer,Known,Microsoft,1,2019-09-25T00:00:00.000Z,d8v1ai,
CVE-2019-1367,PUBLISHED,microsoft,2019-09-23T19:14:38.000Z,2025-02-07T16:28:15.308Z,,,CWE-787,,,Internet Explorer,Known,Microsoft,25,2019-09-25T00:00:00.000Z,d94smj,
CVE-2019-1367,PUBLISHED,microsoft,2019-09-23T19:14:38.000Z,2025-02-07T16:28:15.308Z,,,CWE-787,,,Internet Explorer,Known,Microsoft,0,2019-09-25T00:00:00.000Z,d982nt,
CVE-2019-13720,PUBLISHED,Chrome,2019-11-25T14:22:55.000Z,2025-02-03T14:19:37.376Z,,,CWE-416,remote,multiple,Chrome WebAudio,Unknown,Google,5,2019-11-06T00:00:00.000Z,dsgkt0,f6p9156
CVE-2019-13720,PUBLISHED,Chrome,2019-11-25T14:22:55.000Z,2025-02-03T14:19:37.376Z,,,CWE-416,remote,multiple,Chrome WebAudio,Unknown,Google,66,2019-11-01T00:00:00.000Z,dq64hc,f618suu
CVE-2019-13720,PUBLISHED,Chrome,2019-11-25T14:22:55.000Z,2025-02-03T14:19:37.376Z,,,CWE-416,remote,multiple,Chrome WebAudio,Unknown,Google,14,2019-10-31T00:00:00.000Z,dpuu7z,
CVE-2019-1388,PUBLISHED,microsoft,2019-11-12T18:52:54.000Z,2025-02-07T16:18:11.612Z,7.8,,CWE-269,,,Windows,Known,Microsoft,5,2019-11-21T00:00:00.000Z,dve1hn,f87ms60
CVE-2019-1424,PUBLISHED,microsoft,2019-11-12T18:53:08,2024-08-04T18:20:27.436Z,,,,,,,,,2,2020-10-04T00:00:00.000Z,j4q4m2,g7omycx
CVE-2019-14287,PUBLISHED,mitre,2019-10-17T17:03:28,2024-08-05T00:12:43.383Z,,,,local,linux,,,,1,2019-10-15T00:00:00.000Z,dhws1y,f3tjpez
CVE-2019-14287,PUBLISHED,mitre,2019-10-17T17:03:28,2024-08-05T00:12:43.383Z,,,,local,linux,,,,1,2019-10-16T00:00:00.000Z,dhxln5,f3yvulf
CVE-2019-14287,PUBLISHED,mitre,2019-10-17T17:03:28,2024-08-05T00:12:43.383Z,,,,local,linux,,,,1,2019-10-16T00:00:00.000Z,dimry9,f3yw00u
CVE-2019-14287,PUBLISHED,mitre,2019-10-17T17:03:28,2024-08-05T00:12:43.383Z,,,,local,linux,,,,4,2019-10-27T00:00:00.000Z,dnlyjc,f5emn0r
CVE-2019-14287,PUBLISHED,mitre,2019-10-17T17:03:28,2024-08-05T00:12:43.383Z,,,,local,linux,,,,1,2019-10-15T00:00:00.000Z,dhxlsi,f3tfbgr
CVE-2019-14287,PUBLISHED,mitre,2019-10-17T17:03:28,2024-08-05T00:12:43.383Z,,,,local,linux,,,,1,2019-10-16T00:00:00.000Z,dhxlsi,f3yvtwo
CVE-2019-14615,PUBLISHED,intel,2020-01-17T17:36:57,2024-08-05T00:19:41.439Z,,,,,,,,,4,2020-08-20T00:00:00.000Z,idb95e,g28vjfm
CVE-2019-14835,PUBLISHED,redhat,2019-09-17T15:09:37,2024-08-05T00:26:39.157Z,7.2,3.0,CWE-120,,,,,,3,2020-11-02T00:00:00.000Z,jm620p,gavk2ty
CVE-2019-14889,PUBLISHED,redhat,2019-12-10T00:00:00,2024-08-05T00:26:39.148Z,7.1,3.0,CWE-78,,,,,,1,2021-12-12T00:00:00.000Z,rel34n,ho89qec
CVE-2019-14889,PUBLISHED,redhat,2019-12-10T00:00:00,2024-08-05T00:26:39.148Z,7.1,3.0,CWE-78,,,,,,7,2021-12-12T00:00:00.000Z,rel34n,
CVE-2019-14895,PUBLISHED,redhat,2019-11-29T13:50:14,2024-08-05T00:26:39.153Z,8.0,3.0,CWE-122,,,,,,0,2020-01-25T00:00:00.000Z,etopcw,ffij8ym
CVE-2019-14899,PUBLISHED,redhat,2019-12-11T14:45:12,2024-08-05T00:26:39.138Z,7.4,3.0,CWE-300,,,,,,-9,2024-02-21T00:00:00.000Z,1aw8usf,krgll2n
CVE-2019-14899,PUBLISHED,redhat,2019-12-11T14:45:12,2024-08-05T00:26:39.138Z,7.4,3.0,CWE-300,,,,,,1,2024-09-02T00:00:00.000Z,1f73v04,
CVE-2019-15126,PUBLISHED,mitre,2020-02-05T16:17:37,2024-08-05T00:34:53.246Z,,,,remote,multiple,,,,4,2020-03-04T00:00:00.000Z,fdanyj,fjh4nh5
CVE-2019-15126,PUBLISHED,mitre,2020-02-05T16:17:37,2024-08-05T00:34:53.246Z,,,,remote,multiple,,,,2,2020-02-28T00:00:00.000Z,faek74,fizjb80
CVE-2019-15126,PUBLISHED,mitre,2020-02-05T16:17:37,2024-08-05T00:34:53.246Z,,,,remote,multiple,,,,3,2020-02-27T00:00:00.000Z,f9xi96,fivyr8o
CVE-2019-15126,PUBLISHED,mitre,2020-02-05T16:17:37,2024-08-05T00:34:53.246Z,,,,remote,multiple,,,,11,2020-02-27T00:00:00.000Z,f9xi96,fivyut0
CVE-2019-15126,PUBLISHED,mitre,2020-02-05T16:17:37,2024-08-05T00:34:53.246Z,,,,remote,multiple,,,,1,2020-02-28T00:00:00.000Z,faxdrc,fj1set6
CVE-2019-15126,PUBLISHED,mitre,2020-02-05T16:17:37,2024-08-05T00:34:53.246Z,,,,remote,multiple,,,,10,2020-03-18T00:00:00.000Z,fkum2o,
CVE-2019-15295,PUBLISHED,mitre,2019-08-21T17:16:38,2024-08-05T00:42:03.697Z,,,,,,,,,1,2019-10-05T00:00:00.000Z,ddnuoq,f2kn68c
CVE-2019-1559,PUBLISHED,openssl,2019-02-27T23:00:00Z,2024-09-17T04:20:35.057Z,,,,,,,,,2,2021-12-21T00:00:00.000Z,rlenf0,
CVE-2019-15846,PUBLISHED,mitre,2019-09-06T10:15:43,2024-08-05T01:03:32.314Z,,,,,,,,,13,2019-09-06T00:00:00.000Z,d0ftje,ez9nphr
CVE-2019-15846,PUBLISHED,mitre,2019-09-06T10:15:43,2024-08-05T01:03:32.314Z,,,,,,,,,3,2019-09-06T00:00:00.000Z,d0ftje,ezb5pjf
CVE-2019-15917,PUBLISHED,mitre,2019-09-04T18:09:20,2024-08-05T01:03:32.655Z,,,,,,,,,3,2020-07-06T00:00:00.000Z,hked0h,fx3xv11
CVE-2019-15917,PUBLISHED,mitre,2019-09-04T18:09:20,2024-08-05T01:03:32.655Z,,,,,,,,,17,2020-07-03T00:00:00.000Z,hked0h,
CVE-2019-15943,PUBLISHED,mitre,2019-09-19T11:31:01,2024-08-05T01:03:32.321Z,,,,dos,windows,,,,3,2020-04-22T00:00:00.000Z,g67p7m,fo844zh
CVE-2019-15943,PUBLISHED,mitre,2019-09-19T11:31:01,2024-08-05T01:03:32.321Z,,,,dos,windows,,,,1,2019-10-13T00:00:00.000Z,dgv74p,f3ierh1
CVE-2019-16253,PUBLISHED,mitre,2019-09-25T22:40:55,2024-08-05T01:10:41.668Z,,,,,,,,,64,2023-02-25T00:00:00.000Z,11bt4j2,ja04zi6
CVE-2019-16294,PUBLISHED,mitre,2019-09-14T15:39:57,2024-08-05T01:10:41.720Z,,,,dos,windows_x86-64,,,,5,2022-01-29T00:00:00.000Z,sfgzpx,huq9en4
CVE-2019-16328,PUBLISHED,mitre,2019-10-03T19:51:43,2024-08-05T01:10:41.682Z,,,,,,,,,1,2020-01-22T00:00:00.000Z,erkjd5,ff7zzjg
CVE-2019-16371,PUBLISHED,mitre,2019-09-16T17:56:06,2024-08-05T01:10:41.649Z,,,,,,,,,0,2019-10-15T00:00:00.000Z,dhniy1,f3vn4zo
CVE-2019-16513,PUBLISHED,mitre,2020-01-23T17:11:11,2024-08-05T01:17:40.245Z,,,,,,,,,3,2020-01-22T00:00:00.000Z,esc2p1,ff98gg1
CVE-2019-1653,PUBLISHED,cisco,2019-01-24T16:00:00Z,2024-11-12T21:21:15.193Z,7.5,3.0,CWE-284,remote,hardware,Small Business RV320 and RV325 Routers,Unknown,Cisco,2,2019-01-28T00:00:00.000Z,aklf99,ef5w4sr
CVE-2019-1653,PUBLISHED,cisco,2019-01-24T16:00:00Z,2024-11-12T21:21:15.193Z,7.5,3.0,CWE-284,remote,hardware,Small Business RV320 and RV325 Routers,Unknown,Cisco,10,2022-09-07T00:00:00.000Z,x7r14i,ine5k1d
CVE-2019-1653,PUBLISHED,cisco,2019-01-24T16:00:00Z,2024-11-12T21:21:15.193Z,7.5,3.0,CWE-284,remote,hardware,Small Business RV320 and RV325 Routers,Unknown,Cisco,7,2024-01-19T00:00:00.000Z,19akugv,
CVE-2019-16662,PUBLISHED,mitre,2019-10-28T11:52:13,2024-08-05T01:17:41.039Z,,,,remote,linux,,,,5,2019-11-04T00:00:00.000Z,dqxwb3,f6hksl4
CVE-2019-16663,PUBLISHED,mitre,2019-10-28T11:53:02,2024-08-05T01:17:41.062Z,,,,,,,,,1,2019-11-04T00:00:00.000Z,dqxwb3,f6id173
CVE-2019-16746,PUBLISHED,mitre,2019-09-24T05:55:02,2024-08-05T01:24:47.916Z,,,,,,,,,3,2020-04-29T00:00:00.000Z,ga6x6g,foy4xuo
CVE-2019-16746,PUBLISHED,mitre,2019-09-24T05:55:02,2024-08-05T01:24:47.916Z,,,,,,,,,1,2020-04-29T00:00:00.000Z,ga6x6g,foy52wd
CVE-2019-16746,PUBLISHED,mitre,2019-09-24T05:55:02,2024-08-05T01:24:47.916Z,,,,,,,,,1,2020-04-29T00:00:00.000Z,ga6x6g,
CVE-2019-16759,PUBLISHED,mitre,2019-09-24T21:01:49.000Z,2025-02-04T20:14:51.960Z,,,CWE-94,webapps,php,vBulletin,Unknown,vBulletin,6,2019-09-27T00:00:00.000Z,da3g94,f1nc5uj
CVE-2019-16920,PUBLISHED,mitre,2019-09-27T11:34:12.000Z,2025-02-04T20:04:50.678Z,,,CWE-78,,,Multiple Routers,Unknown,D-Link,8,2019-10-11T00:00:00.000Z,dg52sw,f3aipse
CVE-2019-17026,PUBLISHED,mozilla,2020-03-02T04:05:03.000Z,2025-02-07T12:48:56.517Z,,,CWE-843,local,windows_x86-64,Firefox and Thunderbird,Unknown,Mozilla,48,2020-01-10T00:00:00.000Z,emhfba,fdp4nhh
CVE-2019-17502,PUBLISHED,mitre,2019-10-12T19:53:12,2024-08-05T01:40:15.782Z,,,,,,,,,2,2020-11-12T00:00:00.000Z,jqpl5b,gc048nn
CVE-2019-17502,PUBLISHED,mitre,2019-10-12T19:53:12,2024-08-05T01:40:15.782Z,,,,,,,,,2,2020-11-15T00:00:00.000Z,jqpl5b,gcf58wg
CVE-2019-17502,PUBLISHED,mitre,2019-10-12T19:53:12,2024-08-05T01:40:15.782Z,,,,,,,,,3,2021-02-18T00:00:00.000Z,llwct8,gnuww3z
CVE-2019-17502,PUBLISHED,mitre,2019-10-12T19:53:12,2024-08-05T01:40:15.782Z,,,,,,,,,94,2020-11-06T00:00:00.000Z,joz1ht,gbbec5z
CVE-2019-1757,PUBLISHED,cisco,2019-03-28T00:20:21.311211Z,2024-11-15T15:15:52.387Z,,,CWE-295,,,,,,3,2021-12-11T00:00:00.000Z,rcwws9,ho3uf7c
CVE-2019-17571,PUBLISHED,apache,2019-12-20T16:01:21,2024-08-05T01:40:15.836Z,,,CWE-502,,,,,,3,2022-01-30T00:00:00.000Z,sfi33g,huthza9
CVE-2019-17571,PUBLISHED,apache,2019-12-20T16:01:21,2024-08-05T01:40:15.836Z,,,CWE-502,,,,,,1,2022-10-11T00:00:00.000Z,y1ab5g,irxf8ta
CVE-2019-17571,PUBLISHED,apache,2019-12-20T16:01:21,2024-08-05T01:40:15.836Z,,,CWE-502,,,,,,5,2021-12-11T00:00:00.000Z,rdba36,ho4esh4
CVE-2019-17571,PUBLISHED,apache,2019-12-20T16:01:21,2024-08-05T01:40:15.836Z,,,CWE-502,,,,,,2,2021-12-13T00:00:00.000Z,rfdlky,hofb2es
CVE-2019-17571,PUBLISHED,apache,2019-12-20T16:01:21,2024-08-05T01:40:15.836Z,,,CWE-502,,,,,,2,2021-12-14T00:00:00.000Z,rfdlky,hojuvx0
CVE-2019-17571,PUBLISHED,apache,2019-12-20T16:01:21,2024-08-05T01:40:15.836Z,,,CWE-502,,,,,,2,2022-01-16T00:00:00.000Z,s5faf6,hsxr0s5
CVE-2019-17571,PUBLISHED,apache,2019-12-20T16:01:21,2024-08-05T01:40:15.836Z,,,CWE-502,,,,,,34,2021-12-13T00:00:00.000Z,rf97b2,hod31d8
CVE-2019-17571,PUBLISHED,apache,2019-12-20T16:01:21,2024-08-05T01:40:15.836Z,,,CWE-502,,,,,,12,2021-12-13T00:00:00.000Z,rf97b2,hoeioi6
CVE-2019-17571,PUBLISHED,apache,2019-12-20T16:01:21,2024-08-05T01:40:15.836Z,,,CWE-502,,,,,,1,2021-12-14T00:00:00.000Z,rg5ss2,hoiczuj
CVE-2019-17571,PUBLISHED,apache,2019-12-20T16:01:21,2024-08-05T01:40:15.836Z,,,CWE-502,,,,,,7,2021-12-15T00:00:00.000Z,rh0ev1,hooc9g8
CVE-2019-1804,PUBLISHED,cisco,2019-05-03T16:25:32.005358Z,2024-11-19T19:08:10.858Z,9.8,3.0,CWE-310,,,,,,106,2019-05-15T00:00:00.000Z,boq9vf,
CVE-2019-18196,PUBLISHED,mitre,2019-10-24T15:51:29,2024-08-05T01:47:13.561Z,,,,,,,,,7,2020-02-24T00:00:00.000Z,f8t8bc,finjya5
CVE-2019-18196,PUBLISHED,mitre,2019-10-24T15:51:29,2024-08-05T01:47:13.561Z,,,,,,,,,0,2020-02-24T00:00:00.000Z,f8t8bc,fio5o3w
CVE-2019-18426,PUBLISHED,facebook,2020-01-21T20:30:15.000Z,2025-02-07T12:55:48.413Z,,,CWE-79,webapps,multiple,WhatsApp,Unknown,Meta Platforms,31,2020-02-04T00:00:00.000Z,eysqro,fgizwc3
CVE-2019-1862,PUBLISHED,cisco,2019-05-13T19:15:26.378543Z,2024-11-20T17:22:53.319Z,7.2,3.0,CWE-20,,,,,,9,2019-05-13T00:00:00.000Z,bo70kw,encs2st
CVE-2019-1862,PUBLISHED,cisco,2019-05-13T19:15:26.378543Z,2024-11-20T17:22:53.319Z,7.2,3.0,CWE-20,,,,,,1,2019-05-17T00:00:00.000Z,bo70kw,enxr5v5
CVE-2019-1862,PUBLISHED,cisco,2019-05-13T19:15:26.378543Z,2024-11-20T17:22:53.319Z,7.2,3.0,CWE-20,,,,,,1,2019-05-22T00:00:00.000Z,brhsaf,eofr930
CVE-2019-18634,PUBLISHED,mitre,2020-01-29T17:23:26,2024-08-05T01:54:14.581Z,,,,dos,linux,,,,1,2024-09-01T00:00:00.000Z,1csyil7,lkytyfq
CVE-2019-18634,PUBLISHED,mitre,2020-01-29T17:23:26,2024-08-05T01:54:14.581Z,,,,dos,linux,,,,0,2020-12-16T00:00:00.000Z,k6ox2z,gfzk6q3
CVE-2019-18634,PUBLISHED,mitre,2020-01-29T17:23:26,2024-08-05T01:54:14.581Z,,,,dos,linux,,,,2,2020-02-15T00:00:00.000Z,f3w6x5,fhomhiu
CVE-2019-1873,PUBLISHED,cisco,2019-07-10T17:30:12.398017Z,2024-11-19T19:02:44.121Z,8.6,3.0,CWE-400,,,,,,3,2022-12-30T00:00:00.000Z,zz9p08,j2abef3
CVE-2019-18935,PUBLISHED,mitre,2019-12-11T00:00:00.000Z,2025-02-04T20:04:50.416Z,,,CWE-502,webapps,aspx,Telerik UI for ASP.NET AJAX,Known,Progress,3,2021-07-28T00:00:00.000Z,otbrl5,h6ufvcr
CVE-2019-18935,PUBLISHED,mitre,2019-12-11T00:00:00.000Z,2025-02-04T20:04:50.416Z,,,CWE-502,webapps,aspx,Telerik UI for ASP.NET AJAX,Known,Progress,243,2023-03-15T00:00:00.000Z,11s4xy8,jcbv51s
CVE-2019-18935,PUBLISHED,mitre,2019-12-11T00:00:00.000Z,2025-02-04T20:04:50.416Z,,,CWE-502,webapps,aspx,Telerik UI for ASP.NET AJAX,Known,Progress,5,2023-07-06T00:00:00.000Z,14rjhma,jqukrab
CVE-2019-18988,PUBLISHED,mitre,2020-02-07T15:09:36.000Z,2025-02-04T20:33:31.976Z,,,CWE-521,,,Desktop,Unknown,TeamViewer,10,2020-02-03T00:00:00.000Z,eya43p,fgg115c
CVE-2019-18988,PUBLISHED,mitre,2020-02-07T15:09:36.000Z,2025-02-04T20:33:31.976Z,,,CWE-521,,,Desktop,Unknown,TeamViewer,7,2020-02-04T00:00:00.000Z,eydtuc,fghc73l
CVE-2019-18988,PUBLISHED,mitre,2020-02-07T15:09:36.000Z,2025-02-04T20:33:31.976Z,,,CWE-521,,,Desktop,Unknown,TeamViewer,1,2020-02-24T00:00:00.000Z,f8t8bc,finzaqy
CVE-2019-18988,PUBLISHED,mitre,2020-02-07T15:09:36.000Z,2025-02-04T20:33:31.976Z,,,CWE-521,,,Desktop,Unknown,TeamViewer,1,2020-02-25T00:00:00.000Z,f8t8bc,fip3h8r
CVE-2019-18988,PUBLISHED,mitre,2020-02-07T15:09:36.000Z,2025-02-04T20:33:31.976Z,,,CWE-521,,,Desktop,Unknown,TeamViewer,1568,2020-02-03T00:00:00.000Z,eydtuc,
CVE-2019-19330,PUBLISHED,mitre,2019-11-27T15:53:26,2024-08-05T02:16:46.867Z,,,,,,,,,1,2019-11-28T00:00:00.000Z,e2rus4,f8zt64q
CVE-2019-19620,PUBLISHED,mitre,2019-12-06T15:59:14,2024-08-05T02:25:12.388Z,,,,,,,,,1,2019-12-06T00:00:00.000Z,e6lh1g,f9t00na
CVE-2019-19781,PUBLISHED,mitre,2019-12-27T13:06:46.000Z,2025-02-04T20:04:50.278Z,,,CWE-22,webapps,multiple,"Application Delivery Controller (ADC), Gateway, and SD-WAN WANOP Appliance",Known,Citrix,3,2020-01-11T00:00:00.000Z,en4m7j,fdw3ahh
CVE-2019-19781,PUBLISHED,mitre,2019-12-27T13:06:46.000Z,2025-02-04T20:04:50.278Z,,,CWE-22,webapps,multiple,"Application Delivery Controller (ADC), Gateway, and SD-WAN WANOP Appliance",Known,Citrix,2,2020-01-13T00:00:00.000Z,en4m7j,fe6sie8
CVE-2019-19781,PUBLISHED,mitre,2019-12-27T13:06:46.000Z,2025-02-04T20:04:50.278Z,,,CWE-22,webapps,multiple,"Application Delivery Controller (ADC), Gateway, and SD-WAN WANOP Appliance",Known,Citrix,7,2020-07-15T00:00:00.000Z,hr8its,fy4d41j
CVE-2019-19781,PUBLISHED,mitre,2019-12-27T13:06:46.000Z,2025-02-04T20:04:50.278Z,,,CWE-22,webapps,multiple,"Application Delivery Controller (ADC), Gateway, and SD-WAN WANOP Appliance",Known,Citrix,3,2020-01-11T00:00:00.000Z,emr5ny,fdsxef8
CVE-2019-19781,PUBLISHED,mitre,2019-12-27T13:06:46.000Z,2025-02-04T20:04:50.278Z,,,CWE-22,webapps,multiple,"Application Delivery Controller (ADC), Gateway, and SD-WAN WANOP Appliance",Known,Citrix,1,2020-01-20T00:00:00.000Z,en4mmo,ff3isjs
CVE-2019-19781,PUBLISHED,mitre,2019-12-27T13:06:46.000Z,2025-02-04T20:04:50.278Z,,,CWE-22,webapps,multiple,"Application Delivery Controller (ADC), Gateway, and SD-WAN WANOP Appliance",Known,Citrix,3,2020-07-08T00:00:00.000Z,hnixth,fxbov26
CVE-2019-19781,PUBLISHED,mitre,2019-12-27T13:06:46.000Z,2025-02-04T20:04:50.278Z,,,CWE-22,webapps,multiple,"Application Delivery Controller (ADC), Gateway, and SD-WAN WANOP Appliance",Known,Citrix,5,2020-07-08T00:00:00.000Z,hnixth,fxbrz6i
CVE-2019-19781,PUBLISHED,mitre,2019-12-27T13:06:46.000Z,2025-02-04T20:04:50.278Z,,,CWE-22,webapps,multiple,"Application Delivery Controller (ADC), Gateway, and SD-WAN WANOP Appliance",Known,Citrix,1,2020-01-11T00:00:00.000Z,en1rzf,fdyprkt
CVE-2019-19781,PUBLISHED,mitre,2019-12-27T13:06:46.000Z,2025-02-04T20:04:50.278Z,,,CWE-22,webapps,multiple,"Application Delivery Controller (ADC), Gateway, and SD-WAN WANOP Appliance",Known,Citrix,2,2020-01-17T00:00:00.000Z,epgtzh,femvb26
CVE-2019-19781,PUBLISHED,mitre,2019-12-27T13:06:46.000Z,2025-02-04T20:04:50.278Z,,,CWE-22,webapps,multiple,"Application Delivery Controller (ADC), Gateway, and SD-WAN WANOP Appliance",Known,Citrix,2,2020-03-01T00:00:00.000Z,fbcxo6,fj5c71e
CVE-2019-19781,PUBLISHED,mitre,2019-12-27T13:06:46.000Z,2025-02-04T20:04:50.278Z,,,CWE-22,webapps,multiple,"Application Delivery Controller (ADC), Gateway, and SD-WAN WANOP Appliance",Known,Citrix,6,2020-03-25T00:00:00.000Z,fo8j0o,flff2dz
CVE-2019-19781,PUBLISHED,mitre,2019-12-27T13:06:46.000Z,2025-02-04T20:04:50.278Z,,,CWE-22,webapps,multiple,"Application Delivery Controller (ADC), Gateway, and SD-WAN WANOP Appliance",Known,Citrix,0,2020-09-20T00:00:00.000Z,iw5bzv,g5x1bmk
CVE-2019-19781,PUBLISHED,mitre,2019-12-27T13:06:46.000Z,2025-02-04T20:04:50.278Z,,,CWE-22,webapps,multiple,"Application Delivery Controller (ADC), Gateway, and SD-WAN WANOP Appliance",Known,Citrix,202,2020-01-11T00:00:00.000Z,en4m7j,
CVE-2019-19781,PUBLISHED,mitre,2019-12-27T13:06:46.000Z,2025-02-04T20:04:50.278Z,,,CWE-22,webapps,multiple,"Application Delivery Controller (ADC), Gateway, and SD-WAN WANOP Appliance",Known,Citrix,1,2020-01-27T00:00:00.000Z,eus07o,
CVE-2019-19781,PUBLISHED,mitre,2019-12-27T13:06:46.000Z,2025-02-04T20:04:50.278Z,,,CWE-22,webapps,multiple,"Application Delivery Controller (ADC), Gateway, and SD-WAN WANOP Appliance",Known,Citrix,2,2020-01-27T00:00:00.000Z,eus7o5,
CVE-2019-19781,PUBLISHED,mitre,2019-12-27T13:06:46.000Z,2025-02-04T20:04:50.278Z,,,CWE-22,webapps,multiple,"Application Delivery Controller (ADC), Gateway, and SD-WAN WANOP Appliance",Known,Citrix,3,2020-02-19T00:00:00.000Z,f6awqj,
CVE-2019-1986,PUBLISHED,google_android,2019-02-28T17:00:00Z,2024-09-16T18:13:17.589Z,,,,,,,,,1,2019-02-07T00:00:00.000Z,ao2ilh,efxyg3b
CVE-2019-19906,PUBLISHED,mitre,2019-12-19T17:39:13,2024-08-05T02:32:09.289Z,,,,,,,,,1,2022-02-23T00:00:00.000Z,sz393f,hy1g3x7
CVE-2019-19906,PUBLISHED,mitre,2019-12-19T17:39:13,2024-08-05T02:32:09.289Z,,,,,,,,,2,2022-02-23T00:00:00.000Z,sz393f,
CVE-2019-2102,PUBLISHED,google_android,2019-06-07T19:38:36,2024-08-04T18:42:50.123Z,,,,,,,,,2,2019-06-14T00:00:00.000Z,c0kf18,er6g9po
CVE-2019-2107,PUBLISHED,google_android,2019-07-08T17:36:03,2024-08-04T18:42:50.026Z,,,,dos,android,,,,1,2022-08-16T00:00:00.000Z,wp5uvd,ikgjgog
CVE-2019-2107,PUBLISHED,google_android,2019-07-08T17:36:03,2024-08-04T18:42:50.026Z,,,,dos,android,,,,4,2019-07-27T00:00:00.000Z,cig8gi,
CVE-2019-2725,PUBLISHED,oracle,2019-04-26T18:21:08,2024-10-01T16:24:23.512Z,7.5,3.0,CWE-74,remote,multiple,WebLogic Server,Known,Oracle,2,2024-07-01T00:00:00.000Z,1dsgi6t,lb549r7
CVE-2019-2729,PUBLISHED,oracle,2019-06-19T22:24:10,2024-10-15T19:01:01.374Z,9.8,3.0,,webapps,java,,,,13,2019-06-20T00:00:00.000Z,c2vhpu,
CVE-2019-3396,PUBLISHED,atlassian,2019-03-25T18:37:06.256Z,2025-02-07T12:25:50.601Z,,,CWE-22,remote,multiple,Confluence Server and Data Server,Known,Atlassian,9,2019-12-19T00:00:00.000Z,ecsxbx,
CVE-2019-3396,PUBLISHED,atlassian,2019-03-25T18:37:06.256Z,2025-02-07T12:25:50.601Z,,,CWE-22,remote,multiple,Confluence Server and Data Server,Known,Atlassian,16,2019-04-09T00:00:00.000Z,bb6nzr,
CVE-2019-3396,PUBLISHED,atlassian,2019-03-25T18:37:06.256Z,2025-02-07T12:25:50.601Z,,,CWE-22,remote,multiple,Confluence Server and Data Server,Known,Atlassian,51,2019-04-16T00:00:00.000Z,bds1hz,
CVE-2019-3568,PUBLISHED,facebook,2019-05-14T19:52:40.000Z,2025-02-07T12:56:20.639Z,,,CWE-122,,,WhatsApp,Unknown,Meta Platforms,13,2019-05-14T00:00:00.000Z,boedhf,enfrd1k
CVE-2019-3568,PUBLISHED,facebook,2019-05-14T19:52:40.000Z,2025-02-07T12:56:20.639Z,,,CWE-122,,,WhatsApp,Unknown,Meta Platforms,3,2019-05-14T00:00:00.000Z,boknus,enhd3bt
CVE-2019-3916,PUBLISHED,tenable,2019-04-11T14:12:44,2024-08-04T19:26:27.582Z,,,,,,,,,1,2019-07-14T00:00:00.000Z,ccnahy,etr4ubr
CVE-2019-3980,PUBLISHED,tenable,2019-10-08T19:40:07,2024-08-04T19:26:27.695Z,,,,,,,,,8,2019-10-20T00:00:00.000Z,dkdyxt,f4ech5g
CVE-2019-3980,PUBLISHED,tenable,2019-10-08T19:40:07,2024-08-04T19:26:27.695Z,,,,,,,,,3,2019-10-20T00:00:00.000Z,dkdyxt,f4fgsne
CVE-2019-3980,PUBLISHED,tenable,2019-10-08T19:40:07,2024-08-04T19:26:27.695Z,,,,,,,,,7,2019-10-20T00:00:00.000Z,dkdyxt,f4fhpy5
CVE-2019-4716,PUBLISHED,ibm,2019-12-18T16:15:16.452Z,2025-02-07T13:00:09.263Z,10.0,3.0,CWE-94,remote,multiple,Planning Analytics,Unknown,IBM,4,2020-03-27T00:00:00.000Z,fpt234,fln4o1t
CVE-2019-5021,PUBLISHED,talos,2019-05-08T16:52:23,2024-08-04T19:40:49.199Z,9.8,3.0,CWE-258,,,,,,-9,2019-05-09T00:00:00.000Z,bmh12z,emwksxs
CVE-2019-5088,PUBLISHED,talos,2019-11-05T20:29:34,2024-08-04T19:47:56.667Z,8.8,3.0,CWE-787,,,,,,2,2023-12-15T00:00:00.000Z,18j56ob,kdhuia3
CVE-2019-5418,PUBLISHED,hackerone,2019-03-27T13:38:58,2024-08-04T19:54:53.606Z,,,CWE-22,webapps,multiple,,,,-3,2019-05-13T00:00:00.000Z,bo0sg2,enc0c7s
CVE-2019-5418,PUBLISHED,hackerone,2019-03-27T13:38:58,2024-08-04T19:54:53.606Z,,,CWE-22,webapps,multiple,,,,1,2019-05-14T00:00:00.000Z,bo0sg2,enizeaj
CVE-2019-5525,PUBLISHED,vmware,2019-06-06T19:00:44,2024-08-04T20:01:51.689Z,,,,,,,,,2,2019-07-25T00:00:00.000Z,chmhuu,euvdgu6
CVE-2019-5544,PUBLISHED,vmware,2019-12-06T15:54:18.000Z,2025-02-07T13:13:39.081Z,,,CWE-787,,,VMware ESXi and Horizon DaaS,Known,VMware,1,2019-12-10T00:00:00.000Z,e8lrex,faesat3
CVE-2019-5589,PUBLISHED,fortinet,2019-05-28T21:42:19,2024-10-25T14:30:07.426Z,,,,,,,,,2,2023-04-12T00:00:00.000Z,12iv4hz,jfyw8tj
CVE-2019-5599,PUBLISHED,freebsd,2019-07-02T20:02:17,2024-08-04T20:01:51.990Z,,,,,,,,,5,2019-06-18T00:00:00.000Z,c1qng5,erfsq13
CVE-2019-5736,PUBLISHED,mitre,2019-02-11T00:00:00,2024-08-04T20:01:52.208Z,,,,local,linux,,,,2,2022-01-04T00:00:00.000Z,rvvndz,hr98gqa
CVE-2019-5736,PUBLISHED,mitre,2019-02-11T00:00:00,2024-08-04T20:01:52.208Z,,,,local,linux,,,,13,2019-02-12T00:00:00.000Z,apsq46,egb61j8
CVE-2019-5736,PUBLISHED,mitre,2019-02-11T00:00:00,2024-08-04T20:01:52.208Z,,,,local,linux,,,,3,2019-02-12T00:00:00.000Z,apqwwt,egaxtbt
CVE-2019-5736,PUBLISHED,mitre,2019-02-11T00:00:00,2024-08-04T20:01:52.208Z,,,,local,linux,,,,1,2019-02-14T00:00:00.000Z,aqmhmg,
CVE-2019-5786,PUBLISHED,Chrome,2019-06-27T16:13:43.000Z,2025-02-11T14:50:33.491Z,,,CWE-416,remote,windows_x86,Chrome Blink,Unknown,Google,1,2019-03-07T00:00:00.000Z,aybnxa,ei0c5ky
CVE-2019-5787,PUBLISHED,Chrome,2019-05-23T19:10:37,2024-08-04T20:01:52.386Z,,,,,,,,,16,2020-08-30T00:00:00.000Z,ijjfda,
CVE-2019-6111,PUBLISHED,mitre,2019-01-31T00:00:00,2024-08-04T20:16:23.623Z,,,,remote,multiple,,,,1,2021-04-04T00:00:00.000Z,mk10pt,gtdcf2f
CVE-2019-6111,PUBLISHED,mitre,2019-01-31T00:00:00,2024-08-04T20:16:23.623Z,,,,remote,multiple,,,,11,2019-01-16T00:00:00.000Z,agaiv7,ee6kl39
CVE-2019-6111,PUBLISHED,mitre,2019-01-31T00:00:00,2024-08-04T20:16:23.623Z,,,,remote,multiple,,,,3,2019-02-08T00:00:00.000Z,ani8zn,eg10l2n
CVE-2019-6260,PUBLISHED,mitre,2019-01-22T20:00:00,2024-08-04T20:16:24.791Z,,,,,,,,,1,2019-01-25T00:00:00.000Z,ajoykp,
CVE-2019-6340,PUBLISHED,drupal,2019-02-21T21:00:00.000Z,2025-02-07T12:38:51.309Z,,,CWE-502,remote,php,Core,Unknown,Drupal,1,2019-02-22T00:00:00.000Z,at4f8j,eh0r69w
CVE-2019-6340,PUBLISHED,drupal,2019-02-21T21:00:00.000Z,2025-02-07T12:38:51.309Z,,,CWE-502,remote,php,Core,Unknown,Drupal,10,2019-02-21T00:00:00.000Z,at4wnc,
CVE-2019-6470,PUBLISHED,isc,2019-11-01T22:15:33.599863Z,2024-09-17T01:25:37.218Z,6.5,3.1,,,,,,,1,2022-04-11T00:00:00.000Z,u13r97,
CVE-2019-6496,PUBLISHED,mitre,2019-01-19T17:00:00,2024-08-04T20:23:21.334Z,,,,,,,,,2,2019-02-01T00:00:00.000Z,aimw2r,efibgpy
CVE-2019-6538,PUBLISHED,icscert,2019-03-25T21:26:03,2025-05-22T19:26:15.126Z,9.3,3.1,CWE-284,,,,,,3,2024-01-16T00:00:00.000Z,1980qfp,
CVE-2019-7286,PUBLISHED,apple,2019-12-18T17:33:16.000Z,2025-06-10T16:46:30.412Z,,,CWE-787,dos,ios,Multiple Products,Unknown,Apple,1,2021-01-17T00:00:00.000Z,kzai4v,gjn3z8r
CVE-2019-7442,PUBLISHED,mitre,2019-05-08T20:54:48,2024-08-04T20:46:46.264Z,,,,webapps,multiple,,,,4,2019-05-13T00:00:00.000Z,bo8g4r,
CVE-2019-8273,PUBLISHED,Kaspersky,2019-03-09T00:00:00Z,2024-09-16T23:16:03.189Z,,,CWE-122,,,,,,0,2022-04-01T00:00:00.000Z,ttt46p,
CVE-2019-8286,PUBLISHED,Kaspersky,2019-07-18T18:34:15,2024-08-04T21:17:30.549Z,,,,,,,,,1,2019-09-27T00:00:00.000Z,d9u5g3,f1m5yju
CVE-2019-8286,PUBLISHED,Kaspersky,2019-07-18T18:34:15,2024-08-04T21:17:30.549Z,,,,,,,,,13,2019-08-18T00:00:00.000Z,cs3n75,excwirh
CVE-2019-8286,PUBLISHED,Kaspersky,2019-07-18T18:34:15,2024-08-04T21:17:30.549Z,,,,,,,,,32,2019-08-18T00:00:00.000Z,cs3n75,exd5egr
CVE-2019-8331,PUBLISHED,mitre,2019-02-20T16:00:00,2024-08-04T21:17:31.342Z,,,,,,,,,6,2019-05-14T00:00:00.000Z,bokjrh,
CVE-2019-8646,PUBLISHED,apple,2019-12-18T17:33:20,2024-08-04T21:24:29.505Z,,,,dos,multiple,,,,18,2022-10-09T00:00:00.000Z,xzxtmj,irozxje
CVE-2019-8646,PUBLISHED,apple,2019-12-18T17:33:20,2024-08-04T21:24:29.505Z,,,,dos,multiple,,,,44,2019-07-30T00:00:00.000Z,cjrlo8,evfozja
CVE-2019-8761,PUBLISHED,apple,2020-10-27T19:49:03,2024-08-04T21:31:36.289Z,,,,,,,,,1,2021-05-19T00:00:00.000Z,nex5q8,gynbeku
CVE-2019-8761,PUBLISHED,apple,2020-10-27T19:49:03,2024-08-04T21:31:36.289Z,,,,,,,,,2,2021-05-24T00:00:00.000Z,nex5q8,gzc0kzn
CVE-2019-8761,PUBLISHED,apple,2020-10-27T19:49:03,2024-08-04T21:31:36.289Z,,,,,,,,,10,2021-04-05T00:00:00.000Z,mkf0wj,gti89ao
CVE-2019-8912,PUBLISHED,mitre,2019-02-18T18:00:00,2024-08-04T21:31:37.465Z,,,,,,,,,58,2019-02-22T00:00:00.000Z,atfj62,
CVE-2019-8936,PUBLISHED,mitre,2019-05-15T15:37:31,2024-08-04T21:31:37.562Z,,,,,,,,,0,2019-03-31T00:00:00.000Z,b7hok9,ejt72dp
CVE-2019-8942,PUBLISHED,mitre,2019-02-20T03:00:00,2024-08-04T21:31:37.541Z,,,,remote,php,,,,1,2019-05-31T00:00:00.000Z,asd3g8,eplbit3
CVE-2019-8942,PUBLISHED,mitre,2019-02-20T03:00:00,2024-08-04T21:31:37.541Z,,,,remote,php,,,,2,2019-10-03T00:00:00.000Z,dcpztx,f2a03o9
CVE-2019-9111,PUBLISHED,mitre,2019-02-25T04:00:00,2024-08-04T21:38:46.423Z,,,,,,,,,1,2019-02-25T00:00:00.000Z,aug05y,eh9gahi
CVE-2019-9160,PUBLISHED,mitre,2019-04-18T21:58:00,2024-08-04T21:38:46.570Z,,,,,,,,,1,2020-11-16T00:00:00.000Z,juuwpc,gcg5qq3
CVE-2019-9213,PUBLISHED,mitre,2019-03-05T22:00:00,2024-08-04T21:38:46.640Z,,,,dos,linux,,,,6,2022-08-09T00:00:00.000Z,wjgjmr,ijjz9dl
CVE-2019-9483,PUBLISHED,mitre,2019-03-01T05:00:00,2024-08-04T21:54:43.539Z,,,,,,,,,4,2022-01-03T00:00:00.000Z,rulmw8,hr1dl40
CVE-2019-9510,PUBLISHED,certcc,2020-01-15T17:05:27.546064Z,2024-09-17T04:00:12.025Z,5.3,3.1,CWE-288,,,,,,3,2019-06-13T00:00:00.000Z,bzuorb,er0z3h2
CVE-2019-9510,PUBLISHED,certcc,2020-01-15T17:05:27.546064Z,2024-09-17T04:00:12.025Z,5.3,3.1,CWE-288,,,,,,1,2019-12-30T00:00:00.000Z,ehco16,fclfopd
CVE-2019-9510,PUBLISHED,certcc,2020-01-15T17:05:27.546064Z,2024-09-17T04:00:12.025Z,5.3,3.1,CWE-288,,,,,,208,2019-06-12T00:00:00.000Z,bzuorb,
CVE-2019-9514,PUBLISHED,certcc,2019-08-13T00:00:00,2024-08-04T21:54:44.511Z,7.5,3.0,CWE-400,,,,,,1,2022-04-27T00:00:00.000Z,ucrnif,i6cvooz
CVE-2019-9624,PUBLISHED,mitre,2019-03-07T05:00:00,2024-08-04T21:54:45.440Z,,,,remote,cgi,,,,2,2019-08-18T00:00:00.000Z,crk77z,ex9l6m5
CVE-2019-9810,PUBLISHED,mozilla,2019-04-26T16:10:13,2024-08-04T22:01:54.913Z,8.8,,,dos,multiple,,,Mozilla,2,2019-12-08T00:00:00.000Z,e7elzs,fa2i04g
CVE-2019-9818,PUBLISHED,mozilla,2019-07-23T13:23:53,2024-08-04T22:01:54.839Z,,,,,,,,,3,2019-05-22T00:00:00.000Z,brltwf,eoeysna
CVE-2020-0005,PUBLISHED,google_android,2020-02-13T14:22:01,2024-08-04T05:47:40.799Z,,,,,,,,,3,2023-11-09T00:00:00.000Z,17r9kdk,k8i1hc0
CVE-2020-0022,PUBLISHED,google_android,2020-02-13T14:21:41,2024-08-04T05:47:40.847Z,,,,,,,,,1,2020-09-22T00:00:00.000Z,ixn8wq,g67wc4c
CVE-2020-0543,PUBLISHED,intel,2020-06-15T13:55:00,2024-08-04T06:02:52.330Z,,,,,,,,,30,2020-06-09T00:00:00.000Z,gzv8rr,
CVE-2020-0601,PUBLISHED,microsoft,2020-01-14T23:11:20.000Z,2025-02-07T15:27:24.883Z,,,CWE-295,local,windows,Windows,Unknown,Microsoft,1,2020-01-17T00:00:00.000Z,eq5j3z,feo61nr
CVE-2020-0601,PUBLISHED,microsoft,2020-01-14T23:11:20.000Z,2025-02-07T15:27:24.883Z,,,CWE-295,local,windows,Windows,Unknown,Microsoft,2,2020-01-14T00:00:00.000Z,eok43a,fee3vg6
CVE-2020-0601,PUBLISHED,microsoft,2020-01-14T23:11:20.000Z,2025-02-07T15:27:24.883Z,,,CWE-295,local,windows,Windows,Unknown,Microsoft,1,2020-01-14T00:00:00.000Z,eoehb9,fee27lx
CVE-2020-0601,PUBLISHED,microsoft,2020-01-14T23:11:20.000Z,2025-02-07T15:27:24.883Z,,,CWE-295,local,windows,Windows,Unknown,Microsoft,4,2020-09-15T00:00:00.000Z,isy1hw,g5el6s9
CVE-2020-0601,PUBLISHED,microsoft,2020-01-14T23:11:20.000Z,2025-02-07T15:27:24.883Z,,,CWE-295,local,windows,Windows,Unknown,Microsoft,59,2020-01-15T00:00:00.000Z,ep5vfj,fehfnq2
CVE-2020-0601,PUBLISHED,microsoft,2020-01-14T23:11:20.000Z,2025-02-07T15:27:24.883Z,,,CWE-295,local,windows,Windows,Unknown,Microsoft,3,2020-01-15T00:00:00.000Z,eooyil,fef7jz5
CVE-2020-0601,PUBLISHED,microsoft,2020-01-14T23:11:20.000Z,2025-02-07T15:27:24.883Z,,,CWE-295,local,windows,Windows,Unknown,Microsoft,4,2020-01-14T00:00:00.000Z,eogm9e,fedvhe2
CVE-2020-0601,PUBLISHED,microsoft,2020-01-14T23:11:20.000Z,2025-02-07T15:27:24.883Z,,,CWE-295,local,windows,Windows,Unknown,Microsoft,7,2020-01-14T00:00:00.000Z,eogm9e,fedw2fk
CVE-2020-0601,PUBLISHED,microsoft,2020-01-14T23:11:20.000Z,2025-02-07T15:27:24.883Z,,,CWE-295,local,windows,Windows,Unknown,Microsoft,1,2020-01-14T00:00:00.000Z,eobmvu,fee10br
CVE-2020-0601,PUBLISHED,microsoft,2020-01-14T23:11:20.000Z,2025-02-07T15:27:24.883Z,,,CWE-295,local,windows,Windows,Unknown,Microsoft,3,2020-01-14T00:00:00.000Z,eobmvu,fee15hc
CVE-2020-0601,PUBLISHED,microsoft,2020-01-14T23:11:20.000Z,2025-02-07T15:27:24.883Z,,,CWE-295,local,windows,Windows,Unknown,Microsoft,34,2020-01-14T00:00:00.000Z,eoll74,fee1qwg
CVE-2020-0601,PUBLISHED,microsoft,2020-01-14T23:11:20.000Z,2025-02-07T15:27:24.883Z,,,CWE-295,local,windows,Windows,Unknown,Microsoft,5,2020-01-14T00:00:00.000Z,eoll74,fee1rus
CVE-2020-0601,PUBLISHED,microsoft,2020-01-14T23:11:20.000Z,2025-02-07T15:27:24.883Z,,,CWE-295,local,windows,Windows,Unknown,Microsoft,5,2020-01-14T00:00:00.000Z,eoll74,fee2htr
CVE-2020-0601,PUBLISHED,microsoft,2020-01-14T23:11:20.000Z,2025-02-07T15:27:24.883Z,,,CWE-295,local,windows,Windows,Unknown,Microsoft,8,2020-01-14T00:00:00.000Z,eogm9e,fee2jbb
CVE-2020-0601,PUBLISHED,microsoft,2020-01-14T23:11:20.000Z,2025-02-07T15:27:24.883Z,,,CWE-295,local,windows,Windows,Unknown,Microsoft,31,2020-01-14T00:00:00.000Z,eogm9e,fee2wyc
CVE-2020-0601,PUBLISHED,microsoft,2020-01-14T23:11:20.000Z,2025-02-07T15:27:24.883Z,,,CWE-295,local,windows,Windows,Unknown,Microsoft,2,2020-01-14T00:00:00.000Z,eoll74,fee35ay
CVE-2020-0601,PUBLISHED,microsoft,2020-01-14T23:11:20.000Z,2025-02-07T15:27:24.883Z,,,CWE-295,local,windows,Windows,Unknown,Microsoft,171,2020-01-14T00:00:00.000Z,eoll74,fee3txw
CVE-2020-0601,PUBLISHED,microsoft,2020-01-14T23:11:20.000Z,2025-02-07T15:27:24.883Z,,,CWE-295,local,windows,Windows,Unknown,Microsoft,8,2020-01-14T00:00:00.000Z,eobmvu,fee3u4h
CVE-2020-0601,PUBLISHED,microsoft,2020-01-14T23:11:20.000Z,2025-02-07T15:27:24.883Z,,,CWE-295,local,windows,Windows,Unknown,Microsoft,6,2020-01-14T00:00:00.000Z,eogm9e,fee414p
CVE-2020-0601,PUBLISHED,microsoft,2020-01-14T23:11:20.000Z,2025-02-07T15:27:24.883Z,,,CWE-295,local,windows,Windows,Unknown,Microsoft,7,2020-01-14T00:00:00.000Z,eoll74,fee46pc
CVE-2020-0601,PUBLISHED,microsoft,2020-01-14T23:11:20.000Z,2025-02-07T15:27:24.883Z,,,CWE-295,local,windows,Windows,Unknown,Microsoft,3,2020-01-14T00:00:00.000Z,eobmvu,fee50f5
CVE-2020-0601,PUBLISHED,microsoft,2020-01-14T23:11:20.000Z,2025-02-07T15:27:24.883Z,,,CWE-295,local,windows,Windows,Unknown,Microsoft,0,2020-01-14T00:00:00.000Z,eoll74,fee8mas
CVE-2020-0601,PUBLISHED,microsoft,2020-01-14T23:11:20.000Z,2025-02-07T15:27:24.883Z,,,CWE-295,local,windows,Windows,Unknown,Microsoft,1,2020-01-14T00:00:00.000Z,eoll74,feeb9v6
CVE-2020-0601,PUBLISHED,microsoft,2020-01-14T23:11:20.000Z,2025-02-07T15:27:24.883Z,,,CWE-295,local,windows,Windows,Unknown,Microsoft,5,2020-01-14T00:00:00.000Z,eogm9e,feebqfv
CVE-2020-0601,PUBLISHED,microsoft,2020-01-14T23:11:20.000Z,2025-02-07T15:27:24.883Z,,,CWE-295,local,windows,Windows,Unknown,Microsoft,1,2020-01-14T00:00:00.000Z,eog7hi,feefrbz
CVE-2020-0601,PUBLISHED,microsoft,2020-01-14T23:11:20.000Z,2025-02-07T15:27:24.883Z,,,CWE-295,local,windows,Windows,Unknown,Microsoft,3,2020-01-14T00:00:00.000Z,eoll74,feei1ao
CVE-2020-0601,PUBLISHED,microsoft,2020-01-14T23:11:20.000Z,2025-02-07T15:27:24.883Z,,,CWE-295,local,windows,Windows,Unknown,Microsoft,7,2020-01-14T00:00:00.000Z,eoll74,feelfx2
CVE-2020-0601,PUBLISHED,microsoft,2020-01-14T23:11:20.000Z,2025-02-07T15:27:24.883Z,,,CWE-295,local,windows,Windows,Unknown,Microsoft,2,2020-01-14T00:00:00.000Z,eoll74,feeng06
CVE-2020-0601,PUBLISHED,microsoft,2020-01-14T23:11:20.000Z,2025-02-07T15:27:24.883Z,,,CWE-295,local,windows,Windows,Unknown,Microsoft,15,2020-01-14T00:00:00.000Z,eoll74,feer4hm
CVE-2020-0601,PUBLISHED,microsoft,2020-01-14T23:11:20.000Z,2025-02-07T15:27:24.883Z,,,CWE-295,local,windows,Windows,Unknown,Microsoft,1,2020-01-14T00:00:00.000Z,eoll74,feermv1
CVE-2020-0601,PUBLISHED,microsoft,2020-01-14T23:11:20.000Z,2025-02-07T15:27:24.883Z,,,CWE-295,local,windows,Windows,Unknown,Microsoft,1,2020-01-15T00:00:00.000Z,eogm9e,fef3lbc
CVE-2020-0601,PUBLISHED,microsoft,2020-01-14T23:11:20.000Z,2025-02-07T15:27:24.883Z,,,CWE-295,local,windows,Windows,Unknown,Microsoft,2,2020-01-15T00:00:00.000Z,eozx4f,feg69gm
CVE-2020-0601,PUBLISHED,microsoft,2020-01-14T23:11:20.000Z,2025-02-07T15:27:24.883Z,,,CWE-295,local,windows,Windows,Unknown,Microsoft,1,2020-01-15T00:00:00.000Z,eozx4f,fegih3r
CVE-2020-0601,PUBLISHED,microsoft,2020-01-14T23:11:20.000Z,2025-02-07T15:27:24.883Z,,,CWE-295,local,windows,Windows,Unknown,Microsoft,0,2020-01-15T00:00:00.000Z,eop1qp,fegko0p
CVE-2020-0601,PUBLISHED,microsoft,2020-01-14T23:11:20.000Z,2025-02-07T15:27:24.883Z,,,CWE-295,local,windows,Windows,Unknown,Microsoft,1,2020-01-15T00:00:00.000Z,eoll74,fegx821
CVE-2020-0601,PUBLISHED,microsoft,2020-01-14T23:11:20.000Z,2025-02-07T15:27:24.883Z,,,CWE-295,local,windows,Windows,Unknown,Microsoft,1,2020-01-15T00:00:00.000Z,eoll74,fegxdif
CVE-2020-0601,PUBLISHED,microsoft,2020-01-14T23:11:20.000Z,2025-02-07T15:27:24.883Z,,,CWE-295,local,windows,Windows,Unknown,Microsoft,1,2020-01-16T00:00:00.000Z,epb77h,feid8t0
CVE-2020-0601,PUBLISHED,microsoft,2020-01-14T23:11:20.000Z,2025-02-07T15:27:24.883Z,,,CWE-295,local,windows,Windows,Unknown,Microsoft,12,2020-01-16T00:00:00.000Z,epje0v,fejwy3k
CVE-2020-0601,PUBLISHED,microsoft,2020-01-14T23:11:20.000Z,2025-02-07T15:27:24.883Z,,,CWE-295,local,windows,Windows,Unknown,Microsoft,1,2020-01-16T00:00:00.000Z,eogm9e,fek1t9m
CVE-2020-0601,PUBLISHED,microsoft,2020-01-14T23:11:20.000Z,2025-02-07T15:27:24.883Z,,,CWE-295,local,windows,Windows,Unknown,Microsoft,1,2020-01-16T00:00:00.000Z,eogm9e,fekah4y
CVE-2020-0601,PUBLISHED,microsoft,2020-01-14T23:11:20.000Z,2025-02-07T15:27:24.883Z,,,CWE-295,local,windows,Windows,Unknown,Microsoft,5,2020-01-16T00:00:00.000Z,epms6z,fekcmuu
CVE-2020-0601,PUBLISHED,microsoft,2020-01-14T23:11:20.000Z,2025-02-07T15:27:24.883Z,,,CWE-295,local,windows,Windows,Unknown,Microsoft,1,2020-01-16T00:00:00.000Z,epms6z,fekkjgg
CVE-2020-0601,PUBLISHED,microsoft,2020-01-14T23:11:20.000Z,2025-02-07T15:27:24.883Z,,,CWE-295,local,windows,Windows,Unknown,Microsoft,2,2020-01-19T00:00:00.000Z,eqztmm,fezu42p
CVE-2020-0601,PUBLISHED,microsoft,2020-01-14T23:11:20.000Z,2025-02-07T15:27:24.883Z,,,CWE-295,local,windows,Windows,Unknown,Microsoft,5,2020-01-20T00:00:00.000Z,erc3l9,ff2r1pv
CVE-2020-0601,PUBLISHED,microsoft,2020-01-14T23:11:20.000Z,2025-02-07T15:27:24.883Z,,,CWE-295,local,windows,Windows,Unknown,Microsoft,8,2020-01-28T00:00:00.000Z,ev4n8h,ffttd6a
CVE-2020-0601,PUBLISHED,microsoft,2020-01-14T23:11:20.000Z,2025-02-07T15:27:24.883Z,,,CWE-295,local,windows,Windows,Unknown,Microsoft,3,2020-01-28T00:00:00.000Z,ev4n8h,ffttezc
CVE-2020-0601,PUBLISHED,microsoft,2020-01-14T23:11:20.000Z,2025-02-07T15:27:24.883Z,,,CWE-295,local,windows,Windows,Unknown,Microsoft,5,2022-08-20T00:00:00.000Z,wt3nwb,
CVE-2020-0601,PUBLISHED,microsoft,2020-01-14T23:11:20.000Z,2025-02-07T15:27:24.883Z,,,CWE-295,local,windows,Windows,Unknown,Microsoft,2,2020-01-28T00:00:00.000Z,evbhgh,
CVE-2020-0601,PUBLISHED,microsoft,2020-01-14T23:11:20.000Z,2025-02-07T15:27:24.883Z,,,CWE-295,local,windows,Windows,Unknown,Microsoft,830,2020-01-14T00:00:00.000Z,eop1qp,
CVE-2020-0601,PUBLISHED,microsoft,2020-01-14T23:11:20.000Z,2025-02-07T15:27:24.883Z,,,CWE-295,local,windows,Windows,Unknown,Microsoft,0,2020-01-14T00:00:00.000Z,eop96q,
CVE-2020-0601,PUBLISHED,microsoft,2020-01-14T23:11:20.000Z,2025-02-07T15:27:24.883Z,,,CWE-295,local,windows,Windows,Unknown,Microsoft,1,2020-01-14T00:00:00.000Z,eoptpk,
CVE-2020-0601,PUBLISHED,microsoft,2020-01-14T23:11:20.000Z,2025-02-07T15:27:24.883Z,,,CWE-295,local,windows,Windows,Unknown,Microsoft,2,2020-01-16T00:00:00.000Z,epggtb,
CVE-2020-0601,PUBLISHED,microsoft,2020-01-14T23:11:20.000Z,2025-02-07T15:27:24.883Z,,,CWE-295,local,windows,Windows,Unknown,Microsoft,0,2020-01-16T00:00:00.000Z,epms6z,
CVE-2020-0601,PUBLISHED,microsoft,2020-01-14T23:11:20.000Z,2025-02-07T15:27:24.883Z,,,CWE-295,local,windows,Windows,Unknown,Microsoft,1,2020-01-16T00:00:00.000Z,eprbne,
CVE-2020-0601,PUBLISHED,microsoft,2020-01-14T23:11:20.000Z,2025-02-07T15:27:24.883Z,,,CWE-295,local,windows,Windows,Unknown,Microsoft,9,2020-01-19T00:00:00.000Z,eqztmm,
CVE-2020-0601,PUBLISHED,microsoft,2020-01-14T23:11:20.000Z,2025-02-07T15:27:24.883Z,,,CWE-295,local,windows,Windows,Unknown,Microsoft,12,2020-01-20T00:00:00.000Z,erc3l9,
CVE-2020-0608,PUBLISHED,microsoft,2020-01-14T23:11:23,2024-08-04T06:11:04.510Z,,,,,,,,,2,2020-01-14T00:00:00.000Z,eogm9e,feeok45
CVE-2020-0609,PUBLISHED,microsoft,2020-01-14T23:11:23,2024-08-04T06:11:04.560Z,,,,dos,windows,,,,0,2020-08-29T00:00:00.000Z,ii9rod,g37uzfx
CVE-2020-0609,PUBLISHED,microsoft,2020-01-14T23:11:23,2024-08-04T06:11:04.560Z,,,,dos,windows,,,,1,2020-02-18T00:00:00.000Z,f4z4j2,fi0hxo0
CVE-2020-0609,PUBLISHED,microsoft,2020-01-14T23:11:23,2024-08-04T06:11:04.560Z,,,,dos,windows,,,,11,2020-03-31T00:00:00.000Z,frwnqp,flzdv87
CVE-2020-0609,PUBLISHED,microsoft,2020-01-14T23:11:23,2024-08-04T06:11:04.560Z,,,,dos,windows,,,,9,2020-03-31T00:00:00.000Z,frwnqp,fm0rtj0
CVE-2020-0609,PUBLISHED,microsoft,2020-01-14T23:11:23,2024-08-04T06:11:04.560Z,,,,dos,windows,,,,2,2020-03-31T00:00:00.000Z,frwnqp,fm0yjon
CVE-2020-0609,PUBLISHED,microsoft,2020-01-14T23:11:23,2024-08-04T06:11:04.560Z,,,,dos,windows,,,,74,2020-01-14T00:00:00.000Z,eogm9e,fee6s6t
CVE-2020-0609,PUBLISHED,microsoft,2020-01-14T23:11:23,2024-08-04T06:11:04.560Z,,,,dos,windows,,,,5,2020-01-14T00:00:00.000Z,eoqxuq,feekyrl
CVE-2020-0609,PUBLISHED,microsoft,2020-01-14T23:11:23,2024-08-04T06:11:04.560Z,,,,dos,windows,,,,3,2020-01-17T00:00:00.000Z,ep0v5b,felw052
CVE-2020-0609,PUBLISHED,microsoft,2020-01-14T23:11:23,2024-08-04T06:11:04.560Z,,,,dos,windows,,,,3,2020-02-02T00:00:00.000Z,expanx,fgc036y
CVE-2020-0609,PUBLISHED,microsoft,2020-01-14T23:11:23,2024-08-04T06:11:04.560Z,,,,dos,windows,,,,1,2020-03-12T00:00:00.000Z,fheisu,fkb68zr
CVE-2020-0609,PUBLISHED,microsoft,2020-01-14T23:11:23,2024-08-04T06:11:04.560Z,,,,dos,windows,,,,1,2022-01-10T00:00:00.000Z,s0n89c,hs3c75c
CVE-2020-0609,PUBLISHED,microsoft,2020-01-14T23:11:23,2024-08-04T06:11:04.560Z,,,,dos,windows,,,,458,2020-01-15T00:00:00.000Z,ep0v5b,
CVE-2020-0609,PUBLISHED,microsoft,2020-01-14T23:11:23,2024-08-04T06:11:04.560Z,,,,dos,windows,,,,8,2020-01-16T00:00:00.000Z,epon8r,
CVE-2020-0609,PUBLISHED,microsoft,2020-01-14T23:11:23,2024-08-04T06:11:04.560Z,,,,dos,windows,,,,52,2020-03-24T00:00:00.000Z,fo8j0o,
CVE-2020-0609,PUBLISHED,microsoft,2020-01-14T23:11:23,2024-08-04T06:11:04.560Z,,,,dos,windows,,,,1633,2020-03-31T00:00:00.000Z,fs2d1a,
CVE-2020-0610,PUBLISHED,microsoft,2020-01-14T23:11:23,2024-08-04T06:11:04.613Z,,,,dos,windows,,,,19,2022-09-30T00:00:00.000Z,xscrmt,iqjxnbv
CVE-2020-0612,PUBLISHED,microsoft,2020-01-14T23:11:24,2024-08-04T06:11:04.481Z,,,,,,,,,1,2020-03-25T00:00:00.000Z,fov34o,flhpcx1
CVE-2020-0668,PUBLISHED,microsoft,2020-02-11T21:22:51,2024-08-04T06:11:04.596Z,7.8,,,,,,,Microsoft,6,2020-02-20T00:00:00.000Z,f7244h,
CVE-2020-0674,PUBLISHED,microsoft,2020-02-11T21:22:53.000Z,2025-02-07T15:27:55.939Z,,,CWE-416,local,windows,Internet Explorer,Unknown,Microsoft,6,2020-01-19T00:00:00.000Z,equ1hq,feykb75
CVE-2020-0674,PUBLISHED,microsoft,2020-02-11T21:22:53.000Z,2025-02-07T15:27:55.939Z,,,CWE-416,local,windows,Internet Explorer,Unknown,Microsoft,1,2020-12-04T00:00:00.000Z,k6lcqn,gelq5n2
CVE-2020-0674,PUBLISHED,microsoft,2020-02-11T21:22:53.000Z,2025-02-07T15:27:55.939Z,,,CWE-416,local,windows,Internet Explorer,Unknown,Microsoft,2,2021-08-11T00:00:00.000Z,p0w8a1,h8janog
CVE-2020-0674,PUBLISHED,microsoft,2020-02-11T21:22:53.000Z,2025-02-07T15:27:55.939Z,,,CWE-416,local,windows,Internet Explorer,Unknown,Microsoft,2,2020-02-03T00:00:00.000Z,ey4sar,fggjdc6
CVE-2020-0674,PUBLISHED,microsoft,2020-02-11T21:22:53.000Z,2025-02-07T15:27:55.939Z,,,CWE-416,local,windows,Internet Explorer,Unknown,Microsoft,18,2020-02-11T00:00:00.000Z,f1zjf7,fh9eh8p
CVE-2020-0674,PUBLISHED,microsoft,2020-02-11T21:22:53.000Z,2025-02-07T15:27:55.939Z,,,CWE-416,local,windows,Internet Explorer,Unknown,Microsoft,2,2020-02-11T00:00:00.000Z,f1zjf7,fhat5zb
CVE-2020-0674,PUBLISHED,microsoft,2020-02-11T21:22:53.000Z,2025-02-07T15:27:55.939Z,,,CWE-416,local,windows,Internet Explorer,Unknown,Microsoft,3,2020-02-11T00:00:00.000Z,f1zjf7,fhbn003
CVE-2020-0674,PUBLISHED,microsoft,2020-02-11T21:22:53.000Z,2025-02-07T15:27:55.939Z,,,CWE-416,local,windows,Internet Explorer,Unknown,Microsoft,4,2020-02-11T00:00:00.000Z,f1zjf7,fhbtmk3
CVE-2020-0674,PUBLISHED,microsoft,2020-02-11T21:22:53.000Z,2025-02-07T15:27:55.939Z,,,CWE-416,local,windows,Internet Explorer,Unknown,Microsoft,3,2020-02-11T00:00:00.000Z,f1zjf7,fhc32on
CVE-2020-0674,PUBLISHED,microsoft,2020-02-11T21:22:53.000Z,2025-02-07T15:27:55.939Z,,,CWE-416,local,windows,Internet Explorer,Unknown,Microsoft,90,2020-01-19T00:00:00.000Z,equ1hq,
CVE-2020-0688,PUBLISHED,microsoft,2020-02-11T21:22:59.000Z,2025-02-04T18:45:35.492Z,8.8,,CWE-287,remote,windows,Exchange Server,Known,Microsoft,1,2020-03-06T00:00:00.000Z,fb8pum,fjlttv4
CVE-2020-0688,PUBLISHED,microsoft,2020-02-11T21:22:59.000Z,2025-02-04T18:45:35.492Z,8.8,,CWE-287,remote,windows,Exchange Server,Known,Microsoft,1,2020-02-26T00:00:00.000Z,f9nchp,fitvg6j
CVE-2020-0688,PUBLISHED,microsoft,2020-02-11T21:22:59.000Z,2025-02-04T18:45:35.492Z,8.8,,CWE-287,remote,windows,Exchange Server,Known,Microsoft,49,2020-02-11T00:00:00.000Z,f1zjf7,fhc3qiv
CVE-2020-0688,PUBLISHED,microsoft,2020-02-11T21:22:59.000Z,2025-02-04T18:45:35.492Z,8.8,,CWE-287,remote,windows,Exchange Server,Known,Microsoft,20,2020-02-26T00:00:00.000Z,f9phxs,fit5plf
CVE-2020-0688,PUBLISHED,microsoft,2020-02-11T21:22:59.000Z,2025-02-04T18:45:35.492Z,8.8,,CWE-287,remote,windows,Exchange Server,Known,Microsoft,1,2020-02-27T00:00:00.000Z,f9phxs,fiw8iwy
CVE-2020-0688,PUBLISHED,microsoft,2020-02-11T21:22:59.000Z,2025-02-04T18:45:35.492Z,8.8,,CWE-287,remote,windows,Exchange Server,Known,Microsoft,1,2020-03-02T00:00:00.000Z,fc9d6r,fj9d5qv
CVE-2020-0688,PUBLISHED,microsoft,2020-02-11T21:22:59.000Z,2025-02-04T18:45:35.492Z,8.8,,CWE-287,remote,windows,Exchange Server,Known,Microsoft,1,2020-04-07T00:00:00.000Z,fwosoe,fmpxiiy
CVE-2020-0688,PUBLISHED,microsoft,2020-02-11T21:22:59.000Z,2025-02-04T18:45:35.492Z,8.8,,CWE-287,remote,windows,Exchange Server,Known,Microsoft,1,2020-04-23T00:00:00.000Z,g6ridn,fod0n5l
CVE-2020-0688,PUBLISHED,microsoft,2020-02-11T21:22:59.000Z,2025-02-04T18:45:35.492Z,8.8,,CWE-287,remote,windows,Exchange Server,Known,Microsoft,24,2021-11-10T00:00:00.000Z,qqj5w9,hk0qo1z
CVE-2020-0688,PUBLISHED,microsoft,2020-02-11T21:22:59.000Z,2025-02-04T18:45:35.492Z,8.8,,CWE-287,remote,windows,Exchange Server,Known,Microsoft,31,2020-02-29T00:00:00.000Z,fb8pum,
CVE-2020-0688,PUBLISHED,microsoft,2020-02-11T21:22:59.000Z,2025-02-04T18:45:35.492Z,8.8,,CWE-287,remote,windows,Exchange Server,Known,Microsoft,2,2020-02-12T00:00:00.000Z,f2qpdp,
CVE-2020-0688,PUBLISHED,microsoft,2020-02-11T21:22:59.000Z,2025-02-04T18:45:35.492Z,8.8,,CWE-287,remote,windows,Exchange Server,Known,Microsoft,1,2020-03-03T00:00:00.000Z,fd0odo,
CVE-2020-0689,PUBLISHED,microsoft,2020-02-11T21:22:59,2024-08-04T06:11:04.633Z,,,,,,,,,3,2020-02-11T00:00:00.000Z,f1zjf7,fhc2e8r
CVE-2020-0689,PUBLISHED,microsoft,2020-02-11T21:22:59,2024-08-04T06:11:04.633Z,,,,,,,,,10,2021-01-13T00:00:00.000Z,kvwtvk,gj3oxpm
CVE-2020-0710,PUBLISHED,microsoft,2020-02-11T21:23:07,2024-08-04T06:11:05.563Z,,,,,,,,,11,2020-02-25T00:00:00.000Z,f9az5v,fiqqg0f
CVE-2020-0765,PUBLISHED,microsoft,2020-03-12T15:48:06,2024-08-04T06:11:05.606Z,,,,,,,,,1,2020-03-12T00:00:00.000Z,fh538f,fkaf4yf
CVE-2020-0765,PUBLISHED,microsoft,2020-03-12T15:48:06,2024-08-04T06:11:05.606Z,,,,,,,,,6,2020-03-18T00:00:00.000Z,fkhcza,fksq5b0
CVE-2020-0765,PUBLISHED,microsoft,2020-03-12T15:48:06,2024-08-04T06:11:05.606Z,,,,,,,,,2,2020-03-22T00:00:00.000Z,fmh461,fl641iy
CVE-2020-0765,PUBLISHED,microsoft,2020-03-12T15:48:06,2024-08-04T06:11:05.606Z,,,,,,,,,5,2020-10-07T00:00:00.000Z,j6rgqz,g806or3
CVE-2020-0765,PUBLISHED,microsoft,2020-03-12T15:48:06,2024-08-04T06:11:05.606Z,,,,,,,,,0,2021-02-11T00:00:00.000Z,lhpwxk,gmyvwux
CVE-2020-0765,PUBLISHED,microsoft,2020-03-12T15:48:06,2024-08-04T06:11:05.606Z,,,,,,,,,1,2021-02-19T00:00:00.000Z,lnk4us,go0x9sc
CVE-2020-0765,PUBLISHED,microsoft,2020-03-12T15:48:06,2024-08-04T06:11:05.606Z,,,,,,,,,1,2022-06-24T00:00:00.000Z,spxso6,idiqjq7
CVE-2020-0765,PUBLISHED,microsoft,2020-03-12T15:48:06,2024-08-04T06:11:05.606Z,,,,,,,,,58,2020-03-11T00:00:00.000Z,fgw5p9,
CVE-2020-0768,PUBLISHED,microsoft,2020-03-12T15:48:07,2024-08-04T06:11:05.538Z,,,,,,,,,10,2020-03-17T00:00:00.000Z,fjykpe,
CVE-2020-0796,PUBLISHED,microsoft,2020-03-12T15:48:18.000Z,2025-02-04T15:33:35.076Z,,,CWE-119,dos,windows,SMBv3,Known,Microsoft,4,2020-03-30T00:00:00.000Z,frr3b7,flxsbc4
CVE-2020-0796,PUBLISHED,microsoft,2020-03-12T15:48:18.000Z,2025-02-04T15:33:35.076Z,,,CWE-119,dos,windows,SMBv3,Known,Microsoft,1,2020-03-17T00:00:00.000Z,fgr293,fkqypji
CVE-2020-0796,PUBLISHED,microsoft,2020-03-12T15:48:18.000Z,2025-02-04T15:33:35.076Z,,,CWE-119,dos,windows,SMBv3,Known,Microsoft,1,2020-03-09T00:00:00.000Z,feehqd,fk0mz3c
CVE-2020-0796,PUBLISHED,microsoft,2020-03-12T15:48:18.000Z,2025-02-04T15:33:35.076Z,,,CWE-119,dos,windows,SMBv3,Known,Microsoft,115,2020-03-10T00:00:00.000Z,fgiiiy,fk4xlzj
CVE-2020-0796,PUBLISHED,microsoft,2020-03-12T15:48:18.000Z,2025-02-04T15:33:35.076Z,,,CWE-119,dos,windows,SMBv3,Known,Microsoft,22,2020-03-10T00:00:00.000Z,fgiiiy,fk53pes
CVE-2020-0796,PUBLISHED,microsoft,2020-03-12T15:48:18.000Z,2025-02-04T15:33:35.076Z,,,CWE-119,dos,windows,SMBv3,Known,Microsoft,98,2020-03-10T00:00:00.000Z,fgiiiy,fk53q3s
CVE-2020-0796,PUBLISHED,microsoft,2020-03-12T15:48:18.000Z,2025-02-04T15:33:35.076Z,,,CWE-119,dos,windows,SMBv3,Known,Microsoft,19,2020-03-10T00:00:00.000Z,fgiiiy,fk5503o
CVE-2020-0796,PUBLISHED,microsoft,2020-03-12T15:48:18.000Z,2025-02-04T15:33:35.076Z,,,CWE-119,dos,windows,SMBv3,Known,Microsoft,82,2020-03-10T00:00:00.000Z,fgiiiy,fk570w6
CVE-2020-0796,PUBLISHED,microsoft,2020-03-12T15:48:18.000Z,2025-02-04T15:33:35.076Z,,,CWE-119,dos,windows,SMBv3,Known,Microsoft,62,2020-03-10T00:00:00.000Z,fgiiiy,fk57lzz
CVE-2020-0796,PUBLISHED,microsoft,2020-03-12T15:48:18.000Z,2025-02-04T15:33:35.076Z,,,CWE-119,dos,windows,SMBv3,Known,Microsoft,5,2020-03-10T00:00:00.000Z,fgiiiy,fk5efor
CVE-2020-0796,PUBLISHED,microsoft,2020-03-12T15:48:18.000Z,2025-02-04T15:33:35.076Z,,,CWE-119,dos,windows,SMBv3,Known,Microsoft,1,2020-03-11T00:00:00.000Z,feehqd,fk7eqv7
CVE-2020-0796,PUBLISHED,microsoft,2020-03-12T15:48:18.000Z,2025-02-04T15:33:35.076Z,,,CWE-119,dos,windows,SMBv3,Known,Microsoft,5,2020-03-12T00:00:00.000Z,fg4lux,fkb9htp
CVE-2020-0796,PUBLISHED,microsoft,2020-03-12T15:48:18.000Z,2025-02-04T15:33:35.076Z,,,CWE-119,dos,windows,SMBv3,Known,Microsoft,3,2020-03-12T00:00:00.000Z,fg4lux,fkc19ge
CVE-2020-0796,PUBLISHED,microsoft,2020-03-12T15:48:18.000Z,2025-02-04T15:33:35.076Z,,,CWE-119,dos,windows,SMBv3,Known,Microsoft,1,2020-03-12T00:00:00.000Z,fhi4st,fkccjiq
CVE-2020-0796,PUBLISHED,microsoft,2020-03-12T15:48:18.000Z,2025-02-04T15:33:35.076Z,,,CWE-119,dos,windows,SMBv3,Known,Microsoft,1,2020-03-12T00:00:00.000Z,fgiiiy,fkclgn2
CVE-2020-0796,PUBLISHED,microsoft,2020-03-12T15:48:18.000Z,2025-02-04T15:33:35.076Z,,,CWE-119,dos,windows,SMBv3,Known,Microsoft,4,2020-03-10T00:00:00.000Z,fgnbj3,
CVE-2020-0796,PUBLISHED,microsoft,2020-03-12T15:48:18.000Z,2025-02-04T15:33:35.076Z,,,CWE-119,dos,windows,SMBv3,Known,Microsoft,2,2020-03-12T00:00:00.000Z,fhl8c1,
CVE-2020-0796,PUBLISHED,microsoft,2020-03-12T15:48:18.000Z,2025-02-04T15:33:35.076Z,,,CWE-119,dos,windows,SMBv3,Known,Microsoft,45,2020-03-11T00:00:00.000Z,fgr293,
CVE-2020-0796,PUBLISHED,microsoft,2020-03-12T15:48:18.000Z,2025-02-04T15:33:35.076Z,,,CWE-119,dos,windows,SMBv3,Known,Microsoft,116,2020-03-12T00:00:00.000Z,fhi4st,
CVE-2020-0938,PUBLISHED,microsoft,2020-04-15T15:12:55.000Z,2025-02-04T18:43:58.749Z,,,CWE-787,,,Windows,Unknown,Microsoft,5,2020-04-14T00:00:00.000Z,g0uqta,fne5qx1
CVE-2020-0968,PUBLISHED,microsoft,2020-04-15T15:13:07.000Z,2025-02-07T15:17:54.359Z,,,CWE-787,,,Internet Explorer,Unknown,Microsoft,9,2020-10-01T00:00:00.000Z,j34gf4,
CVE-2020-0976,PUBLISHED,microsoft,2020-04-15T15:13:11,2024-08-04T06:18:03.624Z,,,,,,,,,1,2020-03-11T00:00:00.000Z,fgnbj3,fk6w5z9
CVE-2020-0976,PUBLISHED,microsoft,2020-04-15T15:13:11,2024-08-04T06:18:03.624Z,,,,,,,,,1,2020-03-11T00:00:00.000Z,fgnbj3,fk7f97z
CVE-2020-10148,PUBLISHED,certcc,2020-12-29T21:55:16.195722Z,2024-09-16T17:28:03.664Z,,,CWE-288,,,Orion,Unknown,SolarWinds,1,2020-12-27T00:00:00.000Z,kkpivk,gh5jfio
CVE-2020-10148,PUBLISHED,certcc,2020-12-29T21:55:16.195722Z,2024-09-16T17:28:03.664Z,,,CWE-288,,,Orion,Unknown,SolarWinds,3,2020-12-28T00:00:00.000Z,kkpivk,gha0a3c
CVE-2020-10189,PUBLISHED,mitre,2020-03-06T16:05:22.000Z,2025-02-04T20:01:49.278Z,9.8,3.0,CWE-502,remote,multiple,ManageEngine,Unknown,Zoho,1,2020-03-11T00:00:00.000Z,fel5a6,fk78of7
CVE-2020-10189,PUBLISHED,mitre,2020-03-06T16:05:22.000Z,2025-02-04T20:01:49.278Z,9.8,3.0,CWE-502,remote,multiple,ManageEngine,Unknown,Zoho,32,2020-03-09T00:00:00.000Z,ffux05,
CVE-2020-1020,PUBLISHED,microsoft,2020-04-15T15:13:27.000Z,2025-02-07T15:17:54.201Z,,,CWE-787,,,Windows,Unknown,Microsoft,3,2020-04-16T00:00:00.000Z,g0uqta,fnlg448
CVE-2020-1048,PUBLISHED,microsoft,2020-05-21T22:52:49,2024-08-04T06:25:00.847Z,,,,,,,,,0,2021-04-18T00:00:00.000Z,mt8kki,guzuado
CVE-2020-1048,PUBLISHED,microsoft,2020-05-21T22:52:49,2024-08-04T06:25:00.847Z,,,,,,,,,1,2020-05-14T00:00:00.000Z,ghzoop,fql643v
CVE-2020-1048,PUBLISHED,microsoft,2020-05-21T22:52:49,2024-08-04T06:25:00.847Z,,,,,,,,,1,2020-12-10T00:00:00.000Z,ka3r53,gfb5akb
CVE-2020-1048,PUBLISHED,microsoft,2020-05-21T22:52:49,2024-08-04T06:25:00.847Z,,,,,,,,,1,2020-12-09T00:00:00.000Z,ka3r53,
CVE-2020-1066,PUBLISHED,microsoft,2020-05-21T22:52:55,2024-08-04T06:25:00.865Z,,,,,,,,,2,2024-03-28T00:00:00.000Z,1bp2v7z,kwxybyd
CVE-2020-10713,PUBLISHED,redhat,2020-07-30T12:58:30,2024-08-04T11:14:14.235Z,,,,,,,,,1,2020-08-07T00:00:00.000Z,i54h0r,
CVE-2020-10713,PUBLISHED,redhat,2020-07-30T12:58:30,2024-08-04T11:14:14.235Z,,,,,,,,,1,2020-08-07T00:00:00.000Z,i5al89,
CVE-2020-11022,PUBLISHED,GitHub_M,2020-04-29T00:00:00,2024-08-04T11:21:14.453Z,6.9,3.1,CWE-79,webapps,multiple,,,,3,2021-10-16T00:00:00.000Z,q8wa0g,hgt8w5y
CVE-2020-11445,PUBLISHED,mitre,2020-04-01T03:57:55,2024-08-04T11:28:13.879Z,5.3,3.0,,,,,,,1,2020-04-15T00:00:00.000Z,g21xs8,fnizzvz
CVE-2020-1147,PUBLISHED,microsoft,2020-07-14T22:54:00.000Z,2025-02-04T19:34:41.282Z,,,,webapps,aspx,".NET Framework, SharePoint, Visual Studio",Unknown,Microsoft,11,2020-08-27T00:00:00.000Z,ihlz9v,
CVE-2020-11651,PUBLISHED,mitre,2020-04-30T16:58:09.000Z,2025-02-07T14:07:35.650Z,,,,remote,multiple,Salt,Unknown,SaltStack,1,2020-05-04T00:00:00.000Z,gcnqc1,fpg5i8u
CVE-2020-11651,PUBLISHED,mitre,2020-04-30T16:58:09.000Z,2025-02-07T14:07:35.650Z,,,,remote,multiple,Salt,Unknown,SaltStack,2,2020-09-17T00:00:00.000Z,iuaff1,
CVE-2020-11651,PUBLISHED,mitre,2020-04-30T16:58:09.000Z,2025-02-07T14:07:35.650Z,,,,remote,multiple,Salt,Unknown,SaltStack,16,2020-05-03T00:00:00.000Z,gcnqc1,
CVE-2020-1171,PUBLISHED,microsoft,2020-05-21T22:53:30,2024-08-04T06:25:01.296Z,,,,,,,,,0,2021-03-05T00:00:00.000Z,lxhhvf,gpr4rue
CVE-2020-11896,PUBLISHED,mitre,2020-06-17T10:21:31,2024-08-04T11:42:00.799Z,,,,,,,,,2,2020-06-19T00:00:00.000Z,hbe0n1,fvb88yh
CVE-2020-11901,PUBLISHED,mitre,2020-06-17T10:34:01,2024-08-04T11:42:00.815Z,,,,,,,,,1,2020-06-19T00:00:00.000Z,hbe0n1,fvauenu
CVE-2020-1206,PUBLISHED,microsoft,2020-06-09T19:43:23,2024-08-04T06:31:58.165Z,,,,,,,,,15,2020-06-10T00:00:00.000Z,gzydjv,ftk51i6
CVE-2020-1226,PUBLISHED,microsoft,2020-06-09T19:43:31,2024-08-04T06:32:00.373Z,,,,,,,,,10,2020-06-10T00:00:00.000Z,h0m678,
CVE-2020-12271,PUBLISHED,mitre,2020-04-27T04:00:01.000Z,2025-02-04T19:55:10.964Z,10.0,3.0,CWE-89,,,SFOS,Known,Sophos,8,2020-05-22T00:00:00.000Z,go3egz,frfrjbe
CVE-2020-12345,PUBLISHED,intel,2020-11-12T18:55:25,2024-08-04T11:56:51.263Z,,,,,,,,,2,2020-06-11T00:00:00.000Z,h0nilc,fto8g4u
CVE-2020-12351,PUBLISHED,intel,2020-11-23T16:15:38,2024-08-04T11:56:51.231Z,,,,remote,linux,,,,1,2021-04-08T00:00:00.000Z,mmqxld,gttih1c
CVE-2020-12440,REJECTED,mitre,2020-05-14T20:18:10,2020-05-20T14:26:18,,,,,,,,,2,2021-10-05T00:00:00.000Z,q1jnzg,hffgu9s
CVE-2020-12695,PUBLISHED,mitre,2020-06-08T16:45:04,2024-08-04T12:04:22.578Z,,,,,,,,,1,2022-01-09T00:00:00.000Z,rzmiv6,hrx43w1
CVE-2020-12695,PUBLISHED,mitre,2020-06-08T16:45:04,2024-08-04T12:04:22.578Z,,,,,,,,,1,2022-01-10T00:00:00.000Z,rzmiv6,hs249xz
CVE-2020-1291,PUBLISHED,microsoft,2020-06-09T19:43:55,2024-08-04T06:32:00.520Z,,,,,,,,,7,2020-06-10T00:00:00.000Z,h0m5q9,ftmyt7p
CVE-2020-1300,PUBLISHED,microsoft,2020-06-09T19:43:59,2024-08-04T06:31:59.777Z,,,,,,,,,1,2021-02-28T00:00:00.000Z,lsgu85,gp3pfag
CVE-2020-13169,PUBLISHED,mitre,2020-09-17T17:40:15,2024-08-04T12:11:19.323Z,,,,,,,,,39,2021-01-12T00:00:00.000Z,kvn8qv,gj0mioh
CVE-2020-1317,PUBLISHED,microsoft,2020-06-09T19:44:07,2024-08-04T06:32:00.747Z,,,,,,,,,10,2020-06-10T00:00:00.000Z,h06mk1,ftkrvxn
CVE-2020-1337,PUBLISHED,microsoft,2020-08-17T19:12:58,2024-08-04T06:32:01.371Z,7.8,3.1,,,,,,Microsoft,2,2020-08-12T00:00:00.000Z,i7wwt1,g18ol6n
CVE-2020-13428,PUBLISHED,mitre,2020-06-08T18:13:04,2024-08-04T12:18:18.469Z,,,,,,,,,49,2022-08-15T00:00:00.000Z,wp5uvd,ikf35zo
CVE-2020-13428,PUBLISHED,mitre,2020-06-08T18:13:04,2024-08-04T12:18:18.469Z,,,,,,,,,1,2024-07-17T00:00:00.000Z,1e5pw2n,ldnms8u
CVE-2020-1349,PUBLISHED,microsoft,2020-07-14T00:00:00,2024-08-04T06:32:01.478Z,,,,,,,,,1,2020-07-15T00:00:00.000Z,hrq0mn,fy5pfhc
CVE-2020-1349,PUBLISHED,microsoft,2020-07-14T00:00:00,2024-08-04T06:32:01.478Z,,,,,,,,,1,2020-07-29T00:00:00.000Z,hrq0mn,fzn9302
CVE-2020-1350,PUBLISHED,microsoft,2020-07-14T22:54:06.000Z,2025-02-07T16:38:21.353Z,,,,,,Windows,Unknown,Microsoft,7,2020-07-28T00:00:00.000Z,hzgjjw,fzjrjz0
CVE-2020-1350,PUBLISHED,microsoft,2020-07-14T22:54:06.000Z,2025-02-07T16:38:21.353Z,,,,,,Windows,Unknown,Microsoft,1,2020-07-14T00:00:00.000Z,hra13z,fy39i37
CVE-2020-1350,PUBLISHED,microsoft,2020-07-14T22:54:06.000Z,2025-02-07T16:38:21.353Z,,,,,,Windows,Unknown,Microsoft,-1,2020-07-14T00:00:00.000Z,hr6cn7,fy2tjij
CVE-2020-1350,PUBLISHED,microsoft,2020-07-14T22:54:06.000Z,2025-02-07T16:38:21.353Z,,,,,,Windows,Unknown,Microsoft,3,2020-07-16T00:00:00.000Z,hrwbva,fy79dmu
CVE-2020-1350,PUBLISHED,microsoft,2020-07-14T22:54:06.000Z,2025-02-07T16:38:21.353Z,,,,,,Windows,Unknown,Microsoft,18,2020-07-14T00:00:00.000Z,hr67jn,fy2z7wx
CVE-2020-1350,PUBLISHED,microsoft,2020-07-14T22:54:06.000Z,2025-02-07T16:38:21.353Z,,,,,,Windows,Unknown,Microsoft,1,2020-07-14T00:00:00.000Z,hr9oqb,fy389r8
CVE-2020-1350,PUBLISHED,microsoft,2020-07-14T22:54:06.000Z,2025-02-07T16:38:21.353Z,,,,,,Windows,Unknown,Microsoft,3,2021-03-03T00:00:00.000Z,lwnlzu,gpida9x
CVE-2020-1350,PUBLISHED,microsoft,2020-07-14T22:54:06.000Z,2025-02-07T16:38:21.353Z,,,,,,Windows,Unknown,Microsoft,52,2020-07-14T00:00:00.000Z,hr2eav,fy1xmdo
CVE-2020-1350,PUBLISHED,microsoft,2020-07-14T22:54:06.000Z,2025-02-07T16:38:21.353Z,,,,,,Windows,Unknown,Microsoft,259,2020-07-14T00:00:00.000Z,hr5dfe,fy1ydxb
CVE-2020-1350,PUBLISHED,microsoft,2020-07-14T22:54:06.000Z,2025-02-07T16:38:21.353Z,,,,,,Windows,Unknown,Microsoft,21,2020-07-14T00:00:00.000Z,hr5dfe,fy2s3xx
CVE-2020-1350,PUBLISHED,microsoft,2020-07-14T22:54:06.000Z,2025-02-07T16:38:21.353Z,,,,,,Windows,Unknown,Microsoft,2,2020-07-15T00:00:00.000Z,hr5dfe,fy4opbq
CVE-2020-1350,PUBLISHED,microsoft,2020-07-14T22:54:06.000Z,2025-02-07T16:38:21.353Z,,,,,,Windows,Unknown,Microsoft,1,2020-07-15T00:00:00.000Z,hr5dfe,fy5gkc9
CVE-2020-1350,PUBLISHED,microsoft,2020-07-14T22:54:06.000Z,2025-02-07T16:38:21.353Z,,,,,,Windows,Unknown,Microsoft,3,2020-07-15T00:00:00.000Z,hr2eav,fy6xx3w
CVE-2020-1350,PUBLISHED,microsoft,2020-07-14T22:54:06.000Z,2025-02-07T16:38:21.353Z,,,,,,Windows,Unknown,Microsoft,1,2020-07-17T00:00:00.000Z,hsp4dt,fyc15kg
CVE-2020-1350,PUBLISHED,microsoft,2020-07-14T22:54:06.000Z,2025-02-07T16:38:21.353Z,,,,,,Windows,Unknown,Microsoft,1,2020-07-17T00:00:00.000Z,hsp4dt,fycrxlb
CVE-2020-1350,PUBLISHED,microsoft,2020-07-14T22:54:06.000Z,2025-02-07T16:38:21.353Z,,,,,,Windows,Unknown,Microsoft,-9,2020-07-17T00:00:00.000Z,ht46e5,fyen7ms
CVE-2020-1350,PUBLISHED,microsoft,2020-07-14T22:54:06.000Z,2025-02-07T16:38:21.353Z,,,,,,Windows,Unknown,Microsoft,8,2020-07-20T00:00:00.000Z,huj0nd,fynsr79
CVE-2020-1350,PUBLISHED,microsoft,2020-07-14T22:54:06.000Z,2025-02-07T16:38:21.353Z,,,,,,Windows,Unknown,Microsoft,1,2020-07-21T00:00:00.000Z,hr2eav,fyreyou
CVE-2020-1350,PUBLISHED,microsoft,2020-07-14T22:54:06.000Z,2025-02-07T16:38:21.353Z,,,,,,Windows,Unknown,Microsoft,4,2020-07-22T00:00:00.000Z,hvdmwq,fyv5roe
CVE-2020-1350,PUBLISHED,microsoft,2020-07-14T22:54:06.000Z,2025-02-07T16:38:21.353Z,,,,,,Windows,Unknown,Microsoft,9,2020-07-22T00:00:00.000Z,hvdmwq,fyv6b1i
CVE-2020-1350,PUBLISHED,microsoft,2020-07-14T22:54:06.000Z,2025-02-07T16:38:21.353Z,,,,,,Windows,Unknown,Microsoft,1,2020-07-22T00:00:00.000Z,hvdmwq,fyvkl08
CVE-2020-1350,PUBLISHED,microsoft,2020-07-14T22:54:06.000Z,2025-02-07T16:38:21.353Z,,,,,,Windows,Unknown,Microsoft,1,2020-08-19T00:00:00.000Z,icwdxq,g25ml1q
CVE-2020-1350,PUBLISHED,microsoft,2020-07-14T22:54:06.000Z,2025-02-07T16:38:21.353Z,,,,,,Windows,Unknown,Microsoft,6,2021-03-11T00:00:00.000Z,m2prtj,gql8bi6
CVE-2020-1350,PUBLISHED,microsoft,2020-07-14T22:54:06.000Z,2025-02-07T16:38:21.353Z,,,,,,Windows,Unknown,Microsoft,3,2021-12-04T00:00:00.000Z,r8webv,hn8gs3o
CVE-2020-1350,PUBLISHED,microsoft,2020-07-14T22:54:06.000Z,2025-02-07T16:38:21.353Z,,,,,,Windows,Unknown,Microsoft,1,2023-02-06T00:00:00.000Z,10uo948,j7glm92
CVE-2020-1350,PUBLISHED,microsoft,2020-07-14T22:54:06.000Z,2025-02-07T16:38:21.353Z,,,,,,Windows,Unknown,Microsoft,3,2024-03-11T00:00:00.000Z,1bcffsi,
CVE-2020-1350,PUBLISHED,microsoft,2020-07-14T22:54:06.000Z,2025-02-07T16:38:21.353Z,,,,,,Windows,Unknown,Microsoft,8,2020-07-14T00:00:00.000Z,hra0ev,
CVE-2020-1350,PUBLISHED,microsoft,2020-07-14T22:54:06.000Z,2025-02-07T16:38:21.353Z,,,,,,Windows,Unknown,Microsoft,8,2020-07-16T00:00:00.000Z,hsjqdx,
CVE-2020-1350,PUBLISHED,microsoft,2020-07-14T22:54:06.000Z,2025-02-07T16:38:21.353Z,,,,,,Windows,Unknown,Microsoft,151,2020-07-21T00:00:00.000Z,hvdmwq,
CVE-2020-13529,PUBLISHED,talos,2021-05-10T15:08:34,2024-08-04T12:18:18.443Z,6.1,3.0,CWE-290,,,,,,3,2022-02-15T00:00:00.000Z,spxi3h,hx0mnrq
CVE-2020-13656,PUBLISHED,mitre,2020-06-12T22:26:29,2024-08-04T12:25:16.422Z,,,,,,,,,2,2020-06-13T00:00:00.000Z,h80gok,fuohpy2
CVE-2020-13699,PUBLISHED,mitre,2020-07-29T15:36:06,2024-08-04T12:25:16.515Z,,,,,,,,,73,2020-08-10T00:00:00.000Z,i73zsc,g0zob97
CVE-2020-13699,PUBLISHED,mitre,2020-07-29T15:36:06,2024-08-04T12:25:16.515Z,,,,,,,,,5,2020-08-10T00:00:00.000Z,i73zsc,g10gl23
CVE-2020-14181,PUBLISHED,atlassian,2020-09-17T00:35:13.239120Z,2024-09-16T21:57:12.718Z,,,,webapps,multiple,,,,5,2020-10-23T00:00:00.000Z,jgsthb,
CVE-2020-1425,PUBLISHED,microsoft,2020-07-27T18:50:12,2024-08-04T06:39:10.299Z,7.8,,,,,,,Microsoft,3,2020-07-01T00:00:00.000Z,hj8u0g,fwkzild
CVE-2020-1425,PUBLISHED,microsoft,2020-07-27T18:50:12,2024-08-04T06:39:10.299Z,7.8,,,,,,,Microsoft,1,2020-07-01T00:00:00.000Z,hjb8zj,fwmawla
CVE-2020-1425,PUBLISHED,microsoft,2020-07-27T18:50:12,2024-08-04T06:39:10.299Z,7.8,,,,,,,Microsoft,1,2020-07-02T00:00:00.000Z,hj8u0g,fwo2rls
CVE-2020-1425,PUBLISHED,microsoft,2020-07-27T18:50:12,2024-08-04T06:39:10.299Z,7.8,,,,,,,Microsoft,2,2020-07-02T00:00:00.000Z,hj8u0g,fwp6qf7
CVE-2020-1425,PUBLISHED,microsoft,2020-07-27T18:50:12,2024-08-04T06:39:10.299Z,7.8,,,,,,,Microsoft,7,2020-10-18T00:00:00.000Z,jdh29g,g986134
CVE-2020-1425,PUBLISHED,microsoft,2020-07-27T18:50:12,2024-08-04T06:39:10.299Z,7.8,,,,,,,Microsoft,23,2020-07-01T00:00:00.000Z,hjb8zj,
CVE-2020-14293,PUBLISHED,mitre,2020-10-02T08:14:49,2024-08-04T12:39:36.235Z,,,,,,,,,1,2020-09-28T00:00:00.000Z,j1esc2,g6yp8zf
CVE-2020-14318,PUBLISHED,redhat,2020-12-03T00:00:00,2024-10-29T13:52:19.151Z,,,CWE-266,,,,,,3,2021-01-26T00:00:00.000Z,l5kvot,gkvcdrc
CVE-2020-1472,PUBLISHED,microsoft,2020-08-17T19:13:05.000Z,2025-02-04T19:24:48.267Z,5.5,3.1,CWE-330,remote,windows,Netlogon,Known,Microsoft,2,2020-10-01T00:00:00.000Z,j38dja,g7a6emy
CVE-2020-1472,PUBLISHED,microsoft,2020-08-17T19:13:05.000Z,2025-02-04T19:24:48.267Z,5.5,3.1,CWE-330,remote,windows,Netlogon,Known,Microsoft,1,2020-09-20T00:00:00.000Z,iw4dwu,g5zva0s
CVE-2020-1472,PUBLISHED,microsoft,2020-08-17T19:13:05.000Z,2025-02-04T19:24:48.267Z,5.5,3.1,CWE-330,remote,windows,Netlogon,Known,Microsoft,1,2023-12-12T00:00:00.000Z,18gmjs8,kd2t9vw
CVE-2020-1472,PUBLISHED,microsoft,2020-08-17T19:13:05.000Z,2025-02-04T19:24:48.267Z,5.5,3.1,CWE-330,remote,windows,Netlogon,Known,Microsoft,19,2020-09-15T00:00:00.000Z,it4jvv,g5dikau
CVE-2020-1472,PUBLISHED,microsoft,2020-08-17T19:13:05.000Z,2025-02-04T19:24:48.267Z,5.5,3.1,CWE-330,remote,windows,Netlogon,Known,Microsoft,1,2020-09-20T00:00:00.000Z,iwd28f,g5yyb9o
CVE-2020-1472,PUBLISHED,microsoft,2020-08-17T19:13:05.000Z,2025-02-04T19:24:48.267Z,5.5,3.1,CWE-330,remote,windows,Netlogon,Known,Microsoft,1,2020-10-14T00:00:00.000Z,jal11d,g8spujx
CVE-2020-1472,PUBLISHED,microsoft,2020-08-17T19:13:05.000Z,2025-02-04T19:24:48.267Z,5.5,3.1,CWE-330,remote,windows,Netlogon,Known,Microsoft,12,2020-09-14T00:00:00.000Z,isk4fo,g58vl3n
CVE-2020-1472,PUBLISHED,microsoft,2020-08-17T19:13:05.000Z,2025-02-04T19:24:48.267Z,5.5,3.1,CWE-330,remote,windows,Netlogon,Known,Microsoft,11,2020-09-24T00:00:00.000Z,iyoovi,g6dyq3n
CVE-2020-1472,PUBLISHED,microsoft,2020-08-17T19:13:05.000Z,2025-02-04T19:24:48.267Z,5.5,3.1,CWE-330,remote,windows,Netlogon,Known,Microsoft,22,2020-09-24T00:00:00.000Z,iz6vvd,g6h37s3
CVE-2020-1472,PUBLISHED,microsoft,2020-08-17T19:13:05.000Z,2025-02-04T19:24:48.267Z,5.5,3.1,CWE-330,remote,windows,Netlogon,Known,Microsoft,3,2020-09-25T00:00:00.000Z,iz6vvd,g6iyra5
CVE-2020-1472,PUBLISHED,microsoft,2020-08-17T19:13:05.000Z,2025-02-04T19:24:48.267Z,5.5,3.1,CWE-330,remote,windows,Netlogon,Known,Microsoft,1,2020-09-29T00:00:00.000Z,iyoovi,g71l2jt
CVE-2020-1472,PUBLISHED,microsoft,2020-08-17T19:13:05.000Z,2025-02-04T19:24:48.267Z,5.5,3.1,CWE-330,remote,windows,Netlogon,Known,Microsoft,105,2020-12-09T00:00:00.000Z,k9dvgb,gf4cbzs
CVE-2020-1472,PUBLISHED,microsoft,2020-08-17T19:13:05.000Z,2025-02-04T19:24:48.267Z,5.5,3.1,CWE-330,remote,windows,Netlogon,Known,Microsoft,50,2020-08-11T00:00:00.000Z,i7ljqo,g14ccvs
CVE-2020-1472,PUBLISHED,microsoft,2020-08-17T19:13:05.000Z,2025-02-04T19:24:48.267Z,5.5,3.1,CWE-330,remote,windows,Netlogon,Known,Microsoft,3,2020-08-11T00:00:00.000Z,i7ljqo,g14vb1o
CVE-2020-1472,PUBLISHED,microsoft,2020-08-17T19:13:05.000Z,2025-02-04T19:24:48.267Z,5.5,3.1,CWE-330,remote,windows,Netlogon,Known,Microsoft,115,2020-08-12T00:00:00.000Z,i7ljqo,g16xux2
CVE-2020-1472,PUBLISHED,microsoft,2020-08-17T19:13:05.000Z,2025-02-04T19:24:48.267Z,5.5,3.1,CWE-330,remote,windows,Netlogon,Known,Microsoft,4,2020-08-12T00:00:00.000Z,i7yh5d,g17aduz
CVE-2020-1472,PUBLISHED,microsoft,2020-08-17T19:13:05.000Z,2025-02-04T19:24:48.267Z,5.5,3.1,CWE-330,remote,windows,Netlogon,Known,Microsoft,3,2020-08-12T00:00:00.000Z,i7ljqo,g18xcng
CVE-2020-1472,PUBLISHED,microsoft,2020-08-17T19:13:05.000Z,2025-02-04T19:24:48.267Z,5.5,3.1,CWE-330,remote,windows,Netlogon,Known,Microsoft,1,2020-09-01T00:00:00.000Z,ikgt0r,g3lv4z8
CVE-2020-1472,PUBLISHED,microsoft,2020-08-17T19:13:05.000Z,2025-02-04T19:24:48.267Z,5.5,3.1,CWE-330,remote,windows,Netlogon,Known,Microsoft,3,2020-09-14T00:00:00.000Z,isp1bp,g59jyj8
CVE-2020-1472,PUBLISHED,microsoft,2020-08-17T19:13:05.000Z,2025-02-04T19:24:48.267Z,5.5,3.1,CWE-330,remote,windows,Netlogon,Known,Microsoft,8,2020-09-14T00:00:00.000Z,isp1bp,g59llak
CVE-2020-1472,PUBLISHED,microsoft,2020-08-17T19:13:05.000Z,2025-02-04T19:24:48.267Z,5.5,3.1,CWE-330,remote,windows,Netlogon,Known,Microsoft,3,2020-09-14T00:00:00.000Z,isp1bp,g59o08n
CVE-2020-1472,PUBLISHED,microsoft,2020-08-17T19:13:05.000Z,2025-02-04T19:24:48.267Z,5.5,3.1,CWE-330,remote,windows,Netlogon,Known,Microsoft,12,2020-09-14T00:00:00.000Z,isp1bp,g59xz1t
CVE-2020-1472,PUBLISHED,microsoft,2020-08-17T19:13:05.000Z,2025-02-04T19:24:48.267Z,5.5,3.1,CWE-330,remote,windows,Netlogon,Known,Microsoft,21,2020-09-15T00:00:00.000Z,it9mon,g5d22c3
CVE-2020-1472,PUBLISHED,microsoft,2020-08-17T19:13:05.000Z,2025-02-04T19:24:48.267Z,5.5,3.1,CWE-330,remote,windows,Netlogon,Known,Microsoft,14,2020-09-15T00:00:00.000Z,it9mon,g5e0oq4
CVE-2020-1472,PUBLISHED,microsoft,2020-08-17T19:13:05.000Z,2025-02-04T19:24:48.267Z,5.5,3.1,CWE-330,remote,windows,Netlogon,Known,Microsoft,10,2020-09-15T00:00:00.000Z,it9mon,g5eyod1
CVE-2020-1472,PUBLISHED,microsoft,2020-08-17T19:13:05.000Z,2025-02-04T19:24:48.267Z,5.5,3.1,CWE-330,remote,windows,Netlogon,Known,Microsoft,15,2020-09-16T00:00:00.000Z,itpjaz,g5g20uj
CVE-2020-1472,PUBLISHED,microsoft,2020-08-17T19:13:05.000Z,2025-02-04T19:24:48.267Z,5.5,3.1,CWE-330,remote,windows,Netlogon,Known,Microsoft,2,2020-09-17T00:00:00.000Z,its4ib,g5l8d5v
CVE-2020-1472,PUBLISHED,microsoft,2020-08-17T19:13:05.000Z,2025-02-04T19:24:48.267Z,5.5,3.1,CWE-330,remote,windows,Netlogon,Known,Microsoft,2,2020-09-18T00:00:00.000Z,iurmcg,g5pb0iw
CVE-2020-1472,PUBLISHED,microsoft,2020-08-17T19:13:05.000Z,2025-02-04T19:24:48.267Z,5.5,3.1,CWE-330,remote,windows,Netlogon,Known,Microsoft,53,2020-09-20T00:00:00.000Z,iwczvy,g5z4fi6
CVE-2020-1472,PUBLISHED,microsoft,2020-08-17T19:13:05.000Z,2025-02-04T19:24:48.267Z,5.5,3.1,CWE-330,remote,windows,Netlogon,Known,Microsoft,11,2020-09-20T00:00:00.000Z,iweyp8,g5zzccs
CVE-2020-1472,PUBLISHED,microsoft,2020-08-17T19:13:05.000Z,2025-02-04T19:24:48.267Z,5.5,3.1,CWE-330,remote,windows,Netlogon,Known,Microsoft,10,2020-09-20T00:00:00.000Z,iwczvy,g6001yw
CVE-2020-1472,PUBLISHED,microsoft,2020-08-17T19:13:05.000Z,2025-02-04T19:24:48.267Z,5.5,3.1,CWE-330,remote,windows,Netlogon,Known,Microsoft,7,2020-09-20T00:00:00.000Z,iwczvy,g61l28c
CVE-2020-1472,PUBLISHED,microsoft,2020-08-17T19:13:05.000Z,2025-02-04T19:24:48.267Z,5.5,3.1,CWE-330,remote,windows,Netlogon,Known,Microsoft,4,2020-09-21T00:00:00.000Z,iwczvy,g623dod
CVE-2020-1472,PUBLISHED,microsoft,2020-08-17T19:13:05.000Z,2025-02-04T19:24:48.267Z,5.5,3.1,CWE-330,remote,windows,Netlogon,Known,Microsoft,1,2020-09-21T00:00:00.000Z,ix2vqt,g64r1m1
CVE-2020-1472,PUBLISHED,microsoft,2020-08-17T19:13:05.000Z,2025-02-04T19:24:48.267Z,5.5,3.1,CWE-330,remote,windows,Netlogon,Known,Microsoft,2,2020-09-22T00:00:00.000Z,ixpglu,g68zcae
CVE-2020-1472,PUBLISHED,microsoft,2020-08-17T19:13:05.000Z,2025-02-04T19:24:48.267Z,5.5,3.1,CWE-330,remote,windows,Netlogon,Known,Microsoft,0,2020-09-23T00:00:00.000Z,iy1kgz,g6a6efq
CVE-2020-1472,PUBLISHED,microsoft,2020-08-17T19:13:05.000Z,2025-02-04T19:24:48.267Z,5.5,3.1,CWE-330,remote,windows,Netlogon,Known,Microsoft,16,2020-09-23T00:00:00.000Z,iy3rpn,g6azc3e
CVE-2020-1472,PUBLISHED,microsoft,2020-08-17T19:13:05.000Z,2025-02-04T19:24:48.267Z,5.5,3.1,CWE-330,remote,windows,Netlogon,Known,Microsoft,1,2020-09-23T00:00:00.000Z,iwczvy,g6b4kxg
CVE-2020-1472,PUBLISHED,microsoft,2020-08-17T19:13:05.000Z,2025-02-04T19:24:48.267Z,5.5,3.1,CWE-330,remote,windows,Netlogon,Known,Microsoft,1,2020-09-23T00:00:00.000Z,ixw222,g6d346s
CVE-2020-1472,PUBLISHED,microsoft,2020-08-17T19:13:05.000Z,2025-02-04T19:24:48.267Z,5.5,3.1,CWE-330,remote,windows,Netlogon,Known,Microsoft,4,2020-09-24T00:00:00.000Z,iyowpo,g6fo8fp
CVE-2020-1472,PUBLISHED,microsoft,2020-08-17T19:13:05.000Z,2025-02-04T19:24:48.267Z,5.5,3.1,CWE-330,remote,windows,Netlogon,Known,Microsoft,2,2020-09-25T00:00:00.000Z,izlczh,g6k1muo
CVE-2020-1472,PUBLISHED,microsoft,2020-08-17T19:13:05.000Z,2025-02-04T19:24:48.267Z,5.5,3.1,CWE-330,remote,windows,Netlogon,Known,Microsoft,2,2020-09-29T00:00:00.000Z,j1nrh6,g71jyqo
CVE-2020-1472,PUBLISHED,microsoft,2020-08-17T19:13:05.000Z,2025-02-04T19:24:48.267Z,5.5,3.1,CWE-330,remote,windows,Netlogon,Known,Microsoft,1,2020-09-29T00:00:00.000Z,j1y3oz,g72a4zy
CVE-2020-1472,PUBLISHED,microsoft,2020-08-17T19:13:05.000Z,2025-02-04T19:24:48.267Z,5.5,3.1,CWE-330,remote,windows,Netlogon,Known,Microsoft,28,2020-10-04T00:00:00.000Z,j4q4m2,g7maa13
CVE-2020-1472,PUBLISHED,microsoft,2020-08-17T19:13:05.000Z,2025-02-04T19:24:48.267Z,5.5,3.1,CWE-330,remote,windows,Netlogon,Known,Microsoft,2,2020-10-04T00:00:00.000Z,j4q4m2,g7o2jun
CVE-2020-1472,PUBLISHED,microsoft,2020-08-17T19:13:05.000Z,2025-02-04T19:24:48.267Z,5.5,3.1,CWE-330,remote,windows,Netlogon,Known,Microsoft,1,2020-10-05T00:00:00.000Z,j4q4m2,g7rsgxt
CVE-2020-1472,PUBLISHED,microsoft,2020-08-17T19:13:05.000Z,2025-02-04T19:24:48.267Z,5.5,3.1,CWE-330,remote,windows,Netlogon,Known,Microsoft,-1,2020-10-07T00:00:00.000Z,j67z7r,g7yckd8
CVE-2020-1472,PUBLISHED,microsoft,2020-08-17T19:13:05.000Z,2025-02-04T19:24:48.267Z,5.5,3.1,CWE-330,remote,windows,Netlogon,Known,Microsoft,1,2020-10-07T00:00:00.000Z,j6u7ys,g80x6ja
CVE-2020-1472,PUBLISHED,microsoft,2020-08-17T19:13:05.000Z,2025-02-04T19:24:48.267Z,5.5,3.1,CWE-330,remote,windows,Netlogon,Known,Microsoft,47,2020-10-10T00:00:00.000Z,j8u68z,g8e0ep3
CVE-2020-1472,PUBLISHED,microsoft,2020-08-17T19:13:05.000Z,2025-02-04T19:24:48.267Z,5.5,3.1,CWE-330,remote,windows,Netlogon,Known,Microsoft,1,2020-10-11T00:00:00.000Z,j8u68z,g8fqohl
CVE-2020-1472,PUBLISHED,microsoft,2020-08-17T19:13:05.000Z,2025-02-04T19:24:48.267Z,5.5,3.1,CWE-330,remote,windows,Netlogon,Known,Microsoft,3,2020-10-11T00:00:00.000Z,j8u68z,g8fr2fo
CVE-2020-1472,PUBLISHED,microsoft,2020-08-17T19:13:05.000Z,2025-02-04T19:24:48.267Z,5.5,3.1,CWE-330,remote,windows,Netlogon,Known,Microsoft,1,2020-10-11T00:00:00.000Z,j8u68z,g8gxn1j
CVE-2020-1472,PUBLISHED,microsoft,2020-08-17T19:13:05.000Z,2025-02-04T19:24:48.267Z,5.5,3.1,CWE-330,remote,windows,Netlogon,Known,Microsoft,6,2020-10-11T00:00:00.000Z,j8u68z,g8gxuvv
CVE-2020-1472,PUBLISHED,microsoft,2020-08-17T19:13:05.000Z,2025-02-04T19:24:48.267Z,5.5,3.1,CWE-330,remote,windows,Netlogon,Known,Microsoft,1,2020-10-11T00:00:00.000Z,j8u68z,g8hoe6i
CVE-2020-1472,PUBLISHED,microsoft,2020-08-17T19:13:05.000Z,2025-02-04T19:24:48.267Z,5.5,3.1,CWE-330,remote,windows,Netlogon,Known,Microsoft,-1,2020-10-11T00:00:00.000Z,j8u68z,g8hohjy
CVE-2020-1472,PUBLISHED,microsoft,2020-08-17T19:13:05.000Z,2025-02-04T19:24:48.267Z,5.5,3.1,CWE-330,remote,windows,Netlogon,Known,Microsoft,0,2020-10-11T00:00:00.000Z,j8u68z,g8hoyrf
CVE-2020-1472,PUBLISHED,microsoft,2020-08-17T19:13:05.000Z,2025-02-04T19:24:48.267Z,5.5,3.1,CWE-330,remote,windows,Netlogon,Known,Microsoft,0,2020-10-11T00:00:00.000Z,j8u68z,g8hp3hr
CVE-2020-1472,PUBLISHED,microsoft,2020-08-17T19:13:05.000Z,2025-02-04T19:24:48.267Z,5.5,3.1,CWE-330,remote,windows,Netlogon,Known,Microsoft,1,2020-10-12T00:00:00.000Z,j9qtcm,g8m18u0
CVE-2020-1472,PUBLISHED,microsoft,2020-08-17T19:13:05.000Z,2025-02-04T19:24:48.267Z,5.5,3.1,CWE-330,remote,windows,Netlogon,Known,Microsoft,1,2020-10-14T00:00:00.000Z,jb2x1l,g8tvlay
CVE-2020-1472,PUBLISHED,microsoft,2020-08-17T19:13:05.000Z,2025-02-04T19:24:48.267Z,5.5,3.1,CWE-330,remote,windows,Netlogon,Known,Microsoft,3,2020-10-16T00:00:00.000Z,jadzeq,g91uu9b
CVE-2020-1472,PUBLISHED,microsoft,2020-08-17T19:13:05.000Z,2025-02-04T19:24:48.267Z,5.5,3.1,CWE-330,remote,windows,Netlogon,Known,Microsoft,-6,2020-10-19T00:00:00.000Z,jdh29g,g9apffg
CVE-2020-1472,PUBLISHED,microsoft,2020-08-17T19:13:05.000Z,2025-02-04T19:24:48.267Z,5.5,3.1,CWE-330,remote,windows,Netlogon,Known,Microsoft,1,2020-10-19T00:00:00.000Z,je2tau,g9ce0ej
CVE-2020-1472,PUBLISHED,microsoft,2020-08-17T19:13:05.000Z,2025-02-04T19:24:48.267Z,5.5,3.1,CWE-330,remote,windows,Netlogon,Known,Microsoft,1,2020-10-19T00:00:00.000Z,je2tau,g9chuh7
CVE-2020-1472,PUBLISHED,microsoft,2020-08-17T19:13:05.000Z,2025-02-04T19:24:48.267Z,5.5,3.1,CWE-330,remote,windows,Netlogon,Known,Microsoft,24,2021-01-17T00:00:00.000Z,kysqsc,gjj321f
CVE-2020-1472,PUBLISHED,microsoft,2020-08-17T19:13:05.000Z,2025-02-04T19:24:48.267Z,5.5,3.1,CWE-330,remote,windows,Netlogon,Known,Microsoft,72,2021-01-17T00:00:00.000Z,kysqsc,gjjwbv8
CVE-2020-1472,PUBLISHED,microsoft,2020-08-17T19:13:05.000Z,2025-02-04T19:24:48.267Z,5.5,3.1,CWE-330,remote,windows,Netlogon,Known,Microsoft,13,2021-01-17T00:00:00.000Z,kysqsc,gjm68rw
CVE-2020-1472,PUBLISHED,microsoft,2020-08-17T19:13:05.000Z,2025-02-04T19:24:48.267Z,5.5,3.1,CWE-330,remote,windows,Netlogon,Known,Microsoft,13,2021-01-17T00:00:00.000Z,kysqsc,gjm95qv
CVE-2020-1472,PUBLISHED,microsoft,2020-08-17T19:13:05.000Z,2025-02-04T19:24:48.267Z,5.5,3.1,CWE-330,remote,windows,Netlogon,Known,Microsoft,2,2021-01-17T00:00:00.000Z,kysqsc,gjmk9ty
CVE-2020-1472,PUBLISHED,microsoft,2020-08-17T19:13:05.000Z,2025-02-04T19:24:48.267Z,5.5,3.1,CWE-330,remote,windows,Netlogon,Known,Microsoft,2,2021-01-18T00:00:00.000Z,kzr4l8,gjpidwx
CVE-2020-1472,PUBLISHED,microsoft,2020-08-17T19:13:05.000Z,2025-02-04T19:24:48.267Z,5.5,3.1,CWE-330,remote,windows,Netlogon,Known,Microsoft,1,2021-01-19T00:00:00.000Z,kysqsc,gjti8ca
CVE-2020-1472,PUBLISHED,microsoft,2020-08-17T19:13:05.000Z,2025-02-04T19:24:48.267Z,5.5,3.1,CWE-330,remote,windows,Netlogon,Known,Microsoft,1,2021-01-19T00:00:00.000Z,l0gdri,gju9c1m
CVE-2020-1472,PUBLISHED,microsoft,2020-08-17T19:13:05.000Z,2025-02-04T19:24:48.267Z,5.5,3.1,CWE-330,remote,windows,Netlogon,Known,Microsoft,2,2021-01-27T00:00:00.000Z,l6bdpw,gkzoaqt
CVE-2020-1472,PUBLISHED,microsoft,2020-08-17T19:13:05.000Z,2025-02-04T19:24:48.267Z,5.5,3.1,CWE-330,remote,windows,Netlogon,Known,Microsoft,1,2021-01-28T00:00:00.000Z,l6bdpw,gl2e39z
CVE-2020-1472,PUBLISHED,microsoft,2020-08-17T19:13:05.000Z,2025-02-04T19:24:48.267Z,5.5,3.1,CWE-330,remote,windows,Netlogon,Known,Microsoft,1,2021-02-05T00:00:00.000Z,iwykuh,gm52hg9
CVE-2020-1472,PUBLISHED,microsoft,2020-08-17T19:13:05.000Z,2025-02-04T19:24:48.267Z,5.5,3.1,CWE-330,remote,windows,Netlogon,Known,Microsoft,6,2021-02-08T00:00:00.000Z,lfi15m,gmlx1th
CVE-2020-1472,PUBLISHED,microsoft,2020-08-17T19:13:05.000Z,2025-02-04T19:24:48.267Z,5.5,3.1,CWE-330,remote,windows,Netlogon,Known,Microsoft,2,2021-02-10T00:00:00.000Z,lgcbxu,gmtalvs
CVE-2020-1472,PUBLISHED,microsoft,2020-08-17T19:13:05.000Z,2025-02-04T19:24:48.267Z,5.5,3.1,CWE-330,remote,windows,Netlogon,Known,Microsoft,1,2021-02-10T00:00:00.000Z,lgcbxu,gmvn5wk
CVE-2020-1472,PUBLISHED,microsoft,2020-08-17T19:13:05.000Z,2025-02-04T19:24:48.267Z,5.5,3.1,CWE-330,remote,windows,Netlogon,Known,Microsoft,0,2021-02-16T00:00:00.000Z,llc7j1,gnomcpt
CVE-2020-1472,PUBLISHED,microsoft,2020-08-17T19:13:05.000Z,2025-02-04T19:24:48.267Z,5.5,3.1,CWE-330,remote,windows,Netlogon,Known,Microsoft,5,2021-02-18T00:00:00.000Z,lmrknz,gnxixl2
CVE-2020-1472,PUBLISHED,microsoft,2020-08-17T19:13:05.000Z,2025-02-04T19:24:48.267Z,5.5,3.1,CWE-330,remote,windows,Netlogon,Known,Microsoft,3,2023-01-26T00:00:00.000Z,10lht3a,j5xeo1m
CVE-2020-1472,PUBLISHED,microsoft,2020-08-17T19:13:05.000Z,2025-02-04T19:24:48.267Z,5.5,3.1,CWE-330,remote,windows,Netlogon,Known,Microsoft,6,2023-01-29T00:00:00.000Z,10o1wfw,j6c6qxn
CVE-2020-1472,PUBLISHED,microsoft,2020-08-17T19:13:05.000Z,2025-02-04T19:24:48.267Z,5.5,3.1,CWE-330,remote,windows,Netlogon,Known,Microsoft,1,2024-06-07T00:00:00.000Z,1da67rv,
CVE-2020-1472,PUBLISHED,microsoft,2020-08-17T19:13:05.000Z,2025-02-04T19:24:48.267Z,5.5,3.1,CWE-330,remote,windows,Netlogon,Known,Microsoft,7,2020-09-16T00:00:00.000Z,iu4fgx,
CVE-2020-1472,PUBLISHED,microsoft,2020-08-17T19:13:05.000Z,2025-02-04T19:24:48.267Z,5.5,3.1,CWE-330,remote,windows,Netlogon,Known,Microsoft,7,2020-10-10T00:00:00.000Z,j8bopc,
CVE-2020-1472,PUBLISHED,microsoft,2020-08-17T19:13:05.000Z,2025-02-04T19:24:48.267Z,5.5,3.1,CWE-330,remote,windows,Netlogon,Known,Microsoft,1,2022-03-31T00:00:00.000Z,tsol0v,
CVE-2020-1472,PUBLISHED,microsoft,2020-08-17T19:13:05.000Z,2025-02-04T19:24:48.267Z,5.5,3.1,CWE-330,remote,windows,Netlogon,Known,Microsoft,6,2023-06-08T00:00:00.000Z,144eqaa,
CVE-2020-1472,PUBLISHED,microsoft,2020-08-17T19:13:05.000Z,2025-02-04T19:24:48.267Z,5.5,3.1,CWE-330,remote,windows,Netlogon,Known,Microsoft,19,2020-10-06T00:00:00.000Z,j5z8zy,
CVE-2020-1472,PUBLISHED,microsoft,2020-08-17T19:13:05.000Z,2025-02-04T19:24:48.267Z,5.5,3.1,CWE-330,remote,windows,Netlogon,Known,Microsoft,47,2020-08-12T00:00:00.000Z,i8ct95,
CVE-2020-1472,PUBLISHED,microsoft,2020-08-17T19:13:05.000Z,2025-02-04T19:24:48.267Z,5.5,3.1,CWE-330,remote,windows,Netlogon,Known,Microsoft,120,2020-08-11T00:00:00.000Z,i7yh5d,
CVE-2020-1472,PUBLISHED,microsoft,2020-08-17T19:13:05.000Z,2025-02-04T19:24:48.267Z,5.5,3.1,CWE-330,remote,windows,Netlogon,Known,Microsoft,2,2020-08-25T00:00:00.000Z,iggo7z,
CVE-2020-1472,PUBLISHED,microsoft,2020-08-17T19:13:05.000Z,2025-02-04T19:24:48.267Z,5.5,3.1,CWE-330,remote,windows,Netlogon,Known,Microsoft,2,2020-08-31T00:00:00.000Z,ijx7yz,
CVE-2020-1472,PUBLISHED,microsoft,2020-08-17T19:13:05.000Z,2025-02-04T19:24:48.267Z,5.5,3.1,CWE-330,remote,windows,Netlogon,Known,Microsoft,34,2020-09-16T00:00:00.000Z,its4ib,
CVE-2020-1472,PUBLISHED,microsoft,2020-08-17T19:13:05.000Z,2025-02-04T19:24:48.267Z,5.5,3.1,CWE-330,remote,windows,Netlogon,Known,Microsoft,6,2020-09-17T00:00:00.000Z,iupi4k,
CVE-2020-1472,PUBLISHED,microsoft,2020-08-17T19:13:05.000Z,2025-02-04T19:24:48.267Z,5.5,3.1,CWE-330,remote,windows,Netlogon,Known,Microsoft,1148,2020-09-20T00:00:00.000Z,iwczvy,
CVE-2020-1472,PUBLISHED,microsoft,2020-08-17T19:13:05.000Z,2025-02-04T19:24:48.267Z,5.5,3.1,CWE-330,remote,windows,Netlogon,Known,Microsoft,95,2020-09-20T00:00:00.000Z,iweyp8,
CVE-2020-1472,PUBLISHED,microsoft,2020-08-17T19:13:05.000Z,2025-02-04T19:24:48.267Z,5.5,3.1,CWE-330,remote,windows,Netlogon,Known,Microsoft,6,2020-09-21T00:00:00.000Z,iwykuh,
CVE-2020-1472,PUBLISHED,microsoft,2020-08-17T19:13:05.000Z,2025-02-04T19:24:48.267Z,5.5,3.1,CWE-330,remote,windows,Netlogon,Known,Microsoft,35,2020-09-21T00:00:00.000Z,ix0xl1,
CVE-2020-1472,PUBLISHED,microsoft,2020-08-17T19:13:05.000Z,2025-02-04T19:24:48.267Z,5.5,3.1,CWE-330,remote,windows,Netlogon,Known,Microsoft,8,2020-09-22T00:00:00.000Z,ixw222,
CVE-2020-1472,PUBLISHED,microsoft,2020-08-17T19:13:05.000Z,2025-02-04T19:24:48.267Z,5.5,3.1,CWE-330,remote,windows,Netlogon,Known,Microsoft,11,2020-09-22T00:00:00.000Z,ixxdnf,
CVE-2020-1472,PUBLISHED,microsoft,2020-08-17T19:13:05.000Z,2025-02-04T19:24:48.267Z,5.5,3.1,CWE-330,remote,windows,Netlogon,Known,Microsoft,74,2020-09-23T00:00:00.000Z,iy3rpn,
CVE-2020-1472,PUBLISHED,microsoft,2020-08-17T19:13:05.000Z,2025-02-04T19:24:48.267Z,5.5,3.1,CWE-330,remote,windows,Netlogon,Known,Microsoft,27,2020-09-24T00:00:00.000Z,iyowpo,
CVE-2020-1472,PUBLISHED,microsoft,2020-08-17T19:13:05.000Z,2025-02-04T19:24:48.267Z,5.5,3.1,CWE-330,remote,windows,Netlogon,Known,Microsoft,2,2020-09-25T00:00:00.000Z,izk7k2,
CVE-2020-1472,PUBLISHED,microsoft,2020-08-17T19:13:05.000Z,2025-02-04T19:24:48.267Z,5.5,3.1,CWE-330,remote,windows,Netlogon,Known,Microsoft,15,2020-09-29T00:00:00.000Z,j1y3oz,
CVE-2020-1472,PUBLISHED,microsoft,2020-08-17T19:13:05.000Z,2025-02-04T19:24:48.267Z,5.5,3.1,CWE-330,remote,windows,Netlogon,Known,Microsoft,4,2020-09-29T00:00:00.000Z,j204tq,
CVE-2020-1472,PUBLISHED,microsoft,2020-08-17T19:13:05.000Z,2025-02-04T19:24:48.267Z,5.5,3.1,CWE-330,remote,windows,Netlogon,Known,Microsoft,567,2020-10-04T00:00:00.000Z,j4q4m2,
CVE-2020-1472,PUBLISHED,microsoft,2020-08-17T19:13:05.000Z,2025-02-04T19:24:48.267Z,5.5,3.1,CWE-330,remote,windows,Netlogon,Known,Microsoft,3,2020-10-06T00:00:00.000Z,j67z7r,
CVE-2020-1472,PUBLISHED,microsoft,2020-08-17T19:13:05.000Z,2025-02-04T19:24:48.267Z,5.5,3.1,CWE-330,remote,windows,Netlogon,Known,Microsoft,1,2020-10-14T00:00:00.000Z,jb2x1l,
CVE-2020-1472,PUBLISHED,microsoft,2020-08-17T19:13:05.000Z,2025-02-04T19:24:48.267Z,5.5,3.1,CWE-330,remote,windows,Netlogon,Known,Microsoft,6,2020-11-20T00:00:00.000Z,jxougu,
CVE-2020-1472,PUBLISHED,microsoft,2020-08-17T19:13:05.000Z,2025-02-04T19:24:48.267Z,5.5,3.1,CWE-330,remote,windows,Netlogon,Known,Microsoft,1209,2021-01-16T00:00:00.000Z,kysqsc,
CVE-2020-1472,PUBLISHED,microsoft,2020-08-17T19:13:05.000Z,2025-02-04T19:24:48.267Z,5.5,3.1,CWE-330,remote,windows,Netlogon,Known,Microsoft,13,2021-01-19T00:00:00.000Z,l0gdri,
CVE-2020-1472,PUBLISHED,microsoft,2020-08-17T19:13:05.000Z,2025-02-04T19:24:48.267Z,5.5,3.1,CWE-330,remote,windows,Netlogon,Known,Microsoft,2,2021-01-27T00:00:00.000Z,l6bdpw,
CVE-2020-1472,PUBLISHED,microsoft,2020-08-17T19:13:05.000Z,2025-02-04T19:24:48.267Z,5.5,3.1,CWE-330,remote,windows,Netlogon,Known,Microsoft,20,2021-02-02T00:00:00.000Z,laul05,
CVE-2020-1472,PUBLISHED,microsoft,2020-08-17T19:13:05.000Z,2025-02-04T19:24:48.267Z,5.5,3.1,CWE-330,remote,windows,Netlogon,Known,Microsoft,1,2021-02-09T00:00:00.000Z,lg41kx,
CVE-2020-1472,PUBLISHED,microsoft,2020-08-17T19:13:05.000Z,2025-02-04T19:24:48.267Z,5.5,3.1,CWE-330,remote,windows,Netlogon,Known,Microsoft,1,2022-04-01T00:00:00.000Z,tthcer,
CVE-2020-1472,PUBLISHED,microsoft,2020-08-17T19:13:05.000Z,2025-02-04T19:24:48.267Z,5.5,3.1,CWE-330,remote,windows,Netlogon,Known,Microsoft,1,2024-01-09T00:00:00.000Z,192agty,
CVE-2020-14750,PUBLISHED,oracle,2020-11-01T23:50:13,2024-09-26T18:40:51.085Z,9.8,3.1,,,,WebLogic Server,Unknown,Oracle,2,2020-11-03T00:00:00.000Z,jk9ym1,gaylob8
CVE-2020-14750,PUBLISHED,oracle,2020-11-01T23:50:13,2024-09-26T18:40:51.085Z,9.8,3.1,,,,WebLogic Server,Unknown,Oracle,3,2020-11-02T00:00:00.000Z,jmyld2,
CVE-2020-14871,PUBLISHED,oracle,2020-10-21T14:04:29,2024-08-04T13:00:51.576Z,10.0,3.1,CWE-787,remote,solaris,Solaris and Zettabyte File System (ZFS),Unknown,Oracle,3,2020-11-03T00:00:00.000Z,jndbtx,gb0nbh2
CVE-2020-14871,PUBLISHED,oracle,2020-10-21T14:04:29,2024-08-04T13:00:51.576Z,10.0,3.1,CWE-787,remote,solaris,Solaris and Zettabyte File System (ZFS),Unknown,Oracle,3,2020-11-03T00:00:00.000Z,jndbtx,gb1vpp4
CVE-2020-14871,PUBLISHED,oracle,2020-10-21T14:04:29,2024-08-04T13:00:51.576Z,10.0,3.1,CWE-787,remote,solaris,Solaris and Zettabyte File System (ZFS),Unknown,Oracle,3,2021-09-18T00:00:00.000Z,pq9yn4,hdb0o1z
CVE-2020-14871,PUBLISHED,oracle,2020-10-21T14:04:29,2024-08-04T13:00:51.576Z,10.0,3.1,CWE-787,remote,solaris,Solaris and Zettabyte File System (ZFS),Unknown,Oracle,780,2020-11-02T00:00:00.000Z,jmyqv8,
CVE-2020-14882,PUBLISHED,oracle,2020-10-21T14:04:30,2024-09-26T18:42:48.363Z,9.8,3.1,,webapps,java,WebLogic Server,Unknown,Oracle,2,2020-12-31T00:00:00.000Z,kmidks,ghkivi3
CVE-2020-14882,PUBLISHED,oracle,2020-10-21T14:04:30,2024-09-26T18:42:48.363Z,9.8,3.1,,webapps,java,WebLogic Server,Unknown,Oracle,1,2020-10-30T00:00:00.000Z,jkp22s,galy22p
CVE-2020-14882,PUBLISHED,oracle,2020-10-21T14:04:30,2024-09-26T18:42:48.363Z,9.8,3.1,,webapps,java,WebLogic Server,Unknown,Oracle,3,2020-10-30T00:00:00.000Z,jkp22s,gamehjk
CVE-2020-14882,PUBLISHED,oracle,2020-10-21T14:04:30,2024-09-26T18:42:48.363Z,9.8,3.1,,webapps,java,WebLogic Server,Unknown,Oracle,373,2020-10-30T00:00:00.000Z,jkp22s,
CVE-2020-15069,PUBLISHED,mitre,2020-06-29T17:30:18.000Z,2025-02-10T18:10:48.845Z,,,CWE-120,,,XG Firewall,Unknown,Sophos,8,2020-06-27T00:00:00.000Z,hgja6r,
CVE-2020-15228,PUBLISHED,GitHub_M,2020-10-01T17:25:12,2024-08-04T13:08:22.896Z,3.5,3.1,CWE-20,,,,,,97,2020-11-03T00:00:00.000Z,jnc5fw,gb0mvxb
CVE-2020-1530,PUBLISHED,microsoft,2020-08-17T19:13:28,2024-08-04T06:39:10.388Z,7.8,3.1,,,,,,,2,2020-08-20T00:00:00.000Z,idhqie,
CVE-2020-15505,PUBLISHED,mitre,2020-07-07T01:43:52.000Z,2025-02-04T19:54:46.962Z,,,CWE-706,,,MobileIron Multiple Products,Unknown,Ivanti,3,2020-09-13T00:00:00.000Z,iraw75,g55gbsq
CVE-2020-1568,PUBLISHED,microsoft,2020-08-17T19:13:45,2024-08-04T06:39:10.544Z,7.5,3.1,,,,,,,2,2021-08-27T00:00:00.000Z,p69h99,hamb3nh
CVE-2020-15680,PUBLISHED,mozilla,2020-10-22T20:32:46,2024-08-04T13:22:30.785Z,,,,,,,,,59,2020-12-04T00:00:00.000Z,k6hy49,gem3xak
CVE-2020-15778,PUBLISHED,mitre,2020-07-24T00:00:00,2024-08-04T13:22:30.831Z,,,,,,,,,1,2022-06-16T00:00:00.000Z,vdhg5r,ickk5yk
CVE-2020-15778,PUBLISHED,mitre,2020-07-24T00:00:00,2024-08-04T13:22:30.831Z,,,,,,,,,1,2022-06-25T00:00:00.000Z,vklle8,idq7w5u
CVE-2020-15778,PUBLISHED,mitre,2020-07-24T00:00:00,2024-08-04T13:22:30.831Z,,,,,,,,,4,2022-06-25T00:00:00.000Z,vklle8,idqa7n3
CVE-2020-15865,PUBLISHED,mitre,2020-08-18T20:02:51,2024-08-04T13:30:23.051Z,,,,,,,,,2,2020-11-29T00:00:00.000Z,k315tc,ge33aji
CVE-2020-15909,PUBLISHED,mitre,2020-10-19T12:57:26,2024-08-04T13:30:22.986Z,,,,,,,,,-3,2020-10-13T00:00:00.000Z,ja8i23,g8qgczs
CVE-2020-15910,PUBLISHED,mitre,2020-10-19T12:57:26,2024-08-04T13:30:23.240Z,,,,,,,,,2,2020-10-13T00:00:00.000Z,ja8i23,g8oqzun
CVE-2020-1596,PUBLISHED,microsoft,2020-09-11T17:09:27,2024-08-04T06:39:10.699Z,5.4,3.1,,,,,,,3,2022-05-18T00:00:00.000Z,us8vsg,
CVE-2020-1599,PUBLISHED,microsoft,2020-11-11T06:48:40,2024-09-10T15:51:28.468Z,5.5,3.1,,,,,,,1,2022-01-20T00:00:00.000Z,s7vwnw,hthj18r
CVE-2020-15999,PUBLISHED,Chrome,2020-11-03T00:00:00.000Z,2025-02-04T15:00:34.972Z,,,CWE-787,,,Chrome FreeType,Unknown,Google,1,2020-11-27T00:00:00.000Z,k1pdj8,gdr48z6
CVE-2020-15999,PUBLISHED,Chrome,2020-11-03T00:00:00.000Z,2025-02-04T15:00:34.972Z,,,CWE-787,,,Chrome FreeType,Unknown,Google,55,2021-03-21T00:00:00.000Z,m9f5o1,grohr29
CVE-2020-15999,PUBLISHED,Chrome,2020-11-03T00:00:00.000Z,2025-02-04T15:00:34.972Z,,,CWE-787,,,Chrome FreeType,Unknown,Google,1,2021-04-23T00:00:00.000Z,mt52p3,gvkgcq6
CVE-2020-15999,PUBLISHED,Chrome,2020-11-03T00:00:00.000Z,2025-02-04T15:00:34.972Z,,,CWE-787,,,Chrome FreeType,Unknown,Google,11,2020-11-02T00:00:00.000Z,jm85hw,gaux6ha
CVE-2020-16009,PUBLISHED,Chrome,2020-11-03T02:21:47.000Z,2025-01-29T16:56:21.964Z,,,"CWE-787, CWE-843",,,Chromium V8,Unknown,Google,1,2020-11-29T00:00:00.000Z,k315tc,gdzxul8
CVE-2020-16009,PUBLISHED,Chrome,2020-11-03T02:21:47.000Z,2025-01-29T16:56:21.964Z,,,"CWE-787, CWE-843",,,Chromium V8,Unknown,Google,1,2020-11-30T00:00:00.000Z,k315tc,ge6k7r7
CVE-2020-16592,PUBLISHED,mitre,2020-12-09T21:05:46,2024-08-04T13:45:33.147Z,,,,,,,,,1,2021-12-09T00:00:00.000Z,rbw73k,hnumpk8
CVE-2020-1666,PUBLISHED,juniper,2020-10-16T20:31:28.221200Z,2024-09-16T23:41:44.097Z,6.6,3.1,CWE-284,,,,,,1,2019-09-14T00:00:00.000Z,d3p33e,f08nrxj
CVE-2020-16875,PUBLISHED,microsoft,2020-09-11T17:08:47,2024-08-04T13:45:34.048Z,8.4,3.1,,,,,,,6,2020-09-09T00:00:00.000Z,ionjq4,g4j8hs5
CVE-2020-16898,PUBLISHED,microsoft,2020-10-16T22:17:40,2024-08-04T13:45:34.539Z,8.8,3.1,,,,,,,1,2020-10-14T00:00:00.000Z,jakhco,g8ro4z5
CVE-2020-16898,PUBLISHED,microsoft,2020-10-16T22:17:40,2024-08-04T13:45:34.539Z,8.8,3.1,,,,,,,21,2020-10-13T00:00:00.000Z,jajcff,g8q20h2
CVE-2020-16898,PUBLISHED,microsoft,2020-10-16T22:17:40,2024-08-04T13:45:34.539Z,8.8,3.1,,,,,,,3,2020-10-14T00:00:00.000Z,jb43w3,g8tisrv
CVE-2020-16898,PUBLISHED,microsoft,2020-10-16T22:17:40,2024-08-04T13:45:34.539Z,8.8,3.1,,,,,,,39,2021-01-06T00:00:00.000Z,kr8def,gi9lo56
CVE-2020-16898,PUBLISHED,microsoft,2020-10-16T22:17:40,2024-08-04T13:45:34.539Z,8.8,3.1,,,,,,,24,2020-10-13T00:00:00.000Z,jadzeq,g8pu0ae
CVE-2020-16898,PUBLISHED,microsoft,2020-10-16T22:17:40,2024-08-04T13:45:34.539Z,8.8,3.1,,,,,,,14,2020-10-13T00:00:00.000Z,jampd7,g8qgsk2
CVE-2020-16898,PUBLISHED,microsoft,2020-10-16T22:17:40,2024-08-04T13:45:34.539Z,8.8,3.1,,,,,,,2,2020-10-14T00:00:00.000Z,jampd7,g8u93df
CVE-2020-16898,PUBLISHED,microsoft,2020-10-16T22:17:40,2024-08-04T13:45:34.539Z,8.8,3.1,,,,,,,1,2020-10-15T00:00:00.000Z,jbima3,g8vu7gw
CVE-2020-16898,PUBLISHED,microsoft,2020-10-16T22:17:40,2024-08-04T13:45:34.539Z,8.8,3.1,,,,,,,-3,2023-12-18T00:00:00.000Z,18kwc3c,kdv25ny
CVE-2020-16898,PUBLISHED,microsoft,2020-10-16T22:17:40,2024-08-04T13:45:34.539Z,8.8,3.1,,,,,,,1,2024-01-22T00:00:00.000Z,18kwc3c,kizg7jv
CVE-2020-16898,PUBLISHED,microsoft,2020-10-16T22:17:40,2024-08-04T13:45:34.539Z,8.8,3.1,,,,,,,11,2024-08-14T00:00:00.000Z,1es09xf,li41kwk
CVE-2020-16898,PUBLISHED,microsoft,2020-10-16T22:17:40,2024-08-04T13:45:34.539Z,8.8,3.1,,,,,,,53,2020-10-13T00:00:00.000Z,jakajv,
CVE-2020-16899,PUBLISHED,microsoft,2020-10-16T22:17:41,2024-08-04T13:45:34.590Z,7.5,3.1,,,,,,,5,2020-10-17T00:00:00.000Z,jcgf45,g92wua1
CVE-2020-16947,PUBLISHED,microsoft,2020-10-16T00:00:00,2024-08-04T13:45:34.712Z,7.5,3.1,,,,,,Microsoft,2,2020-10-16T00:00:00.000Z,jadzeq,g918ca8
CVE-2020-16947,PUBLISHED,microsoft,2020-10-16T00:00:00,2024-08-04T13:45:34.712Z,7.5,3.1,,,,,,Microsoft,1,2024-01-30T00:00:00.000Z,1aea80c,kk8nwee
CVE-2020-16951,PUBLISHED,microsoft,2020-10-16T22:18:03,2024-08-04T13:45:34.836Z,8.6,3.1,,,,,,,7,2020-10-15T00:00:00.000Z,jadzeq,g8vjs7f
CVE-2020-16952,PUBLISHED,microsoft,2020-10-16T22:18:03,2024-08-04T13:45:34.837Z,8.6,3.1,,,,,,,1,2020-10-14T00:00:00.000Z,jal83d,g8rni7y
CVE-2020-16952,PUBLISHED,microsoft,2020-10-16T22:18:03,2024-08-04T13:45:34.837Z,8.6,3.1,,,,,,,8,2020-10-22T00:00:00.000Z,jfowpg,g9mzpzm
CVE-2020-1698,PUBLISHED,redhat,2020-05-11T13:00:18,2024-08-04T06:46:29.965Z,5.0,3.1,CWE-200,,,,,,4,2020-11-10T00:00:00.000Z,jrflat,gbt8r5v
CVE-2020-17022,PUBLISHED,microsoft,2020-10-16T22:18:12,2024-08-04T13:45:34.874Z,7.8,3.1,,,,,,,15,2020-10-18T00:00:00.000Z,jdh29g,g98ati7
CVE-2020-17022,PUBLISHED,microsoft,2020-10-16T22:18:12,2024-08-04T13:45:34.874Z,7.8,3.1,,,,,,,6,2020-10-18T00:00:00.000Z,jdh29g,g99m70w
CVE-2020-17022,PUBLISHED,microsoft,2020-10-16T22:18:12,2024-08-04T13:45:34.874Z,7.8,3.1,,,,,,,2,2020-10-16T00:00:00.000Z,jc9xgm,
CVE-2020-17022,PUBLISHED,microsoft,2020-10-16T22:18:12,2024-08-04T13:45:34.874Z,7.8,3.1,,,,,,,26,2020-10-18T00:00:00.000Z,jdbdyj,
CVE-2020-17022,PUBLISHED,microsoft,2020-10-16T22:18:12,2024-08-04T13:45:34.874Z,7.8,3.1,,,,,,,196,2020-10-18T00:00:00.000Z,jdh29g,
CVE-2020-17022,PUBLISHED,microsoft,2020-10-16T22:18:12,2024-08-04T13:45:34.874Z,7.8,3.1,,,,,,,3,2020-10-22T00:00:00.000Z,jg033w,
CVE-2020-17049,PUBLISHED,microsoft,2020-11-11T00:00:00,2024-11-15T16:12:52.309Z,6.6,3.1,,,,,,,7,2020-11-13T00:00:00.000Z,jrflat,gc5ceah
CVE-2020-17049,PUBLISHED,microsoft,2020-11-11T00:00:00,2024-11-15T16:12:52.309Z,6.6,3.1,,,,,,,9,2020-11-17T00:00:00.000Z,jvvp4r,gcmeuln
CVE-2020-17049,PUBLISHED,microsoft,2020-11-11T00:00:00,2024-11-15T16:12:52.309Z,6.6,3.1,,,,,,,1,2020-11-20T00:00:00.000Z,jxs0m9,gcyq69q
CVE-2020-17049,PUBLISHED,microsoft,2020-11-11T00:00:00,2024-11-15T16:12:52.309Z,6.6,3.1,,,,,,,1,2020-11-21T00:00:00.000Z,jrflat,gd0qvad
CVE-2020-17049,PUBLISHED,microsoft,2020-11-11T00:00:00,2024-11-15T16:12:52.309Z,6.6,3.1,,,,,,,3,2020-11-21T00:00:00.000Z,jy5jj1,gd0v7d8
CVE-2020-17049,PUBLISHED,microsoft,2020-11-11T00:00:00,2024-11-15T16:12:52.309Z,6.6,3.1,,,,,,,3,2021-05-21T00:00:00.000Z,n9obtj,gyy4xg7
CVE-2020-17049,PUBLISHED,microsoft,2020-11-11T00:00:00,2024-11-15T16:12:52.309Z,6.6,3.1,,,,,,,71,2023-11-22T00:00:00.000Z,181fmim,kacd29c
CVE-2020-17049,PUBLISHED,microsoft,2020-11-11T00:00:00,2024-11-15T16:12:52.309Z,6.6,3.1,,,,,,,1,2020-11-20T00:00:00.000Z,jxs0m9,
CVE-2020-17087,PUBLISHED,microsoft,2020-11-11T06:48:33.000Z,2025-02-04T19:23:54.573Z,7.8,3.1,CWE-131,,,Windows,Unknown,Microsoft,3,2020-10-31T00:00:00.000Z,jl7cop,gaqisxu
CVE-2020-17087,PUBLISHED,microsoft,2020-11-11T06:48:33.000Z,2025-02-04T19:23:54.573Z,7.8,3.1,CWE-131,,,Windows,Unknown,Microsoft,1,2020-11-03T00:00:00.000Z,jm85hw,gb1cojm
CVE-2020-17087,PUBLISHED,microsoft,2020-11-11T06:48:33.000Z,2025-02-04T19:23:54.573Z,7.8,3.1,CWE-131,,,Windows,Unknown,Microsoft,2,2020-11-10T00:00:00.000Z,jrflat,gbtuj8w
CVE-2020-17087,PUBLISHED,microsoft,2020-11-11T06:48:33.000Z,2025-02-04T19:23:54.573Z,7.8,3.1,CWE-131,,,Windows,Unknown,Microsoft,8,2020-10-30T00:00:00.000Z,jl5zm9,
CVE-2020-17087,PUBLISHED,microsoft,2020-11-11T06:48:33.000Z,2025-02-04T19:23:54.573Z,7.8,3.1,CWE-131,,,Windows,Unknown,Microsoft,109,2020-10-30T00:00:00.000Z,jl60tc,
CVE-2020-17091,PUBLISHED,microsoft,2020-11-11T06:48:34,2024-09-10T15:52:07.671Z,7.8,3.1,,,,,,,10,2023-03-27T00:00:00.000Z,123z8y6,
CVE-2020-17352,PUBLISHED,mitre,2020-08-07T19:50:04,2024-08-04T13:53:17.020Z,,,,,,,,,1,2020-08-07T00:00:00.000Z,i5dfem,
CVE-2020-1745,PUBLISHED,redhat,2020-04-28T00:00:00,2024-08-04T06:46:30.867Z,8.6,3.1,CWE-285,,,,,,2,2024-08-17T00:00:00.000Z,1eso7av,lii2xg6
CVE-2020-1938,PUBLISHED,apache,2020-02-24T21:19:18.000Z,2025-02-06T21:14:30.076Z,,,,webapps,multiple,Tomcat,Unknown,Apache,1,2020-09-17T00:00:00.000Z,iujf01,g5mnr2q
CVE-2020-1938,PUBLISHED,apache,2020-02-24T21:19:18.000Z,2025-02-06T21:14:30.076Z,,,,webapps,multiple,Tomcat,Unknown,Apache,3,2021-07-07T00:00:00.000Z,ofdtff,h4bwncp
CVE-2020-1938,PUBLISHED,apache,2020-02-24T21:19:18.000Z,2025-02-06T21:14:30.076Z,,,,webapps,multiple,Tomcat,Unknown,Apache,18,2020-02-28T00:00:00.000Z,faqlva,fj0la5m
CVE-2020-1971,PUBLISHED,openssl,2020-12-08T15:30:16.835255Z,2024-09-17T02:57:20.238Z,,,,,,,,,3,2022-10-21T00:00:00.000Z,ya0n8m,
CVE-2020-19909,PUBLISHED,mitre,2023-08-22T00:00:00,2024-08-04T14:15:28.432Z,,,,,,,,,1,2023-10-11T00:00:00.000Z,173oiob,k4cxkjr
CVE-2020-19909,PUBLISHED,mitre,2023-08-22T00:00:00,2024-08-04T14:15:28.432Z,,,,,,,,,1,2023-10-11T00:00:00.000Z,174yct9,k4d35zr
CVE-2020-19909,PUBLISHED,mitre,2023-08-22T00:00:00,2024-08-04T14:15:28.432Z,,,,,,,,,1,2023-08-27T00:00:00.000Z,161sail,jxxhres
CVE-2020-19909,PUBLISHED,mitre,2023-08-22T00:00:00,2024-08-04T14:15:28.432Z,,,,,,,,,1,2023-09-12T00:00:00.000Z,16gtnhy,k0b0v98
CVE-2020-2021,PUBLISHED,palo_alto,2020-06-29T15:10:11.350Z,2025-02-07T12:47:15.924Z,10.0,3.1,CWE-347,,,PAN-OS,Known,Palo Alto Networks,1,2020-07-12T00:00:00.000Z,hpi5yk,fxsqrkd
CVE-2020-2021,PUBLISHED,palo_alto,2020-06-29T15:10:11.350Z,2025-02-07T12:47:15.924Z,10.0,3.1,CWE-347,,,PAN-OS,Known,Palo Alto Networks,25,2020-06-29T00:00:00.000Z,hi2bur,
CVE-2020-2034,PUBLISHED,palo_alto,2020-07-08T16:35:17.820922Z,2024-09-16T19:46:13.523Z,8.1,3.1,CWE-78,,,,,,21,2020-11-05T00:00:00.000Z,jo8kf1,gb7ctkh
CVE-2020-2034,PUBLISHED,palo_alto,2020-07-08T16:35:17.820922Z,2024-09-16T19:46:13.523Z,8.1,3.1,CWE-78,,,,,,13,2020-07-10T00:00:00.000Z,houg82,fxkb0jc
CVE-2020-2035,PUBLISHED,palo_alto,2020-08-12T17:05:15.346529Z,2024-09-17T04:10:07.790Z,3.0,3.1,CWE-20,,,,,,2,2020-08-13T00:00:00.000Z,i8f6tn,g1ax413
CVE-2020-24553,PUBLISHED,mitre,2020-09-02T16:25:52,2024-08-04T15:12:09.157Z,,,,,,,,,7,2020-09-08T00:00:00.000Z,ioumdi,g4g05lm
CVE-2020-24586,PUBLISHED,mitre,2021-05-11T00:00:00,2024-08-04T15:19:08.804Z,,,,,,,,,-3,2024-09-15T00:00:00.000Z,1fhhsoh,lnadvr3
CVE-2020-24613,PUBLISHED,mitre,2020-08-24T21:06:22,2024-08-04T15:19:09.126Z,,,,,,,,,1,2021-01-14T00:00:00.000Z,kxbbip,gja4bgz
CVE-2020-24899,PUBLISHED,mitre,2021-02-15T17:39:35,2024-08-04T15:19:09.413Z,,,,,,,,,5,2024-08-06T00:00:00.000Z,1ekyytb,lgpx8pu
CVE-2020-2551,PUBLISHED,oracle,2020-01-15T16:34:00,2024-09-30T17:04:07.382Z,9.8,3.0,,,,Fusion Middleware,Unknown,Oracle,1,2020-03-02T00:00:00.000Z,fbi46n,fj974do
CVE-2020-25705,PUBLISHED,redhat,2020-11-17T01:16:17,2024-08-04T15:40:36.596Z,,,CWE-330,,,,,,3,2020-11-12T00:00:00.000Z,jsxqg5,gc29por
CVE-2020-25712,PUBLISHED,redhat,2020-12-15T16:52:38,2024-08-04T15:40:36.621Z,7.8,,CWE-122,,,,,X.Org,88,2021-01-20T00:00:00.000Z,l1csit,gjypom9
CVE-2020-26664,PUBLISHED,mitre,2021-01-08T17:40:41,2024-08-04T15:56:05.012Z,,,,,,,,,2,2021-01-23T00:00:00.000Z,l30te3,gkfks0h
CVE-2020-26664,PUBLISHED,mitre,2021-01-08T17:40:41,2024-08-04T15:56:05.012Z,,,,,,,,,2,2021-01-24T00:00:00.000Z,l30te3,gkk2lt6
CVE-2020-26935,PUBLISHED,mitre,2020-10-10T18:26:53,2024-08-04T16:03:23.118Z,,,,,,,,,2,2022-01-06T00:00:00.000Z,rx3h40,hrfyt28
CVE-2020-27403,PUBLISHED,mitre,2020-11-10T17:18:56,2024-08-04T16:11:36.606Z,,,,,,,,,44,2020-11-09T00:00:00.000Z,jqycve,gbqcvbk
CVE-2020-27403,PUBLISHED,mitre,2020-11-10T17:18:56,2024-08-04T16:11:36.606Z,,,,,,,,,1,2020-11-29T00:00:00.000Z,jqycve,gdywjgz
CVE-2020-27840,PUBLISHED,redhat,2021-05-12T14:06:16,2024-08-04T16:25:43.194Z,,,CWE-125,,,,,,88,2021-05-26T00:00:00.000Z,nlcsd9,
CVE-2020-27930,PUBLISHED,apple,2020-12-08T20:17:32.000Z,2025-01-29T17:35:12.422Z,,,CWE-787,,,Multiple Products,Unknown,Apple,5,2021-04-21T00:00:00.000Z,mv6u4j,gvbugjh
CVE-2020-28014,PUBLISHED,mitre,2021-05-06T03:43:03,2024-08-04T16:25:44.014Z,,,,,,,,,6,2021-05-05T00:00:00.000Z,n5fobw,gx26j1u
CVE-2020-28017,PUBLISHED,mitre,2021-05-06T03:55:44,2024-08-04T16:25:44.115Z,,,,,,,,,1,2021-05-07T00:00:00.000Z,n796go,gxbi8s9
CVE-2020-28021,PUBLISHED,mitre,2021-05-06T04:16:38,2024-08-04T16:25:44.156Z,,,,,,,,,17,2021-05-05T00:00:00.000Z,n4vgi9,gwyu68b
CVE-2020-28188,PUBLISHED,mitre,2020-12-24T00:00:00,2024-08-04T16:33:58.217Z,,,,,,,,,1,2021-03-12T00:00:00.000Z,m2prtj,gqqvmuv
CVE-2020-28472,PUBLISHED,snyk,2021-01-19T10:25:15.313657Z,2024-09-16T23:06:31.989Z,7.3,3.1,,,,,,,1,2023-08-11T00:00:00.000Z,15n5zzy,jvqbz6j
CVE-2020-29583,PUBLISHED,mitre,2020-12-22T00:00:00.000Z,2025-02-10T22:16:05.647Z,,,CWE-522,,,Multiple Products,Unknown,Zyxel,138,2021-01-02T00:00:00.000Z,kov0u7,
CVE-2020-3118,PUBLISHED,cisco,2020-02-05T17:40:16.080703Z,2024-11-08T16:12:42.862Z,8.8,3.0,CWE-134,,,IOS XR,Unknown,Cisco,3,2020-10-21T00:00:00.000Z,jfb79x,g9kusv3
CVE-2020-3421,PUBLISHED,cisco,2020-09-24T18:01:32.351112Z,2024-11-13T17:56:17.233Z,8.6,3.1,CWE-754,,,,,,6,2021-01-24T00:00:00.000Z,l3vzum,gkit384
CVE-2020-3430,PUBLISHED,cisco,2020-09-04T02:26:14.910728Z,2024-11-13T18:07:25.978Z,8.8,3.1,CWE-78,,,,,,3,2020-09-03T00:00:00.000Z,ilbkfc,g3uf9qr
CVE-2020-3495,PUBLISHED,cisco,2020-09-04T02:25:52.219424Z,2024-11-13T18:08:14.983Z,9.9,3.1,CWE-20,,,,,,1,2020-09-10T00:00:00.000Z,ilbkfc,g4nok46
CVE-2020-3556,PUBLISHED,cisco,2020-11-06T18:16:22.303918Z,2024-11-13T17:43:22.675Z,7.3,3.1,CWE-20,,,,,,42,2020-12-16T00:00:00.000Z,keahbb,
CVE-2020-3566,PUBLISHED,cisco,2020-08-29T15:15:13.627473Z,2024-11-08T16:09:30.061Z,8.6,3.1,CWE-400,,,IOS XR,Unknown,Cisco,30,2020-09-01T00:00:00.000Z,ikq275,
CVE-2020-36195,PUBLISHED,qnap,2021-04-17T03:50:13.274444Z,2024-09-16T17:28:07.500Z,9.8,3.1,CWE-20; CWE-89; CWE-943,,,,,,18,2021-04-21T00:00:00.000Z,mvnv9s,gvdi20j
CVE-2020-36603,PUBLISHED,mitre,2022-09-14T21:33:26.064Z,2025-06-04T14:59:38.784Z,,,,,,,,,4,2024-10-02T00:00:00.000Z,1fuk4fx,lq1jzom
CVE-2020-3843,PUBLISHED,apple,2020-02-27T20:45:04,2024-08-04T07:44:51.216Z,,,,,,,,,73,2020-03-06T00:00:00.000Z,fe8f02,fjmh3tn
CVE-2020-3882,PUBLISHED,apple,2020-06-09T15:59:04,2024-08-04T07:44:51.253Z,,,,,,,,,5,2021-05-29T00:00:00.000Z,nnuvbz,gzwzcly
CVE-2020-3950,PUBLISHED,vmware,2020-03-17T18:41:52.000Z,2025-01-29T18:00:43.954Z,,,CWE-269,local,macos,Multiple Products,Unknown,VMware,16,2020-03-17T00:00:00.000Z,fkeh9d,fks8cnn
CVE-2020-3950,PUBLISHED,vmware,2020-03-17T18:41:52.000Z,2025-01-29T18:00:43.954Z,,,CWE-269,local,macos,Multiple Products,Unknown,VMware,2,2020-03-18T00:00:00.000Z,fkeh9d,fktw3hj
CVE-2020-3952,PUBLISHED,vmware,2020-04-10T13:55:36.000Z,2025-01-29T17:59:58.615Z,,,CWE-306,webapps,multiple,vCenter Server,Unknown,VMware,47,2020-04-10T00:00:00.000Z,fyfs59,
CVE-2020-3952,PUBLISHED,vmware,2020-04-10T13:55:36.000Z,2025-01-29T17:59:58.615Z,,,CWE-306,webapps,multiple,vCenter Server,Unknown,VMware,193,2020-04-14T00:00:00.000Z,g0xrjn,
CVE-2020-3992,PUBLISHED,vmware,2020-10-20T16:11:13.000Z,2025-01-29T17:59:10.398Z,7.8,,CWE-416,,,ESXi,Known,VMware,13,2020-10-21T00:00:00.000Z,jf141w,
CVE-2020-3992,PUBLISHED,vmware,2020-10-20T16:11:13.000Z,2025-01-29T17:59:10.398Z,7.8,,CWE-416,,,ESXi,Known,VMware,45,2020-11-04T00:00:00.000Z,jnvw2m,
CVE-2020-4000,PUBLISHED,vmware,2020-11-24T15:35:07,2024-08-04T07:52:20.546Z,,,,,,,,,1,2020-11-28T00:00:00.000Z,k1nnz2,gdw50ft
CVE-2020-4005,PUBLISHED,vmware,2020-11-20T19:06:25,2024-08-04T07:52:20.623Z,,,,,,,,,4,2021-09-22T00:00:00.000Z,ptckmw,hdvfrnz
CVE-2020-4006,PUBLISHED,vmware,2020-11-23T21:22:40.000Z,2025-02-04T15:43:44.021Z,,,CWE-78,,,Multiple Products,Unknown,VMware,13,2020-12-19T00:00:00.000Z,keyis3,ggecndz
CVE-2020-5135,PUBLISHED,sonicwall,2020-10-12T10:40:28.000Z,2025-02-06T19:55:19.108Z,,,CWE-120,,,SonicOS,Unknown,SonicWall,0,2020-10-22T00:00:00.000Z,jg7mur,
CVE-2020-5390,PUBLISHED,mitre,2020-01-13T18:11:37,2024-08-04T08:30:23.936Z,,,,,,,,,5,2020-02-13T00:00:00.000Z,f32fg4,fhh1bpc
CVE-2020-5741,PUBLISHED,tenable,2020-05-08T12:02:59.000Z,2025-02-06T20:28:43.948Z,,,CWE-502,,,Media Server,Unknown,Plex,2,2023-05-30T00:00:00.000Z,13uzbbl,jm56i3r
CVE-2020-5741,PUBLISHED,tenable,2020-05-08T12:02:59.000Z,2025-02-06T20:28:43.948Z,,,CWE-502,,,Media Server,Unknown,Plex,2,2023-03-08T00:00:00.000Z,11l0ug1,jbck02o
CVE-2020-5741,PUBLISHED,tenable,2020-05-08T12:02:59.000Z,2025-02-06T20:28:43.948Z,,,CWE-502,,,Media Server,Unknown,Plex,2,2023-03-03T00:00:00.000Z,11f72kn,jat9kcm
CVE-2020-5741,PUBLISHED,tenable,2020-05-08T12:02:59.000Z,2025-02-06T20:28:43.948Z,,,CWE-502,,,Media Server,Unknown,Plex,1,2023-03-03T00:00:00.000Z,11f72kn,jat9pq2
CVE-2020-5741,PUBLISHED,tenable,2020-05-08T12:02:59.000Z,2025-02-06T20:28:43.948Z,,,CWE-502,,,Media Server,Unknown,Plex,424,2023-03-01T00:00:00.000Z,11f72kn,
CVE-2020-5902,PUBLISHED,f5,2020-07-01T00:00:00.000Z,2025-01-29T20:32:33.744Z,,,CWE-22,webapps,hardware,BIG-IP,Known,F5,1,2020-07-03T00:00:00.000Z,hkjxob,fwt5jdm
CVE-2020-5902,PUBLISHED,f5,2020-07-01T00:00:00.000Z,2025-01-29T20:32:33.744Z,,,CWE-22,webapps,hardware,BIG-IP,Known,F5,5,2020-07-03T00:00:00.000Z,hkjxob,fwtdss1
CVE-2020-5902,PUBLISHED,f5,2020-07-01T00:00:00.000Z,2025-01-29T20:32:33.744Z,,,CWE-22,webapps,hardware,BIG-IP,Known,F5,1,2020-07-06T00:00:00.000Z,hkjxob,fx1ywcp
CVE-2020-5902,PUBLISHED,f5,2020-07-01T00:00:00.000Z,2025-01-29T20:32:33.744Z,,,CWE-22,webapps,hardware,BIG-IP,Known,F5,18,2020-09-01T00:00:00.000Z,ikta6h,g3nmjrf
CVE-2020-5902,PUBLISHED,f5,2020-07-01T00:00:00.000Z,2025-01-29T20:32:33.744Z,,,CWE-22,webapps,hardware,BIG-IP,Known,F5,1,2020-09-22T00:00:00.000Z,ixn8wq,g68zydr
CVE-2020-5902,PUBLISHED,f5,2020-07-01T00:00:00.000Z,2025-01-29T20:32:33.744Z,,,CWE-22,webapps,hardware,BIG-IP,Known,F5,15,2020-12-02T00:00:00.000Z,k5cuur,gef1wi3
CVE-2020-5902,PUBLISHED,f5,2020-07-01T00:00:00.000Z,2025-01-29T20:32:33.744Z,,,CWE-22,webapps,hardware,BIG-IP,Known,F5,3,2020-07-06T00:00:00.000Z,hm1wf9,fx52fzi
CVE-2020-5902,PUBLISHED,f5,2020-07-01T00:00:00.000Z,2025-01-29T20:32:33.744Z,,,CWE-22,webapps,hardware,BIG-IP,Known,F5,3,2020-07-28T00:00:00.000Z,hzewfp,
CVE-2020-6007,PUBLISHED,checkpoint,2020-01-23T21:20:17,2024-08-04T08:47:40.940Z,,,CWE-122,,,,,,5,2020-02-05T00:00:00.000Z,ezef8s,fgmzg9g
CVE-2020-6007,PUBLISHED,checkpoint,2020-01-23T21:20:17,2024-08-04T08:47:40.940Z,,,CWE-122,,,,,,19,2020-08-07T00:00:00.000Z,i5mkpz,g0q42fd
CVE-2020-6016,PUBLISHED,checkpoint,2020-11-18T14:11:49,2024-08-04T08:47:41.048Z,,,CWE-590,,,,,,16,2020-12-10T00:00:00.000Z,kaddim,gf9m5iw
CVE-2020-6109,PUBLISHED,talos,2020-06-08T13:22:31,2024-08-04T08:47:41.110Z,8.5,3.0,CWE-22,,,,,,37,2020-08-24T00:00:00.000Z,ifnwg8,g2pg4b9
CVE-2020-6364,PUBLISHED,sap,2020-10-15T01:55:24,2024-08-04T09:02:40.251Z,10.0,3.0,,,,,,,2,2022-08-23T00:00:00.000Z,wuwpbx,ilg0grq
CVE-2020-6418,PUBLISHED,Chrome,2020-02-27T22:55:25.000Z,2025-01-29T16:56:55.162Z,,,CWE-843,remote,multiple,Chromium V8,Unknown,Google,693,2020-02-25T00:00:00.000Z,f9az5v,
CVE-2020-6963,PUBLISHED,icscert,2020-01-24T16:31:37,2024-08-04T09:18:01.475Z,,,CWE-798,,,,,,1,2020-10-13T00:00:00.000Z,jadavv,g8ov9uc
CVE-2020-7034,PUBLISHED,avaya,2021-04-23T20:15:15.818773Z,2024-09-16T23:06:35.730Z,7.2,3.1,CWE-78,,,,,,1,2021-04-26T00:00:00.000Z,jn5pyw,gvxf51y
CVE-2020-7383,PUBLISHED,rapid7,2020-10-14T19:45:15.276787Z,2024-09-16T20:31:39.664Z,6.5,3.1,CWE-89,,,,,,2,2020-10-26T00:00:00.000Z,jik9ip,
CVE-2020-7750,PUBLISHED,snyk,2020-10-21T16:20:12.796054Z,2024-09-16T19:31:46.720Z,9.6,3.1,,webapps,multiple,,,,1,2021-01-13T00:00:00.000Z,kvrcqi,gj4q2ag
CVE-2020-7942,PUBLISHED,puppet,2020-02-19T20:52:03,2024-08-04T09:48:24.553Z,,,,,,,,,7,2020-02-18T00:00:00.000Z,f60gl3,
CVE-2020-7984,PUBLISHED,mitre,2020-01-26T20:04:06,2024-08-04T09:48:24.994Z,,,,,,,,,1,2020-01-27T00:00:00.000Z,etax84,ffpg1la
CVE-2020-7984,PUBLISHED,mitre,2020-01-26T20:04:06,2024-08-04T09:48:24.994Z,,,,,,,,,2,2020-12-18T00:00:00.000Z,kfluq6,gg9actz
CVE-2020-8010,PUBLISHED,ca,2020-02-18T03:11:43,2024-08-04T09:48:24.961Z,,,,,,,,,1,2023-09-13T00:00:00.000Z,16hjbwl,
CVE-2020-8193,PUBLISHED,hackerone,2020-07-10T15:38:28.000Z,2025-02-07T12:36:20.081Z,,,CWE-284,,,"Application Delivery Controller (ADC), Gateway, and SD-WAN WANOP Appliance",Unknown,Citrix,1,2020-07-09T00:00:00.000Z,hnnyf4,fxexlob
CVE-2020-8193,PUBLISHED,hackerone,2020-07-10T15:38:28.000Z,2025-02-07T12:36:20.081Z,,,CWE-284,,,"Application Delivery Controller (ADC), Gateway, and SD-WAN WANOP Appliance",Unknown,Citrix,2,2020-07-08T00:00:00.000Z,hmuztu,fxa47e2
CVE-2020-8276,PUBLISHED,hackerone,2020-11-09T14:05:23,2024-08-04T09:56:28.301Z,,,CWE-312,,,,,,14,2021-09-24T00:00:00.000Z,puobj0,he4eddp
CVE-2020-8417,PUBLISHED,mitre,2020-01-28T20:19:25,2024-08-04T09:56:28.398Z,8.8,3.0,,,,,,,3,2020-02-06T00:00:00.000Z,ez6oon,fgpkxtp
CVE-2020-8427,PUBLISHED,mitre,2020-02-17T14:56:51,2024-08-04T09:56:28.369Z,,,,,,,,,1,2021-07-03T00:00:00.000Z,ocggbv,h3vey3s
CVE-2020-8437,PUBLISHED,mitre,2020-03-02T18:33:37,2024-08-04T09:56:28.360Z,,,,,,,,,29,2020-09-22T00:00:00.000Z,ixxtny,g69j35k
CVE-2020-8437,PUBLISHED,mitre,2020-03-02T18:33:37,2024-08-04T09:56:28.360Z,,,,,,,,,28,2020-09-23T00:00:00.000Z,ixxtny,g6afq07
CVE-2020-8515,PUBLISHED,mitre,2020-02-01T12:36:59.000Z,2025-02-04T20:24:54.892Z,,,CWE-78,remote,linux,Multiple Vigor Routers,Unknown,DrayTek,20,2020-06-24T00:00:00.000Z,hf8vjp,fvwme29
CVE-2020-8515,PUBLISHED,mitre,2020-02-01T12:36:59.000Z,2025-02-04T20:24:54.892Z,,,CWE-78,remote,linux,Multiple Vigor Routers,Unknown,DrayTek,80,2021-11-15T00:00:00.000Z,qujoez,hkqgebe
CVE-2020-8515,PUBLISHED,mitre,2020-02-01T12:36:59.000Z,2025-02-04T20:24:54.892Z,,,CWE-78,remote,linux,Multiple Vigor Routers,Unknown,DrayTek,1,2022-06-16T00:00:00.000Z,vcq23o,icjljj7
CVE-2020-8597,PUBLISHED,mitre,2020-02-03T22:58:21,2024-08-04T10:03:46.256Z,,,,,,,,,2,2020-03-07T00:00:00.000Z,fecy6f,fjq0kol
CVE-2020-8601,PUBLISHED,trendmicro,2020-02-20T22:50:23,2024-08-04T10:03:46.282Z,,,,,,,,,2,2022-04-06T00:00:00.000Z,tx6ig2,i3kk5dr
CVE-2020-8625,PUBLISHED,isc,2021-02-17T22:40:16.090944Z,2024-09-16T22:40:02.277Z,8.1,3.1,,,,,,ISC,1,2021-02-27T00:00:00.000Z,lsbzjj,goxajo0
CVE-2020-8705,PUBLISHED,intel,2020-11-12T18:06:24,2024-08-04T10:03:46.278Z,,,,,,,,,13,2020-11-11T00:00:00.000Z,js79b0,gbxgnmi
CVE-2020-8816,PUBLISHED,mitre,2020-05-29T18:57:14.000Z,2025-02-04T19:53:22.540Z,9.1,3.0,CWE-78,webapps,python,AdminLTE,Unknown,Pi-hole,1,2020-03-28T00:00:00.000Z,fqlegv,fls9v6c
CVE-2020-8986,PUBLISHED,mitre,2020-03-24T20:12:27,2024-08-04T10:19:19.814Z,,,,,,,,,5,2024-01-21T00:00:00.000Z,19bum3k,
CVE-2020-9399,PUBLISHED,mitre,2020-02-28T13:58:46,2024-08-04T10:26:16.087Z,,,,,,,,,36,2020-12-16T00:00:00.000Z,kebhgj,gg1omqh
CVE-2020-9488,PUBLISHED,apache,2020-04-27T15:36:10,2024-08-04T10:26:16.370Z,,,,,,,,,32,2021-12-14T00:00:00.000Z,rgds91,hoki0tc
CVE-2020-9771,PUBLISHED,apple,2020-10-22T17:52:30,2024-08-04T10:43:05.189Z,,,,,,,,,2,2020-08-12T00:00:00.000Z,i80uki,g175owl
CVE-2020-9922,PUBLISHED,apple,2020-12-08T19:19:04,2024-08-04T10:43:05.498Z,,,,,,,,,1,2022-10-30T00:00:00.000Z,ygebat,iud1hdn
CVE-2021-0103,PUBLISHED,intel,2022-02-09T22:04:05.000Z,2025-05-05T17:02:09.572Z,,,,,,,,,8,2022-02-10T00:00:00.000Z,sp9v8c,
CVE-2021-0157,PUBLISHED,intel,2021-11-17T19:05:08,2024-08-03T15:32:09.866Z,,,,,,,,,14,2021-11-11T00:00:00.000Z,qrp486,hk8f72k
CVE-2021-0157,PUBLISHED,intel,2021-11-17T19:05:08,2024-08-03T15:32:09.866Z,,,,,,,,,20,2021-11-16T00:00:00.000Z,qvigfk,hkwq2qf
CVE-2021-0275,PUBLISHED,juniper,2021-04-22T19:37:29.087869Z,2024-09-17T00:41:52.527Z,8.8,3.1,CWE-79,,,,,,1,2023-07-23T00:00:00.000Z,157hx41,jt5w5os
CVE-2021-0920,PUBLISHED,google_android,2021-12-15T18:05:31.000Z,2025-02-04T19:04:20.727Z,,,"CWE-362, CWE-416",,,Kernel,Unknown,Android,3,2023-04-20T00:00:00.000Z,12ru3cl,jh0mktz
CVE-2021-0967,PUBLISHED,google_android,2021-12-15T18:05:49,2024-08-03T15:55:18.070Z,,,,,,,,,1,2021-12-07T00:00:00.000Z,raz33n,hnl9dtp
CVE-2021-1640,PUBLISHED,microsoft,2021-03-10T16:27:06,2024-08-03T16:18:11.031Z,7.8,3.1,,,,,,Microsoft,1,2021-03-10T00:00:00.000Z,m1jkuz,gqgq3qo
CVE-2021-1640,PUBLISHED,microsoft,2021-03-10T16:27:06,2024-08-03T16:18:11.031Z,7.8,3.1,,,,,,Microsoft,2,2021-03-15T00:00:00.000Z,m5j818,gr0wti6
CVE-2021-1645,PUBLISHED,microsoft,2021-01-12T19:41:59,2024-10-08T16:17:34.251Z,5.0,3.1,,,,,,,4,2021-07-02T00:00:00.000Z,occ9by,h3uk8t8
CVE-2021-1647,PUBLISHED,microsoft,2021-01-12T19:42:01.000Z,2025-02-04T19:24:39.285Z,7.8,3.1,"CWE-122, CWE-1285",,,Defender,Unknown,Microsoft,1,2024-07-20T00:00:00.000Z,1e7srza,le2vma2
CVE-2021-1675,PUBLISHED,microsoft,2021-06-08T22:46:11,2024-08-03T16:18:11.042Z,7.8,3.1,CWE-285,,,Windows,Known,Microsoft,9,2021-07-01T00:00:00.000Z,oaz3fr,h3n9xmb
CVE-2021-1675,PUBLISHED,microsoft,2021-06-08T22:46:11,2024-08-03T16:18:11.042Z,7.8,3.1,CWE-285,,,Windows,Known,Microsoft,2,2021-07-01T00:00:00.000Z,oaz3fr,h3nrwz8
CVE-2021-1675,PUBLISHED,microsoft,2021-06-08T22:46:11,2024-08-03T16:18:11.042Z,7.8,3.1,CWE-285,,,Windows,Known,Microsoft,6,2021-07-04T00:00:00.000Z,odqgdt,h41wq0p
CVE-2021-1675,PUBLISHED,microsoft,2021-06-08T22:46:11,2024-08-03T16:18:11.042Z,7.8,3.1,CWE-285,,,Windows,Known,Microsoft,1,2022-05-29T00:00:00.000Z,uzrszj,iaes4y0
CVE-2021-1675,PUBLISHED,microsoft,2021-06-08T22:46:11,2024-08-03T16:18:11.042Z,7.8,3.1,CWE-285,,,Windows,Known,Microsoft,31,2021-07-01T00:00:00.000Z,obpmzr,h3p7rup
CVE-2021-1675,PUBLISHED,microsoft,2021-06-08T22:46:11,2024-08-03T16:18:11.042Z,7.8,3.1,CWE-285,,,Windows,Known,Microsoft,3,2021-07-01T00:00:00.000Z,ob6y02,h3pgtsu
CVE-2021-1675,PUBLISHED,microsoft,2021-06-08T22:46:11,2024-08-03T16:18:11.042Z,7.8,3.1,CWE-285,,,Windows,Known,Microsoft,17,2021-07-03T00:00:00.000Z,ocqaah,h3w0eco
CVE-2021-1675,PUBLISHED,microsoft,2021-06-08T22:46:11,2024-08-03T16:18:11.042Z,7.8,3.1,CWE-285,,,Windows,Known,Microsoft,4,2021-07-03T00:00:00.000Z,ocqaah,h3w4hfw
CVE-2021-1675,PUBLISHED,microsoft,2021-06-08T22:46:11,2024-08-03T16:18:11.042Z,7.8,3.1,CWE-285,,,Windows,Known,Microsoft,8,2021-07-03T00:00:00.000Z,ocqaah,h3w7nze
CVE-2021-1675,PUBLISHED,microsoft,2021-06-08T22:46:11,2024-08-03T16:18:11.042Z,7.8,3.1,CWE-285,,,Windows,Known,Microsoft,0,2021-07-03T00:00:00.000Z,ocqaah,h3yena6
CVE-2021-1675,PUBLISHED,microsoft,2021-06-08T22:46:11,2024-08-03T16:18:11.042Z,7.8,3.1,CWE-285,,,Windows,Known,Microsoft,3,2021-07-03T00:00:00.000Z,ocqaah,h3ythq6
CVE-2021-1675,PUBLISHED,microsoft,2021-06-08T22:46:11,2024-08-03T16:18:11.042Z,7.8,3.1,CWE-285,,,Windows,Known,Microsoft,21,2021-06-29T00:00:00.000Z,oadasi,h3h2cxi
CVE-2021-1675,PUBLISHED,microsoft,2021-06-08T22:46:11,2024-08-03T16:18:11.042Z,7.8,3.1,CWE-285,,,Windows,Known,Microsoft,7,2021-06-30T00:00:00.000Z,oadasi,h3jwmsu
CVE-2021-1675,PUBLISHED,microsoft,2021-06-08T22:46:11,2024-08-03T16:18:11.042Z,7.8,3.1,CWE-285,,,Windows,Known,Microsoft,0,2021-06-30T00:00:00.000Z,oadasi,h3lkwkq
CVE-2021-1675,PUBLISHED,microsoft,2021-06-08T22:46:11,2024-08-03T16:18:11.042Z,7.8,3.1,CWE-285,,,Windows,Known,Microsoft,4,2021-06-30T00:00:00.000Z,oadasi,h3max9v
CVE-2021-1675,PUBLISHED,microsoft,2021-06-08T22:46:11,2024-08-03T16:18:11.042Z,7.8,3.1,CWE-285,,,Windows,Known,Microsoft,2,2021-06-30T00:00:00.000Z,oanv72,h3kxj8i
CVE-2021-1675,PUBLISHED,microsoft,2021-06-08T22:46:11,2024-08-03T16:18:11.042Z,7.8,3.1,CWE-285,,,Windows,Known,Microsoft,95,2021-06-30T00:00:00.000Z,ob4s06,h3lrcvt
CVE-2021-1675,PUBLISHED,microsoft,2021-06-08T22:46:11,2024-08-03T16:18:11.042Z,7.8,3.1,CWE-285,,,Windows,Known,Microsoft,3,2021-06-30T00:00:00.000Z,ob52fh,h3m0ie8
CVE-2021-1675,PUBLISHED,microsoft,2021-06-08T22:46:11,2024-08-03T16:18:11.042Z,7.8,3.1,CWE-285,,,Windows,Known,Microsoft,1,2021-06-30T00:00:00.000Z,ob52fh,h3m40b5
CVE-2021-1675,PUBLISHED,microsoft,2021-06-08T22:46:11,2024-08-03T16:18:11.042Z,7.8,3.1,CWE-285,,,Windows,Known,Microsoft,10,2021-06-30T00:00:00.000Z,ob4s06,h3m646i
CVE-2021-1675,PUBLISHED,microsoft,2021-06-08T22:46:11,2024-08-03T16:18:11.042Z,7.8,3.1,CWE-285,,,Windows,Known,Microsoft,11,2021-07-01T00:00:00.000Z,ob4s06,h3o7cxt
CVE-2021-1675,PUBLISHED,microsoft,2021-06-08T22:46:11,2024-08-03T16:18:11.042Z,7.8,3.1,CWE-285,,,Windows,Known,Microsoft,8,2021-07-01T00:00:00.000Z,ob4s06,h3o9bie
CVE-2021-1675,PUBLISHED,microsoft,2021-06-08T22:46:11,2024-08-03T16:18:11.042Z,7.8,3.1,CWE-285,,,Windows,Known,Microsoft,1,2021-07-01T00:00:00.000Z,ob4s06,h3p5ogf
CVE-2021-1675,PUBLISHED,microsoft,2021-06-08T22:46:11,2024-08-03T16:18:11.042Z,7.8,3.1,CWE-285,,,Windows,Known,Microsoft,1,2021-07-01T00:00:00.000Z,ob4s06,h3pivgl
CVE-2021-1675,PUBLISHED,microsoft,2021-06-08T22:46:11,2024-08-03T16:18:11.042Z,7.8,3.1,CWE-285,,,Windows,Known,Microsoft,2,2021-07-05T00:00:00.000Z,ob4s06,h43ypk2
CVE-2021-1675,PUBLISHED,microsoft,2021-06-08T22:46:11,2024-08-03T16:18:11.042Z,7.8,3.1,CWE-285,,,Windows,Known,Microsoft,94,2021-08-08T00:00:00.000Z,p07c74,h84spfb
CVE-2021-1675,PUBLISHED,microsoft,2021-06-08T22:46:11,2024-08-03T16:18:11.042Z,7.8,3.1,CWE-285,,,Windows,Known,Microsoft,19,2021-08-12T00:00:00.000Z,p2qlb4,h8lzkos
CVE-2021-1675,PUBLISHED,microsoft,2021-06-08T22:46:11,2024-08-03T16:18:11.042Z,7.8,3.1,CWE-285,,,Windows,Known,Microsoft,1,2024-03-29T00:00:00.000Z,1bqkhvq,
CVE-2021-1675,PUBLISHED,microsoft,2021-06-08T22:46:11,2024-08-03T16:18:11.042Z,7.8,3.1,CWE-285,,,Windows,Known,Microsoft,262,2021-06-30T00:00:00.000Z,ob6y02,
CVE-2021-1675,PUBLISHED,microsoft,2021-06-08T22:46:11,2024-08-03T16:18:11.042Z,7.8,3.1,CWE-285,,,Windows,Known,Microsoft,31,2021-07-02T00:00:00.000Z,oc65gc,
CVE-2021-1675,PUBLISHED,microsoft,2021-06-08T22:46:11,2024-08-03T16:18:11.042Z,7.8,3.1,CWE-285,,,Windows,Known,Microsoft,49,2021-07-03T00:00:00.000Z,od62nk,
CVE-2021-1675,PUBLISHED,microsoft,2021-06-08T22:46:11,2024-08-03T16:18:11.042Z,7.8,3.1,CWE-285,,,Windows,Known,Microsoft,18,2021-06-30T00:00:00.000Z,oanv72,
CVE-2021-1675,PUBLISHED,microsoft,2021-06-08T22:46:11,2024-08-03T16:18:11.042Z,7.8,3.1,CWE-285,,,Windows,Known,Microsoft,40,2021-06-30T00:00:00.000Z,oaxwqu,
CVE-2021-1678,PUBLISHED,microsoft,2021-01-12T19:42:20,2024-10-08T16:17:38.137Z,8.8,3.1,,,,,,,6,2021-01-14T00:00:00.000Z,kvwtvk,gj7lf5v
CVE-2021-1678,PUBLISHED,microsoft,2021-01-12T19:42:20,2024-10-08T16:17:38.137Z,8.8,3.1,,,,,,,3,2021-01-14T00:00:00.000Z,kvwtvk,gj83nje
CVE-2021-1678,PUBLISHED,microsoft,2021-01-12T19:42:20,2024-10-08T16:17:38.137Z,8.8,3.1,,,,,,,3,2021-09-16T00:00:00.000Z,porwtd,hd13jr4
CVE-2021-1678,PUBLISHED,microsoft,2021-01-12T19:42:20,2024-10-08T16:17:38.137Z,8.8,3.1,,,,,,,7,2021-09-20T00:00:00.000Z,pnve0h,hdlebyg
CVE-2021-1678,PUBLISHED,microsoft,2021-01-12T19:42:20,2024-10-08T16:17:38.137Z,8.8,3.1,,,,,,,3,2021-09-20T00:00:00.000Z,prst9w,hdlfe6u
CVE-2021-1678,PUBLISHED,microsoft,2021-01-12T19:42:20,2024-10-08T16:17:38.137Z,8.8,3.1,,,,,,,1,2021-09-21T00:00:00.000Z,psf4ku,hdpyk7v
CVE-2021-1678,PUBLISHED,microsoft,2021-01-12T19:42:20,2024-10-08T16:17:38.137Z,8.8,3.1,,,,,,,2,2021-09-23T00:00:00.000Z,ptwvrv,hdzq8a1
CVE-2021-1678,PUBLISHED,microsoft,2021-01-12T19:42:20,2024-10-08T16:17:38.137Z,8.8,3.1,,,,,,,2,2021-10-12T00:00:00.000Z,q6ni2z,hgcyv4p
CVE-2021-1678,PUBLISHED,microsoft,2021-01-12T19:42:20,2024-10-08T16:17:38.137Z,8.8,3.1,,,,,,,6,2021-10-22T00:00:00.000Z,qdcm32,hhmc8bp
CVE-2021-1678,PUBLISHED,microsoft,2021-01-12T19:42:20,2024-10-08T16:17:38.137Z,8.8,3.1,,,,,,,1,2021-10-22T00:00:00.000Z,qdcm32,hhmiaao
CVE-2021-1678,PUBLISHED,microsoft,2021-01-12T19:42:20,2024-10-08T16:17:38.137Z,8.8,3.1,,,,,,,2,2021-10-22T00:00:00.000Z,qdcm32,hhmu1gw
CVE-2021-1678,PUBLISHED,microsoft,2021-01-12T19:42:20,2024-10-08T16:17:38.137Z,8.8,3.1,,,,,,,1,2023-01-22T00:00:00.000Z,10hhmmm,j5dhnbv
CVE-2021-1678,PUBLISHED,microsoft,2021-01-12T19:42:20,2024-10-08T16:17:38.137Z,8.8,3.1,,,,,,,1,2024-01-20T00:00:00.000Z,19avtx5,kisfa05
CVE-2021-1730,PUBLISHED,microsoft,2021-02-25T23:01:30,2024-08-03T16:18:11.528Z,5.4,3.1,,,,,,,1,2021-06-01T00:00:00.000Z,nobkq0,h06b717
CVE-2021-1730,PUBLISHED,microsoft,2021-02-25T23:01:30,2024-08-03T16:18:11.528Z,5.4,3.1,,,,,,,3,2022-06-25T00:00:00.000Z,vk66sk,idnj9wf
CVE-2021-1730,PUBLISHED,microsoft,2021-02-25T23:01:30,2024-08-03T16:18:11.528Z,5.4,3.1,,,,,,,18,2024-03-12T00:00:00.000Z,1bcp2ql,kuk27h3
CVE-2021-1732,PUBLISHED,microsoft,2021-02-25T23:01:31.000Z,2025-02-04T18:19:33.383Z,7.8,3.1,CWE-787,,,Win32k,Known,Microsoft,2,2021-03-10T00:00:00.000Z,m1doj7,gqgwhw9
CVE-2021-1732,PUBLISHED,microsoft,2021-02-25T23:01:31.000Z,2025-02-04T18:19:33.383Z,7.8,3.1,CWE-787,,,Win32k,Known,Microsoft,1,2021-02-10T00:00:00.000Z,lg9hh8,gmt1708
CVE-2021-1732,PUBLISHED,microsoft,2021-02-25T23:01:31.000Z,2025-02-04T18:19:33.383Z,7.8,3.1,CWE-787,,,Win32k,Known,Microsoft,1,2021-02-10T00:00:00.000Z,lg9hh8,gmt1862
CVE-2021-1765,PUBLISHED,apple,2021-04-02T17:54:07,2024-08-03T16:25:05.670Z,,,,,,,,,38,2021-07-06T00:00:00.000Z,of4gcb,h4ad66x
CVE-2021-1844,PUBLISHED,apple,2021-04-02T18:07:12,2024-08-03T16:25:05.830Z,,,,,,,,,3,2021-03-09T00:00:00.000Z,m103cv,
CVE-2021-1879,PUBLISHED,apple,2021-04-02T18:07:52.000Z,2025-01-29T17:32:44.776Z,,,CWE-79,,,"iOS, iPadOS, and watchOS",Unknown,Apple,9,2021-07-15T00:00:00.000Z,okps2b,h5a1usl
CVE-2021-20016,PUBLISHED,sonicwall,2021-02-03T20:35:14.000Z,2025-02-06T19:54:30.850Z,,,CWE-89,,,SSLVPN SMA100,Known,SonicWall,1,2021-05-12T00:00:00.000Z,n9xmas,gxszu68
CVE-2021-20016,PUBLISHED,sonicwall,2021-02-03T20:35:14.000Z,2025-02-06T19:54:30.850Z,,,CWE-89,,,SSLVPN SMA100,Known,SonicWall,13,2021-05-13T00:00:00.000Z,nblizi,gy0psvp
CVE-2021-20038,PUBLISHED,sonicwall,2021-12-08T09:55:20.000Z,2025-02-04T14:27:26.112Z,,,CWE-121,,,SMA 100 Appliances,Known,SonicWall,34,2021-12-08T00:00:00.000Z,rbylc2,
CVE-2021-20090,PUBLISHED,tenable,2021-04-29T00:00:00.000Z,2025-02-06T20:25:29.587Z,,,CWE-22,,,Buffalo Firmware,Unknown,Arcadyan,9,2021-08-08T00:00:00.000Z,ozxo8l,h84q4pf
CVE-2021-20090,PUBLISHED,tenable,2021-04-29T00:00:00.000Z,2025-02-06T20:25:29.587Z,,,CWE-22,,,Buffalo Firmware,Unknown,Arcadyan,9,2021-08-13T00:00:00.000Z,p3ojcq,
CVE-2021-20271,PUBLISHED,redhat,2021-03-26T00:00:00,2024-08-03T17:37:23.716Z,,,CWE-345,,,,,,1,2021-04-29T00:00:00.000Z,n09io6,gw9xr90
CVE-2021-20271,PUBLISHED,redhat,2021-03-26T00:00:00,2024-08-03T17:37:23.716Z,,,CWE-345,,,,,,24,2021-04-28T00:00:00.000Z,n02iog,gw4vlah
CVE-2021-20271,PUBLISHED,redhat,2021-03-26T00:00:00,2024-08-03T17:37:23.716Z,,,CWE-345,,,,,,151,2021-04-28T00:00:00.000Z,n02iog,
CVE-2021-21132,PUBLISHED,Chrome,2021-02-09T13:56:05,2024-08-03T18:01:14.122Z,,,,,,,,,7,2021-06-10T00:00:00.000Z,nwoa1c,h1aftad
CVE-2021-21148,PUBLISHED,Chrome,2021-02-09T15:30:14.000Z,2025-01-29T16:55:43.461Z,,,CWE-122,,,Chromium V8,Unknown,Google,2,2021-02-05T00:00:00.000Z,ld3yag,gm4nlxc
CVE-2021-21148,PUBLISHED,Chrome,2021-02-09T15:30:14.000Z,2025-01-29T16:55:43.461Z,,,CWE-122,,,Chromium V8,Unknown,Google,0,2021-02-05T00:00:00.000Z,ld6xl3,gm68h5b
CVE-2021-21148,PUBLISHED,Chrome,2021-02-09T15:30:14.000Z,2025-01-29T16:55:43.461Z,,,CWE-122,,,Chromium V8,Unknown,Google,5,2021-02-05T00:00:00.000Z,ld3yag,
CVE-2021-21166,PUBLISHED,Chrome,2021-03-09T17:46:13.000Z,2025-01-29T16:54:56.287Z,,,"CWE-122, CWE-362",,,Chromium,Unknown,Google,1,2021-03-12T00:00:00.000Z,lwseqr,gqp3xyx
CVE-2021-21166,PUBLISHED,Chrome,2021-03-09T17:46:13.000Z,2025-01-29T16:54:56.287Z,,,"CWE-122, CWE-362",,,Chromium,Unknown,Google,447,2021-03-03T00:00:00.000Z,lwseqr,
CVE-2021-21166,PUBLISHED,Chrome,2021-03-09T17:46:13.000Z,2025-01-29T16:54:56.287Z,,,"CWE-122, CWE-362",,,Chromium,Unknown,Google,37,2021-03-03T00:00:00.000Z,lwx06t,
CVE-2021-21193,PUBLISHED,Chrome,2021-03-16T14:10:18.000Z,2025-01-29T16:54:10.524Z,,,CWE-416,,,Chromium Blink,Unknown,Google,74,2021-03-13T00:00:00.000Z,m45ymu,
CVE-2021-21220,PUBLISHED,Chrome,2021-04-26T00:00:00.000Z,2025-02-03T14:09:34.757Z,8.8,,"CWE-20, CWE-122",,,Chromium V8,Unknown,Google,1,2021-05-01T00:00:00.000Z,n261to,gwj3910
CVE-2021-21224,PUBLISHED,Chrome,2021-04-26T16:56:09.000Z,2025-01-29T16:53:37.047Z,,,CWE-843,,,Chromium V8,Unknown,Google,1,2021-10-22T00:00:00.000Z,qdbwkf,hhlf0e5
CVE-2021-21551,PUBLISHED,dell,2021-05-04T15:15:21.388Z,2025-02-07T12:47:15.734Z,8.8,3.1,CWE-782,local,windows,dbutil Driver,Unknown,Dell,3,2023-01-31T00:00:00.000Z,10onasj,j6ma6jw
CVE-2021-21551,PUBLISHED,dell,2021-05-04T15:15:21.388Z,2025-02-07T12:47:15.734Z,8.8,3.1,CWE-782,local,windows,dbutil Driver,Unknown,Dell,1,2024-08-25T00:00:00.000Z,1f0h213,ljsan38
CVE-2021-21551,PUBLISHED,dell,2021-05-04T15:15:21.388Z,2025-02-07T12:47:15.734Z,8.8,3.1,CWE-782,local,windows,dbutil Driver,Unknown,Dell,176,2021-05-05T00:00:00.000Z,n5i06j,
CVE-2021-21551,PUBLISHED,dell,2021-05-04T15:15:21.388Z,2025-02-07T12:47:15.734Z,8.8,3.1,CWE-782,local,windows,dbutil Driver,Unknown,Dell,971,2021-05-04T00:00:00.000Z,n4qzz5,
CVE-2021-21551,PUBLISHED,dell,2021-05-04T15:15:21.388Z,2025-02-07T12:47:15.734Z,8.8,3.1,CWE-782,local,windows,dbutil Driver,Unknown,Dell,2,2021-05-06T00:00:00.000Z,n5tdjq,
CVE-2021-21572,PUBLISHED,dell,2021-06-24T17:00:16.600794Z,2024-09-16T19:30:31.142Z,7.2,3.1,CWE-122,,,,,,2,2021-06-24T00:00:00.000Z,o71cx9,h2w8it4
CVE-2021-21703,PUBLISHED,php,2021-10-25T05:40:08.576727Z,2024-09-17T03:02:55.020Z,7.8,3.1,CWE-787; CWE-284,,,,,,9,2021-10-25T00:00:00.000Z,qffyae,hi0rcx0
CVE-2021-21972,PUBLISHED,vmware,2021-02-24T16:42:05.000Z,2025-02-04T15:38:01.759Z,,,CWE-23,webapps,multiple,vCenter Server,Known,VMware,0,2021-02-25T00:00:00.000Z,ls2lcf,goqp3x8
CVE-2021-21972,PUBLISHED,vmware,2021-02-24T16:42:05.000Z,2025-02-04T15:38:01.759Z,,,CWE-23,webapps,multiple,vCenter Server,Known,VMware,1,2021-02-28T00:00:00.000Z,ltomo0,gp5mje6
CVE-2021-21972,PUBLISHED,vmware,2021-02-24T16:42:05.000Z,2025-02-04T15:38:01.759Z,,,CWE-23,webapps,multiple,vCenter Server,Known,VMware,26,2021-02-25T00:00:00.000Z,lsgu85,
CVE-2021-21974,PUBLISHED,vmware,2021-02-24T16:57:33,2024-08-03T18:30:23.578Z,8.8,,,,,,,VMware,6,2021-02-27T00:00:00.000Z,ltn3co,gp1dql9
CVE-2021-21974,PUBLISHED,vmware,2021-02-24T16:57:33,2024-08-03T18:30:23.578Z,8.8,,,,,,,VMware,2,2023-02-05T00:00:00.000Z,10tprg4,j791svz
CVE-2021-21974,PUBLISHED,vmware,2021-02-24T16:57:33,2024-08-03T18:30:23.578Z,8.8,,,,,,,VMware,25,2023-02-10T00:00:00.000Z,10z3rbu,
CVE-2021-21974,PUBLISHED,vmware,2021-02-24T16:57:33,2024-08-03T18:30:23.578Z,8.8,,,,,,,VMware,6,2023-02-14T00:00:00.000Z,1128okx,
CVE-2021-21974,PUBLISHED,vmware,2021-02-24T16:57:33,2024-08-03T18:30:23.578Z,8.8,,,,,,,VMware,1673,2021-02-27T00:00:00.000Z,ltomo0,
CVE-2021-21974,PUBLISHED,vmware,2021-02-24T16:57:33,2024-08-03T18:30:23.578Z,8.8,,,,,,,VMware,41,2023-02-04T00:00:00.000Z,10tbmve,
CVE-2021-21974,PUBLISHED,vmware,2021-02-24T16:57:33,2024-08-03T18:30:23.578Z,8.8,,,,,,,VMware,0,2023-02-11T00:00:00.000Z,10zivi8,
CVE-2021-21985,PUBLISHED,vmware,2021-05-26T14:04:30.000Z,2025-01-29T17:57:16.287Z,,,"CWE-20, CWE-470, CWE-918",,,vCenter Server,Known,VMware,1,2021-06-05T00:00:00.000Z,nnt29k,h0nq7qs
CVE-2021-21985,PUBLISHED,vmware,2021-05-26T14:04:30.000Z,2025-01-29T17:57:16.287Z,,,"CWE-20, CWE-470, CWE-918",,,vCenter Server,Known,VMware,7,2021-06-05T00:00:00.000Z,nsqcim,h0osjt4
CVE-2021-21985,PUBLISHED,vmware,2021-05-26T14:04:30.000Z,2025-01-29T17:57:16.287Z,,,"CWE-20, CWE-470, CWE-918",,,vCenter Server,Known,VMware,111,2021-05-25T00:00:00.000Z,nkvo5b,
CVE-2021-21985,PUBLISHED,vmware,2021-05-26T14:04:30.000Z,2025-01-29T17:57:16.287Z,,,"CWE-20, CWE-470, CWE-918",,,vCenter Server,Known,VMware,139,2021-06-07T00:00:00.000Z,nu2omx,
CVE-2021-22005,PUBLISHED,vmware,2021-09-23T11:37:30.000Z,2025-06-10T16:43:35.648Z,,,CWE-23,,,vCenter Server,Known,VMware,8,2021-09-21T00:00:00.000Z,psr23x,hds232e
CVE-2021-22005,PUBLISHED,vmware,2021-09-23T11:37:30.000Z,2025-06-10T16:43:35.648Z,,,CWE-23,,,vCenter Server,Known,VMware,1,2021-10-10T00:00:00.000Z,q54c0c,hg5928m
CVE-2021-22005,PUBLISHED,vmware,2021-09-23T11:37:30.000Z,2025-06-10T16:43:35.648Z,,,CWE-23,,,vCenter Server,Known,VMware,2,2023-05-16T00:00:00.000Z,13jec1u,jkf9fay
CVE-2021-22005,PUBLISHED,vmware,2021-09-23T11:37:30.000Z,2025-06-10T16:43:35.648Z,,,CWE-23,,,vCenter Server,Known,VMware,1,2021-09-22T00:00:00.000Z,psnr6h,hdvvc6v
CVE-2021-22005,PUBLISHED,vmware,2021-09-23T11:37:30.000Z,2025-06-10T16:43:35.648Z,,,CWE-23,,,vCenter Server,Known,VMware,1,2021-09-29T00:00:00.000Z,pxshek,heptkvl
CVE-2021-22005,PUBLISHED,vmware,2021-09-23T11:37:30.000Z,2025-06-10T16:43:35.648Z,,,CWE-23,,,vCenter Server,Known,VMware,42,2021-09-29T00:00:00.000Z,pxshek,
CVE-2021-22005,PUBLISHED,vmware,2021-09-23T11:37:30.000Z,2025-06-10T16:43:35.648Z,,,CWE-23,,,vCenter Server,Known,VMware,89,2021-09-30T00:00:00.000Z,pyl3la,
CVE-2021-22048,PUBLISHED,vmware,2021-11-10T17:50:53,2024-08-03T18:30:23.971Z,,,,,,,,,5,2021-11-10T00:00:00.000Z,qqd3nu,hk34c8g
CVE-2021-22204,PUBLISHED,GitLab,2021-04-23T17:22:15.000Z,2025-02-06T19:50:56.751Z,6.8,3.1,CWE-95,local,linux,Exiftool,Unknown,Perl,5,2022-04-27T00:00:00.000Z,ucupf9,i6dffy2
CVE-2021-22204,PUBLISHED,GitLab,2021-04-23T17:22:15.000Z,2025-02-06T19:50:56.751Z,6.8,3.1,CWE-95,local,linux,Exiftool,Unknown,Perl,13,2022-01-28T00:00:00.000Z,seqlk6,hukwh8n
CVE-2021-22204,PUBLISHED,GitLab,2021-04-23T17:22:15.000Z,2025-02-06T19:50:56.751Z,6.8,3.1,CWE-95,local,linux,Exiftool,Unknown,Perl,23,2021-11-18T00:00:00.000Z,qwoyjn,
CVE-2021-22205,PUBLISHED,GitLab,2021-04-23T17:39:36.000Z,2025-02-06T19:49:20.016Z,10.0,3.1,"CWE-20, CWE-95",webapps,ruby,Community and Enterprise Editions,Known,GitLab,5,2024-12-22T00:00:00.000Z,1hjppim,m39pcbx
CVE-2021-22205,PUBLISHED,GitLab,2021-04-23T17:39:36.000Z,2025-02-06T19:49:20.016Z,10.0,3.1,"CWE-20, CWE-95",webapps,ruby,Community and Enterprise Editions,Known,GitLab,3,2021-12-24T00:00:00.000Z,rmun9b,hpsa01f
CVE-2021-22205,PUBLISHED,GitLab,2021-04-23T17:39:36.000Z,2025-02-06T19:49:20.016Z,10.0,3.1,"CWE-20, CWE-95",webapps,ruby,Community and Enterprise Editions,Known,GitLab,14,2021-10-25T00:00:00.000Z,qfbea1,hhylgmy
CVE-2021-22205,PUBLISHED,GitLab,2021-04-23T17:39:36.000Z,2025-02-06T19:49:20.016Z,10.0,3.1,"CWE-20, CWE-95",webapps,ruby,Community and Enterprise Editions,Known,GitLab,16,2021-10-25T00:00:00.000Z,qfbea1,hhyssfj
CVE-2021-22205,PUBLISHED,GitLab,2021-04-23T17:39:36.000Z,2025-02-06T19:49:20.016Z,10.0,3.1,"CWE-20, CWE-95",webapps,ruby,Community and Enterprise Editions,Known,GitLab,40,2021-10-31T00:00:00.000Z,qjz04u,hitnyz0
CVE-2021-22205,PUBLISHED,GitLab,2021-04-23T17:39:36.000Z,2025-02-06T19:49:20.016Z,10.0,3.1,"CWE-20, CWE-95",webapps,ruby,Community and Enterprise Editions,Known,GitLab,1,2023-08-21T00:00:00.000Z,15x4b8z,
CVE-2021-22205,PUBLISHED,GitLab,2021-04-23T17:39:36.000Z,2025-02-06T19:49:20.016Z,10.0,3.1,"CWE-20, CWE-95",webapps,ruby,Community and Enterprise Editions,Known,GitLab,1,2023-08-21T00:00:00.000Z,15x6g6c,
CVE-2021-22555,PUBLISHED,Google,2021-07-07T11:20:10.668788Z,2024-09-16T20:32:08.247Z,8.3,3.1,CWE-787,local,linux,,,,-57,2021-07-15T00:00:00.000Z,okogo2,h599z8r
CVE-2021-22555,PUBLISHED,Google,2021-07-07T11:20:10.668788Z,2024-09-16T20:32:08.247Z,8.3,3.1,CWE-787,local,linux,,,,1,2023-08-12T00:00:00.000Z,15o9wyr,jvv09pd
CVE-2021-22779,PUBLISHED,schneider,2021-07-14T14:26:41,2024-08-03T18:51:07.432Z,,,CWE-290,,,,,,2,2022-06-27T00:00:00.000Z,vm0l6e,idzlmyt
CVE-2021-22893,PUBLISHED,hackerone,2021-04-23T16:29:43.000Z,2025-02-04T19:12:31.254Z,,,CWE-287,,,Pulse Connect Secure,Known,Ivanti,36,2021-06-19T00:00:00.000Z,o3ae0e,h2b9ztv
CVE-2021-22893,PUBLISHED,hackerone,2021-04-23T16:29:43.000Z,2025-02-04T19:12:31.254Z,,,CWE-287,,,Pulse Connect Secure,Known,Ivanti,3,2021-04-22T00:00:00.000Z,mw7hyk,
CVE-2021-22986,PUBLISHED,f5,2021-03-31T14:04:47.000Z,2025-01-29T20:32:53.084Z,,,CWE-863,webapps,hardware,BIG-IP and BIG-IQ Centralized Management,Known,F5,251,2021-03-20T00:00:00.000Z,m93vsl,grkwane
CVE-2021-22986,PUBLISHED,f5,2021-03-31T14:04:47.000Z,2025-01-29T20:32:53.084Z,,,CWE-863,webapps,hardware,BIG-IP and BIG-IQ Centralized Management,Known,F5,23,2024-05-04T00:00:00.000Z,1cju6a5,l2jm4ws
CVE-2021-22986,PUBLISHED,f5,2021-03-31T14:04:47.000Z,2025-01-29T20:32:53.084Z,,,CWE-863,webapps,hardware,BIG-IP and BIG-IQ Centralized Management,Known,F5,2,2024-05-04T00:00:00.000Z,1cju6a5,l2kyf7l
CVE-2021-22986,PUBLISHED,f5,2021-03-31T14:04:47.000Z,2025-01-29T20:32:53.084Z,,,CWE-863,webapps,hardware,BIG-IP and BIG-IQ Centralized Management,Known,F5,2,2022-05-09T00:00:00.000Z,ulppoj,i7ziy9y
CVE-2021-22986,PUBLISHED,f5,2021-03-31T14:04:47.000Z,2025-01-29T20:32:53.084Z,,,CWE-863,webapps,hardware,BIG-IP and BIG-IQ Centralized Management,Known,F5,1,2024-05-04T00:00:00.000Z,1cju6a5,
CVE-2021-23239,PUBLISHED,mitre,2021-01-12T00:00:00,2024-08-03T19:05:55.298Z,,,,,,,,,2,2021-01-29T00:00:00.000Z,l7ji1o,gl8flod
CVE-2021-2351,PUBLISHED,oracle,2021-07-20T22:43:29,2024-08-03T16:38:57.682Z,8.3,3.1,,,,,,,2,2021-12-10T00:00:00.000Z,rd63aa,
CVE-2021-24027,PUBLISHED,facebook,2021-04-06T16:45:15,2024-08-03T19:21:17.148Z,,,CWE-524,,,,,,19,2021-04-14T00:00:00.000Z,mqouvj,guhrm8k
CVE-2021-24078,PUBLISHED,microsoft,2021-02-25T23:01:40,2024-08-03T19:21:18.244Z,9.8,3.1,,,,,,,12,2021-02-09T00:00:00.000Z,lgcbxu,gmqqprl
CVE-2021-24078,PUBLISHED,microsoft,2021-02-25T23:01:40,2024-08-03T19:21:18.244Z,9.8,3.1,,,,,,,1,2021-03-11T00:00:00.000Z,m2prtj,gqm75es
CVE-2021-24078,PUBLISHED,microsoft,2021-02-25T23:01:40,2024-08-03T19:21:18.244Z,9.8,3.1,,,,,,,2,2021-03-14T00:00:00.000Z,m2prtj,gqussxw
CVE-2021-24078,PUBLISHED,microsoft,2021-02-25T23:01:40,2024-08-03T19:21:18.244Z,9.8,3.1,,,,,,,2,2021-02-09T00:00:00.000Z,lfxqni,
CVE-2021-24085,PUBLISHED,microsoft,2021-02-25T23:01:45,2024-08-03T19:21:17.786Z,6.5,3.1,,,,,,,2,2021-03-02T00:00:00.000Z,lwah3d,gpgljnh
CVE-2021-24085,PUBLISHED,microsoft,2021-02-25T23:01:45,2024-08-03T19:21:17.786Z,6.5,3.1,,,,,,,3,2021-03-06T00:00:00.000Z,lyrxyv,
CVE-2021-24086,PUBLISHED,microsoft,2021-02-25T23:01:46,2024-08-03T19:21:17.692Z,7.5,3.1,,,,,,,6,2021-04-08T00:00:00.000Z,mmkqst,gtrzjzs
CVE-2021-24800,PUBLISHED,WPScan,2022-04-25T15:50:41,2024-08-03T19:42:17.205Z,,,CWE-639,,,,,,10,2021-09-28T00:00:00.000Z,px7giy,hemgnm5
CVE-2021-25220,PUBLISHED,isc,2022-03-23T12:50:10.367480Z,2024-09-16T17:08:54.143Z,6.8,3.1,,,,,,,2,2022-03-17T00:00:00.000Z,tggwa2,
CVE-2021-25347,PUBLISHED,Samsung Mobile,2021-03-04T21:05:56,2024-08-03T20:03:05.548Z,5.3,3.1,CWE-287,,,,,,5,2021-03-12T00:00:00.000Z,m3nncy,gqptizn
CVE-2021-25802,PUBLISHED,mitre,2021-07-26T16:26:57,2024-08-03T20:11:28.440Z,,,,,,,,,38,2022-10-29T00:00:00.000Z,ygebat,iu8e5ro
CVE-2021-26084,PUBLISHED,atlassian,2021-08-30T06:30:14.248Z,2025-02-04T14:48:39.312Z,,,CWE-917,webapps,java,Confluence Server and Data Center,Known,Atlassian,1,2021-09-01T00:00:00.000Z,pg1ezi,hb89b22
CVE-2021-26084,PUBLISHED,atlassian,2021-08-30T06:30:14.248Z,2025-02-04T14:48:39.312Z,,,CWE-917,webapps,java,Confluence Server and Data Center,Known,Atlassian,3,2021-09-03T00:00:00.000Z,ph78v9,hbgsqp8
CVE-2021-26084,PUBLISHED,atlassian,2021-08-30T06:30:14.248Z,2025-02-04T14:48:39.312Z,,,CWE-917,webapps,java,Confluence Server and Data Center,Known,Atlassian,7,2021-09-01T00:00:00.000Z,pg0shl,hb8hs22
CVE-2021-26084,PUBLISHED,atlassian,2021-08-30T06:30:14.248Z,2025-02-04T14:48:39.312Z,,,CWE-917,webapps,java,Confluence Server and Data Center,Known,Atlassian,1,2021-09-04T00:00:00.000Z,phhq4n,hbkmxn8
CVE-2021-26084,PUBLISHED,atlassian,2021-08-30T06:30:14.248Z,2025-02-04T14:48:39.312Z,,,CWE-917,webapps,java,Confluence Server and Data Center,Known,Atlassian,47,2022-06-05T00:00:00.000Z,v56qin,
CVE-2021-26084,PUBLISHED,atlassian,2021-08-30T06:30:14.248Z,2025-02-04T14:48:39.312Z,,,CWE-917,webapps,java,Confluence Server and Data Center,Known,Atlassian,16,2021-10-28T00:00:00.000Z,qhlcap,
CVE-2021-26084,PUBLISHED,atlassian,2021-08-30T06:30:14.248Z,2025-02-04T14:48:39.312Z,,,CWE-917,webapps,java,Confluence Server and Data Center,Known,Atlassian,34,2021-09-01T00:00:00.000Z,pg0shl,
CVE-2021-26295,PUBLISHED,apache,2021-03-22T12:00:18.000Z,2025-02-13T16:27:51.958Z,,,,,,,,,2,2021-03-22T00:00:00.000Z,maljih,grthrrh
CVE-2021-26295,PUBLISHED,apache,2021-03-22T12:00:18.000Z,2025-02-13T16:27:51.958Z,,,,,,,,,8,2021-03-22T00:00:00.000Z,malm8c,
CVE-2021-26411,PUBLISHED,microsoft,2021-03-11T15:07:28.000Z,2025-02-04T19:15:09.812Z,8.8,3.1,CWE-416,,,Internet Explorer,Known,Microsoft,1,2021-03-10T00:00:00.000Z,m0z90n,gqgddew
CVE-2021-26414,PUBLISHED,microsoft,2021-06-08T22:46:11,2024-08-03T20:26:25.422Z,4.8,3.1,,,,,,,1,2022-06-27T00:00:00.000Z,vm0l6e,idzkoqj
CVE-2021-26414,PUBLISHED,microsoft,2021-06-08T22:46:11,2024-08-03T20:26:25.422Z,4.8,3.1,,,,,,,9,2021-11-23T00:00:00.000Z,r0eeam,hlse4m5
CVE-2021-26414,PUBLISHED,microsoft,2021-06-08T22:46:11,2024-08-03T20:26:25.422Z,4.8,3.1,,,,,,,11,2021-06-09T00:00:00.000Z,nuvt4i,h17bykw
CVE-2021-26414,PUBLISHED,microsoft,2021-06-08T22:46:11,2024-08-03T20:26:25.422Z,4.8,3.1,,,,,,,1,2021-06-11T00:00:00.000Z,nuvt4i,h1g1r3c
CVE-2021-26414,PUBLISHED,microsoft,2021-06-08T22:46:11,2024-08-03T20:26:25.422Z,4.8,3.1,,,,,,,1,2022-05-09T00:00:00.000Z,ul5bzm,i7y26mu
CVE-2021-26414,PUBLISHED,microsoft,2021-06-08T22:46:11,2024-08-03T20:26:25.422Z,4.8,3.1,,,,,,,1,2022-06-14T00:00:00.000Z,vbunt3,icd26ls
CVE-2021-26414,PUBLISHED,microsoft,2021-06-08T22:46:11,2024-08-03T20:26:25.422Z,4.8,3.1,,,,,,,1,2022-06-17T00:00:00.000Z,vbunt3,icqbdwv
CVE-2021-26414,PUBLISHED,microsoft,2021-06-08T22:46:11,2024-08-03T20:26:25.422Z,4.8,3.1,,,,,,,1,2023-03-15T00:00:00.000Z,110yz7o,jcbti27
CVE-2021-26414,PUBLISHED,microsoft,2021-06-08T22:46:11,2024-08-03T20:26:25.422Z,4.8,3.1,,,,,,,5,2023-06-20T00:00:00.000Z,14eidww,jov010y
CVE-2021-26414,PUBLISHED,microsoft,2021-06-08T22:46:11,2024-08-03T20:26:25.422Z,4.8,3.1,,,,,,,1,2024-01-19T00:00:00.000Z,18c5emw,kilxxwr
CVE-2021-26414,PUBLISHED,microsoft,2021-06-08T22:46:11,2024-08-03T20:26:25.422Z,4.8,3.1,,,,,,,2,2022-02-14T00:00:00.000Z,ssd966,
CVE-2021-26414,PUBLISHED,microsoft,2021-06-08T22:46:11,2024-08-03T20:26:25.422Z,4.8,3.1,,,,,,,15,2022-08-09T00:00:00.000Z,wk2nr3,
CVE-2021-26414,PUBLISHED,microsoft,2021-06-08T22:46:11,2024-08-03T20:26:25.422Z,4.8,3.1,,,,,,,1,2022-10-12T00:00:00.000Z,y2eyjz,
CVE-2021-26414,PUBLISHED,microsoft,2021-06-08T22:46:11,2024-08-03T20:26:25.422Z,4.8,3.1,,,,,,,1796,2023-01-16T00:00:00.000Z,10dvneq,
CVE-2021-26414,PUBLISHED,microsoft,2021-06-08T22:46:11,2024-08-03T20:26:25.422Z,4.8,3.1,,,,,,,2230,2023-02-04T00:00:00.000Z,10tpq1v,
CVE-2021-26414,PUBLISHED,microsoft,2021-06-08T22:46:11,2024-08-03T20:26:25.422Z,4.8,3.1,,,,,,,509,2023-03-04T00:00:00.000Z,11i51s0,
CVE-2021-26427,PUBLISHED,microsoft,2021-10-13T00:26:32,2024-08-03T20:26:25.215Z,9.0,3.1,,,,,,,13,2021-10-12T00:00:00.000Z,q6dldm,hgdmhaf
CVE-2021-26427,PUBLISHED,microsoft,2021-10-13T00:26:32,2024-08-03T20:26:25.215Z,9.0,3.1,,,,,,,1,2021-11-06T00:00:00.000Z,qnt4vb,hjjyhrc
CVE-2021-26855,PUBLISHED,microsoft,2021-03-02T23:55:26.000Z,2025-02-04T19:17:24.302Z,9.1,3.1,CWE-918,remote,windows,Exchange Server,Known,Microsoft,2,2021-03-10T00:00:00.000Z,m23qrw,gqgzz0e
CVE-2021-26855,PUBLISHED,microsoft,2021-03-02T23:55:26.000Z,2025-02-04T19:17:24.302Z,9.1,3.1,CWE-918,remote,windows,Exchange Server,Known,Microsoft,363,2022-02-27T00:00:00.000Z,t2tul0,hyovi33
CVE-2021-26855,PUBLISHED,microsoft,2021-03-02T23:55:26.000Z,2025-02-04T19:17:24.302Z,9.1,3.1,CWE-918,remote,windows,Exchange Server,Known,Microsoft,86,2021-03-03T00:00:00.000Z,lwmo5c,gpiak7u
CVE-2021-26855,PUBLISHED,microsoft,2021-03-02T23:55:26.000Z,2025-02-04T19:17:24.302Z,9.1,3.1,CWE-918,remote,windows,Exchange Server,Known,Microsoft,9,2021-03-03T00:00:00.000Z,lwmo5c,gpigxzj
CVE-2021-26855,PUBLISHED,microsoft,2021-03-02T23:55:26.000Z,2025-02-04T19:17:24.302Z,9.1,3.1,CWE-918,remote,windows,Exchange Server,Known,Microsoft,3,2021-03-05T00:00:00.000Z,lwmo5c,gptmzry
CVE-2021-26855,PUBLISHED,microsoft,2021-03-02T23:55:26.000Z,2025-02-04T19:17:24.302Z,9.1,3.1,CWE-918,remote,windows,Exchange Server,Known,Microsoft,1,2021-03-06T00:00:00.000Z,lwmo5c,gpzmnyn
CVE-2021-26855,PUBLISHED,microsoft,2021-03-02T23:55:26.000Z,2025-02-04T19:17:24.302Z,9.1,3.1,CWE-918,remote,windows,Exchange Server,Known,Microsoft,1,2021-11-18T00:00:00.000Z,qnrjgq,hl30444
CVE-2021-26855,PUBLISHED,microsoft,2021-03-02T23:55:26.000Z,2025-02-04T19:17:24.302Z,9.1,3.1,CWE-918,remote,windows,Exchange Server,Known,Microsoft,24,2021-03-02T00:00:00.000Z,lwcnkn,gpgp64g
CVE-2021-26855,PUBLISHED,microsoft,2021-03-02T23:55:26.000Z,2025-02-04T19:17:24.302Z,9.1,3.1,CWE-918,remote,windows,Exchange Server,Known,Microsoft,51,2021-03-03T00:00:00.000Z,lwcnkn,gphew3f
CVE-2021-26855,PUBLISHED,microsoft,2021-03-02T23:55:26.000Z,2025-02-04T19:17:24.302Z,9.1,3.1,CWE-918,remote,windows,Exchange Server,Known,Microsoft,8,2021-03-03T00:00:00.000Z,lwcnkn,gphijqm
CVE-2021-26855,PUBLISHED,microsoft,2021-03-02T23:55:26.000Z,2025-02-04T19:17:24.302Z,9.1,3.1,CWE-918,remote,windows,Exchange Server,Known,Microsoft,19,2021-03-03T00:00:00.000Z,lwcnkn,gpi5tjg
CVE-2021-26855,PUBLISHED,microsoft,2021-03-02T23:55:26.000Z,2025-02-04T19:17:24.302Z,9.1,3.1,CWE-918,remote,windows,Exchange Server,Known,Microsoft,3,2021-03-03T00:00:00.000Z,lwcnkn,gpilyuc
CVE-2021-26855,PUBLISHED,microsoft,2021-03-02T23:55:26.000Z,2025-02-04T19:17:24.302Z,9.1,3.1,CWE-918,remote,windows,Exchange Server,Known,Microsoft,1,2021-03-03T00:00:00.000Z,lwcnkn,gpin7yt
CVE-2021-26855,PUBLISHED,microsoft,2021-03-02T23:55:26.000Z,2025-02-04T19:17:24.302Z,9.1,3.1,CWE-918,remote,windows,Exchange Server,Known,Microsoft,1,2021-03-03T00:00:00.000Z,lwcnkn,gpkz6j4
CVE-2021-26855,PUBLISHED,microsoft,2021-03-02T23:55:26.000Z,2025-02-04T19:17:24.302Z,9.1,3.1,CWE-918,remote,windows,Exchange Server,Known,Microsoft,2,2021-03-04T00:00:00.000Z,lwcnkn,gpnbx4z
CVE-2021-26855,PUBLISHED,microsoft,2021-03-02T23:55:26.000Z,2025-02-04T19:17:24.302Z,9.1,3.1,CWE-918,remote,windows,Exchange Server,Known,Microsoft,4,2021-03-05T00:00:00.000Z,lyiltc,gpta1xb
CVE-2021-26855,PUBLISHED,microsoft,2021-03-02T23:55:26.000Z,2025-02-04T19:17:24.302Z,9.1,3.1,CWE-918,remote,windows,Exchange Server,Known,Microsoft,2,2021-03-05T00:00:00.000Z,lyiltc,gptniai
CVE-2021-26855,PUBLISHED,microsoft,2021-03-02T23:55:26.000Z,2025-02-04T19:17:24.302Z,9.1,3.1,CWE-918,remote,windows,Exchange Server,Known,Microsoft,1,2021-03-06T00:00:00.000Z,lwcnkn,gpzd7k0
CVE-2021-26855,PUBLISHED,microsoft,2021-03-02T23:55:26.000Z,2025-02-04T19:17:24.302Z,9.1,3.1,CWE-918,remote,windows,Exchange Server,Known,Microsoft,23,2021-03-06T00:00:00.000Z,lz8or5,gq0ocqd
CVE-2021-26855,PUBLISHED,microsoft,2021-03-02T23:55:26.000Z,2025-02-04T19:17:24.302Z,9.1,3.1,CWE-918,remote,windows,Exchange Server,Known,Microsoft,5,2021-03-06T00:00:00.000Z,lz8or5,gq0qh9q
CVE-2021-26855,PUBLISHED,microsoft,2021-03-02T23:55:26.000Z,2025-02-04T19:17:24.302Z,9.1,3.1,CWE-918,remote,windows,Exchange Server,Known,Microsoft,1,2021-03-07T00:00:00.000Z,lycbxx,gq32w4f
CVE-2021-26855,PUBLISHED,microsoft,2021-03-02T23:55:26.000Z,2025-02-04T19:17:24.302Z,9.1,3.1,CWE-918,remote,windows,Exchange Server,Known,Microsoft,21,2021-03-07T00:00:00.000Z,lzogj5,gq3ooxg
CVE-2021-26855,PUBLISHED,microsoft,2021-03-02T23:55:26.000Z,2025-02-04T19:17:24.302Z,9.1,3.1,CWE-918,remote,windows,Exchange Server,Known,Microsoft,1,2021-03-07T00:00:00.000Z,lz5m21,gq3zk4v
CVE-2021-26855,PUBLISHED,microsoft,2021-03-02T23:55:26.000Z,2025-02-04T19:17:24.302Z,9.1,3.1,CWE-918,remote,windows,Exchange Server,Known,Microsoft,4,2021-03-07T00:00:00.000Z,lzogj5,gq48t0j
CVE-2021-26855,PUBLISHED,microsoft,2021-03-02T23:55:26.000Z,2025-02-04T19:17:24.302Z,9.1,3.1,CWE-918,remote,windows,Exchange Server,Known,Microsoft,4,2021-03-07T00:00:00.000Z,lzjqk9,gq4ub6i
CVE-2021-26855,PUBLISHED,microsoft,2021-03-02T23:55:26.000Z,2025-02-04T19:17:24.302Z,9.1,3.1,CWE-918,remote,windows,Exchange Server,Known,Microsoft,3,2021-03-07T00:00:00.000Z,lz65y4,gq4yvtz
CVE-2021-26855,PUBLISHED,microsoft,2021-03-02T23:55:26.000Z,2025-02-04T19:17:24.302Z,9.1,3.1,CWE-918,remote,windows,Exchange Server,Known,Microsoft,17,2021-03-07T00:00:00.000Z,lzw5y5,gq52639
CVE-2021-26855,PUBLISHED,microsoft,2021-03-02T23:55:26.000Z,2025-02-04T19:17:24.302Z,9.1,3.1,CWE-918,remote,windows,Exchange Server,Known,Microsoft,3,2021-03-07T00:00:00.000Z,lzogj5,gq5fl3d
CVE-2021-26855,PUBLISHED,microsoft,2021-03-02T23:55:26.000Z,2025-02-04T19:17:24.302Z,9.1,3.1,CWE-918,remote,windows,Exchange Server,Known,Microsoft,1,2021-03-08T00:00:00.000Z,lzxfip,gq8341r
CVE-2021-26855,PUBLISHED,microsoft,2021-03-02T23:55:26.000Z,2025-02-04T19:17:24.302Z,9.1,3.1,CWE-918,remote,windows,Exchange Server,Known,Microsoft,1,2021-03-08T00:00:00.000Z,lzjqk9,gq83twt
CVE-2021-26855,PUBLISHED,microsoft,2021-03-02T23:55:26.000Z,2025-02-04T19:17:24.302Z,9.1,3.1,CWE-918,remote,windows,Exchange Server,Known,Microsoft,29,2021-03-08T00:00:00.000Z,m0gp6r,gq84duk
CVE-2021-26855,PUBLISHED,microsoft,2021-03-02T23:55:26.000Z,2025-02-04T19:17:24.302Z,9.1,3.1,CWE-918,remote,windows,Exchange Server,Known,Microsoft,2,2021-03-08T00:00:00.000Z,m0hnjz,gq88mtg
CVE-2021-26855,PUBLISHED,microsoft,2021-03-02T23:55:26.000Z,2025-02-04T19:17:24.302Z,9.1,3.1,CWE-918,remote,windows,Exchange Server,Known,Microsoft,2,2021-03-08T00:00:00.000Z,m0dyzh,gq8iqxv
CVE-2021-26855,PUBLISHED,microsoft,2021-03-02T23:55:26.000Z,2025-02-04T19:17:24.302Z,9.1,3.1,CWE-918,remote,windows,Exchange Server,Known,Microsoft,-1,2021-03-08T00:00:00.000Z,m0lxot,gq8krtd
CVE-2021-26855,PUBLISHED,microsoft,2021-03-02T23:55:26.000Z,2025-02-04T19:17:24.302Z,9.1,3.1,CWE-918,remote,windows,Exchange Server,Known,Microsoft,1,2021-03-09T00:00:00.000Z,lzjqk9,gqbkt1y
CVE-2021-26855,PUBLISHED,microsoft,2021-03-02T23:55:26.000Z,2025-02-04T19:17:24.302Z,9.1,3.1,CWE-918,remote,windows,Exchange Server,Known,Microsoft,1,2021-03-09T00:00:00.000Z,lzogj5,gqbnv5e
CVE-2021-26855,PUBLISHED,microsoft,2021-03-02T23:55:26.000Z,2025-02-04T19:17:24.302Z,9.1,3.1,CWE-918,remote,windows,Exchange Server,Known,Microsoft,2,2021-03-09T00:00:00.000Z,m0xflh,gqdotbz
CVE-2021-26855,PUBLISHED,microsoft,2021-03-02T23:55:26.000Z,2025-02-04T19:17:24.302Z,9.1,3.1,CWE-918,remote,windows,Exchange Server,Known,Microsoft,3,2021-03-14T00:00:00.000Z,m4dsk7,gquny49
CVE-2021-26855,PUBLISHED,microsoft,2021-03-02T23:55:26.000Z,2025-02-04T19:17:24.302Z,9.1,3.1,CWE-918,remote,windows,Exchange Server,Known,Microsoft,1,2021-03-25T00:00:00.000Z,lwcnkn,gs74ocj
CVE-2021-26855,PUBLISHED,microsoft,2021-03-02T23:55:26.000Z,2025-02-04T19:17:24.302Z,9.1,3.1,CWE-918,remote,windows,Exchange Server,Known,Microsoft,2,2021-04-01T00:00:00.000Z,mhe53h,gt1d90s
CVE-2021-26855,PUBLISHED,microsoft,2021-03-02T23:55:26.000Z,2025-02-04T19:17:24.302Z,9.1,3.1,CWE-918,remote,windows,Exchange Server,Known,Microsoft,1,2021-04-08T00:00:00.000Z,mmp70q,gtsrfyp
CVE-2021-26855,PUBLISHED,microsoft,2021-03-02T23:55:26.000Z,2025-02-04T19:17:24.302Z,9.1,3.1,CWE-918,remote,windows,Exchange Server,Known,Microsoft,1,2021-11-05T00:00:00.000Z,qni5fj,hjgk1oa
CVE-2021-26855,PUBLISHED,microsoft,2021-03-02T23:55:26.000Z,2025-02-04T19:17:24.302Z,9.1,3.1,CWE-918,remote,windows,Exchange Server,Known,Microsoft,1781,2021-03-02T00:00:00.000Z,lwcnkn,
CVE-2021-26855,PUBLISHED,microsoft,2021-03-02T23:55:26.000Z,2025-02-04T19:17:24.302Z,9.1,3.1,CWE-918,remote,windows,Exchange Server,Known,Microsoft,34,2021-03-05T00:00:00.000Z,lyiltc,
CVE-2021-26855,PUBLISHED,microsoft,2021-03-02T23:55:26.000Z,2025-02-04T19:17:24.302Z,9.1,3.1,CWE-918,remote,windows,Exchange Server,Known,Microsoft,5,2021-03-06T00:00:00.000Z,lz65y4,
CVE-2021-26855,PUBLISHED,microsoft,2021-03-02T23:55:26.000Z,2025-02-04T19:17:24.302Z,9.1,3.1,CWE-918,remote,windows,Exchange Server,Known,Microsoft,489,2021-03-07T00:00:00.000Z,lzogj5,
CVE-2021-26855,PUBLISHED,microsoft,2021-03-02T23:55:26.000Z,2025-02-04T19:17:24.302Z,9.1,3.1,CWE-918,remote,windows,Exchange Server,Known,Microsoft,18,2021-03-07T00:00:00.000Z,lzxfip,
CVE-2021-26855,PUBLISHED,microsoft,2021-03-02T23:55:26.000Z,2025-02-04T19:17:24.302Z,9.1,3.1,CWE-918,remote,windows,Exchange Server,Known,Microsoft,99,2021-03-08T00:00:00.000Z,m0dyzh,
CVE-2021-26855,PUBLISHED,microsoft,2021-03-02T23:55:26.000Z,2025-02-04T19:17:24.302Z,9.1,3.1,CWE-918,remote,windows,Exchange Server,Known,Microsoft,21,2021-03-08T00:00:00.000Z,m0fe18,
CVE-2021-26855,PUBLISHED,microsoft,2021-03-02T23:55:26.000Z,2025-02-04T19:17:24.302Z,9.1,3.1,CWE-918,remote,windows,Exchange Server,Known,Microsoft,2,2021-03-08T00:00:00.000Z,m0gom9,
CVE-2021-26855,PUBLISHED,microsoft,2021-03-02T23:55:26.000Z,2025-02-04T19:17:24.302Z,9.1,3.1,CWE-918,remote,windows,Exchange Server,Known,Microsoft,12,2021-03-08T00:00:00.000Z,m0jwme,
CVE-2021-26855,PUBLISHED,microsoft,2021-03-02T23:55:26.000Z,2025-02-04T19:17:24.302Z,9.1,3.1,CWE-918,remote,windows,Exchange Server,Known,Microsoft,29,2021-03-08T00:00:00.000Z,m0mk8g,
CVE-2021-26855,PUBLISHED,microsoft,2021-03-02T23:55:26.000Z,2025-02-04T19:17:24.302Z,9.1,3.1,CWE-918,remote,windows,Exchange Server,Known,Microsoft,11,2021-03-09T00:00:00.000Z,m1bgw2,
CVE-2021-26855,PUBLISHED,microsoft,2021-03-02T23:55:26.000Z,2025-02-04T19:17:24.302Z,9.1,3.1,CWE-918,remote,windows,Exchange Server,Known,Microsoft,0,2021-03-09T00:00:00.000Z,m1gxm9,
CVE-2021-26855,PUBLISHED,microsoft,2021-03-02T23:55:26.000Z,2025-02-04T19:17:24.302Z,9.1,3.1,CWE-918,remote,windows,Exchange Server,Known,Microsoft,0,2021-03-09T00:00:00.000Z,m1hzp0,
CVE-2021-26855,PUBLISHED,microsoft,2021-03-02T23:55:26.000Z,2025-02-04T19:17:24.302Z,9.1,3.1,CWE-918,remote,windows,Exchange Server,Known,Microsoft,6,2021-03-13T00:00:00.000Z,m4dsk7,
CVE-2021-26857,PUBLISHED,microsoft,2021-03-02T23:55:26.000Z,2025-02-04T19:16:52.639Z,7.8,3.1,CWE-502,,,Exchange Server,Known,Microsoft,2,2021-03-07T00:00:00.000Z,lz5m21,gq49vml
CVE-2021-26857,PUBLISHED,microsoft,2021-03-02T23:55:26.000Z,2025-02-04T19:16:52.639Z,7.8,3.1,CWE-502,,,Exchange Server,Known,Microsoft,2,2021-03-08T00:00:00.000Z,lz1jp4,gq5mj3c
CVE-2021-26857,PUBLISHED,microsoft,2021-03-02T23:55:26.000Z,2025-02-04T19:16:52.639Z,7.8,3.1,CWE-502,,,Exchange Server,Known,Microsoft,2,2021-03-09T00:00:00.000Z,m16y8m,gqduggu
CVE-2021-26857,PUBLISHED,microsoft,2021-03-02T23:55:26.000Z,2025-02-04T19:16:52.639Z,7.8,3.1,CWE-502,,,Exchange Server,Known,Microsoft,1,2021-03-10T00:00:00.000Z,lyrxyv,gqgp3l8
CVE-2021-26877,PUBLISHED,microsoft,2021-03-11T15:40:08,2024-08-03T20:33:41.253Z,9.8,3.1,,,,,,,1,2021-03-12T00:00:00.000Z,m2prtj,gqn4smt
CVE-2021-26877,PUBLISHED,microsoft,2021-03-11T15:40:08,2024-08-03T20:33:41.253Z,9.8,3.1,,,,,,,1,2021-03-12T00:00:00.000Z,m3nbkj,gqqtpjq
CVE-2021-26891,PUBLISHED,microsoft,2021-03-11T15:42:57,2024-08-03T20:33:41.324Z,7.8,3.1,,,,,,,12,2021-03-11T00:00:00.000Z,m34844,
CVE-2021-26897,PUBLISHED,microsoft,2021-03-11T15:43:32,2024-08-03T20:33:41.305Z,9.8,3.1,,,,,,,2,2021-03-12T00:00:00.000Z,m0z90n,gqo1fir
CVE-2021-26897,PUBLISHED,microsoft,2021-03-11T15:43:32,2024-08-03T20:33:41.305Z,9.8,3.1,,,,,,,694,2021-03-11T00:00:00.000Z,m2prtj,
CVE-2021-26902,PUBLISHED,microsoft,2021-03-11T15:44:16,2024-08-03T20:33:41.255Z,7.8,3.1,,,,,,,4,2021-03-09T00:00:00.000Z,m0z90n,gqdi8h6
CVE-2021-27065,PUBLISHED,microsoft,2021-03-02T23:55:28.000Z,2025-02-04T19:15:43.497Z,7.8,3.1,CWE-39,webapps,windows,Exchange Server,Known,Microsoft,3,2021-03-03T00:00:00.000Z,lwcnkn,gpjarcr
CVE-2021-27065,PUBLISHED,microsoft,2021-03-02T23:55:28.000Z,2025-02-04T19:15:43.497Z,7.8,3.1,CWE-39,webapps,windows,Exchange Server,Known,Microsoft,5,2021-03-03T00:00:00.000Z,lwcnkn,gpjkayt
CVE-2021-27065,PUBLISHED,microsoft,2021-03-02T23:55:28.000Z,2025-02-04T19:15:43.497Z,7.8,3.1,CWE-39,webapps,windows,Exchange Server,Known,Microsoft,18,2021-03-07T00:00:00.000Z,lzogj5,gq3at4c
CVE-2021-27065,PUBLISHED,microsoft,2021-03-02T23:55:28.000Z,2025-02-04T19:15:43.497Z,7.8,3.1,CWE-39,webapps,windows,Exchange Server,Known,Microsoft,4,2021-03-07T00:00:00.000Z,lz1jp4,gq4vj47
CVE-2021-27065,PUBLISHED,microsoft,2021-03-02T23:55:28.000Z,2025-02-04T19:15:43.497Z,7.8,3.1,CWE-39,webapps,windows,Exchange Server,Known,Microsoft,2,2021-03-08T00:00:00.000Z,m0dyzh,gq8si02
CVE-2021-27065,PUBLISHED,microsoft,2021-03-02T23:55:28.000Z,2025-02-04T19:15:43.497Z,7.8,3.1,CWE-39,webapps,windows,Exchange Server,Known,Microsoft,6,2021-03-08T00:00:00.000Z,m0mk8g,gq92kgc
CVE-2021-27065,PUBLISHED,microsoft,2021-03-02T23:55:28.000Z,2025-02-04T19:15:43.497Z,7.8,3.1,CWE-39,webapps,windows,Exchange Server,Known,Microsoft,4,2021-03-08T00:00:00.000Z,m0mk8g,gq9aauf
CVE-2021-27065,PUBLISHED,microsoft,2021-03-02T23:55:28.000Z,2025-02-04T19:15:43.497Z,7.8,3.1,CWE-39,webapps,windows,Exchange Server,Known,Microsoft,1,2021-03-11T00:00:00.000Z,m22hl7,gqkby0q
CVE-2021-27065,PUBLISHED,microsoft,2021-03-02T23:55:28.000Z,2025-02-04T19:15:43.497Z,7.8,3.1,CWE-39,webapps,windows,Exchange Server,Known,Microsoft,1,2021-03-11T00:00:00.000Z,m22hl7,gqkcpfu
CVE-2021-27065,PUBLISHED,microsoft,2021-03-02T23:55:28.000Z,2025-02-04T19:15:43.497Z,7.8,3.1,CWE-39,webapps,windows,Exchange Server,Known,Microsoft,1,2021-03-24T00:00:00.000Z,mbyo0t,gs28mmr
CVE-2021-27065,PUBLISHED,microsoft,2021-03-02T23:55:28.000Z,2025-02-04T19:15:43.497Z,7.8,3.1,CWE-39,webapps,windows,Exchange Server,Known,Microsoft,34,2021-03-08T00:00:00.000Z,m0d98h,
CVE-2021-27065,PUBLISHED,microsoft,2021-03-02T23:55:28.000Z,2025-02-04T19:15:43.497Z,7.8,3.1,CWE-39,webapps,windows,Exchange Server,Known,Microsoft,0,2021-03-08T00:00:00.000Z,m0p9w4,
CVE-2021-27065,PUBLISHED,microsoft,2021-03-02T23:55:28.000Z,2025-02-04T19:15:43.497Z,7.8,3.1,CWE-39,webapps,windows,Exchange Server,Known,Microsoft,0,2021-03-24T00:00:00.000Z,mbyo0t,
CVE-2021-27075,PUBLISHED,microsoft,2021-03-11T15:50:50,2024-08-03T20:40:47.025Z,6.8,3.1,,,,,,,3,2021-05-12T00:00:00.000Z,n9yys4,gxtl127
CVE-2021-27077,PUBLISHED,microsoft,2021-03-11T15:50:54,2024-08-03T20:40:47.270Z,7.8,3.1,,,,,,Microsoft,6,2021-03-10T00:00:00.000Z,m0z90n,gqf7dga
CVE-2021-27078,PUBLISHED,microsoft,2021-03-02T23:55:28,2024-08-03T20:40:47.276Z,9.1,3.1,,,,,,,5,2021-03-03T00:00:00.000Z,lwdcoj,gphsou1
CVE-2021-27208,PUBLISHED,mitre,2021-03-15T12:27:26,2024-08-03T20:40:47.492Z,,,,,,,,,9,2021-04-02T00:00:00.000Z,mievav,gt4ar66
CVE-2021-27579,PUBLISHED,mitre,2021-02-23T17:03:46,2024-08-03T21:26:09.720Z,,,,,,,,,53,2021-03-01T00:00:00.000Z,lvcmzk,
CVE-2021-27928,PUBLISHED,mitre,2021-03-19T02:46:44,2024-08-03T21:33:17.002Z,,,,local,linux,,,,10,2021-10-02T00:00:00.000Z,pzk6ny,
CVE-2021-28041,PUBLISHED,mitre,2021-03-05T19:07:34,2024-08-03T21:33:17.327Z,,,,,,,,,2,2022-01-08T00:00:00.000Z,ryuj0h,hrs52tl
CVE-2021-28114,PUBLISHED,mitre,2021-07-16T12:16:18,2024-08-03T21:33:17.341Z,,,,,,,,,5,2021-06-03T00:00:00.000Z,nra0y6,h0f93o5
CVE-2021-28133,PUBLISHED,mitre,2021-03-18T13:59:36,2024-08-03T21:33:17.446Z,,,,,,,,,1,2021-03-19T00:00:00.000Z,m7ztqe,grg52ox
CVE-2021-28139,PUBLISHED,mitre,2021-09-07T06:27:53,2024-08-03T21:33:17.547Z,,,,,,,,,1,2021-09-03T00:00:00.000Z,pgy8j6,hbfsg6t
CVE-2021-28480,PUBLISHED,microsoft,2021-04-13T19:33:46,2024-08-03T21:47:31.822Z,9.8,3.1,,,,,,,31,2021-04-13T00:00:00.000Z,mpune3,guekd51
CVE-2021-28480,PUBLISHED,microsoft,2021-04-13T19:33:46,2024-08-03T21:47:31.822Z,9.8,3.1,,,,,,,162,2021-04-13T00:00:00.000Z,mq8oda,
CVE-2021-28562,PUBLISHED,adobe,2021-06-28T13:45:30.250294Z,2024-09-16T17:39:11.195Z,8.8,3.1,CWE-416,,,,,,139,2024-03-21T00:00:00.000Z,1bkeid1,kvxngut
CVE-2021-28663,PUBLISHED,mitre,2021-05-10T00:00:00,2024-08-03T21:47:33.122Z,,,CWE-416,,,Mali Graphics Processing Unit (GPU),Unknown,Arm,11,2021-09-23T00:00:00.000Z,ptsio2,
CVE-2021-29657,PUBLISHED,mitre,2021-07-22T16:44:33,2024-08-03T22:11:06.370Z,,,,,,,,,2,2021-06-30T00:00:00.000Z,oad9up,h3l3k72
CVE-2021-29736,PUBLISHED,ibm,2021-07-30T11:15:13.318471Z,2024-09-16T20:03:22.236Z,5.0,3.0,,,,,,,0,2021-08-02T00:00:00.000Z,owa1e5,
CVE-2021-29921,PUBLISHED,mitre,2021-05-06T00:00:00,2024-08-03T22:18:03.310Z,,,,,,,,,54,2021-04-30T00:00:00.000Z,n264o0,gwhgal9
CVE-2021-29921,PUBLISHED,mitre,2021-05-06T00:00:00,2024-08-03T22:18:03.310Z,,,,,,,,,6,2021-08-08T00:00:00.000Z,p0d5zk,h882kwg
CVE-2021-29923,PUBLISHED,mitre,2021-08-07T16:38:59,2024-08-03T22:18:03.455Z,,,,,,,,,20,2021-08-08T00:00:00.000Z,p0d5zk,h85rl06
CVE-2021-3011,PUBLISHED,mitre,2021-01-07T15:07:18,2024-08-03T16:45:50.631Z,,,,,,,,,2,2021-01-09T00:00:00.000Z,ktnjcv,
CVE-2021-30116,PUBLISHED,mitre,2021-07-09T00:00:00.000Z,2025-02-04T19:41:53.378Z,10.0,3.1,CWE-522,,,Virtual System/Server Administrator (VSA),Known,Kaseya,-8,2021-07-09T00:00:00.000Z,ogwl0k,h4m3xw4
CVE-2021-30116,PUBLISHED,mitre,2021-07-09T00:00:00.000Z,2025-02-04T19:41:53.378Z,10.0,3.1,CWE-522,,,Virtual System/Server Administrator (VSA),Known,Kaseya,80,2021-07-06T00:00:00.000Z,oer8jo,h48c2uk
CVE-2021-30116,PUBLISHED,mitre,2021-07-09T00:00:00.000Z,2025-02-04T19:41:53.378Z,10.0,3.1,CWE-522,,,Virtual System/Server Administrator (VSA),Known,Kaseya,7,2021-07-06T00:00:00.000Z,oer8jo,h49girx
CVE-2021-30116,PUBLISHED,mitre,2021-07-09T00:00:00.000Z,2025-02-04T19:41:53.378Z,10.0,3.1,CWE-522,,,Virtual System/Server Administrator (VSA),Known,Kaseya,8,2021-07-07T00:00:00.000Z,of0izj,h4aq5lu
CVE-2021-30116,PUBLISHED,mitre,2021-07-09T00:00:00.000Z,2025-02-04T19:41:53.378Z,10.0,3.1,CWE-522,,,Virtual System/Server Administrator (VSA),Known,Kaseya,2,2021-07-08T00:00:00.000Z,ofpu23,h4fyyz5
CVE-2021-30116,PUBLISHED,mitre,2021-07-09T00:00:00.000Z,2025-02-04T19:41:53.378Z,10.0,3.1,CWE-522,,,Virtual System/Server Administrator (VSA),Known,Kaseya,1,2021-07-09T00:00:00.000Z,ocggbv,h4jr25u
CVE-2021-30116,PUBLISHED,mitre,2021-07-09T00:00:00.000Z,2025-02-04T19:41:53.378Z,10.0,3.1,CWE-522,,,Virtual System/Server Administrator (VSA),Known,Kaseya,2,2021-07-09T00:00:00.000Z,ocggbv,h4jsyvx
CVE-2021-30116,PUBLISHED,mitre,2021-07-09T00:00:00.000Z,2025-02-04T19:41:53.378Z,10.0,3.1,CWE-522,,,Virtual System/Server Administrator (VSA),Known,Kaseya,5,2021-07-06T00:00:00.000Z,oeungp,h495wc2
CVE-2021-30354,PUBLISHED,checkpoint,2021-09-01T17:43:38,2024-08-03T22:32:41.028Z,,,CWE-680,,,,,,2,2021-08-08T00:00:00.000Z,p0fe23,h8682v9
CVE-2021-30480,PUBLISHED,mitre,2021-04-09T22:03:47,2024-08-03T22:32:41.055Z,8.5,3.1,,,,,,,1,2021-04-11T00:00:00.000Z,mo7d4i,gu4aom5
CVE-2021-30480,PUBLISHED,mitre,2021-04-09T22:03:47,2024-08-03T22:32:41.055Z,8.5,3.1,,,,,,,1,2021-04-11T00:00:00.000Z,mnmlpj,gu4a2nm
CVE-2021-30481,PUBLISHED,mitre,2021-04-10T18:31:34,2024-08-03T22:32:41.121Z,8.0,3.1,,,,,,,-1,2023-02-04T00:00:00.000Z,10syxm9,j78a1me
CVE-2021-3050,PUBLISHED,palo_alto,2021-08-11T17:10:20.968755Z,2024-09-16T22:51:48.059Z,8.8,3.1,CWE-78,,,,,,2,2021-08-16T00:00:00.000Z,p571w0,
CVE-2021-30528,PUBLISHED,Chrome,2021-06-07T00:00:00,2024-08-03T22:32:41.130Z,,,,,,,,,11,2021-09-30T00:00:00.000Z,pymyhj,hev5ptz
CVE-2021-30573,PUBLISHED,Chrome,2021-08-03T19:40:55,2024-08-03T22:32:41.340Z,,,,,,,,,24,2021-10-23T00:00:00.000Z,qe4y4w,hhr4maw
CVE-2021-30573,PUBLISHED,Chrome,2021-08-03T19:40:55,2024-08-03T22:32:41.340Z,,,,,,,,,20,2021-10-23T00:00:00.000Z,qe4y4w,hhr501k
CVE-2021-3064,PUBLISHED,palo_alto,2021-11-10T17:10:31.046205Z,2024-09-17T03:28:39.041Z,9.8,3.1,CWE-121,,,,,,1,2021-11-11T00:00:00.000Z,qr27il,hk70xrn
CVE-2021-3064,PUBLISHED,palo_alto,2021-11-10T17:10:31.046205Z,2024-09-17T03:28:39.041Z,9.8,3.1,CWE-121,,,,,,3,2021-11-13T00:00:00.000Z,qsdcn2,hketpba
CVE-2021-3064,PUBLISHED,palo_alto,2021-11-10T17:10:31.046205Z,2024-09-17T03:28:39.041Z,9.8,3.1,CWE-121,,,,,,10,2021-11-10T00:00:00.000Z,qr09mk,hk3pz00
CVE-2021-3064,PUBLISHED,palo_alto,2021-11-10T17:10:31.046205Z,2024-09-17T03:28:39.041Z,9.8,3.1,CWE-121,,,,,,1,2021-11-10T00:00:00.000Z,qr09mk,hk3v4vs
CVE-2021-3064,PUBLISHED,palo_alto,2021-11-10T17:10:31.046205Z,2024-09-17T03:28:39.041Z,9.8,3.1,CWE-121,,,,,,5,2023-03-26T00:00:00.000Z,122or4w,jdsv67k
CVE-2021-30666,PUBLISHED,apple,2021-09-08T14:25:25.000Z,2025-01-29T17:26:00.243Z,,,CWE-119,,,iOS,Unknown,Apple,10,2021-05-05T00:00:00.000Z,n55geb,gx0ncnk
CVE-2021-30666,PUBLISHED,apple,2021-09-08T14:25:25.000Z,2025-01-29T17:26:00.243Z,,,CWE-119,,,iOS,Unknown,Apple,12,2022-08-16T00:00:00.000Z,wq6y63,
CVE-2021-30751,PUBLISHED,apple,2021-09-08T13:45:46,2024-08-03T22:40:32.147Z,,,,,,,,,2,2023-01-03T00:00:00.000Z,101eunz,j2p9aqk
CVE-2021-30807,PUBLISHED,apple,2021-10-19T13:12:40.000Z,2025-01-29T17:23:54.223Z,,,CWE-787,,,Multiple Products,Unknown,Apple,7,2021-07-27T00:00:00.000Z,osgku2,h6ohag8
CVE-2021-30860,PUBLISHED,apple,2021-08-24T18:49:25.000Z,2025-02-03T13:59:32.373Z,,,"CWE-20, CWE-190",,,Multiple Products,Unknown,Apple,1,2021-09-15T00:00:00.000Z,pnn3vc,hcw8dgv
CVE-2021-30860,PUBLISHED,apple,2021-08-24T18:49:25.000Z,2025-02-03T13:59:32.373Z,,,"CWE-20, CWE-190",,,Multiple Products,Unknown,Apple,8,2021-12-16T00:00:00.000Z,rh9ksw,hopvg7h
CVE-2021-30860,PUBLISHED,apple,2021-08-24T18:49:25.000Z,2025-02-03T13:59:32.373Z,,,"CWE-20, CWE-190",,,Multiple Products,Unknown,Apple,24,2022-01-14T00:00:00.000Z,s38dzf,hsktb36
CVE-2021-30883,PUBLISHED,apple,2021-08-24T18:49:47.000Z,2025-01-29T17:29:54.695Z,,,CWE-787,,,Multiple Products,Unknown,Apple,7,2021-10-12T00:00:00.000Z,q6vi78,hgehuh7
CVE-2021-30883,PUBLISHED,apple,2021-08-24T18:49:47.000Z,2025-01-29T17:29:54.695Z,,,CWE-787,,,Multiple Products,Unknown,Apple,2,2021-11-22T00:00:00.000Z,qzhxy8,
CVE-2021-30892,PUBLISHED,apple,2021-08-24T18:49:56,2024-08-03T22:48:13.398Z,,,,,,,,,5,2021-10-28T00:00:00.000Z,qhu5ey,hifsizg
CVE-2021-30892,PUBLISHED,apple,2021-08-24T18:49:56,2024-08-03T22:48:13.398Z,,,,,,,,,-34,2021-10-28T00:00:00.000Z,qhsdfd,hifavy2
CVE-2021-3100,PUBLISHED,palo_alto,2022-04-19T22:15:19.689680Z,2024-09-16T16:48:29.903Z,8.8,3.1,CWE-250,,,,,,12,2022-04-29T00:00:00.000Z,uemj6t,
CVE-2021-31166,PUBLISHED,microsoft,2021-05-11T19:11:19.000Z,2025-02-07T14:37:15.815Z,9.8,3.1,CWE-416,,,HTTP Protocol Stack,Unknown,Microsoft,2,2022-01-21T00:00:00.000Z,s604u6,htj95s0
CVE-2021-31166,PUBLISHED,microsoft,2021-05-11T19:11:19.000Z,2025-02-07T14:37:15.815Z,9.8,3.1,CWE-416,,,HTTP Protocol Stack,Unknown,Microsoft,1,2022-01-18T00:00:00.000Z,s6oxl1,ht50d33
CVE-2021-31166,PUBLISHED,microsoft,2021-05-11T19:11:19.000Z,2025-02-07T14:37:15.815Z,9.8,3.1,CWE-416,,,HTTP Protocol Stack,Unknown,Microsoft,19,2022-01-18T00:00:00.000Z,s6oynd,ht508da
CVE-2021-31166,PUBLISHED,microsoft,2021-05-11T19:11:19.000Z,2025-02-07T14:37:15.815Z,9.8,3.1,CWE-416,,,HTTP Protocol Stack,Unknown,Microsoft,4,2021-05-11T00:00:00.000Z,n9obtj,gxrwsls
CVE-2021-31166,PUBLISHED,microsoft,2021-05-11T19:11:19.000Z,2025-02-07T14:37:15.815Z,9.8,3.1,CWE-416,,,HTTP Protocol Stack,Unknown,Microsoft,12,2021-05-19T00:00:00.000Z,ng49yv,gyot4xm
CVE-2021-31166,PUBLISHED,microsoft,2021-05-11T19:11:19.000Z,2025-02-07T14:37:15.815Z,9.8,3.1,CWE-416,,,HTTP Protocol Stack,Unknown,Microsoft,2,2021-05-19T00:00:00.000Z,ng49yv,gyqbqhi
CVE-2021-31166,PUBLISHED,microsoft,2021-05-11T19:11:19.000Z,2025-02-07T14:37:15.815Z,9.8,3.1,CWE-416,,,HTTP Protocol Stack,Unknown,Microsoft,4,2021-06-12T00:00:00.000Z,ny10zy,h1i0tqo
CVE-2021-31166,PUBLISHED,microsoft,2021-05-11T19:11:19.000Z,2025-02-07T14:37:15.815Z,9.8,3.1,CWE-416,,,HTTP Protocol Stack,Unknown,Microsoft,7,2021-05-12T00:00:00.000Z,nabbyd,
CVE-2021-31166,PUBLISHED,microsoft,2021-05-11T19:11:19.000Z,2025-02-07T14:37:15.815Z,9.8,3.1,CWE-416,,,HTTP Protocol Stack,Unknown,Microsoft,33,2021-05-19T00:00:00.000Z,ng49yv,
CVE-2021-31196,PUBLISHED,microsoft,2021-07-14T17:53:12.000Z,2025-01-28T16:52:34.659Z,7.2,3.1,,,,Exchange Server,Unknown,Microsoft,5,2021-07-13T00:00:00.000Z,ojpmyr,h535xcf
CVE-2021-31196,PUBLISHED,microsoft,2021-07-14T17:53:12.000Z,2025-01-28T16:52:34.659Z,7.2,3.1,,,,Exchange Server,Unknown,Microsoft,6,2021-08-21T00:00:00.000Z,p8j6hv,h9r3dms
CVE-2021-31207,PUBLISHED,microsoft,2021-05-11T19:11:41.000Z,2025-02-04T18:17:16.447Z,6.6,3.1,"CWE-20, CWE-434",,,Exchange Server,Known,Microsoft,2,2022-01-27T00:00:00.000Z,sd9e7n,hugxcoj
CVE-2021-31207,PUBLISHED,microsoft,2021-05-11T19:11:41.000Z,2025-02-04T18:17:16.447Z,6.6,3.1,"CWE-20, CWE-434",,,Exchange Server,Known,Microsoft,1,2022-06-26T00:00:00.000Z,vkmkpv,idu5ncr
CVE-2021-31207,PUBLISHED,microsoft,2021-05-11T19:11:41.000Z,2025-02-04T18:17:16.447Z,6.6,3.1,"CWE-20, CWE-434",,,Exchange Server,Known,Microsoft,14,2021-08-21T00:00:00.000Z,p8ik84,h9qqq83
CVE-2021-31207,PUBLISHED,microsoft,2021-05-11T19:11:41.000Z,2025-02-04T18:17:16.447Z,6.6,3.1,"CWE-20, CWE-434",,,Exchange Server,Known,Microsoft,4,2021-08-21T00:00:00.000Z,p8ik84,h9r88e2
CVE-2021-31207,PUBLISHED,microsoft,2021-05-11T19:11:41.000Z,2025-02-04T18:17:16.447Z,6.6,3.1,"CWE-20, CWE-434",,,Exchange Server,Known,Microsoft,1,2021-08-21T00:00:00.000Z,p8ik84,h9r8ad6
CVE-2021-31207,PUBLISHED,microsoft,2021-05-11T19:11:41.000Z,2025-02-04T18:17:16.447Z,6.6,3.1,"CWE-20, CWE-434",,,Exchange Server,Known,Microsoft,6,2021-05-11T00:00:00.000Z,na5jtc,gxs8ixi
CVE-2021-31207,PUBLISHED,microsoft,2021-05-11T19:11:41.000Z,2025-02-04T18:17:16.447Z,6.6,3.1,"CWE-20, CWE-434",,,Exchange Server,Known,Microsoft,1,2021-10-30T00:00:00.000Z,qioywo,himnbi3
CVE-2021-31207,PUBLISHED,microsoft,2021-05-11T19:11:41.000Z,2025-02-04T18:17:16.447Z,6.6,3.1,"CWE-20, CWE-434",,,Exchange Server,Known,Microsoft,1,2021-11-17T00:00:00.000Z,pf2fxv,hl18gp7
CVE-2021-31207,PUBLISHED,microsoft,2021-05-11T19:11:41.000Z,2025-02-04T18:17:16.447Z,6.6,3.1,"CWE-20, CWE-434",,,Exchange Server,Known,Microsoft,13,2021-05-11T00:00:00.000Z,na5wh6,
CVE-2021-3129,PUBLISHED,mitre,2021-01-12T14:07:38.000Z,2025-02-04T20:24:54.265Z,,,,webapps,php,Ignition,Known,Laravel,0,2023-04-18T00:00:00.000Z,12qqft0,
CVE-2021-3129,PUBLISHED,mitre,2021-01-12T14:07:38.000Z,2025-02-04T20:24:54.265Z,,,,webapps,php,Ignition,Known,Laravel,2,2024-05-16T00:00:00.000Z,1ctnk2m,
CVE-2021-3129,PUBLISHED,mitre,2021-01-12T14:07:38.000Z,2025-02-04T20:24:54.265Z,,,,webapps,php,Ignition,Known,Laravel,1,2023-04-18T00:00:00.000Z,12qqbbl,
CVE-2021-31372,PUBLISHED,juniper,2021-10-19T18:17:06.961988Z,2024-09-16T20:47:42.111Z,8.8,3.1,CWE-20; ,,,,,,1,2023-07-23T00:00:00.000Z,157hx41,jt5vtdx
CVE-2021-3156,PUBLISHED,mitre,2021-01-26T00:00:00.000Z,2025-02-03T16:17:09.060Z,,,"CWE-122, CWE-193",local,multiple,Sudo,Unknown,Sudo,4,2021-01-31T00:00:00.000Z,l8pruw,glgy8yb
CVE-2021-3156,PUBLISHED,mitre,2021-01-26T00:00:00.000Z,2025-02-03T16:17:09.060Z,,,"CWE-122, CWE-193",local,multiple,Sudo,Unknown,Sudo,1,2021-02-05T00:00:00.000Z,l8pruw,gm6bide
CVE-2021-3156,PUBLISHED,mitre,2021-01-26T00:00:00.000Z,2025-02-03T16:17:09.060Z,,,"CWE-122, CWE-193",local,multiple,Sudo,Unknown,Sudo,6,2022-07-03T00:00:00.000Z,vpxirn,ieobiio
CVE-2021-3156,PUBLISHED,mitre,2021-01-26T00:00:00.000Z,2025-02-03T16:17:09.060Z,,,"CWE-122, CWE-193",local,multiple,Sudo,Unknown,Sudo,3,2022-12-19T00:00:00.000Z,zpxfxa,j0v2gmc
CVE-2021-3156,PUBLISHED,mitre,2021-01-26T00:00:00.000Z,2025-02-03T16:17:09.060Z,,,"CWE-122, CWE-193",local,multiple,Sudo,Unknown,Sudo,42,2021-04-13T00:00:00.000Z,mq3glh,gudje46
CVE-2021-3156,PUBLISHED,mitre,2021-01-26T00:00:00.000Z,2025-02-03T16:17:09.060Z,,,"CWE-122, CWE-193",local,multiple,Sudo,Unknown,Sudo,14,2021-04-13T00:00:00.000Z,mq3glh,gue2xrg
CVE-2021-3156,PUBLISHED,mitre,2021-01-26T00:00:00.000Z,2025-02-03T16:17:09.060Z,,,"CWE-122, CWE-193",local,multiple,Sudo,Unknown,Sudo,6,2022-10-09T00:00:00.000Z,xzlk53,irobsna
CVE-2021-3156,PUBLISHED,mitre,2021-01-26T00:00:00.000Z,2025-02-03T16:17:09.060Z,,,"CWE-122, CWE-193",local,multiple,Sudo,Unknown,Sudo,3,2021-01-27T00:00:00.000Z,l5qw7v,gkz363g
CVE-2021-3156,PUBLISHED,mitre,2021-01-26T00:00:00.000Z,2025-02-03T16:17:09.060Z,,,"CWE-122, CWE-193",local,multiple,Sudo,Unknown,Sudo,1,2021-01-29T00:00:00.000Z,l6vqg4,gl72b2k
CVE-2021-3156,PUBLISHED,mitre,2021-01-26T00:00:00.000Z,2025-02-03T16:17:09.060Z,,,"CWE-122, CWE-193",local,multiple,Sudo,Unknown,Sudo,2,2021-01-29T00:00:00.000Z,l7ji1o,gl7i8rz
CVE-2021-3156,PUBLISHED,mitre,2021-01-26T00:00:00.000Z,2025-02-03T16:17:09.060Z,,,"CWE-122, CWE-193",local,multiple,Sudo,Unknown,Sudo,32,2021-01-27T00:00:00.000Z,l5nfwv,gkwaetd
CVE-2021-3156,PUBLISHED,mitre,2021-01-26T00:00:00.000Z,2025-02-03T16:17:09.060Z,,,"CWE-122, CWE-193",local,multiple,Sudo,Unknown,Sudo,2,2021-01-27T00:00:00.000Z,l5nfwv,gkyc3dz
CVE-2021-3156,PUBLISHED,mitre,2021-01-26T00:00:00.000Z,2025-02-03T16:17:09.060Z,,,"CWE-122, CWE-193",local,multiple,Sudo,Unknown,Sudo,1,2021-01-30T00:00:00.000Z,l5nfwv,glf3x5x
CVE-2021-3156,PUBLISHED,mitre,2021-01-26T00:00:00.000Z,2025-02-03T16:17:09.060Z,,,"CWE-122, CWE-193",local,multiple,Sudo,Unknown,Sudo,10,2022-12-19T00:00:00.000Z,zpxaxz,j0v1oml
CVE-2021-3156,PUBLISHED,mitre,2021-01-26T00:00:00.000Z,2025-02-03T16:17:09.060Z,,,"CWE-122, CWE-193",local,multiple,Sudo,Unknown,Sudo,8,2021-01-27T00:00:00.000Z,l6b613,gkzfu8g
CVE-2021-3156,PUBLISHED,mitre,2021-01-26T00:00:00.000Z,2025-02-03T16:17:09.060Z,,,"CWE-122, CWE-193",local,multiple,Sudo,Unknown,Sudo,7,2021-03-12T00:00:00.000Z,m2prtj,gqmvi9i
CVE-2021-3156,PUBLISHED,mitre,2021-01-26T00:00:00.000Z,2025-02-03T16:17:09.060Z,,,"CWE-122, CWE-193",local,multiple,Sudo,Unknown,Sudo,5,2021-03-12T00:00:00.000Z,m2prtj,gqn077a
CVE-2021-3156,PUBLISHED,mitre,2021-01-26T00:00:00.000Z,2025-02-03T16:17:09.060Z,,,"CWE-122, CWE-193",local,multiple,Sudo,Unknown,Sudo,37,2021-01-30T00:00:00.000Z,l8pruw,
CVE-2021-3156,PUBLISHED,mitre,2021-01-26T00:00:00.000Z,2025-02-03T16:17:09.060Z,,,"CWE-122, CWE-193",local,multiple,Sudo,Unknown,Sudo,7,2021-01-28T00:00:00.000Z,l7c79t,
CVE-2021-3156,PUBLISHED,mitre,2021-01-26T00:00:00.000Z,2025-02-03T16:17:09.060Z,,,"CWE-122, CWE-193",local,multiple,Sudo,Unknown,Sudo,0,2021-01-31T00:00:00.000Z,l9nyjc,
CVE-2021-3156,PUBLISHED,mitre,2021-01-26T00:00:00.000Z,2025-02-03T16:17:09.060Z,,,"CWE-122, CWE-193",local,multiple,Sudo,Unknown,Sudo,125,2021-04-13T00:00:00.000Z,mq3glh,
CVE-2021-3156,PUBLISHED,mitre,2021-01-26T00:00:00.000Z,2025-02-03T16:17:09.060Z,,,"CWE-122, CWE-193",local,multiple,Sudo,Unknown,Sudo,1,2021-01-28T00:00:00.000Z,l6vqg4,
CVE-2021-3156,PUBLISHED,mitre,2021-01-26T00:00:00.000Z,2025-02-03T16:17:09.060Z,,,"CWE-122, CWE-193",local,multiple,Sudo,Unknown,Sudo,14,2021-01-29T00:00:00.000Z,l7ji1o,
CVE-2021-3156,PUBLISHED,mitre,2021-01-26T00:00:00.000Z,2025-02-03T16:17:09.060Z,,,"CWE-122, CWE-193",local,multiple,Sudo,Unknown,Sudo,0,2021-01-27T00:00:00.000Z,l6b613,
CVE-2021-31589,PUBLISHED,mitre,2022-01-05T11:26:49,2024-08-03T23:03:33.662Z,,,,,,,,,2,2022-04-15T00:00:00.000Z,u459x6,i4ud8ec
CVE-2021-3177,PUBLISHED,mitre,2021-01-19T00:00:00,2024-08-03T16:45:51.394Z,,,,,,,,,2,2022-02-09T00:00:00.000Z,so84sp,
CVE-2021-31854,PUBLISHED,trellix,2022-01-19T11:00:16,2024-08-03T23:10:30.729Z,7.7,3.1,CWE-78,,,,,,19,2022-01-24T00:00:00.000Z,sb8fx8,htz3apl
CVE-2021-31958,PUBLISHED,microsoft,2021-06-08T22:46:27,2024-08-03T23:10:31.278Z,7.5,3.1,,,,,,,6,2021-06-11T00:00:00.000Z,nuvt4i,h1fg60f
CVE-2021-31978,PUBLISHED,microsoft,2021-06-08T22:46:40,2024-08-03T23:10:31.460Z,5.5,3.1,,,,,,,24,2021-06-29T00:00:00.000Z,o9xywl,
CVE-2021-31983,PUBLISHED,microsoft,2021-06-08T22:46:41,2024-08-03T23:10:31.411Z,7.8,3.1,,,,,,Microsoft,1,2021-12-10T00:00:00.000Z,rcnkv9,hnzf7tt
CVE-2021-32471,PUBLISHED,mitre,2021-05-10T04:49:54,2024-08-03T23:17:29.546Z,,,,,,,,,64,2022-08-18T00:00:00.000Z,wrler0,iku2xkq
CVE-2021-32648,PUBLISHED,GitHub_M,2021-08-26T19:00:12.000Z,2025-02-06T19:44:09.740Z,8.2,3.1,CWE-287,,,October CMS,Unknown,October CMS,29,2022-01-14T00:00:00.000Z,s3uxp7,hsnh6zw
CVE-2021-32761,PUBLISHED,GitHub_M,2021-07-21T20:50:09,2024-08-03T23:33:55.821Z,7.5,3.1,CWE-125; CWE-680,,,,,,1,2021-07-22T00:00:00.000Z,op7gl4,
CVE-2021-32803,PUBLISHED,GitHub_M,2021-08-03T19:05:12,2024-08-03T23:33:56.082Z,8.2,3.1,CWE-22,,,,,,3,2021-08-04T00:00:00.000Z,oxw1ex,h7oy2ny
CVE-2021-33742,PUBLISHED,microsoft,2021-06-08T22:46:44.000Z,2025-02-04T18:08:42.799Z,7.5,3.1,"CWE-787, CWE-823",,,Windows,Unknown,Microsoft,4,2021-06-09T00:00:00.000Z,nvvwsh,h1632h3
CVE-2021-33757,PUBLISHED,microsoft,2021-07-14T17:53:31,2024-08-03T23:58:22.864Z,5.3,3.1,,,,,,,749,2021-07-20T00:00:00.000Z,oo6a8f,
CVE-2021-33909,PUBLISHED,mitre,2021-07-20T18:01:34,2024-08-04T00:05:52.143Z,,,,,,,,,1,2021-07-21T00:00:00.000Z,oo4ko0,h605bqs
CVE-2021-33909,PUBLISHED,mitre,2021-07-20T18:01:34,2024-08-04T00:05:52.143Z,,,,,,,,,3,2021-07-21T00:00:00.000Z,oobfk2,h601moz
CVE-2021-33909,PUBLISHED,mitre,2021-07-20T18:01:34,2024-08-04T00:05:52.143Z,,,,,,,,,21,2021-07-21T00:00:00.000Z,ooldm1,h6045g6
CVE-2021-33909,PUBLISHED,mitre,2021-07-20T18:01:34,2024-08-04T00:05:52.143Z,,,,,,,,,1,2021-07-21T00:00:00.000Z,oosrwf,h60m80c
CVE-2021-33910,PUBLISHED,mitre,2021-07-20T18:13:49.000Z,2025-06-09T15:44:25.308Z,,,,,,,,,2,2021-07-20T00:00:00.000Z,onz8jv,h5xn5jx
CVE-2021-33910,PUBLISHED,mitre,2021-07-20T18:13:49.000Z,2025-06-09T15:44:25.308Z,,,,,,,,,12,2021-07-29T00:00:00.000Z,otl76s,h6wnvj8
CVE-2021-3393,PUBLISHED,redhat,2021-04-01T13:46:02,2024-08-03T16:53:17.479Z,,,CWE-209,,,,,,34,2022-05-27T00:00:00.000Z,uyr76h,
CVE-2021-3438,PUBLISHED,hp,2021-05-20T13:32:49,2024-08-03T16:53:17.609Z,,,,,,,,,8,2024-02-25T00:00:00.000Z,1azmhp1,ks2b0z7
CVE-2021-3438,PUBLISHED,hp,2021-05-20T13:32:49,2024-08-03T16:53:17.609Z,,,,,,,,,1,2024-02-25T00:00:00.000Z,1azmhp1,ks2mrf5
CVE-2021-3438,PUBLISHED,hp,2021-05-20T13:32:49,2024-08-03T16:53:17.609Z,,,,,,,,,2,2021-07-29T00:00:00.000Z,otnui3,
CVE-2021-3438,PUBLISHED,hp,2021-05-20T13:32:49,2024-08-03T16:53:17.609Z,,,,,,,,,62,2021-07-20T00:00:00.000Z,oo3hl8,
CVE-2021-34448,PUBLISHED,microsoft,2021-07-16T20:19:39.000Z,2025-02-04T18:40:25.106Z,6.8,3.1,CWE-787,,,Windows,Unknown,Microsoft,1,2021-07-15T00:00:00.000Z,oj7r7v,h58lsla
CVE-2021-34458,PUBLISHED,microsoft,2021-07-16T20:19:47,2024-08-04T00:12:50.104Z,9.9,3.1,,,,,,,6,2021-07-13T00:00:00.000Z,oj7r7v,h52kst6
CVE-2021-34470,PUBLISHED,microsoft,2021-07-14T17:54:02,2024-08-23T15:08:35.587Z,8.0,3.1,,,,,,,23,2021-07-29T00:00:00.000Z,ou8x47,h70rdmz
CVE-2021-34470,PUBLISHED,microsoft,2021-07-14T17:54:02,2024-08-23T15:08:35.587Z,8.0,3.1,,,,,,,7,2021-08-05T00:00:00.000Z,ou8x47,h7ukx7n
CVE-2021-34470,PUBLISHED,microsoft,2021-07-14T17:54:02,2024-08-23T15:08:35.587Z,8.0,3.1,,,,,,,1,2021-08-07T00:00:00.000Z,owh8qs,h819xq0
CVE-2021-34470,PUBLISHED,microsoft,2021-07-14T17:54:02,2024-08-23T15:08:35.587Z,8.0,3.1,,,,,,,4,2022-01-13T00:00:00.000Z,s30p6w,hshulev
CVE-2021-34473,PUBLISHED,microsoft,2021-07-14T17:54:03.000Z,2025-02-04T15:42:40.713Z,9.1,3.1,CWE-918,,,Exchange Server,Known,Microsoft,2,2021-08-24T00:00:00.000Z,paepgv,ha6m44n
CVE-2021-34473,PUBLISHED,microsoft,2021-07-14T17:54:03.000Z,2025-02-04T15:42:40.713Z,9.1,3.1,CWE-918,,,Exchange Server,Known,Microsoft,2,2021-08-16T00:00:00.000Z,p1hmwi,h95njbl
CVE-2021-34473,PUBLISHED,microsoft,2021-07-14T17:54:03.000Z,2025-02-04T15:42:40.713Z,9.1,3.1,CWE-918,,,Exchange Server,Known,Microsoft,1,2021-08-25T00:00:00.000Z,pa4ck4,haa9xid
CVE-2021-34473,PUBLISHED,microsoft,2021-07-14T17:54:03.000Z,2025-02-04T15:42:40.713Z,9.1,3.1,CWE-918,,,Exchange Server,Known,Microsoft,3,2022-09-15T00:00:00.000Z,xesvxr,iok4xl1
CVE-2021-34473,PUBLISHED,microsoft,2021-07-14T17:54:03.000Z,2025-02-04T15:42:40.713Z,9.1,3.1,CWE-918,,,Exchange Server,Known,Microsoft,3,2021-08-11T00:00:00.000Z,p2bwbo,
CVE-2021-3448,PUBLISHED,redhat,2021-04-08T22:06:45,2024-08-03T16:53:17.620Z,,,CWE-358,,,,,,1,2024-04-07T00:00:00.000Z,1bx6j4x,kyexxgw
CVE-2021-34481,PUBLISHED,microsoft,2021-07-16T20:19:54,2024-08-04T00:12:50.369Z,8.8,3.1,,,,,,,9,2021-08-10T00:00:00.000Z,p1hmwi,h8fm04r
CVE-2021-34481,PUBLISHED,microsoft,2021-07-16T20:19:54,2024-08-04T00:12:50.369Z,8.8,3.1,,,,,,,3,2021-08-13T00:00:00.000Z,p2h6gp,h8qf0gr
CVE-2021-34481,PUBLISHED,microsoft,2021-07-16T20:19:54,2024-08-04T00:12:50.369Z,8.8,3.1,,,,,,,2,2021-08-23T00:00:00.000Z,p7bk4v,ha0or8y
CVE-2021-34481,PUBLISHED,microsoft,2021-07-16T20:19:54,2024-08-04T00:12:50.369Z,8.8,3.1,,,,,,,6,2021-08-23T00:00:00.000Z,pa0lup,ha1bsvp
CVE-2021-34481,PUBLISHED,microsoft,2021-07-16T20:19:54,2024-08-04T00:12:50.369Z,8.8,3.1,,,,,,,1,2021-08-27T00:00:00.000Z,pbi2mc,hai5ci2
CVE-2021-34481,PUBLISHED,microsoft,2021-07-16T20:19:54,2024-08-04T00:12:50.369Z,8.8,3.1,,,,,,,1,2021-09-09T00:00:00.000Z,pka9rc,hc5i0si
CVE-2021-34481,PUBLISHED,microsoft,2021-07-16T20:19:54,2024-08-04T00:12:50.369Z,8.8,3.1,,,,,,,11,2021-09-14T00:00:00.000Z,pnmzdj,hcsq35g
CVE-2021-34481,PUBLISHED,microsoft,2021-07-16T20:19:54,2024-08-04T00:12:50.369Z,8.8,3.1,,,,,,,1,2021-09-24T00:00:00.000Z,ptwvrv,he2k5dy
CVE-2021-34481,PUBLISHED,microsoft,2021-07-16T20:19:54,2024-08-04T00:12:50.369Z,8.8,3.1,,,,,,,1,2021-09-24T00:00:00.000Z,ptwvrv,he3rs3h
CVE-2021-34481,PUBLISHED,microsoft,2021-07-16T20:19:54,2024-08-04T00:12:50.369Z,8.8,3.1,,,,,,,1,2021-12-03T00:00:00.000Z,r7a4fy,hn3ar79
CVE-2021-34481,PUBLISHED,microsoft,2021-07-16T20:19:54,2024-08-04T00:12:50.369Z,8.8,3.1,,,,,,,1,2022-04-21T00:00:00.000Z,u8pxrf,i5o616o
CVE-2021-34481,PUBLISHED,microsoft,2021-07-16T20:19:54,2024-08-04T00:12:50.369Z,8.8,3.1,,,,,,,1,2022-04-21T00:00:00.000Z,u8pxrf,i5o6sm6
CVE-2021-34481,PUBLISHED,microsoft,2021-07-16T20:19:54,2024-08-04T00:12:50.369Z,8.8,3.1,,,,,,,2,2023-11-19T00:00:00.000Z,17v5ckh,k9w18li
CVE-2021-34481,PUBLISHED,microsoft,2021-07-16T20:19:54,2024-08-04T00:12:50.369Z,8.8,3.1,,,,,,,3,2024-07-04T00:00:00.000Z,1duqr6l,lbkbl2u
CVE-2021-34481,PUBLISHED,microsoft,2021-07-16T20:19:54,2024-08-04T00:12:50.369Z,8.8,3.1,,,,,,,90,2021-07-16T00:00:00.000Z,olgdls,
CVE-2021-34481,PUBLISHED,microsoft,2021-07-16T20:19:54,2024-08-04T00:12:50.369Z,8.8,3.1,,,,,,,107,2021-07-16T00:00:00.000Z,ol548t,
CVE-2021-34481,PUBLISHED,microsoft,2021-07-16T20:19:54,2024-08-04T00:12:50.369Z,8.8,3.1,,,,,,,22,2021-07-16T00:00:00.000Z,ol9943,
CVE-2021-34481,PUBLISHED,microsoft,2021-07-16T20:19:54,2024-08-04T00:12:50.369Z,8.8,3.1,,,,,,,9,2021-07-16T00:00:00.000Z,olqfpo,
CVE-2021-34481,PUBLISHED,microsoft,2021-07-16T20:19:54,2024-08-04T00:12:50.369Z,8.8,3.1,,,,,,,6,2021-07-18T00:00:00.000Z,omxaha,
CVE-2021-34481,PUBLISHED,microsoft,2021-07-16T20:19:54,2024-08-04T00:12:50.369Z,8.8,3.1,,,,,,,0,2021-07-20T00:00:00.000Z,oobziv,
CVE-2021-34481,PUBLISHED,microsoft,2021-07-16T20:19:54,2024-08-04T00:12:50.369Z,8.8,3.1,,,,,,,7,2021-08-11T00:00:00.000Z,p2a36n,
CVE-2021-34481,PUBLISHED,microsoft,2021-07-16T20:19:54,2024-08-04T00:12:50.369Z,8.8,3.1,,,,,,,56,2021-08-11T00:00:00.000Z,p2h6gp,
CVE-2021-34481,PUBLISHED,microsoft,2021-07-16T20:19:54,2024-08-04T00:12:50.369Z,8.8,3.1,,,,,,,19,2021-08-23T00:00:00.000Z,pa0lup,
CVE-2021-34481,PUBLISHED,microsoft,2021-07-16T20:19:54,2024-08-04T00:12:50.369Z,8.8,3.1,,,,,,,31,2021-08-28T00:00:00.000Z,pdh29a,
CVE-2021-34484,PUBLISHED,microsoft,2021-08-12T18:11:55.000Z,2025-02-04T18:24:23.981Z,7.8,3.1,CWE-269,,,Windows,Unknown,Microsoft,5,2021-11-15T00:00:00.000Z,qug6wy,hkq3dhd
CVE-2021-34484,PUBLISHED,microsoft,2021-08-12T18:11:55.000Z,2025-02-04T18:24:23.981Z,7.8,3.1,CWE-269,,,Windows,Unknown,Microsoft,0,2021-11-15T00:00:00.000Z,qug6wy,
CVE-2021-34484,PUBLISHED,microsoft,2021-08-12T18:11:55.000Z,2025-02-04T18:24:23.981Z,7.8,3.1,CWE-269,,,Windows,Unknown,Microsoft,4,2021-11-15T00:00:00.000Z,qujeyu,
CVE-2021-3449,PUBLISHED,openssl,2021-03-25T14:25:13.659307Z,2024-09-17T03:43:55.497Z,,,,,,,,,1,2021-04-08T00:00:00.000Z,mlyszg,gtr1whp
CVE-2021-3450,PUBLISHED,openssl,2021-03-25T14:25:14.287899Z,2024-09-17T03:07:10.879Z,,,,,,,,,3,2021-03-25T00:00:00.000Z,md4cvp,gs7dc5c
CVE-2021-3450,PUBLISHED,openssl,2021-03-25T14:25:14.287899Z,2024-09-17T03:07:10.879Z,,,,,,,,,3,2021-04-26T00:00:00.000Z,myse9q,gvxssnp
CVE-2021-3450,PUBLISHED,openssl,2021-03-25T14:25:14.287899Z,2024-09-17T03:07:10.879Z,,,,,,,,,6,2021-03-25T00:00:00.000Z,md1bd1,gs7itnn
CVE-2021-3450,PUBLISHED,openssl,2021-03-25T14:25:14.287899Z,2024-09-17T03:07:10.879Z,,,,,,,,,47,2021-03-25T00:00:00.000Z,mczamm,
CVE-2021-3450,PUBLISHED,openssl,2021-03-25T14:25:14.287899Z,2024-09-17T03:07:10.879Z,,,,,,,,,33,2021-03-25T00:00:00.000Z,md1bd1,
CVE-2021-34527,PUBLISHED,microsoft,2021-07-02T21:25:11.000Z,2025-04-16T15:43:25.216Z,8.8,3.1,CWE-269,,,Windows,Known,Microsoft,3,2021-07-02T00:00:00.000Z,obrp7o,h3soe4y
CVE-2021-34527,PUBLISHED,microsoft,2021-07-02T21:25:11.000Z,2025-04-16T15:43:25.216Z,8.8,3.1,CWE-269,,,Windows,Known,Microsoft,2,2021-11-11T00:00:00.000Z,qoq5aa,hk920gw
CVE-2021-34527,PUBLISHED,microsoft,2021-07-02T21:25:11.000Z,2025-04-16T15:43:25.216Z,8.8,3.1,CWE-269,,,Windows,Known,Microsoft,3,2021-07-02T00:00:00.000Z,oaz3fr,h3s3uh6
CVE-2021-34527,PUBLISHED,microsoft,2021-07-02T21:25:11.000Z,2025-04-16T15:43:25.216Z,8.8,3.1,CWE-269,,,Windows,Known,Microsoft,3,2021-07-07T00:00:00.000Z,of4ska,h4aqchx
CVE-2021-34527,PUBLISHED,microsoft,2021-07-02T21:25:11.000Z,2025-04-16T15:43:25.216Z,8.8,3.1,CWE-269,,,Windows,Known,Microsoft,2,2021-07-07T00:00:00.000Z,of6zuf,h4arbkt
CVE-2021-34527,PUBLISHED,microsoft,2021-07-02T21:25:11.000Z,2025-04-16T15:43:25.216Z,8.8,3.1,CWE-269,,,Windows,Known,Microsoft,111,2021-07-07T00:00:00.000Z,ofq0vc,h4e0jn0
CVE-2021-34527,PUBLISHED,microsoft,2021-07-02T21:25:11.000Z,2025-04-16T15:43:25.216Z,8.8,3.1,CWE-269,,,Windows,Known,Microsoft,1,2021-07-09T00:00:00.000Z,ogotcr,h4m7kfs
CVE-2021-34527,PUBLISHED,microsoft,2021-07-02T21:25:11.000Z,2025-04-16T15:43:25.216Z,8.8,3.1,CWE-269,,,Windows,Known,Microsoft,7,2021-08-12T00:00:00.000Z,p2ywds,h8nbiwn
CVE-2021-34527,PUBLISHED,microsoft,2021-07-02T21:25:11.000Z,2025-04-16T15:43:25.216Z,8.8,3.1,CWE-269,,,Windows,Known,Microsoft,2,2022-02-11T00:00:00.000Z,sppaje,hwhzngt
CVE-2021-34527,PUBLISHED,microsoft,2021-07-02T21:25:11.000Z,2025-04-16T15:43:25.216Z,8.8,3.1,CWE-269,,,Windows,Known,Microsoft,45,2022-05-01T00:00:00.000Z,ug6g2i,i6y4ip3
CVE-2021-34527,PUBLISHED,microsoft,2021-07-02T21:25:11.000Z,2025-04-16T15:43:25.216Z,8.8,3.1,CWE-269,,,Windows,Known,Microsoft,2,2024-07-03T00:00:00.000Z,1ducj4h,lbiettu
CVE-2021-34527,PUBLISHED,microsoft,2021-07-02T21:25:11.000Z,2025-04-16T15:43:25.216Z,8.8,3.1,CWE-269,,,Windows,Known,Microsoft,3,2021-08-05T00:00:00.000Z,oy7cod,h7rz4k3
CVE-2021-34527,PUBLISHED,microsoft,2021-07-02T21:25:11.000Z,2025-04-16T15:43:25.216Z,8.8,3.1,CWE-269,,,Windows,Known,Microsoft,31,2021-06-30T00:00:00.000Z,ob6y02,h3lwz6e
CVE-2021-34527,PUBLISHED,microsoft,2021-07-02T21:25:11.000Z,2025-04-16T15:43:25.216Z,8.8,3.1,CWE-269,,,Windows,Known,Microsoft,4,2021-07-02T00:00:00.000Z,oc65gc,h3ssjf6
CVE-2021-34527,PUBLISHED,microsoft,2021-07-02T21:25:11.000Z,2025-04-16T15:43:25.216Z,8.8,3.1,CWE-269,,,Windows,Known,Microsoft,2,2021-07-02T00:00:00.000Z,ocggbv,h3uskww
CVE-2021-34527,PUBLISHED,microsoft,2021-07-02T21:25:11.000Z,2025-04-16T15:43:25.216Z,8.8,3.1,CWE-269,,,Windows,Known,Microsoft,1,2021-07-06T00:00:00.000Z,oepjvg,h4858ab
CVE-2021-34527,PUBLISHED,microsoft,2021-07-02T21:25:11.000Z,2025-04-16T15:43:25.216Z,8.8,3.1,CWE-269,,,Windows,Known,Microsoft,1,2021-07-07T00:00:00.000Z,oc65gc,h4ay27a
CVE-2021-34527,PUBLISHED,microsoft,2021-07-02T21:25:11.000Z,2025-04-16T15:43:25.216Z,8.8,3.1,CWE-269,,,Windows,Known,Microsoft,2,2021-07-12T00:00:00.000Z,og9hk3,h4zami3
CVE-2021-34527,PUBLISHED,microsoft,2021-07-02T21:25:11.000Z,2025-04-16T15:43:25.216Z,8.8,3.1,CWE-269,,,Windows,Known,Microsoft,2,2021-07-02T00:00:00.000Z,oadasi,h3txexw
CVE-2021-34527,PUBLISHED,microsoft,2021-07-02T21:25:11.000Z,2025-04-16T15:43:25.216Z,8.8,3.1,CWE-269,,,Windows,Known,Microsoft,2,2021-07-06T00:00:00.000Z,ocau2t,h4aflkg
CVE-2021-34527,PUBLISHED,microsoft,2021-07-02T21:25:11.000Z,2025-04-16T15:43:25.216Z,8.8,3.1,CWE-269,,,Windows,Known,Microsoft,15,2021-07-07T00:00:00.000Z,ofck6d,h4d5iuf
CVE-2021-34527,PUBLISHED,microsoft,2021-07-02T21:25:11.000Z,2025-04-16T15:43:25.216Z,8.8,3.1,CWE-269,,,Windows,Known,Microsoft,7,2021-08-29T00:00:00.000Z,pdqmpe,has218x
CVE-2021-34527,PUBLISHED,microsoft,2021-07-02T21:25:11.000Z,2025-04-16T15:43:25.216Z,8.8,3.1,CWE-269,,,Windows,Known,Microsoft,345,2021-03-11T00:00:00.000Z,m2prtj,gql36w3
CVE-2021-34527,PUBLISHED,microsoft,2021-07-02T21:25:11.000Z,2025-04-16T15:43:25.216Z,8.8,3.1,CWE-269,,,Windows,Known,Microsoft,1,2021-07-02T00:00:00.000Z,ob4s06,h3rnm6p
CVE-2021-34527,PUBLISHED,microsoft,2021-07-02T21:25:11.000Z,2025-04-16T15:43:25.216Z,8.8,3.1,CWE-269,,,Windows,Known,Microsoft,2,2021-07-02T00:00:00.000Z,ob4s06,h3rui87
CVE-2021-34527,PUBLISHED,microsoft,2021-07-02T21:25:11.000Z,2025-04-16T15:43:25.216Z,8.8,3.1,CWE-269,,,Windows,Known,Microsoft,2,2021-07-02T00:00:00.000Z,ob4s06,h3ruiiq
CVE-2021-34527,PUBLISHED,microsoft,2021-07-02T21:25:11.000Z,2025-04-16T15:43:25.216Z,8.8,3.1,CWE-269,,,Windows,Known,Microsoft,1,2021-07-02T00:00:00.000Z,ob4s06,h3ruj8r
CVE-2021-34527,PUBLISHED,microsoft,2021-07-02T21:25:11.000Z,2025-04-16T15:43:25.216Z,8.8,3.1,CWE-269,,,Windows,Known,Microsoft,1,2021-07-02T00:00:00.000Z,ob4s06,h3rujmm
CVE-2021-34527,PUBLISHED,microsoft,2021-07-02T21:25:11.000Z,2025-04-16T15:43:25.216Z,8.8,3.1,CWE-269,,,Windows,Known,Microsoft,1,2021-07-02T00:00:00.000Z,ob4s06,h3ruk1z
CVE-2021-34527,PUBLISHED,microsoft,2021-07-02T21:25:11.000Z,2025-04-16T15:43:25.216Z,8.8,3.1,CWE-269,,,Windows,Known,Microsoft,2,2021-07-02T00:00:00.000Z,ob4s06,h3rulnx
CVE-2021-34527,PUBLISHED,microsoft,2021-07-02T21:25:11.000Z,2025-04-16T15:43:25.216Z,8.8,3.1,CWE-269,,,Windows,Known,Microsoft,1,2021-07-02T00:00:00.000Z,ob4s06,h3rum9d
CVE-2021-34527,PUBLISHED,microsoft,2021-07-02T21:25:11.000Z,2025-04-16T15:43:25.216Z,8.8,3.1,CWE-269,,,Windows,Known,Microsoft,1,2021-07-02T00:00:00.000Z,ob4s06,h3runf7
CVE-2021-34527,PUBLISHED,microsoft,2021-07-02T21:25:11.000Z,2025-04-16T15:43:25.216Z,8.8,3.1,CWE-269,,,Windows,Known,Microsoft,3,2021-07-02T00:00:00.000Z,ob4s06,h3ruq27
CVE-2021-34527,PUBLISHED,microsoft,2021-07-02T21:25:11.000Z,2025-04-16T15:43:25.216Z,8.8,3.1,CWE-269,,,Windows,Known,Microsoft,1,2021-07-02T00:00:00.000Z,ob4s06,h3rurj0
CVE-2021-34527,PUBLISHED,microsoft,2021-07-02T21:25:11.000Z,2025-04-16T15:43:25.216Z,8.8,3.1,CWE-269,,,Windows,Known,Microsoft,1,2021-07-02T00:00:00.000Z,ob4s06,h3rus9d
CVE-2021-34527,PUBLISHED,microsoft,2021-07-02T21:25:11.000Z,2025-04-16T15:43:25.216Z,8.8,3.1,CWE-269,,,Windows,Known,Microsoft,1,2021-07-02T00:00:00.000Z,ob4s06,h3ruv8i
CVE-2021-34527,PUBLISHED,microsoft,2021-07-02T21:25:11.000Z,2025-04-16T15:43:25.216Z,8.8,3.1,CWE-269,,,Windows,Known,Microsoft,2,2021-07-02T00:00:00.000Z,ob4s06,h3rux1i
CVE-2021-34527,PUBLISHED,microsoft,2021-07-02T21:25:11.000Z,2025-04-16T15:43:25.216Z,8.8,3.1,CWE-269,,,Windows,Known,Microsoft,1,2021-07-02T00:00:00.000Z,ob4s06,h3ruxf6
CVE-2021-34527,PUBLISHED,microsoft,2021-07-02T21:25:11.000Z,2025-04-16T15:43:25.216Z,8.8,3.1,CWE-269,,,Windows,Known,Microsoft,1,2021-07-02T00:00:00.000Z,ob4s06,h3ruzba
CVE-2021-34527,PUBLISHED,microsoft,2021-07-02T21:25:11.000Z,2025-04-16T15:43:25.216Z,8.8,3.1,CWE-269,,,Windows,Known,Microsoft,1,2021-07-02T00:00:00.000Z,ob4s06,h3rv4pq
CVE-2021-34527,PUBLISHED,microsoft,2021-07-02T21:25:11.000Z,2025-04-16T15:43:25.216Z,8.8,3.1,CWE-269,,,Windows,Known,Microsoft,1,2021-07-02T00:00:00.000Z,ob4s06,h3rvfem
CVE-2021-34527,PUBLISHED,microsoft,2021-07-02T21:25:11.000Z,2025-04-16T15:43:25.216Z,8.8,3.1,CWE-269,,,Windows,Known,Microsoft,2,2021-07-02T00:00:00.000Z,ob4s06,h3rvigo
CVE-2021-34527,PUBLISHED,microsoft,2021-07-02T21:25:11.000Z,2025-04-16T15:43:25.216Z,8.8,3.1,CWE-269,,,Windows,Known,Microsoft,1,2021-07-02T00:00:00.000Z,ob4s06,h3rvnaz
CVE-2021-34527,PUBLISHED,microsoft,2021-07-02T21:25:11.000Z,2025-04-16T15:43:25.216Z,8.8,3.1,CWE-269,,,Windows,Known,Microsoft,6,2021-07-02T00:00:00.000Z,ob4s06,h3s4o53
CVE-2021-34527,PUBLISHED,microsoft,2021-07-02T21:25:11.000Z,2025-04-16T15:43:25.216Z,8.8,3.1,CWE-269,,,Windows,Known,Microsoft,2,2021-07-02T00:00:00.000Z,ob4s06,h3t5rmy
CVE-2021-34527,PUBLISHED,microsoft,2021-07-02T21:25:11.000Z,2025-04-16T15:43:25.216Z,8.8,3.1,CWE-269,,,Windows,Known,Microsoft,10,2021-07-02T00:00:00.000Z,occa9m,h3thbqk
CVE-2021-34527,PUBLISHED,microsoft,2021-07-02T21:25:11.000Z,2025-04-16T15:43:25.216Z,8.8,3.1,CWE-269,,,Windows,Known,Microsoft,2,2021-07-02T00:00:00.000Z,occa9m,h3tu1oq
CVE-2021-34527,PUBLISHED,microsoft,2021-07-02T21:25:11.000Z,2025-04-16T15:43:25.216Z,8.8,3.1,CWE-269,,,Windows,Known,Microsoft,2,2021-07-02T00:00:00.000Z,ocdcc6,h3tv9ip
CVE-2021-34527,PUBLISHED,microsoft,2021-07-02T21:25:11.000Z,2025-04-16T15:43:25.216Z,8.8,3.1,CWE-269,,,Windows,Known,Microsoft,7,2021-07-02T00:00:00.000Z,ocezbt,h3uaigj
CVE-2021-34527,PUBLISHED,microsoft,2021-07-02T21:25:11.000Z,2025-04-16T15:43:25.216Z,8.8,3.1,CWE-269,,,Windows,Known,Microsoft,1,2021-07-02T00:00:00.000Z,occ9by,h3ukokh
CVE-2021-34527,PUBLISHED,microsoft,2021-07-02T21:25:11.000Z,2025-04-16T15:43:25.216Z,8.8,3.1,CWE-269,,,Windows,Known,Microsoft,1,2021-07-02T00:00:00.000Z,occ9by,h3v82z7
CVE-2021-34527,PUBLISHED,microsoft,2021-07-02T21:25:11.000Z,2025-04-16T15:43:25.216Z,8.8,3.1,CWE-269,,,Windows,Known,Microsoft,1,2021-07-03T00:00:00.000Z,ob4s06,h3v97i4
CVE-2021-34527,PUBLISHED,microsoft,2021-07-02T21:25:11.000Z,2025-04-16T15:43:25.216Z,8.8,3.1,CWE-269,,,Windows,Known,Microsoft,40,2021-07-03T00:00:00.000Z,ocm6lv,h3vgzty
CVE-2021-34527,PUBLISHED,microsoft,2021-07-02T21:25:11.000Z,2025-04-16T15:43:25.216Z,8.8,3.1,CWE-269,,,Windows,Known,Microsoft,3,2021-07-03T00:00:00.000Z,ocdts0,h3vvbn5
CVE-2021-34527,PUBLISHED,microsoft,2021-07-02T21:25:11.000Z,2025-04-16T15:43:25.216Z,8.8,3.1,CWE-269,,,Windows,Known,Microsoft,-5,2021-07-03T00:00:00.000Z,ocn2q7,h3wljj2
CVE-2021-34527,PUBLISHED,microsoft,2021-07-02T21:25:11.000Z,2025-04-16T15:43:25.216Z,8.8,3.1,CWE-269,,,Windows,Known,Microsoft,3,2021-07-03T00:00:00.000Z,ocn2q7,h3y50jd
CVE-2021-34527,PUBLISHED,microsoft,2021-07-02T21:25:11.000Z,2025-04-16T15:43:25.216Z,8.8,3.1,CWE-269,,,Windows,Known,Microsoft,1,2021-07-05T00:00:00.000Z,odpi42,h43lkio
CVE-2021-34527,PUBLISHED,microsoft,2021-07-02T21:25:11.000Z,2025-04-16T15:43:25.216Z,8.8,3.1,CWE-269,,,Windows,Known,Microsoft,2,2021-07-05T00:00:00.000Z,odsj07,h446v8u
CVE-2021-34527,PUBLISHED,microsoft,2021-07-02T21:25:11.000Z,2025-04-16T15:43:25.216Z,8.8,3.1,CWE-269,,,Windows,Known,Microsoft,4,2021-07-06T00:00:00.000Z,of12xl,h49lnvw
CVE-2021-34527,PUBLISHED,microsoft,2021-07-02T21:25:11.000Z,2025-04-16T15:43:25.216Z,8.8,3.1,CWE-269,,,Windows,Known,Microsoft,2,2021-07-06T00:00:00.000Z,nuvt4i,h4aa7e2
CVE-2021-34527,PUBLISHED,microsoft,2021-07-02T21:25:11.000Z,2025-04-16T15:43:25.216Z,8.8,3.1,CWE-269,,,Windows,Known,Microsoft,1,2021-07-07T00:00:00.000Z,of4gcb,h4c2hod
CVE-2021-34527,PUBLISHED,microsoft,2021-07-02T21:25:11.000Z,2025-04-16T15:43:25.216Z,8.8,3.1,CWE-269,,,Windows,Known,Microsoft,1,2021-07-07T00:00:00.000Z,of4gjk,h4cirvy
CVE-2021-34527,PUBLISHED,microsoft,2021-07-02T21:25:11.000Z,2025-04-16T15:43:25.216Z,8.8,3.1,CWE-269,,,Windows,Known,Microsoft,2,2021-07-07T00:00:00.000Z,oflbny,h4e2lge
CVE-2021-34527,PUBLISHED,microsoft,2021-07-02T21:25:11.000Z,2025-04-16T15:43:25.216Z,8.8,3.1,CWE-269,,,Windows,Known,Microsoft,1,2021-07-07T00:00:00.000Z,ofrtpe,h4eck7k
CVE-2021-34527,PUBLISHED,microsoft,2021-07-02T21:25:11.000Z,2025-04-16T15:43:25.216Z,8.8,3.1,CWE-269,,,Windows,Known,Microsoft,2,2021-07-07T00:00:00.000Z,of4gcb,h4egypr
CVE-2021-34527,PUBLISHED,microsoft,2021-07-02T21:25:11.000Z,2025-04-16T15:43:25.216Z,8.8,3.1,CWE-269,,,Windows,Known,Microsoft,1,2021-07-07T00:00:00.000Z,of4gjk,h4enl4e
CVE-2021-34527,PUBLISHED,microsoft,2021-07-02T21:25:11.000Z,2025-04-16T15:43:25.216Z,8.8,3.1,CWE-269,,,Windows,Known,Microsoft,6,2021-07-08T00:00:00.000Z,ofplh2,h4f3r3u
CVE-2021-34527,PUBLISHED,microsoft,2021-07-02T21:25:11.000Z,2025-04-16T15:43:25.216Z,8.8,3.1,CWE-269,,,Windows,Known,Microsoft,3,2021-07-08T00:00:00.000Z,ofplh2,h4flfhv
CVE-2021-34527,PUBLISHED,microsoft,2021-07-02T21:25:11.000Z,2025-04-16T15:43:25.216Z,8.8,3.1,CWE-269,,,Windows,Known,Microsoft,5,2021-07-08T00:00:00.000Z,ofxb0a,h4fvdk4
CVE-2021-34527,PUBLISHED,microsoft,2021-07-02T21:25:11.000Z,2025-04-16T15:43:25.216Z,8.8,3.1,CWE-269,,,Windows,Known,Microsoft,1,2021-07-08T00:00:00.000Z,m2prtj,h4gbscy
CVE-2021-34527,PUBLISHED,microsoft,2021-07-02T21:25:11.000Z,2025-04-16T15:43:25.216Z,8.8,3.1,CWE-269,,,Windows,Known,Microsoft,58,2021-07-08T00:00:00.000Z,og3ja3,h4gk845
CVE-2021-34527,PUBLISHED,microsoft,2021-07-02T21:25:11.000Z,2025-04-16T15:43:25.216Z,8.8,3.1,CWE-269,,,Windows,Known,Microsoft,4,2021-07-08T00:00:00.000Z,og3ja3,h4gsale
CVE-2021-34527,PUBLISHED,microsoft,2021-07-02T21:25:11.000Z,2025-04-16T15:43:25.216Z,8.8,3.1,CWE-269,,,Windows,Known,Microsoft,5,2021-07-08T00:00:00.000Z,og3ja3,h4gvcer
CVE-2021-34527,PUBLISHED,microsoft,2021-07-02T21:25:11.000Z,2025-04-16T15:43:25.216Z,8.8,3.1,CWE-269,,,Windows,Known,Microsoft,1,2021-07-08T00:00:00.000Z,og3ja3,h4hphxo
CVE-2021-34527,PUBLISHED,microsoft,2021-07-02T21:25:11.000Z,2025-04-16T15:43:25.216Z,8.8,3.1,CWE-269,,,Windows,Known,Microsoft,1,2021-07-08T00:00:00.000Z,og3ja3,h4iyaj4
CVE-2021-34527,PUBLISHED,microsoft,2021-07-02T21:25:11.000Z,2025-04-16T15:43:25.216Z,8.8,3.1,CWE-269,,,Windows,Known,Microsoft,8,2021-07-11T00:00:00.000Z,oi98ce,h4u7kti
CVE-2021-34527,PUBLISHED,microsoft,2021-07-02T21:25:11.000Z,2025-04-16T15:43:25.216Z,8.8,3.1,CWE-269,,,Windows,Known,Microsoft,5,2021-07-12T00:00:00.000Z,oi98ce,h4v6hom
CVE-2021-34527,PUBLISHED,microsoft,2021-07-02T21:25:11.000Z,2025-04-16T15:43:25.216Z,8.8,3.1,CWE-269,,,Windows,Known,Microsoft,1,2021-07-12T00:00:00.000Z,oiocv5,h4wqjnr
CVE-2021-34527,PUBLISHED,microsoft,2021-07-02T21:25:11.000Z,2025-04-16T15:43:25.216Z,8.8,3.1,CWE-269,,,Windows,Known,Microsoft,7,2021-07-12T00:00:00.000Z,oip99a,h4wsiph
CVE-2021-34527,PUBLISHED,microsoft,2021-07-02T21:25:11.000Z,2025-04-16T15:43:25.216Z,8.8,3.1,CWE-269,,,Windows,Known,Microsoft,13,2021-07-13T00:00:00.000Z,ojfl7d,h51bihj
CVE-2021-34527,PUBLISHED,microsoft,2021-07-02T21:25:11.000Z,2025-04-16T15:43:25.216Z,8.8,3.1,CWE-269,,,Windows,Known,Microsoft,4,2021-07-13T00:00:00.000Z,ojfl7d,h521p3i
CVE-2021-34527,PUBLISHED,microsoft,2021-07-02T21:25:11.000Z,2025-04-16T15:43:25.216Z,8.8,3.1,CWE-269,,,Windows,Known,Microsoft,1,2021-07-13T00:00:00.000Z,oj7r7v,h52io61
CVE-2021-34527,PUBLISHED,microsoft,2021-07-02T21:25:11.000Z,2025-04-16T15:43:25.216Z,8.8,3.1,CWE-269,,,Windows,Known,Microsoft,1,2021-07-14T00:00:00.000Z,ojvcqn,h54n5m7
CVE-2021-34527,PUBLISHED,microsoft,2021-07-02T21:25:11.000Z,2025-04-16T15:43:25.216Z,8.8,3.1,CWE-269,,,Windows,Known,Microsoft,8,2021-07-15T00:00:00.000Z,okv31q,h5ah91e
CVE-2021-34527,PUBLISHED,microsoft,2021-07-02T21:25:11.000Z,2025-04-16T15:43:25.216Z,8.8,3.1,CWE-269,,,Windows,Known,Microsoft,2,2021-07-16T00:00:00.000Z,ol548t,h5djrny
CVE-2021-34527,PUBLISHED,microsoft,2021-07-02T21:25:11.000Z,2025-04-16T15:43:25.216Z,8.8,3.1,CWE-269,,,Windows,Known,Microsoft,2,2021-07-16T00:00:00.000Z,ol548t,h5dwus0
CVE-2021-34527,PUBLISHED,microsoft,2021-07-02T21:25:11.000Z,2025-04-16T15:43:25.216Z,8.8,3.1,CWE-269,,,Windows,Known,Microsoft,2,2021-07-16T00:00:00.000Z,oj7r7v,h5e6v90
CVE-2021-34527,PUBLISHED,microsoft,2021-07-02T21:25:11.000Z,2025-04-16T15:43:25.216Z,8.8,3.1,CWE-269,,,Windows,Known,Microsoft,5,2021-07-16T00:00:00.000Z,olqfpo,h5gc979
CVE-2021-34527,PUBLISHED,microsoft,2021-07-02T21:25:11.000Z,2025-04-16T15:43:25.216Z,8.8,3.1,CWE-269,,,Windows,Known,Microsoft,1,2021-07-18T00:00:00.000Z,om1xqs,h5kude1
CVE-2021-34527,PUBLISHED,microsoft,2021-07-02T21:25:11.000Z,2025-04-16T15:43:25.216Z,8.8,3.1,CWE-269,,,Windows,Known,Microsoft,1,2021-07-18T00:00:00.000Z,om1xqs,h5lsajz
CVE-2021-34527,PUBLISHED,microsoft,2021-07-02T21:25:11.000Z,2025-04-16T15:43:25.216Z,8.8,3.1,CWE-269,,,Windows,Known,Microsoft,2,2021-07-19T00:00:00.000Z,onaprb,h5qi1b1
CVE-2021-34527,PUBLISHED,microsoft,2021-07-02T21:25:11.000Z,2025-04-16T15:43:25.216Z,8.8,3.1,CWE-269,,,Windows,Known,Microsoft,1,2021-07-20T00:00:00.000Z,onaprb,h5uwzm0
CVE-2021-34527,PUBLISHED,microsoft,2021-07-02T21:25:11.000Z,2025-04-16T15:43:25.216Z,8.8,3.1,CWE-269,,,Windows,Known,Microsoft,4,2021-08-12T00:00:00.000Z,p2h6gp,h8m4kt7
CVE-2021-34527,PUBLISHED,microsoft,2021-07-02T21:25:11.000Z,2025-04-16T15:43:25.216Z,8.8,3.1,CWE-269,,,Windows,Known,Microsoft,9,2021-08-16T00:00:00.000Z,p4enqg,h94ogu1
CVE-2021-34527,PUBLISHED,microsoft,2021-07-02T21:25:11.000Z,2025-04-16T15:43:25.216Z,8.8,3.1,CWE-269,,,Windows,Known,Microsoft,1,2021-08-19T00:00:00.000Z,p7f8lh,h9jdqo5
CVE-2021-34527,PUBLISHED,microsoft,2021-07-02T21:25:11.000Z,2025-04-16T15:43:25.216Z,8.8,3.1,CWE-269,,,Windows,Known,Microsoft,2,2021-08-27T00:00:00.000Z,pcjy49,hajfj4j
CVE-2021-34527,PUBLISHED,microsoft,2021-07-02T21:25:11.000Z,2025-04-16T15:43:25.216Z,8.8,3.1,CWE-269,,,Windows,Known,Microsoft,1,2021-08-30T00:00:00.000Z,peozqu,hayqgcp
CVE-2021-34527,PUBLISHED,microsoft,2021-07-02T21:25:11.000Z,2025-04-16T15:43:25.216Z,8.8,3.1,CWE-269,,,Windows,Known,Microsoft,19,2021-09-09T00:00:00.000Z,pl3pi5,hc84970
CVE-2021-34527,PUBLISHED,microsoft,2021-07-02T21:25:11.000Z,2025-04-16T15:43:25.216Z,8.8,3.1,CWE-269,,,Windows,Known,Microsoft,6,2021-09-23T00:00:00.000Z,ptwvrv,hdz689x
CVE-2021-34527,PUBLISHED,microsoft,2021-07-02T21:25:11.000Z,2025-04-16T15:43:25.216Z,8.8,3.1,CWE-269,,,Windows,Known,Microsoft,3,2021-09-24T00:00:00.000Z,ptwvrv,he38gsi
CVE-2021-34527,PUBLISHED,microsoft,2021-07-02T21:25:11.000Z,2025-04-16T15:43:25.216Z,8.8,3.1,CWE-269,,,Windows,Known,Microsoft,1,2021-09-24T00:00:00.000Z,ptwvrv,he395u7
CVE-2021-34527,PUBLISHED,microsoft,2021-07-02T21:25:11.000Z,2025-04-16T15:43:25.216Z,8.8,3.1,CWE-269,,,Windows,Known,Microsoft,1,2021-09-24T00:00:00.000Z,ptwvrv,he3csti
CVE-2021-34527,PUBLISHED,microsoft,2021-07-02T21:25:11.000Z,2025-04-16T15:43:25.216Z,8.8,3.1,CWE-269,,,Windows,Known,Microsoft,1,2021-09-24T00:00:00.000Z,ptwvrv,he3ewdj
CVE-2021-34527,PUBLISHED,microsoft,2021-07-02T21:25:11.000Z,2025-04-16T15:43:25.216Z,8.8,3.1,CWE-269,,,Windows,Known,Microsoft,1,2021-09-24T00:00:00.000Z,ptwvrv,he3uhoj
CVE-2021-34527,PUBLISHED,microsoft,2021-07-02T21:25:11.000Z,2025-04-16T15:43:25.216Z,8.8,3.1,CWE-269,,,Windows,Known,Microsoft,1,2021-10-01T00:00:00.000Z,pynmps,hewz54a
CVE-2021-34527,PUBLISHED,microsoft,2021-07-02T21:25:11.000Z,2025-04-16T15:43:25.216Z,8.8,3.1,CWE-269,,,Windows,Known,Microsoft,2,2022-04-21T00:00:00.000Z,u8pxrf,i5nqe1v
CVE-2021-34527,PUBLISHED,microsoft,2021-07-02T21:25:11.000Z,2025-04-16T15:43:25.216Z,8.8,3.1,CWE-269,,,Windows,Known,Microsoft,1,2022-04-21T00:00:00.000Z,u8pxrf,i5o99vj
CVE-2021-34527,PUBLISHED,microsoft,2021-07-02T21:25:11.000Z,2025-04-16T15:43:25.216Z,8.8,3.1,CWE-269,,,Windows,Known,Microsoft,2,2022-04-22T00:00:00.000Z,u8pxrf,i5rc8rk
CVE-2021-34527,PUBLISHED,microsoft,2021-07-02T21:25:11.000Z,2025-04-16T15:43:25.216Z,8.8,3.1,CWE-269,,,Windows,Known,Microsoft,1,2022-05-19T00:00:00.000Z,ustqgd,i973kk0
CVE-2021-34527,PUBLISHED,microsoft,2021-07-02T21:25:11.000Z,2025-04-16T15:43:25.216Z,8.8,3.1,CWE-269,,,Windows,Known,Microsoft,1,2022-06-14T00:00:00.000Z,vcdfs5,icdp2pk
CVE-2021-34527,PUBLISHED,microsoft,2021-07-02T21:25:11.000Z,2025-04-16T15:43:25.216Z,8.8,3.1,CWE-269,,,Windows,Known,Microsoft,3,2022-07-06T00:00:00.000Z,vsy9f3,if4qo22
CVE-2021-34527,PUBLISHED,microsoft,2021-07-02T21:25:11.000Z,2025-04-16T15:43:25.216Z,8.8,3.1,CWE-269,,,Windows,Known,Microsoft,45,2022-11-22T00:00:00.000Z,z1tgxj,ixczbna
CVE-2021-34527,PUBLISHED,microsoft,2021-07-02T21:25:11.000Z,2025-04-16T15:43:25.216Z,8.8,3.1,CWE-269,,,Windows,Known,Microsoft,11,2023-06-22T00:00:00.000Z,14g5aaj,jp3mwtx
CVE-2021-34527,PUBLISHED,microsoft,2021-07-02T21:25:11.000Z,2025-04-16T15:43:25.216Z,8.8,3.1,CWE-269,,,Windows,Known,Microsoft,1,2023-07-12T00:00:00.000Z,14wt6x2,jrq4n89
CVE-2021-34527,PUBLISHED,microsoft,2021-07-02T21:25:11.000Z,2025-04-16T15:43:25.216Z,8.8,3.1,CWE-269,,,Windows,Known,Microsoft,1,2023-09-12T00:00:00.000Z,16gtrdf,k0a3k7z
CVE-2021-34527,PUBLISHED,microsoft,2021-07-02T21:25:11.000Z,2025-04-16T15:43:25.216Z,8.8,3.1,CWE-269,,,Windows,Known,Microsoft,6,2024-07-03T00:00:00.000Z,1duqr6l,lbii3hb
CVE-2021-34527,PUBLISHED,microsoft,2021-07-02T21:25:11.000Z,2025-04-16T15:43:25.216Z,8.8,3.1,CWE-269,,,Windows,Known,Microsoft,54,2021-07-06T00:00:00.000Z,of58ew,
CVE-2021-34527,PUBLISHED,microsoft,2021-07-02T21:25:11.000Z,2025-04-16T15:43:25.216Z,8.8,3.1,CWE-269,,,Windows,Known,Microsoft,55,2021-07-08T00:00:00.000Z,og9hk3,
CVE-2021-34527,PUBLISHED,microsoft,2021-07-02T21:25:11.000Z,2025-04-16T15:43:25.216Z,8.8,3.1,CWE-269,,,Windows,Known,Microsoft,45,2021-07-13T00:00:00.000Z,oj5nid,
CVE-2021-34527,PUBLISHED,microsoft,2021-07-02T21:25:11.000Z,2025-04-16T15:43:25.216Z,8.8,3.1,CWE-269,,,Windows,Known,Microsoft,6,2021-08-10T00:00:00.000Z,p1w0fe,
CVE-2021-34527,PUBLISHED,microsoft,2021-07-02T21:25:11.000Z,2025-04-16T15:43:25.216Z,8.8,3.1,CWE-269,,,Windows,Known,Microsoft,531,2021-06-30T00:00:00.000Z,ob4s06,
CVE-2021-34527,PUBLISHED,microsoft,2021-07-02T21:25:11.000Z,2025-04-16T15:43:25.216Z,8.8,3.1,CWE-269,,,Windows,Known,Microsoft,173,2021-07-02T00:00:00.000Z,oc6cpp,
CVE-2021-34527,PUBLISHED,microsoft,2021-07-02T21:25:11.000Z,2025-04-16T15:43:25.216Z,8.8,3.1,CWE-269,,,Windows,Known,Microsoft,0,2021-07-02T00:00:00.000Z,oces0b,
CVE-2021-34527,PUBLISHED,microsoft,2021-07-02T21:25:11.000Z,2025-04-16T15:43:25.216Z,8.8,3.1,CWE-269,,,Windows,Known,Microsoft,112,2021-07-04T00:00:00.000Z,odamto,
CVE-2021-34527,PUBLISHED,microsoft,2021-07-02T21:25:11.000Z,2025-04-16T15:43:25.216Z,8.8,3.1,CWE-269,,,Windows,Known,Microsoft,27,2021-07-04T00:00:00.000Z,odpi42,
CVE-2021-34527,PUBLISHED,microsoft,2021-07-02T21:25:11.000Z,2025-04-16T15:43:25.216Z,8.8,3.1,CWE-269,,,Windows,Known,Microsoft,114,2021-07-06T00:00:00.000Z,of4gjk,
CVE-2021-34527,PUBLISHED,microsoft,2021-07-02T21:25:11.000Z,2025-04-16T15:43:25.216Z,8.8,3.1,CWE-269,,,Windows,Known,Microsoft,78,2021-07-06T00:00:00.000Z,of4hrh,
CVE-2021-34527,PUBLISHED,microsoft,2021-07-02T21:25:11.000Z,2025-04-16T15:43:25.216Z,8.8,3.1,CWE-269,,,Windows,Known,Microsoft,44,2021-07-06T00:00:00.000Z,of4y1r,
CVE-2021-34527,PUBLISHED,microsoft,2021-07-02T21:25:11.000Z,2025-04-16T15:43:25.216Z,8.8,3.1,CWE-269,,,Windows,Known,Microsoft,30,2021-07-07T00:00:00.000Z,of8dad,
CVE-2021-34527,PUBLISHED,microsoft,2021-07-02T21:25:11.000Z,2025-04-16T15:43:25.216Z,8.8,3.1,CWE-269,,,Windows,Known,Microsoft,0,2021-07-09T00:00:00.000Z,ogixou,
CVE-2021-34527,PUBLISHED,microsoft,2021-07-02T21:25:11.000Z,2025-04-16T15:43:25.216Z,8.8,3.1,CWE-269,,,Windows,Known,Microsoft,15,2021-07-09T00:00:00.000Z,ogk1u6,
CVE-2021-34527,PUBLISHED,microsoft,2021-07-02T21:25:11.000Z,2025-04-16T15:43:25.216Z,8.8,3.1,CWE-269,,,Windows,Known,Microsoft,402,2021-07-09T00:00:00.000Z,ogu44a,
CVE-2021-34527,PUBLISHED,microsoft,2021-07-02T21:25:11.000Z,2025-04-16T15:43:25.216Z,8.8,3.1,CWE-269,,,Windows,Known,Microsoft,4,2021-07-11T00:00:00.000Z,oi13ap,
CVE-2021-34527,PUBLISHED,microsoft,2021-07-02T21:25:11.000Z,2025-04-16T15:43:25.216Z,8.8,3.1,CWE-269,,,Windows,Known,Microsoft,593,2021-07-11T00:00:00.000Z,oi98ce,
CVE-2021-34527,PUBLISHED,microsoft,2021-07-02T21:25:11.000Z,2025-04-16T15:43:25.216Z,8.8,3.1,CWE-269,,,Windows,Known,Microsoft,4,2021-07-14T00:00:00.000Z,ojvcqn,
CVE-2021-34527,PUBLISHED,microsoft,2021-07-02T21:25:11.000Z,2025-04-16T15:43:25.216Z,8.8,3.1,CWE-269,,,Windows,Known,Microsoft,86,2021-07-18T00:00:00.000Z,omzg7m,
CVE-2021-34527,PUBLISHED,microsoft,2021-07-02T21:25:11.000Z,2025-04-16T15:43:25.216Z,8.8,3.1,CWE-269,,,Windows,Known,Microsoft,2,2021-09-22T00:00:00.000Z,psudk0,
CVE-2021-34527,PUBLISHED,microsoft,2021-07-02T21:25:11.000Z,2025-04-16T15:43:25.216Z,8.8,3.1,CWE-269,,,Windows,Known,Microsoft,1,2024-01-01T00:00:00.000Z,18w9j2b,
CVE-2021-34535,PUBLISHED,microsoft,2021-08-12T18:12:10,2024-08-04T00:12:50.411Z,8.8,3.1,,,,,,,9,2021-08-10T00:00:00.000Z,p1hmwi,h8fxshp
CVE-2021-34824,PUBLISHED,mitre,2021-06-29T13:30:01,2024-08-04T00:26:54.057Z,,,,,,,,,1,2022-12-22T00:00:00.000Z,zrbyeg,j19ted6
CVE-2021-35193,PUBLISHED,mitre,2021-07-30T18:32:55,2024-08-04T00:33:51.187Z,,,,,,,,,1,2021-08-13T00:00:00.000Z,mqoxbg,h8s0sb6
CVE-2021-36260,PUBLISHED,hikvision,2021-09-22T12:07:55.000Z,2025-02-06T19:54:12.002Z,,,CWE-78,webapps,hardware,Security cameras web server,Unknown,Hikvision,19,2022-08-23T00:00:00.000Z,wvchn8,ilfivxh
CVE-2021-36260,PUBLISHED,hikvision,2021-09-22T12:07:55.000Z,2025-02-06T19:54:12.002Z,,,CWE-78,webapps,hardware,Security cameras web server,Unknown,Hikvision,13,2021-10-28T00:00:00.000Z,qhhb6m,hid4rz2
CVE-2021-36260,PUBLISHED,hikvision,2021-09-22T12:07:55.000Z,2025-02-06T19:54:12.002Z,,,CWE-78,webapps,hardware,Security cameras web server,Unknown,Hikvision,1,2021-11-07T00:00:00.000Z,qhhb6m,hjn8l31
CVE-2021-36260,PUBLISHED,hikvision,2021-09-22T12:07:55.000Z,2025-02-06T19:54:12.002Z,,,CWE-78,webapps,hardware,Security cameras web server,Unknown,Hikvision,42,2021-10-28T00:00:00.000Z,qhptuq,
CVE-2021-36277,PUBLISHED,dell,2021-08-09T21:05:34.537403Z,2024-09-17T03:59:48.037Z,7.8,3.1,CWE-347,,,,,,2,2022-04-02T00:00:00.000Z,ttr5af,i35b0db
CVE-2021-36368,PUBLISHED,mitre,2022-03-12T23:24:35,2024-08-04T00:54:51.549Z,,,,,,,,,11,2022-03-22T00:00:00.000Z,tk5pi5,i1oafsh
CVE-2021-36368,PUBLISHED,mitre,2022-03-12T23:24:35,2024-08-04T00:54:51.549Z,,,,,,,,,1,2022-03-23T00:00:00.000Z,tk5pi5,i1ruphd
CVE-2021-36798,PUBLISHED,mitre,2021-08-09T12:38:36,2024-08-04T01:01:59.312Z,,,,,,,,,9,2021-08-19T00:00:00.000Z,p7ig6y,
CVE-2021-36934,PUBLISHED,microsoft,2021-07-22T07:05:12.000Z,2025-02-04T18:15:54.361Z,7.8,3.1,CWE-1220,,,Windows,Unknown,Microsoft,3,2021-07-21T00:00:00.000Z,oo3bcc,h5z00qr
CVE-2021-36934,PUBLISHED,microsoft,2021-07-22T07:05:12.000Z,2025-02-04T18:15:54.361Z,7.8,3.1,CWE-1220,,,Windows,Unknown,Microsoft,8,2021-08-02T00:00:00.000Z,owgte3,h7h44au
CVE-2021-36934,PUBLISHED,microsoft,2021-07-22T07:05:12.000Z,2025-02-04T18:15:54.361Z,7.8,3.1,CWE-1220,,,Windows,Unknown,Microsoft,1,2021-07-21T00:00:00.000Z,oo6a8f,h5yvrrp
CVE-2021-36934,PUBLISHED,microsoft,2021-07-22T07:05:12.000Z,2025-02-04T18:15:54.361Z,7.8,3.1,CWE-1220,,,Windows,Unknown,Microsoft,1,2021-07-21T00:00:00.000Z,oo6a8f,h5ywhim
CVE-2021-36934,PUBLISHED,microsoft,2021-07-22T07:05:12.000Z,2025-02-04T18:15:54.361Z,7.8,3.1,CWE-1220,,,Windows,Unknown,Microsoft,2,2021-08-28T00:00:00.000Z,pczj17,hamiozo
CVE-2021-36934,PUBLISHED,microsoft,2021-07-22T07:05:12.000Z,2025-02-04T18:15:54.361Z,7.8,3.1,CWE-1220,,,Windows,Unknown,Microsoft,29,2021-11-23T00:00:00.000Z,r0hmkc,hlsmnh9
CVE-2021-36934,PUBLISHED,microsoft,2021-07-22T07:05:12.000Z,2025-02-04T18:15:54.361Z,7.8,3.1,CWE-1220,,,Windows,Unknown,Microsoft,1,2023-07-26T00:00:00.000Z,159z5pu,jthwhrg
CVE-2021-36934,PUBLISHED,microsoft,2021-07-22T07:05:12.000Z,2025-02-04T18:15:54.361Z,7.8,3.1,CWE-1220,,,Windows,Unknown,Microsoft,4,2021-07-23T00:00:00.000Z,oq4abs,h699z48
CVE-2021-36934,PUBLISHED,microsoft,2021-07-22T07:05:12.000Z,2025-02-04T18:15:54.361Z,7.8,3.1,CWE-1220,,,Windows,Unknown,Microsoft,2,2021-07-23T00:00:00.000Z,opctl7,h6b4jxm
CVE-2021-36934,PUBLISHED,microsoft,2021-07-22T07:05:12.000Z,2025-02-04T18:15:54.361Z,7.8,3.1,CWE-1220,,,Windows,Unknown,Microsoft,3,2021-07-21T00:00:00.000Z,onr5c2,h5ywofi
CVE-2021-36934,PUBLISHED,microsoft,2021-07-22T07:05:12.000Z,2025-02-04T18:15:54.361Z,7.8,3.1,CWE-1220,,,Windows,Unknown,Microsoft,2,2021-07-21T00:00:00.000Z,onr5c2,h5zbz8v
CVE-2021-36934,PUBLISHED,microsoft,2021-07-22T07:05:12.000Z,2025-02-04T18:15:54.361Z,7.8,3.1,CWE-1220,,,Windows,Unknown,Microsoft,4,2021-07-21T00:00:00.000Z,oo6bpr,h5zg3gr
CVE-2021-36934,PUBLISHED,microsoft,2021-07-22T07:05:12.000Z,2025-02-04T18:15:54.361Z,7.8,3.1,CWE-1220,,,Windows,Unknown,Microsoft,1,2021-07-21T00:00:00.000Z,onr5c2,h5zncsu
CVE-2021-36934,PUBLISHED,microsoft,2021-07-22T07:05:12.000Z,2025-02-04T18:15:54.361Z,7.8,3.1,CWE-1220,,,Windows,Unknown,Microsoft,10,2021-07-22T00:00:00.000Z,oopkwx,h64bks0
CVE-2021-36934,PUBLISHED,microsoft,2021-07-22T07:05:12.000Z,2025-02-04T18:15:54.361Z,7.8,3.1,CWE-1220,,,Windows,Unknown,Microsoft,1,2021-07-23T00:00:00.000Z,oopkwx,h69nbxq
CVE-2021-36934,PUBLISHED,microsoft,2021-07-22T07:05:12.000Z,2025-02-04T18:15:54.361Z,7.8,3.1,CWE-1220,,,Windows,Unknown,Microsoft,5,2021-08-13T00:00:00.000Z,p1hmwi,h8t4bdr
CVE-2021-36934,PUBLISHED,microsoft,2021-07-22T07:05:12.000Z,2025-02-04T18:15:54.361Z,7.8,3.1,CWE-1220,,,Windows,Unknown,Microsoft,1,2021-08-20T00:00:00.000Z,oo6bpr,h9oao6t
CVE-2021-36934,PUBLISHED,microsoft,2021-07-22T07:05:12.000Z,2025-02-04T18:15:54.361Z,7.8,3.1,CWE-1220,,,Windows,Unknown,Microsoft,2,2021-08-27T00:00:00.000Z,p1hmwi,hajjh8g
CVE-2021-36934,PUBLISHED,microsoft,2021-07-22T07:05:12.000Z,2025-02-04T18:15:54.361Z,7.8,3.1,CWE-1220,,,Windows,Unknown,Microsoft,1,2023-08-22T00:00:00.000Z,15y2day,jx9f9op
CVE-2021-36934,PUBLISHED,microsoft,2021-07-22T07:05:12.000Z,2025-02-04T18:15:54.361Z,7.8,3.1,CWE-1220,,,Windows,Unknown,Microsoft,1,2023-10-14T00:00:00.000Z,177pcwm,k4v0xjn
CVE-2021-36934,PUBLISHED,microsoft,2021-07-22T07:05:12.000Z,2025-02-04T18:15:54.361Z,7.8,3.1,CWE-1220,,,Windows,Unknown,Microsoft,10,2021-07-23T00:00:00.000Z,oq4abs,
CVE-2021-36934,PUBLISHED,microsoft,2021-07-22T07:05:12.000Z,2025-02-04T18:15:54.361Z,7.8,3.1,CWE-1220,,,Windows,Unknown,Microsoft,113,2021-07-21T00:00:00.000Z,oopkwx,
CVE-2021-36934,PUBLISHED,microsoft,2021-07-22T07:05:12.000Z,2025-02-04T18:15:54.361Z,7.8,3.1,CWE-1220,,,Windows,Unknown,Microsoft,1,2021-07-26T00:00:00.000Z,os4nuu,
CVE-2021-36934,PUBLISHED,microsoft,2021-07-22T07:05:12.000Z,2025-02-04T18:15:54.361Z,7.8,3.1,CWE-1220,,,Windows,Unknown,Microsoft,6,2021-09-17T00:00:00.000Z,pq1yhk,
CVE-2021-36942,PUBLISHED,microsoft,2021-08-12T18:12:29.000Z,2025-02-04T14:49:24.778Z,7.5,3.1,CWE-749,,,Windows,Known,Microsoft,2,2022-07-13T00:00:00.000Z,vy76sd,
CVE-2021-36942,PUBLISHED,microsoft,2021-08-12T18:12:29.000Z,2025-02-04T14:49:24.778Z,7.5,3.1,CWE-749,,,Windows,Known,Microsoft,20,2021-08-11T00:00:00.000Z,p26sht,
CVE-2021-36949,PUBLISHED,microsoft,2021-08-12T18:12:39,2024-08-04T01:09:07.175Z,7.1,3.1,,,,,,,6,2021-08-11T00:00:00.000Z,p1hmwi,h8iy01c
CVE-2021-36958,PUBLISHED,microsoft,2021-08-12T18:12:42,2024-08-04T01:09:07.819Z,7.8,3.1,,,,,,,1,2021-08-13T00:00:00.000Z,ob6y02,h8reiwc
CVE-2021-36958,PUBLISHED,microsoft,2021-08-12T18:12:42,2024-08-04T01:09:07.819Z,7.8,3.1,,,,,,,8,2021-08-19T00:00:00.000Z,p7erde,h9j8guc
CVE-2021-36958,PUBLISHED,microsoft,2021-08-12T18:12:42,2024-08-04T01:09:07.819Z,7.8,3.1,,,,,,,3,2021-08-25T00:00:00.000Z,pbeipm,haba7bv
CVE-2021-36958,PUBLISHED,microsoft,2021-08-12T18:12:42,2024-08-04T01:09:07.819Z,7.8,3.1,,,,,,,6,2021-09-09T00:00:00.000Z,pkzg5v,hc6wztw
CVE-2021-36958,PUBLISHED,microsoft,2021-08-12T18:12:42,2024-08-04T01:09:07.819Z,7.8,3.1,,,,,,,7,2021-08-12T00:00:00.000Z,p1hmwi,h8nad6m
CVE-2021-36958,PUBLISHED,microsoft,2021-08-12T18:12:42,2024-08-04T01:09:07.819Z,7.8,3.1,,,,,,,5,2021-08-12T00:00:00.000Z,p2sy8p,h8nodug
CVE-2021-36958,PUBLISHED,microsoft,2021-08-12T18:12:42,2024-08-04T01:09:07.819Z,7.8,3.1,,,,,,,21,2021-08-14T00:00:00.000Z,p1hmwi,h8ysoc7
CVE-2021-36958,PUBLISHED,microsoft,2021-08-12T18:12:42,2024-08-04T01:09:07.819Z,7.8,3.1,,,,,,,1,2021-09-13T00:00:00.000Z,pnhzio,hcpgo5m
CVE-2021-36958,PUBLISHED,microsoft,2021-08-12T18:12:42,2024-08-04T01:09:07.819Z,7.8,3.1,,,,,,,2,2021-09-14T00:00:00.000Z,pnmzdj,hcsnun7
CVE-2021-36958,PUBLISHED,microsoft,2021-08-12T18:12:42,2024-08-04T01:09:07.819Z,7.8,3.1,,,,,,,1,2021-09-14T00:00:00.000Z,pnmzdj,hcv0uvq
CVE-2021-36958,PUBLISHED,microsoft,2021-08-12T18:12:42,2024-08-04T01:09:07.819Z,7.8,3.1,,,,,,,1,2021-08-14T00:00:00.000Z,p4eqk0,
CVE-2021-36958,PUBLISHED,microsoft,2021-08-12T18:12:42,2024-08-04T01:09:07.819Z,7.8,3.1,,,,,,,24,2021-09-14T00:00:00.000Z,po7f77,
CVE-2021-36958,PUBLISHED,microsoft,2021-08-12T18:12:42,2024-08-04T01:09:07.819Z,7.8,3.1,,,,,,,77,2021-08-12T00:00:00.000Z,p2qlb4,
CVE-2021-36958,PUBLISHED,microsoft,2021-08-12T18:12:42,2024-08-04T01:09:07.819Z,7.8,3.1,,,,,,,220,2021-08-12T00:00:00.000Z,p2sy8p,
CVE-2021-36958,PUBLISHED,microsoft,2021-08-12T18:12:42,2024-08-04T01:09:07.819Z,7.8,3.1,,,,,,,20,2021-09-14T00:00:00.000Z,po7fon,
CVE-2021-36958,PUBLISHED,microsoft,2021-08-12T18:12:42,2024-08-04T01:09:07.819Z,7.8,3.1,,,,,,,55,2021-09-17T00:00:00.000Z,pppzvt,
CVE-2021-36965,PUBLISHED,microsoft,2021-09-15T11:23:40,2024-08-04T01:09:07.611Z,8.8,3.1,,,,,,,10,2021-09-14T00:00:00.000Z,pnve0h,hcugl97
CVE-2021-36965,PUBLISHED,microsoft,2021-09-15T11:23:40,2024-08-04T01:09:07.611Z,8.8,3.1,,,,,,,3,2021-09-15T00:00:00.000Z,pnve0h,hcw8ywv
CVE-2021-3711,PUBLISHED,openssl,2021-08-24T14:50:13.114745Z,2024-09-16T18:29:03.742Z,,,,,,,,,5,2021-09-01T00:00:00.000Z,pfwh17,
CVE-2021-3712,PUBLISHED,openssl,2021-08-24T14:50:14.704334Z,2024-09-16T20:32:42.201Z,,,,,,,,,1,2021-08-26T00:00:00.000Z,pbxmxr,hafvi3r
CVE-2021-37980,PUBLISHED,Chrome,2021-11-02T20:25:21,2024-08-04T01:30:09.168Z,,,,,,,,,1,2021-10-28T00:00:00.000Z,j9nv92,hif98hy
CVE-2021-38647,PUBLISHED,microsoft,2021-09-15T11:24:07.000Z,2025-02-04T14:45:50.109Z,9.8,3.1,CWE-1390,,,Open Management Infrastructure (OMI),Known,Microsoft,73,2021-09-16T00:00:00.000Z,pp1ttj,
CVE-2021-38759,PUBLISHED,mitre,2021-12-07T20:51:04,2024-08-04T01:51:20.139Z,,,,remote,linux,,,,3,2024-06-14T00:00:00.000Z,1devdtu,l8mhufz
CVE-2021-39144,PUBLISHED,GitHub_M,2021-08-23T00:00:00.000Z,2025-02-06T19:44:09.888Z,8.5,3.1,CWE-94; CWE-502,,,XStream,Unknown,XStream,1,2022-11-04T00:00:00.000Z,ygebat,iv1n49l
CVE-2021-39237,PUBLISHED,hp,2021-11-03T00:07:54,2024-08-04T02:06:41.323Z,,,,,,,,,53,2021-12-01T00:00:00.000Z,r69igi,
CVE-2021-3970,PUBLISHED,lenovo,2022-04-22T20:30:37,2024-08-03T17:09:09.797Z,6.7,3.1,CWE-20,,,,,,6,2022-04-19T00:00:00.000Z,u742fq,i5ciixn
CVE-2021-3996,PUBLISHED,redhat,2022-08-23T00:00:00,2024-10-15T15:26:56.079Z,,,CWE-552,,,,,,1,2022-02-28T00:00:00.000Z,t2pi0q,hypoi04
CVE-2021-40124,PUBLISHED,cisco,2021-11-04T15:36:03.776040Z,2024-11-07T21:43:26.131Z,6.7,3.1,CWE-266,,,,,,1,2023-05-05T00:00:00.000Z,137w63x,jiyjhj4
CVE-2021-4034,PUBLISHED,redhat,2022-01-28T00:00:00.000Z,2025-02-13T16:28:29.695Z,,,CWE-787,local,linux,Polkit,Unknown,Red Hat,107,2022-01-26T00:00:00.000Z,scw73m,hu92wl6
CVE-2021-4034,PUBLISHED,redhat,2022-01-28T00:00:00.000Z,2025-02-13T16:28:29.695Z,,,CWE-787,local,linux,Polkit,Unknown,Red Hat,2,2022-01-26T00:00:00.000Z,scw73m,huao6b8
CVE-2021-4034,PUBLISHED,redhat,2022-01-28T00:00:00.000Z,2025-02-13T16:28:29.695Z,,,CWE-787,local,linux,Polkit,Unknown,Red Hat,8,2022-02-11T00:00:00.000Z,sppaje,hwgna3u
CVE-2021-4034,PUBLISHED,redhat,2022-01-28T00:00:00.000Z,2025-02-13T16:28:29.695Z,,,CWE-787,local,linux,Polkit,Unknown,Red Hat,1,2024-05-16T00:00:00.000Z,1csyil7,l48kn3w
CVE-2021-4034,PUBLISHED,redhat,2022-01-28T00:00:00.000Z,2025-02-13T16:28:29.695Z,,,CWE-787,local,linux,Polkit,Unknown,Red Hat,10,2022-01-26T00:00:00.000Z,sct9zx,hu99ai0
CVE-2021-4034,PUBLISHED,redhat,2022-01-28T00:00:00.000Z,2025-02-13T16:28:29.695Z,,,CWE-787,local,linux,Polkit,Unknown,Red Hat,2,2022-01-27T00:00:00.000Z,se3k50,hugurnw
CVE-2021-4034,PUBLISHED,redhat,2022-01-28T00:00:00.000Z,2025-02-13T16:28:29.695Z,,,CWE-787,local,linux,Polkit,Unknown,Red Hat,7,2022-01-28T00:00:00.000Z,sf3qj4,hung33w
CVE-2021-4034,PUBLISHED,redhat,2022-01-28T00:00:00.000Z,2025-02-13T16:28:29.695Z,,,CWE-787,local,linux,Polkit,Unknown,Red Hat,2,2022-01-25T00:00:00.000Z,scmorq,hu81voy
CVE-2021-4034,PUBLISHED,redhat,2022-01-28T00:00:00.000Z,2025-02-13T16:28:29.695Z,,,CWE-787,local,linux,Polkit,Unknown,Red Hat,12,2022-01-26T00:00:00.000Z,scmorq,hu845p2
CVE-2021-4034,PUBLISHED,redhat,2022-01-28T00:00:00.000Z,2025-02-13T16:28:29.695Z,,,CWE-787,local,linux,Polkit,Unknown,Red Hat,3,2022-01-26T00:00:00.000Z,scmorq,hub760u
CVE-2021-4034,PUBLISHED,redhat,2022-01-28T00:00:00.000Z,2025-02-13T16:28:29.695Z,,,CWE-787,local,linux,Polkit,Unknown,Red Hat,4,2022-01-31T00:00:00.000Z,sh9ygx,hv18xu7
CVE-2021-4034,PUBLISHED,redhat,2022-01-28T00:00:00.000Z,2025-02-13T16:28:29.695Z,,,CWE-787,local,linux,Polkit,Unknown,Red Hat,5,2022-01-28T00:00:00.000Z,sem5sv,
CVE-2021-40346,PUBLISHED,mitre,2021-09-08T16:40:38,2024-08-04T02:27:31.887Z,,,,,,,,,13,2021-09-09T00:00:00.000Z,pl2ucq,hc7tc9p
CVE-2021-40346,PUBLISHED,mitre,2021-09-08T16:40:38,2024-08-04T02:27:31.887Z,,,,,,,,,8,2021-09-13T00:00:00.000Z,pn9pax,
CVE-2021-40438,PUBLISHED,apache,2021-09-16T14:40:23.000Z,2025-02-06T21:09:00.866Z,8.2,,CWE-918,,,Apache,Unknown,Hewlett Packard Enterprise,1,2021-10-15T00:00:00.000Z,q8u7dz,hgrs35q
CVE-2021-40438,PUBLISHED,apache,2021-09-16T14:40:23.000Z,2025-02-06T21:09:00.866Z,8.2,,CWE-918,,,Apache,Unknown,Hewlett Packard Enterprise,3,2021-12-16T00:00:00.000Z,rheg2d,hotbzbc
CVE-2021-40444,PUBLISHED,microsoft,2021-09-15T11:24:26.000Z,2025-02-04T14:44:55.096Z,8.8,3.1,CWE-22,,,MSHTML,Known,Microsoft,1,2021-09-17T00:00:00.000Z,pphzyc,hd7b7ik
CVE-2021-40444,PUBLISHED,microsoft,2021-09-15T11:24:26.000Z,2025-02-04T14:44:55.096Z,8.8,3.1,CWE-22,,,MSHTML,Known,Microsoft,3,2021-09-10T00:00:00.000Z,pl8ywu,hcag1pu
CVE-2021-40444,PUBLISHED,microsoft,2021-09-15T11:24:26.000Z,2025-02-04T14:44:55.096Z,8.8,3.1,CWE-22,,,MSHTML,Known,Microsoft,2,2021-09-20T00:00:00.000Z,prno6v,hdk0imm
CVE-2021-40444,PUBLISHED,microsoft,2021-09-15T11:24:26.000Z,2025-02-04T14:44:55.096Z,8.8,3.1,CWE-22,,,MSHTML,Known,Microsoft,15,2021-09-09T00:00:00.000Z,pkpqr1,hc5wwh9
CVE-2021-40444,PUBLISHED,microsoft,2021-09-15T11:24:26.000Z,2025-02-04T14:44:55.096Z,8.8,3.1,CWE-22,,,MSHTML,Known,Microsoft,2,2021-10-05T00:00:00.000Z,q1dqpz,hffwkuq
CVE-2021-40444,PUBLISHED,microsoft,2021-09-15T11:24:26.000Z,2025-02-04T14:44:55.096Z,8.8,3.1,CWE-22,,,MSHTML,Known,Microsoft,6,2021-09-10T00:00:00.000Z,pl5o37,hc8xwc2
CVE-2021-40444,PUBLISHED,microsoft,2021-09-15T11:24:26.000Z,2025-02-04T14:44:55.096Z,8.8,3.1,CWE-22,,,MSHTML,Known,Microsoft,7,2021-09-10T00:00:00.000Z,pl5o37,hc9200b
CVE-2021-40444,PUBLISHED,microsoft,2021-09-15T11:24:26.000Z,2025-02-04T14:44:55.096Z,8.8,3.1,CWE-22,,,MSHTML,Known,Microsoft,6,2021-09-10T00:00:00.000Z,pl5o37,hcbojup
CVE-2021-40444,PUBLISHED,microsoft,2021-09-15T11:24:26.000Z,2025-02-04T14:44:55.096Z,8.8,3.1,CWE-22,,,MSHTML,Known,Microsoft,18,2021-09-13T00:00:00.000Z,pniq6m,hcq3ncs
CVE-2021-40444,PUBLISHED,microsoft,2021-09-15T11:24:26.000Z,2025-02-04T14:44:55.096Z,8.8,3.1,CWE-22,,,MSHTML,Known,Microsoft,33,2021-09-16T00:00:00.000Z,ppa8gx,hd2aotf
CVE-2021-40444,PUBLISHED,microsoft,2021-09-15T11:24:26.000Z,2025-02-04T14:44:55.096Z,8.8,3.1,CWE-22,,,MSHTML,Known,Microsoft,1,2021-09-07T00:00:00.000Z,pjy2io,hbzo1u1
CVE-2021-40444,PUBLISHED,microsoft,2021-09-15T11:24:26.000Z,2025-02-04T14:44:55.096Z,8.8,3.1,CWE-22,,,MSHTML,Known,Microsoft,23,2021-09-11T00:00:00.000Z,plptk3,hcdxgzu
CVE-2021-40444,PUBLISHED,microsoft,2021-09-15T11:24:26.000Z,2025-02-04T14:44:55.096Z,8.8,3.1,CWE-22,,,MSHTML,Known,Microsoft,9,2021-09-13T00:00:00.000Z,pn4mx1,hcnta0n
CVE-2021-40444,PUBLISHED,microsoft,2021-09-15T11:24:26.000Z,2025-02-04T14:44:55.096Z,8.8,3.1,CWE-22,,,MSHTML,Known,Microsoft,2,2021-09-09T00:00:00.000Z,pl90za,hc8vv7i
CVE-2021-40444,PUBLISHED,microsoft,2021-09-15T11:24:26.000Z,2025-02-04T14:44:55.096Z,8.8,3.1,CWE-22,,,MSHTML,Known,Microsoft,10,2021-09-10T00:00:00.000Z,pl90za,hcb4n29
CVE-2021-40444,PUBLISHED,microsoft,2021-09-15T11:24:26.000Z,2025-02-04T14:44:55.096Z,8.8,3.1,CWE-22,,,MSHTML,Known,Microsoft,1,2021-09-13T00:00:00.000Z,pkhy04,hco7u80
CVE-2021-40444,PUBLISHED,microsoft,2021-09-15T11:24:26.000Z,2025-02-04T14:44:55.096Z,8.8,3.1,CWE-22,,,MSHTML,Known,Microsoft,46,2021-09-14T00:00:00.000Z,pnve0h,hcsbnc4
CVE-2021-40444,PUBLISHED,microsoft,2021-09-15T11:24:26.000Z,2025-02-04T14:44:55.096Z,8.8,3.1,CWE-22,,,MSHTML,Known,Microsoft,7,2021-09-14T00:00:00.000Z,pnve0h,hcugldu
CVE-2021-40444,PUBLISHED,microsoft,2021-09-15T11:24:26.000Z,2025-02-04T14:44:55.096Z,8.8,3.1,CWE-22,,,MSHTML,Known,Microsoft,2,2021-09-14T00:00:00.000Z,pnve0h,hcurg3b
CVE-2021-40444,PUBLISHED,microsoft,2021-09-15T11:24:26.000Z,2025-02-04T14:44:55.096Z,8.8,3.1,CWE-22,,,MSHTML,Known,Microsoft,3,2021-09-15T00:00:00.000Z,pnve0h,hcyi9kb
CVE-2021-40444,PUBLISHED,microsoft,2021-09-15T11:24:26.000Z,2025-02-04T14:44:55.096Z,8.8,3.1,CWE-22,,,MSHTML,Known,Microsoft,5,2021-09-15T00:00:00.000Z,pnve0h,hcyqw4s
CVE-2021-40444,PUBLISHED,microsoft,2021-09-15T11:24:26.000Z,2025-02-04T14:44:55.096Z,8.8,3.1,CWE-22,,,MSHTML,Known,Microsoft,4,2021-09-20T00:00:00.000Z,ps27dq,hdn5wp7
CVE-2021-40444,PUBLISHED,microsoft,2021-09-15T11:24:26.000Z,2025-02-04T14:44:55.096Z,8.8,3.1,CWE-22,,,MSHTML,Known,Microsoft,6,2021-09-22T00:00:00.000Z,pt3c5f,hdttiga
CVE-2021-40444,PUBLISHED,microsoft,2021-09-15T11:24:26.000Z,2025-02-04T14:44:55.096Z,8.8,3.1,CWE-22,,,MSHTML,Known,Microsoft,1,2021-09-24T00:00:00.000Z,pt8097,he2b4dd
CVE-2021-40444,PUBLISHED,microsoft,2021-09-15T11:24:26.000Z,2025-02-04T14:44:55.096Z,8.8,3.1,CWE-22,,,MSHTML,Known,Microsoft,1,2021-10-12T00:00:00.000Z,q6ni2z,hgee6k3
CVE-2021-40444,PUBLISHED,microsoft,2021-09-15T11:24:26.000Z,2025-02-04T14:44:55.096Z,8.8,3.1,CWE-22,,,MSHTML,Known,Microsoft,6,2021-10-23T00:00:00.000Z,qec9du,hhsk47b
CVE-2021-40444,PUBLISHED,microsoft,2021-09-15T11:24:26.000Z,2025-02-04T14:44:55.096Z,8.8,3.1,CWE-22,,,MSHTML,Known,Microsoft,2,2021-10-23T00:00:00.000Z,qec9du,hhso5x1
CVE-2021-40444,PUBLISHED,microsoft,2021-09-15T11:24:26.000Z,2025-02-04T14:44:55.096Z,8.8,3.1,CWE-22,,,MSHTML,Known,Microsoft,16,2021-09-08T00:00:00.000Z,pk5n8w,
CVE-2021-40444,PUBLISHED,microsoft,2021-09-15T11:24:26.000Z,2025-02-04T14:44:55.096Z,8.8,3.1,CWE-22,,,MSHTML,Known,Microsoft,6,2021-09-11T00:00:00.000Z,pm6ta9,
CVE-2021-40444,PUBLISHED,microsoft,2021-09-15T11:24:26.000Z,2025-02-04T14:44:55.096Z,8.8,3.1,CWE-22,,,MSHTML,Known,Microsoft,103,2021-09-08T00:00:00.000Z,pkgmrf,
CVE-2021-40444,PUBLISHED,microsoft,2021-09-15T11:24:26.000Z,2025-02-04T14:44:55.096Z,8.8,3.1,CWE-22,,,MSHTML,Known,Microsoft,587,2021-09-20T00:00:00.000Z,prp84q,
CVE-2021-40444,PUBLISHED,microsoft,2021-09-15T11:24:26.000Z,2025-02-04T14:44:55.096Z,8.8,3.1,CWE-22,,,MSHTML,Known,Microsoft,1,2024-04-05T00:00:00.000Z,1bw6bgl,
CVE-2021-40444,PUBLISHED,microsoft,2021-09-15T11:24:26.000Z,2025-02-04T14:44:55.096Z,8.8,3.1,CWE-22,,,MSHTML,Known,Microsoft,37,2021-09-07T00:00:00.000Z,pjvfdx,
CVE-2021-40444,PUBLISHED,microsoft,2021-09-15T11:24:26.000Z,2025-02-04T14:44:55.096Z,8.8,3.1,CWE-22,,,MSHTML,Known,Microsoft,3,2021-09-07T00:00:00.000Z,pjvs9t,
CVE-2021-40444,PUBLISHED,microsoft,2021-09-15T11:24:26.000Z,2025-02-04T14:44:55.096Z,8.8,3.1,CWE-22,,,MSHTML,Known,Microsoft,5,2021-09-07T00:00:00.000Z,pjw87e,
CVE-2021-40444,PUBLISHED,microsoft,2021-09-15T11:24:26.000Z,2025-02-04T14:44:55.096Z,8.8,3.1,CWE-22,,,MSHTML,Known,Microsoft,1,2021-09-08T00:00:00.000Z,pkhy04,
CVE-2021-40444,PUBLISHED,microsoft,2021-09-15T11:24:26.000Z,2025-02-04T14:44:55.096Z,8.8,3.1,CWE-22,,,MSHTML,Known,Microsoft,166,2021-09-10T00:00:00.000Z,pl90za,
CVE-2021-40444,PUBLISHED,microsoft,2021-09-15T11:24:26.000Z,2025-02-04T14:44:55.096Z,8.8,3.1,CWE-22,,,MSHTML,Known,Microsoft,13,2021-09-13T00:00:00.000Z,pnet67,
CVE-2021-40444,PUBLISHED,microsoft,2021-09-15T11:24:26.000Z,2025-02-04T14:44:55.096Z,8.8,3.1,CWE-22,,,MSHTML,Known,Microsoft,1,2021-09-22T00:00:00.000Z,pt9d4z,
CVE-2021-40449,PUBLISHED,microsoft,2021-10-13T00:26:47.000Z,2025-02-07T14:36:28.765Z,7.8,3.1,CWE-416,,,Windows,Known,Microsoft,43,2021-10-13T00:00:00.000Z,q7kgn1,
CVE-2021-4045,PUBLISHED,INCIBE,2022-03-07T21:58:20.102267Z,2024-09-17T02:57:31.688Z,9.8,3.1,CWE-77,webapps,hardware,,,,1,2023-09-06T00:00:00.000Z,16bk542,
CVE-2021-40539,PUBLISHED,mitre,2021-09-07T16:06:58.000Z,2025-02-03T15:46:32.217Z,,,CWE-55,,,ManageEngine,Known,Zoho,5,2021-11-08T00:00:00.000Z,qplmey,hjug2rd
CVE-2021-40539,PUBLISHED,mitre,2021-09-07T16:06:58.000Z,2025-02-03T15:46:32.217Z,,,CWE-55,,,ManageEngine,Known,Zoho,9,2021-09-08T00:00:00.000Z,pkfssm,
CVE-2021-40724,PUBLISHED,adobe,2021-10-15T14:22:08.830820Z,2024-09-17T00:46:39.410Z,7.8,3.1,CWE-22,,,,,,2,2023-11-22T00:00:00.000Z,181gnfa,
CVE-2021-4104,PUBLISHED,apache,2021-12-14T00:00:00,2024-08-03T17:16:04.172Z,,,CWE-502,,,,,,1,2021-12-19T00:00:00.000Z,rjn18v,hp5uvgi
CVE-2021-4104,PUBLISHED,apache,2021-12-14T00:00:00,2024-08-03T17:16:04.172Z,,,CWE-502,,,,,,-3,2021-12-30T00:00:00.000Z,rrrp91,hqi93jn
CVE-2021-4104,PUBLISHED,apache,2021-12-14T00:00:00,2024-08-03T17:16:04.172Z,,,CWE-502,,,,,,3,2021-12-20T00:00:00.000Z,rk1vtu,hp8hir8
CVE-2021-4104,PUBLISHED,apache,2021-12-14T00:00:00,2024-08-03T17:16:04.172Z,,,CWE-502,,,,,,2,2021-12-13T00:00:00.000Z,reqc6f,hod1j25
CVE-2021-4104,PUBLISHED,apache,2021-12-14T00:00:00,2024-08-03T17:16:04.172Z,,,CWE-502,,,,,,4,2021-12-13T00:00:00.000Z,rf97b2,hodgn6p
CVE-2021-4104,PUBLISHED,apache,2021-12-14T00:00:00,2024-08-03T17:16:04.172Z,,,CWE-502,,,,,,3,2021-12-13T00:00:00.000Z,rf97b2,hoeeekh
CVE-2021-4104,PUBLISHED,apache,2021-12-14T00:00:00,2024-08-03T17:16:04.172Z,,,CWE-502,,,,,,2,2021-12-14T00:00:00.000Z,rezejm,hog6li3
CVE-2021-4104,PUBLISHED,apache,2021-12-14T00:00:00,2024-08-03T17:16:04.172Z,,,CWE-502,,,,,,5,2021-12-14T00:00:00.000Z,rg49lc,hoikp3e
CVE-2021-4104,PUBLISHED,apache,2021-12-14T00:00:00,2024-08-03T17:16:04.172Z,,,CWE-502,,,,,,1,2021-12-14T00:00:00.000Z,rgektp,hokl5qy
CVE-2021-4104,PUBLISHED,apache,2021-12-14T00:00:00,2024-08-03T17:16:04.172Z,,,CWE-502,,,,,,1,2021-12-14T00:00:00.000Z,rgektp,hokl6dg
CVE-2021-4104,PUBLISHED,apache,2021-12-14T00:00:00,2024-08-03T17:16:04.172Z,,,CWE-502,,,,,,3,2021-12-15T00:00:00.000Z,rgndby,hola9pf
CVE-2021-4104,PUBLISHED,apache,2021-12-14T00:00:00,2024-08-03T17:16:04.172Z,,,CWE-502,,,,,,2,2021-12-16T00:00:00.000Z,rh0ev1,hos4ufg
CVE-2021-4104,PUBLISHED,apache,2021-12-14T00:00:00,2024-08-03T17:16:04.172Z,,,CWE-502,,,,,,3,2021-12-17T00:00:00.000Z,rhwwyi,hov2ujz
CVE-2021-4104,PUBLISHED,apache,2021-12-14T00:00:00,2024-08-03T17:16:04.172Z,,,CWE-502,,,,,,4,2022-01-05T00:00:00.000Z,rwqs6t,hrearza
CVE-2021-4104,PUBLISHED,apache,2021-12-14T00:00:00,2024-08-03T17:16:04.172Z,,,CWE-502,,,,,,192,2022-01-11T00:00:00.000Z,s0yyjx,
CVE-2021-41379,PUBLISHED,microsoft,2021-11-10T00:46:55.000Z,2025-02-04T18:06:29.173Z,5.5,3.1,CWE-1386,,,Windows,Known,Microsoft,24,2021-11-23T00:00:00.000Z,r00x6d,hlqo1ti
CVE-2021-41379,PUBLISHED,microsoft,2021-11-10T00:46:55.000Z,2025-02-04T18:06:29.173Z,5.5,3.1,CWE-1386,,,Windows,Known,Microsoft,4,2021-11-24T00:00:00.000Z,r0hmkc,hlupqc6
CVE-2021-41379,PUBLISHED,microsoft,2021-11-10T00:46:55.000Z,2025-02-04T18:06:29.173Z,5.5,3.1,CWE-1386,,,Windows,Known,Microsoft,1,2021-11-27T00:00:00.000Z,r1snbq,hmaiabs
CVE-2021-41379,PUBLISHED,microsoft,2021-11-10T00:46:55.000Z,2025-02-04T18:06:29.173Z,5.5,3.1,CWE-1386,,,Windows,Known,Microsoft,72,2021-11-23T00:00:00.000Z,r066kq,hlqk3hd
CVE-2021-41379,PUBLISHED,microsoft,2021-11-10T00:46:55.000Z,2025-02-04T18:06:29.173Z,5.5,3.1,CWE-1386,,,Windows,Known,Microsoft,-3,2021-11-23T00:00:00.000Z,r0hn2k,hlu01g6
CVE-2021-41379,PUBLISHED,microsoft,2021-11-10T00:46:55.000Z,2025-02-04T18:06:29.173Z,5.5,3.1,CWE-1386,,,Windows,Known,Microsoft,4,2021-11-24T00:00:00.000Z,r0hn2k,hlu93oa
CVE-2021-41379,PUBLISHED,microsoft,2021-11-10T00:46:55.000Z,2025-02-04T18:06:29.173Z,5.5,3.1,CWE-1386,,,Windows,Known,Microsoft,2,2021-12-01T00:00:00.000Z,r674z2,hms4i6t
CVE-2021-41379,PUBLISHED,microsoft,2021-11-10T00:46:55.000Z,2025-02-04T18:06:29.173Z,5.5,3.1,CWE-1386,,,Windows,Known,Microsoft,637,2021-11-23T00:00:00.000Z,r0hmkc,
CVE-2021-41524,PUBLISHED,apache,2021-10-05T08:40:11,2024-08-04T03:15:28.450Z,,,CWE-476,,,,,,6,2022-09-11T00:00:00.000Z,xb71nf,inyg0yc
CVE-2021-4159,PUBLISHED,redhat,2022-08-24T15:10:57,2024-08-03T17:16:04.247Z,,,CWE-202,,,,,,2,2022-12-14T00:00:00.000Z,zlks8j,j084otf
CVE-2021-41733,PUBLISHED,mitre,2021-11-08T14:10:44,2024-08-04T03:15:29.261Z,,,,,,,,,2,2021-10-08T00:00:00.000Z,q3wh6d,
CVE-2021-41773,PUBLISHED,apache,2021-10-05T08:40:12.000Z,2025-02-04T14:42:20.035Z,,,CWE-22,webapps,multiple,HTTP Server,Known,Apache,1,2021-10-06T00:00:00.000Z,q2dum6,hfmi61m
CVE-2021-41773,PUBLISHED,apache,2021-10-05T08:40:12.000Z,2025-02-04T14:42:20.035Z,,,CWE-22,webapps,multiple,HTTP Server,Known,Apache,1,2021-10-06T00:00:00.000Z,q2dum6,hfmrp15
CVE-2021-41773,PUBLISHED,apache,2021-10-05T08:40:12.000Z,2025-02-04T14:42:20.035Z,,,CWE-22,webapps,multiple,HTTP Server,Known,Apache,1,2021-10-11T00:00:00.000Z,q3wh6d,hg8vvoz
CVE-2021-41773,PUBLISHED,apache,2021-10-05T08:40:12.000Z,2025-02-04T14:42:20.035Z,,,CWE-22,webapps,multiple,HTTP Server,Known,Apache,5,2021-10-14T00:00:00.000Z,q7gzky,hgledtu
CVE-2021-41773,PUBLISHED,apache,2021-10-05T08:40:12.000Z,2025-02-04T14:42:20.035Z,,,CWE-22,webapps,multiple,HTTP Server,Known,Apache,2,2021-10-06T00:00:00.000Z,q1xkwf,hfn64l7
CVE-2021-41773,PUBLISHED,apache,2021-10-05T08:40:12.000Z,2025-02-04T14:42:20.035Z,,,CWE-22,webapps,multiple,HTTP Server,Known,Apache,21,2021-10-08T00:00:00.000Z,q3mrll,hfsrfb1
CVE-2021-41773,PUBLISHED,apache,2021-10-05T08:40:12.000Z,2025-02-04T14:42:20.035Z,,,CWE-22,webapps,multiple,HTTP Server,Known,Apache,2,2021-10-08T00:00:00.000Z,q3mrll,hfttpwc
CVE-2021-41773,PUBLISHED,apache,2021-10-05T08:40:12.000Z,2025-02-04T14:42:20.035Z,,,CWE-22,webapps,multiple,HTTP Server,Known,Apache,20,2021-10-08T00:00:00.000Z,q3mrll,hfu2gx9
CVE-2021-41773,PUBLISHED,apache,2021-10-05T08:40:12.000Z,2025-02-04T14:42:20.035Z,,,CWE-22,webapps,multiple,HTTP Server,Known,Apache,5,2022-07-28T00:00:00.000Z,wa2jcx,ihylqqd
CVE-2021-41773,PUBLISHED,apache,2021-10-05T08:40:12.000Z,2025-02-04T14:42:20.035Z,,,CWE-22,webapps,multiple,HTTP Server,Known,Apache,27,2021-10-06T00:00:00.000Z,q2dum6,
CVE-2021-41773,PUBLISHED,apache,2021-10-05T08:40:12.000Z,2025-02-04T14:42:20.035Z,,,CWE-22,webapps,multiple,HTTP Server,Known,Apache,1,2024-11-23T00:00:00.000Z,1gxxhwv,
CVE-2021-41773,PUBLISHED,apache,2021-10-05T08:40:12.000Z,2025-02-04T14:42:20.035Z,,,CWE-22,webapps,multiple,HTTP Server,Known,Apache,3,2021-10-07T00:00:00.000Z,q3j5y2,
CVE-2021-42013,PUBLISHED,apache,2021-10-07T15:50:14.000Z,2025-02-04T14:29:01.508Z,,,CWE-22,webapps,multiple,HTTP Server,Known,Apache,5,2021-10-08T00:00:00.000Z,q40fsx,hfw79z1
CVE-2021-42114,PUBLISHED,NCSC.ch,2021-11-16T11:45:20.110793Z,2024-09-17T02:52:19.518Z,9.0,3.1,CWE-20,,,,,,6,2021-11-17T00:00:00.000Z,qw2dc7,
CVE-2021-42278,PUBLISHED,microsoft,2021-11-10T00:47:05.000Z,2025-02-04T18:05:53.082Z,7.5,3.1,CWE-20,,,Active Directory,Known,Microsoft,69,2021-12-14T00:00:00.000Z,rfxgej,
CVE-2021-42287,PUBLISHED,microsoft,2021-11-10T00:47:20.000Z,2025-02-04T18:04:49.511Z,7.5,3.1,CWE-269,,,Active Directory,Known,Microsoft,7,2021-12-22T00:00:00.000Z,rma1le,hpmd1i1
CVE-2021-42287,PUBLISHED,microsoft,2021-11-10T00:47:20.000Z,2025-02-04T18:04:49.511Z,7.5,3.1,CWE-269,,,Active Directory,Known,Microsoft,14,2021-12-16T00:00:00.000Z,rhwwyi,hotcj1g
CVE-2021-42287,PUBLISHED,microsoft,2021-11-10T00:47:20.000Z,2025-02-04T18:04:49.511Z,7.5,3.1,CWE-269,,,Active Directory,Known,Microsoft,27,2021-12-20T00:00:00.000Z,rkx37f,hpcg9k4
CVE-2021-42287,PUBLISHED,microsoft,2021-11-10T00:47:20.000Z,2025-02-04T18:04:49.511Z,7.5,3.1,CWE-269,,,Active Directory,Known,Microsoft,1,2022-03-10T00:00:00.000Z,ta7h5k,i031v8v
CVE-2021-42287,PUBLISHED,microsoft,2021-11-10T00:47:20.000Z,2025-02-04T18:04:49.511Z,7.5,3.1,CWE-269,,,Active Directory,Known,Microsoft,1,2022-03-30T00:00:00.000Z,ta7h5k,i2qp2sw
CVE-2021-42287,PUBLISHED,microsoft,2021-11-10T00:47:20.000Z,2025-02-04T18:04:49.511Z,7.5,3.1,CWE-269,,,Active Directory,Known,Microsoft,1,2022-09-28T00:00:00.000Z,xq6ay1,iq7xahl
CVE-2021-42287,PUBLISHED,microsoft,2021-11-10T00:47:20.000Z,2025-02-04T18:04:49.511Z,7.5,3.1,CWE-269,,,Active Directory,Known,Microsoft,3,2022-11-15T00:00:00.000Z,ypbpju,iwi6b2l
CVE-2021-42287,PUBLISHED,microsoft,2021-11-10T00:47:20.000Z,2025-02-04T18:04:49.511Z,7.5,3.1,CWE-269,,,Active Directory,Known,Microsoft,2,2022-12-21T00:00:00.000Z,zr2h6o,j12ktdn
CVE-2021-42287,PUBLISHED,microsoft,2021-11-10T00:47:20.000Z,2025-02-04T18:04:49.511Z,7.5,3.1,CWE-269,,,Active Directory,Known,Microsoft,1,2023-07-26T00:00:00.000Z,15acky6,jtk6dlq
CVE-2021-42287,PUBLISHED,microsoft,2021-11-10T00:47:20.000Z,2025-02-04T18:04:49.511Z,7.5,3.1,CWE-269,,,Active Directory,Known,Microsoft,1,2023-09-14T00:00:00.000Z,16hyuj3,k0i0wsh
CVE-2021-42287,PUBLISHED,microsoft,2021-11-10T00:47:20.000Z,2025-02-04T18:04:49.511Z,7.5,3.1,CWE-269,,,Active Directory,Known,Microsoft,6,2024-03-12T00:00:00.000Z,1bcwdcz,kujx2z3
CVE-2021-42287,PUBLISHED,microsoft,2021-11-10T00:47:20.000Z,2025-02-04T18:04:49.511Z,7.5,3.1,CWE-269,,,Active Directory,Known,Microsoft,3,2022-02-03T00:00:00.000Z,sjjxva,
CVE-2021-42287,PUBLISHED,microsoft,2021-11-10T00:47:20.000Z,2025-02-04T18:04:49.511Z,7.5,3.1,CWE-269,,,Active Directory,Known,Microsoft,1,2022-04-05T00:00:00.000Z,twy7tn,
CVE-2021-42287,PUBLISHED,microsoft,2021-11-10T00:47:20.000Z,2025-02-04T18:04:49.511Z,7.5,3.1,CWE-269,,,Active Directory,Known,Microsoft,2,2022-12-20T00:00:00.000Z,zr0axs,
CVE-2021-42287,PUBLISHED,microsoft,2021-11-10T00:47:20.000Z,2025-02-04T18:04:49.511Z,7.5,3.1,CWE-269,,,Active Directory,Known,Microsoft,1,2024-02-19T00:00:00.000Z,1aui9ss,
CVE-2021-42291,PUBLISHED,microsoft,2021-11-10T00:47:23,2024-08-04T03:30:37.966Z,7.5,3.1,,,,,,,2,2023-03-16T00:00:00.000Z,11kdnai,jcgh6ky
CVE-2021-42291,PUBLISHED,microsoft,2021-11-10T00:47:23,2024-08-04T03:30:37.966Z,7.5,3.1,,,,,,,2,2023-04-12T00:00:00.000Z,12imjjn,jfya1rh
CVE-2021-42291,PUBLISHED,microsoft,2021-11-10T00:47:23,2024-08-04T03:30:37.966Z,7.5,3.1,,,,,,,3,2023-04-13T00:00:00.000Z,12imjjn,jg2ck78
CVE-2021-42291,PUBLISHED,microsoft,2021-11-10T00:47:23,2024-08-04T03:30:37.966Z,7.5,3.1,,,,,,,10,2022-01-06T00:00:00.000Z,rxp68w,
CVE-2021-42291,PUBLISHED,microsoft,2021-11-10T00:47:23,2024-08-04T03:30:37.966Z,7.5,3.1,,,,,,,2582,2023-04-05T00:00:00.000Z,12cptda,
CVE-2021-42291,PUBLISHED,microsoft,2021-11-10T00:47:23,2024-08-04T03:30:37.966Z,7.5,3.1,,,,,,,1,2023-08-16T00:00:00.000Z,15sjn91,
CVE-2021-42321,PUBLISHED,microsoft,2021-11-10T00:47:43.000Z,2025-02-04T19:14:35.921Z,8.8,3.1,"CWE-184, CWE-502",,,Exchange,Known,Microsoft,29,2021-11-09T00:00:00.000Z,qqd3nu,hjzks2g
CVE-2021-42321,PUBLISHED,microsoft,2021-11-10T00:47:43.000Z,2025-02-04T19:14:35.921Z,8.8,3.1,"CWE-184, CWE-502",,,Exchange,Known,Microsoft,4,2021-11-10T00:00:00.000Z,qqumpx,hk3paui
CVE-2021-42321,PUBLISHED,microsoft,2021-11-10T00:47:43.000Z,2025-02-04T19:14:35.921Z,8.8,3.1,"CWE-184, CWE-502",,,Exchange,Known,Microsoft,3,2021-11-29T00:00:00.000Z,r4yc32,hmktnnj
CVE-2021-42321,PUBLISHED,microsoft,2021-11-10T00:47:43.000Z,2025-02-04T19:14:35.921Z,8.8,3.1,"CWE-184, CWE-502",,,Exchange,Known,Microsoft,2,2021-11-23T00:00:00.000Z,r0ah9t,
CVE-2021-42321,PUBLISHED,microsoft,2021-11-10T00:47:43.000Z,2025-02-04T19:14:35.921Z,8.8,3.1,"CWE-184, CWE-502",,,Exchange,Known,Microsoft,45,2021-11-23T00:00:00.000Z,r0ijjj,
CVE-2021-42321,PUBLISHED,microsoft,2021-11-10T00:47:43.000Z,2025-02-04T19:14:35.921Z,8.8,3.1,"CWE-184, CWE-502",,,Exchange,Known,Microsoft,44,2021-11-10T00:00:00.000Z,qqj5w9,
CVE-2021-42321,PUBLISHED,microsoft,2021-11-10T00:47:43.000Z,2025-02-04T19:14:35.921Z,8.8,3.1,"CWE-184, CWE-502",,,Exchange,Known,Microsoft,22,2021-11-23T00:00:00.000Z,r07t3m,
CVE-2021-42321,PUBLISHED,microsoft,2021-11-10T00:47:43.000Z,2025-02-04T19:14:35.921Z,8.8,3.1,"CWE-184, CWE-502",,,Exchange,Known,Microsoft,0,2021-11-24T00:00:00.000Z,r0sn46,
CVE-2021-42735,PUBLISHED,adobe,2022-06-15T19:45:25.915Z,2025-04-23T18:12:28.551Z,7.8,3.1,CWE-788,,,,,,1,2024-03-05T00:00:00.000Z,1b6f9im,kteqlzr
CVE-2021-4287,PUBLISHED,VulDB,2022-12-27T10:32:41.014Z,2025-04-11T14:42:29.162Z,5.0,3.1,CWE-61,,,,,,5,2023-01-31T00:00:00.000Z,10pzopa,j6onamp
CVE-2021-43217,PUBLISHED,microsoft,2021-12-15T14:15:07,2024-08-04T03:47:13.677Z,8.1,3.1,,,,,,,2,2022-03-13T00:00:00.000Z,td2gv8,i0h0uyl
CVE-2021-43233,PUBLISHED,microsoft,2021-12-15T14:15:17,2024-08-04T03:55:27.389Z,7.5,3.1,,,,,,,7,2021-12-14T00:00:00.000Z,rgbqpr,hojffhd
CVE-2021-43240,PUBLISHED,microsoft,2021-12-15T14:15:22,2024-08-04T03:55:27.419Z,7.8,3.1,,,,,,,25,2021-12-14T00:00:00.000Z,rgigex,hokhs5s
CVE-2021-43527,PUBLISHED,mozilla,2021-12-08T00:00:00,2024-08-04T03:55:29.297Z,,,,,,,,,6,2022-01-13T00:00:00.000Z,s2ryiz,hsgjlvc
CVE-2021-43883,PUBLISHED,microsoft,2021-12-15T14:15:33,2024-08-04T04:10:16.440Z,7.8,3.1,,,,,,,1,2022-12-21T00:00:00.000Z,zqtbas,j14qr9u
CVE-2021-43890,PUBLISHED,microsoft,2021-12-15T14:15:35.000Z,2025-02-04T16:04:59.398Z,7.1,3.1,,,,Windows,Known,Microsoft,9,2021-12-15T00:00:00.000Z,rgigex,honoyvl
CVE-2021-43890,PUBLISHED,microsoft,2021-12-15T14:15:35.000Z,2025-02-04T16:04:59.398Z,7.1,3.1,,,,Windows,Known,Microsoft,2,2021-12-23T00:00:00.000Z,rlg6oy,hpo2ysa
CVE-2021-43890,PUBLISHED,microsoft,2021-12-15T14:15:35.000Z,2025-02-04T16:04:59.398Z,7.1,3.1,,,,Windows,Known,Microsoft,3,2021-12-21T00:00:00.000Z,rlg6oy,
CVE-2021-43905,PUBLISHED,microsoft,2021-12-15T14:15:40,2024-08-04T04:10:16.923Z,9.6,3.1,,,,,,,2,2024-01-15T00:00:00.000Z,196y5t2,khye9x9
CVE-2021-44077,PUBLISHED,mitre,2021-11-29T03:17:45.000Z,2025-02-04T19:30:56.317Z,,,CWE-306,,,ManageEngine ServiceDesk Plus (SDP) / SupportCenter Plus,Unknown,Zoho,2,2021-12-05T00:00:00.000Z,r98bny,hnc3sjr
CVE-2021-44142,PUBLISHED,redhat,2022-02-21T14:30:12.659Z,2025-04-23T19:02:19.767Z,9.8,,CWE-125; CWE-787,,,,,Samba,19,2022-02-01T00:00:00.000Z,shp27l,hv43796
CVE-2021-44142,PUBLISHED,redhat,2022-02-21T14:30:12.659Z,2025-04-23T19:02:19.767Z,9.8,,CWE-125; CWE-787,,,,,Samba,7,2022-02-01T00:00:00.000Z,shp27l,hv4vfuw
CVE-2021-44142,PUBLISHED,redhat,2022-02-21T14:30:12.659Z,2025-04-23T19:02:19.767Z,9.8,,CWE-125; CWE-787,,,,,Samba,1,2022-02-04T00:00:00.000Z,shp27l,hvm914p
CVE-2021-44142,PUBLISHED,redhat,2022-02-21T14:30:12.659Z,2025-04-23T19:02:19.767Z,9.8,,CWE-125; CWE-787,,,,,Samba,12,2022-02-06T00:00:00.000Z,sltvxk,hvt09ul
CVE-2021-44142,PUBLISHED,redhat,2022-02-21T14:30:12.659Z,2025-04-23T19:02:19.767Z,9.8,,CWE-125; CWE-787,,,,,Samba,40,2022-02-01T00:00:00.000Z,si2pdk,
CVE-2021-44142,PUBLISHED,redhat,2022-02-21T14:30:12.659Z,2025-04-23T19:02:19.767Z,9.8,,CWE-125; CWE-787,,,,,Samba,143,2022-02-01T00:00:00.000Z,shsky6,
CVE-2021-44142,PUBLISHED,redhat,2022-02-21T14:30:12.659Z,2025-04-23T19:02:19.767Z,9.8,,CWE-125; CWE-787,,,,,Samba,3,2022-02-03T00:00:00.000Z,sjbbkf,
CVE-2021-44224,PUBLISHED,apache,2021-12-20T11:20:13,2024-08-04T04:17:24.919Z,,,CWE-476,,,,,,3,2021-12-25T00:00:00.000Z,ro9lpx,hpx4hmf
CVE-2021-44224,PUBLISHED,apache,2021-12-20T11:20:13,2024-08-04T04:17:24.919Z,,,CWE-476,,,,,,1,2021-12-23T00:00:00.000Z,rmhkeo,hpnds0y
CVE-2021-44224,PUBLISHED,apache,2021-12-20T11:20:13,2024-08-04T04:17:24.919Z,,,CWE-476,,,,,,33,2022-01-25T00:00:00.000Z,sc9auf,hu4wyjv
CVE-2021-44226,PUBLISHED,mitre,2022-03-23T00:00:00,2024-08-04T04:17:24.676Z,,,,,,,,,1,2024-07-23T00:00:00.000Z,1eaci35,
CVE-2021-44226,PUBLISHED,mitre,2022-03-23T00:00:00,2024-08-04T04:17:24.676Z,,,,,,,,,0,2022-03-23T00:00:00.000Z,tkqy2v,
CVE-2021-44228,PUBLISHED,apache,2021-12-10T00:00:00.000Z,2025-02-04T14:25:37.215Z,,,CWE-502; CWE-400; CWE-20,remote,java,Log4j2,Known,Apache,3,2021-12-15T00:00:00.000Z,rgtxfx,homoq9u
CVE-2021-44228,PUBLISHED,apache,2021-12-10T00:00:00.000Z,2025-02-04T14:25:37.215Z,,,CWE-502; CWE-400; CWE-20,remote,java,Log4j2,Known,Apache,2,2021-12-16T00:00:00.000Z,rhdvnu,hothkyh
CVE-2021-44228,PUBLISHED,apache,2021-12-10T00:00:00.000Z,2025-02-04T14:25:37.215Z,,,CWE-502; CWE-400; CWE-20,remote,java,Log4j2,Known,Apache,3,2021-12-22T00:00:00.000Z,rm68jd,hpkyyxd
CVE-2021-44228,PUBLISHED,apache,2021-12-10T00:00:00.000Z,2025-02-04T14:25:37.215Z,,,CWE-502; CWE-400; CWE-20,remote,java,Log4j2,Known,Apache,1,2021-12-27T00:00:00.000Z,rhdvnu,hq4eh7j
CVE-2021-44228,PUBLISHED,apache,2021-12-10T00:00:00.000Z,2025-02-04T14:25:37.215Z,,,CWE-502; CWE-400; CWE-20,remote,java,Log4j2,Known,Apache,11,2021-12-12T00:00:00.000Z,rd38z9,hoail27
CVE-2021-44228,PUBLISHED,apache,2021-12-10T00:00:00.000Z,2025-02-04T14:25:37.215Z,,,CWE-502; CWE-400; CWE-20,remote,java,Log4j2,Known,Apache,1,2021-12-14T00:00:00.000Z,rd38z9,hog32pf
CVE-2021-44228,PUBLISHED,apache,2021-12-10T00:00:00.000Z,2025-02-04T14:25:37.215Z,,,CWE-502; CWE-400; CWE-20,remote,java,Log4j2,Known,Apache,1,2021-12-15T00:00:00.000Z,rd38z9,hokxszd
CVE-2021-44228,PUBLISHED,apache,2021-12-10T00:00:00.000Z,2025-02-04T14:25:37.215Z,,,CWE-502; CWE-400; CWE-20,remote,java,Log4j2,Known,Apache,3,2021-12-15T00:00:00.000Z,rgq6ht,homxln5
CVE-2021-44228,PUBLISHED,apache,2021-12-10T00:00:00.000Z,2025-02-04T14:25:37.215Z,,,CWE-502; CWE-400; CWE-20,remote,java,Log4j2,Known,Apache,15,2021-12-17T00:00:00.000Z,rik8fc,hoxn8if
CVE-2021-44228,PUBLISHED,apache,2021-12-10T00:00:00.000Z,2025-02-04T14:25:37.215Z,,,CWE-502; CWE-400; CWE-20,remote,java,Log4j2,Known,Apache,2,2022-02-14T00:00:00.000Z,srxqyw,hwyad5i
CVE-2021-44228,PUBLISHED,apache,2021-12-10T00:00:00.000Z,2025-02-04T14:25:37.215Z,,,CWE-502; CWE-400; CWE-20,remote,java,Log4j2,Known,Apache,9,2021-12-11T00:00:00.000Z,rdfbht,ho39t1j
CVE-2021-44228,PUBLISHED,apache,2021-12-10T00:00:00.000Z,2025-02-04T14:25:37.215Z,,,CWE-502; CWE-400; CWE-20,remote,java,Log4j2,Known,Apache,1,2021-12-11T00:00:00.000Z,rdfbht,ho5bqy0
CVE-2021-44228,PUBLISHED,apache,2021-12-10T00:00:00.000Z,2025-02-04T14:25:37.215Z,,,CWE-502; CWE-400; CWE-20,remote,java,Log4j2,Known,Apache,7,2021-12-13T00:00:00.000Z,rf57gi,hoc1ali
CVE-2021-44228,PUBLISHED,apache,2021-12-10T00:00:00.000Z,2025-02-04T14:25:37.215Z,,,CWE-502; CWE-400; CWE-20,remote,java,Log4j2,Known,Apache,1,2021-12-13T00:00:00.000Z,rf57gi,hodkk79
CVE-2021-44228,PUBLISHED,apache,2021-12-10T00:00:00.000Z,2025-02-04T14:25:37.215Z,,,CWE-502; CWE-400; CWE-20,remote,java,Log4j2,Known,Apache,4,2021-12-13T00:00:00.000Z,rfe8sq,hodxrfu
CVE-2021-44228,PUBLISHED,apache,2021-12-10T00:00:00.000Z,2025-02-04T14:25:37.215Z,,,CWE-502; CWE-400; CWE-20,remote,java,Log4j2,Known,Apache,1,2021-12-13T00:00:00.000Z,reycu7,hofbe46
CVE-2021-44228,PUBLISHED,apache,2021-12-10T00:00:00.000Z,2025-02-04T14:25:37.215Z,,,CWE-502; CWE-400; CWE-20,remote,java,Log4j2,Known,Apache,2,2021-12-13T00:00:00.000Z,reycu7,hofowq5
CVE-2021-44228,PUBLISHED,apache,2021-12-10T00:00:00.000Z,2025-02-04T14:25:37.215Z,,,CWE-502; CWE-400; CWE-20,remote,java,Log4j2,Known,Apache,1,2021-12-14T00:00:00.000Z,rdfbht,hoh2f2y
CVE-2021-44228,PUBLISHED,apache,2021-12-10T00:00:00.000Z,2025-02-04T14:25:37.215Z,,,CWE-502; CWE-400; CWE-20,remote,java,Log4j2,Known,Apache,27,2021-12-14T00:00:00.000Z,rg9mcv,hoj00ap
CVE-2021-44228,PUBLISHED,apache,2021-12-10T00:00:00.000Z,2025-02-04T14:25:37.215Z,,,CWE-502; CWE-400; CWE-20,remote,java,Log4j2,Known,Apache,3,2021-12-15T00:00:00.000Z,rg69wg,holmsmy
CVE-2021-44228,PUBLISHED,apache,2021-12-10T00:00:00.000Z,2025-02-04T14:25:37.215Z,,,CWE-502; CWE-400; CWE-20,remote,java,Log4j2,Known,Apache,0,2021-12-15T00:00:00.000Z,rgxczj,homwt35
CVE-2021-44228,PUBLISHED,apache,2021-12-10T00:00:00.000Z,2025-02-04T14:25:37.215Z,,,CWE-502; CWE-400; CWE-20,remote,java,Log4j2,Known,Apache,-1,2021-12-15T00:00:00.000Z,rgxczj,homxdom
CVE-2021-44228,PUBLISHED,apache,2021-12-10T00:00:00.000Z,2025-02-04T14:25:37.215Z,,,CWE-502; CWE-400; CWE-20,remote,java,Log4j2,Known,Apache,1,2021-12-15T00:00:00.000Z,rgxczj,hon91x5
CVE-2021-44228,PUBLISHED,apache,2021-12-10T00:00:00.000Z,2025-02-04T14:25:37.215Z,,,CWE-502; CWE-400; CWE-20,remote,java,Log4j2,Known,Apache,11,2021-12-15T00:00:00.000Z,rgrkl2,honokro
CVE-2021-44228,PUBLISHED,apache,2021-12-10T00:00:00.000Z,2025-02-04T14:25:37.215Z,,,CWE-502; CWE-400; CWE-20,remote,java,Log4j2,Known,Apache,10,2021-12-15T00:00:00.000Z,rh2dc4,hop0ltk
CVE-2021-44228,PUBLISHED,apache,2021-12-10T00:00:00.000Z,2025-02-04T14:25:37.215Z,,,CWE-502; CWE-400; CWE-20,remote,java,Log4j2,Known,Apache,168,2021-12-19T00:00:00.000Z,rk1x4w,hp76tfg
CVE-2021-44228,PUBLISHED,apache,2021-12-10T00:00:00.000Z,2025-02-04T14:25:37.215Z,,,CWE-502; CWE-400; CWE-20,remote,java,Log4j2,Known,Apache,37,2021-12-19T00:00:00.000Z,rk1x4w,hp7xaah
CVE-2021-44228,PUBLISHED,apache,2021-12-10T00:00:00.000Z,2025-02-04T14:25:37.215Z,,,CWE-502; CWE-400; CWE-20,remote,java,Log4j2,Known,Apache,2,2021-12-20T00:00:00.000Z,rjn18v,hp9g2gt
CVE-2021-44228,PUBLISHED,apache,2021-12-10T00:00:00.000Z,2025-02-04T14:25:37.215Z,,,CWE-502; CWE-400; CWE-20,remote,java,Log4j2,Known,Apache,1,2021-12-20T00:00:00.000Z,rkou5z,hpc7kiy
CVE-2021-44228,PUBLISHED,apache,2021-12-10T00:00:00.000Z,2025-02-04T14:25:37.215Z,,,CWE-502; CWE-400; CWE-20,remote,java,Log4j2,Known,Apache,2,2022-01-04T00:00:00.000Z,rg9mcv,hr6t2ec
CVE-2021-44228,PUBLISHED,apache,2021-12-10T00:00:00.000Z,2025-02-04T14:25:37.215Z,,,CWE-502; CWE-400; CWE-20,remote,java,Log4j2,Known,Apache,2,2022-01-16T00:00:00.000Z,s5bxty,hsxt21d
CVE-2021-44228,PUBLISHED,apache,2021-12-10T00:00:00.000Z,2025-02-04T14:25:37.215Z,,,CWE-502; CWE-400; CWE-20,remote,java,Log4j2,Known,Apache,1,2022-04-03T00:00:00.000Z,tufxn4,i36ge7o
CVE-2021-44228,PUBLISHED,apache,2021-12-10T00:00:00.000Z,2025-02-04T14:25:37.215Z,,,CWE-502; CWE-400; CWE-20,remote,java,Log4j2,Known,Apache,1,2022-05-22T00:00:00.000Z,uusgu3,i9icbxn
CVE-2021-44228,PUBLISHED,apache,2021-12-10T00:00:00.000Z,2025-02-04T14:25:37.215Z,,,CWE-502; CWE-400; CWE-20,remote,java,Log4j2,Known,Apache,4,2023-01-02T00:00:00.000Z,100x28a,j2mo04x
CVE-2021-44228,PUBLISHED,apache,2021-12-10T00:00:00.000Z,2025-02-04T14:25:37.215Z,,,CWE-502; CWE-400; CWE-20,remote,java,Log4j2,Known,Apache,1,2023-10-06T00:00:00.000Z,171b2of,k3r0bap
CVE-2021-44228,PUBLISHED,apache,2021-12-10T00:00:00.000Z,2025-02-04T14:25:37.215Z,,,CWE-502; CWE-400; CWE-20,remote,java,Log4j2,Known,Apache,2,2024-08-10T00:00:00.000Z,1eoejui,lhe6kfp
CVE-2021-44228,PUBLISHED,apache,2021-12-10T00:00:00.000Z,2025-02-04T14:25:37.215Z,,,CWE-502; CWE-400; CWE-20,remote,java,Log4j2,Known,Apache,21,2021-12-11T00:00:00.000Z,re2j3s,ho53ed3
CVE-2021-44228,PUBLISHED,apache,2021-12-10T00:00:00.000Z,2025-02-04T14:25:37.215Z,,,CWE-502; CWE-400; CWE-20,remote,java,Log4j2,Known,Apache,20,2021-12-11T00:00:00.000Z,re2j3s,ho5avqv
CVE-2021-44228,PUBLISHED,apache,2021-12-10T00:00:00.000Z,2025-02-04T14:25:37.215Z,,,CWE-502; CWE-400; CWE-20,remote,java,Log4j2,Known,Apache,2,2021-12-13T00:00:00.000Z,rfbirb,hoez9um
CVE-2021-44228,PUBLISHED,apache,2021-12-10T00:00:00.000Z,2025-02-04T14:25:37.215Z,,,CWE-502; CWE-400; CWE-20,remote,java,Log4j2,Known,Apache,11,2021-12-17T00:00:00.000Z,rifkgs,hoyvu9o
CVE-2021-44228,PUBLISHED,apache,2021-12-10T00:00:00.000Z,2025-02-04T14:25:37.215Z,,,CWE-502; CWE-400; CWE-20,remote,java,Log4j2,Known,Apache,-14,2024-04-06T00:00:00.000Z,1bx3wwr,kyaozgx
CVE-2021-44228,PUBLISHED,apache,2021-12-10T00:00:00.000Z,2025-02-04T14:25:37.215Z,,,CWE-502; CWE-400; CWE-20,remote,java,Log4j2,Known,Apache,3,2022-05-10T00:00:00.000Z,um7spt,i81p5jp
CVE-2021-44228,PUBLISHED,apache,2021-12-10T00:00:00.000Z,2025-02-04T14:25:37.215Z,,,CWE-502; CWE-400; CWE-20,remote,java,Log4j2,Known,Apache,20,2021-12-10T00:00:00.000Z,rdba36,ho014k3
CVE-2021-44228,PUBLISHED,apache,2021-12-10T00:00:00.000Z,2025-02-04T14:25:37.215Z,,,CWE-502; CWE-400; CWE-20,remote,java,Log4j2,Known,Apache,7,2021-12-10T00:00:00.000Z,rdba36,ho0txtl
CVE-2021-44228,PUBLISHED,apache,2021-12-10T00:00:00.000Z,2025-02-04T14:25:37.215Z,,,CWE-502; CWE-400; CWE-20,remote,java,Log4j2,Known,Apache,10,2021-12-10T00:00:00.000Z,rdba36,ho1bp9n
CVE-2021-44228,PUBLISHED,apache,2021-12-10T00:00:00.000Z,2025-02-04T14:25:37.215Z,,,CWE-502; CWE-400; CWE-20,remote,java,Log4j2,Known,Apache,3,2021-12-10T00:00:00.000Z,rdimbb,ho1k9xd
CVE-2021-44228,PUBLISHED,apache,2021-12-10T00:00:00.000Z,2025-02-04T14:25:37.215Z,,,CWE-502; CWE-400; CWE-20,remote,java,Log4j2,Known,Apache,4,2021-12-11T00:00:00.000Z,rdba36,ho3kr9s
CVE-2021-44228,PUBLISHED,apache,2021-12-10T00:00:00.000Z,2025-02-04T14:25:37.215Z,,,CWE-502; CWE-400; CWE-20,remote,java,Log4j2,Known,Apache,2,2021-12-11T00:00:00.000Z,rdba36,ho4hfmh
CVE-2021-44228,PUBLISHED,apache,2021-12-10T00:00:00.000Z,2025-02-04T14:25:37.215Z,,,CWE-502; CWE-400; CWE-20,remote,java,Log4j2,Known,Apache,13,2021-12-11T00:00:00.000Z,rdba36,ho5nmfr
CVE-2021-44228,PUBLISHED,apache,2021-12-10T00:00:00.000Z,2025-02-04T14:25:37.215Z,,,CWE-502; CWE-400; CWE-20,remote,java,Log4j2,Known,Apache,2,2021-12-11T00:00:00.000Z,re5dht,ho6fu2v
CVE-2021-44228,PUBLISHED,apache,2021-12-10T00:00:00.000Z,2025-02-04T14:25:37.215Z,,,CWE-502; CWE-400; CWE-20,remote,java,Log4j2,Known,Apache,3,2021-12-13T00:00:00.000Z,rdba36,hoesq9y
CVE-2021-44228,PUBLISHED,apache,2021-12-10T00:00:00.000Z,2025-02-04T14:25:37.215Z,,,CWE-502; CWE-400; CWE-20,remote,java,Log4j2,Known,Apache,1,2021-12-14T00:00:00.000Z,rg4wfq,hojhopl
CVE-2021-44228,PUBLISHED,apache,2021-12-10T00:00:00.000Z,2025-02-04T14:25:37.215Z,,,CWE-502; CWE-400; CWE-20,remote,java,Log4j2,Known,Apache,1,2021-12-15T00:00:00.000Z,rg4wfq,homaoab
CVE-2021-44228,PUBLISHED,apache,2021-12-10T00:00:00.000Z,2025-02-04T14:25:37.215Z,,,CWE-502; CWE-400; CWE-20,remote,java,Log4j2,Known,Apache,1,2021-12-15T00:00:00.000Z,rfdlky,homsf8v
CVE-2021-44228,PUBLISHED,apache,2021-12-10T00:00:00.000Z,2025-02-04T14:25:37.215Z,,,CWE-502; CWE-400; CWE-20,remote,java,Log4j2,Known,Apache,1,2021-12-16T00:00:00.000Z,rg4wfq,hopvo2e
CVE-2021-44228,PUBLISHED,apache,2021-12-10T00:00:00.000Z,2025-02-04T14:25:37.215Z,,,CWE-502; CWE-400; CWE-20,remote,java,Log4j2,Known,Apache,2,2021-12-18T00:00:00.000Z,rifqyd,hp12u31
CVE-2021-44228,PUBLISHED,apache,2021-12-10T00:00:00.000Z,2025-02-04T14:25:37.215Z,,,CWE-502; CWE-400; CWE-20,remote,java,Log4j2,Known,Apache,1,2022-01-19T00:00:00.000Z,s7ax29,ht96yhp
CVE-2021-44228,PUBLISHED,apache,2021-12-10T00:00:00.000Z,2025-02-04T14:25:37.215Z,,,CWE-502; CWE-400; CWE-20,remote,java,Log4j2,Known,Apache,1,2022-03-18T00:00:00.000Z,rmzu7d,i17d4bl
CVE-2021-44228,PUBLISHED,apache,2021-12-10T00:00:00.000Z,2025-02-04T14:25:37.215Z,,,CWE-502; CWE-400; CWE-20,remote,java,Log4j2,Known,Apache,1,2022-03-25T00:00:00.000Z,rg4wfq,i242z59
CVE-2021-44228,PUBLISHED,apache,2021-12-10T00:00:00.000Z,2025-02-04T14:25:37.215Z,,,CWE-502; CWE-400; CWE-20,remote,java,Log4j2,Known,Apache,1,2023-02-14T00:00:00.000Z,112bjmk,j8jra7w
CVE-2021-44228,PUBLISHED,apache,2021-12-10T00:00:00.000Z,2025-02-04T14:25:37.215Z,,,CWE-502; CWE-400; CWE-20,remote,java,Log4j2,Known,Apache,1,2021-12-17T00:00:00.000Z,ri6nv5,hoyvvgy
CVE-2021-44228,PUBLISHED,apache,2021-12-10T00:00:00.000Z,2025-02-04T14:25:37.215Z,,,CWE-502; CWE-400; CWE-20,remote,java,Log4j2,Known,Apache,7,2021-12-10T00:00:00.000Z,rcwws9,ho025ea
CVE-2021-44228,PUBLISHED,apache,2021-12-10T00:00:00.000Z,2025-02-04T14:25:37.215Z,,,CWE-502; CWE-400; CWE-20,remote,java,Log4j2,Known,Apache,10,2021-12-10T00:00:00.000Z,rcwws9,ho0ekb1
CVE-2021-44228,PUBLISHED,apache,2021-12-10T00:00:00.000Z,2025-02-04T14:25:37.215Z,,,CWE-502; CWE-400; CWE-20,remote,java,Log4j2,Known,Apache,1,2021-12-10T00:00:00.000Z,rcwws9,ho10vin
CVE-2021-44228,PUBLISHED,apache,2021-12-10T00:00:00.000Z,2025-02-04T14:25:37.215Z,,,CWE-502; CWE-400; CWE-20,remote,java,Log4j2,Known,Apache,30,2021-12-10T00:00:00.000Z,rdlqlb,ho1vbsk
CVE-2021-44228,PUBLISHED,apache,2021-12-10T00:00:00.000Z,2025-02-04T14:25:37.215Z,,,CWE-502; CWE-400; CWE-20,remote,java,Log4j2,Known,Apache,11,2021-12-11T00:00:00.000Z,rdlqlb,ho2xg5p
CVE-2021-44228,PUBLISHED,apache,2021-12-10T00:00:00.000Z,2025-02-04T14:25:37.215Z,,,CWE-502; CWE-400; CWE-20,remote,java,Log4j2,Known,Apache,1,2021-12-12T00:00:00.000Z,rcwws9,ho6z1a6
CVE-2021-44228,PUBLISHED,apache,2021-12-10T00:00:00.000Z,2025-02-04T14:25:37.215Z,,,CWE-502; CWE-400; CWE-20,remote,java,Log4j2,Known,Apache,26,2021-12-13T00:00:00.000Z,rf7k0f,hocdujm
CVE-2021-44228,PUBLISHED,apache,2021-12-10T00:00:00.000Z,2025-02-04T14:25:37.215Z,,,CWE-502; CWE-400; CWE-20,remote,java,Log4j2,Known,Apache,12,2021-12-13T00:00:00.000Z,rff34u,hoeiyxs
CVE-2021-44228,PUBLISHED,apache,2021-12-10T00:00:00.000Z,2025-02-04T14:25:37.215Z,,,CWE-502; CWE-400; CWE-20,remote,java,Log4j2,Known,Apache,1,2021-12-14T00:00:00.000Z,rfkylb,hohlxb8
CVE-2021-44228,PUBLISHED,apache,2021-12-10T00:00:00.000Z,2025-02-04T14:25:37.215Z,,,CWE-502; CWE-400; CWE-20,remote,java,Log4j2,Known,Apache,8,2021-12-20T00:00:00.000Z,rkhnem,hpb32oh
CVE-2021-44228,PUBLISHED,apache,2021-12-10T00:00:00.000Z,2025-02-04T14:25:37.215Z,,,CWE-502; CWE-400; CWE-20,remote,java,Log4j2,Known,Apache,12,2022-01-06T00:00:00.000Z,rwoeqn,hrfgrtr
CVE-2021-44228,PUBLISHED,apache,2021-12-10T00:00:00.000Z,2025-02-04T14:25:37.215Z,,,CWE-502; CWE-400; CWE-20,remote,java,Log4j2,Known,Apache,2,2022-01-06T00:00:00.000Z,rwoeqn,hrhtjjc
CVE-2021-44228,PUBLISHED,apache,2021-12-10T00:00:00.000Z,2025-02-04T14:25:37.215Z,,,CWE-502; CWE-400; CWE-20,remote,java,Log4j2,Known,Apache,7,2021-12-10T00:00:00.000Z,rcuzta,ho06fe3
CVE-2021-44228,PUBLISHED,apache,2021-12-10T00:00:00.000Z,2025-02-04T14:25:37.215Z,,,CWE-502; CWE-400; CWE-20,remote,java,Log4j2,Known,Apache,13,2021-12-10T00:00:00.000Z,rdjt8t,ho1r7za
CVE-2021-44228,PUBLISHED,apache,2021-12-10T00:00:00.000Z,2025-02-04T14:25:37.215Z,,,CWE-502; CWE-400; CWE-20,remote,java,Log4j2,Known,Apache,4,2021-12-11T00:00:00.000Z,rdq4i7,ho2pz0j
CVE-2021-44228,PUBLISHED,apache,2021-12-10T00:00:00.000Z,2025-02-04T14:25:37.215Z,,,CWE-502; CWE-400; CWE-20,remote,java,Log4j2,Known,Apache,1,2021-12-11T00:00:00.000Z,rdbaeb,ho4hdv3
CVE-2021-44228,PUBLISHED,apache,2021-12-10T00:00:00.000Z,2025-02-04T14:25:37.215Z,,,CWE-502; CWE-400; CWE-20,remote,java,Log4j2,Known,Apache,1,2021-12-11T00:00:00.000Z,rdnn5y,ho68a68
CVE-2021-44228,PUBLISHED,apache,2021-12-10T00:00:00.000Z,2025-02-04T14:25:37.215Z,,,CWE-502; CWE-400; CWE-20,remote,java,Log4j2,Known,Apache,4,2021-12-12T00:00:00.000Z,rdnn5y,ho7go98
CVE-2021-44228,PUBLISHED,apache,2021-12-10T00:00:00.000Z,2025-02-04T14:25:37.215Z,,,CWE-502; CWE-400; CWE-20,remote,java,Log4j2,Known,Apache,4,2021-12-12T00:00:00.000Z,re7pzd,ho7vm8r
CVE-2021-44228,PUBLISHED,apache,2021-12-10T00:00:00.000Z,2025-02-04T14:25:37.215Z,,,CWE-502; CWE-400; CWE-20,remote,java,Log4j2,Known,Apache,6,2021-12-13T00:00:00.000Z,rf97b2,hod85ra
CVE-2021-44228,PUBLISHED,apache,2021-12-10T00:00:00.000Z,2025-02-04T14:25:37.215Z,,,CWE-502; CWE-400; CWE-20,remote,java,Log4j2,Known,Apache,20,2021-12-13T00:00:00.000Z,rf97b2,hodcz8z
CVE-2021-44228,PUBLISHED,apache,2021-12-10T00:00:00.000Z,2025-02-04T14:25:37.215Z,,,CWE-502; CWE-400; CWE-20,remote,java,Log4j2,Known,Apache,5,2021-12-13T00:00:00.000Z,rf97b2,hodovr5
CVE-2021-44228,PUBLISHED,apache,2021-12-10T00:00:00.000Z,2025-02-04T14:25:37.215Z,,,CWE-502; CWE-400; CWE-20,remote,java,Log4j2,Known,Apache,8,2021-12-13T00:00:00.000Z,rfcch5,hodpws6
CVE-2021-44228,PUBLISHED,apache,2021-12-10T00:00:00.000Z,2025-02-04T14:25:37.215Z,,,CWE-502; CWE-400; CWE-20,remote,java,Log4j2,Known,Apache,6,2021-12-13T00:00:00.000Z,rfeve6,hodwzzc
CVE-2021-44228,PUBLISHED,apache,2021-12-10T00:00:00.000Z,2025-02-04T14:25:37.215Z,,,CWE-502; CWE-400; CWE-20,remote,java,Log4j2,Known,Apache,1,2021-12-13T00:00:00.000Z,rfa4px,hoe5aml
CVE-2021-44228,PUBLISHED,apache,2021-12-10T00:00:00.000Z,2025-02-04T14:25:37.215Z,,,CWE-502; CWE-400; CWE-20,remote,java,Log4j2,Known,Apache,-3,2021-12-13T00:00:00.000Z,rf97b2,hoe6dgk
CVE-2021-44228,PUBLISHED,apache,2021-12-10T00:00:00.000Z,2025-02-04T14:25:37.215Z,,,CWE-502; CWE-400; CWE-20,remote,java,Log4j2,Known,Apache,19,2021-12-13T00:00:00.000Z,rfkwvr,hoejkdb
CVE-2021-44228,PUBLISHED,apache,2021-12-10T00:00:00.000Z,2025-02-04T14:25:37.215Z,,,CWE-502; CWE-400; CWE-20,remote,java,Log4j2,Known,Apache,38,2021-12-13T00:00:00.000Z,rf97b2,hoevke2
CVE-2021-44228,PUBLISHED,apache,2021-12-10T00:00:00.000Z,2025-02-04T14:25:37.215Z,,,CWE-502; CWE-400; CWE-20,remote,java,Log4j2,Known,Apache,4,2021-12-13T00:00:00.000Z,rf97b2,hof3f7h
CVE-2021-44228,PUBLISHED,apache,2021-12-10T00:00:00.000Z,2025-02-04T14:25:37.215Z,,,CWE-502; CWE-400; CWE-20,remote,java,Log4j2,Known,Apache,3,2021-12-13T00:00:00.000Z,rfrmsg,hofohba
CVE-2021-44228,PUBLISHED,apache,2021-12-10T00:00:00.000Z,2025-02-04T14:25:37.215Z,,,CWE-502; CWE-400; CWE-20,remote,java,Log4j2,Known,Apache,2,2021-12-14T00:00:00.000Z,rezejm,hogrpva
CVE-2021-44228,PUBLISHED,apache,2021-12-10T00:00:00.000Z,2025-02-04T14:25:37.215Z,,,CWE-502; CWE-400; CWE-20,remote,java,Log4j2,Known,Apache,2,2021-12-14T00:00:00.000Z,rfvbfm,hoi3gvn
CVE-2021-44228,PUBLISHED,apache,2021-12-10T00:00:00.000Z,2025-02-04T14:25:37.215Z,,,CWE-502; CWE-400; CWE-20,remote,java,Log4j2,Known,Apache,17,2021-12-14T00:00:00.000Z,rg5dpt,hoicdqh
CVE-2021-44228,PUBLISHED,apache,2021-12-10T00:00:00.000Z,2025-02-04T14:25:37.215Z,,,CWE-502; CWE-400; CWE-20,remote,java,Log4j2,Known,Apache,4,2021-12-14T00:00:00.000Z,rgbec2,hoj2ljd
CVE-2021-44228,PUBLISHED,apache,2021-12-10T00:00:00.000Z,2025-02-04T14:25:37.215Z,,,CWE-502; CWE-400; CWE-20,remote,java,Log4j2,Known,Apache,7,2021-12-14T00:00:00.000Z,rg3jb8,hojiapm
CVE-2021-44228,PUBLISHED,apache,2021-12-10T00:00:00.000Z,2025-02-04T14:25:37.215Z,,,CWE-502; CWE-400; CWE-20,remote,java,Log4j2,Known,Apache,3,2021-12-14T00:00:00.000Z,rg5dpt,hojkcmn
CVE-2021-44228,PUBLISHED,apache,2021-12-10T00:00:00.000Z,2025-02-04T14:25:37.215Z,,,CWE-502; CWE-400; CWE-20,remote,java,Log4j2,Known,Apache,26,2021-12-14T00:00:00.000Z,rgggwx,hokd2qb
CVE-2021-44228,PUBLISHED,apache,2021-12-10T00:00:00.000Z,2025-02-04T14:25:37.215Z,,,CWE-502; CWE-400; CWE-20,remote,java,Log4j2,Known,Apache,6,2021-12-15T00:00:00.000Z,rflx5t,hom3ej3
CVE-2021-44228,PUBLISHED,apache,2021-12-10T00:00:00.000Z,2025-02-04T14:25:37.215Z,,,CWE-502; CWE-400; CWE-20,remote,java,Log4j2,Known,Apache,1,2021-12-15T00:00:00.000Z,rg8kyh,honrehx
CVE-2021-44228,PUBLISHED,apache,2021-12-10T00:00:00.000Z,2025-02-04T14:25:37.215Z,,,CWE-502; CWE-400; CWE-20,remote,java,Log4j2,Known,Apache,1,2021-12-15T00:00:00.000Z,rezejm,honurg4
CVE-2021-44228,PUBLISHED,apache,2021-12-10T00:00:00.000Z,2025-02-04T14:25:37.215Z,,,CWE-502; CWE-400; CWE-20,remote,java,Log4j2,Known,Apache,8,2021-12-15T00:00:00.000Z,rhbwn1,hopnrnb
CVE-2021-44228,PUBLISHED,apache,2021-12-10T00:00:00.000Z,2025-02-04T14:25:37.215Z,,,CWE-502; CWE-400; CWE-20,remote,java,Log4j2,Known,Apache,1,2021-12-15T00:00:00.000Z,rgn2lu,hopo3uw
CVE-2021-44228,PUBLISHED,apache,2021-12-10T00:00:00.000Z,2025-02-04T14:25:37.215Z,,,CWE-502; CWE-400; CWE-20,remote,java,Log4j2,Known,Apache,3,2021-12-15T00:00:00.000Z,rgxa1r,hopofm1
CVE-2021-44228,PUBLISHED,apache,2021-12-10T00:00:00.000Z,2025-02-04T14:25:37.215Z,,,CWE-502; CWE-400; CWE-20,remote,java,Log4j2,Known,Apache,1,2021-12-16T00:00:00.000Z,rh2dt0,hoprg9b
CVE-2021-44228,PUBLISHED,apache,2021-12-10T00:00:00.000Z,2025-02-04T14:25:37.215Z,,,CWE-502; CWE-400; CWE-20,remote,java,Log4j2,Known,Apache,3,2021-12-16T00:00:00.000Z,rhd773,hoq0qlu
CVE-2021-44228,PUBLISHED,apache,2021-12-10T00:00:00.000Z,2025-02-04T14:25:37.215Z,,,CWE-502; CWE-400; CWE-20,remote,java,Log4j2,Known,Apache,2,2021-12-16T00:00:00.000Z,rhpufm,hoslaw4
CVE-2021-44228,PUBLISHED,apache,2021-12-10T00:00:00.000Z,2025-02-04T14:25:37.215Z,,,CWE-502; CWE-400; CWE-20,remote,java,Log4j2,Known,Apache,2,2021-12-16T00:00:00.000Z,rhwpjk,hotibe6
CVE-2021-44228,PUBLISHED,apache,2021-12-10T00:00:00.000Z,2025-02-04T14:25:37.215Z,,,CWE-502; CWE-400; CWE-20,remote,java,Log4j2,Known,Apache,1,2021-12-16T00:00:00.000Z,rhwwyi,hotymhb
CVE-2021-44228,PUBLISHED,apache,2021-12-10T00:00:00.000Z,2025-02-04T14:25:37.215Z,,,CWE-502; CWE-400; CWE-20,remote,java,Log4j2,Known,Apache,3,2021-12-16T00:00:00.000Z,rhwwyi,hotzlz6
CVE-2021-44228,PUBLISHED,apache,2021-12-10T00:00:00.000Z,2025-02-04T14:25:37.215Z,,,CWE-502; CWE-400; CWE-20,remote,java,Log4j2,Known,Apache,2,2021-12-17T00:00:00.000Z,rg5dpt,hov7kt3
CVE-2021-44228,PUBLISHED,apache,2021-12-10T00:00:00.000Z,2025-02-04T14:25:37.215Z,,,CWE-502; CWE-400; CWE-20,remote,java,Log4j2,Known,Apache,2,2021-12-17T00:00:00.000Z,rfoz5d,hov87gd
CVE-2021-44228,PUBLISHED,apache,2021-12-10T00:00:00.000Z,2025-02-04T14:25:37.215Z,,,CWE-502; CWE-400; CWE-20,remote,java,Log4j2,Known,Apache,5,2021-12-17T00:00:00.000Z,rhwwyi,hov89we
CVE-2021-44228,PUBLISHED,apache,2021-12-10T00:00:00.000Z,2025-02-04T14:25:37.215Z,,,CWE-502; CWE-400; CWE-20,remote,java,Log4j2,Known,Apache,1,2021-12-17T00:00:00.000Z,rhwwyi,hovsr9h
CVE-2021-44228,PUBLISHED,apache,2021-12-10T00:00:00.000Z,2025-02-04T14:25:37.215Z,,,CWE-502; CWE-400; CWE-20,remote,java,Log4j2,Known,Apache,2,2021-12-17T00:00:00.000Z,ri5b4a,howxjhs
CVE-2021-44228,PUBLISHED,apache,2021-12-10T00:00:00.000Z,2025-02-04T14:25:37.215Z,,,CWE-502; CWE-400; CWE-20,remote,java,Log4j2,Known,Apache,1,2021-12-17T00:00:00.000Z,rezejm,hoxr6ym
CVE-2021-44228,PUBLISHED,apache,2021-12-10T00:00:00.000Z,2025-02-04T14:25:37.215Z,,,CWE-502; CWE-400; CWE-20,remote,java,Log4j2,Known,Apache,4,2021-12-17T00:00:00.000Z,rij9er,hoybdso
CVE-2021-44228,PUBLISHED,apache,2021-12-10T00:00:00.000Z,2025-02-04T14:25:37.215Z,,,CWE-502; CWE-400; CWE-20,remote,java,Log4j2,Known,Apache,1,2021-12-17T00:00:00.000Z,rfoz5d,hoyvic1
CVE-2021-44228,PUBLISHED,apache,2021-12-10T00:00:00.000Z,2025-02-04T14:25:37.215Z,,,CWE-502; CWE-400; CWE-20,remote,java,Log4j2,Known,Apache,1,2021-12-17T00:00:00.000Z,rfoz5d,hoz1z5s
CVE-2021-44228,PUBLISHED,apache,2021-12-10T00:00:00.000Z,2025-02-04T14:25:37.215Z,,,CWE-502; CWE-400; CWE-20,remote,java,Log4j2,Known,Apache,2,2021-12-17T00:00:00.000Z,riqtcp,hoz5rgb
CVE-2021-44228,PUBLISHED,apache,2021-12-10T00:00:00.000Z,2025-02-04T14:25:37.215Z,,,CWE-502; CWE-400; CWE-20,remote,java,Log4j2,Known,Apache,4,2021-12-18T00:00:00.000Z,rit8wm,hp1jq24
CVE-2021-44228,PUBLISHED,apache,2021-12-10T00:00:00.000Z,2025-02-04T14:25:37.215Z,,,CWE-502; CWE-400; CWE-20,remote,java,Log4j2,Known,Apache,61,2021-12-18T00:00:00.000Z,rj8y6u,hp1zp9t
CVE-2021-44228,PUBLISHED,apache,2021-12-10T00:00:00.000Z,2025-02-04T14:25:37.215Z,,,CWE-502; CWE-400; CWE-20,remote,java,Log4j2,Known,Apache,8,2021-12-18T00:00:00.000Z,rj8y6u,hp20s3m
CVE-2021-44228,PUBLISHED,apache,2021-12-10T00:00:00.000Z,2025-02-04T14:25:37.215Z,,,CWE-502; CWE-400; CWE-20,remote,java,Log4j2,Known,Apache,7,2021-12-18T00:00:00.000Z,rjdk8z,hp2ualc
CVE-2021-44228,PUBLISHED,apache,2021-12-10T00:00:00.000Z,2025-02-04T14:25:37.215Z,,,CWE-502; CWE-400; CWE-20,remote,java,Log4j2,Known,Apache,1,2021-12-18T00:00:00.000Z,rj8y6u,hp2z73a
CVE-2021-44228,PUBLISHED,apache,2021-12-10T00:00:00.000Z,2025-02-04T14:25:37.215Z,,,CWE-502; CWE-400; CWE-20,remote,java,Log4j2,Known,Apache,2,2021-12-18T00:00:00.000Z,rj3ulu,hp3c9qc
CVE-2021-44228,PUBLISHED,apache,2021-12-10T00:00:00.000Z,2025-02-04T14:25:37.215Z,,,CWE-502; CWE-400; CWE-20,remote,java,Log4j2,Known,Apache,2,2021-12-18T00:00:00.000Z,rj8y6u,hp3gkjn
CVE-2021-44228,PUBLISHED,apache,2021-12-10T00:00:00.000Z,2025-02-04T14:25:37.215Z,,,CWE-502; CWE-400; CWE-20,remote,java,Log4j2,Known,Apache,2,2021-12-19T00:00:00.000Z,rjazcu,hp6o39g
CVE-2021-44228,PUBLISHED,apache,2021-12-10T00:00:00.000Z,2025-02-04T14:25:37.215Z,,,CWE-502; CWE-400; CWE-20,remote,java,Log4j2,Known,Apache,3,2021-12-20T00:00:00.000Z,rkaco9,hpam3ba
CVE-2021-44228,PUBLISHED,apache,2021-12-10T00:00:00.000Z,2025-02-04T14:25:37.215Z,,,CWE-502; CWE-400; CWE-20,remote,java,Log4j2,Known,Apache,17,2021-12-27T00:00:00.000Z,rpbq8z,hq3iha5
CVE-2021-44228,PUBLISHED,apache,2021-12-10T00:00:00.000Z,2025-02-04T14:25:37.215Z,,,CWE-502; CWE-400; CWE-20,remote,java,Log4j2,Known,Apache,2,2021-12-27T00:00:00.000Z,rpbq8z,hq5wa55
CVE-2021-44228,PUBLISHED,apache,2021-12-10T00:00:00.000Z,2025-02-04T14:25:37.215Z,,,CWE-502; CWE-400; CWE-20,remote,java,Log4j2,Known,Apache,7,2021-12-27T00:00:00.000Z,rpt1f4,hq6h6r2
CVE-2021-44228,PUBLISHED,apache,2021-12-10T00:00:00.000Z,2025-02-04T14:25:37.215Z,,,CWE-502; CWE-400; CWE-20,remote,java,Log4j2,Known,Apache,2,2021-12-28T00:00:00.000Z,rqkjn5,hqbm8l0
CVE-2021-44228,PUBLISHED,apache,2021-12-10T00:00:00.000Z,2025-02-04T14:25:37.215Z,,,CWE-502; CWE-400; CWE-20,remote,java,Log4j2,Known,Apache,4,2022-01-04T00:00:00.000Z,rvpu5i,hr6z19z
CVE-2021-44228,PUBLISHED,apache,2021-12-10T00:00:00.000Z,2025-02-04T14:25:37.215Z,,,CWE-502; CWE-400; CWE-20,remote,java,Log4j2,Known,Apache,2,2022-01-04T00:00:00.000Z,rvpu5i,hr71wsf
CVE-2021-44228,PUBLISHED,apache,2021-12-10T00:00:00.000Z,2025-02-04T14:25:37.215Z,,,CWE-502; CWE-400; CWE-20,remote,java,Log4j2,Known,Apache,1,2022-03-03T00:00:00.000Z,s6x4o9,hz5kjyn
CVE-2021-44228,PUBLISHED,apache,2021-12-10T00:00:00.000Z,2025-02-04T14:25:37.215Z,,,CWE-502; CWE-400; CWE-20,remote,java,Log4j2,Known,Apache,8,2022-05-21T00:00:00.000Z,uus4rd,i9h862t
CVE-2021-44228,PUBLISHED,apache,2021-12-10T00:00:00.000Z,2025-02-04T14:25:37.215Z,,,CWE-502; CWE-400; CWE-20,remote,java,Log4j2,Known,Apache,3,2022-10-02T00:00:00.000Z,xt999v,iqot8ts
CVE-2021-44228,PUBLISHED,apache,2021-12-10T00:00:00.000Z,2025-02-04T14:25:37.215Z,,,CWE-502; CWE-400; CWE-20,remote,java,Log4j2,Known,Apache,502,2021-12-10T00:00:00.000Z,rd38z9,
CVE-2021-44228,PUBLISHED,apache,2021-12-10T00:00:00.000Z,2025-02-04T14:25:37.215Z,,,CWE-502; CWE-400; CWE-20,remote,java,Log4j2,Known,Apache,28,2022-02-14T00:00:00.000Z,srxqyw,
CVE-2021-44228,PUBLISHED,apache,2021-12-10T00:00:00.000Z,2025-02-04T14:25:37.215Z,,,CWE-502; CWE-400; CWE-20,remote,java,Log4j2,Known,Apache,116,2021-12-10T00:00:00.000Z,rdfbht,
CVE-2021-44228,PUBLISHED,apache,2021-12-10T00:00:00.000Z,2025-02-04T14:25:37.215Z,,,CWE-502; CWE-400; CWE-20,remote,java,Log4j2,Known,Apache,1,2021-12-15T00:00:00.000Z,rhd711,
CVE-2021-44228,PUBLISHED,apache,2021-12-10T00:00:00.000Z,2025-02-04T14:25:37.215Z,,,CWE-502; CWE-400; CWE-20,remote,java,Log4j2,Known,Apache,8,2021-12-16T00:00:00.000Z,rhnmu0,
CVE-2021-44228,PUBLISHED,apache,2021-12-10T00:00:00.000Z,2025-02-04T14:25:37.215Z,,,CWE-502; CWE-400; CWE-20,remote,java,Log4j2,Known,Apache,14,2021-12-17T00:00:00.000Z,rikcl6,
CVE-2021-44228,PUBLISHED,apache,2021-12-10T00:00:00.000Z,2025-02-04T14:25:37.215Z,,,CWE-502; CWE-400; CWE-20,remote,java,Log4j2,Known,Apache,3,2024-03-18T00:00:00.000Z,1bhi7ap,
CVE-2021-44228,PUBLISHED,apache,2021-12-10T00:00:00.000Z,2025-02-04T14:25:37.215Z,,,CWE-502; CWE-400; CWE-20,remote,java,Log4j2,Known,Apache,3,2024-07-09T00:00:00.000Z,1dz166o,
CVE-2021-44228,PUBLISHED,apache,2021-12-10T00:00:00.000Z,2025-02-04T14:25:37.215Z,,,CWE-502; CWE-400; CWE-20,remote,java,Log4j2,Known,Apache,6,2024-08-26T00:00:00.000Z,1f1o30t,
CVE-2021-44228,PUBLISHED,apache,2021-12-10T00:00:00.000Z,2025-02-04T14:25:37.215Z,,,CWE-502; CWE-400; CWE-20,remote,java,Log4j2,Known,Apache,4,2022-03-28T00:00:00.000Z,tq3bao,
CVE-2021-44228,PUBLISHED,apache,2021-12-10T00:00:00.000Z,2025-02-04T14:25:37.215Z,,,CWE-502; CWE-400; CWE-20,remote,java,Log4j2,Known,Apache,302,2021-12-10T00:00:00.000Z,rdba36,
CVE-2021-44228,PUBLISHED,apache,2021-12-10T00:00:00.000Z,2025-02-04T14:25:37.215Z,,,CWE-502; CWE-400; CWE-20,remote,java,Log4j2,Known,Apache,138,2022-01-15T00:00:00.000Z,s48iji,
CVE-2021-44228,PUBLISHED,apache,2021-12-10T00:00:00.000Z,2025-02-04T14:25:37.215Z,,,CWE-502; CWE-400; CWE-20,remote,java,Log4j2,Known,Apache,1,2022-03-23T00:00:00.000Z,tl88xz,
CVE-2021-44228,PUBLISHED,apache,2021-12-10T00:00:00.000Z,2025-02-04T14:25:37.215Z,,,CWE-502; CWE-400; CWE-20,remote,java,Log4j2,Known,Apache,24,2022-02-06T00:00:00.000Z,sm0j5y,
CVE-2021-44228,PUBLISHED,apache,2021-12-10T00:00:00.000Z,2025-02-04T14:25:37.215Z,,,CWE-502; CWE-400; CWE-20,remote,java,Log4j2,Known,Apache,9,2022-03-28T00:00:00.000Z,tq3a4m,
CVE-2021-44228,PUBLISHED,apache,2021-12-10T00:00:00.000Z,2025-02-04T14:25:37.215Z,,,CWE-502; CWE-400; CWE-20,remote,java,Log4j2,Known,Apache,127,2021-12-10T00:00:00.000Z,rcuzta,
CVE-2021-44228,PUBLISHED,apache,2021-12-10T00:00:00.000Z,2025-02-04T14:25:37.215Z,,,CWE-502; CWE-400; CWE-20,remote,java,Log4j2,Known,Apache,0,2021-12-10T00:00:00.000Z,rdelpu,
CVE-2021-44228,PUBLISHED,apache,2021-12-10T00:00:00.000Z,2025-02-04T14:25:37.215Z,,,CWE-502; CWE-400; CWE-20,remote,java,Log4j2,Known,Apache,6,2021-12-13T00:00:00.000Z,rfoz5d,
CVE-2021-44228,PUBLISHED,apache,2021-12-10T00:00:00.000Z,2025-02-04T14:25:37.215Z,,,CWE-502; CWE-400; CWE-20,remote,java,Log4j2,Known,Apache,13,2021-12-13T00:00:00.000Z,rfqshj,
CVE-2021-44228,PUBLISHED,apache,2021-12-10T00:00:00.000Z,2025-02-04T14:25:37.215Z,,,CWE-502; CWE-400; CWE-20,remote,java,Log4j2,Known,Apache,80,2021-12-14T00:00:00.000Z,rfvbfm,
CVE-2021-44228,PUBLISHED,apache,2021-12-10T00:00:00.000Z,2025-02-04T14:25:37.215Z,,,CWE-502; CWE-400; CWE-20,remote,java,Log4j2,Known,Apache,464,2021-12-15T00:00:00.000Z,rgxa1r,
CVE-2021-44228,PUBLISHED,apache,2021-12-10T00:00:00.000Z,2025-02-04T14:25:37.215Z,,,CWE-502; CWE-400; CWE-20,remote,java,Log4j2,Known,Apache,3,2021-12-15T00:00:00.000Z,rh2dt0,
CVE-2021-44228,PUBLISHED,apache,2021-12-10T00:00:00.000Z,2025-02-04T14:25:37.215Z,,,CWE-502; CWE-400; CWE-20,remote,java,Log4j2,Known,Apache,26,2021-12-17T00:00:00.000Z,ri5b4a,
CVE-2021-44228,PUBLISHED,apache,2021-12-10T00:00:00.000Z,2025-02-04T14:25:37.215Z,,,CWE-502; CWE-400; CWE-20,remote,java,Log4j2,Known,Apache,1744,2021-12-20T00:00:00.000Z,rkaco9,
CVE-2021-44228,PUBLISHED,apache,2021-12-10T00:00:00.000Z,2025-02-04T14:25:37.215Z,,,CWE-502; CWE-400; CWE-20,remote,java,Log4j2,Known,Apache,1,2021-12-21T00:00:00.000Z,rlldci,
CVE-2021-44228,PUBLISHED,apache,2021-12-10T00:00:00.000Z,2025-02-04T14:25:37.215Z,,,CWE-502; CWE-400; CWE-20,remote,java,Log4j2,Known,Apache,26,2021-12-27T00:00:00.000Z,rpt1f4,
CVE-2021-4428,PUBLISHED,VulDB,2023-07-18T17:00:04.337Z,2024-08-03T17:23:10.776Z,2.7,3.1,CWE-200,,,,,,21,2021-12-13T00:00:00.000Z,rfp45e,
CVE-2021-44730,PUBLISHED,canonical,2022-02-17T22:15:18,2024-08-04T04:32:12.268Z,7.8,3.1,CWE-59,,,,,,3,2022-02-18T00:00:00.000Z,svhs1p,hxfxz76
CVE-2021-44731,PUBLISHED,canonical,2022-02-17T00:00:00,2024-08-04T04:32:12.887Z,7.8,3.1,CWE-362,,,,,,95,2022-02-19T00:00:00.000Z,swb2fk,hxlg36h
CVE-2021-44790,PUBLISHED,apache,2021-12-20T00:00:00,2024-08-04T04:32:13.543Z,,,CWE-787,webapps,multiple,,,,1,2021-12-26T00:00:00.000Z,robyrr,hq0ie2d
CVE-2021-44790,PUBLISHED,apache,2021-12-20T00:00:00,2024-08-04T04:32:13.543Z,,,CWE-787,webapps,multiple,,,,11,2021-12-22T00:00:00.000Z,rmhkeo,hpmb4f9
CVE-2021-44790,PUBLISHED,apache,2021-12-20T00:00:00,2024-08-04T04:32:13.543Z,,,CWE-787,webapps,multiple,,,,6,2021-12-23T00:00:00.000Z,rmhkeo,hpnp6gg
CVE-2021-44790,PUBLISHED,apache,2021-12-20T00:00:00,2024-08-04T04:32:13.543Z,,,CWE-787,webapps,multiple,,,,5,2022-01-13T00:00:00.000Z,s2ryiz,hsggd9s
CVE-2021-44790,PUBLISHED,apache,2021-12-20T00:00:00,2024-08-04T04:32:13.543Z,,,CWE-787,webapps,multiple,,,,31,2021-12-25T00:00:00.000Z,ro9lpx,
CVE-2021-44790,PUBLISHED,apache,2021-12-20T00:00:00,2024-08-04T04:32:13.543Z,,,CWE-787,webapps,multiple,,,,41,2021-12-22T00:00:00.000Z,rmhkeo,
CVE-2021-44790,PUBLISHED,apache,2021-12-20T00:00:00,2024-08-04T04:32:13.543Z,,,CWE-787,webapps,multiple,,,,2,2021-12-23T00:00:00.000Z,rn5bua,
CVE-2021-44832,PUBLISHED,apache,2021-12-28T19:35:11,2024-08-04T04:32:13.076Z,,,CWE-20; CWE-74,,,,,,3,2021-12-28T00:00:00.000Z,rqjrwr,hqauxwt
CVE-2021-44832,PUBLISHED,apache,2021-12-28T19:35:11,2024-08-04T04:32:13.076Z,,,CWE-20; CWE-74,,,,,,9,2021-12-28T00:00:00.000Z,rqgtot,hqaqcqa
CVE-2021-44832,PUBLISHED,apache,2021-12-28T19:35:11,2024-08-04T04:32:13.076Z,,,CWE-20; CWE-74,,,,,,31,2021-12-28T00:00:00.000Z,rqgtot,hqbdug1
CVE-2021-44832,PUBLISHED,apache,2021-12-28T19:35:11,2024-08-04T04:32:13.076Z,,,CWE-20; CWE-74,,,,,,3,2021-12-28T00:00:00.000Z,rqqwrv,hqc7ljq
CVE-2021-44832,PUBLISHED,apache,2021-12-28T19:35:11,2024-08-04T04:32:13.076Z,,,CWE-20; CWE-74,,,,,,1,2021-12-28T00:00:00.000Z,rqgtot,hqc7oa6
CVE-2021-44832,PUBLISHED,apache,2021-12-28T19:35:11,2024-08-04T04:32:13.076Z,,,CWE-20; CWE-74,,,,,,2,2021-12-28T00:00:00.000Z,rqk8ou,hqaq636
CVE-2021-44832,PUBLISHED,apache,2021-12-28T19:35:11,2024-08-04T04:32:13.076Z,,,CWE-20; CWE-74,,,,,,1,2023-06-16T00:00:00.000Z,14aa8is,jocb4ex
CVE-2021-44832,PUBLISHED,apache,2021-12-28T19:35:11,2024-08-04T04:32:13.076Z,,,CWE-20; CWE-74,,,,,,12,2021-12-28T00:00:00.000Z,rqikwo,hqarf56
CVE-2021-44832,PUBLISHED,apache,2021-12-28T19:35:11,2024-08-04T04:32:13.076Z,,,CWE-20; CWE-74,,,,,,11,2021-12-28T00:00:00.000Z,rqikwo,hqaukgx
CVE-2021-44832,PUBLISHED,apache,2021-12-28T19:35:11,2024-08-04T04:32:13.076Z,,,CWE-20; CWE-74,,,,,,9,2021-12-28T00:00:00.000Z,rqikwo,hqavkod
CVE-2021-44832,PUBLISHED,apache,2021-12-28T19:35:11,2024-08-04T04:32:13.076Z,,,CWE-20; CWE-74,,,,,,1,2021-12-28T00:00:00.000Z,rqikwo,hqbc1tu
CVE-2021-44832,PUBLISHED,apache,2021-12-28T19:35:11,2024-08-04T04:32:13.076Z,,,CWE-20; CWE-74,,,,,,5,2022-01-11T00:00:00.000Z,s0yyjx,hs6ice8
CVE-2021-44832,PUBLISHED,apache,2021-12-28T19:35:11,2024-08-04T04:32:13.076Z,,,CWE-20; CWE-74,,,,,,1,2022-06-14T00:00:00.000Z,vc04jg,icbnle2
CVE-2021-44832,PUBLISHED,apache,2021-12-28T19:35:11,2024-08-04T04:32:13.076Z,,,CWE-20; CWE-74,,,,,,234,2021-12-28T00:00:00.000Z,rqikwo,
CVE-2021-44832,PUBLISHED,apache,2021-12-28T19:35:11,2024-08-04T04:32:13.076Z,,,CWE-20; CWE-74,,,,,,36,2021-12-29T00:00:00.000Z,rqux4l,
CVE-2021-44837,PUBLISHED,mitre,2022-01-19T13:42:36,2024-08-04T04:32:13.217Z,,,,,,,,,2,2021-12-29T00:00:00.000Z,rqsam1,hqei0ps
CVE-2021-45046,PUBLISHED,apache,2021-12-14T16:55:09.000Z,2025-02-13T16:28:47.212Z,,,CWE-917,,,Log4j2,Known,Apache,6,2021-12-15T00:00:00.000Z,rgu7a8,hon006m
CVE-2021-45046,PUBLISHED,apache,2021-12-14T16:55:09.000Z,2025-02-13T16:28:47.212Z,,,CWE-917,,,Log4j2,Known,Apache,8,2021-12-17T00:00:00.000Z,rik8fc,hoyae0t
CVE-2021-45046,PUBLISHED,apache,2021-12-14T16:55:09.000Z,2025-02-13T16:28:47.212Z,,,CWE-917,,,Log4j2,Known,Apache,0,2021-12-18T00:00:00.000Z,rik8fc,hp0xfy4
CVE-2021-45046,PUBLISHED,apache,2021-12-14T16:55:09.000Z,2025-02-13T16:28:47.212Z,,,CWE-917,,,Log4j2,Known,Apache,44,2021-12-14T00:00:00.000Z,rggu9r,hokalcn
CVE-2021-45046,PUBLISHED,apache,2021-12-14T16:55:09.000Z,2025-02-13T16:28:47.212Z,,,CWE-917,,,Log4j2,Known,Apache,2,2021-12-20T00:00:00.000Z,rkou5z,hpby648
CVE-2021-45046,PUBLISHED,apache,2021-12-14T16:55:09.000Z,2025-02-13T16:28:47.212Z,,,CWE-917,,,Log4j2,Known,Apache,1,2021-12-15T00:00:00.000Z,rdba36,hon8lwz
CVE-2021-45046,PUBLISHED,apache,2021-12-14T16:55:09.000Z,2025-02-13T16:28:47.212Z,,,CWE-917,,,Log4j2,Known,Apache,1,2021-12-17T00:00:00.000Z,ric6k8,how3rid
CVE-2021-45046,PUBLISHED,apache,2021-12-14T16:55:09.000Z,2025-02-13T16:28:47.212Z,,,CWE-917,,,Log4j2,Known,Apache,8,2021-12-20T00:00:00.000Z,rk1vtu,hp8elow
CVE-2021-45046,PUBLISHED,apache,2021-12-14T16:55:09.000Z,2025-02-13T16:28:47.212Z,,,CWE-917,,,Log4j2,Known,Apache,3,2021-12-20T00:00:00.000Z,rk1vtu,hp8h6hg
CVE-2021-45046,PUBLISHED,apache,2021-12-14T16:55:09.000Z,2025-02-13T16:28:47.212Z,,,CWE-917,,,Log4j2,Known,Apache,2,2021-12-20T00:00:00.000Z,rk1vtu,hp90he4
CVE-2021-45046,PUBLISHED,apache,2021-12-14T16:55:09.000Z,2025-02-13T16:28:47.212Z,,,CWE-917,,,Log4j2,Known,Apache,1,2021-12-14T00:00:00.000Z,rg8kyh,hok8qgz
CVE-2021-45046,PUBLISHED,apache,2021-12-14T16:55:09.000Z,2025-02-13T16:28:47.212Z,,,CWE-917,,,Log4j2,Known,Apache,6,2021-12-15T00:00:00.000Z,rgm622,hol4253
CVE-2021-45046,PUBLISHED,apache,2021-12-14T16:55:09.000Z,2025-02-13T16:28:47.212Z,,,CWE-917,,,Log4j2,Known,Apache,8,2021-12-15T00:00:00.000Z,rgggwx,hol53x2
CVE-2021-45046,PUBLISHED,apache,2021-12-14T16:55:09.000Z,2025-02-13T16:28:47.212Z,,,CWE-917,,,Log4j2,Known,Apache,7,2021-12-15T00:00:00.000Z,rh5yfv,hoodipj
CVE-2021-45046,PUBLISHED,apache,2021-12-14T16:55:09.000Z,2025-02-13T16:28:47.212Z,,,CWE-917,,,Log4j2,Known,Apache,2,2021-12-15T00:00:00.000Z,rgxa1r,hoofpjl
CVE-2021-45046,PUBLISHED,apache,2021-12-14T16:55:09.000Z,2025-02-13T16:28:47.212Z,,,CWE-917,,,Log4j2,Known,Apache,6,2021-12-17T00:00:00.000Z,ril8r0,hoytjom
CVE-2021-45046,PUBLISHED,apache,2021-12-14T16:55:09.000Z,2025-02-13T16:28:47.212Z,,,CWE-917,,,Log4j2,Known,Apache,829,2021-12-14T00:00:00.000Z,rgggwx,
CVE-2021-45046,PUBLISHED,apache,2021-12-14T16:55:09.000Z,2025-02-13T16:28:47.212Z,,,CWE-917,,,Log4j2,Known,Apache,22,2021-12-17T00:00:00.000Z,rij9wq,
CVE-2021-45105,PUBLISHED,apache,2021-12-18T11:55:08,2024-08-04T04:39:20.295Z,5.3,,CWE-20; CWE-674,,,,,Apache,1,2021-12-19T00:00:00.000Z,rgu7a8,hp4fslq
CVE-2021-45105,PUBLISHED,apache,2021-12-18T11:55:08,2024-08-04T04:39:20.295Z,5.3,,CWE-20; CWE-674,,,,,Apache,3,2021-12-19T00:00:00.000Z,rjm9eg,hp6mulf
CVE-2021-45105,PUBLISHED,apache,2021-12-18T11:55:08,2024-08-04T04:39:20.295Z,5.3,,CWE-20; CWE-674,,,,,Apache,27,2021-12-19T00:00:00.000Z,rk1vtu,hp7qk6x
CVE-2021-45105,PUBLISHED,apache,2021-12-18T11:55:08,2024-08-04T04:39:20.295Z,5.3,,CWE-20; CWE-674,,,,,Apache,1,2021-12-19T00:00:00.000Z,rj54p9,hp874bp
CVE-2021-45105,PUBLISHED,apache,2021-12-18T11:55:08,2024-08-04T04:39:20.295Z,5.3,,CWE-20; CWE-674,,,,,Apache,2,2021-12-22T00:00:00.000Z,rlti8c,hpiuv25
CVE-2021-45105,PUBLISHED,apache,2021-12-18T11:55:08,2024-08-04T04:39:20.295Z,5.3,,CWE-20; CWE-674,,,,,Apache,10,2021-12-20T00:00:00.000Z,rkaco9,hp9irvy
CVE-2021-45105,PUBLISHED,apache,2021-12-18T11:55:08,2024-08-04T04:39:20.295Z,5.3,,CWE-20; CWE-674,,,,,Apache,648,2021-12-18T00:00:00.000Z,rj36ng,
CVE-2021-45105,PUBLISHED,apache,2021-12-18T11:55:08,2024-08-04T04:39:20.295Z,5.3,,CWE-20; CWE-674,,,,,Apache,247,2021-12-18T00:00:00.000Z,rj3ulu,
CVE-2021-45608,PUBLISHED,mitre,2021-12-26T00:37:23,2024-08-04T04:47:01.576Z,6.5,3.1,,,,,,,1,2022-06-26T00:00:00.000Z,vl8fo2,idtpxr2
CVE-2021-46703,PUBLISHED,mitre,2022-03-06T05:29:07,2024-08-04T05:17:41.625Z,,,,,,,,,1,2022-08-02T00:00:00.000Z,we6pjl,iimd64h
CVE-2022-0001,PUBLISHED,intel,2022-03-11T00:00:00.000Z,2025-05-05T16:44:34.239Z,,,,,,,,,3,2024-06-05T00:00:00.000Z,1d8v9m9,
CVE-2022-0028,PUBLISHED,palo_alto,2022-08-10T16:00:16.743Z,2025-01-27T22:26:43.302Z,8.6,3.1,CWE-406,,,PAN-OS,Unknown,Palo Alto Networks,2,2022-08-11T00:00:00.000Z,wlfhs3,ijxagak
CVE-2022-0185,PUBLISHED,redhat,2022-02-11T17:40:57,2024-08-22T12:49:16.141Z,,,CWE-190,,,Kernel,Unknown,Linux,1,2022-01-20T00:00:00.000Z,s8rdc2,hti241k
CVE-2022-0185,PUBLISHED,redhat,2022-02-11T17:40:57,2024-08-22T12:49:16.141Z,,,CWE-190,,,Kernel,Unknown,Linux,4,2022-03-29T00:00:00.000Z,tqqszf,i2kc0gt
CVE-2022-0316,PUBLISHED,WPScan,2023-01-23T14:48:05.590Z,2025-04-03T19:12:48.241Z,,,,,,,,,2,2022-01-28T00:00:00.000Z,se8667,hukkbx9
CVE-2022-0316,PUBLISHED,WPScan,2023-01-23T14:48:05.590Z,2025-04-03T19:12:48.241Z,,,,,,,,,2,2022-08-10T00:00:00.000Z,wkc8kq,ijoln44
CVE-2022-0316,PUBLISHED,WPScan,2023-01-23T14:48:05.590Z,2025-04-03T19:12:48.241Z,,,,,,,,,1,2023-08-11T00:00:00.000Z,15nu1ds,jvomgjo
CVE-2022-0540,PUBLISHED,atlassian,2022-04-20T18:30:17.641544Z,2024-10-24T16:54:19.795Z,,,,,,,,,1,2024-11-09T00:00:00.000Z,1gmlvsc,lwa33ui
CVE-2022-0540,PUBLISHED,atlassian,2022-04-20T18:30:17.641544Z,2024-10-24T16:54:19.795Z,,,,,,,,,2,2022-04-20T00:00:00.000Z,u81b5j,i5jaabz
CVE-2022-0540,PUBLISHED,atlassian,2022-04-20T18:30:17.641544Z,2024-10-24T16:54:19.795Z,,,,,,,,,4,2022-04-26T00:00:00.000Z,ucbxm1,
CVE-2022-0540,PUBLISHED,atlassian,2022-04-20T18:30:17.641544Z,2024-10-24T16:54:19.795Z,,,,,,,,,26,2022-04-20T00:00:00.000Z,u81b5j,
CVE-2022-0609,PUBLISHED,Chrome,2022-04-04T23:55:32.000Z,2025-02-03T14:23:31.971Z,,,CWE-416,,,Chromium Animation,Unknown,Google,3,2022-02-17T00:00:00.000Z,st8gia,hx98z8e
CVE-2022-0609,PUBLISHED,Chrome,2022-04-04T23:55:32.000Z,2025-02-03T14:23:31.971Z,,,CWE-416,,,Chromium Animation,Unknown,Google,2,2022-02-17T00:00:00.000Z,stxwqe,hx8wcy4
CVE-2022-0609,PUBLISHED,Chrome,2022-04-04T23:55:32.000Z,2025-02-03T14:23:31.971Z,,,CWE-416,,,Chromium Animation,Unknown,Google,-3,2022-03-27T00:00:00.000Z,tp0lf0,i2cgkga
CVE-2022-0715,PUBLISHED,schneider,2022-03-09T19:30:14,2024-08-02T23:40:03.366Z,,,CWE-287,,,,,,1,2022-03-22T00:00:00.000Z,tbtopx,i1pocf0
CVE-2022-0715,PUBLISHED,schneider,2022-03-09T19:30:14,2024-08-02T23:40:03.366Z,,,CWE-287,,,,,,3,2022-06-15T00:00:00.000Z,vcwg2r,icgryod
CVE-2022-0715,PUBLISHED,schneider,2022-03-09T19:30:14,2024-08-02T23:40:03.366Z,,,CWE-287,,,,,,3,2022-06-15T00:00:00.000Z,vcwg2r,icgsd3q
CVE-2022-0715,PUBLISHED,schneider,2022-03-09T19:30:14,2024-08-02T23:40:03.366Z,,,CWE-287,,,,,,2,2022-06-15T00:00:00.000Z,vcwg2r,ich5cc2
CVE-2022-0725,PUBLISHED,redhat,2022-03-07T14:00:21,2024-08-02T23:40:03.535Z,,,CWE-200,,,,,,0,2023-02-15T00:00:00.000Z,11338bi,j8oovf8
CVE-2022-0778,PUBLISHED,openssl,2022-03-15T17:05:20.382533Z,2024-09-17T00:01:02.190Z,,,,,,,,,1,2022-07-07T00:00:00.000Z,vthnmt,if8aozp
CVE-2022-0778,PUBLISHED,openssl,2022-03-15T17:05:20.382533Z,2024-09-17T00:01:02.190Z,,,,,,,,,2,2022-03-16T00:00:00.000Z,tey61t,i0v4b58
CVE-2022-0778,PUBLISHED,openssl,2022-03-15T17:05:20.382533Z,2024-09-17T00:01:02.190Z,,,,,,,,,2,2022-03-16T00:00:00.000Z,tey61t,i0xzz5s
CVE-2022-0778,PUBLISHED,openssl,2022-03-15T17:05:20.382533Z,2024-09-17T00:01:02.190Z,,,,,,,,,52,2022-08-04T00:00:00.000Z,wg6567,
CVE-2022-0778,PUBLISHED,openssl,2022-03-15T17:05:20.382533Z,2024-09-17T00:01:02.190Z,,,,,,,,,36,2022-06-16T00:00:00.000Z,vdsvkz,
CVE-2022-0778,PUBLISHED,openssl,2022-03-15T17:05:20.382533Z,2024-09-17T00:01:02.190Z,,,,,,,,,1,2022-04-08T00:00:00.000Z,tz9bdx,
CVE-2022-0811,PUBLISHED,redhat,2022-03-16T14:03:40,2024-08-02T23:40:04.258Z,,,CWE-94,,,,,,11,2022-03-21T00:00:00.000Z,tj0jca,i1hbktf
CVE-2022-0847,PUBLISHED,redhat,2022-03-07T00:00:00.000Z,2025-02-04T18:38:51.096Z,,,CWE-665,local,linux,Kernel,Unknown,Linux,3,2022-08-26T00:00:00.000Z,wxtfz3,iluvfuh
CVE-2022-0847,PUBLISHED,redhat,2022-03-07T00:00:00.000Z,2025-02-04T18:38:51.096Z,,,CWE-665,local,linux,Kernel,Unknown,Linux,1,2022-04-07T00:00:00.000Z,txni06,i3saqod
CVE-2022-0847,PUBLISHED,redhat,2022-03-07T00:00:00.000Z,2025-02-04T18:38:51.096Z,,,CWE-665,local,linux,Kernel,Unknown,Linux,1,2024-05-22T00:00:00.000Z,1cxudvi,
CVE-2022-1096,PUBLISHED,Chrome,2022-07-22T23:35:35.000Z,2025-01-28T21:48:56.429Z,,,CWE-843,,,Chromium V8,Unknown,Google,64,2022-03-26T00:00:00.000Z,toxn1t,i27yjv1
CVE-2022-1096,PUBLISHED,Chrome,2022-07-22T23:35:35.000Z,2025-01-28T21:48:56.429Z,,,CWE-843,,,Chromium V8,Unknown,Google,7,2022-03-26T00:00:00.000Z,toxn1t,i28742q
CVE-2022-1096,PUBLISHED,Chrome,2022-07-22T23:35:35.000Z,2025-01-28T21:48:56.429Z,,,CWE-843,,,Chromium V8,Unknown,Google,2,2022-03-27T00:00:00.000Z,toxn1t,i2ah8kl
CVE-2022-1096,PUBLISHED,Chrome,2022-07-22T23:35:35.000Z,2025-01-28T21:48:56.429Z,,,CWE-843,,,Chromium V8,Unknown,Google,4,2022-03-27T00:00:00.000Z,toxn1t,i2ahmei
CVE-2022-1096,PUBLISHED,Chrome,2022-07-22T23:35:35.000Z,2025-01-28T21:48:56.429Z,,,CWE-843,,,Chromium V8,Unknown,Google,11,2022-03-28T00:00:00.000Z,tpyuh1,i2ektyg
CVE-2022-1096,PUBLISHED,Chrome,2022-07-22T23:35:35.000Z,2025-01-28T21:48:56.429Z,,,CWE-843,,,Chromium V8,Unknown,Google,37,2022-03-28T00:00:00.000Z,tpyuh1,i2enzbr
CVE-2022-1096,PUBLISHED,Chrome,2022-07-22T23:35:35.000Z,2025-01-28T21:48:56.429Z,,,CWE-843,,,Chromium V8,Unknown,Google,3,2022-03-28T00:00:00.000Z,tpyqx2,i2fbsxp
CVE-2022-1096,PUBLISHED,Chrome,2022-07-22T23:35:35.000Z,2025-01-28T21:48:56.429Z,,,CWE-843,,,Chromium V8,Unknown,Google,42,2022-03-28T00:00:00.000Z,tpyqhl,i2e673e
CVE-2022-1096,PUBLISHED,Chrome,2022-07-22T23:35:35.000Z,2025-01-28T21:48:56.429Z,,,CWE-843,,,Chromium V8,Unknown,Google,30,2022-03-28T00:00:00.000Z,tpyqhl,i2efcx4
CVE-2022-1096,PUBLISHED,Chrome,2022-07-22T23:35:35.000Z,2025-01-28T21:48:56.429Z,,,CWE-843,,,Chromium V8,Unknown,Google,68,2022-03-26T00:00:00.000Z,tp0lf0,i28nmco
CVE-2022-1096,PUBLISHED,Chrome,2022-07-22T23:35:35.000Z,2025-01-28T21:48:56.429Z,,,CWE-843,,,Chromium V8,Unknown,Google,1,2023-08-15T00:00:00.000Z,15s4ulb,jwcd28r
CVE-2022-1096,PUBLISHED,Chrome,2022-07-22T23:35:35.000Z,2025-01-28T21:48:56.429Z,,,CWE-843,,,Chromium V8,Unknown,Google,35,2022-03-27T00:00:00.000Z,tprdoq,
CVE-2022-1096,PUBLISHED,Chrome,2022-07-22T23:35:35.000Z,2025-01-28T21:48:56.429Z,,,CWE-843,,,Chromium V8,Unknown,Google,3,2022-03-28T00:00:00.000Z,tqc8tv,
CVE-2022-1096,PUBLISHED,Chrome,2022-07-22T23:35:35.000Z,2025-01-28T21:48:56.429Z,,,CWE-843,,,Chromium V8,Unknown,Google,270,2022-03-26T00:00:00.000Z,tp0lf0,
CVE-2022-1162,PUBLISHED,GitLab,2022-04-04T19:46:14,2024-08-02T23:55:24.375Z,9.1,3.1,,webapps,ruby,,,,57,2022-04-01T00:00:00.000Z,ttd9m8,i2xwuof
CVE-2022-1234,PUBLISHED,@huntrdev,2022-04-06T03:10:15,2024-08-02T23:55:24.544Z,8.8,3.0,CWE-79,,,,,,2,2022-03-14T00:00:00.000Z,te17gu,i0n1rmt
CVE-2022-1292,PUBLISHED,openssl,2022-05-03T15:15:19.758Z,2025-05-05T16:42:51.713Z,,,,,,,,,1,2022-11-21T00:00:00.000Z,z10tke,
CVE-2022-1337,PUBLISHED,Mattermost,2022-04-13T17:06:00,2024-12-06T23:10:06.768Z,4.3,3.1,CWE-400,,,,,,22,2021-10-27T00:00:00.000Z,qgfgtm,hi7f7nx
CVE-2022-1388,PUBLISHED,f5,2022-05-05T16:18:04.472Z,2025-01-29T20:27:42.892Z,9.8,3.1,CWE-306,remote,multiple,BIG-IP,Known,F5,24,2022-05-09T00:00:00.000Z,ulppoj,i7xalkp
CVE-2022-1388,PUBLISHED,f5,2022-05-05T16:18:04.472Z,2025-01-29T20:27:42.892Z,9.8,3.1,CWE-306,remote,multiple,BIG-IP,Known,F5,1,2022-07-27T00:00:00.000Z,w8llor,ihux177
CVE-2022-1388,PUBLISHED,f5,2022-05-05T16:18:04.472Z,2025-01-29T20:27:42.892Z,9.8,3.1,CWE-306,remote,multiple,BIG-IP,Known,F5,2,2022-07-28T00:00:00.000Z,w8llor,ihyt2ud
CVE-2022-1388,PUBLISHED,f5,2022-05-05T16:18:04.472Z,2025-01-29T20:27:42.892Z,9.8,3.1,CWE-306,remote,multiple,BIG-IP,Known,F5,11,2022-05-08T00:00:00.000Z,ukwer4,
CVE-2022-1802,PUBLISHED,mozilla,2022-12-22T00:00:00.000Z,2025-04-16T15:17:14.207Z,8.8,,,,,,,Mozilla,1,2022-05-26T00:00:00.000Z,uy32rh,ia2jof0
CVE-2022-1890,PUBLISHED,lenovo,2023-01-23T15:18:46.294Z,2025-04-01T19:51:58.455Z,6.7,3.1,CWE-122,,,,,,2,2022-07-14T00:00:00.000Z,vz37x8,ig5vnv3
CVE-2022-2003,PUBLISHED,icscert,2022-08-31T15:59:33.369Z,2025-04-16T17:49:17.171Z,7.7,3.1,CWE-319,,,,,,0,2022-06-21T00:00:00.000Z,vhaffv,
CVE-2022-20345,PUBLISHED,google_android,2022-08-09T20:21:10,2024-08-03T02:10:44.523Z,,,,,,,,,3,2023-04-02T00:00:00.000Z,129t9qi,
CVE-2022-2068,PUBLISHED,openssl,2022-06-21T14:45:20.597Z,2025-05-05T16:20:40.016Z,,,,,,,,,1,2023-11-01T00:00:00.000Z,17leap2,
CVE-2022-20695,PUBLISHED,cisco,2022-04-15T14:15:50.948472Z,2024-11-06T16:26:54.535Z,10.0,3.1,CWE-303,,,,,,1,2022-04-14T00:00:00.000Z,u3uxyf,i4rpg5o
CVE-2022-20776,PUBLISHED,cisco,2022-10-26T14:01:18.142194Z,2024-10-25T16:05:19.074Z,5.5,3.1,CWE-200,,,,,,1,2024-04-27T00:00:00.000Z,1cddh72,l1hkutv
CVE-2022-21443,PUBLISHED,oracle,2022-04-19T20:37:30,2024-08-03T02:38:56.379Z,3.7,3.1,,,,,,,2,2022-04-23T00:00:00.000Z,u8w2qu,i5unc6v
CVE-2022-21449,PUBLISHED,oracle,2022-04-19T20:37:39,2024-09-24T20:10:30.389Z,7.5,3.1,,,,,,,3,2022-04-21T00:00:00.000Z,u833nk,i5of6ss
CVE-2022-21587,PUBLISHED,oracle,2022-10-18T00:00:00,2024-09-25T19:03:26.052Z,9.8,3.1,CWE-306,,,E-Business Suite,Known,Oracle,18,2024-07-15T00:00:00.000Z,1e34z2z,ld8o7so
CVE-2022-21587,PUBLISHED,oracle,2022-10-18T00:00:00,2024-09-25T19:03:26.052Z,9.8,3.1,CWE-306,,,E-Business Suite,Known,Oracle,1,2024-07-15T00:00:00.000Z,1e34z2z,ldc8gdp
CVE-2022-21663,PUBLISHED,GitHub_M,2022-01-06T23:00:11.000Z,2025-04-22T18:33:55.718Z,6.6,3.1,CWE-74,,,,,,16,2022-02-11T00:00:00.000Z,sq4sak,hwkofaa
CVE-2022-21843,PUBLISHED,microsoft,2022-01-11T20:22:21,2025-01-02T18:22:26.132Z,7.5,3.1,,,,,,,3,2022-01-12T00:00:00.000Z,s1oqv8,hsbx6wg
CVE-2022-21846,PUBLISHED,microsoft,2022-01-11T20:22:22,2025-01-02T18:22:48.227Z,9.0,3.1,,,,,,,88,2022-01-11T00:00:00.000Z,s1lkr5,
CVE-2022-21849,PUBLISHED,microsoft,2022-01-11T20:22:25,2025-01-02T18:22:47.582Z,9.8,3.1,,,,,,,10,2022-01-12T00:00:00.000Z,s21ae1,hscppgi
CVE-2022-21849,PUBLISHED,microsoft,2022-01-11T20:22:25,2025-01-02T18:22:47.582Z,9.8,3.1,,,,,,,1,2022-01-13T00:00:00.000Z,s1jcue,hsinv4h
CVE-2022-21849,PUBLISHED,microsoft,2022-01-11T20:22:25,2025-01-02T18:22:47.582Z,9.8,3.1,,,,,,,4,2022-01-12T00:00:00.000Z,s2a0q2,
CVE-2022-2185,PUBLISHED,GitLab,2022-07-01T15:50:03,2024-08-03T00:32:08.558Z,9.9,3.1,,,,,,,160,2022-07-03T00:00:00.000Z,vqrs53,
CVE-2022-21882,PUBLISHED,microsoft,2022-01-11T20:22:49.000Z,2025-02-04T18:39:16.715Z,7.0,3.1,CWE-787,,,Win32k,Unknown,Microsoft,1,2022-02-08T00:00:00.000Z,sn4kja,hw3i4h6
CVE-2022-21882,PUBLISHED,microsoft,2022-01-11T20:22:49.000Z,2025-02-04T18:39:16.715Z,7.0,3.1,CWE-787,,,Win32k,Unknown,Microsoft,2,2022-01-29T00:00:00.000Z,sfru7y,hurt9zd
CVE-2022-21882,PUBLISHED,microsoft,2022-01-11T20:22:49.000Z,2025-02-04T18:39:16.715Z,7.0,3.1,CWE-787,,,Win32k,Unknown,Microsoft,96,2022-01-29T00:00:00.000Z,sfru7y,
CVE-2022-21893,PUBLISHED,microsoft,2022-01-11T20:22:57,2025-01-02T18:23:05.028Z,8.0,3.1,,,,,,,1,2022-10-28T00:00:00.000Z,yfeet1,iu4ka2f
CVE-2022-21894,PUBLISHED,microsoft,2022-01-11T20:22:58,2025-01-02T18:23:05.577Z,4.4,3.1,,,,,,,8,2023-03-02T00:00:00.000Z,11f8d6h,jak9uec
CVE-2022-21894,PUBLISHED,microsoft,2022-01-11T20:22:58,2025-01-02T18:23:05.577Z,4.4,3.1,,,,,,,7,2023-03-03T00:00:00.000Z,11fzhyz,jaqmnvd
CVE-2022-21894,PUBLISHED,microsoft,2022-01-11T20:22:58,2025-01-02T18:23:05.577Z,4.4,3.1,,,,,,,1,2023-11-08T00:00:00.000Z,17q63zq,k8d0d2s
CVE-2022-21894,PUBLISHED,microsoft,2022-01-11T20:22:58,2025-01-02T18:23:05.577Z,4.4,3.1,,,,,,,20,2023-03-02T00:00:00.000Z,11fxotv,jaln34h
CVE-2022-21894,PUBLISHED,microsoft,2022-01-11T20:22:58,2025-01-02T18:23:05.577Z,4.4,3.1,,,,,,,9,2024-09-10T00:00:00.000Z,1fda3gu,lmeegv1
CVE-2022-21894,PUBLISHED,microsoft,2022-01-11T20:22:58,2025-01-02T18:23:05.577Z,4.4,3.1,,,,,,,132,2023-06-04T00:00:00.000Z,140mae8,
CVE-2022-21903,PUBLISHED,microsoft,2022-01-11T20:23:06,2025-01-02T18:22:28.230Z,7.0,3.1,,,,,,,3,2022-12-13T00:00:00.000Z,zkuyes,j01r2tf
CVE-2022-21907,PUBLISHED,microsoft,2022-01-11T20:23:09,2025-01-02T18:22:30.372Z,9.8,3.1,,remote,windows,,,,49,2022-01-18T00:00:00.000Z,s6oynd,ht5onze
CVE-2022-21907,PUBLISHED,microsoft,2022-01-11T20:23:09,2025-01-02T18:22:30.372Z,9.8,3.1,,remote,windows,,,,12,2022-01-18T00:00:00.000Z,s6oynd,ht5yxsc
CVE-2022-21907,PUBLISHED,microsoft,2022-01-11T20:23:09,2025-01-02T18:22:30.372Z,9.8,3.1,,remote,windows,,,,14,2022-01-11T00:00:00.000Z,s1jcue,hs8plbr
CVE-2022-21907,PUBLISHED,microsoft,2022-01-11T20:23:09,2025-01-02T18:22:30.372Z,9.8,3.1,,remote,windows,,,,6,2022-01-12T00:00:00.000Z,s1jcue,hsa4u0q
CVE-2022-21907,PUBLISHED,microsoft,2022-01-11T20:23:09,2025-01-02T18:22:30.372Z,9.8,3.1,,remote,windows,,,,1,2022-01-12T00:00:00.000Z,s1jcue,hsd5xez
CVE-2022-21907,PUBLISHED,microsoft,2022-01-11T20:23:09,2025-01-02T18:22:30.372Z,9.8,3.1,,remote,windows,,,,3,2022-01-21T00:00:00.000Z,s1jcue,htleyw0
CVE-2022-21907,PUBLISHED,microsoft,2022-01-11T20:23:09,2025-01-02T18:22:30.372Z,9.8,3.1,,remote,windows,,,,29,2022-08-27T00:00:00.000Z,wyywcj,ilzw0s4
CVE-2022-21907,PUBLISHED,microsoft,2022-01-11T20:23:09,2025-01-02T18:22:30.372Z,9.8,3.1,,remote,windows,,,,14,2022-01-12T00:00:00.000Z,s1rqnk,
CVE-2022-21907,PUBLISHED,microsoft,2022-01-11T20:23:09,2025-01-02T18:22:30.372Z,9.8,3.1,,remote,windows,,,,4,2022-01-12T00:00:00.000Z,s218y7,
CVE-2022-21920,PUBLISHED,microsoft,2022-01-11T20:23:19,2025-01-02T18:22:38.411Z,8.8,3.1,,,,,,,1,2022-02-15T00:00:00.000Z,s1jcue,hwz2zc5
CVE-2022-21969,PUBLISHED,microsoft,2022-01-11T20:23:34,2025-01-02T18:23:09.499Z,9.0,3.1,,,,,,,52,2022-01-11T00:00:00.000Z,s1jcue,hs8ku3u
CVE-2022-21969,PUBLISHED,microsoft,2022-01-11T20:23:34,2025-01-02T18:23:09.499Z,9.0,3.1,,,,,,,1,2022-01-12T00:00:00.000Z,s1jcue,hsdoco8
CVE-2022-21972,PUBLISHED,microsoft,2022-05-10T20:33:13,2025-01-02T18:57:45.597Z,8.1,3.1,,,,,,,1,2022-05-12T00:00:00.000Z,sd5v2i,i8cr7yf
CVE-2022-21978,PUBLISHED,microsoft,2022-05-10T20:33:14,2025-01-02T18:58:25.947Z,8.2,3.1,,,,,,,18,2022-05-10T00:00:00.000Z,um9qur,i83sanv
CVE-2022-21979,PUBLISHED,microsoft,2022-08-09T19:47:10,2025-01-02T19:34:18.873Z,4.8,3.1,,,,,,,2,2022-10-11T00:00:00.000Z,y0z1xa,irwy6g6
CVE-2022-21984,PUBLISHED,microsoft,2022-02-09T16:36:29,2025-01-02T18:28:15.327Z,8.8,3.1,,,,,,,39,2022-02-08T00:00:00.000Z,snbn8q,hw451gc
CVE-2022-21997,PUBLISHED,microsoft,2022-02-09T16:36:47,2025-01-02T18:28:20.528Z,7.1,3.1,,,,,,,2,2022-02-08T00:00:00.000Z,snbn8q,hw4sfez
CVE-2022-21999,PUBLISHED,microsoft,2022-02-09T16:36:50.000Z,2025-01-29T20:35:37.503Z,7.8,3.1,"CWE-40, CWE-1386",,,Windows,Known,Microsoft,1,2022-02-09T00:00:00.000Z,snu42f,hw8v502
CVE-2022-22047,PUBLISHED,microsoft,2022-07-12T22:37:16,2025-01-02T19:25:08.857Z,7.8,3.1,CWE-426,,,Windows,Unknown,Microsoft,3,2022-07-12T00:00:00.000Z,vx1vdl,ifwgs9v
CVE-2022-22048,PUBLISHED,microsoft,2022-07-12T22:37:17,2025-01-02T19:25:09.403Z,6.1,3.1,,,,,,,2,2022-10-31T00:00:00.000Z,yicq2a,iujo505
CVE-2022-22057,PUBLISHED,qualcomm,2022-06-14T00:00:00,2024-08-03T03:00:55.306Z,8.4,3.1,,,,,,,13,2022-06-16T00:00:00.000Z,vdprqx,icljoo7
CVE-2022-22302,PUBLISHED,fortinet,2023-07-11T08:54:00.679Z,2024-10-23T14:25:36.732Z,5.3,3.1,CWE-312,,,,,,1,2023-09-24T00:00:00.000Z,16p4p5w,k1zphq0
CVE-2022-22659,PUBLISHED,apple,2022-03-18T18:00:18,2024-08-03T03:21:48.767Z,,,,,,,,,1,2022-05-27T00:00:00.000Z,uz0wv2,
CVE-2022-22715,PUBLISHED,microsoft,2022-02-09T16:37:05,2025-01-02T18:28:12.805Z,7.8,3.1,,,,,,,12,2022-08-23T00:00:00.000Z,wvgbfz,ilf625k
CVE-2022-2274,PUBLISHED,openssl,2022-07-01T07:30:17.282376Z,2024-09-17T00:20:40.199Z,,,,,,,,,2,2022-10-31T00:00:00.000Z,ygx4gf,iufwhfv
CVE-2022-2274,PUBLISHED,openssl,2022-07-01T07:30:17.282376Z,2024-09-17T00:20:40.199Z,,,,,,,,,5,2022-11-01T00:00:00.000Z,yj6v3p,iumraw3
CVE-2022-22806,PUBLISHED,schneider,2022-03-09T19:30:17,2024-08-03T03:21:49.161Z,,,CWE-294,,,,,,40,2022-07-18T00:00:00.000Z,w1kpep,igkxjis
CVE-2022-22806,PUBLISHED,schneider,2022-03-09T19:30:17,2024-08-03T03:21:49.161Z,,,CWE-294,,,,,,45,2022-05-25T00:00:00.000Z,uxfy4k,i9xn640
CVE-2022-22806,PUBLISHED,schneider,2022-03-09T19:30:17,2024-08-03T03:21:49.161Z,,,CWE-294,,,,,,25,2022-03-09T00:00:00.000Z,tah9gg,
CVE-2022-22806,PUBLISHED,schneider,2022-03-09T19:30:17,2024-08-03T03:21:49.161Z,,,CWE-294,,,,,,33,2022-05-04T00:00:00.000Z,ui0rvt,
CVE-2022-2294,PUBLISHED,Chrome,2022-07-28T00:00:00.000Z,2025-02-03T14:09:33.958Z,,,CWE-122,,,WebRTC,Known,WebRTC,36,2022-07-23T00:00:00.000Z,w5ybqf,ihaqo5c
CVE-2022-22943,PUBLISHED,vmware,2022-03-03T21:59:08,2024-08-03T03:28:42.476Z,,,,,,,,,2,2022-04-03T00:00:00.000Z,tusvr9,i36jcyg
CVE-2022-22950,PUBLISHED,vmware,2022-04-01T22:17:32,2024-08-03T03:28:42.433Z,,,CWE-770,,,,,,1,2023-08-03T00:00:00.000Z,15hb86m,juocr66
CVE-2022-22954,PUBLISHED,vmware,2022-04-11T19:37:39.000Z,2025-02-04T14:20:53.998Z,,,CWE-94,,,Workspace ONE Access and Identity Manager,Known,VMware,1,2022-04-13T00:00:00.000Z,u1yf3b,i4m8yk2
CVE-2022-22954,PUBLISHED,vmware,2022-04-11T19:37:39.000Z,2025-02-04T14:20:53.998Z,,,CWE-94,,,Workspace ONE Access and Identity Manager,Known,VMware,13,2022-05-20T00:00:00.000Z,utwl3e,
CVE-2022-22963,PUBLISHED,vmware,2022-04-01T00:00:00.000Z,2025-01-29T17:53:21.759Z,,,CWE-94,webapps,java,Spring Cloud,Unknown,VMware Tanzu,2,2022-04-01T00:00:00.000Z,tt8mnu,i30vwsj
CVE-2022-22963,PUBLISHED,vmware,2022-04-01T00:00:00.000Z,2025-01-29T17:53:21.759Z,,,CWE-94,webapps,java,Spring Cloud,Unknown,VMware Tanzu,2,2022-03-30T00:00:00.000Z,trzzw0,i2pq9kk
CVE-2022-22963,PUBLISHED,vmware,2022-04-01T00:00:00.000Z,2025-01-29T17:53:21.759Z,,,CWE-94,webapps,java,Spring Cloud,Unknown,VMware Tanzu,4,2022-03-30T00:00:00.000Z,tsd9v7,i2rqalq
CVE-2022-22963,PUBLISHED,vmware,2022-04-01T00:00:00.000Z,2025-01-29T17:53:21.759Z,,,CWE-94,webapps,java,Spring Cloud,Unknown,VMware Tanzu,1,2022-03-31T00:00:00.000Z,tsp2gf,i2srtqy
CVE-2022-22963,PUBLISHED,vmware,2022-04-01T00:00:00.000Z,2025-01-29T17:53:21.759Z,,,CWE-94,webapps,java,Spring Cloud,Unknown,VMware Tanzu,7,2022-03-31T00:00:00.000Z,tsd9v7,i2tgt2k
CVE-2022-22963,PUBLISHED,vmware,2022-04-01T00:00:00.000Z,2025-01-29T17:53:21.759Z,,,CWE-94,webapps,java,Spring Cloud,Unknown,VMware Tanzu,1,2022-03-31T00:00:00.000Z,tsd9v7,i2u6a8z
CVE-2022-22963,PUBLISHED,vmware,2022-04-01T00:00:00.000Z,2025-01-29T17:53:21.759Z,,,CWE-94,webapps,java,Spring Cloud,Unknown,VMware Tanzu,3,2022-03-31T00:00:00.000Z,tt0zxu,i2uqn2l
CVE-2022-22963,PUBLISHED,vmware,2022-04-01T00:00:00.000Z,2025-01-29T17:53:21.759Z,,,CWE-94,webapps,java,Spring Cloud,Unknown,VMware Tanzu,3,2022-03-30T00:00:00.000Z,ts09s3,i2oos9d
CVE-2022-22963,PUBLISHED,vmware,2022-04-01T00:00:00.000Z,2025-01-29T17:53:21.759Z,,,CWE-94,webapps,java,Spring Cloud,Unknown,VMware Tanzu,8,2022-03-31T00:00:00.000Z,tt2m51,i2v1cot
CVE-2022-22963,PUBLISHED,vmware,2022-04-01T00:00:00.000Z,2025-01-29T17:53:21.759Z,,,CWE-94,webapps,java,Spring Cloud,Unknown,VMware Tanzu,33,2022-03-30T00:00:00.000Z,trzzw0,
CVE-2022-22965,PUBLISHED,vmware,2022-04-01T22:17:30.000Z,2025-01-29T17:52:44.731Z,,,CWE-94,,,Spring Framework,Unknown,VMware,110,2022-03-30T00:00:00.000Z,tsd9v7,i2r1kz9
CVE-2022-22965,PUBLISHED,vmware,2022-04-01T22:17:30.000Z,2025-01-29T17:52:44.731Z,,,CWE-94,,,Spring Framework,Unknown,VMware,0,2022-10-11T00:00:00.000Z,y1ab5g,irx56nx
CVE-2022-22965,PUBLISHED,vmware,2022-04-01T22:17:30.000Z,2025-01-29T17:52:44.731Z,,,CWE-94,,,Spring Framework,Unknown,VMware,5,2022-04-11T00:00:00.000Z,u105k8,i4acy4t
CVE-2022-22965,PUBLISHED,vmware,2022-04-01T22:17:30.000Z,2025-01-29T17:52:44.731Z,,,CWE-94,,,Spring Framework,Unknown,VMware,3,2022-03-31T00:00:00.000Z,tsy0ni,i2uqogk
CVE-2022-22965,PUBLISHED,vmware,2022-04-01T22:17:30.000Z,2025-01-29T17:52:44.731Z,,,CWE-94,,,Spring Framework,Unknown,VMware,15,2022-03-31T00:00:00.000Z,tsud2k,
CVE-2022-22965,PUBLISHED,vmware,2022-04-01T22:17:30.000Z,2025-01-29T17:52:44.731Z,,,CWE-94,,,Spring Framework,Unknown,VMware,1,2022-04-01T00:00:00.000Z,tts4nw,
CVE-2022-22972,PUBLISHED,vmware,2022-05-20T20:18:39,2024-08-03T03:28:42.716Z,,,,,,,,,23,2022-05-18T00:00:00.000Z,uslq1g,
CVE-2022-22972,PUBLISHED,vmware,2022-05-20T20:18:39,2024-08-03T03:28:42.716Z,,,,,,,,,31,2022-05-27T00:00:00.000Z,uynn0z,
CVE-2022-23131,PUBLISHED,Zabbix,2022-01-13T15:50:39.137Z,2025-01-29T17:21:09.589Z,9.1,3.1,CWE-290,,,Frontend,Unknown,Zabbix,1,2022-02-17T00:00:00.000Z,suklub,hxc300c
CVE-2022-23176,PUBLISHED,mitre,2022-02-24T00:52:48.000Z,2025-01-29T20:45:09.513Z,,,,,,Firebox and XTM,Unknown,WatchGuard,2,2022-02-25T00:00:00.000Z,szkj3r,hybet9x
CVE-2022-23176,PUBLISHED,mitre,2022-02-24T00:52:48.000Z,2025-01-29T20:45:09.513Z,,,,,,Firebox and XTM,Unknown,WatchGuard,696,2022-04-07T00:00:00.000Z,ty00d4,i3plbmz
CVE-2022-23176,PUBLISHED,mitre,2022-02-24T00:52:48.000Z,2025-01-29T20:45:09.513Z,,,,,,Firebox and XTM,Unknown,WatchGuard,2,2022-04-09T00:00:00.000Z,tzwkss,i4302uc
CVE-2022-23176,PUBLISHED,mitre,2022-02-24T00:52:48.000Z,2025-01-29T20:45:09.513Z,,,,,,Firebox and XTM,Unknown,WatchGuard,91,2022-04-07T00:00:00.000Z,ty2d49,
CVE-2022-23219,PUBLISHED,mitre,2022-01-14T00:00:00.000Z,2025-05-05T16:27:25.152Z,,,,,,,,,2,2022-04-19T00:00:00.000Z,u7aqd1,
CVE-2022-23277,PUBLISHED,microsoft,2022-03-09T17:06:55,2025-01-02T18:35:24.947Z,8.8,3.1,,,,,,,4,2022-03-12T00:00:00.000Z,tbuk3d,i0cnju4
CVE-2022-23277,PUBLISHED,microsoft,2022-03-09T17:06:55,2025-01-02T18:35:24.947Z,8.8,3.1,,,,,,,11,2022-03-08T00:00:00.000Z,t992xm,hzv66fs
CVE-2022-23277,PUBLISHED,microsoft,2022-03-09T17:06:55,2025-01-02T18:35:24.947Z,8.8,3.1,,,,,,,3,2022-03-09T00:00:00.000Z,t992xm,hzyatma
CVE-2022-23277,PUBLISHED,microsoft,2022-03-09T17:06:55,2025-01-02T18:35:24.947Z,8.8,3.1,,,,,,,2,2022-05-26T00:00:00.000Z,uy8dk1,
CVE-2022-23277,PUBLISHED,microsoft,2022-03-09T17:06:55,2025-01-02T18:35:24.947Z,8.8,3.1,,,,,,,21,2022-03-08T00:00:00.000Z,t9nsci,
CVE-2022-23278,PUBLISHED,microsoft,2022-03-09T17:06:57,2025-01-02T18:35:25.563Z,5.9,3.1,,,,,,,1,2022-03-15T00:00:00.000Z,temfui,i0qtmle
CVE-2022-23294,PUBLISHED,microsoft,2022-03-09T17:07:16,2025-01-02T18:35:17.080Z,8.8,3.1,,,,,,,5,2022-03-09T00:00:00.000Z,t992xm,hzyuva2
CVE-2022-23302,PUBLISHED,apache,2022-01-18T15:25:20,2024-08-03T03:36:20.336Z,,,CWE-502,,,,,,235,2022-01-21T00:00:00.000Z,s9ce8y,
CVE-2022-23307,PUBLISHED,apache,2022-01-18T15:25:23,2024-08-03T03:36:20.396Z,,,CWE-502,,,,,,2,2022-10-11T00:00:00.000Z,y1ab5g,irxhe9d
CVE-2022-23529,REJECTED,GitHub_M,2022-12-21T20:50:06.685Z,2025-02-13T15:46:20.507Z,,,,,,,,,2,2023-01-11T00:00:00.000Z,108jk6s,j3w7llt
CVE-2022-23812,PUBLISHED,snyk,2022-03-16T15:45:31.515364Z,2024-09-16T22:19:54.618Z,9.8,3.1,,,,,,,1,2022-04-08T00:00:00.000Z,tg6x8e,i3udsor
CVE-2022-23812,PUBLISHED,snyk,2022-03-16T15:45:31.515364Z,2024-09-16T22:19:54.618Z,9.8,3.1,,,,,,,2,2022-03-19T00:00:00.000Z,thlqm3,i1cazzc
CVE-2022-23812,PUBLISHED,snyk,2022-03-16T15:45:31.515364Z,2024-09-16T22:19:54.618Z,9.8,3.1,,,,,,,6,2022-03-18T00:00:00.000Z,tgxb4w,i166vco
CVE-2022-23823,PUBLISHED,AMD,2022-06-15T19:13:04.771389Z,2024-09-17T03:59:08.119Z,,,,,,,,,2,2022-06-15T00:00:00.000Z,vcjxsk,
CVE-2022-23968,PUBLISHED,mitre,2022-01-26T05:01:51,2024-08-03T03:59:23.128Z,,,,,,,,,2,2022-01-26T00:00:00.000Z,scivpa,hubo0ty
CVE-2022-24421,PUBLISHED,dell,2022-03-11T21:45:21.008810Z,2024-09-17T03:37:56.003Z,8.2,3.1,CWE-119,,,,,,5,2022-03-24T00:00:00.000Z,tltfhn,i1w0de4
CVE-2022-24457,PUBLISHED,microsoft,2022-03-09T17:07:36,2025-01-02T18:35:09.745Z,7.8,3.1,,,,,,,1,2022-05-02T00:00:00.000Z,ugnwdz,i71is9s
CVE-2022-24492,PUBLISHED,microsoft,2022-04-15T19:03:26,2025-01-02T18:51:55.227Z,8.8,3.1,,,,,,,1,2022-04-21T00:00:00.000Z,u8iojj,
CVE-2022-24508,PUBLISHED,microsoft,2022-03-09T17:08:06,2025-01-02T18:35:19.863Z,8.8,3.1,,,,,,,3,2022-03-10T00:00:00.000Z,tb4xqu,
CVE-2022-24516,PUBLISHED,microsoft,2022-08-09T19:47:56,2025-01-02T19:34:19.958Z,8.0,3.1,,,,,,,5,2022-12-27T00:00:00.000Z,zwc318,j1tyhm7
CVE-2022-24568,PUBLISHED,mitre,2022-02-10T18:51:33,2024-08-03T04:13:56.691Z,,,,,,,,,1,2022-02-12T00:00:00.000Z,smbnzt,hwmgswd
CVE-2022-24903,PUBLISHED,GitHub_M,2022-05-05T00:00:00.000Z,2025-04-23T18:31:22.233Z,8.1,3.1,CWE-120,,,,,,1,2023-10-24T00:00:00.000Z,17exqq1,k66ry6b
CVE-2022-2588,PUBLISHED,canonical,2024-01-08T17:50:47.948Z,2025-05-22T18:23:25.184Z,5.3,3.1,CWE-416,,,,,Linux,1,2023-08-12T00:00:00.000Z,15o9wyr,jvudume
CVE-2022-2601,PUBLISHED,redhat,2022-12-14T00:00:00,2024-08-22T01:13:28.591Z,,,CWE-122,,,,,,1,2024-10-02T00:00:00.000Z,1ftrnzu,lpykvyu
CVE-2022-26134,PUBLISHED,atlassian,2022-06-03T21:51:57.134Z,2025-02-04T14:18:51.802Z,,,CWE-917,webapps,java,Confluence Server/Data Center,Known,Atlassian,18,2022-06-30T00:00:00.000Z,vo6xje,iec141f
CVE-2022-26134,PUBLISHED,atlassian,2022-06-03T21:51:57.134Z,2025-02-04T14:18:51.802Z,,,CWE-917,webapps,java,Confluence Server/Data Center,Known,Atlassian,1,2023-05-04T00:00:00.000Z,12iyh8w,jit4w1i
CVE-2022-26134,PUBLISHED,atlassian,2022-06-03T21:51:57.134Z,2025-02-04T14:18:51.802Z,,,CWE-917,webapps,java,Confluence Server/Data Center,Known,Atlassian,14,2023-07-01T00:00:00.000Z,14nqtpk,jq8u6kh
CVE-2022-26134,PUBLISHED,atlassian,2022-06-03T21:51:57.134Z,2025-02-04T14:18:51.802Z,,,CWE-917,webapps,java,Confluence Server/Data Center,Known,Atlassian,1,2023-07-01T00:00:00.000Z,14nqtpk,jq8yvfd
CVE-2022-26134,PUBLISHED,atlassian,2022-06-03T21:51:57.134Z,2025-02-04T14:18:51.802Z,,,CWE-917,webapps,java,Confluence Server/Data Center,Known,Atlassian,1,2023-02-13T00:00:00.000Z,110utyh,
CVE-2022-26134,PUBLISHED,atlassian,2022-06-03T21:51:57.134Z,2025-02-04T14:18:51.802Z,,,CWE-917,webapps,java,Confluence Server/Data Center,Known,Atlassian,1,2024-11-03T00:00:00.000Z,1giif2h,
CVE-2022-26134,PUBLISHED,atlassian,2022-06-03T21:51:57.134Z,2025-02-04T14:18:51.802Z,,,CWE-917,webapps,java,Confluence Server/Data Center,Known,Atlassian,6,2022-06-03T00:00:00.000Z,v3z9xr,
CVE-2022-26134,PUBLISHED,atlassian,2022-06-03T21:51:57.134Z,2025-02-04T14:18:51.802Z,,,CWE-917,webapps,java,Confluence Server/Data Center,Known,Atlassian,5,2023-02-13T00:00:00.000Z,110wbog,
CVE-2022-26134,PUBLISHED,atlassian,2022-06-03T21:51:57.134Z,2025-02-04T14:18:51.802Z,,,CWE-917,webapps,java,Confluence Server/Data Center,Known,Atlassian,7,2022-06-08T00:00:00.000Z,v7fw5f,
CVE-2022-26138,PUBLISHED,atlassian,2022-07-20T17:25:26.913Z,2025-01-28T21:48:56.674Z,,,CWE-798,,,Confluence,Unknown,Atlassian,3,2022-12-09T00:00:00.000Z,zgvdf9,izizgoo
CVE-2022-26500,PUBLISHED,mitre,2022-03-17T20:56:44.000Z,2025-02-03T15:27:52.201Z,,,CWE-22,,,Backup & Replication,Known,Veeam,8,2022-03-12T00:00:00.000Z,tcqvth,i0f5o4c
CVE-2022-26503,PUBLISHED,mitre,2022-03-17T16:11:34,2024-08-03T05:03:32.846Z,,,,,,,,,14,2022-03-12T00:00:00.000Z,tcschf,i0fisco
CVE-2022-26526,PUBLISHED,mitre,2022-03-17T14:57:36,2024-08-03T05:03:32.786Z,,,,,,,,,1,2023-11-14T00:00:00.000Z,17v51z1,k988fw9
CVE-2022-26531,PUBLISHED,Zyxel,2022-05-24T00:00:00,2024-08-03T05:03:33.155Z,6.1,3.1,CWE-20,,,,,,3,2022-06-07T00:00:00.000Z,v6oyyw,ibgnblv
CVE-2022-26706,PUBLISHED,apple,2022-05-26T18:44:31,2024-08-03T05:11:44.450Z,,,,,,,,,1,2023-09-11T00:00:00.000Z,16fh3x1,k0329e0
CVE-2022-26726,PUBLISHED,apple,2022-05-26T18:56:49,2024-08-03T05:11:44.862Z,,,,,,,,,0,2022-07-01T00:00:00.000Z,vp2fvh,
CVE-2022-26809,PUBLISHED,microsoft,2022-04-15T19:04:49,2025-01-02T18:51:59.836Z,9.8,3.1,,,,,,,3,2022-04-16T00:00:00.000Z,u4o8ui,i4x5wos
CVE-2022-26809,PUBLISHED,microsoft,2022-04-15T19:04:49,2025-01-02T18:51:59.836Z,9.8,3.1,,,,,,,15,2022-04-12T00:00:00.000Z,u1q5q5,i4gh8pp
CVE-2022-26923,PUBLISHED,microsoft,2022-05-10T20:33:39.000Z,2025-02-04T19:09:04.851Z,8.8,3.1,CWE-295,,,Active Directory,Unknown,Microsoft,3,2022-05-11T00:00:00.000Z,um9qur,i88d3qv
CVE-2022-26923,PUBLISHED,microsoft,2022-05-10T20:33:39.000Z,2025-02-04T19:09:04.851Z,8.8,3.1,CWE-295,,,Active Directory,Unknown,Microsoft,4,2023-04-11T00:00:00.000Z,12imjjn,jfunkh4
CVE-2022-26923,PUBLISHED,microsoft,2022-05-10T20:33:39.000Z,2025-02-04T19:09:04.851Z,8.8,3.1,CWE-295,,,Active Directory,Unknown,Microsoft,3,2023-04-11T00:00:00.000Z,12imjjn,jfusb00
CVE-2022-26923,PUBLISHED,microsoft,2022-05-10T20:33:39.000Z,2025-02-04T19:09:04.851Z,8.8,3.1,CWE-295,,,Active Directory,Unknown,Microsoft,30,2023-04-29T00:00:00.000Z,1331nz9,ji7jy6u
CVE-2022-26923,PUBLISHED,microsoft,2022-05-10T20:33:39.000Z,2025-02-04T19:09:04.851Z,8.8,3.1,CWE-295,,,Active Directory,Unknown,Microsoft,7,2022-05-11T00:00:00.000Z,un845i,
CVE-2022-26925,PUBLISHED,microsoft,2022-05-10T20:33:41.000Z,2025-02-04T18:38:04.955Z,8.1,3.1,CWE-306,,,Windows,Unknown,Microsoft,1,2022-07-02T00:00:00.000Z,vp1msj,ieipgq0
CVE-2022-26925,PUBLISHED,microsoft,2022-05-10T20:33:41.000Z,2025-02-04T18:38:04.955Z,8.1,3.1,CWE-306,,,Windows,Unknown,Microsoft,1,2022-05-11T00:00:00.000Z,um9qur,i85fbwh
CVE-2022-26925,PUBLISHED,microsoft,2022-05-10T20:33:41.000Z,2025-02-04T18:38:04.955Z,8.1,3.1,CWE-306,,,Windows,Unknown,Microsoft,16,2022-05-14T00:00:00.000Z,up7sdb,i8jwfju
CVE-2022-26925,PUBLISHED,microsoft,2022-05-10T20:33:41.000Z,2025-02-04T18:38:04.955Z,8.1,3.1,CWE-306,,,Windows,Unknown,Microsoft,4,2022-05-15T00:00:00.000Z,um9qur,i8qye4s
CVE-2022-26925,PUBLISHED,microsoft,2022-05-10T20:33:41.000Z,2025-02-04T18:38:04.955Z,8.1,3.1,CWE-306,,,Windows,Unknown,Microsoft,118,2022-05-14T00:00:00.000Z,up7sdb,
CVE-2022-26931,PUBLISHED,microsoft,2022-05-10T20:33:47,2025-01-02T18:57:51.839Z,7.5,3.1,,,,,,,1,2023-07-18T00:00:00.000Z,150j751,jsgmhvw
CVE-2022-26937,PUBLISHED,microsoft,2022-05-10T20:33:56,2025-01-02T18:57:55.251Z,9.8,3.1,,,,,,,2,2022-05-10T00:00:00.000Z,um9qur,i830csz
CVE-2022-26937,PUBLISHED,microsoft,2022-05-10T20:33:56,2025-01-02T18:57:55.251Z,9.8,3.1,,,,,,,4,2022-05-26T00:00:00.000Z,uyemy8,
CVE-2022-27254,PUBLISHED,mitre,2022-03-23T21:09:34,2024-08-03T05:25:32.384Z,,,,,,,,,5,2022-07-12T00:00:00.000Z,vwygh9,ifuq6zm
CVE-2022-27255,PUBLISHED,mitre,2022-08-01T11:43:25,2024-08-03T05:25:32.604Z,,,,,,,,,57,2022-08-17T00:00:00.000Z,wqoxvj,
CVE-2022-27406,PUBLISHED,mitre,2022-04-22T00:00:00,2024-08-03T05:25:32.677Z,,,,,,,,,0,2022-06-02T00:00:00.000Z,v39rr3,
CVE-2022-27518,PUBLISHED,Citrix,2022-12-13T00:00:00.000Z,2025-01-28T16:20:38.276Z,9.8,3.1,CWE-664,,,Application Delivery Controller (ADC) and Gateway,Unknown,Citrix,9,2022-12-14T00:00:00.000Z,zm267l,j08q5h1
CVE-2022-27518,PUBLISHED,Citrix,2022-12-13T00:00:00.000Z,2025-01-28T16:20:38.276Z,9.8,3.1,CWE-664,,,Application Delivery Controller (ADC) and Gateway,Unknown,Citrix,0,2022-12-13T00:00:00.000Z,zlbefb,
CVE-2022-27518,PUBLISHED,Citrix,2022-12-13T00:00:00.000Z,2025-01-28T16:20:38.276Z,9.8,3.1,CWE-664,,,Application Delivery Controller (ADC) and Gateway,Unknown,Citrix,137,2022-12-13T00:00:00.000Z,zkz32y,
CVE-2022-27518,PUBLISHED,Citrix,2022-12-13T00:00:00.000Z,2025-01-28T16:20:38.276Z,9.8,3.1,CWE-664,,,Application Delivery Controller (ADC) and Gateway,Unknown,Citrix,9,2022-12-14T00:00:00.000Z,zlbfvc,
CVE-2022-27597,PUBLISHED,qnap,2023-03-29T00:00:00.000Z,2025-02-12T19:32:39.994Z,2.7,3.1,CWE-1295; CWE-489; CWE-125,,,,,,1,2023-04-10T00:00:00.000Z,12dy7o3,jfqzwys
CVE-2022-27926,PUBLISHED,mitre,2022-04-20T23:23:40.000Z,2025-01-29T16:21:43.981Z,,,"CWE-79, CWE-138",,,Zimbra Collaboration Suite (ZCS),Unknown,Synacor,1,2023-10-27T00:00:00.000Z,17hmmgp,k6om213
CVE-2022-28219,PUBLISHED,mitre,2022-04-05T18:32:21,2024-08-03T05:48:37.498Z,,,,,,,,,1,2022-07-01T00:00:00.000Z,vo9hs7,ief2545
CVE-2022-28219,PUBLISHED,mitre,2022-04-05T18:32:21,2024-08-03T05:48:37.498Z,,,,,,,,,14,2022-06-30T00:00:00.000Z,vo9hs7,
CVE-2022-28384,PUBLISHED,mitre,2022-06-08T00:00:00,2024-08-03T05:56:14.937Z,,,,,,,,,11,2022-06-08T00:00:00.000Z,v7noo6,
CVE-2022-28387,PUBLISHED,mitre,2022-06-08T15:29:51,2024-08-03T05:56:14.885Z,,,,,,,,,1,2022-06-22T00:00:00.000Z,vi14nr,
CVE-2022-28672,PUBLISHED,zdi,2022-07-18T18:41:16,2024-08-03T06:03:51.980Z,7.8,3.0,CWE-416,,,,,Foxit,1,2024-08-23T00:00:00.000Z,1ezhpdz,ljlrxi7
CVE-2022-28672,PUBLISHED,zdi,2022-07-18T18:41:16,2024-08-03T06:03:51.980Z,7.8,3.0,CWE-416,,,,,Foxit,8,2022-12-16T00:00:00.000Z,zn7sib,j0ho5b5
CVE-2022-28672,PUBLISHED,zdi,2022-07-18T18:41:16,2024-08-03T06:03:51.980Z,7.8,3.0,CWE-416,,,,,Foxit,0,2022-12-16T00:00:00.000Z,zn7sib,j0hoca3
CVE-2022-28722,PUBLISHED,hp,2022-09-26T14:54:12.000Z,2025-05-27T20:07:28.394Z,,,,,,,,,11,2024-01-22T00:00:00.000Z,19d5dn1,kj40rsl
CVE-2022-29072,PUBLISHED,mitre,2022-04-15T19:54:15.000Z,2025-06-09T14:47:09.625Z,,,,,,,,,1,2022-04-22T00:00:00.000Z,u6knkh,i5qwmig
CVE-2022-29072,PUBLISHED,mitre,2022-04-15T19:54:15.000Z,2025-06-09T14:47:09.625Z,,,,,,,,,1,2022-05-04T00:00:00.000Z,uhpq62,i78px7q
CVE-2022-29072,PUBLISHED,mitre,2022-04-15T19:54:15.000Z,2025-06-09T14:47:09.625Z,,,,,,,,,10,2022-05-23T00:00:00.000Z,uw8k0x,i9q19hh
CVE-2022-29072,PUBLISHED,mitre,2022-04-15T19:54:15.000Z,2025-06-09T14:47:09.625Z,,,,,,,,,1,2023-08-27T00:00:00.000Z,1622xia,jxzfb34
CVE-2022-29072,PUBLISHED,mitre,2022-04-15T19:54:15.000Z,2025-06-09T14:47:09.625Z,,,,,,,,,1,2022-04-18T00:00:00.000Z,u6j8md,i59byh9
CVE-2022-29072,PUBLISHED,mitre,2022-04-15T19:54:15.000Z,2025-06-09T14:47:09.625Z,,,,,,,,,33,2022-04-21T00:00:00.000Z,u8msmd,i5m25kq
CVE-2022-29072,PUBLISHED,mitre,2022-04-15T19:54:15.000Z,2025-06-09T14:47:09.625Z,,,,,,,,,25,2022-04-21T00:00:00.000Z,u8msmd,i5m7td9
CVE-2022-29072,PUBLISHED,mitre,2022-04-15T19:54:15.000Z,2025-06-09T14:47:09.625Z,,,,,,,,,1,2022-05-04T00:00:00.000Z,uhr3ve,i7b7t1j
CVE-2022-29072,PUBLISHED,mitre,2022-04-15T19:54:15.000Z,2025-06-09T14:47:09.625Z,,,,,,,,,0,2022-05-04T00:00:00.000Z,uhr3ve,i7bv5br
CVE-2022-29072,PUBLISHED,mitre,2022-04-15T19:54:15.000Z,2025-06-09T14:47:09.625Z,,,,,,,,,1,2024-06-25T00:00:00.000Z,1do0r74,la8mhe6
CVE-2022-29072,PUBLISHED,mitre,2022-04-15T19:54:15.000Z,2025-06-09T14:47:09.625Z,,,,,,,,,2,2022-05-03T00:00:00.000Z,uhpq62,
CVE-2022-29072,PUBLISHED,mitre,2022-04-15T19:54:15.000Z,2025-06-09T14:47:09.625Z,,,,,,,,,54,2022-04-18T00:00:00.000Z,u6j7nn,
CVE-2022-29072,PUBLISHED,mitre,2022-04-15T19:54:15.000Z,2025-06-09T14:47:09.625Z,,,,,,,,,29,2022-04-18T00:00:00.000Z,u6j8md,
CVE-2022-29072,PUBLISHED,mitre,2022-04-15T19:54:15.000Z,2025-06-09T14:47:09.625Z,,,,,,,,,74,2022-04-18T00:00:00.000Z,u6jho1,
CVE-2022-29072,PUBLISHED,mitre,2022-04-15T19:54:15.000Z,2025-06-09T14:47:09.625Z,,,,,,,,,4,2022-04-26T00:00:00.000Z,uc1494,
CVE-2022-29104,PUBLISHED,microsoft,2022-05-10T20:34:05,2025-01-02T18:58:03.491Z,7.8,3.1,,,,,,Microsoft,33,2022-05-10T00:00:00.000Z,um9qur,i83ihtj
CVE-2022-29127,PUBLISHED,microsoft,2022-05-10T20:34:33,2025-01-02T18:58:11.592Z,4.2,3.1,,,,,,,-1,2022-08-05T00:00:00.000Z,wge35c,ij20bdt
CVE-2022-29127,PUBLISHED,microsoft,2022-05-10T20:34:33,2025-01-02T18:58:11.592Z,4.2,3.1,,,,,,,1,2022-12-01T00:00:00.000Z,z9fsdv,iygq9sx
CVE-2022-29131,PUBLISHED,microsoft,2022-05-10T20:34:39,2025-01-02T18:58:14.095Z,8.8,3.1,,,,,,,2,2024-12-28T00:00:00.000Z,1hoc196,m48jdki
CVE-2022-29499,PUBLISHED,mitre,2022-04-26T01:13:58.000Z,2025-01-29T16:12:10.307Z,,,CWE-20,,,MiVoice Connect,Known,Mitel,1,2024-02-29T00:00:00.000Z,1b2dd4l,kspjvsw
CVE-2022-29558,PUBLISHED,mitre,2022-07-28T21:20:49,2024-08-03T06:26:06.331Z,,,,,,,,,4,2022-08-17T00:00:00.000Z,wqeeu5,ikn8pxn
CVE-2022-29620,PUBLISHED,mitre,2022-06-07T20:07:58,2024-08-03T06:26:06.608Z,,,,,,,,,2,2023-02-16T00:00:00.000Z,10wd6m6,j8sg4ot
CVE-2022-29622,PUBLISHED,mitre,2022-05-16T00:00:00,2024-08-03T06:26:06.563Z,,,,,,,,,1,2022-06-08T00:00:00.000Z,v6rccw,ibl9fl5
CVE-2022-29622,PUBLISHED,mitre,2022-05-16T00:00:00,2024-08-03T06:26:06.563Z,,,,,,,,,1,2022-06-08T00:00:00.000Z,v6rccw,ibltwnw
CVE-2022-30136,PUBLISHED,microsoft,2022-06-15T21:51:22,2025-01-02T19:02:52.437Z,9.8,3.1,,,,,,,35,2022-07-18T00:00:00.000Z,w1nxnm,igm530h
CVE-2022-30136,PUBLISHED,microsoft,2022-06-15T21:51:22,2025-01-02T19:02:52.437Z,9.8,3.1,,,,,,,2,2022-07-18T00:00:00.000Z,w28ea5,igorem0
CVE-2022-30136,PUBLISHED,microsoft,2022-06-15T21:51:22,2025-01-02T19:02:52.437Z,9.8,3.1,,,,,,,3,2022-11-02T00:00:00.000Z,ykkuuo,
CVE-2022-30154,PUBLISHED,microsoft,2022-06-15T21:51:46,2025-01-02T19:02:59.809Z,5.3,3.1,,,,,,,1,2022-06-16T00:00:00.000Z,vbunt3,icmll6p
CVE-2022-30165,PUBLISHED,microsoft,2022-06-15T21:52:01,2025-01-02T19:03:05.918Z,8.8,3.1,,,,,,,1,2022-06-22T00:00:00.000Z,vgrrnh,idcg61v
CVE-2022-30168,PUBLISHED,microsoft,2022-06-15T21:52:07,2025-01-02T19:03:15.855Z,7.8,3.1,,,,,,,2,2022-06-21T00:00:00.000Z,vghwqp,id6gsiz
CVE-2022-30168,PUBLISHED,microsoft,2022-06-15T21:52:07,2025-01-02T19:03:15.855Z,7.8,3.1,,,,,,,0,2022-07-21T00:00:00.000Z,w4oe1r,
CVE-2022-30188,PUBLISHED,microsoft,2022-06-15T21:52:21,2025-01-02T19:03:11.571Z,7.8,3.1,,,,,,,1,2023-08-06T00:00:00.000Z,15jqxag,
CVE-2022-30190,PUBLISHED,microsoft,2022-06-01T20:10:17.000Z,2025-02-04T19:04:33.929Z,7.8,3.1,CWE-610,,,Windows,Known,Microsoft,1,2022-05-31T00:00:00.000Z,v06w2o,iantidd
CVE-2022-30190,PUBLISHED,microsoft,2022-06-01T20:10:17.000Z,2025-02-04T19:04:33.929Z,7.8,3.1,CWE-610,,,Windows,Known,Microsoft,2,2022-06-03T00:00:00.000Z,v1sdjo,ib2jo6z
CVE-2022-30190,PUBLISHED,microsoft,2022-06-01T20:10:17.000Z,2025-02-04T19:04:33.929Z,7.8,3.1,CWE-610,,,Windows,Known,Microsoft,2,2022-08-24T00:00:00.000Z,wwf5oe,ilkq78u
CVE-2022-30190,PUBLISHED,microsoft,2022-06-01T20:10:17.000Z,2025-02-04T19:04:33.929Z,7.8,3.1,CWE-610,,,Windows,Known,Microsoft,3,2022-06-14T00:00:00.000Z,vc8cfd,iccupcy
CVE-2022-30190,PUBLISHED,microsoft,2022-06-01T20:10:17.000Z,2025-02-04T19:04:33.929Z,7.8,3.1,CWE-610,,,Windows,Known,Microsoft,1,2022-06-01T00:00:00.000Z,v1mxqz,iaq7kfs
CVE-2022-30190,PUBLISHED,microsoft,2022-06-01T20:10:17.000Z,2025-02-04T19:04:33.929Z,7.8,3.1,CWE-610,,,Windows,Known,Microsoft,2,2022-06-15T00:00:00.000Z,vcobre,ici6thn
CVE-2022-30190,PUBLISHED,microsoft,2022-06-01T20:10:17.000Z,2025-02-04T19:04:33.929Z,7.8,3.1,CWE-610,,,Windows,Known,Microsoft,3,2022-06-03T00:00:00.000Z,v3ojgg,ib0ed94
CVE-2022-30190,PUBLISHED,microsoft,2022-06-01T20:10:17.000Z,2025-02-04T19:04:33.929Z,7.8,3.1,CWE-610,,,Windows,Known,Microsoft,6,2022-05-31T00:00:00.000Z,v1fkw2,iann0hx
CVE-2022-30190,PUBLISHED,microsoft,2022-06-01T20:10:17.000Z,2025-02-04T19:04:33.929Z,7.8,3.1,CWE-610,,,Windows,Known,Microsoft,2,2022-06-01T00:00:00.000Z,v1fkw2,ias1xdf
CVE-2022-30190,PUBLISHED,microsoft,2022-06-01T20:10:17.000Z,2025-02-04T19:04:33.929Z,7.8,3.1,CWE-610,,,Windows,Known,Microsoft,4,2022-06-02T00:00:00.000Z,v3blmn,iaxh792
CVE-2022-30190,PUBLISHED,microsoft,2022-06-01T20:10:17.000Z,2025-02-04T19:04:33.929Z,7.8,3.1,CWE-610,,,Windows,Known,Microsoft,11,2022-06-14T00:00:00.000Z,vbunt3,iccp1dz
CVE-2022-30190,PUBLISHED,microsoft,2022-06-01T20:10:17.000Z,2025-02-04T19:04:33.929Z,7.8,3.1,CWE-610,,,Windows,Known,Microsoft,3,2022-06-14T00:00:00.000Z,vc8o5o,iccq2q5
CVE-2022-30190,PUBLISHED,microsoft,2022-06-01T20:10:17.000Z,2025-02-04T19:04:33.929Z,7.8,3.1,CWE-610,,,Windows,Known,Microsoft,14,2022-06-14T00:00:00.000Z,vbunt3,iccqw43
CVE-2022-30190,PUBLISHED,microsoft,2022-06-01T20:10:17.000Z,2025-02-04T19:04:33.929Z,7.8,3.1,CWE-610,,,Windows,Known,Microsoft,3,2022-06-14T00:00:00.000Z,vbunt3,iccs2yy
CVE-2022-30190,PUBLISHED,microsoft,2022-06-01T20:10:17.000Z,2025-02-04T19:04:33.929Z,7.8,3.1,CWE-610,,,Windows,Known,Microsoft,4,2022-06-14T00:00:00.000Z,vbunt3,iccteqi
CVE-2022-30190,PUBLISHED,microsoft,2022-06-01T20:10:17.000Z,2025-02-04T19:04:33.929Z,7.8,3.1,CWE-610,,,Windows,Known,Microsoft,1,2022-06-14T00:00:00.000Z,vbunt3,iccwg1r
CVE-2022-30190,PUBLISHED,microsoft,2022-06-01T20:10:17.000Z,2025-02-04T19:04:33.929Z,7.8,3.1,CWE-610,,,Windows,Known,Microsoft,4,2022-06-14T00:00:00.000Z,vbunt3,iccxjwv
CVE-2022-30190,PUBLISHED,microsoft,2022-06-01T20:10:17.000Z,2025-02-04T19:04:33.929Z,7.8,3.1,CWE-610,,,Windows,Known,Microsoft,3,2022-06-15T00:00:00.000Z,vd4tpv,ici6owf
CVE-2022-30190,PUBLISHED,microsoft,2022-06-01T20:10:17.000Z,2025-02-04T19:04:33.929Z,7.8,3.1,CWE-610,,,Windows,Known,Microsoft,1,2022-10-10T00:00:00.000Z,xzlvca,irre6e4
CVE-2022-30190,PUBLISHED,microsoft,2022-06-01T20:10:17.000Z,2025-02-04T19:04:33.929Z,7.8,3.1,CWE-610,,,Windows,Known,Microsoft,1,2023-10-29T00:00:00.000Z,17iyrbq,
CVE-2022-30190,PUBLISHED,microsoft,2022-06-01T20:10:17.000Z,2025-02-04T19:04:33.929Z,7.8,3.1,CWE-610,,,Windows,Known,Microsoft,37,2022-06-15T00:00:00.000Z,vcobre,
CVE-2022-30190,PUBLISHED,microsoft,2022-06-01T20:10:17.000Z,2025-02-04T19:04:33.929Z,7.8,3.1,CWE-610,,,Windows,Known,Microsoft,146,2022-05-30T00:00:00.000Z,v0z7bx,
CVE-2022-30190,PUBLISHED,microsoft,2022-06-01T20:10:17.000Z,2025-02-04T19:04:33.929Z,7.8,3.1,CWE-610,,,Windows,Known,Microsoft,17,2022-06-01T00:00:00.000Z,v2qmjp,
CVE-2022-30190,PUBLISHED,microsoft,2022-06-01T20:10:17.000Z,2025-02-04T19:04:33.929Z,7.8,3.1,CWE-610,,,Windows,Known,Microsoft,19,2022-06-14T00:00:00.000Z,vc8o5o,
CVE-2022-30190,PUBLISHED,microsoft,2022-06-01T20:10:17.000Z,2025-02-04T19:04:33.929Z,7.8,3.1,CWE-610,,,Windows,Known,Microsoft,5,2022-10-09T00:00:00.000Z,xzlvca,
CVE-2022-30333,PUBLISHED,mitre,2022-05-09T00:00:00.000Z,2025-01-29T16:18:20.605Z,,,"CWE-22, CWE-59",,,UnRAR,Known,RARLAB,3,2022-10-06T00:00:00.000Z,xxg7lm,irbw8jz
CVE-2022-31199,PUBLISHED,mitre,2022-11-08T00:00:00.000Z,2025-02-03T14:28:36.546Z,,,"CWE-502, CWE-122",,,Auditor,Known,Netwrix,1,2023-07-11T00:00:00.000Z,14wtjge,
CVE-2022-31226,PUBLISHED,dell,2022-09-12T18:35:22.684202Z,2024-09-16T23:05:44.241Z,7.1,3.1,CWE-121,,,,,,2,2023-01-05T00:00:00.000Z,103ns3o,j31tknw
CVE-2022-31676,PUBLISHED,vmware,2022-08-23T00:00:00,2024-08-03T07:26:00.916Z,,,,,,,,,3,2022-08-26T00:00:00.000Z,wy4on1,iluowvf
CVE-2022-31676,PUBLISHED,vmware,2022-08-23T00:00:00,2024-08-03T07:26:00.916Z,,,,,,,,,4,2022-08-26T00:00:00.000Z,wy4on1,iluuxih
CVE-2022-31705,PUBLISHED,vmware,2022-12-14T00:00:00.000Z,2025-04-18T15:03:03.117Z,,,,,,,,,2,2024-03-28T00:00:00.000Z,1bprhe0,kx11222
CVE-2022-32168,PUBLISHED,Mend,2022-09-28T09:00:15.327Z,2025-05-21T14:14:43.298Z,,,CWE-427,,,,,,3,2023-01-17T00:00:00.000Z,10duyyz,j4s19rl
CVE-2022-3219,PUBLISHED,redhat,2023-02-23T00:00:00.000Z,2025-03-12T20:45:46.104Z,,,,,,,,,1,2023-08-25T00:00:00.000Z,1604b0m,jxo8wlf
CVE-2022-32893,PUBLISHED,apple,2022-08-24T00:00:00.000Z,2025-01-29T16:26:58.724Z,,,"CWE-20, CWE-787",,,iOS and macOS,Unknown,Apple,3,2022-08-21T00:00:00.000Z,wtj9tm,il7486u
CVE-2022-3369,PUBLISHED,Bitdefender,2022-11-01T07:45:19.436Z,2025-05-02T16:06:44.011Z,8.6,3.1,CWE-269,,,,,,1,2023-12-21T00:00:00.000Z,18nk5fc,kecez8d
CVE-2022-33936,PUBLISHED,dell,2022-07-07T22:05:17.456375Z,2024-09-17T02:57:19.617Z,8.0,3.1,,,,,,,4,2022-09-24T00:00:00.000Z,xmnzku,
CVE-2022-34382,PUBLISHED,dell,2022-09-02T17:30:20.181600Z,2024-09-16T23:56:53.160Z,7.8,3.1,,,,,,,2,2022-12-05T00:00:00.000Z,zd2r1o,iz0gsv0
CVE-2022-34382,PUBLISHED,dell,2022-09-02T17:30:20.181600Z,2024-09-16T23:56:53.160Z,7.8,3.1,,,,,,,5,2022-08-23T00:00:00.000Z,wvylmn,
CVE-2022-34558,PUBLISHED,mitre,2022-07-28T22:24:02,2024-08-03T09:15:15.232Z,,,,,,,,,6,2022-07-31T00:00:00.000Z,wcy44u,
CVE-2022-34718,PUBLISHED,microsoft,2022-09-13T18:41:33,2025-03-11T16:10:28.118Z,9.8,3.1,,,,,,,18,2022-09-13T00:00:00.000Z,xcxdss,iob8tus
CVE-2022-34718,PUBLISHED,microsoft,2022-09-13T18:41:33,2025-03-11T16:10:28.118Z,9.8,3.1,,,,,,,2,2022-09-14T00:00:00.000Z,xcxdss,iogeg5l
CVE-2022-34718,PUBLISHED,microsoft,2022-09-13T18:41:33,2025-03-11T16:10:28.118Z,9.8,3.1,,,,,,,2,2022-10-03T00:00:00.000Z,xcxdss,ique9qi
CVE-2022-34722,PUBLISHED,microsoft,2022-09-13T18:41:37,2025-03-11T16:10:30.606Z,9.8,3.1,,,,,,,3,2022-09-13T00:00:00.000Z,xcxdss,ioa5yu5
CVE-2022-34722,PUBLISHED,microsoft,2022-09-13T18:41:37,2025-03-11T16:10:30.606Z,9.8,3.1,,,,,,,1,2022-09-13T00:00:00.000Z,xcxdss,iobj5rw
CVE-2022-34722,PUBLISHED,microsoft,2022-09-13T18:41:37,2025-03-11T16:10:30.606Z,9.8,3.1,,,,,,,6,2022-09-14T00:00:00.000Z,xcxdss,iodddoc
CVE-2022-34724,PUBLISHED,microsoft,2022-09-13T18:41:39,2025-03-11T16:10:31.815Z,7.5,3.1,,,,,,,1,2023-04-06T00:00:00.000Z,12cm2df,jf6nydb
CVE-2022-34777,PUBLISHED,jenkins,2022-06-30T17:45:54,2024-08-03T09:22:10.421Z,,,,,,,,,14,2023-01-09T00:00:00.000Z,107a044,
CVE-2022-34918,PUBLISHED,mitre,2022-07-04T20:07:32,2024-08-03T09:22:10.749Z,,,,,,,,,9,2022-07-21T00:00:00.000Z,w435ag,ih21hoo
CVE-2022-3524,PUBLISHED,VulDB,2022-10-16T00:00:00.000Z,2025-04-15T13:44:06.029Z,4.3,3.1,CWE-404,,,,,,-5,2022-12-20T00:00:00.000Z,zq6r3a,j0yy71e
CVE-2022-35742,PUBLISHED,microsoft,2023-06-01T01:09:34.836Z,2025-01-02T19:33:56.095Z,7.5,3.1,,,,,,Microsoft,3,2022-08-09T00:00:00.000Z,wjtdq7,ijm4k8v
CVE-2022-35748,PUBLISHED,microsoft,2023-05-31T18:07:03.204Z,2025-01-02T19:33:59.644Z,7.5,3.1,,,,,,,7,2022-08-10T00:00:00.000Z,wkwsnn,ijpsca6
CVE-2022-35748,PUBLISHED,microsoft,2023-05-31T18:07:03.204Z,2025-01-02T19:33:59.644Z,7.5,3.1,,,,,,,1,2022-08-10T00:00:00.000Z,wkwsnn,ijq6isc
CVE-2022-35748,PUBLISHED,microsoft,2023-05-31T18:07:03.204Z,2025-01-02T19:33:59.644Z,7.5,3.1,,,,,,,-1,2022-08-10T00:00:00.000Z,wkwsnn,ijq6xoc
CVE-2022-35748,PUBLISHED,microsoft,2023-05-31T18:07:03.204Z,2025-01-02T19:33:59.644Z,7.5,3.1,,,,,,,5,2022-08-10T00:00:00.000Z,wktz8v,ijph6wk
CVE-2022-35748,PUBLISHED,microsoft,2023-05-31T18:07:03.204Z,2025-01-02T19:33:59.644Z,7.5,3.1,,,,,,,10,2022-08-10T00:00:00.000Z,wkvbfr,ijqdofi
CVE-2022-35748,PUBLISHED,microsoft,2023-05-31T18:07:03.204Z,2025-01-02T19:33:59.644Z,7.5,3.1,,,,,,,6,2022-08-10T00:00:00.000Z,wkvbfr,ijqdsc1
CVE-2022-35748,PUBLISHED,microsoft,2023-05-31T18:07:03.204Z,2025-01-02T19:33:59.644Z,7.5,3.1,,,,,,,3,2022-08-10T00:00:00.000Z,wkvbfr,ijr9tcp
CVE-2022-35748,PUBLISHED,microsoft,2023-05-31T18:07:03.204Z,2025-01-02T19:33:59.644Z,7.5,3.1,,,,,,,1,2022-08-10T00:00:00.000Z,wkvbfr,ijrsc4n
CVE-2022-35804,PUBLISHED,microsoft,2022-08-09T20:08:38,2025-01-02T19:34:13.898Z,8.8,3.1,,,,,,,10,2022-08-09T00:00:00.000Z,wjtdq7,ijlwgcz
CVE-2022-3590,PUBLISHED,WPScan,2022-12-14T08:33:40.434Z,2025-04-21T14:12:02.956Z,,,; ,,,,,,1,2023-03-17T00:00:00.000Z,11t895y,jci6lsq
CVE-2022-3602,PUBLISHED,openssl,2022-11-01T00:00:00.000Z,2025-05-05T16:12:48.023Z,,,,,,,,,2,2022-11-01T00:00:00.000Z,yjgn8p,iunqy5r
CVE-2022-3602,PUBLISHED,openssl,2022-11-01T00:00:00.000Z,2025-05-05T16:12:48.023Z,,,,,,,,,4,2022-11-01T00:00:00.000Z,yjclls,iun3pb4
CVE-2022-3602,PUBLISHED,openssl,2022-11-01T00:00:00.000Z,2025-05-05T16:12:48.023Z,,,,,,,,,1,2023-12-12T00:00:00.000Z,18fslut,kd220v1
CVE-2022-3602,PUBLISHED,openssl,2022-11-01T00:00:00.000Z,2025-05-05T16:12:48.023Z,,,,,,,,,8,2022-11-01T00:00:00.000Z,yj6v3p,iumr6k4
CVE-2022-3602,PUBLISHED,openssl,2022-11-01T00:00:00.000Z,2025-05-05T16:12:48.023Z,,,,,,,,,36,2022-11-01T00:00:00.000Z,yjc7z7,iun2qq0
CVE-2022-3602,PUBLISHED,openssl,2022-11-01T00:00:00.000Z,2025-05-05T16:12:48.023Z,,,,,,,,,2,2022-11-01T00:00:00.000Z,ygx4gf,iun4nwx
CVE-2022-3602,PUBLISHED,openssl,2022-11-01T00:00:00.000Z,2025-05-05T16:12:48.023Z,,,,,,,,,39,2022-11-01T00:00:00.000Z,yjc7z7,iun84lr
CVE-2022-3602,PUBLISHED,openssl,2022-11-01T00:00:00.000Z,2025-05-05T16:12:48.023Z,,,,,,,,,1,2022-11-01T00:00:00.000Z,ygx4gf,iunm35e
CVE-2022-3602,PUBLISHED,openssl,2022-11-01T00:00:00.000Z,2025-05-05T16:12:48.023Z,,,,,,,,,1,2022-11-01T00:00:00.000Z,ygx4gf,iunv04u
CVE-2022-3602,PUBLISHED,openssl,2022-11-01T00:00:00.000Z,2025-05-05T16:12:48.023Z,,,,,,,,,2,2022-11-01T00:00:00.000Z,yj6v3p,iunxdes
CVE-2022-3602,PUBLISHED,openssl,2022-11-01T00:00:00.000Z,2025-05-05T16:12:48.023Z,,,,,,,,,1,2023-10-05T00:00:00.000Z,170ewp5,k3n5ttn
CVE-2022-3602,PUBLISHED,openssl,2022-11-01T00:00:00.000Z,2025-05-05T16:12:48.023Z,,,,,,,,,14,2022-11-01T00:00:00.000Z,yj6woi,iumlz9u
CVE-2022-3602,PUBLISHED,openssl,2022-11-01T00:00:00.000Z,2025-05-05T16:12:48.023Z,,,,,,,,,7,2022-11-01T00:00:00.000Z,yj6woi,iumzt6y
CVE-2022-3602,PUBLISHED,openssl,2022-11-01T00:00:00.000Z,2025-05-05T16:12:48.023Z,,,,,,,,,34,2022-11-01T00:00:00.000Z,yjdj8b,
CVE-2022-36067,PUBLISHED,GitHub_M,2022-09-06T00:00:00.000Z,2025-04-22T17:24:29.553Z,10.0,3.1,CWE-913,,,,,,3,2022-09-30T00:00:00.000Z,xsb4ep,
CVE-2022-36804,PUBLISHED,atlassian,2022-08-25T05:40:08.899Z,2025-01-29T16:20:14.323Z,,,"CWE-78, CWE-88, CWE-158",webapps,python,Bitbucket Server and Data Center,Unknown,Atlassian,1,2023-01-09T00:00:00.000Z,107auog,
CVE-2022-36804,PUBLISHED,atlassian,2022-08-25T05:40:08.899Z,2025-01-29T16:20:14.323Z,,,"CWE-78, CWE-88, CWE-158",webapps,python,Bitbucket Server and Data Center,Unknown,Atlassian,14,2022-08-29T00:00:00.000Z,x0hfss,
CVE-2022-37454,PUBLISHED,mitre,2022-10-21T00:00:00.000Z,2025-05-08T15:03:28.946Z,,,,,,,,,1,2023-02-06T00:00:00.000Z,10tuhtz,j7g6hl7
CVE-2022-37706,PUBLISHED,mitre,2022-12-25T00:00:00.000Z,2025-04-14T18:35:47.079Z,,,,local,linux,,,,8,2022-12-04T00:00:00.000Z,zcn4jm,
CVE-2022-3786,PUBLISHED,openssl,2022-11-01T00:00:00.000Z,2025-05-05T16:12:38.194Z,,,,,,,,,3,2022-11-01T00:00:00.000Z,ygxgmv,iun6php
CVE-2022-3786,PUBLISHED,openssl,2022-11-01T00:00:00.000Z,2025-05-05T16:12:38.194Z,,,,,,,,,17,2022-11-01T00:00:00.000Z,yjc7z7,iun0ir5
CVE-2022-3786,PUBLISHED,openssl,2022-11-01T00:00:00.000Z,2025-05-05T16:12:38.194Z,,,,,,,,,26,2022-11-01T00:00:00.000Z,yjclls,
CVE-2022-37958,PUBLISHED,microsoft,2022-09-13T18:42:07,2025-03-11T16:10:45.942Z,8.1,3.1,,,,,,,9,2022-12-14T00:00:00.000Z,zlfkfp,j069zim
CVE-2022-37958,PUBLISHED,microsoft,2022-09-13T18:42:07,2025-03-11T16:10:45.942Z,8.1,3.1,,,,,,,56,2022-12-20T00:00:00.000Z,zq6r3a,j0wxnqx
CVE-2022-37958,PUBLISHED,microsoft,2022-09-13T18:42:07,2025-03-11T16:10:45.942Z,8.1,3.1,,,,,,,1,2022-12-20T00:00:00.000Z,zq6r3a,j0ys9ol
CVE-2022-37958,PUBLISHED,microsoft,2022-09-13T18:42:07,2025-03-11T16:10:45.942Z,8.1,3.1,,,,,,,4,2022-12-20T00:00:00.000Z,zq6r3a,j0z1o2x
CVE-2022-37958,PUBLISHED,microsoft,2022-09-13T18:42:07,2025-03-11T16:10:45.942Z,8.1,3.1,,,,,,,140,2022-12-19T00:00:00.000Z,zq6r3a,
CVE-2022-37966,PUBLISHED,microsoft,2022-11-09T00:00:00,2025-01-02T21:31:29.871Z,8.1,3.1,,,,,,,5,2022-11-09T00:00:00.000Z,ypbpju,ivmtfem
CVE-2022-37966,PUBLISHED,microsoft,2022-11-09T00:00:00,2025-01-02T21:31:29.871Z,8.1,3.1,,,,,,,2,2023-01-15T00:00:00.000Z,10cmmcr,j4goa5u
CVE-2022-37966,PUBLISHED,microsoft,2022-11-09T00:00:00,2025-01-02T21:31:29.871Z,8.1,3.1,,,,,,,2,2023-03-02T00:00:00.000Z,11g3jg1,janpufq
CVE-2022-37966,PUBLISHED,microsoft,2022-11-09T00:00:00,2025-01-02T21:31:29.871Z,8.1,3.1,,,,,,,1,2023-04-06T00:00:00.000Z,12cptda,jf4sttw
CVE-2022-37966,PUBLISHED,microsoft,2022-11-09T00:00:00,2025-01-02T21:31:29.871Z,8.1,3.1,,,,,,,9,2023-05-15T00:00:00.000Z,13hfnsz,jk95iph
CVE-2022-37966,PUBLISHED,microsoft,2022-11-09T00:00:00,2025-01-02T21:31:29.871Z,8.1,3.1,,,,,,,1,2023-05-18T00:00:00.000Z,13hfnsz,jklbrbb
CVE-2022-37966,PUBLISHED,microsoft,2022-11-09T00:00:00,2025-01-02T21:31:29.871Z,8.1,3.1,,,,,,,3,2023-05-22T00:00:00.000Z,13hfnsz,jl7al6w
CVE-2022-37966,PUBLISHED,microsoft,2022-11-09T00:00:00,2025-01-02T21:31:29.871Z,8.1,3.1,,,,,,,1,2023-07-16T00:00:00.000Z,150j751,js5cmgn
CVE-2022-37966,PUBLISHED,microsoft,2022-11-09T00:00:00,2025-01-02T21:31:29.871Z,8.1,3.1,,,,,,,1,2023-10-25T00:00:00.000Z,174ncwy,k6g59gh
CVE-2022-37966,PUBLISHED,microsoft,2022-11-09T00:00:00,2025-01-02T21:31:29.871Z,8.1,3.1,,,,,,,4,2023-12-19T00:00:00.000Z,18lo46i,kdzx3fc
CVE-2022-37966,PUBLISHED,microsoft,2022-11-09T00:00:00,2025-01-02T21:31:29.871Z,8.1,3.1,,,,,,,1,2023-12-22T00:00:00.000Z,18gp6pc,kegjmg1
CVE-2022-37966,PUBLISHED,microsoft,2022-11-09T00:00:00,2025-01-02T21:31:29.871Z,8.1,3.1,,,,,,,1,2024-05-22T00:00:00.000Z,1cxhgzj,l577fpx
CVE-2022-37966,PUBLISHED,microsoft,2022-11-09T00:00:00,2025-01-02T21:31:29.871Z,8.1,3.1,,,,,,,8,2023-01-15T00:00:00.000Z,10cmmcr,
CVE-2022-37966,PUBLISHED,microsoft,2022-11-09T00:00:00,2025-01-02T21:31:29.871Z,8.1,3.1,,,,,,,6,2023-01-17T00:00:00.000Z,10ee9go,
CVE-2022-37966,PUBLISHED,microsoft,2022-11-09T00:00:00,2025-01-02T21:31:29.871Z,8.1,3.1,,,,,,,7,2023-06-07T00:00:00.000Z,143k1bp,
CVE-2022-37967,PUBLISHED,microsoft,2022-11-09T00:00:00,2025-01-02T21:31:31.133Z,7.2,3.1,,,,,,,2,2022-11-14T00:00:00.000Z,ypbpju,iwdgh7y
CVE-2022-37967,PUBLISHED,microsoft,2022-11-09T00:00:00,2025-01-02T21:31:31.133Z,7.2,3.1,,,,,,,223,2023-04-11T00:00:00.000Z,12imjjn,jfu4fqg
CVE-2022-37967,PUBLISHED,microsoft,2022-11-09T00:00:00,2025-01-02T21:31:31.133Z,7.2,3.1,,,,,,,9,2023-04-13T00:00:00.000Z,12imjjn,jg4ztu5
CVE-2022-37967,PUBLISHED,microsoft,2022-11-09T00:00:00,2025-01-02T21:31:31.133Z,7.2,3.1,,,,,,,3,2023-06-27T00:00:00.000Z,14kd3je,jppxf79
CVE-2022-37967,PUBLISHED,microsoft,2022-11-09T00:00:00,2025-01-02T21:31:31.133Z,7.2,3.1,,,,,,,1,2023-07-11T00:00:00.000Z,14wtpne,jrkfnwz
CVE-2022-37967,PUBLISHED,microsoft,2022-11-09T00:00:00,2025-01-02T21:31:31.133Z,7.2,3.1,,,,,,,1,2023-07-12T00:00:00.000Z,14wtpne,jrq1g6p
CVE-2022-37967,PUBLISHED,microsoft,2022-11-09T00:00:00,2025-01-02T21:31:31.133Z,7.2,3.1,,,,,,,1,2023-09-15T00:00:00.000Z,16gtnhy,k0qtfa2
CVE-2022-37967,PUBLISHED,microsoft,2022-11-09T00:00:00,2025-01-02T21:31:31.133Z,7.2,3.1,,,,,,,1,2023-10-10T00:00:00.000Z,174ncwy,k4bee4u
CVE-2022-37967,PUBLISHED,microsoft,2022-11-09T00:00:00,2025-01-02T21:31:31.133Z,7.2,3.1,,,,,,,2,2022-11-21T00:00:00.000Z,z19o6l,
CVE-2022-37967,PUBLISHED,microsoft,2022-11-09T00:00:00,2025-01-02T21:31:31.133Z,7.2,3.1,,,,,,,2,2023-04-24T00:00:00.000Z,12xsc8g,
CVE-2022-37967,PUBLISHED,microsoft,2022-11-09T00:00:00,2025-01-02T21:31:31.133Z,7.2,3.1,,,,,,,1,2023-05-15T00:00:00.000Z,13idy3m,
CVE-2022-37969,PUBLISHED,microsoft,2022-09-13T18:42:12.000Z,2025-03-11T16:10:46.928Z,7.8,3.1,"CWE-20, CWE-787",,,Windows,Unknown,Microsoft,20,2022-09-15T00:00:00.000Z,xf0p2q,iojp1wt
CVE-2022-37969,PUBLISHED,microsoft,2022-09-13T18:42:12.000Z,2025-03-11T16:10:46.928Z,7.8,3.1,"CWE-20, CWE-787",,,Windows,Unknown,Microsoft,9,2022-09-15T00:00:00.000Z,xf0p2q,iokpimk
CVE-2022-37969,PUBLISHED,microsoft,2022-09-13T18:42:12.000Z,2025-03-11T16:10:46.928Z,7.8,3.1,"CWE-20, CWE-787",,,Windows,Unknown,Microsoft,6,2022-09-15T00:00:00.000Z,xcxdss,ioifpjw
CVE-2022-37972,PUBLISHED,microsoft,2022-09-20T00:00:00,2025-03-11T16:10:47.963Z,7.5,3.1,,,,,,,6,2022-09-22T00:00:00.000Z,xlaf8r,
CVE-2022-38005,PUBLISHED,microsoft,2022-09-13T18:42:14,2025-03-11T16:10:41.346Z,7.8,3.1,,,,,,,4,2022-09-14T00:00:00.000Z,xcxdss,iofhjrb
CVE-2022-3802,PUBLISHED,VulDB,2022-11-01T00:00:00.000Z,2025-04-15T13:19:43.686Z,6.3,3.1,CWE-707,,,,,,1,2023-07-15T00:00:00.000Z,150j751,
CVE-2022-38023,PUBLISHED,microsoft,2022-11-09T00:00:00,2025-01-02T21:31:19.695Z,8.1,3.1,,,,,,,3,2022-11-14T00:00:00.000Z,yuxptq,iwbia6n
CVE-2022-38023,PUBLISHED,microsoft,2022-11-09T00:00:00,2025-01-02T21:31:19.695Z,8.1,3.1,,,,,,,1,2023-01-17T00:00:00.000Z,10dwqvd,j4pd8xg
CVE-2022-38023,PUBLISHED,microsoft,2022-11-09T00:00:00,2025-01-02T21:31:19.695Z,8.1,3.1,,,,,,,4,2023-04-11T00:00:00.000Z,12cptda,jfu323w
CVE-2022-38023,PUBLISHED,microsoft,2022-11-09T00:00:00,2025-01-02T21:31:19.695Z,8.1,3.1,,,,,,,1,2023-04-11T00:00:00.000Z,11xhabi,jfu7svx
CVE-2022-38023,PUBLISHED,microsoft,2022-11-09T00:00:00,2025-01-02T21:31:19.695Z,8.1,3.1,,,,,,,110,2023-04-11T00:00:00.000Z,12imjjn,jfufp6y
CVE-2022-38023,PUBLISHED,microsoft,2022-11-09T00:00:00,2025-01-02T21:31:19.695Z,8.1,3.1,,,,,,,6,2023-04-13T00:00:00.000Z,12imjjn,jg3ax2n
CVE-2022-38023,PUBLISHED,microsoft,2022-11-09T00:00:00,2025-01-02T21:31:19.695Z,8.1,3.1,,,,,,,5,2023-04-19T00:00:00.000Z,12imjjn,jgvuudk
CVE-2022-38023,PUBLISHED,microsoft,2022-11-09T00:00:00,2025-01-02T21:31:19.695Z,8.1,3.1,,,,,,,1,2023-05-08T00:00:00.000Z,139vo53,jjaligl
CVE-2022-38023,PUBLISHED,microsoft,2022-11-09T00:00:00,2025-01-02T21:31:19.695Z,8.1,3.1,,,,,,,1,2023-06-07T00:00:00.000Z,143k1bp,jnaiwlh
CVE-2022-38023,PUBLISHED,microsoft,2022-11-09T00:00:00,2025-01-02T21:31:19.695Z,8.1,3.1,,,,,,,47,2023-06-13T00:00:00.000Z,148geic,jo179kb
CVE-2022-38023,PUBLISHED,microsoft,2022-11-09T00:00:00,2025-01-02T21:31:19.695Z,8.1,3.1,,,,,,,1,2023-06-14T00:00:00.000Z,148geic,jo3oqi1
CVE-2022-38023,PUBLISHED,microsoft,2022-11-09T00:00:00,2025-01-02T21:31:19.695Z,8.1,3.1,,,,,,,1,2023-06-14T00:00:00.000Z,148geic,jo3pk8o
CVE-2022-38023,PUBLISHED,microsoft,2022-11-09T00:00:00,2025-01-02T21:31:19.695Z,8.1,3.1,,,,,,,1,2023-06-14T00:00:00.000Z,148geic,jo4j1x2
CVE-2022-38023,PUBLISHED,microsoft,2022-11-09T00:00:00,2025-01-02T21:31:19.695Z,8.1,3.1,,,,,,,1,2023-06-14T00:00:00.000Z,148geic,jo506dc
CVE-2022-38023,PUBLISHED,microsoft,2022-11-09T00:00:00,2025-01-02T21:31:19.695Z,8.1,3.1,,,,,,,1,2023-06-14T00:00:00.000Z,12ksjc3,jo5xpp5
CVE-2022-38023,PUBLISHED,microsoft,2022-11-09T00:00:00,2025-01-02T21:31:19.695Z,8.1,3.1,,,,,,,2,2023-06-15T00:00:00.000Z,148geic,jo66zly
CVE-2022-38023,PUBLISHED,microsoft,2022-11-09T00:00:00,2025-01-02T21:31:19.695Z,8.1,3.1,,,,,,,1,2023-07-05T00:00:00.000Z,14r558y,jqr4htt
CVE-2022-38023,PUBLISHED,microsoft,2022-11-09T00:00:00,2025-01-02T21:31:19.695Z,8.1,3.1,,,,,,,1,2023-07-11T00:00:00.000Z,14wtpne,jrjmarm
CVE-2022-38023,PUBLISHED,microsoft,2022-11-09T00:00:00,2025-01-02T21:31:19.695Z,8.1,3.1,,,,,,,1,2023-07-12T00:00:00.000Z,14xmkw6,jro1dov
CVE-2022-38023,PUBLISHED,microsoft,2022-11-09T00:00:00,2025-01-02T21:31:19.695Z,8.1,3.1,,,,,,,1,2023-07-12T00:00:00.000Z,14wtpne,jrq4bwn
CVE-2022-38023,PUBLISHED,microsoft,2022-11-09T00:00:00,2025-01-02T21:31:19.695Z,8.1,3.1,,,,,,,1,2023-07-31T00:00:00.000Z,15eatc0,ju7n0ai
CVE-2022-38023,PUBLISHED,microsoft,2022-11-09T00:00:00,2025-01-02T21:31:19.695Z,8.1,3.1,,,,,,,1,2024-12-09T00:00:00.000Z,1h79o1t,m17a58n
CVE-2022-38023,PUBLISHED,microsoft,2022-11-09T00:00:00,2025-01-02T21:31:19.695Z,8.1,3.1,,,,,,,9,2023-01-16T00:00:00.000Z,10dwqvd,
CVE-2022-38023,PUBLISHED,microsoft,2022-11-09T00:00:00,2025-01-02T21:31:19.695Z,8.1,3.1,,,,,,,1,2023-02-08T00:00:00.000Z,10x1byj,
CVE-2022-38023,PUBLISHED,microsoft,2022-11-09T00:00:00,2025-01-02T21:31:19.695Z,8.1,3.1,,,,,,,0,2023-03-28T00:00:00.000Z,124xum4,
CVE-2022-38023,PUBLISHED,microsoft,2022-11-09T00:00:00,2025-01-02T21:31:19.695Z,8.1,3.1,,,,,,,12,2023-04-10T00:00:00.000Z,12hg67k,
CVE-2022-38028,PUBLISHED,microsoft,2022-10-11T00:00:00,2025-01-02T21:27:28.345Z,7.8,3.1,,,,Windows,Unknown,Microsoft,8,2024-04-30T00:00:00.000Z,1ch6okf,l20i2u3
CVE-2022-38028,PUBLISHED,microsoft,2022-10-11T00:00:00,2025-01-02T21:27:28.345Z,7.8,3.1,,,,Windows,Unknown,Microsoft,2,2024-08-15T00:00:00.000Z,1esu755,li8ebew
CVE-2022-38028,PUBLISHED,microsoft,2022-10-11T00:00:00,2025-01-02T21:27:28.345Z,7.8,3.1,,,,Windows,Unknown,Microsoft,9,2022-10-11T00:00:00.000Z,y0z1xa,irwwevs
CVE-2022-38028,PUBLISHED,microsoft,2022-10-11T00:00:00,2025-01-02T21:27:28.345Z,7.8,3.1,,,,Windows,Unknown,Microsoft,2,2024-04-30T00:00:00.000Z,1cgumye,l1y6se1
CVE-2022-38028,PUBLISHED,microsoft,2022-10-11T00:00:00,2025-01-02T21:27:28.345Z,7.8,3.1,,,,Windows,Unknown,Microsoft,1,2024-04-30T00:00:00.000Z,1cgumye,
CVE-2022-38042,PUBLISHED,microsoft,2022-10-11T00:00:00,2025-01-02T21:27:39.576Z,7.1,3.1,,,,,,,3,2022-10-13T00:00:00.000Z,y0z1xa,is634ek
CVE-2022-38042,PUBLISHED,microsoft,2022-10-11T00:00:00,2025-01-02T21:27:39.576Z,7.1,3.1,,,,,,,1,2022-10-14T00:00:00.000Z,y0z1xa,is8rmah
CVE-2022-38042,PUBLISHED,microsoft,2022-10-11T00:00:00,2025-01-02T21:27:39.576Z,7.1,3.1,,,,,,,2,2022-10-29T00:00:00.000Z,yg1726,iu7lh1n
CVE-2022-38048,PUBLISHED,microsoft,2022-10-11T00:00:00,2025-01-02T21:27:10.564Z,7.8,3.1,,,,,,Microsoft,1,2023-02-03T00:00:00.000Z,10pzzi2,j72cutk
CVE-2022-38083,PUBLISHED,intel,2023-08-11T02:37:01.438Z,2025-02-13T16:32:57.362Z,6.1,3.1,; CWE-665,,,,,,1,2023-10-25T00:00:00.000Z,17fc0vz,k6brpkt
CVE-2022-38181,PUBLISHED,mitre,2022-10-25T00:00:00.000Z,2025-02-03T14:32:30.197Z,,,CWE-416,,,Mali Graphics Processing Unit (GPU),Unknown,Arm,26,2023-01-23T00:00:00.000Z,10jnjkq,j5ljdm7
CVE-2022-38392,PUBLISHED,mitre,2022-08-17T00:00:00,2024-08-03T10:54:03.576Z,5.3,3.1,,,,,,,9,2024-08-13T00:00:00.000Z,1eqc84o,lhvmvtc
CVE-2022-38392,PUBLISHED,mitre,2022-08-17T00:00:00,2024-08-03T10:54:03.576Z,5.3,3.1,,,,,,,1,2024-08-28T00:00:00.000Z,1f23s2o,lkcxb09
CVE-2022-38392,PUBLISHED,mitre,2022-08-17T00:00:00,2024-08-03T10:54:03.576Z,5.3,3.1,,,,,,,3,2022-08-19T00:00:00.000Z,wrler0,ikvgdps
CVE-2022-38392,PUBLISHED,mitre,2022-08-17T00:00:00,2024-08-03T10:54:03.576Z,5.3,3.1,,,,,,,3,2022-08-19T00:00:00.000Z,wsghpu,ikyguvh
CVE-2022-38392,PUBLISHED,mitre,2022-08-17T00:00:00,2024-08-03T10:54:03.576Z,5.3,3.1,,,,,,,1,2023-07-21T00:00:00.000Z,155lec2,jsvxtrf
CVE-2022-38392,PUBLISHED,mitre,2022-08-17T00:00:00,2024-08-03T10:54:03.576Z,5.3,3.1,,,,,,,3,2024-05-14T00:00:00.000Z,1crw7a9,l42c62a
CVE-2022-38392,PUBLISHED,mitre,2022-08-17T00:00:00,2024-08-03T10:54:03.576Z,5.3,3.1,,,,,,,126,2022-08-22T00:00:00.000Z,wujsae,
CVE-2022-3859,PUBLISHED,trellix,2022-11-30T08:29:29.242Z,2025-04-23T19:28:30.917Z,6.7,3.1,,,,,,,1,2022-11-30T00:00:00.000Z,z82vih,iyccrpr
CVE-2022-3875,PUBLISHED,VulDB,2022-12-19T00:00:00.000Z,2025-04-14T15:54:56.735Z,7.3,3.1,CWE-302,,,,,,144,2023-01-04T00:00:00.000Z,103af2v,
CVE-2022-39952,PUBLISHED,fortinet,2023-02-16T18:06:55.108Z,2024-10-23T14:32:41.984Z,9.8,3.1,CWE-73,,,,,,94,2023-02-23T00:00:00.000Z,119ucw5,
CVE-2022-40259,PUBLISHED,certcc,2022-12-05T21:33:13.256Z,2025-04-23T14:54:39.659Z,8.3,3.1,CWE-798,,,,,,2,2023-02-07T00:00:00.000Z,10wcg15,j7mcr8m
CVE-2022-40259,PUBLISHED,certcc,2022-12-05T21:33:13.256Z,2025-04-23T14:54:39.659Z,8.3,3.1,CWE-798,,,,,,26,2022-12-06T00:00:00.000Z,zdywxm,
CVE-2022-40304,PUBLISHED,mitre,2022-11-23T00:00:00.000Z,2025-04-28T19:49:17.691Z,,,,,,,,,3,2022-11-10T00:00:00.000Z,yr1k9p,ivreaql
CVE-2022-40648,PUBLISHED,zdi,2022-09-15T15:26:24,2024-08-03T12:21:46.412Z,7.8,3.0,CWE-787,,,,,Ansys,1,2023-08-02T00:00:00.000Z,15dotaq,juf0b1z
CVE-2022-40674,PUBLISHED,mitre,2022-09-14T00:00:00.000Z,2025-05-30T19:18:52.952Z,,,,,,,,,2,2022-11-01T00:00:00.000Z,yj6woi,iumlib0
CVE-2022-40674,PUBLISHED,mitre,2022-09-14T00:00:00.000Z,2025-05-30T19:18:52.952Z,,,,,,,,,2,2022-11-01T00:00:00.000Z,yj6woi,iumoyei
CVE-2022-40684,PUBLISHED,fortinet,2022-10-18T00:00:00,2024-10-23T13:28:36.659Z,9.8,3.1,CWE-288,webapps,multiple,Multiple Products,Known,Fortinet,1,2022-10-17T00:00:00.000Z,y3ch1g,isob57h
CVE-2022-40684,PUBLISHED,fortinet,2022-10-18T00:00:00,2024-10-23T13:28:36.659Z,9.8,3.1,CWE-288,webapps,multiple,Multiple Products,Known,Fortinet,1,2022-11-10T00:00:00.000Z,yqz3dt,ivub49r
CVE-2022-40684,PUBLISHED,fortinet,2022-10-18T00:00:00,2024-10-23T13:28:36.659Z,9.8,3.1,CWE-288,webapps,multiple,Multiple Products,Known,Fortinet,1,2022-10-15T00:00:00.000Z,xy1zty,isf8roa
CVE-2022-40684,PUBLISHED,fortinet,2022-10-18T00:00:00,2024-10-23T13:28:36.659Z,9.8,3.1,CWE-288,webapps,multiple,Multiple Products,Known,Fortinet,24,2022-10-07T00:00:00.000Z,xy1xcy,
CVE-2022-40684,PUBLISHED,fortinet,2022-10-18T00:00:00,2024-10-23T13:28:36.659Z,9.8,3.1,CWE-288,webapps,multiple,Multiple Products,Known,Fortinet,14,2022-10-07T00:00:00.000Z,xy1zty,
CVE-2022-40684,PUBLISHED,fortinet,2022-10-18T00:00:00,2024-10-23T13:28:36.659Z,9.8,3.1,CWE-288,webapps,multiple,Multiple Products,Known,Fortinet,7,2022-10-07T00:00:00.000Z,xy48uz,
CVE-2022-40684,PUBLISHED,fortinet,2022-10-18T00:00:00,2024-10-23T13:28:36.659Z,9.8,3.1,CWE-288,webapps,multiple,Multiple Products,Known,Fortinet,26,2022-12-12T00:00:00.000Z,zk9v8z,
CVE-2022-40735,PUBLISHED,mitre,2022-11-14T00:00:00,2024-08-03T12:28:41.552Z,,,,,,,,,9,2024-05-05T00:00:00.000Z,1ckoutl,
CVE-2022-40982,PUBLISHED,intel,2023-08-11T02:37:05.423Z,2025-02-13T16:33:03.126Z,6.5,3.1,; CWE-1342,,,,,,1,2023-08-08T00:00:00.000Z,15lp4op,jvcs7f5
CVE-2022-40982,PUBLISHED,intel,2023-08-11T02:37:05.423Z,2025-02-13T16:33:03.126Z,6.5,3.1,; CWE-1342,,,,,,1,2023-08-11T00:00:00.000Z,15oa65x,
CVE-2022-40982,PUBLISHED,intel,2023-08-11T02:37:05.423Z,2025-02-13T16:33:03.126Z,6.5,3.1,; CWE-1342,,,,,,1,2023-08-15T00:00:00.000Z,15rtiql,
CVE-2022-40982,PUBLISHED,intel,2023-08-11T02:37:05.423Z,2025-02-13T16:33:03.126Z,6.5,3.1,; CWE-1342,,,,,,1,2023-08-08T00:00:00.000Z,15lp4op,
CVE-2022-40982,PUBLISHED,intel,2023-08-11T02:37:05.423Z,2025-02-13T16:33:03.126Z,6.5,3.1,; CWE-1342,,,,,,1,2024-04-17T00:00:00.000Z,1c6bm32,
CVE-2022-41033,PUBLISHED,microsoft,2022-10-11T00:00:00.000Z,2025-05-01T03:55:14.922Z,7.8,3.1,CWE-843,,,Windows COM+ Event System Service,Unknown,Microsoft,0,2022-10-22T00:00:00.000Z,y0z1xa,itbc706
CVE-2022-41033,PUBLISHED,microsoft,2022-10-11T00:00:00.000Z,2025-05-01T03:55:14.922Z,7.8,3.1,CWE-843,,,Windows COM+ Event System Service,Unknown,Microsoft,3,2022-12-01T00:00:00.000Z,z9jlel,
CVE-2022-41034,PUBLISHED,microsoft,2022-10-11T00:00:00,2025-01-02T21:27:14.862Z,7.8,3.1,,,,,,,1,2023-04-08T00:00:00.000Z,12f75w9,jffl2kk
CVE-2022-41040,PUBLISHED,microsoft,2022-10-03T00:00:00.000Z,2025-03-11T16:10:48.981Z,8.8,3.1,CWE-918,,,Exchange Server,Known,Microsoft,1,2022-10-12T00:00:00.000Z,y1hn9d,irzll5t
CVE-2022-41040,PUBLISHED,microsoft,2022-10-03T00:00:00.000Z,2025-03-11T16:10:48.981Z,8.8,3.1,CWE-918,,,Exchange Server,Known,Microsoft,1,2022-10-01T00:00:00.000Z,xrj29m,iqmtxze
CVE-2022-41040,PUBLISHED,microsoft,2022-10-03T00:00:00.000Z,2025-03-11T16:10:48.981Z,8.8,3.1,CWE-918,,,Exchange Server,Known,Microsoft,1,2023-04-12T00:00:00.000Z,12iwccr,jfy5odg
CVE-2022-41040,PUBLISHED,microsoft,2022-10-03T00:00:00.000Z,2025-03-11T16:10:48.981Z,8.8,3.1,CWE-918,,,Exchange Server,Known,Microsoft,1,2022-10-11T00:00:00.000Z,y1byg7,irwtcaz
CVE-2022-41040,PUBLISHED,microsoft,2022-10-03T00:00:00.000Z,2025-03-11T16:10:48.981Z,8.8,3.1,CWE-918,,,Exchange Server,Known,Microsoft,41,2022-10-23T00:00:00.000Z,yb2wjc,iteircg
CVE-2022-41040,PUBLISHED,microsoft,2022-10-03T00:00:00.000Z,2025-03-11T16:10:48.981Z,8.8,3.1,CWE-918,,,Exchange Server,Known,Microsoft,21,2022-11-08T00:00:00.000Z,ypbpju,ivkst05
CVE-2022-41040,PUBLISHED,microsoft,2022-10-03T00:00:00.000Z,2025-03-11T16:10:48.981Z,8.8,3.1,CWE-918,,,Exchange Server,Known,Microsoft,3,2022-12-07T00:00:00.000Z,zao4yi,izbp5qb
CVE-2022-41040,PUBLISHED,microsoft,2022-10-03T00:00:00.000Z,2025-03-11T16:10:48.981Z,8.8,3.1,CWE-918,,,Exchange Server,Known,Microsoft,10,2023-01-06T00:00:00.000Z,104xl4g,j38e8j7
CVE-2022-41040,PUBLISHED,microsoft,2022-10-03T00:00:00.000Z,2025-03-11T16:10:48.981Z,8.8,3.1,CWE-918,,,Exchange Server,Known,Microsoft,185,2022-09-29T00:00:00.000Z,xrkfdf,
CVE-2022-41040,PUBLISHED,microsoft,2022-10-03T00:00:00.000Z,2025-03-11T16:10:48.981Z,8.8,3.1,CWE-918,,,Exchange Server,Known,Microsoft,1,2022-10-10T00:00:00.000Z,y08tmf,
CVE-2022-41047,PUBLISHED,microsoft,2022-11-09T00:00:00,2025-01-02T21:31:35.212Z,8.8,3.1,,,,,,,50,2022-11-08T00:00:00.000Z,ypbpju,ivkzb68
CVE-2022-41073,PUBLISHED,microsoft,2022-11-09T00:00:00.000Z,2025-02-04T14:13:18.450Z,7.8,3.1,CWE-787,,,Windows,Known,Microsoft,7,2022-11-09T00:00:00.000Z,ypbpju,ivpbj42
CVE-2022-41073,PUBLISHED,microsoft,2022-11-09T00:00:00.000Z,2025-02-04T14:13:18.450Z,7.8,3.1,CWE-787,,,Windows,Known,Microsoft,0,2022-11-10T00:00:00.000Z,ypbpju,ivtltow
CVE-2022-41073,PUBLISHED,microsoft,2022-11-09T00:00:00.000Z,2025-02-04T14:13:18.450Z,7.8,3.1,CWE-787,,,Windows,Known,Microsoft,2,2022-11-16T00:00:00.000Z,ypbpju,iwju86j
CVE-2022-41076,PUBLISHED,microsoft,2022-12-13T00:00:00,2025-01-02T21:36:54.618Z,8.5,3.1,,,,,,,4,2022-12-23T00:00:00.000Z,zt04qb,j1bwnal
CVE-2022-41076,PUBLISHED,microsoft,2022-12-13T00:00:00,2025-01-02T21:36:54.618Z,8.5,3.1,,,,,,,62,2022-12-13T00:00:00.000Z,zkmwww,j02fcam
CVE-2022-41080,PUBLISHED,microsoft,2022-11-09T00:00:00.000Z,2025-02-04T14:11:16.864Z,8.8,3.1,,,,Exchange Server,Known,Microsoft,6,2023-01-06T00:00:00.000Z,1050sly,j38vbin
CVE-2022-41080,PUBLISHED,microsoft,2022-11-09T00:00:00.000Z,2025-02-04T14:11:16.864Z,8.8,3.1,,,,Exchange Server,Known,Microsoft,5,2023-01-07T00:00:00.000Z,1050sly,j3agkb9
CVE-2022-41080,PUBLISHED,microsoft,2022-11-09T00:00:00.000Z,2025-02-04T14:11:16.864Z,8.8,3.1,,,,Exchange Server,Known,Microsoft,3,2024-07-03T00:00:00.000Z,1du55p7,lbg0gx9
CVE-2022-41080,PUBLISHED,microsoft,2022-11-09T00:00:00.000Z,2025-02-04T14:11:16.864Z,8.8,3.1,,,,Exchange Server,Known,Microsoft,144,2022-12-22T00:00:00.000Z,zt04qb,
CVE-2022-41080,PUBLISHED,microsoft,2022-11-09T00:00:00.000Z,2025-02-04T14:11:16.864Z,8.8,3.1,,,,Exchange Server,Known,Microsoft,29,2022-12-21T00:00:00.000Z,zrz9qo,
CVE-2022-41091,PUBLISHED,microsoft,2022-11-09T00:00:00,2025-01-02T21:31:36.574Z,5.4,3.1,CWE-863,,,Windows,Known,Microsoft,1,2024-07-02T00:00:00.000Z,1dtrnjd,
CVE-2022-41099,PUBLISHED,microsoft,2022-11-09T00:00:00,2025-01-02T21:31:45.520Z,4.6,3.1,,,,,,,65,2023-01-10T00:00:00.000Z,108gvht,j3s5b2y
CVE-2022-41099,PUBLISHED,microsoft,2022-11-09T00:00:00,2025-01-02T21:31:45.520Z,4.6,3.1,,,,,,,45,2023-01-12T00:00:00.000Z,10a1enh,j433dmz
CVE-2022-41099,PUBLISHED,microsoft,2022-11-09T00:00:00,2025-01-02T21:31:45.520Z,4.6,3.1,,,,,,,1,2023-01-13T00:00:00.000Z,10a1enh,j489twt
CVE-2022-41099,PUBLISHED,microsoft,2022-11-09T00:00:00,2025-01-02T21:31:45.520Z,4.6,3.1,,,,,,,1,2023-01-18T00:00:00.000Z,10a1enh,j4usyco
CVE-2022-41099,PUBLISHED,microsoft,2022-11-09T00:00:00,2025-01-02T21:31:45.520Z,4.6,3.1,,,,,,,7,2023-01-24T00:00:00.000Z,108gvht,j5mh6ri
CVE-2022-41099,PUBLISHED,microsoft,2022-11-09T00:00:00,2025-01-02T21:31:45.520Z,4.6,3.1,,,,,,,3,2023-01-25T00:00:00.000Z,10kx6xs,j5tpvuj
CVE-2022-41099,PUBLISHED,microsoft,2022-11-09T00:00:00,2025-01-02T21:31:45.520Z,4.6,3.1,,,,,,,1,2023-02-02T00:00:00.000Z,10cmmcr,j6xtng7
CVE-2022-41099,PUBLISHED,microsoft,2022-11-09T00:00:00,2025-01-02T21:31:45.520Z,4.6,3.1,,,,,,,2,2023-02-15T00:00:00.000Z,112o1te,j8lcdl7
CVE-2022-41099,PUBLISHED,microsoft,2022-11-09T00:00:00,2025-01-02T21:31:45.520Z,4.6,3.1,,,,,,,2,2023-02-18T00:00:00.000Z,115bcde,j92g6lm
CVE-2022-41099,PUBLISHED,microsoft,2022-11-09T00:00:00,2025-01-02T21:31:45.520Z,4.6,3.1,,,,,,,22,2023-05-01T00:00:00.000Z,134jtvn,jifcit8
CVE-2022-41099,PUBLISHED,microsoft,2022-11-09T00:00:00,2025-01-02T21:31:45.520Z,4.6,3.1,,,,,,,103,2023-05-01T00:00:00.000Z,134jtvn,jifee8i
CVE-2022-41099,PUBLISHED,microsoft,2022-11-09T00:00:00,2025-01-02T21:31:45.520Z,4.6,3.1,,,,,,,6,2023-05-01T00:00:00.000Z,134jtvn,jifejup
CVE-2022-41099,PUBLISHED,microsoft,2022-11-09T00:00:00,2025-01-02T21:31:45.520Z,4.6,3.1,,,,,,,1,2023-05-19T00:00:00.000Z,13l2b2s,jkrwg5h
CVE-2022-41099,PUBLISHED,microsoft,2022-11-09T00:00:00,2025-01-02T21:31:45.520Z,4.6,3.1,,,,,,,1,2023-05-21T00:00:00.000Z,13nxb2i,jl1iape
CVE-2022-41099,PUBLISHED,microsoft,2022-11-09T00:00:00,2025-01-02T21:31:45.520Z,4.6,3.1,,,,,,,1,2023-08-22T00:00:00.000Z,11txrea,jx9zyew
CVE-2022-41099,PUBLISHED,microsoft,2022-11-09T00:00:00,2025-01-02T21:31:45.520Z,4.6,3.1,,,,,,,1,2024-05-10T00:00:00.000Z,1cofca8,l3h4ssf
CVE-2022-41099,PUBLISHED,microsoft,2022-11-09T00:00:00,2025-01-02T21:31:45.520Z,4.6,3.1,,,,,,,1,2024-05-11T00:00:00.000Z,1cofca8,l3jiia1
CVE-2022-41099,PUBLISHED,microsoft,2022-11-09T00:00:00,2025-01-02T21:31:45.520Z,4.6,3.1,,,,,,,1,2024-09-20T00:00:00.000Z,1fl9lc5,lo2hkwo
CVE-2022-41099,PUBLISHED,microsoft,2022-11-09T00:00:00,2025-01-02T21:31:45.520Z,4.6,3.1,,,,,,,2,2024-12-05T00:00:00.000Z,1h7ckf8,m0l850n
CVE-2022-41099,PUBLISHED,microsoft,2022-11-09T00:00:00,2025-01-02T21:31:45.520Z,4.6,3.1,,,,,,,2,2024-12-10T00:00:00.000Z,1hb7u6g,m1ffcou
CVE-2022-41099,PUBLISHED,microsoft,2022-11-09T00:00:00,2025-01-02T21:31:45.520Z,4.6,3.1,,,,,,,75,2023-01-12T00:00:00.000Z,10a1enh,
CVE-2022-41099,PUBLISHED,microsoft,2022-11-09T00:00:00,2025-01-02T21:31:45.520Z,4.6,3.1,,,,,,,66,2023-01-13T00:00:00.000Z,10atdqe,
CVE-2022-41099,PUBLISHED,microsoft,2022-11-09T00:00:00,2025-01-02T21:31:45.520Z,4.6,3.1,,,,,,,73,2023-03-17T00:00:00.000Z,11txrea,
CVE-2022-41128,PUBLISHED,microsoft,2022-11-09T00:00:00.000Z,2025-01-27T22:27:32.208Z,8.8,3.1,CWE-787,,,Windows,Unknown,Microsoft,2,2022-12-08T00:00:00.000Z,zfc7sn,izcoe9u
CVE-2022-4135,PUBLISHED,Chrome,2022-11-25T00:00:00.000Z,2025-02-03T14:09:33.642Z,,,CWE-787,,,Chromium GPU,Unknown,Google,5,2022-11-30T00:00:00.000Z,z8pdpr,iycm76j
CVE-2022-41352,PUBLISHED,mitre,2022-09-26T00:00:00.000Z,2025-02-03T14:34:03.877Z,,,CWE-22,,,Zimbra Collaboration Suite (ZCS),Unknown,Synacor,1,2022-10-15T00:00:00.000Z,y2y5as,isf7y36
CVE-2022-4203,PUBLISHED,openssl,2023-02-24T14:53:08.485Z,2025-03-20T20:45:49.225Z,,,,,,,,,1,2023-02-09T00:00:00.000Z,10y2y3k,
CVE-2022-42475,PUBLISHED,fortinet,2023-01-02T08:18:49.444Z,2024-10-23T13:27:24.950Z,9.3,3.1,CWE-197,,,FortiOS,Known,Fortinet,6,2023-06-11T00:00:00.000Z,146zebv,jnt8q93
CVE-2022-42475,PUBLISHED,fortinet,2023-01-02T08:18:49.444Z,2024-10-23T13:27:24.950Z,9.3,3.1,CWE-197,,,FortiOS,Known,Fortinet,7,2024-02-06T00:00:00.000Z,1akk17t,kp8o67i
CVE-2022-42889,PUBLISHED,apache,2022-10-13T00:00:00,2024-11-20T16:19:41.416Z,,,,webapps,multiple,,,,4,2022-10-19T00:00:00.000Z,y82mhz,isy13cm
CVE-2022-42889,PUBLISHED,apache,2022-10-13T00:00:00,2024-11-20T16:19:41.416Z,,,,webapps,multiple,,,,2,2022-10-19T00:00:00.000Z,y82mhz,iszh7ui
CVE-2022-42889,PUBLISHED,apache,2022-10-13T00:00:00,2024-11-20T16:19:41.416Z,,,,webapps,multiple,,,,6,2022-10-19T00:00:00.000Z,y7gf09,isxg695
CVE-2022-42889,PUBLISHED,apache,2022-10-13T00:00:00,2024-11-20T16:19:41.416Z,,,,webapps,multiple,,,,3,2022-10-19T00:00:00.000Z,y82j1r,isz6eql
CVE-2022-42889,PUBLISHED,apache,2022-10-13T00:00:00,2024-11-20T16:19:41.416Z,,,,webapps,multiple,,,,2,2022-10-20T00:00:00.000Z,y7gf09,it24zx5
CVE-2022-42889,PUBLISHED,apache,2022-10-13T00:00:00,2024-11-20T16:19:41.416Z,,,,webapps,multiple,,,,2,2022-10-21T00:00:00.000Z,y9yxls,
CVE-2022-42889,PUBLISHED,apache,2022-10-13T00:00:00,2024-11-20T16:19:41.416Z,,,,webapps,multiple,,,,1,2022-10-21T00:00:00.000Z,ya6l4j,
CVE-2022-42889,PUBLISHED,apache,2022-10-13T00:00:00,2024-11-20T16:19:41.416Z,,,,webapps,multiple,,,,9,2022-10-20T00:00:00.000Z,y8xksg,
CVE-2022-43552,PUBLISHED,hackerone,2023-02-09T00:00:00,2024-10-27T14:48:12.558Z,,,CWE-416,,,,,,7,2023-02-27T00:00:00.000Z,11dhuty,ja8qnr7
CVE-2022-43552,PUBLISHED,hackerone,2023-02-09T00:00:00,2024-10-27T14:48:12.558Z,,,CWE-416,,,,,,4,2023-02-28T00:00:00.000Z,11dhuty,jad4ono
CVE-2022-43552,PUBLISHED,hackerone,2023-02-09T00:00:00,2024-10-27T14:48:12.558Z,,,CWE-416,,,,,,3,2023-02-28T00:00:00.000Z,11dhuty,jadop0x
CVE-2022-43552,PUBLISHED,hackerone,2023-02-09T00:00:00,2024-10-27T14:48:12.558Z,,,CWE-416,,,,,,2,2023-02-28T00:00:00.000Z,11edgx8,jadzqq8
CVE-2022-43552,PUBLISHED,hackerone,2023-02-09T00:00:00,2024-10-27T14:48:12.558Z,,,CWE-416,,,,,,1,2023-02-28T00:00:00.000Z,11dhuty,jaeehvr
CVE-2022-43552,PUBLISHED,hackerone,2023-02-09T00:00:00,2024-10-27T14:48:12.558Z,,,CWE-416,,,,,,3,2023-03-08T00:00:00.000Z,11lchc4,jbdaf7m
CVE-2022-43552,PUBLISHED,hackerone,2023-02-09T00:00:00,2024-10-27T14:48:12.558Z,,,CWE-416,,,,,,21,2023-03-14T00:00:00.000Z,11r8gg2,jc7xrz6
CVE-2022-43552,PUBLISHED,hackerone,2023-02-09T00:00:00,2024-10-27T14:48:12.558Z,,,CWE-416,,,,,,1,2023-04-03T00:00:00.000Z,12aaxgr,jes2ltg
CVE-2022-43552,PUBLISHED,hackerone,2023-02-09T00:00:00,2024-10-27T14:48:12.558Z,,,CWE-416,,,,,,1,2023-08-16T00:00:00.000Z,15lkmhv,jwgr2gq
CVE-2022-43552,PUBLISHED,hackerone,2023-02-09T00:00:00,2024-10-27T14:48:12.558Z,,,CWE-416,,,,,,0,2023-04-03T00:00:00.000Z,12aaxgr,
CVE-2022-43931,PUBLISHED,synology,2023-01-03T03:11:03.979Z,2025-04-10T14:37:49.685Z,10.0,3.1,,,,,,,2,2023-06-13T00:00:00.000Z,148bqn8,jo04ia8
CVE-2022-44721,REJECTED,mitre,2022-12-04T04:17:43.517Z,2025-02-13T15:46:34.766Z,,,,,,,,,1,2023-03-04T00:00:00.000Z,11iakrt,jax6ih1
CVE-2022-45130,PUBLISHED,mitre,2022-11-10T00:00:00.000Z,2025-05-01T13:39:58.856Z,,,,,,,,,3,2022-11-10T00:00:00.000Z,yqcj6s,ivt19du
CVE-2022-45130,PUBLISHED,mitre,2022-11-10T00:00:00.000Z,2025-05-01T13:39:58.856Z,,,,,,,,,3,2022-11-10T00:00:00.000Z,yqcj6s,ivt7dn7
CVE-2022-45788,PUBLISHED,schneider,2023-01-30T00:00:00.000Z,2025-02-05T20:07:14.882Z,7.5,3.1,CWE-754,,,,,,2,2023-02-15T00:00:00.000Z,1132a7c,
CVE-2022-45868,PUBLISHED,mitre,2022-11-23T00:00:00,2024-11-19T20:58:46.087Z,8.4,3.1,,,,,,,3,2024-06-17T00:00:00.000Z,1dhejkg,l8xtjaw
CVE-2022-47938,PUBLISHED,mitre,2022-12-23T00:00:00.000Z,2025-04-15T03:20:08.042Z,6.5,,,,,,,Linux,3,2022-12-25T00:00:00.000Z,zv835m,j1nxm2b
CVE-2022-47966,PUBLISHED,mitre,2023-01-18T00:00:00,2024-09-13T17:58:23.660Z,,,,,,ManageEngine,Known,Zoho,1,2024-08-03T00:00:00.000Z,1ei77tr,lg8r5g4
CVE-2022-47966,PUBLISHED,mitre,2023-01-18T00:00:00,2024-09-13T17:58:23.660Z,,,,,,ManageEngine,Known,Zoho,2,2023-01-19T00:00:00.000Z,10gdum6,
CVE-2022-47966,PUBLISHED,mitre,2023-01-18T00:00:00,2024-09-13T17:58:23.660Z,,,,,,ManageEngine,Known,Zoho,1,2023-02-23T00:00:00.000Z,119zt3a,
CVE-2022-4886,PUBLISHED,kubernetes,2023-10-25T19:18:45.982Z,2025-02-13T16:34:04.600Z,8.8,3.1,CWE-20,,,,,,1,2023-10-30T00:00:00.000Z,17jwe4h,
CVE-2023-0669,PUBLISHED,rapid7,2023-02-06T19:16:19.265Z,2025-02-13T16:39:06.775Z,,,CWE-502,webapps,java,GoAnywhere MFT,Known,Fortra,3,2023-04-14T00:00:00.000Z,12lycph,jg93urq
CVE-2023-0669,PUBLISHED,rapid7,2023-02-06T19:16:19.265Z,2025-02-13T16:39:06.775Z,,,CWE-502,webapps,java,GoAnywhere MFT,Known,Fortra,2,2023-06-15T00:00:00.000Z,149eyux,jo90563
CVE-2023-0669,PUBLISHED,rapid7,2023-02-06T19:16:19.265Z,2025-02-13T16:39:06.775Z,,,CWE-502,webapps,java,GoAnywhere MFT,Known,Fortra,2,2023-04-20T00:00:00.000Z,12t9oil,
CVE-2023-0879,PUBLISHED,@huntrdev,2023-02-17T00:00:00.000Z,2025-03-18T15:59:02.927Z,6.3,3.1,CWE-79,,,,,,39,2013-09-09T00:00:00.000Z,1lyxxr,cc4gf9t
CVE-2023-1017,PUBLISHED,certcc,2023-02-28T18:02:27.064Z,2024-08-02T05:32:46.125Z,,,,,,,,,1,2023-08-21T00:00:00.000Z,15xamu3,jx6n3ma
CVE-2023-1389,PUBLISHED,tenable,2023-03-15T00:00:00.000Z,2025-01-28T16:20:12.288Z,8.8,,CWE-77,remote,hardware,Archer AX21,Unknown,TP-Link,1,2023-04-27T00:00:00.000Z,12ypls2,jhwi5aq
CVE-2023-1389,PUBLISHED,tenable,2023-03-15T00:00:00.000Z,2025-01-28T16:20:12.288Z,8.8,,CWE-77,remote,hardware,Archer AX21,Unknown,TP-Link,6,2024-12-24T00:00:00.000Z,1hlljkr,m3nef1y
CVE-2023-1389,PUBLISHED,tenable,2023-03-15T00:00:00.000Z,2025-01-28T16:20:12.288Z,8.8,,CWE-77,remote,hardware,Archer AX21,Unknown,TP-Link,4,2024-06-09T00:00:00.000Z,1dbg7q0,l7r4253
CVE-2023-1389,PUBLISHED,tenable,2023-03-15T00:00:00.000Z,2025-01-28T16:20:12.288Z,8.8,,CWE-77,remote,hardware,Archer AX21,Unknown,TP-Link,20,2023-05-03T00:00:00.000Z,136z1on,
CVE-2023-1671,PUBLISHED,Sophos,2023-04-04T00:00:00.000Z,2025-01-28T21:14:16.203Z,9.8,3.1,CWE-77,webapps,php,Web Appliance,Unknown,Sophos,5,2024-01-03T00:00:00.000Z,18wwejv,kg2bhnq
CVE-2023-1671,PUBLISHED,Sophos,2023-04-04T00:00:00.000Z,2025-01-28T21:14:16.203Z,9.8,3.1,CWE-77,webapps,php,Web Appliance,Unknown,Sophos,2,2024-01-03T00:00:00.000Z,18wwejv,kg3q9h9
CVE-2023-1769,PUBLISHED,VulDB,2023-03-31T11:00:04.796Z,2024-08-02T05:57:25.249Z,4.3,3.1,CWE-200,,,,,,1,2024-02-20T00:00:00.000Z,1aur20u,krcrb9m
CVE-2023-1968,PUBLISHED,icscert,2023-04-28T18:09:17.372Z,2025-01-16T21:35:22.697Z,10.0,3.1,CWE-1327,,,,,,8,2023-05-03T00:00:00.000Z,136ywzo,
CVE-2023-20025,PUBLISHED,cisco,2023-01-19T01:33:39.023Z,2025-03-12T16:18:58.629Z,9.0,3.1,CWE-293,,,,,,6,2023-04-19T00:00:00.000Z,12rn4iv,jgw39je
CVE-2023-20025,PUBLISHED,cisco,2023-01-19T01:33:39.023Z,2025-03-12T16:18:58.629Z,9.0,3.1,CWE-293,,,,,,1,2023-04-22T00:00:00.000Z,12rn4iv,jhavepw
CVE-2023-20032,PUBLISHED,cisco,2023-02-16T15:24:05.173Z,2024-08-02T08:57:35.875Z,9.8,3.1,CWE-120,,,,,,6,2023-02-18T00:00:00.000Z,114exjh,j8zb0s5
CVE-2023-20090,PUBLISHED,cisco,2024-11-15T15:19:09.891Z,2024-11-15T17:15:43.778Z,6.7,3.1,CWE-27,,,,,,1,2024-09-19T00:00:00.000Z,1cddh72,lnz12tt
CVE-2023-20162,PUBLISHED,cisco,2023-05-18T00:00:00,2024-10-28T16:01:26.983Z,8.6,3.1,CWE-120,,,,,,1,2023-07-18T00:00:00.000Z,1537w7z,
CVE-2023-20178,PUBLISHED,cisco,2023-06-28T00:00:00,2024-08-02T09:05:34.960Z,7.8,3.1,CWE-276,,,,,,12,2024-05-29T00:00:00.000Z,1d3jj1p,
CVE-2023-20185,PUBLISHED,cisco,2023-07-12T13:50:35.866Z,2024-08-02T09:05:36.245Z,7.4,3.1,CWE-330,,,,,,2,2024-01-15T00:00:00.000Z,196lbbs,ki0n18x
CVE-2023-20185,PUBLISHED,cisco,2023-07-12T13:50:35.866Z,2024-08-02T09:05:36.245Z,7.4,3.1,CWE-330,,,,,,40,2023-07-10T00:00:00.000Z,14vx77d,
CVE-2023-20198,PUBLISHED,cisco,2023-10-16T15:12:58.735Z,2024-10-23T18:58:22.360Z,10.0,3.1,CWE-420,,,IOS XE Web UI,Unknown,Cisco,9,2023-11-03T00:00:00.000Z,17mw5u0,k7o5nlp
CVE-2023-20198,PUBLISHED,cisco,2023-10-16T15:12:58.735Z,2024-10-23T18:58:22.360Z,10.0,3.1,CWE-420,,,IOS XE Web UI,Unknown,Cisco,2,2023-11-04T00:00:00.000Z,17mw5u0,k7qzb6x
CVE-2023-20198,PUBLISHED,cisco,2023-10-16T15:12:58.735Z,2024-10-23T18:58:22.360Z,10.0,3.1,CWE-420,,,IOS XE Web UI,Unknown,Cisco,1,2024-05-10T00:00:00.000Z,1coxppf,l3hsvi4
CVE-2023-20198,PUBLISHED,cisco,2023-10-16T15:12:58.735Z,2024-10-23T18:58:22.360Z,10.0,3.1,CWE-420,,,IOS XE Web UI,Unknown,Cisco,5,2024-11-03T00:00:00.000Z,1gim2io,lv7tj3i
CVE-2023-20198,PUBLISHED,cisco,2023-10-16T15:12:58.735Z,2024-10-23T18:58:22.360Z,10.0,3.1,CWE-420,,,IOS XE Web UI,Unknown,Cisco,1,2023-10-27T00:00:00.000Z,17hrdfz,
CVE-2023-20269,PUBLISHED,cisco,2023-09-06T17:09:29.663Z,2024-10-23T19:00:14.394Z,5.0,3.1,CWE-288,,,Adaptive Security Appliance and Firepower Threat Defense,Known,Cisco,1,2024-07-12T00:00:00.000Z,1e0mlvy,lctnhic
CVE-2023-20269,PUBLISHED,cisco,2023-09-06T17:09:29.663Z,2024-10-23T19:00:14.394Z,5.0,3.1,CWE-288,,,Adaptive Security Appliance and Firepower Threat Defense,Known,Cisco,1,2023-09-18T00:00:00.000Z,16m3acu,
CVE-2023-2033,PUBLISHED,Chrome,2023-04-14T18:10:15.157Z,2025-02-13T16:39:46.695Z,,,CWE-843,,,Chromium V8,Unknown,Google,176,2023-04-17T00:00:00.000Z,12pgu47,jgm8ybx
CVE-2023-2033,PUBLISHED,Chrome,2023-04-14T18:10:15.157Z,2025-02-13T16:39:46.695Z,,,CWE-843,,,Chromium V8,Unknown,Google,6,2023-04-17T00:00:00.000Z,12pgu47,jgnvul8
CVE-2023-2033,PUBLISHED,Chrome,2023-04-14T18:10:15.157Z,2025-02-13T16:39:46.695Z,,,CWE-843,,,Chromium V8,Unknown,Google,0,2023-04-18T00:00:00.000Z,12r5xia,
CVE-2023-20583,PUBLISHED,AMD,2023-08-01T18:00:43.783Z,2024-10-17T20:12:58.969Z,,,,,,,,,1,2023-08-04T00:00:00.000Z,15i092s,
CVE-2023-20593,PUBLISHED,AMD,2023-07-24T19:38:43.385Z,2025-02-13T16:39:49.154Z,,,,,,,,,31,2023-07-25T00:00:00.000Z,1590s1i,
CVE-2023-2136,PUBLISHED,Chrome,2023-04-19T03:40:26.644Z,2025-02-13T16:40:13.150Z,,,CWE-190,,,Chromium Skia,Unknown,Google,5,2023-04-19T00:00:00.000Z,12ru2dd,
CVE-2023-2136,PUBLISHED,Chrome,2023-04-19T03:40:26.644Z,2025-02-13T16:40:13.150Z,,,CWE-190,,,Chromium Skia,Unknown,Google,1,2023-04-24T00:00:00.000Z,12xp9un,
CVE-2023-21492,PUBLISHED,Samsung Mobile,2023-05-04T00:00:00.000Z,2025-01-28T16:27:51.992Z,4.4,3.1,CWE-532,,,Mobile Devices,Unknown,Samsung,6,2023-05-26T00:00:00.000Z,13sdjl7,
CVE-2023-21502,PUBLISHED,Samsung Mobile,2023-05-04T00:00:00.000Z,2025-02-12T16:40:32.436Z,5.7,3.1,CWE-20,,,,,,1,2024-06-23T00:00:00.000Z,1dmh7ep,l9ytie7
CVE-2023-21554,PUBLISHED,microsoft,2023-04-11T19:13:25.080Z,2025-01-23T01:04:52.024Z,9.8,3.1,,,,,,,0,2023-04-12T00:00:00.000Z,12ix96p,jfxrblf
CVE-2023-21554,PUBLISHED,microsoft,2023-04-11T19:13:25.080Z,2025-01-23T01:04:52.024Z,9.8,3.1,,,,,,,19,2023-04-11T00:00:00.000Z,12imjjn,jfudz12
CVE-2023-21554,PUBLISHED,microsoft,2023-04-11T19:13:25.080Z,2025-01-23T01:04:52.024Z,9.8,3.1,,,,,,,1,2023-04-12T00:00:00.000Z,12imjjn,jfykgl4
CVE-2023-21554,PUBLISHED,microsoft,2023-04-11T19:13:25.080Z,2025-01-23T01:04:52.024Z,9.8,3.1,,,,,,,2,2023-04-13T00:00:00.000Z,12jouk4,jg1a585
CVE-2023-21554,PUBLISHED,microsoft,2023-04-11T19:13:25.080Z,2025-01-23T01:04:52.024Z,9.8,3.1,,,,,,,9,2023-05-27T00:00:00.000Z,13ssprw,
CVE-2023-21554,PUBLISHED,microsoft,2023-04-11T19:13:25.080Z,2025-01-23T01:04:52.024Z,9.8,3.1,,,,,,,46,2023-04-12T00:00:00.000Z,12jqjj2,
CVE-2023-21563,PUBLISHED,microsoft,2023-01-10T00:00:00,2025-01-01T00:35:43.599Z,6.8,3.1,,,,,,,5,2023-01-23T00:00:00.000Z,10j70ng,j5jejwu
CVE-2023-21563,PUBLISHED,microsoft,2023-01-10T00:00:00,2025-01-01T00:35:43.599Z,6.8,3.1,,,,,,,1,2023-06-01T00:00:00.000Z,13xgwjm,jmisftg
CVE-2023-21563,PUBLISHED,microsoft,2023-01-10T00:00:00,2025-01-01T00:35:43.599Z,6.8,3.1,,,,,,,21,2024-05-02T00:00:00.000Z,1cih2xl,l2934rr
CVE-2023-21563,PUBLISHED,microsoft,2023-01-10T00:00:00,2025-01-01T00:35:43.599Z,6.8,3.1,,,,,,,3,2024-05-02T00:00:00.000Z,1cih2xl,l29i3jd
CVE-2023-21606,PUBLISHED,adobe,2023-01-18T00:00:00.000Z,2025-03-05T19:33:21.085Z,7.8,3.1,CWE-787,,,,,Adobe,1,2023-01-25T00:00:00.000Z,10l37cm,
CVE-2023-21606,PUBLISHED,adobe,2023-01-18T00:00:00.000Z,2025-03-05T19:33:21.085Z,7.8,3.1,CWE-787,,,,,Adobe,5,2023-01-25T00:00:00.000Z,10l36b3,
CVE-2023-21608,PUBLISHED,adobe,2023-01-18T00:00:00.000Z,2025-02-04T16:13:51.013Z,7.8,3.1,CWE-416,,,Acrobat and Reader,Unknown,Adobe,1,2024-05-20T00:00:00.000Z,1cwg9af,
CVE-2023-21674,PUBLISHED,microsoft,2023-01-10T00:00:00,2025-01-01T00:35:44.124Z,8.8,3.1,CWE-416,,,Windows,Unknown,Microsoft,82,2023-01-10T00:00:00.000Z,108gvht,j3s4yl3
CVE-2023-21689,PUBLISHED,microsoft,2023-02-14T19:33:29.240Z,2025-01-01T00:41:09.714Z,9.8,3.1,,,,,,,30,2023-02-14T00:00:00.000Z,1128v87,j8jojeq
CVE-2023-21692,PUBLISHED,microsoft,2023-02-14T19:33:32.203Z,2025-01-01T00:41:11.508Z,9.8,3.1,,,,,,,16,2023-02-14T00:00:00.000Z,1128v87,j8j4gfk
CVE-2023-21692,PUBLISHED,microsoft,2023-02-14T19:33:32.203Z,2025-01-01T00:41:11.508Z,9.8,3.1,,,,,,,2,2023-02-19T00:00:00.000Z,1128v87,j96d2n2
CVE-2023-21692,PUBLISHED,microsoft,2023-02-14T19:33:32.203Z,2025-01-01T00:41:11.508Z,9.8,3.1,,,,,,,1,2023-03-16T00:00:00.000Z,11spobw,jcgn0v8
CVE-2023-21707,PUBLISHED,microsoft,2023-02-14T19:32:45.126Z,2025-02-28T21:14:18.304Z,8.8,3.1,,,,,,,40,2023-02-14T00:00:00.000Z,1128v87,j8j3u2p
CVE-2023-21709,PUBLISHED,microsoft,2023-08-08T17:08:46.247Z,2025-02-27T21:07:14.157Z,9.8,3.1,,,,,,,1,2023-08-08T00:00:00.000Z,15lkmhv,jvc11j6
CVE-2023-21716,PUBLISHED,microsoft,2023-02-14T19:33:45.678Z,2025-02-28T21:13:53.143Z,9.8,3.1,,,,,,,1,2023-02-16T00:00:00.000Z,1128v87,j8sfdkt
CVE-2023-21716,PUBLISHED,microsoft,2023-02-14T19:33:45.678Z,2025-02-28T21:13:53.143Z,9.8,3.1,,,,,,,2,2023-02-19T00:00:00.000Z,1128v87,j964cxd
CVE-2023-21716,PUBLISHED,microsoft,2023-02-14T19:33:45.678Z,2025-02-28T21:13:53.143Z,9.8,3.1,,,,,,,1,2023-07-14T00:00:00.000Z,14wtpne,jrvr4pe
CVE-2023-21716,PUBLISHED,microsoft,2023-02-14T19:33:45.678Z,2025-02-28T21:13:53.143Z,9.8,3.1,,,,,,,90,2023-03-07T00:00:00.000Z,11l10k1,
CVE-2023-21716,PUBLISHED,microsoft,2023-02-14T19:33:45.678Z,2025-02-28T21:13:53.143Z,9.8,3.1,,,,,,,15,2023-02-15T00:00:00.000Z,1132zhd,
CVE-2023-21746,PUBLISHED,microsoft,2023-01-10T00:00:00,2025-01-01T00:35:58.191Z,7.8,3.1,,,,,,,236,2023-03-25T00:00:00.000Z,121fwog,
CVE-2023-2176,PUBLISHED,redhat,2023-04-20T00:00:00.000Z,2025-05-05T16:01:21.860Z,,,CWE-125,,,,,,8,2023-02-15T00:00:00.000Z,1128v87,j8mvyl6
CVE-2023-21764,PUBLISHED,microsoft,2023-01-10T00:00:00,2025-01-01T00:36:07.163Z,7.8,3.1,,,,,,Microsoft,6,2023-01-12T00:00:00.000Z,109u969,
CVE-2023-21765,PUBLISHED,microsoft,2023-01-10T00:00:00,2025-01-01T00:36:07.701Z,7.8,3.1,,,,,,,1,2024-10-10T00:00:00.000Z,1fyzcog,lr9ipof
CVE-2023-21803,PUBLISHED,microsoft,2023-02-14T19:33:08.749Z,2025-01-01T00:40:59.243Z,9.8,3.1,,,,,,,4,2023-02-15T00:00:00.000Z,1128v87,j8lhj2r
CVE-2023-21823,PUBLISHED,microsoft,2023-02-14T20:09:36.834Z,2025-01-01T00:41:07.151Z,7.8,3.1,CWE-190,,,Windows,Unknown,Microsoft,14,2023-02-14T00:00:00.000Z,1128v87,j8jat7p
CVE-2023-21823,PUBLISHED,microsoft,2023-02-14T20:09:36.834Z,2025-01-01T00:41:07.151Z,7.8,3.1,CWE-190,,,Windows,Unknown,Microsoft,1,2023-02-14T00:00:00.000Z,1128v87,j8jczf8
CVE-2023-21823,PUBLISHED,microsoft,2023-02-14T20:09:36.834Z,2025-01-01T00:41:07.151Z,7.8,3.1,CWE-190,,,Windows,Unknown,Microsoft,4,2023-02-14T00:00:00.000Z,1128v87,j8jdqw0
CVE-2023-21931,PUBLISHED,oracle,2023-04-18T19:54:23.555Z,2025-02-13T16:40:25.614Z,7.5,3.1,,,,,,,1,2023-05-05T00:00:00.000Z,11i3e7v,jixvku1
CVE-2023-22515,PUBLISHED,atlassian,2023-10-04T14:00:00.820Z,2024-09-13T18:13:18.030Z,10.0,3.0,,,,Confluence Data Center and Server,Known,Atlassian,4,2023-11-08T00:00:00.000Z,17q2zb0,k8eaxfr
CVE-2023-22515,PUBLISHED,atlassian,2023-10-04T14:00:00.820Z,2024-09-13T18:13:18.030Z,10.0,3.0,,,,Confluence Data Center and Server,Known,Atlassian,1,2023-10-08T00:00:00.000Z,172yflo,
CVE-2023-22515,PUBLISHED,atlassian,2023-10-04T14:00:00.820Z,2024-09-13T18:13:18.030Z,10.0,3.0,,,,Confluence Data Center and Server,Known,Atlassian,1,2023-10-04T00:00:00.000Z,16zud7d,
CVE-2023-22515,PUBLISHED,atlassian,2023-10-04T14:00:00.820Z,2024-09-13T18:13:18.030Z,10.0,3.0,,,,Confluence Data Center and Server,Known,Atlassian,1,2023-10-23T00:00:00.000Z,17et8pl,
CVE-2023-22515,PUBLISHED,atlassian,2023-10-04T14:00:00.820Z,2024-09-13T18:13:18.030Z,10.0,3.0,,,,Confluence Data Center and Server,Known,Atlassian,1,2023-10-31T00:00:00.000Z,17kfqfq,
CVE-2023-22518,PUBLISHED,atlassian,2023-10-31T14:30:00.418Z,2025-02-13T16:43:53.802Z,10.0,3.0,CWE-863,,,Confluence Data Center and Server,Known,Atlassian,3,2023-11-09T00:00:00.000Z,17r9kdk,k8hyk1l
CVE-2023-22518,PUBLISHED,atlassian,2023-10-31T14:30:00.418Z,2025-02-13T16:43:53.802Z,10.0,3.0,CWE-863,,,Confluence Data Center and Server,Known,Atlassian,3,2023-11-09T00:00:00.000Z,17r9kdk,k8i2y2v
CVE-2023-22518,PUBLISHED,atlassian,2023-10-31T14:30:00.418Z,2025-02-13T16:43:53.802Z,10.0,3.0,CWE-863,,,Confluence Data Center and Server,Known,Atlassian,1,2023-11-01T00:00:00.000Z,17kfqfq,k7cp3yt
CVE-2023-22518,PUBLISHED,atlassian,2023-10-31T14:30:00.418Z,2025-02-13T16:43:53.802Z,10.0,3.0,CWE-863,,,Confluence Data Center and Server,Known,Atlassian,2,2023-11-08T00:00:00.000Z,17q2zb0,k8dmhuc
CVE-2023-22518,PUBLISHED,atlassian,2023-10-31T14:30:00.418Z,2025-02-13T16:43:53.802Z,10.0,3.0,CWE-863,,,Confluence Data Center and Server,Known,Atlassian,328,2023-11-07T00:00:00.000Z,17q2zb0,
CVE-2023-22522,PUBLISHED,atlassian,2023-12-06T05:00:02.870Z,2024-08-02T10:13:48.928Z,9.0,3.0,,,,,,,3,2024-06-07T00:00:00.000Z,1d9gxbw,l7hoi00
CVE-2023-22671,PUBLISHED,mitre,2023-01-06T00:00:00.000Z,2025-04-07T18:14:21.741Z,,,,,,,,,20,2023-02-09T00:00:00.000Z,10xxu98,j7v0i6q
CVE-2023-22809,PUBLISHED,mitre,2023-01-18T00:00:00.000Z,2025-04-04T15:45:24.835Z,,,,local,linux,,,,3,2023-02-11T00:00:00.000Z,10zgrur,j83yy01
CVE-2023-22809,PUBLISHED,mitre,2023-01-18T00:00:00.000Z,2025-04-04T15:45:24.835Z,,,,local,linux,,,,2,2023-02-11T00:00:00.000Z,10zgrur,j84izsi
CVE-2023-22809,PUBLISHED,mitre,2023-01-18T00:00:00.000Z,2025-04-04T15:45:24.835Z,,,,local,linux,,,,1,2023-12-19T00:00:00.000Z,18lzabu,ke0us1v
CVE-2023-22809,PUBLISHED,mitre,2023-01-18T00:00:00.000Z,2025-04-04T15:45:24.835Z,,,,local,linux,,,,-37,2023-01-18T00:00:00.000Z,10fhsfu,j4x83gk
CVE-2023-22809,PUBLISHED,mitre,2023-01-18T00:00:00.000Z,2025-04-04T15:45:24.835Z,,,,local,linux,,,,11,2023-01-19T00:00:00.000Z,10fhsfu,j4z2u3c
CVE-2023-22952,PUBLISHED,mitre,2023-01-11T00:00:00.000Z,2025-01-29T15:23:01.963Z,,,CWE-20,,,Multiple Products,Unknown,SugarCRM,1,2023-01-11T00:00:00.000Z,zz6gmf,j3wn3ua
CVE-2023-2337,PUBLISHED,WPScan,2023-06-05T13:39:01.309Z,2025-01-08T16:34:19.798Z,,,,,,,,,57,2023-03-14T00:00:00.000Z,11r8gg2,jc7oi0d
CVE-2023-23376,PUBLISHED,microsoft,2023-02-14T19:33:49.531Z,2025-01-01T00:41:20.943Z,7.8,3.1,CWE-122,,,Windows,Known,Microsoft,1,2023-02-20T00:00:00.000Z,1128v87,j99p9gy
CVE-2023-23376,PUBLISHED,microsoft,2023-02-14T19:33:49.531Z,2025-01-01T00:41:20.943Z,7.8,3.1,CWE-122,,,Windows,Known,Microsoft,2,2023-03-02T00:00:00.000Z,11ganwj,
CVE-2023-23379,PUBLISHED,microsoft,2023-02-14T19:32:58.600Z,2025-05-01T03:55:20.440Z,7.8,3.1,,,,,,,2,2023-02-24T00:00:00.000Z,11a6wvh,j9t4ahq
CVE-2023-23384,PUBLISHED,microsoft,2023-04-11T19:13:12.381Z,2025-01-23T01:04:30.377Z,7.3,3.1,,,,,,,8,2023-04-12T00:00:00.000Z,12imjjn,jfy7g0f
CVE-2023-2339,PUBLISHED,@huntrdev,2023-04-27T00:00:00.000Z,2025-01-30T21:27:22.267Z,6.1,3.0,CWE-79,,,,,,1,2023-03-16T00:00:00.000Z,11rssg1,jcfuddx
CVE-2023-23392,PUBLISHED,microsoft,2023-03-14T16:55:25.527Z,2025-01-01T00:47:52.986Z,9.8,3.1,,,,,,,17,2023-03-14T00:00:00.000Z,11r8gg2,jc7cfk1
CVE-2023-23397,PUBLISHED,microsoft,2023-03-14T16:55:28.168Z,2025-02-04T18:34:26.809Z,9.8,3.1,CWE-294,,,Office,Unknown,Microsoft,1,2023-03-21T00:00:00.000Z,11wfhk5,jd1do0b
CVE-2023-23397,PUBLISHED,microsoft,2023-03-14T16:55:28.168Z,2025-02-04T18:34:26.809Z,9.8,3.1,CWE-294,,,Office,Unknown,Microsoft,3,2023-03-16T00:00:00.000Z,11suykr,jcfrcqa
CVE-2023-23397,PUBLISHED,microsoft,2023-03-14T16:55:28.168Z,2025-02-04T18:34:26.809Z,9.8,3.1,CWE-294,,,Office,Unknown,Microsoft,4,2023-03-16T00:00:00.000Z,11suykr,jcfx8my
CVE-2023-23397,PUBLISHED,microsoft,2023-03-14T16:55:28.168Z,2025-02-04T18:34:26.809Z,9.8,3.1,CWE-294,,,Office,Unknown,Microsoft,2,2023-03-16T00:00:00.000Z,11suykr,jcgnxp6
CVE-2023-23397,PUBLISHED,microsoft,2023-03-14T16:55:28.168Z,2025-02-04T18:34:26.809Z,9.8,3.1,CWE-294,,,Office,Unknown,Microsoft,2,2023-03-17T00:00:00.000Z,11sw7z7,jcj87p7
CVE-2023-23397,PUBLISHED,microsoft,2023-03-14T16:55:28.168Z,2025-02-04T18:34:26.809Z,9.8,3.1,CWE-294,,,Office,Unknown,Microsoft,-1,2023-03-17T00:00:00.000Z,11suykr,jcjvl87
CVE-2023-23397,PUBLISHED,microsoft,2023-03-14T16:55:28.168Z,2025-02-04T18:34:26.809Z,9.8,3.1,CWE-294,,,Office,Unknown,Microsoft,483,2023-03-21T00:00:00.000Z,11xkhmj,jd3i1k8
CVE-2023-23397,PUBLISHED,microsoft,2023-03-14T16:55:28.168Z,2025-02-04T18:34:26.809Z,9.8,3.1,CWE-294,,,Office,Unknown,Microsoft,13,2023-03-21T00:00:00.000Z,11xkhmj,jd4fsui
CVE-2023-23397,PUBLISHED,microsoft,2023-03-14T16:55:28.168Z,2025-02-04T18:34:26.809Z,9.8,3.1,CWE-294,,,Office,Unknown,Microsoft,5,2023-03-21T00:00:00.000Z,11xkhmj,jd4zoz2
CVE-2023-23397,PUBLISHED,microsoft,2023-03-14T16:55:28.168Z,2025-02-04T18:34:26.809Z,9.8,3.1,CWE-294,,,Office,Unknown,Microsoft,2,2023-03-22T00:00:00.000Z,11xkhmj,jd72xt2
CVE-2023-23397,PUBLISHED,microsoft,2023-03-14T16:55:28.168Z,2025-02-04T18:34:26.809Z,9.8,3.1,CWE-294,,,Office,Unknown,Microsoft,28,2023-03-23T00:00:00.000Z,11z7jqa,jdbdzpk
CVE-2023-23397,PUBLISHED,microsoft,2023-03-14T16:55:28.168Z,2025-02-04T18:34:26.809Z,9.8,3.1,CWE-294,,,Office,Unknown,Microsoft,6,2023-03-23T00:00:00.000Z,11z7jqa,jdbllbp
CVE-2023-23397,PUBLISHED,microsoft,2023-03-14T16:55:28.168Z,2025-02-04T18:34:26.809Z,9.8,3.1,CWE-294,,,Office,Unknown,Microsoft,78,2023-03-23T00:00:00.000Z,11z7jqa,jdbwvwc
CVE-2023-23397,PUBLISHED,microsoft,2023-03-14T16:55:28.168Z,2025-02-04T18:34:26.809Z,9.8,3.1,CWE-294,,,Office,Unknown,Microsoft,24,2023-03-23T00:00:00.000Z,11z7jqa,jdc4279
CVE-2023-23397,PUBLISHED,microsoft,2023-03-14T16:55:28.168Z,2025-02-04T18:34:26.809Z,9.8,3.1,CWE-294,,,Office,Unknown,Microsoft,1,2023-03-24T00:00:00.000Z,11z7jqa,jdfx5jl
CVE-2023-23397,PUBLISHED,microsoft,2023-03-14T16:55:28.168Z,2025-02-04T18:34:26.809Z,9.8,3.1,CWE-294,,,Office,Unknown,Microsoft,2,2023-03-24T00:00:00.000Z,11z7jqa,jdfxrak
CVE-2023-23397,PUBLISHED,microsoft,2023-03-14T16:55:28.168Z,2025-02-04T18:34:26.809Z,9.8,3.1,CWE-294,,,Office,Unknown,Microsoft,1,2023-03-25T00:00:00.000Z,120xq7m,jdloveo
CVE-2023-23397,PUBLISHED,microsoft,2023-03-14T16:55:28.168Z,2025-02-04T18:34:26.809Z,9.8,3.1,CWE-294,,,Office,Unknown,Microsoft,4,2023-03-25T00:00:00.000Z,120xq7m,jdltso7
CVE-2023-23397,PUBLISHED,microsoft,2023-03-14T16:55:28.168Z,2025-02-04T18:34:26.809Z,9.8,3.1,CWE-294,,,Office,Unknown,Microsoft,2,2023-05-11T00:00:00.000Z,13e3b8s,jjojgkl
CVE-2023-23397,PUBLISHED,microsoft,2023-03-14T16:55:28.168Z,2025-02-04T18:34:26.809Z,9.8,3.1,CWE-294,,,Office,Unknown,Microsoft,7,2024-02-01T00:00:00.000Z,1agcug5,kohb7sg
CVE-2023-23397,PUBLISHED,microsoft,2023-03-14T16:55:28.168Z,2025-02-04T18:34:26.809Z,9.8,3.1,CWE-294,,,Office,Unknown,Microsoft,5,2024-01-09T00:00:00.000Z,191w799,kh0ej0v
CVE-2023-23397,PUBLISHED,microsoft,2023-03-14T16:55:28.168Z,2025-02-04T18:34:26.809Z,9.8,3.1,CWE-294,,,Office,Unknown,Microsoft,4,2023-03-16T00:00:00.000Z,11t5jue,jchhptt
CVE-2023-23397,PUBLISHED,microsoft,2023-03-14T16:55:28.168Z,2025-02-04T18:34:26.809Z,9.8,3.1,CWE-294,,,Office,Unknown,Microsoft,5,2023-03-17T00:00:00.000Z,11tt3bc,jcl2igg
CVE-2023-23397,PUBLISHED,microsoft,2023-03-14T16:55:28.168Z,2025-02-04T18:34:26.809Z,9.8,3.1,CWE-294,,,Office,Unknown,Microsoft,7,2023-03-17T00:00:00.000Z,11tt3bc,jcl6231
CVE-2023-23397,PUBLISHED,microsoft,2023-03-14T16:55:28.168Z,2025-02-04T18:34:26.809Z,9.8,3.1,CWE-294,,,Office,Unknown,Microsoft,3,2023-03-17T00:00:00.000Z,11tt3bc,jcl6eku
CVE-2023-23397,PUBLISHED,microsoft,2023-03-14T16:55:28.168Z,2025-02-04T18:34:26.809Z,9.8,3.1,CWE-294,,,Office,Unknown,Microsoft,7,2023-03-17T00:00:00.000Z,11tt3bc,jcl6rgz
CVE-2023-23397,PUBLISHED,microsoft,2023-03-14T16:55:28.168Z,2025-02-04T18:34:26.809Z,9.8,3.1,CWE-294,,,Office,Unknown,Microsoft,9,2023-03-17T00:00:00.000Z,11tt3bc,jcl7aj7
CVE-2023-23397,PUBLISHED,microsoft,2023-03-14T16:55:28.168Z,2025-02-04T18:34:26.809Z,9.8,3.1,CWE-294,,,Office,Unknown,Microsoft,2,2023-03-17T00:00:00.000Z,11t5jue,jcl88t0
CVE-2023-23397,PUBLISHED,microsoft,2023-03-14T16:55:28.168Z,2025-02-04T18:34:26.809Z,9.8,3.1,CWE-294,,,Office,Unknown,Microsoft,5,2024-08-05T00:00:00.000Z,1ekly89,lglsoii
CVE-2023-23397,PUBLISHED,microsoft,2023-03-14T16:55:28.168Z,2025-02-04T18:34:26.809Z,9.8,3.1,CWE-294,,,Office,Unknown,Microsoft,7,2023-03-14T00:00:00.000Z,11r8gg2,jc81rkg
CVE-2023-23397,PUBLISHED,microsoft,2023-03-14T16:55:28.168Z,2025-02-04T18:34:26.809Z,9.8,3.1,CWE-294,,,Office,Unknown,Microsoft,41,2023-03-14T00:00:00.000Z,11r8gg2,jc83l3b
CVE-2023-23397,PUBLISHED,microsoft,2023-03-14T16:55:28.168Z,2025-02-04T18:34:26.809Z,9.8,3.1,CWE-294,,,Office,Unknown,Microsoft,47,2023-03-15T00:00:00.000Z,11rssg1,jca4nfs
CVE-2023-23397,PUBLISHED,microsoft,2023-03-14T16:55:28.168Z,2025-02-04T18:34:26.809Z,9.8,3.1,CWE-294,,,Office,Unknown,Microsoft,16,2023-03-15T00:00:00.000Z,11rssg1,jcakppi
CVE-2023-23397,PUBLISHED,microsoft,2023-03-14T16:55:28.168Z,2025-02-04T18:34:26.809Z,9.8,3.1,CWE-294,,,Office,Unknown,Microsoft,14,2023-03-15T00:00:00.000Z,11rssg1,jcakroj
CVE-2023-23397,PUBLISHED,microsoft,2023-03-14T16:55:28.168Z,2025-02-04T18:34:26.809Z,9.8,3.1,CWE-294,,,Office,Unknown,Microsoft,4,2023-03-15T00:00:00.000Z,11rssg1,jcaupcw
CVE-2023-23397,PUBLISHED,microsoft,2023-03-14T16:55:28.168Z,2025-02-04T18:34:26.809Z,9.8,3.1,CWE-294,,,Office,Unknown,Microsoft,25,2023-03-15T00:00:00.000Z,11rssg1,jcawl9g
CVE-2023-23397,PUBLISHED,microsoft,2023-03-14T16:55:28.168Z,2025-02-04T18:34:26.809Z,9.8,3.1,CWE-294,,,Office,Unknown,Microsoft,1,2023-03-15T00:00:00.000Z,11rssg1,jcawq3y
CVE-2023-23397,PUBLISHED,microsoft,2023-03-14T16:55:28.168Z,2025-02-04T18:34:26.809Z,9.8,3.1,CWE-294,,,Office,Unknown,Microsoft,2,2023-03-15T00:00:00.000Z,11rssg1,jcb7lud
CVE-2023-23397,PUBLISHED,microsoft,2023-03-14T16:55:28.168Z,2025-02-04T18:34:26.809Z,9.8,3.1,CWE-294,,,Office,Unknown,Microsoft,1,2023-03-15T00:00:00.000Z,11rssg1,jcb9r95
CVE-2023-23397,PUBLISHED,microsoft,2023-03-14T16:55:28.168Z,2025-02-04T18:34:26.809Z,9.8,3.1,CWE-294,,,Office,Unknown,Microsoft,2,2023-03-15T00:00:00.000Z,11rssg1,jcbbj6l
CVE-2023-23397,PUBLISHED,microsoft,2023-03-14T16:55:28.168Z,2025-02-04T18:34:26.809Z,9.8,3.1,CWE-294,,,Office,Unknown,Microsoft,3,2023-03-15T00:00:00.000Z,11r8gg2,jcbnedp
CVE-2023-23397,PUBLISHED,microsoft,2023-03-14T16:55:28.168Z,2025-02-04T18:34:26.809Z,9.8,3.1,CWE-294,,,Office,Unknown,Microsoft,5,2023-03-15T00:00:00.000Z,11rssg1,jcbv9ig
CVE-2023-23397,PUBLISHED,microsoft,2023-03-14T16:55:28.168Z,2025-02-04T18:34:26.809Z,9.8,3.1,CWE-294,,,Office,Unknown,Microsoft,1,2023-03-15T00:00:00.000Z,11rssg1,jcc5hld
CVE-2023-23397,PUBLISHED,microsoft,2023-03-14T16:55:28.168Z,2025-02-04T18:34:26.809Z,9.8,3.1,CWE-294,,,Office,Unknown,Microsoft,23,2023-03-15T00:00:00.000Z,11r8gg2,jcc6nnp
CVE-2023-23397,PUBLISHED,microsoft,2023-03-14T16:55:28.168Z,2025-02-04T18:34:26.809Z,9.8,3.1,CWE-294,,,Office,Unknown,Microsoft,2,2023-03-15T00:00:00.000Z,11rssg1,jccdu0e
CVE-2023-23397,PUBLISHED,microsoft,2023-03-14T16:55:28.168Z,2025-02-04T18:34:26.809Z,9.8,3.1,CWE-294,,,Office,Unknown,Microsoft,8,2023-03-15T00:00:00.000Z,11rssg1,jccrp32
CVE-2023-23397,PUBLISHED,microsoft,2023-03-14T16:55:28.168Z,2025-02-04T18:34:26.809Z,9.8,3.1,CWE-294,,,Office,Unknown,Microsoft,3,2023-03-15T00:00:00.000Z,11rvitl,jcctxv7
CVE-2023-23397,PUBLISHED,microsoft,2023-03-14T16:55:28.168Z,2025-02-04T18:34:26.809Z,9.8,3.1,CWE-294,,,Office,Unknown,Microsoft,2,2023-03-16T00:00:00.000Z,11r8gg2,jcdzuj0
CVE-2023-23397,PUBLISHED,microsoft,2023-03-14T16:55:28.168Z,2025-02-04T18:34:26.809Z,9.8,3.1,CWE-294,,,Office,Unknown,Microsoft,5,2023-03-16T00:00:00.000Z,11r8gg2,jcf8kq8
CVE-2023-23397,PUBLISHED,microsoft,2023-03-14T16:55:28.168Z,2025-02-04T18:34:26.809Z,9.8,3.1,CWE-294,,,Office,Unknown,Microsoft,2,2023-03-16T00:00:00.000Z,11rycl4,jcfdjse
CVE-2023-23397,PUBLISHED,microsoft,2023-03-14T16:55:28.168Z,2025-02-04T18:34:26.809Z,9.8,3.1,CWE-294,,,Office,Unknown,Microsoft,1,2023-03-16T00:00:00.000Z,11rssg1,jcflaur
CVE-2023-23397,PUBLISHED,microsoft,2023-03-14T16:55:28.168Z,2025-02-04T18:34:26.809Z,9.8,3.1,CWE-294,,,Office,Unknown,Microsoft,2,2023-03-16T00:00:00.000Z,11sv9yw,jcfnvtn
CVE-2023-23397,PUBLISHED,microsoft,2023-03-14T16:55:28.168Z,2025-02-04T18:34:26.809Z,9.8,3.1,CWE-294,,,Office,Unknown,Microsoft,2,2023-03-16T00:00:00.000Z,11rssg1,jcfrrq4
CVE-2023-23397,PUBLISHED,microsoft,2023-03-14T16:55:28.168Z,2025-02-04T18:34:26.809Z,9.8,3.1,CWE-294,,,Office,Unknown,Microsoft,1,2023-03-16T00:00:00.000Z,11rssg1,jcfx08d
CVE-2023-23397,PUBLISHED,microsoft,2023-03-14T16:55:28.168Z,2025-02-04T18:34:26.809Z,9.8,3.1,CWE-294,,,Office,Unknown,Microsoft,1,2023-03-16T00:00:00.000Z,11rycl4,jcg3vxb
CVE-2023-23397,PUBLISHED,microsoft,2023-03-14T16:55:28.168Z,2025-02-04T18:34:26.809Z,9.8,3.1,CWE-294,,,Office,Unknown,Microsoft,2,2023-03-17T00:00:00.000Z,11rssg1,jcio6cz
CVE-2023-23397,PUBLISHED,microsoft,2023-03-14T16:55:28.168Z,2025-02-04T18:34:26.809Z,9.8,3.1,CWE-294,,,Office,Unknown,Microsoft,3,2023-03-17T00:00:00.000Z,11tgus5,jcjuopn
CVE-2023-23397,PUBLISHED,microsoft,2023-03-14T16:55:28.168Z,2025-02-04T18:34:26.809Z,9.8,3.1,CWE-294,,,Office,Unknown,Microsoft,2,2023-03-17T00:00:00.000Z,11rgz8g,jcjzpjf
CVE-2023-23397,PUBLISHED,microsoft,2023-03-14T16:55:28.168Z,2025-02-04T18:34:26.809Z,9.8,3.1,CWE-294,,,Office,Unknown,Microsoft,2,2023-03-17T00:00:00.000Z,11rgz8g,jcjzs4l
CVE-2023-23397,PUBLISHED,microsoft,2023-03-14T16:55:28.168Z,2025-02-04T18:34:26.809Z,9.8,3.1,CWE-294,,,Office,Unknown,Microsoft,1,2023-03-17T00:00:00.000Z,11tq35d,jckbl1w
CVE-2023-23397,PUBLISHED,microsoft,2023-03-14T16:55:28.168Z,2025-02-04T18:34:26.809Z,9.8,3.1,CWE-294,,,Office,Unknown,Microsoft,6,2023-03-17T00:00:00.000Z,11r8gg2,jcksv0j
CVE-2023-23397,PUBLISHED,microsoft,2023-03-14T16:55:28.168Z,2025-02-04T18:34:26.809Z,9.8,3.1,CWE-294,,,Office,Unknown,Microsoft,48,2023-03-17T00:00:00.000Z,11tuje4,jckto63
CVE-2023-23397,PUBLISHED,microsoft,2023-03-14T16:55:28.168Z,2025-02-04T18:34:26.809Z,9.8,3.1,CWE-294,,,Office,Unknown,Microsoft,2,2023-03-17T00:00:00.000Z,11tq35d,jcl6wy6
CVE-2023-23397,PUBLISHED,microsoft,2023-03-14T16:55:28.168Z,2025-02-04T18:34:26.809Z,9.8,3.1,CWE-294,,,Office,Unknown,Microsoft,1,2023-03-17T00:00:00.000Z,11tq35d,jclaivf
CVE-2023-23397,PUBLISHED,microsoft,2023-03-14T16:55:28.168Z,2025-02-04T18:34:26.809Z,9.8,3.1,CWE-294,,,Office,Unknown,Microsoft,45,2023-03-17T00:00:00.000Z,11to7qz,jcle2ll
CVE-2023-23397,PUBLISHED,microsoft,2023-03-14T16:55:28.168Z,2025-02-04T18:34:26.809Z,9.8,3.1,CWE-294,,,Office,Unknown,Microsoft,1,2023-03-18T00:00:00.000Z,11ttpp6,jcnzrzh
CVE-2023-23397,PUBLISHED,microsoft,2023-03-14T16:55:28.168Z,2025-02-04T18:34:26.809Z,9.8,3.1,CWE-294,,,Office,Unknown,Microsoft,2,2023-03-18T00:00:00.000Z,11tq35d,jco0iaw
CVE-2023-23397,PUBLISHED,microsoft,2023-03-14T16:55:28.168Z,2025-02-04T18:34:26.809Z,9.8,3.1,CWE-294,,,Office,Unknown,Microsoft,2,2023-03-18T00:00:00.000Z,11ttpp6,jcoj1og
CVE-2023-23397,PUBLISHED,microsoft,2023-03-14T16:55:28.168Z,2025-02-04T18:34:26.809Z,9.8,3.1,CWE-294,,,Office,Unknown,Microsoft,4,2023-03-18T00:00:00.000Z,11to7qz,jcol0jl
CVE-2023-23397,PUBLISHED,microsoft,2023-03-14T16:55:28.168Z,2025-02-04T18:34:26.809Z,9.8,3.1,CWE-294,,,Office,Unknown,Microsoft,1,2023-03-18T00:00:00.000Z,11tuje4,jcoyfov
CVE-2023-23397,PUBLISHED,microsoft,2023-03-14T16:55:28.168Z,2025-02-04T18:34:26.809Z,9.8,3.1,CWE-294,,,Office,Unknown,Microsoft,9,2023-03-19T00:00:00.000Z,11veq1z,jctdq4u
CVE-2023-23397,PUBLISHED,microsoft,2023-03-14T16:55:28.168Z,2025-02-04T18:34:26.809Z,9.8,3.1,CWE-294,,,Office,Unknown,Microsoft,2,2023-03-20T00:00:00.000Z,11wcsmp,jcxdpm2
CVE-2023-23397,PUBLISHED,microsoft,2023-03-14T16:55:28.168Z,2025-02-04T18:34:26.809Z,9.8,3.1,CWE-294,,,Office,Unknown,Microsoft,1,2023-03-20T00:00:00.000Z,11ttpp6,jcxk9vq
CVE-2023-23397,PUBLISHED,microsoft,2023-03-14T16:55:28.168Z,2025-02-04T18:34:26.809Z,9.8,3.1,CWE-294,,,Office,Unknown,Microsoft,3,2023-03-20T00:00:00.000Z,11t49mp,jcybqm5
CVE-2023-23397,PUBLISHED,microsoft,2023-03-14T16:55:28.168Z,2025-02-04T18:34:26.809Z,9.8,3.1,CWE-294,,,Office,Unknown,Microsoft,1,2023-03-20T00:00:00.000Z,11tq35d,jcyjhy4
CVE-2023-23397,PUBLISHED,microsoft,2023-03-14T16:55:28.168Z,2025-02-04T18:34:26.809Z,9.8,3.1,CWE-294,,,Office,Unknown,Microsoft,1,2023-03-21T00:00:00.000Z,11wub8y,jd2b8hi
CVE-2023-23397,PUBLISHED,microsoft,2023-03-14T16:55:28.168Z,2025-02-04T18:34:26.809Z,9.8,3.1,CWE-294,,,Office,Unknown,Microsoft,2,2023-03-21T00:00:00.000Z,11rssg1,jd35d9w
CVE-2023-23397,PUBLISHED,microsoft,2023-03-14T16:55:28.168Z,2025-02-04T18:34:26.809Z,9.8,3.1,CWE-294,,,Office,Unknown,Microsoft,3,2023-03-23T00:00:00.000Z,11zrsg7,jddtz9r
CVE-2023-23397,PUBLISHED,microsoft,2023-03-14T16:55:28.168Z,2025-02-04T18:34:26.809Z,9.8,3.1,CWE-294,,,Office,Unknown,Microsoft,1,2023-03-27T00:00:00.000Z,11tgus5,jdxmeo2
CVE-2023-23397,PUBLISHED,microsoft,2023-03-14T16:55:28.168Z,2025-02-04T18:34:26.809Z,9.8,3.1,CWE-294,,,Office,Unknown,Microsoft,2,2023-03-29T00:00:00.000Z,125fcpj,je4xutm
CVE-2023-23397,PUBLISHED,microsoft,2023-03-14T16:55:28.168Z,2025-02-04T18:34:26.809Z,9.8,3.1,CWE-294,,,Office,Unknown,Microsoft,1,2023-03-29T00:00:00.000Z,11tgus5,je53eim
CVE-2023-23397,PUBLISHED,microsoft,2023-03-14T16:55:28.168Z,2025-02-04T18:34:26.809Z,9.8,3.1,CWE-294,,,Office,Unknown,Microsoft,3,2023-05-19T00:00:00.000Z,13l0urb,jkqp1ej
CVE-2023-23397,PUBLISHED,microsoft,2023-03-14T16:55:28.168Z,2025-02-04T18:34:26.809Z,9.8,3.1,CWE-294,,,Office,Unknown,Microsoft,1,2023-08-21T00:00:00.000Z,15xf79b,jx6slft
CVE-2023-23397,PUBLISHED,microsoft,2023-03-14T16:55:28.168Z,2025-02-04T18:34:26.809Z,9.8,3.1,CWE-294,,,Office,Unknown,Microsoft,1,2023-09-14T00:00:00.000Z,16hxhbh,k0jticm
CVE-2023-23397,PUBLISHED,microsoft,2023-03-14T16:55:28.168Z,2025-02-04T18:34:26.809Z,9.8,3.1,CWE-294,,,Office,Unknown,Microsoft,2,2024-09-15T00:00:00.000Z,1fgjapq,ln6t3d1
CVE-2023-23397,PUBLISHED,microsoft,2023-03-14T16:55:28.168Z,2025-02-04T18:34:26.809Z,9.8,3.1,CWE-294,,,Office,Unknown,Microsoft,25,2023-03-20T00:00:00.000Z,11wfhk5,
CVE-2023-23397,PUBLISHED,microsoft,2023-03-14T16:55:28.168Z,2025-02-04T18:34:26.809Z,9.8,3.1,CWE-294,,,Office,Unknown,Microsoft,23,2023-03-16T00:00:00.000Z,11sw7z7,
CVE-2023-23397,PUBLISHED,microsoft,2023-03-14T16:55:28.168Z,2025-02-04T18:34:26.809Z,9.8,3.1,CWE-294,,,Office,Unknown,Microsoft,7,2023-03-17T00:00:00.000Z,11tsp91,
CVE-2023-23397,PUBLISHED,microsoft,2023-03-14T16:55:28.168Z,2025-02-04T18:34:26.809Z,9.8,3.1,CWE-294,,,Office,Unknown,Microsoft,26,2024-02-01T00:00:00.000Z,1agcug5,
CVE-2023-23397,PUBLISHED,microsoft,2023-03-14T16:55:28.168Z,2025-02-04T18:34:26.809Z,9.8,3.1,CWE-294,,,Office,Unknown,Microsoft,24,2023-03-16T00:00:00.000Z,11t5jue,
CVE-2023-23397,PUBLISHED,microsoft,2023-03-14T16:55:28.168Z,2025-02-04T18:34:26.809Z,9.8,3.1,CWE-294,,,Office,Unknown,Microsoft,141,2023-03-17T00:00:00.000Z,11tt3bc,
CVE-2023-23397,PUBLISHED,microsoft,2023-03-14T16:55:28.168Z,2025-02-04T18:34:26.809Z,9.8,3.1,CWE-294,,,Office,Unknown,Microsoft,3,2023-03-21T00:00:00.000Z,11xhsam,
CVE-2023-23397,PUBLISHED,microsoft,2023-03-14T16:55:28.168Z,2025-02-04T18:34:26.809Z,9.8,3.1,CWE-294,,,Office,Unknown,Microsoft,1,2023-03-15T00:00:00.000Z,11rgz8g,
CVE-2023-23397,PUBLISHED,microsoft,2023-03-14T16:55:28.168Z,2025-02-04T18:34:26.809Z,9.8,3.1,CWE-294,,,Office,Unknown,Microsoft,1,2023-03-15T00:00:00.000Z,11rs0fe,
CVE-2023-23397,PUBLISHED,microsoft,2023-03-14T16:55:28.168Z,2025-02-04T18:34:26.809Z,9.8,3.1,CWE-294,,,Office,Unknown,Microsoft,287,2023-03-15T00:00:00.000Z,11rssg1,
CVE-2023-23397,PUBLISHED,microsoft,2023-03-14T16:55:28.168Z,2025-02-04T18:34:26.809Z,9.8,3.1,CWE-294,,,Office,Unknown,Microsoft,1,2023-03-16T00:00:00.000Z,11sq4ob,
CVE-2023-23397,PUBLISHED,microsoft,2023-03-14T16:55:28.168Z,2025-02-04T18:34:26.809Z,9.8,3.1,CWE-294,,,Office,Unknown,Microsoft,2,2023-03-16T00:00:00.000Z,11sv9yw,
CVE-2023-23397,PUBLISHED,microsoft,2023-03-14T16:55:28.168Z,2025-02-04T18:34:26.809Z,9.8,3.1,CWE-294,,,Office,Unknown,Microsoft,3,2023-03-16T00:00:00.000Z,11sy4fv,
CVE-2023-23397,PUBLISHED,microsoft,2023-03-14T16:55:28.168Z,2025-02-04T18:34:26.809Z,9.8,3.1,CWE-294,,,Office,Unknown,Microsoft,78,2023-03-16T00:00:00.000Z,11t49mp,
CVE-2023-23397,PUBLISHED,microsoft,2023-03-14T16:55:28.168Z,2025-02-04T18:34:26.809Z,9.8,3.1,CWE-294,,,Office,Unknown,Microsoft,2,2023-03-17T00:00:00.000Z,11tdfyt,
CVE-2023-23397,PUBLISHED,microsoft,2023-03-14T16:55:28.168Z,2025-02-04T18:34:26.809Z,9.8,3.1,CWE-294,,,Office,Unknown,Microsoft,39,2023-03-17T00:00:00.000Z,11try6x,
CVE-2023-23397,PUBLISHED,microsoft,2023-03-14T16:55:28.168Z,2025-02-04T18:34:26.809Z,9.8,3.1,CWE-294,,,Office,Unknown,Microsoft,3,2023-03-17T00:00:00.000Z,11ttpp6,
CVE-2023-23397,PUBLISHED,microsoft,2023-03-14T16:55:28.168Z,2025-02-04T18:34:26.809Z,9.8,3.1,CWE-294,,,Office,Unknown,Microsoft,0,2023-03-19T00:00:00.000Z,11vrzg7,
CVE-2023-23397,PUBLISHED,microsoft,2023-03-14T16:55:28.168Z,2025-02-04T18:34:26.809Z,9.8,3.1,CWE-294,,,Office,Unknown,Microsoft,0,2023-03-20T00:00:00.000Z,11wcsmp,
CVE-2023-23397,PUBLISHED,microsoft,2023-03-14T16:55:28.168Z,2025-02-04T18:34:26.809Z,9.8,3.1,CWE-294,,,Office,Unknown,Microsoft,7,2023-03-20T00:00:00.000Z,11wlfft,
CVE-2023-23397,PUBLISHED,microsoft,2023-03-14T16:55:28.168Z,2025-02-04T18:34:26.809Z,9.8,3.1,CWE-294,,,Office,Unknown,Microsoft,3,2023-03-20T00:00:00.000Z,11wub8y,
CVE-2023-23397,PUBLISHED,microsoft,2023-03-14T16:55:28.168Z,2025-02-04T18:34:26.809Z,9.8,3.1,CWE-294,,,Office,Unknown,Microsoft,5,2023-03-21T00:00:00.000Z,11x23dc,
CVE-2023-23397,PUBLISHED,microsoft,2023-03-14T16:55:28.168Z,2025-02-04T18:34:26.809Z,9.8,3.1,CWE-294,,,Office,Unknown,Microsoft,1,2023-03-22T00:00:00.000Z,11yk1mo,
CVE-2023-23397,PUBLISHED,microsoft,2023-03-14T16:55:28.168Z,2025-02-04T18:34:26.809Z,9.8,3.1,CWE-294,,,Office,Unknown,Microsoft,7,2023-03-24T00:00:00.000Z,120twg1,
CVE-2023-23397,PUBLISHED,microsoft,2023-03-14T16:55:28.168Z,2025-02-04T18:34:26.809Z,9.8,3.1,CWE-294,,,Office,Unknown,Microsoft,2,2023-05-10T00:00:00.000Z,13dkkvg,
CVE-2023-23397,PUBLISHED,microsoft,2023-03-14T16:55:28.168Z,2025-02-04T18:34:26.809Z,9.8,3.1,CWE-294,,,Office,Unknown,Microsoft,4,2023-11-23T00:00:00.000Z,181u9xp,
CVE-2023-23397,PUBLISHED,microsoft,2023-03-14T16:55:28.168Z,2025-02-04T18:34:26.809Z,9.8,3.1,CWE-294,,,Office,Unknown,Microsoft,3,2023-12-20T00:00:00.000Z,18mqvk5,
CVE-2023-23415,PUBLISHED,microsoft,2023-03-14T16:55:43.014Z,2025-01-01T00:48:23.899Z,9.8,3.1,,,,,,,30,2023-03-15T00:00:00.000Z,11s80zo,jccxi0m
CVE-2023-23415,PUBLISHED,microsoft,2023-03-14T16:55:43.014Z,2025-01-01T00:48:23.899Z,9.8,3.1,,,,,,,1,2024-08-16T00:00:00.000Z,1esm4pp,lif2z1o
CVE-2023-23415,PUBLISHED,microsoft,2023-03-14T16:55:43.014Z,2025-01-01T00:48:23.899Z,9.8,3.1,,,,,,,0,2023-03-15T00:00:00.000Z,11scvdn,
CVE-2023-23514,PUBLISHED,apple,2023-02-27T00:00:00.000Z,2025-03-11T15:40:10.037Z,,,,,,,,,1,2023-02-13T00:00:00.000Z,111hzo3,j8ey6h7
CVE-2023-23514,PUBLISHED,apple,2023-02-27T00:00:00.000Z,2025-03-11T15:40:10.037Z,,,,,,,,,1,2023-03-06T00:00:00.000Z,11inty8,jb2yl8o
CVE-2023-23524,PUBLISHED,apple,2023-02-27T00:00:00.000Z,2025-03-18T15:01:50.984Z,,,,,,,,,11,2023-02-21T00:00:00.000Z,118a586,j9gtd41
CVE-2023-23583,PUBLISHED,intel,2023-11-14T19:04:24.927Z,2025-02-13T16:44:10.560Z,8.8,3.1,; CWE-1281,,,,,,2,2023-11-16T00:00:00.000Z,17vjdzn,k9hxuuh
CVE-2023-23583,PUBLISHED,intel,2023-11-14T19:04:24.927Z,2025-02-13T16:44:10.560Z,8.8,3.1,; CWE-1281,,,,,,8,2023-11-17T00:00:00.000Z,17xgn2c,
CVE-2023-23583,PUBLISHED,intel,2023-11-14T19:04:24.927Z,2025-02-13T16:44:10.560Z,8.8,3.1,; CWE-1281,,,,,,233,2023-11-15T00:00:00.000Z,17vjdzn,
CVE-2023-23583,PUBLISHED,intel,2023-11-14T19:04:24.927Z,2025-02-13T16:44:10.560Z,8.8,3.1,; CWE-1281,,,,,,12,2023-11-16T00:00:00.000Z,17wo7sc,
CVE-2023-23696,PUBLISHED,dell,2023-02-07T09:49:47.536Z,2025-03-25T15:29:34.340Z,7.0,3.1,CWE-285,,,,,,2,2024-09-12T00:00:00.000Z,1feh5wz,lmqiijn
CVE-2023-23696,PUBLISHED,dell,2023-02-07T09:49:47.536Z,2025-03-25T15:29:34.340Z,7.0,3.1,CWE-285,,,,,,8,2024-09-12T00:00:00.000Z,1feh5wz,lmqlz18
CVE-2023-24023,PUBLISHED,mitre,2023-11-28T00:00:00,2024-08-02T10:49:09.028Z,,,,,,,,,271,2023-11-30T00:00:00.000Z,187w0vi,kbh5bh0
CVE-2023-24023,PUBLISHED,mitre,2023-11-28T00:00:00,2024-08-02T10:49:09.028Z,,,,,,,,,3,2023-12-01T00:00:00.000Z,187w0vi,kbkpuyi
CVE-2023-24033,PUBLISHED,mitre,2023-03-13T00:00:00.000Z,2025-03-03T20:24:55.993Z,7.5,3.1,,,,,,,3,2023-03-18T00:00:00.000Z,11tq0q3,jcoh3ak
CVE-2023-24033,PUBLISHED,mitre,2023-03-13T00:00:00.000Z,2025-03-03T20:24:55.993Z,7.5,3.1,,,,,,,48,2023-03-20T00:00:00.000Z,11vpzlp,jcwx2xo
CVE-2023-24055,PUBLISHED,mitre,2023-01-22T00:00:00,2024-08-02T10:49:08.940Z,,,,,,,,,3,2023-02-01T00:00:00.000Z,10qydj4,j6ue3js
CVE-2023-24055,PUBLISHED,mitre,2023-01-22T00:00:00,2024-08-02T10:49:08.940Z,,,,,,,,,6,2023-01-31T00:00:00.000Z,10q1n6g,j6oj38m
CVE-2023-24055,PUBLISHED,mitre,2023-01-22T00:00:00,2024-08-02T10:49:08.940Z,,,,,,,,,1,2023-01-25T00:00:00.000Z,10kp4ye,j5ugc7j
CVE-2023-24055,PUBLISHED,mitre,2023-01-22T00:00:00,2024-08-02T10:49:08.940Z,,,,,,,,,31,2023-02-02T00:00:00.000Z,10rxye1,j6ydg1p
CVE-2023-24055,PUBLISHED,mitre,2023-01-22T00:00:00,2024-08-02T10:49:08.940Z,,,,,,,,,1,2023-10-25T00:00:00.000Z,17g7mqf,
CVE-2023-24059,PUBLISHED,mitre,2023-01-22T00:00:00.000Z,2025-04-02T16:08:01.372Z,,,,,,,,,9,2023-01-23T00:00:00.000Z,10ir1fa,j5ihs86
CVE-2023-24880,PUBLISHED,microsoft,2023-03-14T16:55:59.434Z,2025-02-04T14:09:26.257Z,4.4,3.1,CWE-863,,,Windows,Known,Microsoft,0,2023-03-28T00:00:00.000Z,124aukz,jdymuhk
CVE-2023-24880,PUBLISHED,microsoft,2023-03-14T16:55:59.434Z,2025-02-04T14:09:26.257Z,4.4,3.1,CWE-863,,,Windows,Known,Microsoft,1,2023-03-29T00:00:00.000Z,11wneyr,je5gywa
CVE-2023-24880,PUBLISHED,microsoft,2023-03-14T16:55:59.434Z,2025-02-04T14:09:26.257Z,4.4,3.1,CWE-863,,,Windows,Known,Microsoft,2,2023-04-13T00:00:00.000Z,12kku0y,jg4ta8x
CVE-2023-24880,PUBLISHED,microsoft,2023-03-14T16:55:59.434Z,2025-02-04T14:09:26.257Z,4.4,3.1,CWE-863,,,Windows,Known,Microsoft,9,2023-03-15T00:00:00.000Z,11rz04t,
CVE-2023-24880,PUBLISHED,microsoft,2023-03-14T16:55:59.434Z,2025-02-04T14:09:26.257Z,4.4,3.1,CWE-863,,,Windows,Known,Microsoft,16,2023-03-16T00:00:00.000Z,11t3flh,
CVE-2023-24881,PUBLISHED,microsoft,2023-07-11T16:37:55.391Z,2025-02-28T20:02:14.168Z,6.5,3.1,,,,,,,5,2023-05-15T00:00:00.000Z,13hfnsz,jk95hup
CVE-2023-24881,PUBLISHED,microsoft,2023-07-11T16:37:55.391Z,2025-02-28T20:02:14.168Z,6.5,3.1,,,,,,,1,2023-07-22T00:00:00.000Z,14zbyf2,jt10mvk
CVE-2023-24881,PUBLISHED,microsoft,2023-07-11T16:37:55.391Z,2025-02-28T20:02:14.168Z,6.5,3.1,,,,,,,1392,2023-05-14T00:00:00.000Z,13hfnsz,
CVE-2023-24881,PUBLISHED,microsoft,2023-07-11T16:37:55.391Z,2025-02-28T20:02:14.168Z,6.5,3.1,,,,,,,1,2023-07-14T00:00:00.000Z,14zbyf2,
CVE-2023-24903,PUBLISHED,microsoft,2023-05-09T17:02:55.423Z,2025-02-11T18:11:12.784Z,8.1,3.1,,,,,,,4,2023-07-04T00:00:00.000Z,14qee8u,jqn6ber
CVE-2023-24932,PUBLISHED,microsoft,2023-05-09T17:03:07.282Z,2025-02-11T18:11:28.122Z,6.7,3.1,,,,,,,96,2023-05-09T00:00:00.000Z,13cu0c2,jjhrgci
CVE-2023-24932,PUBLISHED,microsoft,2023-05-09T17:03:07.282Z,2025-02-11T18:11:28.122Z,6.7,3.1,,,,,,,29,2023-05-09T00:00:00.000Z,13cu0c2,jji4imb
CVE-2023-24932,PUBLISHED,microsoft,2023-05-09T17:03:07.282Z,2025-02-11T18:11:28.122Z,6.7,3.1,,,,,,,35,2023-05-09T00:00:00.000Z,13cu0c2,jjizl07
CVE-2023-24932,PUBLISHED,microsoft,2023-05-09T17:03:07.282Z,2025-02-11T18:11:28.122Z,6.7,3.1,,,,,,,6,2023-05-10T00:00:00.000Z,13cu0c2,jjmbiq4
CVE-2023-24932,PUBLISHED,microsoft,2023-05-09T17:03:07.282Z,2025-02-11T18:11:28.122Z,6.7,3.1,,,,,,,1,2023-07-11T00:00:00.000Z,14wtpne,jrlj2zd
CVE-2023-24932,PUBLISHED,microsoft,2023-05-09T17:03:07.282Z,2025-02-11T18:11:28.122Z,6.7,3.1,,,,,,,1,2023-07-14T00:00:00.000Z,14z8kl0,jrwmf3c
CVE-2023-24932,PUBLISHED,microsoft,2023-05-09T17:03:07.282Z,2025-02-11T18:11:28.122Z,6.7,3.1,,,,,,,2,2024-04-17T00:00:00.000Z,1bzjwwv,kzzvd0p
CVE-2023-24932,PUBLISHED,microsoft,2023-05-09T17:03:07.282Z,2025-02-11T18:11:28.122Z,6.7,3.1,,,,,,,1,2024-09-13T00:00:00.000Z,1deex5z,lmyyrda
CVE-2023-24932,PUBLISHED,microsoft,2023-05-09T17:03:07.282Z,2025-02-11T18:11:28.122Z,6.7,3.1,,,,,,,1,2023-07-17T00:00:00.000Z,152f9cp,
CVE-2023-24932,PUBLISHED,microsoft,2023-05-09T17:03:07.282Z,2025-02-11T18:11:28.122Z,6.7,3.1,,,,,,,1,2024-01-30T00:00:00.000Z,1aey7yf,
CVE-2023-24932,PUBLISHED,microsoft,2023-05-09T17:03:07.282Z,2025-02-11T18:11:28.122Z,6.7,3.1,,,,,,,1,2024-06-12T00:00:00.000Z,1deex5z,
CVE-2023-24932,PUBLISHED,microsoft,2023-05-09T17:03:07.282Z,2025-02-11T18:11:28.122Z,6.7,3.1,,,,,,,2,2024-10-22T00:00:00.000Z,1g9nrgb,
CVE-2023-24941,PUBLISHED,microsoft,2023-05-09T17:02:53.781Z,2025-02-11T18:11:10.840Z,9.8,3.1,,,,,,,25,2023-05-09T00:00:00.000Z,13cu0c2,jjhr1yi
CVE-2023-25136,PUBLISHED,mitre,2023-02-03T00:00:00,2024-08-02T11:18:35.552Z,,,,,,,,,1,2023-05-23T00:00:00.000Z,13ons7q,jlb6psu
CVE-2023-25535,PUBLISHED,dell,2024-02-14T07:23:39.610Z,2024-08-06T19:19:14.615Z,7.2,3.1,CWE-269,,,,,,2,2024-04-11T00:00:00.000Z,1c1hyrl,
CVE-2023-25690,PUBLISHED,apache,2023-03-07T15:09:03.080Z,2025-02-13T16:44:35.286Z,,,CWE-444,,,,,,2,2024-03-11T00:00:00.000Z,1bca8wu,kuem9f1
CVE-2023-25717,PUBLISHED,mitre,2023-02-13T00:00:00.000Z,2025-01-29T15:11:29.664Z,,,CWE-94,,,Multiple Products,Unknown,Ruckus Wireless,2,2023-05-18T00:00:00.000Z,13j5hml,jklpfxl
CVE-2023-25717,PUBLISHED,mitre,2023-02-13T00:00:00.000Z,2025-01-29T15:11:29.664Z,,,CWE-94,,,Multiple Products,Unknown,Ruckus Wireless,3,2023-05-16T00:00:00.000Z,13ihzjp,jkd54jt
CVE-2023-25717,PUBLISHED,mitre,2023-02-13T00:00:00.000Z,2025-01-29T15:11:29.664Z,,,CWE-94,,,Multiple Products,Unknown,Ruckus Wireless,5,2023-05-19T00:00:00.000Z,13lo23l,jkrn9ec
CVE-2023-26077,PUBLISHED,mitre,2023-07-24T00:00:00,2024-10-24T14:04:50.111Z,,,,,,,,,1,2023-07-28T00:00:00.000Z,15bv5ee,
CVE-2023-26203,PUBLISHED,fortinet,2023-05-03T21:27:00.343Z,2024-10-23T14:27:47.396Z,6.1,3.1,CWE-798,,,,,,1,2023-11-19T00:00:00.000Z,14rrb3m,k9vu0mq
CVE-2023-26360,PUBLISHED,adobe,2023-03-23T00:00:00.000Z,2025-02-04T16:13:51.330Z,8.6,3.1,CWE-284,,,ColdFusion,Unknown,Adobe,1,2023-07-18T00:00:00.000Z,152p78u,jsf2yeo
CVE-2023-26360,PUBLISHED,adobe,2023-03-23T00:00:00.000Z,2025-02-04T16:13:51.330Z,8.6,3.1,CWE-284,,,ColdFusion,Unknown,Adobe,12,2023-12-08T00:00:00.000Z,18dopqp,
CVE-2023-2640,PUBLISHED,canonical,2023-07-26T01:59:23.543Z,2024-10-23T14:59:17.779Z,7.8,3.1,CWE-863,,,,,Canonical,1,2023-09-03T00:00:00.000Z,1695vru,jyzzl29
CVE-2023-2640,PUBLISHED,canonical,2023-07-26T01:59:23.543Z,2024-10-23T14:59:17.779Z,7.8,3.1,CWE-863,,,,,Canonical,1,2023-09-03T00:00:00.000Z,1695vru,
CVE-2023-2640,PUBLISHED,canonical,2023-07-26T01:59:23.543Z,2024-10-23T14:59:17.779Z,7.8,3.1,CWE-863,,,,,Canonical,1,2023-07-27T00:00:00.000Z,15b57zf,
CVE-2023-26418,PUBLISHED,adobe,2023-04-12T00:00:00.000Z,2025-03-05T19:05:51.254Z,7.8,3.1,CWE-416,,,,,Adobe,149,2023-04-13T00:00:00.000Z,12krt8m,
CVE-2023-26563,PUBLISHED,mitre,2023-07-12T00:00:00,2024-11-07T15:10:35.082Z,,,,,,,,,5,2023-11-01T00:00:00.000Z,17lbwra,k7dpg50
CVE-2023-27163,PUBLISHED,mitre,2023-03-31T00:00:00.000Z,2025-02-18T16:06:42.400Z,,,,,,,,,1,2023-10-29T00:00:00.000Z,17iui8h,k6xldoc
CVE-2023-27217,PUBLISHED,mitre,2023-05-18T00:00:00,2025-01-22T16:39:01.813Z,,,,,,,,,189,2023-05-17T00:00:00.000Z,13ka3qz,
CVE-2023-27253,PUBLISHED,mitre,2023-03-17T00:00:00.000Z,2025-02-26T14:58:43.600Z,,,,webapps,php,,,,1,2023-09-13T00:00:00.000Z,16h5x0m,k0cw1al
CVE-2023-27350,PUBLISHED,zdi,2023-04-20T00:00:00.000Z,2025-02-03T16:40:05.732Z,9.8,3.0,CWE-284,webapps,multiple,MF/NG,Known,PaperCut,2,2023-04-20T00:00:00.000Z,12sqvnl,jh27tsh
CVE-2023-27350,PUBLISHED,zdi,2023-04-20T00:00:00.000Z,2025-02-03T16:40:05.732Z,9.8,3.0,CWE-284,webapps,multiple,MF/NG,Known,PaperCut,32,2023-04-27T00:00:00.000Z,1317ug6,
CVE-2023-2745,PUBLISHED,Wordfence,2023-05-17T08:36:44.034Z,2025-04-24T18:22:33.536Z,5.4,3.1,,webapps,php,,,,1,2023-12-21T00:00:00.000Z,18o0tny,
CVE-2023-27530,PUBLISHED,hackerone,2023-03-10T00:00:00,2024-10-15T18:33:52.509Z,,,CWE-400,,,,,,40,2023-03-07T00:00:00.000Z,11l4zbr,jbat1kl
CVE-2023-27530,PUBLISHED,hackerone,2023-03-10T00:00:00,2024-10-15T18:33:52.509Z,,,CWE-400,,,,,,6,2023-03-07T00:00:00.000Z,11l4zbr,jbb96e8
CVE-2023-27530,PUBLISHED,hackerone,2023-03-10T00:00:00,2024-10-15T18:33:52.509Z,,,CWE-400,,,,,,3,2023-03-07T00:00:00.000Z,11l4zbr,jbc0n0d
CVE-2023-27532,PUBLISHED,hackerone,2023-03-10T00:00:00.000Z,2025-01-28T21:28:51.796Z,,,CWE-306,,,Backup & Replication,Known,Veeam,3,2023-03-07T00:00:00.000Z,11l5zoy,jbasrlf
CVE-2023-27532,PUBLISHED,hackerone,2023-03-10T00:00:00.000Z,2025-01-28T21:28:51.796Z,,,CWE-306,,,Backup & Replication,Known,Veeam,5,2023-03-13T00:00:00.000Z,11qmhv8,jc43jub
CVE-2023-27532,PUBLISHED,hackerone,2023-03-10T00:00:00.000Z,2025-01-28T21:28:51.796Z,,,CWE-306,,,Backup & Replication,Known,Veeam,1,2023-05-01T00:00:00.000Z,133s7kz,jif2b9v
CVE-2023-27532,PUBLISHED,hackerone,2023-03-10T00:00:00.000Z,2025-01-28T21:28:51.796Z,,,CWE-306,,,Backup & Replication,Known,Veeam,1,2023-03-24T00:00:00.000Z,11zj3v5,jdgms5c
CVE-2023-27532,PUBLISHED,hackerone,2023-03-10T00:00:00.000Z,2025-01-28T21:28:51.796Z,,,CWE-306,,,Backup & Replication,Known,Veeam,3,2023-03-08T00:00:00.000Z,11l4zbr,jbcp7cm
CVE-2023-27532,PUBLISHED,hackerone,2023-03-10T00:00:00.000Z,2025-01-28T21:28:51.796Z,,,CWE-306,,,Backup & Replication,Known,Veeam,1,2023-03-08T00:00:00.000Z,11l4zbr,jbcq4b3
CVE-2023-27532,PUBLISHED,hackerone,2023-03-10T00:00:00.000Z,2025-01-28T21:28:51.796Z,,,CWE-306,,,Backup & Replication,Known,Veeam,1,2023-07-17T00:00:00.000Z,152diak,
CVE-2023-27532,PUBLISHED,hackerone,2023-03-10T00:00:00.000Z,2025-01-28T21:28:51.796Z,,,CWE-306,,,Backup & Replication,Known,Veeam,5,2023-03-10T00:00:00.000Z,11nrdzd,
CVE-2023-27532,PUBLISHED,hackerone,2023-03-10T00:00:00.000Z,2025-01-28T21:28:51.796Z,,,CWE-306,,,Backup & Replication,Known,Veeam,135,2023-04-30T00:00:00.000Z,133s7kz,
CVE-2023-27974,PUBLISHED,mitre,2023-03-08T00:00:00,2024-08-02T12:23:30.807Z,,,,,,,,,2,2023-11-11T00:00:00.000Z,17t005o,k8ur52r
CVE-2023-27988,PUBLISHED,Zyxel,2023-05-30T00:00:00,2025-01-14T16:26:24.864Z,7.2,3.1,CWE-78,,,,,,117,2023-05-30T00:00:00.000Z,13vwtq3,
CVE-2023-27997,PUBLISHED,fortinet,2023-06-13T08:41:47.415Z,2024-10-23T13:18:14.745Z,9.2,3.1,CWE-122,,,FortiOS and FortiProxy SSL-VPN,Known,Fortinet,5,2023-06-11T00:00:00.000Z,146xajr,jnsivvd
CVE-2023-27997,PUBLISHED,fortinet,2023-06-13T08:41:47.415Z,2024-10-23T13:18:14.745Z,9.2,3.1,CWE-122,,,FortiOS and FortiProxy SSL-VPN,Known,Fortinet,1,2023-12-20T00:00:00.000Z,18lpagu,ke8vyg3
CVE-2023-27997,PUBLISHED,fortinet,2023-06-13T08:41:47.415Z,2024-10-23T13:18:14.745Z,9.2,3.1,CWE-122,,,FortiOS and FortiProxy SSL-VPN,Known,Fortinet,1,2023-06-13T00:00:00.000Z,146gqao,jnz2iju
CVE-2023-27997,PUBLISHED,fortinet,2023-06-13T08:41:47.415Z,2024-10-23T13:18:14.745Z,9.2,3.1,CWE-122,,,FortiOS and FortiProxy SSL-VPN,Known,Fortinet,1,2023-06-13T00:00:00.000Z,147t4cp,jo0idda
CVE-2023-27997,PUBLISHED,fortinet,2023-06-13T08:41:47.415Z,2024-10-23T13:18:14.745Z,9.2,3.1,CWE-122,,,FortiOS and FortiProxy SSL-VPN,Known,Fortinet,4,2023-06-12T00:00:00.000Z,147aok5,jnvrgsb
CVE-2023-27997,PUBLISHED,fortinet,2023-06-13T08:41:47.415Z,2024-10-23T13:18:14.745Z,9.2,3.1,CWE-122,,,FortiOS and FortiProxy SSL-VPN,Known,Fortinet,1,2023-07-28T00:00:00.000Z,15b55ul,jtuq3dl
CVE-2023-27997,PUBLISHED,fortinet,2023-06-13T08:41:47.415Z,2024-10-23T13:18:14.745Z,9.2,3.1,CWE-122,,,FortiOS and FortiProxy SSL-VPN,Known,Fortinet,44,2023-06-12T00:00:00.000Z,147t4cp,
CVE-2023-28131,PUBLISHED,checkpoint,2023-04-24T00:00:00.000Z,2025-02-04T16:33:56.283Z,,,,,,,,,9,2023-05-24T00:00:00.000Z,13qmlj0,jlffhxp
CVE-2023-28205,PUBLISHED,apple,2023-04-10T00:00:00.000Z,2025-01-28T21:18:49.747Z,,,CWE-416,,,Multiple Products,Unknown,Apple,4,2023-04-23T00:00:00.000Z,12vnpqe,jhdfni9
CVE-2023-28205,PUBLISHED,apple,2023-04-10T00:00:00.000Z,2025-01-28T21:18:49.747Z,,,CWE-416,,,Multiple Products,Unknown,Apple,0,2023-04-11T00:00:00.000Z,12iyias,
CVE-2023-28206,PUBLISHED,apple,2023-04-10T00:00:00.000Z,2025-01-28T16:37:54.340Z,,,CWE-787,,,"iOS, iPadOS, and macOS",Unknown,Apple,6,2023-05-18T00:00:00.000Z,13kp3nw,jklm5ua
CVE-2023-28223,PUBLISHED,microsoft,2023-04-11T19:13:34.211Z,2025-01-23T01:04:48.872Z,6.6,3.1,,,,,,,1,2023-04-11T00:00:00.000Z,12cm2df,jfuzp3k
CVE-2023-28250,PUBLISHED,microsoft,2023-04-11T19:13:50.289Z,2025-01-23T01:05:10.986Z,9.8,3.1,,,,,,,2,2023-04-12T00:00:00.000Z,12imjjn,jfysc1c
CVE-2023-28252,PUBLISHED,microsoft,2023-04-11T19:13:51.886Z,2025-01-23T01:05:12.555Z,7.8,3.1,CWE-122,,,Windows,Known,Microsoft,22,2023-04-11T00:00:00.000Z,12imjjn,jfuiiug
CVE-2023-28252,PUBLISHED,microsoft,2023-04-11T19:13:51.886Z,2025-01-23T01:05:12.555Z,7.8,3.1,CWE-122,,,Windows,Known,Microsoft,2,2023-04-13T00:00:00.000Z,12jouk4,jg3gnsl
CVE-2023-28252,PUBLISHED,microsoft,2023-04-11T19:13:51.886Z,2025-01-23T01:05:12.555Z,7.8,3.1,CWE-122,,,Windows,Known,Microsoft,151,2023-04-12T00:00:00.000Z,12jouk4,
CVE-2023-28292,PUBLISHED,microsoft,2023-04-11T19:13:19.310Z,2025-01-23T01:04:44.616Z,7.8,3.1,,,,,,,17,2023-04-12T00:00:00.000Z,12imjjn,jfzg8d7
CVE-2023-28303,PUBLISHED,microsoft,2023-06-13T16:24:46.551Z,2025-01-01T00:47:47.401Z,3.3,3.1,,,,,,,23,2023-03-25T00:00:00.000Z,1221cb4,
CVE-2023-28321,PUBLISHED,hackerone,2023-05-26T00:00:00,2025-01-15T15:54:33.745Z,,,CWE-295,,,,,,2,2023-12-19T00:00:00.000Z,18lsur4,kdzy06u
CVE-2023-28321,PUBLISHED,hackerone,2023-05-26T00:00:00,2025-01-15T15:54:33.745Z,,,CWE-295,,,,,,3,2023-12-19T00:00:00.000Z,18lsur4,ke00qa2
CVE-2023-28324,PUBLISHED,hackerone,2023-06-30T23:40:19.571Z,2024-09-25T13:11:44.228Z,,,,,,,,,3,2024-09-14T00:00:00.000Z,1ffwh33,ln0qn39
CVE-2023-28438,PUBLISHED,GitHub_M,2023-03-22T20:46:33.646Z,2025-02-25T14:51:11.306Z,6.2,3.1,CWE-89,,,,,,0,2023-05-30T00:00:00.000Z,13voxv9,
CVE-2023-2868,PUBLISHED,Google,2023-05-24T18:00:52.360Z,2025-02-04T18:34:26.472Z,9.4,3.1,CWE-20,,,Email Security Gateway (ESG) Appliance,Unknown,Barracuda Networks,16,2023-06-09T00:00:00.000Z,145gdlj,jnku2xa
CVE-2023-2868,PUBLISHED,Google,2023-05-24T18:00:52.360Z,2025-02-04T18:34:26.472Z,9.4,3.1,CWE-20,,,Email Security Gateway (ESG) Appliance,Unknown,Barracuda Networks,3,2023-05-24T00:00:00.000Z,13qtkbm,jlhagh9
CVE-2023-2868,PUBLISHED,Google,2023-05-24T18:00:52.360Z,2025-02-04T18:34:26.472Z,9.4,3.1,CWE-20,,,Email Security Gateway (ESG) Appliance,Unknown,Barracuda Networks,3,2023-12-27T00:00:00.000Z,18rnw9s,kf4rvhe
CVE-2023-2868,PUBLISHED,Google,2023-05-24T18:00:52.360Z,2025-02-04T18:34:26.472Z,9.4,3.1,CWE-20,,,Email Security Gateway (ESG) Appliance,Unknown,Barracuda Networks,1,2023-08-10T00:00:00.000Z,15npxgd,
CVE-2023-2868,PUBLISHED,Google,2023-05-24T18:00:52.360Z,2025-02-04T18:34:26.472Z,9.4,3.1,CWE-20,,,Email Security Gateway (ESG) Appliance,Unknown,Barracuda Networks,17,2023-05-24T00:00:00.000Z,13qtkbm,
CVE-2023-28879,PUBLISHED,mitre,2023-03-31T00:00:00.000Z,2025-02-14T19:29:52.451Z,,,,,,,,,6,2023-05-03T00:00:00.000Z,136cwjz,jipg4da
CVE-2023-28879,PUBLISHED,mitre,2023-03-31T00:00:00.000Z,2025-02-14T19:29:52.451Z,,,,,,,,,27,2023-05-03T00:00:00.000Z,136cwjz,jipjimf
CVE-2023-29032,PUBLISHED,apache,2023-05-12T07:43:30.483Z,2024-10-10T19:48:37.089Z,,,CWE-287,,,,,,1,2023-07-24T00:00:00.000Z,15895t4,jt90e36
CVE-2023-29059,PUBLISHED,mitre,2023-03-30T00:00:00.000Z,2025-05-05T16:01:52.444Z,,,,,,,,,0,2023-03-31T00:00:00.000Z,127u2a7,
CVE-2023-29298,PUBLISHED,adobe,2023-07-12T15:46:07.094Z,2025-02-04T16:13:51.456Z,7.5,3.1,CWE-284,,,ColdFusion,Unknown,Adobe,1,2023-07-18T00:00:00.000Z,152hi4b,
CVE-2023-29330,PUBLISHED,microsoft,2023-08-08T17:08:17.120Z,2025-02-27T21:09:16.622Z,8.8,3.1,,,,,,,1,2023-08-08T00:00:00.000Z,15lkmhv,jvbs3cz
CVE-2023-29336,PUBLISHED,microsoft,2023-05-09T17:03:03.549Z,2025-05-27T15:56:09.811Z,7.8,3.1,CWE-416,local,windows,Win32k,Unknown,Microsoft,8,2023-05-09T00:00:00.000Z,13cu0c2,jjhtg63
CVE-2023-29341,PUBLISHED,microsoft,2023-05-09T17:03:05.147Z,2025-02-11T18:11:22.752Z,7.8,3.1,,,,,,,2,2023-05-12T00:00:00.000Z,13fclf0,
CVE-2023-29357,PUBLISHED,microsoft,2023-06-13T23:26:02.860Z,2025-02-04T18:44:28.959Z,9.8,3.1,CWE-303,,,SharePoint Server,Known,Microsoft,19,2023-06-13T00:00:00.000Z,148geic,jo0jr4p
CVE-2023-29357,PUBLISHED,microsoft,2023-06-13T23:26:02.860Z,2025-02-04T18:44:28.959Z,9.8,3.1,CWE-303,,,SharePoint Server,Known,Microsoft,7,2023-06-13T00:00:00.000Z,148geic,jo0r3vq
CVE-2023-29357,PUBLISHED,microsoft,2023-06-13T23:26:02.860Z,2025-02-04T18:44:28.959Z,9.8,3.1,CWE-303,,,SharePoint Server,Known,Microsoft,5,2023-06-14T00:00:00.000Z,148geic,jo39ugs
CVE-2023-29468,PUBLISHED,mitre,2023-08-14T00:00:00.000Z,2025-05-05T16:01:41.374Z,,,,,,,,,1,2023-08-18T00:00:00.000Z,15ulzk7,
CVE-2023-3029,PUBLISHED,VulDB,2023-06-01T06:00:04.684Z,2024-11-22T17:59:45.290Z,4.3,3.1,CWE-352,,,,,,1,2023-07-27T00:00:00.000Z,15b307x,jto1ado
CVE-2023-3029,PUBLISHED,VulDB,2023-06-01T06:00:04.684Z,2024-11-22T17:59:45.290Z,4.3,3.1,CWE-352,,,,,,1,2023-07-27T00:00:00.000Z,15b307x,
CVE-2023-30297,PUBLISHED,mitre,2023-08-03T00:00:00,2024-10-17T20:04:41.125Z,,,,,,,,,1,2023-07-27T00:00:00.000Z,15b307x,jto2b97
CVE-2023-30367,PUBLISHED,mitre,2023-07-26T00:00:00,2024-10-23T19:16:19.662Z,,,,,,,,,19,2024-02-22T00:00:00.000Z,1ax6wxd,krlwg7g
CVE-2023-30367,PUBLISHED,mitre,2023-07-26T00:00:00,2024-10-23T19:16:19.662Z,,,,,,,,,1,2024-06-26T00:00:00.000Z,1dounho,lacfrmr
CVE-2023-30367,PUBLISHED,mitre,2023-07-26T00:00:00,2024-10-23T19:16:19.662Z,,,,,,,,,1,2024-06-27T00:00:00.000Z,1b3uqdw,laij8hk
CVE-2023-30367,PUBLISHED,mitre,2023-07-26T00:00:00,2024-10-23T19:16:19.662Z,,,,,,,,,1,2024-12-01T00:00:00.000Z,1h3dg7z,lzujhmq
CVE-2023-30777,PUBLISHED,Patchstack,2023-05-10T05:50:04.023Z,2025-01-09T15:22:00.542Z,7.1,3.1,CWE-79,,,,,,7,2023-05-16T00:00:00.000Z,13jaqfx,
CVE-2023-30799,PUBLISHED,VulnCheck,2023-07-19T14:56:17.362Z,2024-10-24T18:50:44.384Z,9.1,3.1,CWE-269,,,,,,1,2023-07-31T00:00:00.000Z,15epw1f,
CVE-2023-31102,PUBLISHED,mitre,2023-11-03T00:00:00,2024-09-06T13:43:35.116Z,7.8,,,,,,,7-Zip,2,2024-08-31T00:00:00.000Z,1f5xy5q,lkwn1q2
CVE-2023-31222,PUBLISHED,Medtronic,2023-06-29T15:19:22.621Z,2024-11-26T19:27:36.479Z,9.8,3.1,CWE-502,,,,,,26,2023-07-07T00:00:00.000Z,14t90e2,
CVE-2023-31315,PUBLISHED,AMD,2024-08-09T17:08:24.237Z,2024-09-12T12:56:32.250Z,7.5,3.1,,,,,,,3,2024-08-10T00:00:00.000Z,1eoeopq,lhdi89q
CVE-2023-32001,REJECTED,hackerone,2023-07-26T20:09:57.905Z,2023-08-27T00:02:01.990Z,,,,,,,,,1,2023-08-16T00:00:00.000Z,15lkmhv,jwh102v
CVE-2023-32001,REJECTED,hackerone,2023-07-26T20:09:57.905Z,2023-08-27T00:02:01.990Z,,,,,,,,,1,2023-08-30T00:00:00.000Z,15s8e72,jyeliue
CVE-2023-32001,REJECTED,hackerone,2023-07-26T20:09:57.905Z,2023-08-27T00:02:01.990Z,,,,,,,,,1,2023-08-16T00:00:00.000Z,15s8e72,
CVE-2023-32015,PUBLISHED,microsoft,2023-06-13T23:26:16.793Z,2025-01-01T01:44:06.203Z,9.8,3.1,,,,,,,1,2024-01-26T00:00:00.000Z,1abfi9u,
CVE-2023-32019,PUBLISHED,microsoft,2023-06-13T23:26:19.034Z,2025-01-01T01:44:08.431Z,4.7,3.1,,,,,,,4,2023-06-14T00:00:00.000Z,148geic,jo32ujo
CVE-2023-32019,PUBLISHED,microsoft,2023-06-13T23:26:19.034Z,2025-01-01T01:44:08.431Z,4.7,3.1,,,,,,,9,2023-06-15T00:00:00.000Z,148geic,jo82ctx
CVE-2023-32019,PUBLISHED,microsoft,2023-06-13T23:26:19.034Z,2025-01-01T01:44:08.431Z,4.7,3.1,,,,,,,1,2023-07-12T00:00:00.000Z,14wtpne,jrn45ct
CVE-2023-32019,PUBLISHED,microsoft,2023-06-13T23:26:19.034Z,2025-01-01T01:44:08.431Z,4.7,3.1,,,,,,,1,2023-08-14T00:00:00.000Z,15lkmhv,jw5a6vw
CVE-2023-32019,PUBLISHED,microsoft,2023-06-13T23:26:19.034Z,2025-01-01T01:44:08.431Z,4.7,3.1,,,,,,,1,2023-08-18T00:00:00.000Z,15ule6h,
CVE-2023-32057,PUBLISHED,microsoft,2023-07-11T17:03:17.264Z,2025-02-28T21:07:06.118Z,9.8,3.1,,,,,,,1,2023-07-11T00:00:00.000Z,14wtpne,jrk79gu
CVE-2023-32154,PUBLISHED,zdi,2024-05-03T01:56:37.467Z,2024-09-20T20:29:37.468Z,7.5,3.0,CWE-787,,,,,Mikrotik,1,2023-05-23T00:00:00.000Z,13orosf,jl9sx46
CVE-2023-32233,PUBLISHED,mitre,2023-05-08T00:00:00.000Z,2025-05-05T15:58:00.672Z,,,,,,,,,5,2023-05-09T00:00:00.000Z,13d45ew,jjih8w9
CVE-2023-32233,PUBLISHED,mitre,2023-05-08T00:00:00.000Z,2025-05-05T15:58:00.672Z,,,,,,,,,1,2024-03-27T00:00:00.000Z,1bo9aap,kwsdyjr
CVE-2023-32233,PUBLISHED,mitre,2023-05-08T00:00:00.000Z,2025-05-05T15:58:00.672Z,,,,,,,,,58,2023-05-10T00:00:00.000Z,13dd18b,jjko8g9
CVE-2023-32233,PUBLISHED,mitre,2023-05-08T00:00:00.000Z,2025-05-05T15:58:00.672Z,,,,,,,,,16,2023-05-10T00:00:00.000Z,13dd18b,jjlu6k8
CVE-2023-32233,PUBLISHED,mitre,2023-05-08T00:00:00.000Z,2025-05-05T15:58:00.672Z,,,,,,,,,5,2023-05-11T00:00:00.000Z,13dd18b,jjplz1n
CVE-2023-32233,PUBLISHED,mitre,2023-05-08T00:00:00.000Z,2025-05-05T15:58:00.672Z,,,,,,,,,1,2023-05-13T00:00:00.000Z,13dd18b,jk06lbm
CVE-2023-32233,PUBLISHED,mitre,2023-05-08T00:00:00.000Z,2025-05-05T15:58:00.672Z,,,,,,,,,2,2023-05-15T00:00:00.000Z,13dd18b,jk9diet
CVE-2023-32233,PUBLISHED,mitre,2023-05-08T00:00:00.000Z,2025-05-05T15:58:00.672Z,,,,,,,,,332,2023-05-10T00:00:00.000Z,13dd18b,
CVE-2023-32434,PUBLISHED,apple,2023-06-23T00:00:00.000Z,2025-02-13T16:54:46.463Z,,,CWE-190,,,Multiple Products,Unknown,Apple,3,2023-07-06T00:00:00.000Z,14rvcpm,jquaq0e
CVE-2023-32460,PUBLISHED,dell,2023-12-08T05:37:52.680Z,2024-08-02T15:18:37.251Z,8.8,3.1,CWE-306,,,,,,3,2023-12-08T00:00:00.000Z,18dybsh,
CVE-2023-32560,PUBLISHED,hackerone,2023-08-10T19:07:38.628Z,2025-03-06T15:46:27.791Z,8.8,3.0,,remote,windows,,,,1,2023-08-21T00:00:00.000Z,15xbwm6,
CVE-2023-32629,PUBLISHED,canonical,2023-07-26T01:59:47.061Z,2025-02-13T16:54:52.620Z,7.8,3.1,CWE-863,,,,,,1,2023-07-28T00:00:00.000Z,15by9f4,
CVE-2023-32784,PUBLISHED,mitre,2023-05-15T00:00:00.000Z,2025-01-23T19:29:40.475Z,,,,,,,,,13,2023-05-18T00:00:00.000Z,13l22sf,jko154s
CVE-2023-32784,PUBLISHED,mitre,2023-05-15T00:00:00.000Z,2025-01-23T19:29:40.475Z,,,,,,,,,9,2023-05-18T00:00:00.000Z,13l22sf,jkodrdb
CVE-2023-32784,PUBLISHED,mitre,2023-05-15T00:00:00.000Z,2025-01-23T19:29:40.475Z,,,,,,,,,17,2023-07-04T00:00:00.000Z,14q9y5p,jqos76u
CVE-2023-32784,PUBLISHED,mitre,2023-05-15T00:00:00.000Z,2025-01-23T19:29:40.475Z,,,,,,,,,1,2023-05-18T00:00:00.000Z,13klk78,jkmjxl2
CVE-2023-32784,PUBLISHED,mitre,2023-05-15T00:00:00.000Z,2025-01-23T19:29:40.475Z,,,,,,,,,53,2023-05-18T00:00:00.000Z,13lbyfn,
CVE-2023-33148,PUBLISHED,microsoft,2023-07-11T17:02:16.278Z,2025-02-28T20:30:21.079Z,7.8,3.1,,remote,multiple,,,,1,2023-07-24T00:00:00.000Z,1580dqy,jta9af8
CVE-2023-33148,PUBLISHED,microsoft,2023-07-11T17:02:16.278Z,2025-02-28T20:30:21.079Z,7.8,3.1,,remote,multiple,,,,1,2023-07-24T00:00:00.000Z,1580dqy,jtad38j
CVE-2023-33148,PUBLISHED,microsoft,2023-07-11T17:02:16.278Z,2025-02-28T20:30:21.079Z,7.8,3.1,,remote,multiple,,,,1,2023-07-24T00:00:00.000Z,1580dqy,
CVE-2023-33151,PUBLISHED,microsoft,2023-07-11T17:02:18.559Z,2025-02-28T19:40:08.530Z,6.5,3.1,,,,,,,1,2023-08-18T00:00:00.000Z,15ssoob,jwrzwpn
CVE-2023-33297,PUBLISHED,mitre,2023-05-22T00:00:00.000Z,2025-01-28T17:20:52.010Z,,,,,,,,,12,2024-01-11T00:00:00.000Z,193unnz,khf2g26
CVE-2023-34048,PUBLISHED,vmware,2023-10-25T04:21:42.267Z,2024-08-19T07:47:56.653Z,9.8,3.1,CWE-787,,,vCenter Server,Unknown,VMware,1,2023-10-25T00:00:00.000Z,17g47tw,k6fuiom
CVE-2023-34048,PUBLISHED,vmware,2023-10-25T04:21:42.267Z,2024-08-19T07:47:56.653Z,9.8,3.1,CWE-787,,,vCenter Server,Unknown,VMware,1,2023-10-30T00:00:00.000Z,17k1ncd,
CVE-2023-34048,PUBLISHED,vmware,2023-10-25T04:21:42.267Z,2024-08-19T07:47:56.653Z,9.8,3.1,CWE-787,,,vCenter Server,Unknown,VMware,1,2023-10-25T00:00:00.000Z,17g47tw,
CVE-2023-34362,PUBLISHED,mitre,2023-06-02T00:00:00,2024-08-02T16:10:06.378Z,,,CWE-89,,,MOVEit Transfer,Known,Progress,5,2024-02-23T00:00:00.000Z,1axzhdp,krrbkrg
CVE-2023-34362,PUBLISHED,mitre,2023-06-02T00:00:00,2024-08-02T16:10:06.378Z,,,CWE-89,,,MOVEit Transfer,Known,Progress,7,2023-06-02T00:00:00.000Z,13ycqhh,jmnr14y
CVE-2023-34362,PUBLISHED,mitre,2023-06-02T00:00:00,2024-08-02T16:10:06.378Z,,,CWE-89,,,MOVEit Transfer,Known,Progress,1,2023-06-07T00:00:00.000Z,1438x2i,jnaa2xw
CVE-2023-34362,PUBLISHED,mitre,2023-06-02T00:00:00,2024-08-02T16:10:06.378Z,,,CWE-89,,,MOVEit Transfer,Known,Progress,4,2023-06-10T00:00:00.000Z,145zoux,jnnm78l
CVE-2023-34362,PUBLISHED,mitre,2023-06-02T00:00:00,2024-08-02T16:10:06.378Z,,,CWE-89,,,MOVEit Transfer,Known,Progress,3,2023-06-10T00:00:00.000Z,145zoux,jnojykh
CVE-2023-34362,PUBLISHED,mitre,2023-06-02T00:00:00,2024-08-02T16:10:06.378Z,,,CWE-89,,,MOVEit Transfer,Known,Progress,1,2023-07-16T00:00:00.000Z,151bnru,js8oo80
CVE-2023-34362,PUBLISHED,mitre,2023-06-02T00:00:00,2024-08-02T16:10:06.378Z,,,CWE-89,,,MOVEit Transfer,Known,Progress,5,2023-11-10T00:00:00.000Z,17s4swe,k8p2af3
CVE-2023-34362,PUBLISHED,mitre,2023-06-02T00:00:00,2024-08-02T16:10:06.378Z,,,CWE-89,,,MOVEit Transfer,Known,Progress,1,2023-06-05T00:00:00.000Z,1411h17,jmzx3uu
CVE-2023-34362,PUBLISHED,mitre,2023-06-02T00:00:00,2024-08-02T16:10:06.378Z,,,CWE-89,,,MOVEit Transfer,Known,Progress,-1,2023-06-07T00:00:00.000Z,143f8dw,jn9ojga
CVE-2023-34362,PUBLISHED,mitre,2023-06-02T00:00:00,2024-08-02T16:10:06.378Z,,,CWE-89,,,MOVEit Transfer,Known,Progress,2,2023-06-07T00:00:00.000Z,13xjs1y,jnabaon
CVE-2023-34362,PUBLISHED,mitre,2023-06-02T00:00:00,2024-08-02T16:10:06.378Z,,,CWE-89,,,MOVEit Transfer,Known,Progress,2,2023-06-02T00:00:00.000Z,13wxuej,jmmno4b
CVE-2023-34362,PUBLISHED,mitre,2023-06-02T00:00:00,2024-08-02T16:10:06.378Z,,,CWE-89,,,MOVEit Transfer,Known,Progress,2,2023-06-07T00:00:00.000Z,13wxuej,jnaaonj
CVE-2023-34362,PUBLISHED,mitre,2023-06-02T00:00:00,2024-08-02T16:10:06.378Z,,,CWE-89,,,MOVEit Transfer,Known,Progress,5,2023-07-06T00:00:00.000Z,14sbtei,jqwy3ku
CVE-2023-34362,PUBLISHED,mitre,2023-06-02T00:00:00,2024-08-02T16:10:06.378Z,,,CWE-89,,,MOVEit Transfer,Known,Progress,3,2023-07-11T00:00:00.000Z,14wtpne,jrk8tv3
CVE-2023-34362,PUBLISHED,mitre,2023-06-02T00:00:00,2024-08-02T16:10:06.378Z,,,CWE-89,,,MOVEit Transfer,Known,Progress,336,2023-06-09T00:00:00.000Z,145djcg,
CVE-2023-34362,PUBLISHED,mitre,2023-06-02T00:00:00,2024-08-02T16:10:06.378Z,,,CWE-89,,,MOVEit Transfer,Known,Progress,1,2023-08-14T00:00:00.000Z,15r3c56,
CVE-2023-34362,PUBLISHED,mitre,2023-06-02T00:00:00,2024-08-02T16:10:06.378Z,,,CWE-89,,,MOVEit Transfer,Known,Progress,1,2023-10-04T00:00:00.000Z,16zw65d,
CVE-2023-34362,PUBLISHED,mitre,2023-06-02T00:00:00,2024-08-02T16:10:06.378Z,,,CWE-89,,,MOVEit Transfer,Known,Progress,135,2023-06-14T00:00:00.000Z,149eyux,
CVE-2023-34362,PUBLISHED,mitre,2023-06-02T00:00:00,2024-08-02T16:10:06.378Z,,,CWE-89,,,MOVEit Transfer,Known,Progress,12,2023-08-14T00:00:00.000Z,15r31jd,
CVE-2023-34362,PUBLISHED,mitre,2023-06-02T00:00:00,2024-08-02T16:10:06.378Z,,,CWE-89,,,MOVEit Transfer,Known,Progress,102,2023-06-01T00:00:00.000Z,13xjs1y,
CVE-2023-34362,PUBLISHED,mitre,2023-06-02T00:00:00,2024-08-02T16:10:06.378Z,,,CWE-89,,,MOVEit Transfer,Known,Progress,22,2023-07-06T00:00:00.000Z,14sbtei,
CVE-2023-34362,PUBLISHED,mitre,2023-06-02T00:00:00,2024-08-02T16:10:06.378Z,,,CWE-89,,,MOVEit Transfer,Known,Progress,1,2023-10-04T00:00:00.000Z,16zwsbh,
CVE-2023-34634,PUBLISHED,mitre,2023-08-01T00:00:00,2024-10-23T20:45:48.709Z,,,,local,windows,,,,1,2024-12-13T00:00:00.000Z,1hc4e9x,m1udyox
CVE-2023-34723,PUBLISHED,mitre,2023-08-25T00:00:00,2024-10-02T19:09:58.595Z,,,,remote,hardware,,,,33,2023-08-29T00:00:00.000Z,16419h5,
CVE-2023-34990,PUBLISHED,fortinet,2024-12-18T12:44:38.664Z,2024-12-20T04:55:50.572Z,9.6,3.1,CWE-23,,,,,,11,2024-12-19T00:00:00.000Z,1hi23mj,
CVE-2023-34990,PUBLISHED,fortinet,2024-12-18T12:44:38.664Z,2024-12-20T04:55:50.572Z,9.6,3.1,CWE-23,,,,,,5,2024-12-19T00:00:00.000Z,1hi2470,
CVE-2023-35036,PUBLISHED,mitre,2023-06-12T00:00:00,2025-01-03T18:41:17.905Z,,,,,,,,,10,2023-06-15T00:00:00.000Z,14aa6gf,jo9g5ps
CVE-2023-35078,PUBLISHED,hackerone,2023-07-25T06:08:38.441Z,2024-08-02T16:23:57.598Z,10.0,3.0,CWE-287,,,Endpoint Manager Mobile (EPMM),Known,Ivanti,1,2023-07-25T00:00:00.000Z,158zmfv,jtdn38b
CVE-2023-35078,PUBLISHED,hackerone,2023-07-25T06:08:38.441Z,2024-08-02T16:23:57.598Z,10.0,3.0,CWE-287,,,Endpoint Manager Mobile (EPMM),Known,Ivanti,4,2023-07-26T00:00:00.000Z,15acejw,jtkxpr9
CVE-2023-35078,PUBLISHED,hackerone,2023-07-25T06:08:38.441Z,2024-08-02T16:23:57.598Z,10.0,3.0,CWE-287,,,Endpoint Manager Mobile (EPMM),Known,Ivanti,1,2023-08-08T00:00:00.000Z,15lkmhv,jvbufuq
CVE-2023-35187,PUBLISHED,SolarWinds,2023-10-19T14:24:33.720Z,2024-09-13T15:35:58.950Z,8.8,3.1,CWE-22,,,,,SolarWinds,1,2023-10-22T00:00:00.000Z,17dy80k,
CVE-2023-35187,PUBLISHED,SolarWinds,2023-10-19T14:24:33.720Z,2024-09-13T15:35:58.950Z,8.8,3.1,CWE-22,,,,,SolarWinds,1,2023-10-22T00:00:00.000Z,17dy016,
CVE-2023-35187,PUBLISHED,SolarWinds,2023-10-19T14:24:33.720Z,2024-09-13T15:35:58.950Z,8.8,3.1,CWE-22,,,,,SolarWinds,1,2023-10-22T00:00:00.000Z,17dy2hg,
CVE-2023-3519,PUBLISHED,Citrix,2023-07-19T17:51:39.739Z,2025-02-13T16:55:49.344Z,9.8,3.1,CWE-94,,,NetScaler ADC and NetScaler Gateway,Known,Citrix,1,2023-09-06T00:00:00.000Z,1534eo0,jzberl7
CVE-2023-3519,PUBLISHED,Citrix,2023-07-19T17:51:39.739Z,2025-02-13T16:55:49.344Z,9.8,3.1,CWE-94,,,NetScaler ADC and NetScaler Gateway,Known,Citrix,1,2023-07-20T00:00:00.000Z,151r0d4,jss5y5b
CVE-2023-3519,PUBLISHED,Citrix,2023-07-19T17:51:39.739Z,2025-02-13T16:55:49.344Z,9.8,3.1,CWE-94,,,NetScaler ADC and NetScaler Gateway,Known,Citrix,1,2023-07-18T00:00:00.000Z,15341md,jsh4iel
CVE-2023-3519,PUBLISHED,Citrix,2023-07-19T17:51:39.739Z,2025-02-13T16:55:49.344Z,9.8,3.1,CWE-94,,,NetScaler ADC and NetScaler Gateway,Known,Citrix,1,2023-07-18T00:00:00.000Z,15341md,jsi12y8
CVE-2023-3519,PUBLISHED,Citrix,2023-07-19T17:51:39.739Z,2025-02-13T16:55:49.344Z,9.8,3.1,CWE-94,,,NetScaler ADC and NetScaler Gateway,Known,Citrix,1,2023-09-06T00:00:00.000Z,155hz6z,jzbfe6h
CVE-2023-3519,PUBLISHED,Citrix,2023-07-19T17:51:39.739Z,2025-02-13T16:55:49.344Z,9.8,3.1,CWE-94,,,NetScaler ADC and NetScaler Gateway,Known,Citrix,1,2023-07-21T00:00:00.000Z,154kmbv,jsu0ee8
CVE-2023-3519,PUBLISHED,Citrix,2023-07-19T17:51:39.739Z,2025-02-13T16:55:49.344Z,9.8,3.1,CWE-94,,,NetScaler ADC and NetScaler Gateway,Known,Citrix,1,2023-07-24T00:00:00.000Z,158e6pj,
CVE-2023-3519,PUBLISHED,Citrix,2023-07-19T17:51:39.739Z,2025-02-13T16:55:49.344Z,9.8,3.1,CWE-94,,,NetScaler ADC and NetScaler Gateway,Known,Citrix,1,2023-07-20T00:00:00.000Z,154zh7p,
CVE-2023-3519,PUBLISHED,Citrix,2023-07-19T17:51:39.739Z,2025-02-13T16:55:49.344Z,9.8,3.1,CWE-94,,,NetScaler ADC and NetScaler Gateway,Known,Citrix,1,2023-07-25T00:00:00.000Z,1599ej5,
CVE-2023-3519,PUBLISHED,Citrix,2023-07-19T17:51:39.739Z,2025-02-13T16:55:49.344Z,9.8,3.1,CWE-94,,,NetScaler ADC and NetScaler Gateway,Known,Citrix,1,2023-07-25T00:00:00.000Z,1599el7,
CVE-2023-35311,PUBLISHED,microsoft,2023-07-11T17:03:27.227Z,2025-02-04T17:54:16.581Z,8.8,3.1,CWE-367,,,Outlook,Unknown,Microsoft,-3,2023-07-11T00:00:00.000Z,14wtpne,jrkkipi
CVE-2023-35311,PUBLISHED,microsoft,2023-07-11T17:03:27.227Z,2025-02-04T17:54:16.581Z,8.8,3.1,CWE-367,,,Outlook,Unknown,Microsoft,1,2023-07-18T00:00:00.000Z,14yoa76,jsh5yxe
CVE-2023-35311,PUBLISHED,microsoft,2023-07-11T17:03:27.227Z,2025-02-04T17:54:16.581Z,8.8,3.1,CWE-367,,,Outlook,Unknown,Microsoft,1,2023-08-10T00:00:00.000Z,14yoa76,jvl4hhw
CVE-2023-35331,PUBLISHED,microsoft,2023-07-11T17:02:44.688Z,2025-01-01T01:52:18.801Z,6.5,3.1,,,,,,,8,2023-09-22T00:00:00.000Z,16oxfvf,
CVE-2023-35348,PUBLISHED,microsoft,2023-07-11T17:02:53.674Z,2025-01-01T01:52:27.374Z,6.5,3.1,,,,,,,1,2023-07-11T00:00:00.000Z,14wtpne,jrl2cmm
CVE-2023-35365,PUBLISHED,microsoft,2023-07-11T17:03:01.069Z,2025-01-01T01:52:34.821Z,9.8,3.1,,,,,,,1,2023-07-12T00:00:00.000Z,14wtpne,jrqdxh6
CVE-2023-35618,PUBLISHED,microsoft,2023-12-07T20:45:51.513Z,2025-01-01T02:18:29.528Z,9.6,3.1,,,,,,,2,2023-12-12T00:00:00.000Z,18gp6pc,kd2zpbb
CVE-2023-35636,PUBLISHED,microsoft,2023-12-12T18:10:55.641Z,2025-01-01T02:18:44.099Z,6.5,3.1,,,,,,,1,2024-01-11T00:00:00.000Z,191twx3,kheqn75
CVE-2023-35674,PUBLISHED,google_android,2023-09-11T20:09:53.580Z,2025-02-04T16:16:26.062Z,,,,,,Framework,Unknown,Android,1,2023-09-12T00:00:00.000Z,16gtnhy,k0ab1d6
CVE-2023-35708,PUBLISHED,mitre,2023-06-16T00:00:00.000Z,2025-02-13T16:55:54.522Z,,,,,,,,,158,2023-06-23T00:00:00.000Z,14h0py3,
CVE-2023-35785,PUBLISHED,mitre,2023-08-28T00:00:00,2024-08-02T16:30:45.335Z,,,,,,,,,1,2023-06-23T00:00:00.000Z,14h1j6p,
CVE-2023-3595,PUBLISHED,Rockwell,2023-07-12T12:37:01.939Z,2024-08-02T07:01:57.031Z,9.8,3.1,CWE-787,,,,,,1,2023-09-01T00:00:00.000Z,166q153,jynoou2
CVE-2023-36019,PUBLISHED,microsoft,2023-12-12T18:10:44.773Z,2025-01-01T02:18:32.466Z,9.6,3.1,,,,,,,1,2024-03-13T00:00:00.000Z,1bcp2ql,kuonjsi
CVE-2023-36025,PUBLISHED,microsoft,2023-11-14T17:57:39.104Z,2025-04-29T23:34:47.472Z,8.8,3.1,,,,Windows,Unknown,Microsoft,8,2023-11-14T00:00:00.000Z,17v5ckh,k992ef1
CVE-2023-36028,PUBLISHED,microsoft,2023-11-14T17:57:34.892Z,2025-04-29T23:34:46.916Z,9.8,3.1,,,,,,,5,2023-11-15T00:00:00.000Z,17v5ckh,k9e4y5v
CVE-2023-36028,PUBLISHED,microsoft,2023-11-14T17:57:34.892Z,2025-04-29T23:34:46.916Z,9.8,3.1,,,,,,,13,2023-12-12T00:00:00.000Z,18gn0e2,kd1r6sy
CVE-2023-36028,PUBLISHED,microsoft,2023-11-14T17:57:34.892Z,2025-04-29T23:34:46.916Z,9.8,3.1,,,,,,,11,2023-12-12T00:00:00.000Z,18gn0e2,kd1szny
CVE-2023-3609,PUBLISHED,Google,2023-07-21T20:47:12.172Z,2025-03-05T18:48:12.763Z,7.8,3.1,CWE-416,,,,,,44,2024-06-05T00:00:00.000Z,1d8vh20,l7af4jr
CVE-2023-36434,PUBLISHED,microsoft,2023-10-10T17:08:04.159Z,2025-04-14T22:46:36.022Z,9.8,3.1,,,,,,,1,2023-10-19T00:00:00.000Z,17bfurt,
CVE-2023-36439,PUBLISHED,microsoft,2023-11-14T17:57:17.367Z,2025-04-29T23:34:14.294Z,8.0,3.1,,,,,,,13,2023-11-20T00:00:00.000Z,17zkxwd,
CVE-2023-36563,PUBLISHED,microsoft,2023-10-10T17:08:01.384Z,2025-04-14T22:46:32.820Z,6.5,3.1,CWE-20,,,WordPad,Unknown,Microsoft,1,2023-10-10T00:00:00.000Z,174ncwy,k4b1h8k
CVE-2023-36661,PUBLISHED,mitre,2023-06-25T00:00:00.000Z,2025-05-05T15:56:49.910Z,,,,,,,,,10,2024-02-08T00:00:00.000Z,1alhcvi,kpfph1r
CVE-2023-36661,PUBLISHED,mitre,2023-06-25T00:00:00.000Z,2025-05-05T15:56:49.910Z,,,,,,,,,53,2024-02-07T00:00:00.000Z,1alhcvi,
CVE-2023-3676,PUBLISHED,kubernetes,2023-10-31T20:22:53.620Z,2025-02-27T20:38:37.768Z,8.8,3.1,CWE-20,,,,,,1,2023-09-17T00:00:00.000Z,16l7ndt,
CVE-2023-3676,PUBLISHED,kubernetes,2023-10-31T20:22:53.620Z,2025-02-27T20:38:37.768Z,8.8,3.1,CWE-20,,,,,,1,2023-09-17T00:00:00.000Z,16l8fuu,
CVE-2023-36761,PUBLISHED,microsoft,2023-09-12T16:58:46.043Z,2025-02-04T16:34:39.646Z,6.5,3.1,CWE-668,,,Word,Unknown,Microsoft,1,2023-09-13T00:00:00.000Z,16hxhbh,
CVE-2023-36764,PUBLISHED,microsoft,2023-09-12T16:58:44.461Z,2025-02-27T20:53:43.905Z,8.8,3.1,,,,,,,1,2023-09-19T00:00:00.000Z,16mr9le,
CVE-2023-36769,PUBLISHED,microsoft,2023-11-06T22:51:21.878Z,2025-02-28T19:33:32.737Z,4.6,3.1,,,,,,,1,2023-08-17T00:00:00.000Z,15lkmhv,jwl3jd0
CVE-2023-36845,PUBLISHED,juniper,2023-08-17T19:17:57.183Z,2025-02-13T16:56:28.897Z,9.8,3.1,CWE-473,,,Junos OS,Unknown,Juniper,1,2023-09-25T00:00:00.000Z,16rvooj,
CVE-2023-36884,PUBLISHED,microsoft,2023-07-11T18:14:23.245Z,2025-02-03T16:40:05.115Z,7.5,3.1,CWE-362,,,Windows,Known,Microsoft,3,2023-07-12T00:00:00.000Z,14wtpne,jrmbzwd
CVE-2023-36884,PUBLISHED,microsoft,2023-07-11T18:14:23.245Z,2025-02-03T16:40:05.115Z,7.5,3.1,CWE-362,,,Windows,Known,Microsoft,1,2023-07-13T00:00:00.000Z,14wtpne,jrv0cnr
CVE-2023-36884,PUBLISHED,microsoft,2023-07-11T18:14:23.245Z,2025-02-03T16:40:05.115Z,7.5,3.1,CWE-362,,,Windows,Known,Microsoft,1,2023-07-15T00:00:00.000Z,150j751,js3v9fu
CVE-2023-36884,PUBLISHED,microsoft,2023-07-11T18:14:23.245Z,2025-02-03T16:40:05.115Z,7.5,3.1,CWE-362,,,Windows,Known,Microsoft,1,2023-07-20T00:00:00.000Z,154x3tt,jsrcyg3
CVE-2023-36884,PUBLISHED,microsoft,2023-07-11T18:14:23.245Z,2025-02-03T16:40:05.115Z,7.5,3.1,CWE-362,,,Windows,Known,Microsoft,1,2023-07-21T00:00:00.000Z,1543cm5,jswtfho
CVE-2023-36884,PUBLISHED,microsoft,2023-07-11T18:14:23.245Z,2025-02-03T16:40:05.115Z,7.5,3.1,CWE-362,,,Windows,Known,Microsoft,1,2023-07-24T00:00:00.000Z,14wtpne,jtadbhh
CVE-2023-36884,PUBLISHED,microsoft,2023-07-11T18:14:23.245Z,2025-02-03T16:40:05.115Z,7.5,3.1,CWE-362,,,Windows,Known,Microsoft,1,2023-07-27T00:00:00.000Z,15axp4m,jtppx60
CVE-2023-36884,PUBLISHED,microsoft,2023-07-11T18:14:23.245Z,2025-02-03T16:40:05.115Z,7.5,3.1,CWE-362,,,Windows,Known,Microsoft,1,2023-08-08T00:00:00.000Z,15lkmhv,jvbo8kh
CVE-2023-36884,PUBLISHED,microsoft,2023-07-11T18:14:23.245Z,2025-02-03T16:40:05.115Z,7.5,3.1,CWE-362,,,Windows,Known,Microsoft,1,2023-08-10T00:00:00.000Z,15jy693,jvjhrce
CVE-2023-36884,PUBLISHED,microsoft,2023-07-11T18:14:23.245Z,2025-02-03T16:40:05.115Z,7.5,3.1,CWE-362,,,Windows,Known,Microsoft,1,2023-08-10T00:00:00.000Z,15lkmhv,jvjiy7n
CVE-2023-36884,PUBLISHED,microsoft,2023-07-11T18:14:23.245Z,2025-02-03T16:40:05.115Z,7.5,3.1,CWE-362,,,Windows,Known,Microsoft,1,2023-08-10T00:00:00.000Z,15lkmhv,jvlcdy6
CVE-2023-36884,PUBLISHED,microsoft,2023-07-11T18:14:23.245Z,2025-02-03T16:40:05.115Z,7.5,3.1,CWE-362,,,Windows,Known,Microsoft,1,2023-08-11T00:00:00.000Z,15lkmhv,jvs8smo
CVE-2023-36884,PUBLISHED,microsoft,2023-07-11T18:14:23.245Z,2025-02-03T16:40:05.115Z,7.5,3.1,CWE-362,,,Windows,Known,Microsoft,1,2024-01-14T00:00:00.000Z,196ppdp,
CVE-2023-36884,PUBLISHED,microsoft,2023-07-11T18:14:23.245Z,2025-02-03T16:40:05.115Z,7.5,3.1,CWE-362,,,Windows,Known,Microsoft,1,2023-07-12T00:00:00.000Z,14xuk8z,
CVE-2023-36884,PUBLISHED,microsoft,2023-07-11T18:14:23.245Z,2025-02-03T16:40:05.115Z,7.5,3.1,CWE-362,,,Windows,Known,Microsoft,1,2023-07-16T00:00:00.000Z,151317y,
CVE-2023-36884,PUBLISHED,microsoft,2023-07-11T18:14:23.245Z,2025-02-03T16:40:05.115Z,7.5,3.1,CWE-362,,,Windows,Known,Microsoft,1,2023-07-19T00:00:00.000Z,153v08p,
CVE-2023-36884,PUBLISHED,microsoft,2023-07-11T18:14:23.245Z,2025-02-03T16:40:05.115Z,7.5,3.1,CWE-362,,,Windows,Known,Microsoft,1,2023-07-19T00:00:00.000Z,1543cm5,
CVE-2023-36884,PUBLISHED,microsoft,2023-07-11T18:14:23.245Z,2025-02-03T16:40:05.115Z,7.5,3.1,CWE-362,,,Windows,Known,Microsoft,1,2023-08-06T00:00:00.000Z,15jy693,
CVE-2023-36887,PUBLISHED,microsoft,2023-07-14T17:54:34.275Z,2025-02-28T20:26:18.615Z,7.8,3.1,,,,,,,1,2023-12-30T00:00:00.000Z,18nwxsp,kflghg4
CVE-2023-36910,PUBLISHED,microsoft,2023-08-08T17:08:28.449Z,2025-02-27T21:08:42.685Z,9.8,3.1,,,,,,,1,2023-08-08T00:00:00.000Z,15lkmhv,jvbr7cs
CVE-2023-36910,PUBLISHED,microsoft,2023-08-08T17:08:28.449Z,2025-02-27T21:08:42.685Z,9.8,3.1,,,,,,,1,2023-08-08T00:00:00.000Z,15lkmhv,jvci4i2
CVE-2023-36934,PUBLISHED,mitre,2023-07-05T00:00:00,2024-11-21T14:36:15.648Z,9.8,,,,,,,Progress Software,1,2023-07-07T00:00:00.000Z,14td42m,jr1oi1e
CVE-2023-36934,PUBLISHED,mitre,2023-07-05T00:00:00,2024-11-21T14:36:15.648Z,9.8,,,,,,,Progress Software,2,2023-07-13T00:00:00.000Z,14wtpne,jrsnz9m
CVE-2023-37476,PUBLISHED,GitHub_M,2023-07-17T21:02:46.588Z,2025-06-10T15:30:33.285Z,5.5,3.1,CWE-22,,,,,,1,2023-10-02T00:00:00.000Z,16xsnxj,
CVE-2023-37920,PUBLISHED,GitHub_M,2023-07-25T20:45:35.286Z,2025-03-05T18:47:15.819Z,7.5,3.1,CWE-345,,,,,,1,2024-07-14T00:00:00.000Z,1e39mmq,
CVE-2023-38035,PUBLISHED,hackerone,2023-08-21T16:51:20.678Z,2025-02-13T17:01:43.786Z,,,CWE-863,,,Sentry,Known,Ivanti,2,2024-02-28T00:00:00.000Z,1b279sl,ksjsv6h
CVE-2023-38039,PUBLISHED,hackerone,2023-09-15T03:21:54.348Z,2025-02-13T17:01:44.367Z,,,,,,,,,1,2023-10-07T00:00:00.000Z,172fgoy,k3wc0w2
CVE-2023-38170,PUBLISHED,microsoft,2023-08-08T17:08:43.944Z,2025-01-01T01:59:01.369Z,7.8,3.1,,,,,,,1,2023-08-08T00:00:00.000Z,15lkmhv,jvd5lpi
CVE-2023-38170,PUBLISHED,microsoft,2023-08-08T17:08:43.944Z,2025-01-01T01:59:01.369Z,7.8,3.1,,,,,,,1,2023-08-11T00:00:00.000Z,15nsat4,
CVE-2023-38170,PUBLISHED,microsoft,2023-08-08T17:08:43.944Z,2025-01-01T01:59:01.369Z,7.8,3.1,,,,,,,1,2023-08-18T00:00:00.000Z,15ua2w0,
CVE-2023-38174,PUBLISHED,microsoft,2023-12-07T20:45:52.230Z,2025-01-01T02:18:31.311Z,4.3,3.1,,,,,,,3,2023-12-13T00:00:00.000Z,18ffij4,kd7m5lc
CVE-2023-38175,PUBLISHED,microsoft,2023-08-08T17:08:42.860Z,2025-02-27T21:07:35.302Z,7.8,3.1,,,,,,,2,2024-04-05T00:00:00.000Z,1bwc3v8,ky51ftj
CVE-2023-38175,PUBLISHED,microsoft,2023-08-08T17:08:42.860Z,2025-02-27T21:07:35.302Z,7.8,3.1,,,,,,,1,2023-08-22T00:00:00.000Z,15ykiof,
CVE-2023-38178,PUBLISHED,microsoft,2023-08-08T17:08:57.014Z,2025-01-01T01:59:15.830Z,7.5,3.1,,,,,,,1,2023-08-09T00:00:00.000Z,15lkmhv,jvh5157
CVE-2023-38185,PUBLISHED,microsoft,2023-08-08T17:08:41.686Z,2025-02-27T21:07:43.934Z,8.8,3.1,,,,,,,1,2023-08-19T00:00:00.000Z,15vesv6,jwx1k78
CVE-2023-3824,PUBLISHED,php,2023-08-11T05:48:34.082Z,2025-02-13T17:01:48.673Z,9.4,3.1,CWE-119,,,,,,19,2024-02-26T00:00:00.000Z,1b0wswj,
CVE-2023-3824,PUBLISHED,php,2023-08-11T05:48:34.082Z,2025-02-13T17:01:48.673Z,9.4,3.1,CWE-119,,,,,,4,2024-03-19T00:00:00.000Z,1bia17f,
CVE-2023-3824,PUBLISHED,php,2023-08-11T05:48:34.082Z,2025-02-13T17:01:48.673Z,9.4,3.1,CWE-119,,,,,,4,2024-03-19T00:00:00.000Z,1bia9hx,
CVE-2023-38408,PUBLISHED,mitre,2023-07-20T00:00:00,2024-10-15T18:33:21.591Z,,,,,,,,,1,2023-09-15T00:00:00.000Z,16isma0,k0nvubh
CVE-2023-38408,PUBLISHED,mitre,2023-07-20T00:00:00,2024-10-15T18:33:21.591Z,,,,,,,,,1,2023-09-15T00:00:00.000Z,16isma0,k0nxrpb
CVE-2023-38408,PUBLISHED,mitre,2023-07-20T00:00:00,2024-10-15T18:33:21.591Z,,,,,,,,,5,2024-08-22T00:00:00.000Z,1eypqbw,
CVE-2023-38545,PUBLISHED,hackerone,2023-10-18T03:52:00.816Z,2025-05-01T03:55:06.157Z,,,,,,,,,1,2023-10-11T00:00:00.000Z,173oiob,k4d9sjh
CVE-2023-38545,PUBLISHED,hackerone,2023-10-18T03:52:00.816Z,2025-05-01T03:55:06.157Z,,,,,,,,,1,2023-10-11T00:00:00.000Z,175535g,k4dvtt3
CVE-2023-38545,PUBLISHED,hackerone,2023-10-18T03:52:00.816Z,2025-05-01T03:55:06.157Z,,,,,,,,,1,2023-10-11T00:00:00.000Z,170ewp5,k4di9n1
CVE-2023-38545,PUBLISHED,hackerone,2023-10-18T03:52:00.816Z,2025-05-01T03:55:06.157Z,,,,,,,,,1,2023-10-11T00:00:00.000Z,1755c9y,k4dxqza
CVE-2023-38545,PUBLISHED,hackerone,2023-10-18T03:52:00.816Z,2025-05-01T03:55:06.157Z,,,,,,,,,1,2023-10-27T00:00:00.000Z,1757y88,k6pid6s
CVE-2023-38545,PUBLISHED,hackerone,2023-10-18T03:52:00.816Z,2025-05-01T03:55:06.157Z,,,,,,,,,9,2023-11-07T00:00:00.000Z,17pyv1z,k88ikjk
CVE-2023-38545,PUBLISHED,hackerone,2023-10-18T03:52:00.816Z,2025-05-01T03:55:06.157Z,,,,,,,,,4,2023-11-07T00:00:00.000Z,17pyv1z,k88je49
CVE-2023-38545,PUBLISHED,hackerone,2023-10-18T03:52:00.816Z,2025-05-01T03:55:06.157Z,,,,,,,,,1,2023-11-09T00:00:00.000Z,17r9o9a,k8iqtch
CVE-2023-38545,PUBLISHED,hackerone,2023-10-18T03:52:00.816Z,2025-05-01T03:55:06.157Z,,,,,,,,,2,2023-11-14T00:00:00.000Z,17v5ckh,k99njv8
CVE-2023-38545,PUBLISHED,hackerone,2023-10-18T03:52:00.816Z,2025-05-01T03:55:06.157Z,,,,,,,,,8,2023-11-15T00:00:00.000Z,17v5ckh,k9ao2tx
CVE-2023-38545,PUBLISHED,hackerone,2023-10-18T03:52:00.816Z,2025-05-01T03:55:06.157Z,,,,,,,,,2,2023-11-15T00:00:00.000Z,17v5ckh,k9dhods
CVE-2023-38545,PUBLISHED,hackerone,2023-10-18T03:52:00.816Z,2025-05-01T03:55:06.157Z,,,,,,,,,4,2023-11-15T00:00:00.000Z,17v5ckh,k9eexv0
CVE-2023-38545,PUBLISHED,hackerone,2023-10-18T03:52:00.816Z,2025-05-01T03:55:06.157Z,,,,,,,,,2,2023-11-16T00:00:00.000Z,17q3hr9,k9i40vw
CVE-2023-38545,PUBLISHED,hackerone,2023-10-18T03:52:00.816Z,2025-05-01T03:55:06.157Z,,,,,,,,,5,2024-05-14T00:00:00.000Z,1crk56o,l40excy
CVE-2023-38545,PUBLISHED,hackerone,2023-10-18T03:52:00.816Z,2025-05-01T03:55:06.157Z,,,,,,,,,10,2024-05-16T00:00:00.000Z,1ctdbjd,l4b7khc
CVE-2023-38545,PUBLISHED,hackerone,2023-10-18T03:52:00.816Z,2025-05-01T03:55:06.157Z,,,,,,,,,1,2023-10-16T00:00:00.000Z,179fop6,
CVE-2023-38545,PUBLISHED,hackerone,2023-10-18T03:52:00.816Z,2025-05-01T03:55:06.157Z,,,,,,,,,1,2023-10-11T00:00:00.000Z,1755c9y,
CVE-2023-38545,PUBLISHED,hackerone,2023-10-18T03:52:00.816Z,2025-05-01T03:55:06.157Z,,,,,,,,,14,2023-11-07T00:00:00.000Z,17q3hr9,
CVE-2023-38545,PUBLISHED,hackerone,2023-10-18T03:52:00.816Z,2025-05-01T03:55:06.157Z,,,,,,,,,1,2023-11-08T00:00:00.000Z,17qnfb6,
CVE-2023-38546,PUBLISHED,hackerone,2023-10-18T03:51:31.276Z,2025-02-13T17:01:53.507Z,,,,,,,,,1,2023-10-12T00:00:00.000Z,175r6o5,k4j1twx
CVE-2023-38547,PUBLISHED,hackerone,2023-11-07T06:17:31.617Z,2025-03-06T15:33:18.141Z,9.9,3.0,,,,,,,10,2024-05-23T00:00:00.000Z,1cyoay6,
CVE-2023-38547,PUBLISHED,hackerone,2023-11-07T06:17:31.617Z,2025-03-06T15:33:18.141Z,9.9,3.0,,,,,,,72,2023-11-06T00:00:00.000Z,17paskr,
CVE-2023-38802,PUBLISHED,mitre,2023-08-29T00:00:00,2024-10-02T14:46:51.117Z,,,,,,,,,1,2023-08-29T00:00:00.000Z,164gzrt,jy9zr05
CVE-2023-38831,PUBLISHED,mitre,2023-08-23T00:00:00,2024-12-18T17:48:09.676Z,,,CWE-351,,,WinRAR,Known,RARLAB,1,2023-09-02T00:00:00.000Z,1680vle,jyt6shi
CVE-2023-38831,PUBLISHED,mitre,2023-08-23T00:00:00,2024-12-18T17:48:09.676Z,,,CWE-351,,,WinRAR,Known,RARLAB,1,2023-10-21T00:00:00.000Z,17cqgk8,k5rwwpq
CVE-2023-38831,PUBLISHED,mitre,2023-08-23T00:00:00,2024-12-18T17:48:09.676Z,,,CWE-351,,,WinRAR,Known,RARLAB,1,2023-08-28T00:00:00.000Z,163r3wn,
CVE-2023-38831,PUBLISHED,mitre,2023-08-23T00:00:00,2024-12-18T17:48:09.676Z,,,CWE-351,,,WinRAR,Known,RARLAB,6,2023-12-08T00:00:00.000Z,18di5lm,
CVE-2023-38831,PUBLISHED,mitre,2023-08-23T00:00:00,2024-12-18T17:48:09.676Z,,,CWE-351,,,WinRAR,Known,RARLAB,4,2023-12-09T00:00:00.000Z,18ef2gg,
CVE-2023-38831,PUBLISHED,mitre,2023-08-23T00:00:00,2024-12-18T17:48:09.676Z,,,CWE-351,,,WinRAR,Known,RARLAB,1,2023-08-24T00:00:00.000Z,1603oxt,
CVE-2023-39143,PUBLISHED,mitre,2023-08-04T00:00:00.000Z,2025-05-05T15:56:10.491Z,,,,,,,,,1,2023-08-04T00:00:00.000Z,15i15bq,
CVE-2023-39336,PUBLISHED,hackerone,2024-01-09T01:33:05.875Z,2025-06-03T14:33:22.988Z,9.6,3.0,,,,,,,3,2024-01-23T00:00:00.000Z,19dswfm,
CVE-2023-40036,PUBLISHED,GitHub_M,2023-08-25T19:58:33.936Z,2024-10-01T16:03:53.516Z,5.5,3.1,CWE-120,,,,,,1,2024-01-26T00:00:00.000Z,1abbnne,kjoywiw
CVE-2023-40044,PUBLISHED,ProgressSoftware,2023-09-27T14:48:08.190Z,2025-02-13T17:03:22.410Z,10.0,3.1,CWE-502,,,WS_FTP Server,Known,Progress,1,2023-09-29T00:00:00.000Z,16vgmcr,k2qttxf
CVE-2023-40044,PUBLISHED,ProgressSoftware,2023-09-27T14:48:08.190Z,2025-02-13T17:03:22.410Z,10.0,3.1,CWE-502,,,WS_FTP Server,Known,Progress,1,2023-10-18T00:00:00.000Z,17an7yu,k5epbp5
CVE-2023-40044,PUBLISHED,ProgressSoftware,2023-09-27T14:48:08.190Z,2025-02-13T17:03:22.410Z,10.0,3.1,CWE-502,,,WS_FTP Server,Known,Progress,1,2023-10-06T00:00:00.000Z,171e4jn,
CVE-2023-40044,PUBLISHED,ProgressSoftware,2023-09-27T14:48:08.190Z,2025-02-13T17:03:22.410Z,10.0,3.1,CWE-502,,,WS_FTP Server,Known,Progress,1,2023-09-29T00:00:00.000Z,16vfyh5,
CVE-2023-40044,PUBLISHED,ProgressSoftware,2023-09-27T14:48:08.190Z,2025-02-13T17:03:22.410Z,10.0,3.1,CWE-502,,,WS_FTP Server,Known,Progress,1,2023-10-02T00:00:00.000Z,16y3962,
CVE-2023-40164,PUBLISHED,GitHub_M,2023-08-25T20:12:58.877Z,2024-10-02T14:52:01.393Z,5.5,3.1,CWE-120,,,,,,1,2023-09-27T00:00:00.000Z,16tkvu4,
CVE-2023-40238,PUBLISHED,mitre,2023-12-07T00:00:00,2024-08-02T18:24:55.918Z,,,,,,,,,1,2023-12-08T00:00:00.000Z,18cht7z,kckao03
CVE-2023-40477,PUBLISHED,zdi,2024-05-03T02:11:12.905Z,2024-08-02T18:31:53.902Z,7.8,3.0,CWE-129,,,,,RARLAB,1,2023-08-22T00:00:00.000Z,15yag0t,jxbpbc5
CVE-2023-40547,PUBLISHED,redhat,2024-01-25T15:54:23.102Z,2024-11-24T14:19:00.724Z,8.3,3.1,CWE-787,,,,,,17,2024-02-07T00:00:00.000Z,1al6fwg,kpckmj2
CVE-2023-40547,PUBLISHED,redhat,2024-01-25T15:54:23.102Z,2024-11-24T14:19:00.724Z,8.3,3.1,CWE-787,,,,,,5,2024-02-08T00:00:00.000Z,1al6fwg,kpfnbdr
CVE-2023-40931,PUBLISHED,mitre,2023-09-19T00:00:00,2024-09-25T14:26:23.515Z,,,,,,,,,1,2023-09-26T00:00:00.000Z,16sydjj,
CVE-2023-41064,PUBLISHED,apple,2023-09-07T17:30:10.904Z,2025-02-13T17:08:50.409Z,,,CWE-120,,,"iOS, iPadOS, and macOS",Unknown,Apple,1,2024-11-13T00:00:00.000Z,1gpwcf1,lwuah5q
CVE-2023-41064,PUBLISHED,apple,2023-09-07T17:30:10.904Z,2025-02-13T17:08:50.409Z,,,CWE-120,,,"iOS, iPadOS, and macOS",Unknown,Apple,1,2023-09-21T00:00:00.000Z,16ooziz,k1mjfmb
CVE-2023-41064,PUBLISHED,apple,2023-09-07T17:30:10.904Z,2025-02-13T17:08:50.409Z,,,CWE-120,,,"iOS, iPadOS, and macOS",Unknown,Apple,1,2023-09-14T00:00:00.000Z,16i7sck,
CVE-2023-41265,PUBLISHED,mitre,2023-08-29T00:00:00,2024-08-02T18:54:05.059Z,9.6,3.1,CWE-444,,,Sense,Known,Qlik,2,2024-01-17T00:00:00.000Z,198xkai,
CVE-2023-41990,PUBLISHED,apple,2023-09-11T23:29:26.660Z,2025-02-03T13:59:31.427Z,,,,,,Multiple Products,Unknown,Apple,6,2024-01-01T00:00:00.000Z,18vnpac,kfwal6t
CVE-2023-41991,PUBLISHED,apple,2023-09-21T18:23:48.974Z,2025-02-04T15:15:22.417Z,,,CWE-295,,,Multiple Products,Unknown,Apple,1,2023-09-24T00:00:00.000Z,16qssz5,
CVE-2023-41992,PUBLISHED,apple,2023-09-21T18:23:49.779Z,2025-02-04T16:33:59.523Z,,,CWE-754,,,Multiple Products,Unknown,Apple,1,2023-09-27T00:00:00.000Z,16teato,k2ggpqv
CVE-2023-41993,PUBLISHED,apple,2023-09-21T18:23:52.197Z,2025-02-13T17:09:12.791Z,,,CWE-754,,,Multiple Products,Unknown,Apple,2,2024-05-17T00:00:00.000Z,1cu9c83,l4hsgno
CVE-2023-41993,PUBLISHED,apple,2023-09-21T18:23:52.197Z,2025-02-13T17:09:12.791Z,,,CWE-754,,,Multiple Products,Unknown,Apple,1,2023-09-28T00:00:00.000Z,16teato,k2l15ms
CVE-2023-4211,PUBLISHED,Arm,2023-10-01T17:00:27.113Z,2025-02-04T14:08:40.152Z,,,CWE-416,,,Mali GPU Kernel Driver,Unknown,Arm,1,2023-10-03T00:00:00.000Z,16yjpk1,
CVE-2023-42115,PUBLISHED,zdi,2024-05-03T02:13:23.745Z,2024-09-20T19:51:52.263Z,9.8,3.0,CWE-787,,,,,Exim,1,2023-10-02T00:00:00.000Z,16xo4e6,
CVE-2023-42118,PUBLISHED,zdi,2024-05-03T02:13:26.055Z,2025-03-28T12:04:20.804Z,7.5,3.0,CWE-191,,,,,Exim,1,2023-10-15T00:00:00.000Z,178mbjz,k516767
CVE-2023-42326,PUBLISHED,mitre,2023-11-14T00:00:00,2024-08-02T19:16:51.038Z,,,,,,,,,13,2024-04-14T00:00:00.000Z,1c3sxkr,kzkl5os
CVE-2023-42326,PUBLISHED,mitre,2023-11-14T00:00:00,2024-08-02T19:16:51.038Z,,,,,,,,,3,2024-04-12T00:00:00.000Z,1c23979,kz90co6
CVE-2023-42793,PUBLISHED,JetBrains,2023-09-19T16:57:29.245Z,2025-02-04T19:04:33.332Z,9.8,3.1,CWE-288,remote,java,TeamCity,Known,JetBrains,180,2023-12-18T00:00:00.000Z,18lboou,kdx7u4i
CVE-2023-42793,PUBLISHED,JetBrains,2023-09-19T16:57:29.245Z,2025-02-04T19:04:33.332Z,9.8,3.1,CWE-288,remote,java,TeamCity,Known,JetBrains,4,2023-12-19T00:00:00.000Z,18m0691,
CVE-2023-42793,PUBLISHED,JetBrains,2023-09-19T16:57:29.245Z,2025-02-04T19:04:33.332Z,9.8,3.1,CWE-288,remote,java,TeamCity,Known,JetBrains,21,2023-12-15T00:00:00.000Z,18j2edi,
CVE-2023-42793,PUBLISHED,JetBrains,2023-09-19T16:57:29.245Z,2025-02-04T19:04:33.332Z,9.8,3.1,CWE-288,remote,java,TeamCity,Known,JetBrains,1,2023-12-20T00:00:00.000Z,18mow1h,
CVE-2023-43641,PUBLISHED,GitHub_M,2023-10-09T21:01:04.603Z,2025-02-13T17:13:25.983Z,8.8,3.1,CWE-787,,,,,,1,2023-12-31T00:00:00.000Z,18nwxsp,kfng0jj
CVE-2023-43641,PUBLISHED,GitHub_M,2023-10-09T21:01:04.603Z,2025-02-13T17:13:25.983Z,8.8,3.1,CWE-787,,,,,,1,2023-12-31T00:00:00.000Z,18nwxsp,kfnnjr3
CVE-2023-43654,PUBLISHED,GitHub_M,2023-09-28T22:10:09.497Z,2025-02-13T17:13:27.341Z,10.0,3.1,CWE-918,,,,,,1,2023-10-03T00:00:00.000Z,16z0ma2,
CVE-2023-43785,PUBLISHED,redhat,2023-10-10T12:26:02.015Z,2024-11-23T02:02:39.835Z,6.5,3.1,CWE-787,,,,,,7,2024-05-13T00:00:00.000Z,1cqpxyo,l3u9est
CVE-2023-44221,PUBLISHED,sonicwall,2023-12-05T20:10:35.186Z,2025-05-02T03:55:15.317Z,,,CWE-78,,,SMA100 Appliances,Unknown,SonicWall,2,2023-12-08T00:00:00.000Z,18df0xp,kcja8o6
CVE-2023-44487,PUBLISHED,mitre,2023-10-10T00:00:00.000Z,2025-06-07T20:05:34.376Z,,,CWE-400,,,HTTP/2,Unknown,IETF,1,2023-10-16T00:00:00.000Z,1791shj,k549wp2
CVE-2023-44487,PUBLISHED,mitre,2023-10-10T00:00:00.000Z,2025-06-07T20:05:34.376Z,,,CWE-400,,,HTTP/2,Unknown,IETF,1,2023-10-10T00:00:00.000Z,174ncwy,k4av6wr
CVE-2023-44487,PUBLISHED,mitre,2023-10-10T00:00:00.000Z,2025-06-07T20:05:34.376Z,,,CWE-400,,,HTTP/2,Unknown,IETF,1,2023-10-10T00:00:00.000Z,174ncwy,k4b0mi3
CVE-2023-44487,PUBLISHED,mitre,2023-10-10T00:00:00.000Z,2025-06-07T20:05:34.376Z,,,CWE-400,,,HTTP/2,Unknown,IETF,1,2023-10-13T00:00:00.000Z,176zeud,
CVE-2023-44487,PUBLISHED,mitre,2023-10-10T00:00:00.000Z,2025-06-07T20:05:34.376Z,,,CWE-400,,,HTTP/2,Unknown,IETF,1,2023-10-18T00:00:00.000Z,17afuze,
CVE-2023-44487,PUBLISHED,mitre,2023-10-10T00:00:00.000Z,2025-06-07T20:05:34.376Z,,,CWE-400,,,HTTP/2,Unknown,IETF,2,2024-06-05T00:00:00.000Z,1d8ygx3,
CVE-2023-44487,PUBLISHED,mitre,2023-10-10T00:00:00.000Z,2025-06-07T20:05:34.376Z,,,CWE-400,,,HTTP/2,Unknown,IETF,2,2024-09-13T00:00:00.000Z,1ffl3sp,
CVE-2023-4487,PUBLISHED,icscert,2023-09-05T22:55:45.047Z,2025-01-16T21:30:31.371Z,7.8,3.1,CWE-114,,,,,,1,2023-10-16T00:00:00.000Z,1791wi9,k53fsg7
CVE-2023-4487,PUBLISHED,icscert,2023-09-05T22:55:45.047Z,2025-01-16T21:30:31.371Z,7.8,3.1,CWE-114,,,,,,1,2023-10-15T00:00:00.000Z,178mhqq,
CVE-2023-4487,PUBLISHED,icscert,2023-09-05T22:55:45.047Z,2025-01-16T21:30:31.371Z,7.8,3.1,CWE-114,,,,,,1,2023-10-15T00:00:00.000Z,178mi2b,
CVE-2023-45282,PUBLISHED,mitre,2023-10-06T00:00:00,2024-09-19T18:51:56.552Z,,,,,,,,,3,2024-11-22T00:00:00.000Z,1gxhrs4,
CVE-2023-45282,PUBLISHED,mitre,2023-10-06T00:00:00,2024-09-19T18:51:56.552Z,,,,,,,,,14,2024-11-22T00:00:00.000Z,1gxhnkz,
CVE-2023-45282,PUBLISHED,mitre,2023-10-06T00:00:00,2024-09-19T18:51:56.552Z,,,,,,,,,21,2024-11-22T00:00:00.000Z,1gxhpmv,
CVE-2023-45648,PUBLISHED,apache,2023-10-10T18:38:34.097Z,2025-06-16T16:59:51.137Z,,,CWE-20,,,,,,1,2023-12-16T00:00:00.000Z,18jv487,
CVE-2023-45741,PUBLISHED,jpcert,2023-12-26T07:28:42.765Z,2024-08-02T20:29:32.411Z,,,,,,,,,1,2023-12-25T00:00:00.000Z,18qrslf,kewr5zg
CVE-2023-45741,PUBLISHED,jpcert,2023-12-26T07:28:42.765Z,2024-08-02T20:29:32.411Z,,,,,,,,,2,2023-12-25T00:00:00.000Z,18qrudw,kex0m7x
CVE-2023-45866,PUBLISHED,mitre,2023-12-08T00:00:00,2024-08-02T20:29:32.567Z,,,,,,,,,9,2023-12-19T00:00:00.000Z,18lrluk,ke1axvb
CVE-2023-45866,PUBLISHED,mitre,2023-12-08T00:00:00,2024-08-02T20:29:32.567Z,,,,,,,,,10,2024-01-10T00:00:00.000Z,1931s2f,kh6q7no
CVE-2023-45866,PUBLISHED,mitre,2023-12-08T00:00:00,2024-08-02T20:29:32.567Z,,,,,,,,,1,2024-01-10T00:00:00.000Z,1931s2f,kh6qy1t
CVE-2023-45866,PUBLISHED,mitre,2023-12-08T00:00:00,2024-08-02T20:29:32.567Z,,,,,,,,,12,2024-03-26T00:00:00.000Z,1bo4h0r,kwmnw6m
CVE-2023-45866,PUBLISHED,mitre,2023-12-08T00:00:00,2024-08-02T20:29:32.567Z,,,,,,,,,4,2023-12-10T00:00:00.000Z,18favn4,kctsxih
CVE-2023-45866,PUBLISHED,mitre,2023-12-08T00:00:00,2024-08-02T20:29:32.567Z,,,,,,,,,1,2024-02-17T00:00:00.000Z,1at0nmr,
CVE-2023-45866,PUBLISHED,mitre,2023-12-08T00:00:00,2024-08-02T20:29:32.567Z,,,,,,,,,20,2024-01-10T00:00:00.000Z,1931s2f,
CVE-2023-46218,PUBLISHED,hackerone,2023-12-07T01:10:34.846Z,2025-02-13T17:14:19.396Z,,,,,,,,,22,2024-05-18T00:00:00.000Z,1cv5dia,l4n9gxh
CVE-2023-46218,PUBLISHED,hackerone,2023-12-07T01:10:34.846Z,2025-02-13T17:14:19.396Z,,,,,,,,,33,2024-05-18T00:00:00.000Z,1cv5dia,
CVE-2023-46604,PUBLISHED,apache,2023-10-27T14:59:31.046Z,2025-02-13T17:14:25.793Z,10.0,3.1,CWE-502,,,ActiveMQ,Known,Delta Electronics,1,2023-11-23T00:00:00.000Z,18198qh,kafnbxt
CVE-2023-46604,PUBLISHED,apache,2023-10-27T14:59:31.046Z,2025-02-13T17:14:25.793Z,10.0,3.1,CWE-502,,,ActiveMQ,Known,Delta Electronics,32,2023-11-14T00:00:00.000Z,17v5ckh,k98u8ws
CVE-2023-46604,PUBLISHED,apache,2023-10-27T14:59:31.046Z,2025-02-13T17:14:25.793Z,10.0,3.1,CWE-502,,,ActiveMQ,Known,Delta Electronics,6,2023-11-23T00:00:00.000Z,181waqz,
CVE-2023-46604,PUBLISHED,apache,2023-10-27T14:59:31.046Z,2025-02-13T17:14:25.793Z,10.0,3.1,CWE-502,,,ActiveMQ,Known,Delta Electronics,35,2023-11-02T00:00:00.000Z,17mhg92,
CVE-2023-46604,PUBLISHED,apache,2023-10-27T14:59:31.046Z,2025-02-13T17:14:25.793Z,10.0,3.1,CWE-502,,,ActiveMQ,Known,Delta Electronics,1,2023-11-22T00:00:00.000Z,18198qh,
CVE-2023-46604,PUBLISHED,apache,2023-10-27T14:59:31.046Z,2025-02-13T17:14:25.793Z,10.0,3.1,CWE-502,,,ActiveMQ,Known,Delta Electronics,28,2023-11-04T00:00:00.000Z,17nrsto,
CVE-2023-46747,PUBLISHED,f5,2023-10-26T20:04:53.929Z,2025-02-13T17:14:34.384Z,9.8,3.1,CWE-288,,,BIG-IP Configuration Utility,Known,F5,1,2023-10-30T00:00:00.000Z,17jtqtv,
CVE-2023-46747,PUBLISHED,f5,2023-10-26T20:04:53.929Z,2025-02-13T17:14:34.384Z,9.8,3.1,CWE-288,,,BIG-IP Configuration Utility,Known,F5,1,2023-11-06T00:00:00.000Z,17p5ju3,
CVE-2023-46805,PUBLISHED,hackerone,2024-01-12T17:02:16.452Z,2025-02-13T17:14:35.487Z,8.2,3.0,CWE-287,,,Connect Secure and Policy Secure,Unknown,Ivanti,3,2024-01-10T00:00:00.000Z,193k7c1,kh9r0jg
CVE-2023-46805,PUBLISHED,hackerone,2024-01-12T17:02:16.452Z,2025-02-13T17:14:35.487Z,8.2,3.0,CWE-287,,,Connect Secure and Policy Secure,Unknown,Ivanti,3,2024-02-10T00:00:00.000Z,1ancw5s,kpt85sx
CVE-2023-46805,PUBLISHED,hackerone,2024-01-12T17:02:16.452Z,2025-02-13T17:14:35.487Z,8.2,3.0,CWE-287,,,Connect Secure and Policy Secure,Unknown,Ivanti,17,2024-12-12T00:00:00.000Z,1hcutu5,m1rfl3o
CVE-2023-46805,PUBLISHED,hackerone,2024-01-12T17:02:16.452Z,2025-02-13T17:14:35.487Z,8.2,3.0,CWE-287,,,Connect Secure and Policy Secure,Unknown,Ivanti,52,2024-12-20T00:00:00.000Z,1hieb0l,m2y9e3d
CVE-2023-46805,PUBLISHED,hackerone,2024-01-12T17:02:16.452Z,2025-02-13T17:14:35.487Z,8.2,3.0,CWE-287,,,Connect Secure and Policy Secure,Unknown,Ivanti,126,2024-12-24T00:00:00.000Z,1hlb7zj,m3ksspa
CVE-2023-46805,PUBLISHED,hackerone,2024-01-12T17:02:16.452Z,2025-02-13T17:14:35.487Z,8.2,3.0,CWE-287,,,Connect Secure and Policy Secure,Unknown,Ivanti,2,2024-01-29T00:00:00.000Z,1adxtgt,kk45xsq
CVE-2023-46805,PUBLISHED,hackerone,2024-01-12T17:02:16.452Z,2025-02-13T17:14:35.487Z,8.2,3.0,CWE-287,,,Connect Secure and Policy Secure,Unknown,Ivanti,1,2024-01-31T00:00:00.000Z,1981o2g,kobnjy2
CVE-2023-46805,PUBLISHED,hackerone,2024-01-12T17:02:16.452Z,2025-02-13T17:14:35.487Z,8.2,3.0,CWE-287,,,Connect Secure and Policy Secure,Unknown,Ivanti,1,2024-02-12T00:00:00.000Z,1ao3471,kq1qaqp
CVE-2023-46805,PUBLISHED,hackerone,2024-01-12T17:02:16.452Z,2025-02-13T17:14:35.487Z,8.2,3.0,CWE-287,,,Connect Secure and Policy Secure,Unknown,Ivanti,6,2024-02-22T00:00:00.000Z,1awlh01,krjdhrj
CVE-2023-46805,PUBLISHED,hackerone,2024-01-12T17:02:16.452Z,2025-02-13T17:14:35.487Z,8.2,3.0,CWE-287,,,Connect Secure and Policy Secure,Unknown,Ivanti,3,2024-01-11T00:00:00.000Z,193vp7y,
CVE-2023-46805,PUBLISHED,hackerone,2024-01-12T17:02:16.452Z,2025-02-13T17:14:35.487Z,8.2,3.0,CWE-287,,,Connect Secure and Policy Secure,Unknown,Ivanti,2,2024-01-10T00:00:00.000Z,193ki7n,
CVE-2023-46805,PUBLISHED,hackerone,2024-01-12T17:02:16.452Z,2025-02-13T17:14:35.487Z,8.2,3.0,CWE-287,,,Connect Secure and Policy Secure,Unknown,Ivanti,18,2024-01-31T00:00:00.000Z,1afpk5n,
CVE-2023-4807,PUBLISHED,openssl,2023-09-08T11:01:53.663Z,2025-05-01T03:55:15.113Z,,,CWE-440,,,,,,14,2024-05-11T00:00:00.000Z,1cpk2li,l3l9lxr
CVE-2023-4807,PUBLISHED,openssl,2023-09-08T11:01:53.663Z,2025-05-01T03:55:15.113Z,,,CWE-440,,,,,,1,2024-12-06T00:00:00.000Z,1h7ckf8,m0rmx18
CVE-2023-4823,PUBLISHED,WPScan,2023-10-31T13:54:42.835Z,2025-04-23T16:10:34.712Z,,,,,,,,,1,2023-09-27T00:00:00.000Z,16teato,k2f7g9j
CVE-2023-4863,PUBLISHED,Chrome,2023-09-12T14:24:59.275Z,2025-02-13T17:18:19.245Z,,,CWE-787,,,Chromium WebP,Unknown,Google,5,2024-02-06T00:00:00.000Z,1ajlnyq,kp7zl9j
CVE-2023-4863,PUBLISHED,Chrome,2023-09-12T14:24:59.275Z,2025-02-13T17:18:19.245Z,,,CWE-787,,,Chromium WebP,Unknown,Google,1,2023-12-10T00:00:00.000Z,18e95da,kcr21lz
CVE-2023-4863,PUBLISHED,Chrome,2023-09-12T14:24:59.275Z,2025-02-13T17:18:19.245Z,,,CWE-787,,,Chromium WebP,Unknown,Google,1,2023-09-28T00:00:00.000Z,16tkvu4,k2jqv0c
CVE-2023-4863,PUBLISHED,Chrome,2023-09-12T14:24:59.275Z,2025-02-13T17:18:19.245Z,,,CWE-787,,,Chromium WebP,Unknown,Google,1,2023-09-29T00:00:00.000Z,16tkvu4,k2rhlsb
CVE-2023-4863,PUBLISHED,Chrome,2023-09-12T14:24:59.275Z,2025-02-13T17:18:19.245Z,,,CWE-787,,,Chromium WebP,Unknown,Google,1,2023-09-29T00:00:00.000Z,16tx8t1,k2rid2k
CVE-2023-4863,PUBLISHED,Chrome,2023-09-12T14:24:59.275Z,2025-02-13T17:18:19.245Z,,,CWE-787,,,Chromium WebP,Unknown,Google,1,2023-09-27T00:00:00.000Z,16teato,k2g23l1
CVE-2023-4863,PUBLISHED,Chrome,2023-09-12T14:24:59.275Z,2025-02-13T17:18:19.245Z,,,CWE-787,,,Chromium WebP,Unknown,Google,1,2023-09-27T00:00:00.000Z,16teato,k2gs0tb
CVE-2023-4863,PUBLISHED,Chrome,2023-09-12T14:24:59.275Z,2025-02-13T17:18:19.245Z,,,CWE-787,,,Chromium WebP,Unknown,Google,1,2023-09-27T00:00:00.000Z,16teato,k2gvfzj
CVE-2023-4863,PUBLISHED,Chrome,2023-09-12T14:24:59.275Z,2025-02-13T17:18:19.245Z,,,CWE-787,,,Chromium WebP,Unknown,Google,1,2023-09-27T00:00:00.000Z,16teato,k2hwiam
CVE-2023-4863,PUBLISHED,Chrome,2023-09-12T14:24:59.275Z,2025-02-13T17:18:19.245Z,,,CWE-787,,,Chromium WebP,Unknown,Google,1,2023-09-27T00:00:00.000Z,16teato,k2hwqry
CVE-2023-4863,PUBLISHED,Chrome,2023-09-12T14:24:59.275Z,2025-02-13T17:18:19.245Z,,,CWE-787,,,Chromium WebP,Unknown,Google,1,2023-09-28T00:00:00.000Z,16teato,k2if3vm
CVE-2023-4863,PUBLISHED,Chrome,2023-09-12T14:24:59.275Z,2025-02-13T17:18:19.245Z,,,CWE-787,,,Chromium WebP,Unknown,Google,1,2023-09-28T00:00:00.000Z,16teato,k2if976
CVE-2023-4863,PUBLISHED,Chrome,2023-09-12T14:24:59.275Z,2025-02-13T17:18:19.245Z,,,CWE-787,,,Chromium WebP,Unknown,Google,1,2023-09-28T00:00:00.000Z,16teato,k2j2b2z
CVE-2023-4863,PUBLISHED,Chrome,2023-09-12T14:24:59.275Z,2025-02-13T17:18:19.245Z,,,CWE-787,,,Chromium WebP,Unknown,Google,1,2023-09-28T00:00:00.000Z,16twcth,k2jmi05
CVE-2023-4863,PUBLISHED,Chrome,2023-09-12T14:24:59.275Z,2025-02-13T17:18:19.245Z,,,CWE-787,,,Chromium WebP,Unknown,Google,1,2023-09-28T00:00:00.000Z,16twcth,k2jx4qh
CVE-2023-4863,PUBLISHED,Chrome,2023-09-12T14:24:59.275Z,2025-02-13T17:18:19.245Z,,,CWE-787,,,Chromium WebP,Unknown,Google,1,2023-09-28T00:00:00.000Z,16teato,k2k30n1
CVE-2023-4863,PUBLISHED,Chrome,2023-09-12T14:24:59.275Z,2025-02-13T17:18:19.245Z,,,CWE-787,,,Chromium WebP,Unknown,Google,1,2023-09-29T00:00:00.000Z,16vc57c,k2rtmke
CVE-2023-4863,PUBLISHED,Chrome,2023-09-12T14:24:59.275Z,2025-02-13T17:18:19.245Z,,,CWE-787,,,Chromium WebP,Unknown,Google,2,2024-02-15T00:00:00.000Z,16bsrhk,kqkmx81
CVE-2023-4863,PUBLISHED,Chrome,2023-09-12T14:24:59.275Z,2025-02-13T17:18:19.245Z,,,CWE-787,,,Chromium WebP,Unknown,Google,1,2024-08-04T00:00:00.000Z,1ek7fcs,
CVE-2023-4863,PUBLISHED,Chrome,2023-09-12T14:24:59.275Z,2025-02-13T17:18:19.245Z,,,CWE-787,,,Chromium WebP,Unknown,Google,1,2024-08-05T00:00:00.000Z,1ek8wny,
CVE-2023-4863,PUBLISHED,Chrome,2023-09-12T14:24:59.275Z,2025-02-13T17:18:19.245Z,,,CWE-787,,,Chromium WebP,Unknown,Google,5,2023-10-15T00:00:00.000Z,178e5qg,
CVE-2023-4863,PUBLISHED,Chrome,2023-09-12T14:24:59.275Z,2025-02-13T17:18:19.245Z,,,CWE-787,,,Chromium WebP,Unknown,Google,1,2024-03-17T00:00:00.000Z,1bh8lun,
CVE-2023-4863,PUBLISHED,Chrome,2023-09-12T14:24:59.275Z,2025-02-13T17:18:19.245Z,,,CWE-787,,,Chromium WebP,Unknown,Google,1,2023-09-29T00:00:00.000Z,16uvel0,
CVE-2023-4863,PUBLISHED,Chrome,2023-09-12T14:24:59.275Z,2025-02-13T17:18:19.245Z,,,CWE-787,,,Chromium WebP,Unknown,Google,1,2023-11-22T00:00:00.000Z,181hcsl,
CVE-2023-4863,PUBLISHED,Chrome,2023-09-12T14:24:59.275Z,2025-02-13T17:18:19.245Z,,,CWE-787,,,Chromium WebP,Unknown,Google,45,2024-04-04T00:00:00.000Z,1bvybmd,
CVE-2023-48788,PUBLISHED,fortinet,2024-03-12T15:09:18.527Z,2024-08-16T14:38:41.507Z,9.3,3.1,CWE-89,,,FortiClient EMS,Known,Fortinet,1,2024-12-21T00:00:00.000Z,1hik4r3,m3761t7
CVE-2023-48795,PUBLISHED,mitre,2023-12-18T00:00:00.000Z,2025-05-14T19:34:00.891Z,,,,,,,,,1,2023-12-20T00:00:00.000Z,18mzscw,ke7cf4f
CVE-2023-48795,PUBLISHED,mitre,2023-12-18T00:00:00.000Z,2025-05-14T19:34:00.891Z,,,,,,,,,5,2023-12-21T00:00:00.000Z,18mzscw,ke959ag
CVE-2023-48795,PUBLISHED,mitre,2023-12-18T00:00:00.000Z,2025-05-14T19:34:00.891Z,,,,,,,,,1,2024-01-08T00:00:00.000Z,191jzke,kgw6ht8
CVE-2023-48795,PUBLISHED,mitre,2023-12-18T00:00:00.000Z,2025-05-14T19:34:00.891Z,,,,,,,,,6,2023-12-20T00:00:00.000Z,18mr9no,ke8l7fk
CVE-2023-48795,PUBLISHED,mitre,2023-12-18T00:00:00.000Z,2025-05-14T19:34:00.891Z,,,,,,,,,1,2024-07-12T00:00:00.000Z,1e1hum1,
CVE-2023-48795,PUBLISHED,mitre,2023-12-18T00:00:00.000Z,2025-05-14T19:34:00.891Z,,,,,,,,,1,2023-12-14T00:00:00.000Z,18idv52,
CVE-2023-48795,PUBLISHED,mitre,2023-12-18T00:00:00.000Z,2025-05-14T19:34:00.891Z,,,,,,,,,2,2023-12-25T00:00:00.000Z,18qgczi,
CVE-2023-49070,PUBLISHED,apache,2023-12-05T08:05:06.966Z,2025-02-13T17:18:28.237Z,,,CWE-94,,,,,,1,2024-01-09T00:00:00.000Z,19293vt,
CVE-2023-49103,PUBLISHED,mitre,2023-11-21T00:00:00.000Z,2025-01-27T22:24:27.772Z,10.0,3.1,,,,ownCloud graphapi,Unknown,ownCloud,17,2023-11-30T00:00:00.000Z,187q0vc,
CVE-2023-4911,PUBLISHED,redhat,2023-10-03T17:25:08.434Z,2025-04-30T19:48:05.645Z,7.8,3.1,CWE-122,,,GNU C Library,Unknown,GNU,1,2023-10-05T00:00:00.000Z,16zw5h8,k3ingoi
CVE-2023-4911,PUBLISHED,redhat,2023-10-03T17:25:08.434Z,2025-04-30T19:48:05.645Z,7.8,3.1,CWE-122,,,GNU C Library,Unknown,GNU,1,2023-10-05T00:00:00.000Z,16zv8q1,k3i8xbc
CVE-2023-49210,PUBLISHED,mitre,2023-11-23T00:00:00,2024-08-02T21:53:44.706Z,,,,,,,,,9,2024-06-05T00:00:00.000Z,1d7tf8e,l76itgz
CVE-2023-49210,PUBLISHED,mitre,2023-11-23T00:00:00,2024-08-02T21:53:44.706Z,,,,,,,,,3,2024-06-06T00:00:00.000Z,1d7tf8e,l7fks16
CVE-2023-49210,PUBLISHED,mitre,2023-11-23T00:00:00,2024-08-02T21:53:44.706Z,,,,,,,,,1,2024-06-12T00:00:00.000Z,1d7tf8e,l88yrbx
CVE-2023-49210,PUBLISHED,mitre,2023-11-23T00:00:00,2024-08-02T21:53:44.706Z,,,,,,,,,17,2024-06-04T00:00:00.000Z,1d7tf8e,
CVE-2023-4966,PUBLISHED,Citrix,2023-10-10T13:12:17.644Z,2025-02-13T17:18:49.582Z,9.4,3.1,CWE-119,,,NetScaler ADC and NetScaler Gateway,Known,Citrix,36,2023-11-10T00:00:00.000Z,17rrlvf,k8kyjcy
CVE-2023-4966,PUBLISHED,Citrix,2023-10-10T13:12:17.644Z,2025-02-13T17:18:49.582Z,9.4,3.1,CWE-119,,,NetScaler ADC and NetScaler Gateway,Known,Citrix,1,2023-11-27T00:00:00.000Z,184gfrp,kawo04j
CVE-2023-4966,PUBLISHED,Citrix,2023-10-10T13:12:17.644Z,2025-02-13T17:18:49.582Z,9.4,3.1,CWE-119,,,NetScaler ADC and NetScaler Gateway,Known,Citrix,1,2023-12-27T00:00:00.000Z,18sacab,kf6wbcs
CVE-2023-4966,PUBLISHED,Citrix,2023-10-10T13:12:17.644Z,2025-02-13T17:18:49.582Z,9.4,3.1,CWE-119,,,NetScaler ADC and NetScaler Gateway,Known,Citrix,9,2023-11-09T00:00:00.000Z,17rkvni,
CVE-2023-4966,PUBLISHED,Citrix,2023-10-10T13:12:17.644Z,2025-02-13T17:18:49.582Z,9.4,3.1,CWE-119,,,NetScaler ADC and NetScaler Gateway,Known,Citrix,120,2023-12-26T00:00:00.000Z,18rbqso,
CVE-2023-50164,PUBLISHED,apache,2023-12-07T08:49:19.853Z,2025-03-14T03:55:16.463Z,,,CWE-552,,,,,,4,2023-12-10T00:00:00.000Z,18f4udb,kcsgj4n
CVE-2023-50164,PUBLISHED,apache,2023-12-07T08:49:19.853Z,2025-03-14T03:55:16.463Z,,,CWE-552,,,,,,5,2023-12-10T00:00:00.000Z,18f4udb,kcsoby8
CVE-2023-50164,PUBLISHED,apache,2023-12-07T08:49:19.853Z,2025-03-14T03:55:16.463Z,,,CWE-552,,,,,,3,2023-12-11T00:00:00.000Z,18dy5x3,kcygl3v
CVE-2023-50164,PUBLISHED,apache,2023-12-07T08:49:19.853Z,2025-03-14T03:55:16.463Z,,,CWE-552,,,,,,1,2024-04-07T00:00:00.000Z,1bycawx,
CVE-2023-50164,PUBLISHED,apache,2023-12-07T08:49:19.853Z,2025-03-14T03:55:16.463Z,,,CWE-552,,,,,,1,2023-12-14T00:00:00.000Z,18ibj9b,
CVE-2023-50164,PUBLISHED,apache,2023-12-07T08:49:19.853Z,2025-03-14T03:55:16.463Z,,,CWE-552,,,,,,1,2023-12-14T00:00:00.000Z,18ibl5l,
CVE-2023-50358,PUBLISHED,qnap,2024-02-13T02:45:22.351Z,2025-05-09T18:16:31.828Z,5.8,3.1,CWE-78,,,,,,1,2024-02-16T00:00:00.000Z,1asb77q,
CVE-2023-50387,PUBLISHED,mitre,2024-02-14T00:00:00.000Z,2025-05-12T15:02:17.822Z,,,,,,,,,1,2024-02-23T00:00:00.000Z,1axjeh4,krpjyol
CVE-2023-50387,PUBLISHED,mitre,2024-02-14T00:00:00.000Z,2025-05-12T15:02:17.822Z,,,,,,,,,2,2024-02-23T00:00:00.000Z,1axjeh4,krr7p2q
CVE-2023-50387,PUBLISHED,mitre,2024-02-14T00:00:00.000Z,2025-05-12T15:02:17.822Z,,,,,,,,,1,2024-02-21T00:00:00.000Z,1awhg98,
CVE-2023-5058,PUBLISHED,Phoenix,2023-12-07T22:29:05.717Z,2025-02-13T17:19:27.746Z,,,CWE-20,,,,,,3,2023-12-07T00:00:00.000Z,18bubqf,kcda8y8
CVE-2023-50868,PUBLISHED,mitre,2024-02-14T00:00:00.000Z,2025-05-12T15:05:24.585Z,,,,,,,,,1,2024-06-11T00:00:00.000Z,1dd65v4,l85xnun
CVE-2023-5129,REJECTED,Google,2023-09-25T20:42:25.119Z,2023-09-27T20:39:31.615Z,,,,,,,,,1,2023-09-27T00:00:00.000Z,16tkvu4,k2fgwwu
CVE-2023-5129,REJECTED,Google,2023-09-25T20:42:25.119Z,2023-09-27T20:39:31.615Z,,,,,,,,,1,2023-09-27T00:00:00.000Z,16tkvu4,k2hgrro
CVE-2023-5129,REJECTED,Google,2023-09-25T20:42:25.119Z,2023-09-27T20:39:31.615Z,,,,,,,,,1,2023-09-27T00:00:00.000Z,16teato,k2eu60q
CVE-2023-5129,REJECTED,Google,2023-09-25T20:42:25.119Z,2023-09-27T20:39:31.615Z,,,,,,,,,1,2023-09-27T00:00:00.000Z,16teato,k2f5b7j
CVE-2023-5129,REJECTED,Google,2023-09-25T20:42:25.119Z,2023-09-27T20:39:31.615Z,,,,,,,,,1,2023-09-27T00:00:00.000Z,16teato,k2fcgkv
CVE-2023-5129,REJECTED,Google,2023-09-25T20:42:25.119Z,2023-09-27T20:39:31.615Z,,,,,,,,,1,2023-09-27T00:00:00.000Z,16teato,k2hx2cg
CVE-2023-5129,REJECTED,Google,2023-09-25T20:42:25.119Z,2023-09-27T20:39:31.615Z,,,,,,,,,1,2023-09-28T00:00:00.000Z,16twcth,k2je1pl
CVE-2023-5129,REJECTED,Google,2023-09-25T20:42:25.119Z,2023-09-27T20:39:31.615Z,,,,,,,,,1,2023-09-28T00:00:00.000Z,16u0hhi,k2jyeu8
CVE-2023-5129,REJECTED,Google,2023-09-25T20:42:25.119Z,2023-09-27T20:39:31.615Z,,,,,,,,,1,2023-09-28T00:00:00.000Z,16u0hhi,k2ksluw
CVE-2023-5129,REJECTED,Google,2023-09-25T20:42:25.119Z,2023-09-27T20:39:31.615Z,,,,,,,,,1,2023-09-27T00:00:00.000Z,16tddml,
CVE-2023-5129,REJECTED,Google,2023-09-25T20:42:25.119Z,2023-09-27T20:39:31.615Z,,,,,,,,,1,2023-09-27T00:00:00.000Z,16tok7a,
CVE-2023-5129,REJECTED,Google,2023-09-25T20:42:25.119Z,2023-09-27T20:39:31.615Z,,,,,,,,,1,2023-09-28T00:00:00.000Z,16u0i4f,
CVE-2023-5129,REJECTED,Google,2023-09-25T20:42:25.119Z,2023-09-27T20:39:31.615Z,,,,,,,,,4,2023-10-02T00:00:00.000Z,16y1eks,
CVE-2023-5129,REJECTED,Google,2023-09-25T20:42:25.119Z,2023-09-27T20:39:31.615Z,,,,,,,,,1,2023-10-03T00:00:00.000Z,16ysrq1,
CVE-2023-5129,REJECTED,Google,2023-09-25T20:42:25.119Z,2023-09-27T20:39:31.615Z,,,,,,,,,1,2023-09-27T00:00:00.000Z,16teato,
CVE-2023-5129,REJECTED,Google,2023-09-25T20:42:25.119Z,2023-09-27T20:39:31.615Z,,,,,,,,,1,2023-09-28T00:00:00.000Z,16u0hhi,
CVE-2023-51385,PUBLISHED,mitre,2023-12-18T00:00:00,2024-08-02T22:32:09.069Z,,,,,,,,,4,2023-12-22T00:00:00.000Z,18odl8g,kehrk3s
CVE-2023-51467,PUBLISHED,apache,2023-12-26T14:46:59.800Z,2024-08-19T07:48:14.509Z,,,,,,,,,1,2024-01-30T00:00:00.000Z,1aet81y,
CVE-2023-51630,PUBLISHED,zdi,2024-02-08T22:13:34.474Z,2024-08-02T22:40:33.954Z,8.8,3.0,CWE-79,,,,,Paessler,3,2024-12-21T00:00:00.000Z,1hi2l1r,m375xee
CVE-2023-5192,PUBLISHED,@huntrdev,2023-09-26T07:34:27.103Z,2024-09-24T14:21:53.364Z,6.1,3.0,CWE-1049,,,,,,1,2023-09-28T00:00:00.000Z,16twcth,k2j9299
CVE-2023-52160,PUBLISHED,mitre,2024-02-22T00:00:00,2024-08-27T19:44:51.735Z,,,,,,,,,19,2024-02-21T00:00:00.000Z,1avyroo,kre6v7d
CVE-2023-52160,PUBLISHED,mitre,2024-02-22T00:00:00,2024-08-27T19:44:51.735Z,,,,,,,,,37,2024-02-21T00:00:00.000Z,1avyroo,krey079
CVE-2023-5217,PUBLISHED,Chrome,2023-09-28T15:23:18.340Z,2025-02-13T17:20:00.251Z,,,CWE-787,,,Chromium libvpx,Unknown,Google,1,2023-09-29T00:00:00.000Z,16vgp3f,k2qub97
CVE-2023-5217,PUBLISHED,Chrome,2023-09-28T15:23:18.340Z,2025-02-13T17:20:00.251Z,,,CWE-787,,,Chromium libvpx,Unknown,Google,1,2023-10-27T00:00:00.000Z,17gds1y,k6orvt1
CVE-2023-5217,PUBLISHED,Chrome,2023-09-28T15:23:18.340Z,2025-02-13T17:20:00.251Z,,,CWE-787,,,Chromium libvpx,Unknown,Google,1,2023-09-29T00:00:00.000Z,16v1qf7,
CVE-2023-5217,PUBLISHED,Chrome,2023-09-28T15:23:18.340Z,2025-02-13T17:20:00.251Z,,,CWE-787,,,Chromium libvpx,Unknown,Google,1,2023-10-01T00:00:00.000Z,16x70br,
CVE-2023-5217,PUBLISHED,Chrome,2023-09-28T15:23:18.340Z,2025-02-13T17:20:00.251Z,,,CWE-787,,,Chromium libvpx,Unknown,Google,1,2023-10-01T00:00:00.000Z,16x6ttv,
CVE-2023-5217,PUBLISHED,Chrome,2023-09-28T15:23:18.340Z,2025-02-13T17:20:00.251Z,,,CWE-787,,,Chromium libvpx,Unknown,Google,1,2023-10-14T00:00:00.000Z,177xuwq,
CVE-2023-52424,PUBLISHED,mitre,2024-05-17T20:28:13.039Z,2025-02-13T15:46:59.936Z,,,,,,,,,1,2024-07-28T00:00:00.000Z,1eedl38,lfdt3fl
CVE-2023-52424,PUBLISHED,mitre,2024-05-17T20:28:13.039Z,2025-02-13T15:46:59.936Z,,,,,,,,,1,2024-07-28T00:00:00.000Z,1eedlux,lfdt49z
CVE-2023-52722,PUBLISHED,mitre,2024-04-27T00:00:00,2024-12-04T21:03:25.395Z,,,,,,,,,2,2024-08-07T00:00:00.000Z,1emegrh,
CVE-2023-5363,PUBLISHED,openssl,2023-10-24T15:31:40.890Z,2024-10-14T14:55:52.132Z,,,CWE-684,,,,,,5,2024-04-10T00:00:00.000Z,1bzjwwv,kyuw4og
CVE-2023-5631,PUBLISHED,ESET,2023-10-18T14:51:18.443Z,2025-02-13T17:25:41.281Z,6.1,3.1,CWE-79,,,Webmail,Unknown,Roundcube,1,2023-10-26T00:00:00.000Z,17gj9gw,k6iibbn
CVE-2023-5808,PUBLISHED,HITVAN,2023-12-04T23:53:33.743Z,2024-08-28T17:34:56.347Z,7.6,3.1,CWE-285,,,,,,199,2024-11-09T00:00:00.000Z,1gn8u6i,lw8o05j
CVE-2023-6184,PUBLISHED,Citrix,2024-01-18T01:04:15.120Z,2025-06-02T15:04:27.473Z,5.0,3.1,CWE-913,,,,,,4,2024-01-16T00:00:00.000Z,1983tij,ki4zruo
CVE-2023-6246,PUBLISHED,redhat,2024-01-31T14:06:21.949Z,2025-02-13T17:26:15.198Z,8.4,3.1,CWE-122,,,,,,8,2024-01-31T00:00:00.000Z,1afi2kg,koa55eg
CVE-2023-6246,PUBLISHED,redhat,2024-01-31T14:06:21.949Z,2025-02-13T17:26:15.198Z,8.4,3.1,CWE-122,,,,,,12,2024-01-31T00:00:00.000Z,1afh0z6,
CVE-2023-6340,PUBLISHED,sonicwall,2024-01-17T23:57:06.142Z,2025-06-11T16:40:22.236Z,,,CWE-121,,,,,,3,2024-01-18T00:00:00.000Z,199legu,
CVE-2023-6345,PUBLISHED,Chrome,2023-11-29T12:02:05.401Z,2025-02-13T17:26:18.705Z,,,CWE-190,,,Chromium Skia,Unknown,Google,14,2023-12-12T00:00:00.000Z,18gp6pc,kd2i3pg
CVE-2023-6548,PUBLISHED,Citrix,2024-01-17T20:11:18.462Z,2024-08-02T08:35:14.029Z,5.5,3.1,CWE-94,,,NetScaler ADC and NetScaler Gateway,Unknown,Citrix,6,2024-01-16T00:00:00.000Z,1983tij,ki4vtww
CVE-2023-7024,PUBLISHED,Chrome,2023-12-21T22:26:41.147Z,2025-02-13T17:27:01.743Z,,,CWE-787,,,Chromium WebRTC,Unknown,Google,4,2023-12-23T00:00:00.000Z,18pbemj,kenrwp7
CVE-2023-7024,PUBLISHED,Chrome,2023-12-21T22:26:41.147Z,2025-02-13T17:27:01.743Z,,,CWE-787,,,Chromium WebRTC,Unknown,Google,2,2023-12-22T00:00:00.000Z,18o1s2q,
CVE-2023-7028,PUBLISHED,GitLab,2024-01-12T13:56:41.726Z,2025-05-23T04:04:38.692Z,10.0,3.1,CWE-640,remote,java,GitLab CE/EE,Unknown,GitLab,4,2024-01-23T00:00:00.000Z,19dte2s,
CVE-2023-7102,PUBLISHED,Mandiant,2023-12-24T21:47:20.453Z,2024-08-02T08:50:08.291Z,,,CWE-1104,,,,,,33,2023-12-27T00:00:00.000Z,18s231m,
CVE-2023-7102,PUBLISHED,Mandiant,2023-12-24T21:47:20.453Z,2024-08-02T08:50:08.291Z,,,CWE-1104,,,,,,5,2023-12-27T00:00:00.000Z,18sc24h,
CVE-2024-0204,PUBLISHED,Fortra,2024-01-22T18:05:13.194Z,2025-05-30T14:22:31.288Z,9.8,3.1,CWE-425,remote,multiple,,,,2,2024-01-23T00:00:00.000Z,19dswfm,kj9c1hs
CVE-2024-0519,PUBLISHED,Chrome,2024-01-16T21:14:49.601Z,2025-02-13T17:27:12.735Z,,,CWE-787,,,Chromium V8,Unknown,Google,3,2024-09-04T00:00:00.000Z,1f8l08r,llfxbdm
CVE-2024-0692,PUBLISHED,SolarWinds,2024-03-01T08:55:35.848Z,2025-04-16T20:48:48.549Z,8.8,3.1,CWE-502,,,,,SolarWinds,14,2024-03-02T00:00:00.000Z,1b51vn2,
CVE-2024-0727,PUBLISHED,openssl,2024-01-26T08:57:19.579Z,2025-05-29T15:17:17.376Z,,,CWE-476,,,,,,2,2024-05-03T00:00:00.000Z,1cj99ie,l2eiz7f
CVE-2024-0727,PUBLISHED,openssl,2024-01-26T08:57:19.579Z,2025-05-29T15:17:17.376Z,,,CWE-476,,,,,,9,2024-07-10T00:00:00.000Z,1dyu3ia,lcgcmjd
CVE-2024-0727,PUBLISHED,openssl,2024-01-26T08:57:19.579Z,2025-05-29T15:17:17.376Z,,,CWE-476,,,,,,10,2024-05-03T00:00:00.000Z,1cj99ie,
CVE-2024-0762,PUBLISHED,Phoenix,2024-05-14T14:56:25.578Z,2025-03-20T13:37:52.909Z,7.5,3.1,,,,,,,7,2024-06-23T00:00:00.000Z,1dm8o1c,l9vgwys
CVE-2024-10487,PUBLISHED,Chrome,2024-10-29T21:55:42.286Z,2024-10-31T14:04:11.091Z,,,CWE-787,,,,,,2,2024-11-12T00:00:00.000Z,1goota5,lwqxdt1
CVE-2024-10487,PUBLISHED,Chrome,2024-10-29T21:55:42.286Z,2024-10-31T14:04:11.091Z,,,CWE-787,,,,,,25,2024-11-12T00:00:00.000Z,1gpe5kc,lwrizlx
CVE-2024-1086,PUBLISHED,Google,2024-01-31T12:14:34.073Z,2025-02-13T17:27:33.953Z,7.8,3.1,CWE-416,,,Kernel,Unknown,Linux,1,2024-04-01T00:00:00.000Z,1bqn0mk,kxjc44j
CVE-2024-1086,PUBLISHED,Google,2024-01-31T12:14:34.073Z,2025-02-13T17:27:33.953Z,7.8,3.1,CWE-416,,,Kernel,Unknown,Linux,1,2024-05-26T00:00:00.000Z,1d0tcq1,l5q2bpl
CVE-2024-1086,PUBLISHED,Google,2024-01-31T12:14:34.073Z,2025-02-13T17:27:33.953Z,7.8,3.1,CWE-416,,,Kernel,Unknown,Linux,58,2024-06-05T00:00:00.000Z,1d8vh20,l791l90
CVE-2024-1086,PUBLISHED,Google,2024-01-31T12:14:34.073Z,2025-02-13T17:27:33.953Z,7.8,3.1,CWE-416,,,Kernel,Unknown,Linux,1,2024-06-06T00:00:00.000Z,1d8vh20,l7e4ny5
CVE-2024-1086,PUBLISHED,Google,2024-01-31T12:14:34.073Z,2025-02-13T17:27:33.953Z,7.8,3.1,CWE-416,,,Kernel,Unknown,Linux,1,2024-05-26T00:00:00.000Z,1d0tcq1,
CVE-2024-11068,PUBLISHED,twcert,2024-11-11T08:05:18.980Z,2024-11-24T14:51:21.810Z,9.8,3.1,CWE-648,,,,,,38,2024-11-12T00:00:00.000Z,1gppebt,
CVE-2024-11477,PUBLISHED,zdi,2024-11-22T20:22:33.278Z,2025-02-15T00:10:31.081Z,7.8,3.0,CWE-191,,,,,7-Zip,0,2024-11-25T00:00:00.000Z,1gzq1nn,lyy32tg
CVE-2024-11477,PUBLISHED,zdi,2024-11-22T20:22:33.278Z,2025-02-15T00:10:31.081Z,7.8,3.0,CWE-191,,,,,7-Zip,1,2024-11-28T00:00:00.000Z,1gzqkjz,lzcs5f1
CVE-2024-11477,PUBLISHED,zdi,2024-11-22T20:22:33.278Z,2025-02-15T00:10:31.081Z,7.8,3.0,CWE-191,,,,,7-Zip,1,2024-11-29T00:00:00.000Z,1gzqkjz,lzi565u
CVE-2024-11477,PUBLISHED,zdi,2024-11-22T20:22:33.278Z,2025-02-15T00:10:31.081Z,7.8,3.0,CWE-191,,,,,7-Zip,1,2024-11-25T00:00:00.000Z,1gzqj0y,
CVE-2024-11477,PUBLISHED,zdi,2024-11-22T20:22:33.278Z,2025-02-15T00:10:31.081Z,7.8,3.0,CWE-191,,,,,7-Zip,162,2024-11-25T00:00:00.000Z,1gzqkjz,
CVE-2024-11680,PUBLISHED,VulnCheck,2024-11-26T09:55:23.588Z,2024-12-06T04:55:28.192Z,9.8,3.1,CWE-287,,,ProjectSend,Unknown,ProjectSend,1,2024-12-05T00:00:00.000Z,1h3e5hg,m0iyxia
CVE-2024-11691,PUBLISHED,mozilla,2024-11-26T13:33:55.946Z,2025-01-06T17:47:24.397Z,,,,,,,,,38,2024-12-10T00:00:00.000Z,1hav717,m1d9phl
CVE-2024-1208,PUBLISHED,Wordfence,2024-02-05T21:21:57.946Z,2024-08-27T16:20:59.824Z,5.3,3.1,,,,,,,3,2024-10-21T00:00:00.000Z,1g7xb06,lszws4t
CVE-2024-1212,PUBLISHED,ProgressSoftware,2024-02-21T17:39:12.599Z,2024-11-19T04:55:42.626Z,10.0,3.1,CWE-78,,,Kemp LoadMaster,Unknown,Progress,2,2024-02-09T00:00:00.000Z,1amlcdw,kpn281t
CVE-2024-1212,PUBLISHED,ProgressSoftware,2024-02-21T17:39:12.599Z,2024-11-19T04:55:42.626Z,10.0,3.1,CWE-78,,,Kemp LoadMaster,Unknown,Progress,1,2024-02-09T00:00:00.000Z,1amlcdw,kpowfbh
CVE-2024-1212,PUBLISHED,ProgressSoftware,2024-02-21T17:39:12.599Z,2024-11-19T04:55:42.626Z,10.0,3.1,CWE-78,,,Kemp LoadMaster,Unknown,Progress,1,2024-02-10T00:00:00.000Z,1amlcdw,kpr6j5c
CVE-2024-1212,PUBLISHED,ProgressSoftware,2024-02-21T17:39:12.599Z,2024-11-19T04:55:42.626Z,10.0,3.1,CWE-78,,,Kemp LoadMaster,Unknown,Progress,14,2024-02-09T00:00:00.000Z,1amlcdw,
CVE-2024-1212,PUBLISHED,ProgressSoftware,2024-02-21T17:39:12.599Z,2024-11-19T04:55:42.626Z,10.0,3.1,CWE-78,,,Kemp LoadMaster,Unknown,Progress,3,2024-02-22T00:00:00.000Z,1ax6wil,
CVE-2024-1234,PUBLISHED,Wordfence,2024-03-13T15:26:35.418Z,2024-08-01T18:33:25.351Z,6.4,3.1,,webapps,multiple,,,,1,2024-11-02T00:00:00.000Z,1gh89iu,lv0ks29
CVE-2024-1234,PUBLISHED,Wordfence,2024-03-13T15:26:35.418Z,2024-08-01T18:33:25.351Z,6.4,3.1,,webapps,multiple,,,,5,2024-10-27T00:00:00.000Z,1gdi8e1,lu2ueuw
CVE-2024-1234,PUBLISHED,Wordfence,2024-03-13T15:26:35.418Z,2024-08-01T18:33:25.351Z,6.4,3.1,,webapps,multiple,,,,3,2024-11-01T00:00:00.000Z,1gh89iu,
CVE-2024-12356,PUBLISHED,BT,2024-12-17T04:29:07.883Z,2025-02-17T20:34:17.077Z,9.8,3.1,CWE-77,,,Privileged Remote Access (PRA) and Remote Support (RS) ,Unknown,BeyondTrust,12,2024-12-19T00:00:00.000Z,1hi017f,m2vt770
CVE-2024-12356,PUBLISHED,BT,2024-12-17T04:29:07.883Z,2025-02-17T20:34:17.077Z,9.8,3.1,CWE-77,,,Privileged Remote Access (PRA) and Remote Support (RS) ,Unknown,BeyondTrust,1,2024-12-31T00:00:00.000Z,1hq9egw,m4nrbv7
CVE-2024-12356,PUBLISHED,BT,2024-12-17T04:29:07.883Z,2025-02-17T20:34:17.077Z,9.8,3.1,CWE-77,,,Privileged Remote Access (PRA) and Remote Support (RS) ,Unknown,BeyondTrust,5,2024-12-31T00:00:00.000Z,1hqbxt5,m4ri5ef
CVE-2024-1708,PUBLISHED,cisa-cg,2024-02-21T15:29:10.091Z,2024-08-01T18:48:21.724Z,8.4,3.1,CWE-22,,,,,,10,2024-02-26T00:00:00.000Z,1b0hmg6,ksape4x
CVE-2024-1708,PUBLISHED,cisa-cg,2024-02-21T15:29:10.091Z,2024-08-01T18:48:21.724Z,8.4,3.1,CWE-22,,,,,,2,2024-02-27T00:00:00.000Z,1azz9d5,kse0kaw
CVE-2024-1708,PUBLISHED,cisa-cg,2024-02-21T15:29:10.091Z,2024-08-01T18:48:21.724Z,8.4,3.1,CWE-22,,,,,,2,2024-02-23T00:00:00.000Z,1axkcf9,krpf001
CVE-2024-1708,PUBLISHED,cisa-cg,2024-02-21T15:29:10.091Z,2024-08-01T18:48:21.724Z,8.4,3.1,CWE-22,,,,,,5,2024-03-01T00:00:00.000Z,1b3xrc5,ksvy8s4
CVE-2024-1708,PUBLISHED,cisa-cg,2024-02-21T15:29:10.091Z,2024-08-01T18:48:21.724Z,8.4,3.1,CWE-22,,,,,,4,2024-03-13T00:00:00.000Z,1bcp2ql,kuqdyyk
CVE-2024-1708,PUBLISHED,cisa-cg,2024-02-21T15:29:10.091Z,2024-08-01T18:48:21.724Z,8.4,3.1,CWE-22,,,,,,8,2024-02-23T00:00:00.000Z,1axpbn4,
CVE-2024-1709,PUBLISHED,cisa-cg,2024-02-21T15:36:03.960Z,2024-08-01T18:48:21.899Z,10.0,3.1,CWE-288,,,ScreenConnect,Known,ConnectWise,2,2024-02-21T00:00:00.000Z,1awf1q9,krit7as
CVE-2024-1709,PUBLISHED,cisa-cg,2024-02-21T15:36:03.960Z,2024-08-01T18:48:21.899Z,10.0,3.1,CWE-288,,,ScreenConnect,Known,ConnectWise,2,2024-02-22T00:00:00.000Z,1awqyp9,krjwqdx
CVE-2024-1709,PUBLISHED,cisa-cg,2024-02-21T15:36:03.960Z,2024-08-01T18:48:21.899Z,10.0,3.1,CWE-288,,,ScreenConnect,Known,ConnectWise,2,2024-03-27T00:00:00.000Z,1boxmhy,
CVE-2024-1709,PUBLISHED,cisa-cg,2024-02-21T15:36:03.960Z,2024-08-01T18:48:21.899Z,10.0,3.1,CWE-288,,,ScreenConnect,Known,ConnectWise,1,2024-08-28T00:00:00.000Z,1f3glpj,
CVE-2024-1709,PUBLISHED,cisa-cg,2024-02-21T15:36:03.960Z,2024-08-01T18:48:21.899Z,10.0,3.1,CWE-288,,,ScreenConnect,Known,ConnectWise,89,2024-02-21T00:00:00.000Z,1awqyp9,
CVE-2024-1709,PUBLISHED,cisa-cg,2024-02-21T15:36:03.960Z,2024-08-01T18:48:21.899Z,10.0,3.1,CWE-288,,,ScreenConnect,Known,ConnectWise,2,2024-02-26T00:00:00.000Z,1b088h4,
CVE-2024-20276,PUBLISHED,cisco,2024-03-27T16:51:46.937Z,2024-08-01T21:52:31.696Z,7.4,3.1,CWE-248,,,,,,-5,2024-04-20T00:00:00.000Z,1c8t031,l0h39pp
CVE-2024-20295,PUBLISHED,cisco,2024-04-24T19:41:02.339Z,2024-08-01T21:59:41.494Z,8.8,3.1,CWE-78,,,,,,-2,2024-04-20T00:00:00.000Z,1c8t031,l0gzi3n
CVE-2024-20295,PUBLISHED,cisco,2024-04-24T19:41:02.339Z,2024-08-01T21:59:41.494Z,8.8,3.1,CWE-78,,,,,,-26,2024-04-20T00:00:00.000Z,1c8t031,l0gztgg
CVE-2024-20295,PUBLISHED,cisco,2024-04-24T19:41:02.339Z,2024-08-01T21:59:41.494Z,8.8,3.1,CWE-78,,,,,,-7,2024-04-20T00:00:00.000Z,1c8t031,l0h0dnj
CVE-2024-20295,PUBLISHED,cisco,2024-04-24T19:41:02.339Z,2024-08-01T21:59:41.494Z,8.8,3.1,CWE-78,,,,,,14,2024-04-20T00:00:00.000Z,1c8t031,l0h0sc1
CVE-2024-20295,PUBLISHED,cisco,2024-04-24T19:41:02.339Z,2024-08-01T21:59:41.494Z,8.8,3.1,CWE-78,,,,,,-2,2024-04-20T00:00:00.000Z,1c8t031,l0h1oql
CVE-2024-20295,PUBLISHED,cisco,2024-04-24T19:41:02.339Z,2024-08-01T21:59:41.494Z,8.8,3.1,CWE-78,,,,,,80,2024-04-20T00:00:00.000Z,1c8t031,l0h2z3b
CVE-2024-20295,PUBLISHED,cisco,2024-04-24T19:41:02.339Z,2024-08-01T21:59:41.494Z,8.8,3.1,CWE-78,,,,,,17,2024-04-20T00:00:00.000Z,1c8t031,l0h456l
CVE-2024-20295,PUBLISHED,cisco,2024-04-24T19:41:02.339Z,2024-08-01T21:59:41.494Z,8.8,3.1,CWE-78,,,,,,1,2024-04-20T00:00:00.000Z,1c8t031,l0h47it
CVE-2024-20343,PUBLISHED,cisco,2024-09-11T16:38:06.326Z,2024-09-11T20:41:38.914Z,5.5,3.1,CWE-284,,,,,,20,2024-04-24T00:00:00.000Z,1cc6naa,
CVE-2024-20353,PUBLISHED,cisco,2024-04-24T18:15:57.646Z,2024-08-01T21:59:41.487Z,8.6,3.1,CWE-835,,,Adaptive Security Appliance (ASA) and Firepower Threat Defense (FTD),Unknown,Cisco,10,2024-04-27T00:00:00.000Z,1cedcgg,l1j0asr
CVE-2024-20353,PUBLISHED,cisco,2024-04-24T18:15:57.646Z,2024-08-01T21:59:41.487Z,8.6,3.1,CWE-835,,,Adaptive Security Appliance (ASA) and Firepower Threat Defense (FTD),Unknown,Cisco,-10,2024-07-04T00:00:00.000Z,1duwcp3,lbkz9z2
CVE-2024-20353,PUBLISHED,cisco,2024-04-24T18:15:57.646Z,2024-08-01T21:59:41.487Z,8.6,3.1,CWE-835,,,Adaptive Security Appliance (ASA) and Firepower Threat Defense (FTD),Unknown,Cisco,15,2024-04-24T00:00:00.000Z,1cc63t0,l13kjqt
CVE-2024-20353,PUBLISHED,cisco,2024-04-24T18:15:57.646Z,2024-08-01T21:59:41.487Z,8.6,3.1,CWE-835,,,Adaptive Security Appliance (ASA) and Firepower Threat Defense (FTD),Unknown,Cisco,17,2024-04-24T00:00:00.000Z,1cc6e35,
CVE-2024-20353,PUBLISHED,cisco,2024-04-24T18:15:57.646Z,2024-08-01T21:59:41.487Z,8.6,3.1,CWE-835,,,Adaptive Security Appliance (ASA) and Firepower Threat Defense (FTD),Unknown,Cisco,10,2024-05-09T00:00:00.000Z,1cnqmuj,
CVE-2024-20359,PUBLISHED,cisco,2024-04-24T18:16:49.769Z,2024-08-01T21:59:42.379Z,6.0,3.1,CWE-94,,,Adaptive Security Appliance (ASA) and Firepower Threat Defense (FTD),Unknown,Cisco,6,2024-04-24T00:00:00.000Z,1cc6naa,l144miy
CVE-2024-20359,PUBLISHED,cisco,2024-04-24T18:16:49.769Z,2024-08-01T21:59:42.379Z,6.0,3.1,CWE-94,,,Adaptive Security Appliance (ASA) and Firepower Threat Defense (FTD),Unknown,Cisco,37,2024-04-27T00:00:00.000Z,1ceisaq,l1ix007
CVE-2024-20399,PUBLISHED,cisco,2024-07-01T16:11:44.028Z,2024-09-17T18:07:44.853Z,6.0,3.1,CWE-78,,,NX-OS,Unknown,Cisco,3,2024-07-04T00:00:00.000Z,1duwcp3,lbm47bg
CVE-2024-20401,PUBLISHED,cisco,2024-07-17T16:26:38.305Z,2024-08-01T21:59:42.233Z,9.8,3.1,CWE-36,,,,,,7,2024-07-18T00:00:00.000Z,1e6c58g,
CVE-2024-20401,PUBLISHED,cisco,2024-07-17T16:26:38.305Z,2024-08-01T21:59:42.233Z,9.8,3.1,CWE-36,,,,,,16,2024-07-19T00:00:00.000Z,1e76o3l,
CVE-2024-20666,PUBLISHED,microsoft,2024-01-09T17:56:44.469Z,2025-05-03T01:46:43.410Z,6.6,3.1,,,,,,,1,2024-02-07T00:00:00.000Z,1ak0vq5,kpbp15n
CVE-2024-20666,PUBLISHED,microsoft,2024-01-09T17:56:44.469Z,2025-05-03T01:46:43.410Z,6.6,3.1,,,,,,,1,2024-02-08T00:00:00.000Z,1ak0vq5,kpg6h75
CVE-2024-20666,PUBLISHED,microsoft,2024-01-09T17:56:44.469Z,2025-05-03T01:46:43.410Z,6.6,3.1,,,,,,,2,2024-02-08T00:00:00.000Z,1ak0vq5,kpg8e5w
CVE-2024-20666,PUBLISHED,microsoft,2024-01-09T17:56:44.469Z,2025-05-03T01:46:43.410Z,6.6,3.1,,,,,,,1,2024-02-08T00:00:00.000Z,1ak0vq5,kpg8sk7
CVE-2024-20666,PUBLISHED,microsoft,2024-01-09T17:56:44.469Z,2025-05-03T01:46:43.410Z,6.6,3.1,,,,,,,1,2024-02-08T00:00:00.000Z,1ak0vq5,kpgfjvd
CVE-2024-20666,PUBLISHED,microsoft,2024-01-09T17:56:44.469Z,2025-05-03T01:46:43.410Z,6.6,3.1,,,,,,,9,2024-05-25T00:00:00.000Z,1d0ar72,l5nikdk
CVE-2024-20666,PUBLISHED,microsoft,2024-01-09T17:56:44.469Z,2025-05-03T01:46:43.410Z,6.6,3.1,,,,,,,13,2024-01-09T00:00:00.000Z,192lsy0,kh3bkyv
CVE-2024-20666,PUBLISHED,microsoft,2024-01-09T17:56:44.469Z,2025-05-03T01:46:43.410Z,6.6,3.1,,,,,,,29,2024-01-09T00:00:00.000Z,192lsy0,kh3faw6
CVE-2024-20666,PUBLISHED,microsoft,2024-01-09T17:56:44.469Z,2025-05-03T01:46:43.410Z,6.6,3.1,,,,,,,16,2024-01-09T00:00:00.000Z,192lsy0,kh4a4ca
CVE-2024-20666,PUBLISHED,microsoft,2024-01-09T17:56:44.469Z,2025-05-03T01:46:43.410Z,6.6,3.1,,,,,,,1,2024-01-10T00:00:00.000Z,192lsy0,kh7vq4u
CVE-2024-20666,PUBLISHED,microsoft,2024-01-09T17:56:44.469Z,2025-05-03T01:46:43.410Z,6.6,3.1,,,,,,,2,2024-01-10T00:00:00.000Z,192lsy0,kh7yeux
CVE-2024-20666,PUBLISHED,microsoft,2024-01-09T17:56:44.469Z,2025-05-03T01:46:43.410Z,6.6,3.1,,,,,,,1,2024-01-10T00:00:00.000Z,192lsy0,kh7yymn
CVE-2024-20666,PUBLISHED,microsoft,2024-01-09T17:56:44.469Z,2025-05-03T01:46:43.410Z,6.6,3.1,,,,,,,2,2024-01-11T00:00:00.000Z,192lsy0,khchxgz
CVE-2024-20666,PUBLISHED,microsoft,2024-01-09T17:56:44.469Z,2025-05-03T01:46:43.410Z,6.6,3.1,,,,,,,1,2024-01-12T00:00:00.000Z,192lsy0,khj6v1h
CVE-2024-20666,PUBLISHED,microsoft,2024-01-09T17:56:44.469Z,2025-05-03T01:46:43.410Z,6.6,3.1,,,,,,,1,2024-01-21T00:00:00.000Z,19bt9te,kixrq1z
CVE-2024-20666,PUBLISHED,microsoft,2024-01-09T17:56:44.469Z,2025-05-03T01:46:43.410Z,6.6,3.1,,,,,,,1,2024-01-21T00:00:00.000Z,19bt9te,kixxcaz
CVE-2024-20666,PUBLISHED,microsoft,2024-01-09T17:56:44.469Z,2025-05-03T01:46:43.410Z,6.6,3.1,,,,,,,1,2024-01-29T00:00:00.000Z,1adtcsq,kk3h4e6
CVE-2024-20666,PUBLISHED,microsoft,2024-01-09T17:56:44.469Z,2025-05-03T01:46:43.410Z,6.6,3.1,,,,,,,5,2024-02-06T00:00:00.000Z,1ajtmbe,kp567ht
CVE-2024-20666,PUBLISHED,microsoft,2024-01-09T17:56:44.469Z,2025-05-03T01:46:43.410Z,6.6,3.1,,,,,,,2,2024-02-06T00:00:00.000Z,1ajtmbe,kp5qty8
CVE-2024-20666,PUBLISHED,microsoft,2024-01-09T17:56:44.469Z,2025-05-03T01:46:43.410Z,6.6,3.1,,,,,,,1,2024-02-14T00:00:00.000Z,1apmhzs,kqemud4
CVE-2024-20666,PUBLISHED,microsoft,2024-01-09T17:56:44.469Z,2025-05-03T01:46:43.410Z,6.6,3.1,,,,,,,1,2024-02-15T00:00:00.000Z,1apmhzs,kqjf9uv
CVE-2024-20666,PUBLISHED,microsoft,2024-01-09T17:56:44.469Z,2025-05-03T01:46:43.410Z,6.6,3.1,,,,,,,3,2024-06-21T00:00:00.000Z,1dl2vrp,l9mfnbf
CVE-2024-20666,PUBLISHED,microsoft,2024-01-09T17:56:44.469Z,2025-05-03T01:46:43.410Z,6.6,3.1,,,,,,,1,2024-02-06T00:00:00.000Z,1ak0vq5,
CVE-2024-20666,PUBLISHED,microsoft,2024-01-09T17:56:44.469Z,2025-05-03T01:46:43.410Z,6.6,3.1,,,,,,,21,2024-07-11T00:00:00.000Z,1e0qpfm,
CVE-2024-20674,PUBLISHED,microsoft,2024-01-09T17:56:45.386Z,2025-05-03T01:46:24.848Z,8.8,3.1,,,,,,,2,2024-01-09T00:00:00.000Z,18gp6pc,kh33dsz
CVE-2024-20674,PUBLISHED,microsoft,2024-01-09T17:56:45.386Z,2025-05-03T01:46:24.848Z,8.8,3.1,,,,,,,4,2024-01-09T00:00:00.000Z,192lsy0,kh3kkq7
CVE-2024-20674,PUBLISHED,microsoft,2024-01-09T17:56:45.386Z,2025-05-03T01:46:24.848Z,8.8,3.1,,,,,,,3,2024-01-09T00:00:00.000Z,192lsy0,kh3q0my
CVE-2024-20700,PUBLISHED,microsoft,2024-01-09T17:56:55.121Z,2025-05-03T01:46:34.470Z,7.5,3.1,,,,,,,18,2024-01-09T00:00:00.000Z,192lsy0,kh3cnam
CVE-2024-20700,PUBLISHED,microsoft,2024-01-09T17:56:55.121Z,2025-05-03T01:46:34.470Z,7.5,3.1,,,,,,,1,2024-01-10T00:00:00.000Z,19384nj,
CVE-2024-21302,PUBLISHED,microsoft,2024-08-08T01:59:30.725Z,2025-05-21T21:07:30.835Z,6.7,3.1,,,,,,,1,2024-08-29T00:00:00.000Z,1f40erg,lkhkznw
CVE-2024-21302,PUBLISHED,microsoft,2024-08-08T01:59:30.725Z,2025-05-21T21:07:30.835Z,6.7,3.1,,,,,,,1,2024-11-13T00:00:00.000Z,1goota5,lwxiy8x
CVE-2024-21302,PUBLISHED,microsoft,2024-08-08T01:59:30.725Z,2025-05-21T21:07:30.835Z,6.7,3.1,,,,,,,1,2024-12-13T00:00:00.000Z,1g454l2,m1ugaje
CVE-2024-21302,PUBLISHED,microsoft,2024-08-08T01:59:30.725Z,2025-05-21T21:07:30.835Z,6.7,3.1,,,,,,,2,2024-09-04T00:00:00.000Z,1f8yn38,
CVE-2024-21302,PUBLISHED,microsoft,2024-08-08T01:59:30.725Z,2025-05-21T21:07:30.835Z,6.7,3.1,,,,,,,1,2024-10-15T00:00:00.000Z,1g454l2,
CVE-2024-21378,PUBLISHED,microsoft,2024-02-13T18:02:42.999Z,2025-05-03T01:37:39.423Z,8.8,3.1,,,,,,,1,2024-04-04T00:00:00.000Z,1apmhzs,ky0vsu3
CVE-2024-21400,PUBLISHED,microsoft,2024-03-12T16:57:58.625Z,2025-05-03T00:46:55.364Z,9.0,3.1,,,,,,,7,2024-03-12T00:00:00.000Z,1bcp2ql,kujpp25
CVE-2024-21400,PUBLISHED,microsoft,2024-03-12T16:57:58.625Z,2025-05-03T00:46:55.364Z,9.0,3.1,,,,,,,7,2024-03-12T00:00:00.000Z,1bcp2ql,kuk6w4n
CVE-2024-21401,PUBLISHED,microsoft,2024-02-13T18:02:23.088Z,2025-05-03T01:37:16.696Z,9.8,3.1,,,,,,,9,2024-02-13T00:00:00.000Z,1apmhzs,kq9ocb6
CVE-2024-21410,PUBLISHED,microsoft,2024-02-13T18:02:48.590Z,2025-05-03T01:37:17.860Z,9.8,3.1,CWE-287,,,Exchange Server,Unknown,Microsoft,4,2024-02-13T00:00:00.000Z,1apmhzs,kq9w83v
CVE-2024-21413,PUBLISHED,microsoft,2024-02-13T18:02:24.799Z,2025-05-29T14:06:52.678Z,9.8,3.1,CWE-20,,,Office Outlook,Unknown,Microsoft,1,2024-02-17T00:00:00.000Z,1asdo3k,kqt5h5k
CVE-2024-21413,PUBLISHED,microsoft,2024-02-13T18:02:24.799Z,2025-05-29T14:06:52.678Z,9.8,3.1,CWE-20,,,Office Outlook,Unknown,Microsoft,10,2024-02-18T00:00:00.000Z,1au3wse,kr1h7oh
CVE-2024-21413,PUBLISHED,microsoft,2024-02-13T18:02:24.799Z,2025-05-29T14:06:52.678Z,9.8,3.1,CWE-20,,,Office Outlook,Unknown,Microsoft,14,2024-02-14T00:00:00.000Z,1aqb7q2,
CVE-2024-21413,PUBLISHED,microsoft,2024-02-13T18:02:24.799Z,2025-05-29T14:06:52.678Z,9.8,3.1,CWE-20,,,Office Outlook,Unknown,Microsoft,73,2024-02-14T00:00:00.000Z,1aqb9p9,
CVE-2024-21433,PUBLISHED,microsoft,2024-03-12T16:58:02.812Z,2025-05-03T00:46:59.673Z,7.0,3.1,,,,,,,1,2024-06-12T00:00:00.000Z,1bcp2ql,l8bsvn4
CVE-2024-21445,PUBLISHED,microsoft,2024-03-12T16:57:49.438Z,2025-05-03T00:46:44.944Z,7.0,3.1,,,,,,,1,2024-06-12T00:00:00.000Z,1dd65v4,l8a95p8
CVE-2024-21445,PUBLISHED,microsoft,2024-03-12T16:57:49.438Z,2025-05-03T00:46:44.944Z,7.0,3.1,,,,,,,1,2024-06-14T00:00:00.000Z,1dd65v4,l8l9k6a
CVE-2024-21626,PUBLISHED,GitHub_M,2024-01-31T21:31:14.391Z,2025-05-15T16:02:34.619Z,8.6,3.1,CWE-403; CWE-668,,,,,,1,2024-02-03T00:00:00.000Z,1ahsqez,
CVE-2024-21626,PUBLISHED,GitHub_M,2024-01-31T21:31:14.391Z,2025-05-15T16:02:34.619Z,8.6,3.1,CWE-403; CWE-668,,,,,,12,2024-02-01T00:00:00.000Z,1ag5qki,
CVE-2024-2169,PUBLISHED,certcc,2024-03-19T19:50:10.700Z,2024-09-04T12:04:51.230Z,,,,,,,,,25,2024-03-21T00:00:00.000Z,1bjxpcu,kvvazqa
CVE-2024-21762,PUBLISHED,fortinet,2024-02-09T08:14:25.954Z,2025-04-24T15:49:22.420Z,9.6,3.1,CWE-787,,,FortiOS,Known,Fortinet,1,2024-03-03T00:00:00.000Z,1b336cb,kt607i4
CVE-2024-21762,PUBLISHED,fortinet,2024-02-09T08:14:25.954Z,2025-04-24T15:49:22.420Z,9.6,3.1,CWE-787,,,FortiOS,Known,Fortinet,1,2024-02-12T00:00:00.000Z,1amdazk,kq2g2px
CVE-2024-21762,PUBLISHED,fortinet,2024-02-09T08:14:25.954Z,2025-04-24T15:49:22.420Z,9.6,3.1,CWE-787,,,FortiOS,Known,Fortinet,2,2024-03-03T00:00:00.000Z,1b358bp,kt5y1zo
CVE-2024-21762,PUBLISHED,fortinet,2024-02-09T08:14:25.954Z,2025-04-24T15:49:22.420Z,9.6,3.1,CWE-787,,,FortiOS,Known,Fortinet,1,2024-02-09T00:00:00.000Z,1am72sk,kpmahcg
CVE-2024-21762,PUBLISHED,fortinet,2024-02-09T08:14:25.954Z,2025-04-24T15:49:22.420Z,9.6,3.1,CWE-787,,,FortiOS,Known,Fortinet,16,2024-02-11T00:00:00.000Z,1ao3471,kpwpwcg
CVE-2024-21762,PUBLISHED,fortinet,2024-02-09T08:14:25.954Z,2025-04-24T15:49:22.420Z,9.6,3.1,CWE-787,,,FortiOS,Known,Fortinet,2,2024-07-09T00:00:00.000Z,1dyegkw,lccdns1
CVE-2024-21762,PUBLISHED,fortinet,2024-02-09T08:14:25.954Z,2025-04-24T15:49:22.420Z,9.6,3.1,CWE-787,,,FortiOS,Known,Fortinet,53,2024-02-08T00:00:00.000Z,1am72sk,
CVE-2024-2188,PUBLISHED,INCIBE,2024-03-05T12:15:25.297Z,2024-08-02T19:36:42.551Z,6.1,3.1,CWE-79,,,,,,1,2024-04-21T00:00:00.000Z,1c89pg9,l0kl9bb
CVE-2024-21888,PUBLISHED,hackerone,2024-01-31T17:51:34.941Z,2025-06-03T18:46:20.638Z,8.8,3.0,,,,,,,1,2024-02-21T00:00:00.000Z,1awlh01,kriyyma
CVE-2024-21893,PUBLISHED,hackerone,2024-01-31T17:51:35.095Z,2024-08-01T22:35:33.414Z,8.2,3.0,CWE-918,,,"Connect Secure, Policy Secure, and Neurons",Unknown,Ivanti,13,2024-01-31T00:00:00.000Z,1afii1g,
CVE-2024-2201,PUBLISHED,certcc,2024-12-19T20:28:31.596Z,2025-01-09T16:40:32.522Z,,,,,,,,,1,2024-04-18T00:00:00.000Z,1c3lhbh,l03yv6b
CVE-2024-22024,PUBLISHED,hackerone,2024-02-13T04:07:04.355Z,2025-05-09T18:26:09.386Z,8.3,3.0,,,,,,,8,2024-02-08T00:00:00.000Z,1am5f4l,
CVE-2024-22254,PUBLISHED,vmware,2024-03-05T17:58:24.341Z,2024-08-14T18:53:20.387Z,7.9,3.1,,,,,,,3,2024-03-06T00:00:00.000Z,1b7an1n,ktnwkfs
CVE-2024-22262,PUBLISHED,vmware,2024-04-16T05:54:12.786Z,2025-02-13T17:33:40.239Z,8.1,3.1,,,,,,,1,2024-06-25T00:00:00.000Z,1doj3qj,
CVE-2024-22273,PUBLISHED,vmware,2024-05-21T17:29:05.426Z,2025-03-26T16:04:29.446Z,8.1,3.1,,,,,,,5,2024-05-24T00:00:00.000Z,1czvsr2,l5j6y3b
CVE-2024-23113,PUBLISHED,fortinet,2024-02-15T13:59:25.313Z,2024-10-10T14:01:05.045Z,9.8,3.1,CWE-134,,,Multiple Products,Unknown,Fortinet,2,2024-11-13T00:00:00.000Z,1gqgn13,lwz74zw
CVE-2024-23113,PUBLISHED,fortinet,2024-02-15T13:59:25.313Z,2024-10-10T14:01:05.045Z,9.8,3.1,CWE-134,,,Multiple Products,Unknown,Fortinet,5,2024-02-09T00:00:00.000Z,1am72sk,kpkv282
CVE-2024-23479,PUBLISHED,SolarWinds,2024-02-15T20:34:39.088Z,2024-08-06T15:38:13.693Z,9.6,3.1,CWE-22,,,,,SolarWinds,5,2024-03-03T00:00:00.000Z,1b51vn2,kt2sa7i
CVE-2024-23739,PUBLISHED,mitre,2024-01-28T00:00:00.000Z,2025-05-29T15:11:19.368Z,,,,,,,,,1,2024-02-15T00:00:00.000Z,1ara68e,kqkr4xm
CVE-2024-23897,PUBLISHED,jenkins,2024-01-24T17:52:22.842Z,2024-08-19T16:20:22.425Z,,,CWE-27,webapps,java,Jenkins Command Line Interface (CLI),Known,Jenkins,3,2024-01-26T00:00:00.000Z,1abisvv,
CVE-2024-23897,PUBLISHED,jenkins,2024-01-24T17:52:22.842Z,2024-08-19T16:20:22.425Z,,,CWE-27,webapps,java,Jenkins Command Line Interface (CLI),Known,Jenkins,7,2024-01-25T00:00:00.000Z,19f5x0d,
CVE-2024-2398,PUBLISHED,curl,2024-03-27T07:55:48.524Z,2025-02-13T17:40:07.893Z,,,,,,,,,2,2024-05-16T00:00:00.000Z,1crk56o,l49uiqg
CVE-2024-2398,PUBLISHED,curl,2024-03-27T07:55:48.524Z,2025-02-13T17:40:07.893Z,,,,,,,,,3,2024-10-08T00:00:00.000Z,1fys57l,lqwl8fa
CVE-2024-24576,PUBLISHED,GitHub_M,2024-04-09T17:28:41.800Z,2025-02-26T18:38:58.221Z,10.0,3.1,CWE-78; CWE-88,,,,,,1,2024-04-14T00:00:00.000Z,1c3yvtc,kzkm3zo
CVE-2024-24725,PUBLISHED,mitre,2024-03-23T00:00:00,2024-08-27T17:18:28.014Z,,,,,,,,,1,2024-03-29T00:00:00.000Z,1bqni5x,
CVE-2024-24919,PUBLISHED,checkpoint,2024-05-28T18:22:19.401Z,2024-08-01T23:36:20.565Z,8.6,3.1,CWE-200,,,Quantum Security Gateways,Known,Check Point,1,2024-05-30T00:00:00.000Z,1d3t1sk,l6bd9zs
CVE-2024-24919,PUBLISHED,checkpoint,2024-05-28T18:22:19.401Z,2024-08-01T23:36:20.565Z,8.6,3.1,CWE-200,,,Quantum Security Gateways,Known,Check Point,10,2024-05-30T00:00:00.000Z,1d42kk9,
CVE-2024-2511,PUBLISHED,openssl,2024-04-08T13:51:12.349Z,2025-03-28T19:21:08.630Z,,,CWE-1325,,,,,,6,2024-04-10T00:00:00.000Z,1c05k6f,kyupdde
CVE-2024-25578,PUBLISHED,icscert,2024-03-01T00:40:00.677Z,2024-08-12T20:21:12.703Z,7.8,3.1,CWE-787,,,,,,1,2024-06-24T00:00:00.000Z,1dmm84c,la3jveu
CVE-2024-25641,PUBLISHED,GitHub_M,2024-05-13T13:28:58.808Z,2025-02-13T17:40:51.979Z,9.1,3.1,CWE-20,webapps,php,,,,9,2024-05-13T00:00:00.000Z,1cqurbm,l3u4ndw
CVE-2024-26199,PUBLISHED,microsoft,2024-03-12T16:57:54.052Z,2025-05-03T00:46:49.802Z,7.8,3.1,,,,,,Microsoft,5,2024-03-13T00:00:00.000Z,1bcp2ql,kunoey1
CVE-2024-26224,PUBLISHED,microsoft,2024-04-09T17:00:50.459Z,2025-05-03T00:39:49.757Z,7.2,3.1,,,,,,,4,2024-04-16T00:00:00.000Z,1c5ln06,kzv1wjr
CVE-2024-26234,PUBLISHED,microsoft,2024-04-09T17:00:55.340Z,2025-05-03T00:39:54.972Z,6.7,3.1,,,,,,,1,2024-04-10T00:00:00.000Z,1c06lgp,kyvvq3v
CVE-2024-26234,PUBLISHED,microsoft,2024-04-09T17:00:55.340Z,2025-05-03T00:39:54.972Z,6.7,3.1,,,,,,,20,2024-04-14T00:00:00.000Z,1c3yvtc,kzk5z79
CVE-2024-26602,PUBLISHED,Linux,2024-02-24T14:56:56.992Z,2025-05-04T08:52:06.429Z,,,,,,,,,1,2024-03-13T00:00:00.000Z,1bd7yev,kumiynm
CVE-2024-26602,PUBLISHED,Linux,2024-02-24T14:56:56.992Z,2025-05-04T08:52:06.429Z,,,,,,,,,1,2024-03-13T00:00:00.000Z,1bd7yev,kuokpxr
CVE-2024-27198,PUBLISHED,JetBrains,2024-03-04T17:21:39.422Z,2025-02-13T17:46:19.582Z,9.8,3.1,CWE-288,,,TeamCity,Known,JetBrains,38,2024-03-12T00:00:00.000Z,1bcp2ql,kujjgjy
CVE-2024-27198,PUBLISHED,JetBrains,2024-03-04T17:21:39.422Z,2025-02-13T17:46:19.582Z,9.8,3.1,CWE-288,,,TeamCity,Known,JetBrains,2,2024-07-15T00:00:00.000Z,1e47a62,
CVE-2024-27956,PUBLISHED,Patchstack,2024-03-21T17:01:14.106Z,2024-08-02T14:03:46.415Z,9.9,3.1,CWE-89,,,,,,18,2024-04-29T00:00:00.000Z,1cfgdi4,l1r0idu
CVE-2024-28075,PUBLISHED,SolarWinds,2024-05-09T12:42:44.975Z,2024-08-02T00:48:48.249Z,9.0,3.1,CWE-502,,,,,SolarWinds,8,2024-05-15T00:00:00.000Z,1csthsg,l47qvmo
CVE-2024-28085,PUBLISHED,mitre,2024-03-27T00:00:00,2024-08-26T20:25:27.912Z,,,,,,,,,23,2024-04-03T00:00:00.000Z,1butq6l,kxuuy05
CVE-2024-2886,PUBLISHED,Chrome,2024-03-26T20:09:34.236Z,2025-03-22T13:41:07.606Z,5.4,,,,,,,Google,26,2024-04-09T00:00:00.000Z,1bzjwwv,kysbltx
CVE-2024-28921,PUBLISHED,microsoft,2024-04-09T17:00:17.099Z,2025-05-03T00:39:17.788Z,6.7,3.1,,,,,,,3,2024-04-09T00:00:00.000Z,1bzjwwv,kysu8t8
CVE-2024-28929,PUBLISHED,microsoft,2024-04-09T17:00:27.042Z,2025-05-03T00:39:28.074Z,8.8,3.1,,,,,,,1,2024-10-25T00:00:00.000Z,1gbh4io,ltms23p
CVE-2024-28929,PUBLISHED,microsoft,2024-04-09T17:00:27.042Z,2025-05-03T00:39:28.074Z,8.8,3.1,,,,,,,1,2024-10-25T00:00:00.000Z,1gbh4io,
CVE-2024-29066,PUBLISHED,microsoft,2024-04-09T17:00:34.251Z,2025-05-03T00:39:34.989Z,7.2,3.1,,,,,,,1,2024-04-30T00:00:00.000Z,1cg01er,l20otuu
CVE-2024-29066,PUBLISHED,microsoft,2024-04-09T17:00:34.251Z,2025-05-03T00:39:34.989Z,7.2,3.1,,,,,,,3,2024-04-30T00:00:00.000Z,1bzjwwv,l20p6dx
CVE-2024-29212,PUBLISHED,hackerone,2024-05-13T01:07:49.112Z,2024-08-02T01:10:54.643Z,9.9,3.0,,,,,,,35,2024-05-08T00:00:00.000Z,1cmqmy0,
CVE-2024-29212,PUBLISHED,hackerone,2024-05-13T01:07:49.112Z,2024-08-02T01:10:54.643Z,9.9,3.0,,,,,,,7,2024-05-08T00:00:00.000Z,1cmqof3,
CVE-2024-2973,PUBLISHED,juniper,2024-06-27T20:17:50.239Z,2024-08-01T19:32:42.563Z,10.0,3.1,CWE-288,,,,,,4,2024-07-01T00:00:00.000Z,1dsp60i,
CVE-2024-29847,PUBLISHED,hackerone,2024-09-12T01:09:56.277Z,2024-09-17T03:55:12.223Z,10.0,3.0,,,,,,Ivanti,1,2024-09-15T00:00:00.000Z,1fh9are,
CVE-2024-29849,PUBLISHED,hackerone,2024-05-22T22:55:11.237Z,2024-09-19T01:38:17.699Z,9.8,3.0,,,,,,,9,2024-06-10T00:00:00.000Z,1dcousw,
CVE-2024-29916,PUBLISHED,mitre,2024-03-21T00:00:00,2024-10-19T22:56:01.256760,,,,,,,,,11,2024-03-23T00:00:00.000Z,1bkzhie,kw5gcol
CVE-2024-29988,PUBLISHED,microsoft,2024-04-09T17:00:35.822Z,2025-05-03T00:39:36.550Z,8.8,3.1,CWE-693,,,SmartScreen Prompt,Unknown,Microsoft,2,2024-04-09T00:00:00.000Z,1bzjwwv,kytj5m6
CVE-2024-30040,PUBLISHED,microsoft,2024-05-14T16:57:27.531Z,2025-05-03T00:06:46.343Z,8.8,3.1,CWE-20,,,Windows,Unknown,Microsoft,4,2024-05-14T00:00:00.000Z,1crk56o,l42kbrr
CVE-2024-30040,PUBLISHED,microsoft,2024-05-14T16:57:27.531Z,2025-05-03T00:06:46.343Z,8.8,3.1,CWE-20,,,Windows,Unknown,Microsoft,1,2024-06-11T00:00:00.000Z,1dd65v4,l85yn1m
CVE-2024-30051,PUBLISHED,microsoft,2024-05-14T16:57:32.423Z,2025-05-03T00:06:50.223Z,7.8,3.1,CWE-122,,,DWM Core Library,Known,Microsoft,1,2024-05-14T00:00:00.000Z,1crk56o,l412smc
CVE-2024-30051,PUBLISHED,microsoft,2024-05-14T16:57:32.423Z,2025-05-03T00:06:50.223Z,7.8,3.1,CWE-122,,,DWM Core Library,Known,Microsoft,20,2024-05-14T00:00:00.000Z,1crk56o,l414epq
CVE-2024-30078,PUBLISHED,microsoft,2024-06-11T16:59:44.972Z,2025-06-05T01:08:39.184Z,8.8,3.1,,,,,,,14,2024-06-15T00:00:00.000Z,1dg6jiy,l8oac28
CVE-2024-30078,PUBLISHED,microsoft,2024-06-11T16:59:44.972Z,2025-06-05T01:08:39.184Z,8.8,3.1,,,,,,,20,2024-06-15T00:00:00.000Z,1dg6jiy,l8ocscw
CVE-2024-30078,PUBLISHED,microsoft,2024-06-11T16:59:44.972Z,2025-06-05T01:08:39.184Z,8.8,3.1,,,,,,,103,2024-06-15T00:00:00.000Z,1dg6jiy,l8om3al
CVE-2024-30078,PUBLISHED,microsoft,2024-06-11T16:59:44.972Z,2025-06-05T01:08:39.184Z,8.8,3.1,,,,,,,1,2024-06-15T00:00:00.000Z,1dg6jiy,l8sa2lu
CVE-2024-30078,PUBLISHED,microsoft,2024-06-11T16:59:44.972Z,2025-06-05T01:08:39.184Z,8.8,3.1,,,,,,,1,2024-06-20T00:00:00.000Z,1dk3p7g,l9fe9bl
CVE-2024-30078,PUBLISHED,microsoft,2024-06-11T16:59:44.972Z,2025-06-05T01:08:39.184Z,8.8,3.1,,,,,,,62,2024-09-05T00:00:00.000Z,1f9qa6p,llp1v6c
CVE-2024-30078,PUBLISHED,microsoft,2024-06-11T16:59:44.972Z,2025-06-05T01:08:39.184Z,8.8,3.1,,,,,,,20,2024-06-15T00:00:00.000Z,1dggl80,l8qphlr
CVE-2024-30078,PUBLISHED,microsoft,2024-06-11T16:59:44.972Z,2025-06-05T01:08:39.184Z,8.8,3.1,,,,,,,119,2024-06-15T00:00:00.000Z,1dggl80,
CVE-2024-30078,PUBLISHED,microsoft,2024-06-11T16:59:44.972Z,2025-06-05T01:08:39.184Z,8.8,3.1,,,,,,,19,2024-06-19T00:00:00.000Z,1djk53p,
CVE-2024-30082,PUBLISHED,microsoft,2024-06-11T16:59:46.486Z,2025-06-05T01:08:40.525Z,7.8,3.1,,,,,,Microsoft,6,2024-06-15T00:00:00.000Z,1dg6jiy,l8omcyn
CVE-2024-30088,PUBLISHED,microsoft,2024-06-11T16:59:56.041Z,2025-06-05T01:08:51.544Z,7.0,3.1,CWE-367,,,Windows ,Unknown,Microsoft,4,2024-12-25T00:00:00.000Z,1hlzpmk,m3q6yp1
CVE-2024-30103,PUBLISHED,microsoft,2024-06-11T17:00:04.279Z,2025-06-05T01:08:58.484Z,8.8,3.1,,,,,,,18,2024-06-13T00:00:00.000Z,1deytn5,l8fo5l7
CVE-2024-30103,PUBLISHED,microsoft,2024-06-11T17:00:04.279Z,2025-06-05T01:08:58.484Z,8.8,3.1,,,,,,,22,2024-06-13T00:00:00.000Z,1deytn5,l8foqrq
CVE-2024-30103,PUBLISHED,microsoft,2024-06-11T17:00:04.279Z,2025-06-05T01:08:58.484Z,8.8,3.1,,,,,,,3,2024-06-13T00:00:00.000Z,1devbdy,l8giz33
CVE-2024-30103,PUBLISHED,microsoft,2024-06-11T17:00:04.279Z,2025-06-05T01:08:58.484Z,8.8,3.1,,,,,,,381,2024-06-13T00:00:00.000Z,1deytn5,
CVE-2024-3080,PUBLISHED,twcert,2024-06-14T02:57:27.002Z,2024-08-01T19:32:42.618Z,9.8,3.1,CWE-287,,,,,,1,2024-10-03T00:00:00.000Z,1fvaidf,lq72st6
CVE-2024-3094,PUBLISHED,redhat,2024-03-29T16:51:12.588Z,2025-02-06T08:24:55.066Z,10.0,3.1,CWE-506,,,,,,1,2024-04-01T00:00:00.000Z,1bqvwrz,kxkauhq
CVE-2024-3094,PUBLISHED,redhat,2024-03-29T16:51:12.588Z,2025-02-06T08:24:55.066Z,10.0,3.1,CWE-506,,,,,,5,2024-04-10T00:00:00.000Z,1bzjwc3,kyuys19
CVE-2024-3094,PUBLISHED,redhat,2024-03-29T16:51:12.588Z,2025-02-06T08:24:55.066Z,10.0,3.1,CWE-506,,,,,,38,2024-03-29T00:00:00.000Z,1bqw8yc,kx63wt0
CVE-2024-3094,PUBLISHED,redhat,2024-03-29T16:51:12.588Z,2025-02-06T08:24:55.066Z,10.0,3.1,CWE-506,,,,,,1,2024-03-30T00:00:00.000Z,1bqw8yc,kx82bdr
CVE-2024-3094,PUBLISHED,redhat,2024-03-29T16:51:12.588Z,2025-02-06T08:24:55.066Z,10.0,3.1,CWE-506,,,,,,4,2024-04-01T00:00:00.000Z,1bsso9y,kxjarfi
CVE-2024-3094,PUBLISHED,redhat,2024-03-29T16:51:12.588Z,2025-02-06T08:24:55.066Z,10.0,3.1,CWE-506,,,,,,1,2024-04-01T00:00:00.000Z,1brfjsb,kxjb2c6
CVE-2024-3094,PUBLISHED,redhat,2024-03-29T16:51:12.588Z,2025-02-06T08:24:55.066Z,10.0,3.1,CWE-506,,,,,,3,2024-04-02T00:00:00.000Z,1btpooz,kxp9934
CVE-2024-3094,PUBLISHED,redhat,2024-03-29T16:51:12.588Z,2025-02-06T08:24:55.066Z,10.0,3.1,CWE-506,,,,,,34,2024-04-07T00:00:00.000Z,1bxndpv,kyebz35
CVE-2024-3094,PUBLISHED,redhat,2024-03-29T16:51:12.588Z,2025-02-06T08:24:55.066Z,10.0,3.1,CWE-506,,,,,,2,2024-06-27T00:00:00.000Z,1dpyatk,laku63r
CVE-2024-3094,PUBLISHED,redhat,2024-03-29T16:51:12.588Z,2025-02-06T08:24:55.066Z,10.0,3.1,CWE-506,,,,,,-6,2024-11-15T00:00:00.000Z,1gs8rob,lxccq1k
CVE-2024-3094,PUBLISHED,redhat,2024-03-29T16:51:12.588Z,2025-02-06T08:24:55.066Z,10.0,3.1,CWE-506,,,,,,1,2024-10-08T00:00:00.000Z,1fptxt3,lqx9wcl
CVE-2024-3094,PUBLISHED,redhat,2024-03-29T16:51:12.588Z,2025-02-06T08:24:55.066Z,10.0,3.1,CWE-506,,,,,,1,2024-04-04T00:00:00.000Z,1bvta45,
CVE-2024-3094,PUBLISHED,redhat,2024-03-29T16:51:12.588Z,2025-02-06T08:24:55.066Z,10.0,3.1,CWE-506,,,,,,9,2024-03-29T00:00:00.000Z,1bqzfr0,
CVE-2024-3094,PUBLISHED,redhat,2024-03-29T16:51:12.588Z,2025-02-06T08:24:55.066Z,10.0,3.1,CWE-506,,,,,,1,2024-03-30T00:00:00.000Z,1brhxre,
CVE-2024-3094,PUBLISHED,redhat,2024-03-29T16:51:12.588Z,2025-02-06T08:24:55.066Z,10.0,3.1,CWE-506,,,,,,1,2024-03-30T00:00:00.000Z,1bri0l8,
CVE-2024-3094,PUBLISHED,redhat,2024-03-29T16:51:12.588Z,2025-02-06T08:24:55.066Z,10.0,3.1,CWE-506,,,,,,1,2024-04-01T00:00:00.000Z,1bswod6,
CVE-2024-3094,PUBLISHED,redhat,2024-03-29T16:51:12.588Z,2025-02-06T08:24:55.066Z,10.0,3.1,CWE-506,,,,,,4,2024-04-01T00:00:00.000Z,1bsyqmo,
CVE-2024-3094,PUBLISHED,redhat,2024-03-29T16:51:12.588Z,2025-02-06T08:24:55.066Z,10.0,3.1,CWE-506,,,,,,10,2024-04-04T00:00:00.000Z,1bvt8fb,
CVE-2024-3094,PUBLISHED,redhat,2024-03-29T16:51:12.588Z,2025-02-06T08:24:55.066Z,10.0,3.1,CWE-506,,,,,,11,2024-04-05T00:00:00.000Z,1bwidyn,
CVE-2024-3094,PUBLISHED,redhat,2024-03-29T16:51:12.588Z,2025-02-06T08:24:55.066Z,10.0,3.1,CWE-506,,,,,,1,2024-04-01T00:00:00.000Z,1bt3tte,
CVE-2024-3094,PUBLISHED,redhat,2024-03-29T16:51:12.588Z,2025-02-06T08:24:55.066Z,10.0,3.1,CWE-506,,,,,,1,2024-04-01T00:00:00.000Z,1bt46c5,
CVE-2024-3094,PUBLISHED,redhat,2024-03-29T16:51:12.588Z,2025-02-06T08:24:55.066Z,10.0,3.1,CWE-506,,,,,,1,2024-04-04T00:00:00.000Z,1bvt6j8,
CVE-2024-31497,PUBLISHED,mitre,2024-04-15T00:00:00.000Z,2025-03-27T14:54:48.048Z,,,,,,,,,1,2024-04-19T00:00:00.000Z,1c7ye21,l0bqqn6
CVE-2024-31497,PUBLISHED,mitre,2024-04-15T00:00:00.000Z,2025-03-27T14:54:48.048Z,,,,,,,,,21,2024-04-16T00:00:00.000Z,1c4wmoj,kzt6oje
CVE-2024-31497,PUBLISHED,mitre,2024-04-15T00:00:00.000Z,2025-03-27T14:54:48.048Z,,,,,,,,,3,2024-04-16T00:00:00.000Z,1c4wmoj,kztb9vr
CVE-2024-31497,PUBLISHED,mitre,2024-04-15T00:00:00.000Z,2025-03-27T14:54:48.048Z,,,,,,,,,1,2024-04-16T00:00:00.000Z,1c4wmoj,kzw4ce6
CVE-2024-31497,PUBLISHED,mitre,2024-04-15T00:00:00.000Z,2025-03-27T14:54:48.048Z,,,,,,,,,1,2024-04-18T00:00:00.000Z,1c6veej,
CVE-2024-3385,PUBLISHED,palo_alto,2024-04-10T17:06:28.153Z,2024-08-22T18:10:55.925Z,7.5,3.1,CWE-20; CWE-476,,,,,,1,2024-12-07T00:00:00.000Z,1h8pd6h,m0v8hzk
CVE-2024-3385,PUBLISHED,palo_alto,2024-04-10T17:06:28.153Z,2024-08-22T18:10:55.925Z,7.5,3.1,CWE-20; CWE-476,,,,,,1,2024-12-07T00:00:00.000Z,1h8pd6h,m0v8nxh
CVE-2024-33871,PUBLISHED,mitre,2024-07-03T00:00:00,2024-08-02T02:42:59.809Z,,,,,,,,,9,2024-06-06T00:00:00.000Z,1d9mpu3,
CVE-2024-33891,PUBLISHED,mitre,2024-04-28T00:00:00.000Z,2025-02-12T14:59:33.572Z,8.8,3.1,,,,,,,1,2024-06-02T00:00:00.000Z,1d5rvo6,l6qij6b
CVE-2024-3393,PUBLISHED,palo_alto,2024-12-27T09:44:24.538Z,2024-12-30T17:20:22.893Z,8.7,4.0,CWE-754,,,PAN-OS,Unknown,Palo Alto Networks,56,2024-12-27T00:00:00.000Z,1hnmt4j,
CVE-2024-3400,PUBLISHED,palo_alto,2024-04-12T07:20:00.707Z,2024-08-01T20:12:06.667Z,10.0,3.1,CWE-77; CWE-20,remote,linux_x86-64,PAN-OS,Known,Palo Alto Networks,2,2024-04-25T00:00:00.000Z,1c8orbq,l17cjwj
CVE-2024-3400,PUBLISHED,palo_alto,2024-04-12T07:20:00.707Z,2024-08-01T20:12:06.667Z,10.0,3.1,CWE-77; CWE-20,remote,linux_x86-64,PAN-OS,Known,Palo Alto Networks,2,2024-04-13T00:00:00.000Z,1c2ipvf,kzcyjkv
CVE-2024-3400,PUBLISHED,palo_alto,2024-04-12T07:20:00.707Z,2024-08-01T20:12:06.667Z,10.0,3.1,CWE-77; CWE-20,remote,linux_x86-64,PAN-OS,Known,Palo Alto Networks,21,2024-04-16T00:00:00.000Z,1c5gxfl,kzw8khh
CVE-2024-3400,PUBLISHED,palo_alto,2024-04-12T07:20:00.707Z,2024-08-01T20:12:06.667Z,10.0,3.1,CWE-77; CWE-20,remote,linux_x86-64,PAN-OS,Known,Palo Alto Networks,1,2024-04-12T00:00:00.000Z,1c2alo9,kz8lhw4
CVE-2024-3400,PUBLISHED,palo_alto,2024-04-12T07:20:00.707Z,2024-08-01T20:12:06.667Z,10.0,3.1,CWE-77; CWE-20,remote,linux_x86-64,PAN-OS,Known,Palo Alto Networks,2,2024-04-16T00:00:00.000Z,1c4qd8i,kzsiq4b
CVE-2024-3400,PUBLISHED,palo_alto,2024-04-12T07:20:00.707Z,2024-08-01T20:12:06.667Z,10.0,3.1,CWE-77; CWE-20,remote,linux_x86-64,PAN-OS,Known,Palo Alto Networks,17,2024-04-17T00:00:00.000Z,1c66aj2,kzytoxe
CVE-2024-3400,PUBLISHED,palo_alto,2024-04-12T07:20:00.707Z,2024-08-01T20:12:06.667Z,10.0,3.1,CWE-77; CWE-20,remote,linux_x86-64,PAN-OS,Known,Palo Alto Networks,15,2024-04-19T00:00:00.000Z,1c83a1p,l0ccu9r
CVE-2024-3400,PUBLISHED,palo_alto,2024-04-12T07:20:00.707Z,2024-08-01T20:12:06.667Z,10.0,3.1,CWE-77; CWE-20,remote,linux_x86-64,PAN-OS,Known,Palo Alto Networks,5,2024-04-20T00:00:00.000Z,1c8t031,l0gsk92
CVE-2024-3400,PUBLISHED,palo_alto,2024-04-12T07:20:00.707Z,2024-08-01T20:12:06.667Z,10.0,3.1,CWE-77; CWE-20,remote,linux_x86-64,PAN-OS,Known,Palo Alto Networks,-4,2024-04-25T00:00:00.000Z,1cc63t0,l16hk0l
CVE-2024-3400,PUBLISHED,palo_alto,2024-04-12T07:20:00.707Z,2024-08-01T20:12:06.667Z,10.0,3.1,CWE-77; CWE-20,remote,linux_x86-64,PAN-OS,Known,Palo Alto Networks,1,2024-07-20T00:00:00.000Z,1e75kq7,le4m78k
CVE-2024-3400,PUBLISHED,palo_alto,2024-04-12T07:20:00.707Z,2024-08-01T20:12:06.667Z,10.0,3.1,CWE-77; CWE-20,remote,linux_x86-64,PAN-OS,Known,Palo Alto Networks,2,2024-09-11T00:00:00.000Z,1fdwp1w,lmm0dus
CVE-2024-3400,PUBLISHED,palo_alto,2024-04-12T07:20:00.707Z,2024-08-01T20:12:06.667Z,10.0,3.1,CWE-77; CWE-20,remote,linux_x86-64,PAN-OS,Known,Palo Alto Networks,10,2024-04-16T00:00:00.000Z,1c5s5ri,
CVE-2024-3400,PUBLISHED,palo_alto,2024-04-12T07:20:00.707Z,2024-08-01T20:12:06.667Z,10.0,3.1,CWE-77; CWE-20,remote,linux_x86-64,PAN-OS,Known,Palo Alto Networks,233,2024-04-16T00:00:00.000Z,1c5s0bt,
CVE-2024-3400,PUBLISHED,palo_alto,2024-04-12T07:20:00.707Z,2024-08-01T20:12:06.667Z,10.0,3.1,CWE-77; CWE-20,remote,linux_x86-64,PAN-OS,Known,Palo Alto Networks,3,2024-07-18T00:00:00.000Z,1e6ilef,
CVE-2024-3400,PUBLISHED,palo_alto,2024-04-12T07:20:00.707Z,2024-08-01T20:12:06.667Z,10.0,3.1,CWE-77; CWE-20,remote,linux_x86-64,PAN-OS,Known,Palo Alto Networks,16,2024-04-12T00:00:00.000Z,1c28kty,
CVE-2024-3400,PUBLISHED,palo_alto,2024-04-12T07:20:00.707Z,2024-08-01T20:12:06.667Z,10.0,3.1,CWE-77; CWE-20,remote,linux_x86-64,PAN-OS,Known,Palo Alto Networks,126,2024-04-12T00:00:00.000Z,1c23979,
CVE-2024-3400,PUBLISHED,palo_alto,2024-04-12T07:20:00.707Z,2024-08-01T20:12:06.667Z,10.0,3.1,CWE-77; CWE-20,remote,linux_x86-64,PAN-OS,Known,Palo Alto Networks,1,2024-04-12T00:00:00.000Z,1c24huw,
CVE-2024-34686,PUBLISHED,sap,2024-06-11T02:11:49.630Z,2024-08-02T02:59:22.207Z,6.1,3.1,CWE-79,,,,,,2,2024-09-11T00:00:00.000Z,1fdwp1w,lmn7id9
CVE-2024-3596,PUBLISHED,certcc,2024-07-09T12:02:53.001Z,2025-05-01T03:55:24.016Z,,,; ; ,,,,,,1,2024-07-09T00:00:00.000Z,1dyu3ia,lcdr3go
CVE-2024-3596,PUBLISHED,certcc,2024-07-09T12:02:53.001Z,2025-05-01T03:55:24.016Z,,,; ; ,,,,,,1,2024-07-18T00:00:00.000Z,1dyu3ia,ldqv3gm
CVE-2024-3596,PUBLISHED,certcc,2024-07-09T12:02:53.001Z,2025-05-01T03:55:24.016Z,,,; ; ,,,,,,1,2024-09-11T00:00:00.000Z,1feg6m4,lmofbb8
CVE-2024-3596,PUBLISHED,certcc,2024-07-09T12:02:53.001Z,2025-05-01T03:55:24.016Z,,,; ; ,,,,,,1,2024-07-23T00:00:00.000Z,1ea68se,
CVE-2024-36401,PUBLISHED,GitHub_M,2024-07-01T15:25:41.873Z,2025-03-25T14:32:25.037Z,9.8,3.1,CWE-95,,,GeoServer,Unknown,OSGeo,1,2024-09-07T00:00:00.000Z,1fbabgp,
CVE-2024-3661,PUBLISHED,cisa-cg,2024-05-06T18:31:21.217Z,2024-08-28T19:09:06.995Z,7.6,3.1,CWE-306; CWE-501,,,,,,1,2024-05-18T00:00:00.000Z,1cu9c83,l4kbd8q
CVE-2024-3661,PUBLISHED,cisa-cg,2024-05-06T18:31:21.217Z,2024-08-28T19:09:06.995Z,7.6,3.1,CWE-306; CWE-501,,,,,,14,2024-06-11T00:00:00.000Z,1dcvj45,l82bns1
CVE-2024-3661,PUBLISHED,cisa-cg,2024-05-06T18:31:21.217Z,2024-08-28T19:09:06.995Z,7.6,3.1,CWE-306; CWE-501,,,,,,1,2024-09-22T00:00:00.000Z,1fmyxmh,lof6l9l
CVE-2024-36877,PUBLISHED,mitre,2024-08-12T00:00:00.000Z,2025-03-13T19:23:38.979Z,,,,,,,,,3,2024-08-16T00:00:00.000Z,1et0e1x,liefshd
CVE-2024-36877,PUBLISHED,mitre,2024-08-12T00:00:00.000Z,2025-03-13T19:23:38.979Z,,,,,,,,,1,2024-08-31T00:00:00.000Z,1et0e1x,lkufesy
CVE-2024-36971,PUBLISHED,Linux,2024-06-10T09:03:23.878Z,2025-05-04T09:13:06.632Z,,,CWE-416,,,Kernel,Unknown,Android,1,2024-09-11T00:00:00.000Z,1fdw87w,
CVE-2024-37032,PUBLISHED,mitre,2024-05-31T00:00:00.000Z,2025-03-27T20:57:59.559Z,,,,,,,,,1,2024-06-26T00:00:00.000Z,1dosfqi,lafmx1k
CVE-2024-37085,PUBLISHED,vmware,2024-06-25T14:16:01.280Z,2024-08-02T03:43:50.997Z,6.8,3.1,CWE-305,,,ESXi,Known,VMware,36,2024-07-30T00:00:00.000Z,1efq6j8,lfmoah6
CVE-2024-37085,PUBLISHED,vmware,2024-06-25T14:16:01.280Z,2024-08-02T03:43:50.997Z,6.8,3.1,CWE-305,,,ESXi,Known,VMware,1,2024-07-05T00:00:00.000Z,1dpws7a,lbs5h19
CVE-2024-37085,PUBLISHED,vmware,2024-06-25T14:16:01.280Z,2024-08-02T03:43:50.997Z,6.8,3.1,CWE-305,,,ESXi,Known,VMware,79,2024-06-27T00:00:00.000Z,1dpws7a,
CVE-2024-37085,PUBLISHED,vmware,2024-06-25T14:16:01.280Z,2024-08-02T03:43:50.997Z,6.8,3.1,CWE-305,,,ESXi,Known,VMware,1,2024-07-31T00:00:00.000Z,1egyc6c,
CVE-2024-37087,PUBLISHED,vmware,2024-06-25T14:16:13.273Z,2024-10-31T13:19:28.741Z,5.3,3.1,,,,,,VMware,2,2024-06-29T00:00:00.000Z,1dpws7a,lat3jhl
CVE-2024-37968,PUBLISHED,microsoft,2024-08-13T17:30:41.604Z,2025-05-21T21:07:27.973Z,7.5,3.1,,,,,,,75,2024-08-13T00:00:00.000Z,1eqziiy,lhy28sm
CVE-2024-37968,PUBLISHED,microsoft,2024-08-13T17:30:41.604Z,2025-05-21T21:07:27.973Z,7.5,3.1,,,,,,,10,2024-08-13T00:00:00.000Z,1eqziiy,lhz4g37
CVE-2024-37968,PUBLISHED,microsoft,2024-08-13T17:30:41.604Z,2025-05-21T21:07:27.973Z,7.5,3.1,,,,,,,3,2024-08-15T00:00:00.000Z,1eqziiy,li83910
CVE-2024-37968,PUBLISHED,microsoft,2024-08-13T17:30:41.604Z,2025-05-21T21:07:27.973Z,7.5,3.1,,,,,,,42,2024-08-15T00:00:00.000Z,1eqziiy,li8dwvg
CVE-2024-37968,PUBLISHED,microsoft,2024-08-13T17:30:41.604Z,2025-05-21T21:07:27.973Z,7.5,3.1,,,,,,,23,2024-08-15T00:00:00.000Z,1eqziiy,li8frc7
CVE-2024-37968,PUBLISHED,microsoft,2024-08-13T17:30:41.604Z,2025-05-21T21:07:27.973Z,7.5,3.1,,,,,,,6,2024-08-15T00:00:00.000Z,1esm4pp,li8gadv
CVE-2024-37968,PUBLISHED,microsoft,2024-08-13T17:30:41.604Z,2025-05-21T21:07:27.973Z,7.5,3.1,,,,,,,2,2024-08-15T00:00:00.000Z,1esm4pp,li8gkwp
CVE-2024-37968,PUBLISHED,microsoft,2024-08-13T17:30:41.604Z,2025-05-21T21:07:27.973Z,7.5,3.1,,,,,,,3,2024-08-15T00:00:00.000Z,1eqziiy,libcr7y
CVE-2024-38015,PUBLISHED,microsoft,2024-07-09T17:02:22.771Z,2025-05-05T17:01:00.254Z,7.5,3.1,,,,,,,3,2024-07-11T00:00:00.000Z,1dyu3ia,lcng1au
CVE-2024-38021,PUBLISHED,microsoft,2024-07-09T17:03:06.606Z,2025-05-05T17:01:43.938Z,8.8,3.1,,,,,,,1,2024-08-11T00:00:00.000Z,1eooewv,lhjkp90
CVE-2024-38021,PUBLISHED,microsoft,2024-07-09T17:03:06.606Z,2025-05-05T17:01:43.938Z,8.8,3.1,,,,,,,3,2024-07-11T00:00:00.000Z,1dyu3ia,lcqrr1h
CVE-2024-38021,PUBLISHED,microsoft,2024-07-09T17:03:06.606Z,2025-05-05T17:01:43.938Z,8.8,3.1,,,,,,,1,2024-07-15T00:00:00.000Z,1e43udo,
CVE-2024-38021,PUBLISHED,microsoft,2024-07-09T17:03:06.606Z,2025-05-05T17:01:43.938Z,8.8,3.1,,,,,,,1,2024-08-09T00:00:00.000Z,1eo3f8u,
CVE-2024-38027,PUBLISHED,microsoft,2024-07-09T17:03:07.205Z,2025-05-05T17:01:44.500Z,6.5,3.1,,,,,,,1,2024-07-15T00:00:00.000Z,1dyu3ia,lda6rxf
CVE-2024-38027,PUBLISHED,microsoft,2024-07-09T17:03:07.205Z,2025-05-05T17:01:44.500Z,6.5,3.1,,,,,,,2,2024-07-15T00:00:00.000Z,1dyu3ia,ldaznid
CVE-2024-38058,PUBLISHED,microsoft,2024-07-09T17:03:15.654Z,2025-05-05T17:01:52.702Z,6.8,3.1,,,,,,,1,2024-07-23T00:00:00.000Z,1e8a76v,lehq9ir
CVE-2024-38058,PUBLISHED,microsoft,2024-07-09T17:03:15.654Z,2025-05-05T17:01:52.702Z,6.8,3.1,,,,,,,56,2024-08-19T00:00:00.000Z,1ew0ycn,
CVE-2024-38063,PUBLISHED,microsoft,2024-08-13T17:29:58.392Z,2025-05-21T21:06:45.578Z,9.8,3.1,,,,,,,1,2024-09-04T00:00:00.000Z,1f7ihja,llfolpr
CVE-2024-38063,PUBLISHED,microsoft,2024-08-13T17:29:58.392Z,2025-05-21T21:06:45.578Z,9.8,3.1,,,,,,,3,2024-09-25T00:00:00.000Z,1fol1ju,lotfr18
CVE-2024-38063,PUBLISHED,microsoft,2024-08-13T17:29:58.392Z,2025-05-21T21:06:45.578Z,9.8,3.1,,,,,,,9,2024-08-15T00:00:00.000Z,1esv50y,li9lg15
CVE-2024-38063,PUBLISHED,microsoft,2024-08-13T17:29:58.392Z,2025-05-21T21:06:45.578Z,9.8,3.1,,,,,,,3,2024-11-06T00:00:00.000Z,1gl2gta,lvr0c9v
CVE-2024-38063,PUBLISHED,microsoft,2024-08-13T17:29:58.392Z,2025-05-21T21:06:45.578Z,9.8,3.1,,,,,,,4,2024-08-16T00:00:00.000Z,1etmv4j,lifo5i4
CVE-2024-38063,PUBLISHED,microsoft,2024-08-13T17:29:58.392Z,2025-05-21T21:06:45.578Z,9.8,3.1,,,,,,,1,2024-08-13T00:00:00.000Z,1eqziiy,lhzcw6w
CVE-2024-38063,PUBLISHED,microsoft,2024-08-13T17:29:58.392Z,2025-05-21T21:06:45.578Z,9.8,3.1,,,,,,,1,2024-08-16T00:00:00.000Z,1eqziiy,lic5m0q
CVE-2024-38063,PUBLISHED,microsoft,2024-08-13T17:29:58.392Z,2025-05-21T21:06:45.578Z,9.8,3.1,,,,,,,2,2024-08-16T00:00:00.000Z,1es09xf,liduai7
CVE-2024-38063,PUBLISHED,microsoft,2024-08-13T17:29:58.392Z,2025-05-21T21:06:45.578Z,9.8,3.1,,,,,,,1,2024-08-16T00:00:00.000Z,1eqziiy,lifq2yo
CVE-2024-38063,PUBLISHED,microsoft,2024-08-13T17:29:58.392Z,2025-05-21T21:06:45.578Z,9.8,3.1,,,,,,,1,2024-08-17T00:00:00.000Z,1es09xf,lijb07c
CVE-2024-38063,PUBLISHED,microsoft,2024-08-13T17:29:58.392Z,2025-05-21T21:06:45.578Z,9.8,3.1,,,,,,,1,2024-08-19T00:00:00.000Z,1es09xf,lit4crm
CVE-2024-38063,PUBLISHED,microsoft,2024-08-13T17:29:58.392Z,2025-05-21T21:06:45.578Z,9.8,3.1,,,,,,,1,2024-08-19T00:00:00.000Z,1es09xf,liv3ier
CVE-2024-38063,PUBLISHED,microsoft,2024-08-13T17:29:58.392Z,2025-05-21T21:06:45.578Z,9.8,3.1,,,,,,,3,2024-09-01T00:00:00.000Z,1f6en1y,lkzq1jy
CVE-2024-38063,PUBLISHED,microsoft,2024-08-13T17:29:58.392Z,2025-05-21T21:06:45.578Z,9.8,3.1,,,,,,,4,2024-09-01T00:00:00.000Z,1f6en1y,ll2283t
CVE-2024-38063,PUBLISHED,microsoft,2024-08-13T17:29:58.392Z,2025-05-21T21:06:45.578Z,9.8,3.1,,,,,,,1,2024-09-10T00:00:00.000Z,1fd9p0f,lmg7ume
CVE-2024-38063,PUBLISHED,microsoft,2024-08-13T17:29:58.392Z,2025-05-21T21:06:45.578Z,9.8,3.1,,,,,,,1,2024-10-02T00:00:00.000Z,1fub1jm,lpy2q2y
CVE-2024-38063,PUBLISHED,microsoft,2024-08-13T17:29:58.392Z,2025-05-21T21:06:45.578Z,9.8,3.1,,,,,,,26,2024-08-15T00:00:00.000Z,1esg9ho,
CVE-2024-38063,PUBLISHED,microsoft,2024-08-13T17:29:58.392Z,2025-05-21T21:06:45.578Z,9.8,3.1,,,,,,,45,2024-08-14T00:00:00.000Z,1es0ivo,
CVE-2024-38063,PUBLISHED,microsoft,2024-08-13T17:29:58.392Z,2025-05-21T21:06:45.578Z,9.8,3.1,,,,,,,464,2024-08-14T00:00:00.000Z,1es09xf,
CVE-2024-38063,PUBLISHED,microsoft,2024-08-13T17:29:58.392Z,2025-05-21T21:06:45.578Z,9.8,3.1,,,,,,,1,2024-08-27T00:00:00.000Z,1f2ht2u,
CVE-2024-38063,PUBLISHED,microsoft,2024-08-13T17:29:58.392Z,2025-05-21T21:06:45.578Z,9.8,3.1,,,,,,,1,2024-09-01T00:00:00.000Z,1f6en1y,
CVE-2024-38063,PUBLISHED,microsoft,2024-08-13T17:29:58.392Z,2025-05-21T21:06:45.578Z,9.8,3.1,,,,,,,58,2024-10-28T00:00:00.000Z,1ge0dl7,
CVE-2024-38077,PUBLISHED,microsoft,2024-07-09T17:02:33.618Z,2025-05-05T17:01:11.395Z,9.8,3.1,,,,,,,1,2024-10-03T00:00:00.000Z,1fvaidf,lq74pc2
CVE-2024-38077,PUBLISHED,microsoft,2024-07-09T17:02:33.618Z,2025-05-05T17:01:11.395Z,9.8,3.1,,,,,,,17,2024-07-09T00:00:00.000Z,1dyu3ia,lcdoilb
CVE-2024-38080,PUBLISHED,microsoft,2024-07-09T17:02:34.187Z,2025-05-05T17:01:12.017Z,7.8,3.1,CWE-190,,,Windows ,Unknown,Microsoft,3,2024-07-10T00:00:00.000Z,1dyu3ia,lchh6pt
CVE-2024-38080,PUBLISHED,microsoft,2024-07-09T17:02:34.187Z,2025-05-05T17:01:12.017Z,7.8,3.1,CWE-190,,,Windows ,Unknown,Microsoft,1,2024-07-10T00:00:00.000Z,1dzocfk,
CVE-2024-38094,PUBLISHED,microsoft,2024-07-09T17:03:24.222Z,2025-05-05T17:02:01.352Z,7.2,3.1,CWE-502,,,SharePoint,Known,Microsoft,3,2024-10-24T00:00:00.000Z,1gbai04,
CVE-2024-38094,PUBLISHED,microsoft,2024-07-09T17:03:24.222Z,2025-05-05T17:02:01.352Z,7.2,3.1,CWE-502,,,SharePoint,Known,Microsoft,1,2024-10-24T00:00:00.000Z,1gbaifd,
CVE-2024-38112,PUBLISHED,microsoft,2024-07-09T17:02:38.208Z,2025-05-05T17:01:15.730Z,7.5,3.1,CWE-451,,,Windows,Unknown,Microsoft,16,2024-07-09T00:00:00.000Z,1dyu3ia,lcdr18c
CVE-2024-38112,PUBLISHED,microsoft,2024-07-09T17:02:38.208Z,2025-05-05T17:01:15.730Z,7.5,3.1,CWE-451,,,Windows,Unknown,Microsoft,1,2024-07-12T00:00:00.000Z,1e1qfmi,lcwg9th
CVE-2024-38199,PUBLISHED,microsoft,2024-08-13T17:29:55.290Z,2025-05-21T21:06:41.152Z,9.8,3.1,,,,,,,6,2024-08-13T00:00:00.000Z,1eqziiy,lhy22qn
CVE-2024-38202,PUBLISHED,microsoft,2024-08-08T01:59:34.177Z,2025-05-21T21:07:29.158Z,7.3,3.1,,,,,,,1,2024-10-28T00:00:00.000Z,1gcl9ou,lu7rxyj
CVE-2024-38202,PUBLISHED,microsoft,2024-08-08T01:59:34.177Z,2025-05-21T21:07:29.158Z,7.3,3.1,,,,,,,1,2024-08-13T00:00:00.000Z,1eqziiy,lhx8gjj
CVE-2024-38202,PUBLISHED,microsoft,2024-08-08T01:59:34.177Z,2025-05-21T21:07:29.158Z,7.3,3.1,,,,,,,26,2024-08-13T00:00:00.000Z,1eqziiy,lhx9ibj
CVE-2024-38286,PUBLISHED,apache,2024-11-07T07:37:32.224Z,2024-11-07T16:36:00.935Z,8.6,3.1,CWE-770,,,,,,2,2024-09-28T00:00:00.000Z,1frc1e9,
CVE-2024-38474,PUBLISHED,apache,2024-07-01T18:14:47.004Z,2025-03-25T18:24:03.613Z,,,CWE-116,,,,,,5,2024-10-31T00:00:00.000Z,1ggle5u,luqiiul
CVE-2024-38474,PUBLISHED,apache,2024-07-01T18:14:47.004Z,2025-03-25T18:24:03.613Z,,,CWE-116,,,,,,2,2024-10-31T00:00:00.000Z,1ggle5u,luqw7rv
CVE-2024-38812,PUBLISHED,vmware,2024-09-17T17:13:09.778Z,2025-06-10T16:31:30.590Z,9.8,3.1,CWE-122,,,vCenter Server,Unknown,VMware,6,2024-10-22T00:00:00.000Z,1g9bveq,lt7wypd
CVE-2024-4040,PUBLISHED,directcyber,2024-04-22T19:21:46.408Z,2025-02-04T16:21:39.750Z,9.8,3.1,CWE-1336,,,CrushFTP,Unknown,CrushFTP,1,2024-04-23T00:00:00.000Z,1caapws,l0vudnq
CVE-2024-4040,PUBLISHED,directcyber,2024-04-22T19:21:46.408Z,2025-02-04T16:21:39.750Z,9.8,3.1,CWE-1336,,,CrushFTP,Unknown,CrushFTP,2,2024-04-23T00:00:00.000Z,1ca23j6,l0vuez8
CVE-2024-4040,PUBLISHED,directcyber,2024-04-22T19:21:46.408Z,2025-02-04T16:21:39.750Z,9.8,3.1,CWE-1336,,,CrushFTP,Unknown,CrushFTP,3,2024-04-24T00:00:00.000Z,1cc3p5p,l12qgqk
CVE-2024-40431,PUBLISHED,mitre,2024-10-23T00:00:00,2024-10-24T17:43:32.664Z,,,,,,,,,2,2024-10-29T00:00:00.000Z,1gc5yg1,lu9ycae
CVE-2024-40711,PUBLISHED,hackerone,2024-09-07T16:11:22.213Z,2024-10-29T21:50:32.442Z,9.8,3.0,CWE-502,,,Backup & Replication,Known,Veeam,7,2024-09-09T00:00:00.000Z,1fcrkkc,lmas10h
CVE-2024-40711,PUBLISHED,hackerone,2024-09-07T16:11:22.213Z,2024-10-29T21:50:32.442Z,9.8,3.0,CWE-502,,,Backup & Replication,Known,Veeam,4,2024-09-06T00:00:00.000Z,1faj9c3,
CVE-2024-40711,PUBLISHED,hackerone,2024-09-07T16:11:22.213Z,2024-10-29T21:50:32.442Z,9.8,3.0,CWE-502,,,Backup & Replication,Known,Veeam,8,2024-10-11T00:00:00.000Z,1g1fa8a,
CVE-2024-40711,PUBLISHED,hackerone,2024-09-07T16:11:22.213Z,2024-10-29T21:50:32.442Z,9.8,3.0,CWE-502,,,Backup & Replication,Known,Veeam,1,2024-09-06T00:00:00.000Z,1faj5s0,
CVE-2024-40711,PUBLISHED,hackerone,2024-09-07T16:11:22.213Z,2024-10-29T21:50:32.442Z,9.8,3.0,CWE-502,,,Backup & Replication,Known,Veeam,12,2024-10-11T00:00:00.000Z,1g1f8sa,
CVE-2024-40711,PUBLISHED,hackerone,2024-09-07T16:11:22.213Z,2024-10-29T21:50:32.442Z,9.8,3.0,CWE-502,,,Backup & Replication,Known,Veeam,52,2024-10-11T00:00:00.000Z,1g1fatt,
CVE-2024-40766,PUBLISHED,sonicwall,2024-08-23T06:19:07.229Z,2024-09-09T16:20:22.681Z,,,CWE-284,,,SonicOS,Known,SonicWall,6,2024-09-10T00:00:00.000Z,1fda3gu,lmgpeft
CVE-2024-40766,PUBLISHED,sonicwall,2024-08-23T06:19:07.229Z,2024-09-09T16:20:22.681Z,,,CWE-284,,,SonicOS,Known,SonicWall,1,2024-09-06T00:00:00.000Z,1faob7q,
CVE-2024-40766,PUBLISHED,sonicwall,2024-08-23T06:19:07.229Z,2024-09-09T16:20:22.681Z,,,CWE-284,,,SonicOS,Known,SonicWall,9,2024-09-06T00:00:00.000Z,1fao9w1,
CVE-2024-40766,PUBLISHED,sonicwall,2024-08-23T06:19:07.229Z,2024-09-09T16:20:22.681Z,,,CWE-284,,,SonicOS,Known,SonicWall,6,2024-09-06T00:00:00.000Z,1faod04,
CVE-2024-42057,PUBLISHED,Zyxel,2024-09-03T01:43:28.106Z,2024-09-03T13:54:39.611Z,8.1,3.1,CWE-78,,,,,,1,2024-11-24T00:00:00.000Z,1gwzbrp,lyq208m
CVE-2024-42327,PUBLISHED,Zabbix,2024-11-27T12:04:31.950Z,2024-12-04T04:55:21.730Z,9.9,3.1,CWE-89,webapps,php,,,,7,2024-12-05T00:00:00.000Z,1h6w5dn,m0gra1p
CVE-2024-42327,PUBLISHED,Zabbix,2024-11-27T12:04:31.950Z,2024-12-04T04:55:21.730Z,9.9,3.1,CWE-89,webapps,php,,,,7,2024-12-05T00:00:00.000Z,1h6w5dn,m0guokm
CVE-2024-42327,PUBLISHED,Zabbix,2024-11-27T12:04:31.950Z,2024-12-04T04:55:21.730Z,9.9,3.1,CWE-89,webapps,php,,,,1,2024-12-05T00:00:00.000Z,1h6w5dn,
CVE-2024-43047,PUBLISHED,qualcomm,2024-10-07T12:59:01.656Z,2024-10-09T12:57:09.326Z,7.8,3.1,CWE-416,,,Multiple Chipsets ,Unknown,Qualcomm,13,2024-10-10T00:00:00.000Z,1g0th1m,
CVE-2024-4323,PUBLISHED,tenable,2024-05-20T12:06:21.696Z,2024-08-19T07:47:45.924Z,9.8,3.1,CWE-122,,,,,,3,2024-08-21T00:00:00.000Z,1exvj5b,lj9k37s
CVE-2024-43451,PUBLISHED,microsoft,2024-11-12T17:53:48.946Z,2025-06-16T02:43:59.071Z,6.5,3.1,CWE-73,,,Windows,Unknown,Microsoft,2,2024-11-14T00:00:00.000Z,1gqj6ec,lx4cowj
CVE-2024-43451,PUBLISHED,microsoft,2024-11-12T17:53:48.946Z,2025-06-16T02:43:59.071Z,6.5,3.1,CWE-73,,,Windows,Unknown,Microsoft,4,2024-12-09T00:00:00.000Z,1hakbt7,m19ashv
CVE-2024-43451,PUBLISHED,microsoft,2024-11-12T17:53:48.946Z,2025-06-16T02:43:59.071Z,6.5,3.1,CWE-73,,,Windows,Unknown,Microsoft,6,2024-11-12T00:00:00.000Z,1gpe5kc,lwsdhqn
CVE-2024-43451,PUBLISHED,microsoft,2024-11-12T17:53:48.946Z,2025-06-16T02:43:59.071Z,6.5,3.1,CWE-73,,,Windows,Unknown,Microsoft,1,2024-12-09T00:00:00.000Z,1h9ujaa,m15yght
CVE-2024-43451,PUBLISHED,microsoft,2024-11-12T17:53:48.946Z,2025-06-16T02:43:59.071Z,6.5,3.1,CWE-73,,,Windows,Unknown,Microsoft,8,2024-12-09T00:00:00.000Z,1h9ujaa,m176g6o
CVE-2024-43451,PUBLISHED,microsoft,2024-11-12T17:53:48.946Z,2025-06-16T02:43:59.071Z,6.5,3.1,CWE-73,,,Windows,Unknown,Microsoft,6,2024-12-09T00:00:00.000Z,1h9ujaa,m17epzn
CVE-2024-43451,PUBLISHED,microsoft,2024-11-12T17:53:48.946Z,2025-06-16T02:43:59.071Z,6.5,3.1,CWE-73,,,Windows,Unknown,Microsoft,11,2024-12-09T00:00:00.000Z,1h9ujaa,m17etsg
CVE-2024-43451,PUBLISHED,microsoft,2024-11-12T17:53:48.946Z,2025-06-16T02:43:59.071Z,6.5,3.1,CWE-73,,,Windows,Unknown,Microsoft,6,2024-12-09T00:00:00.000Z,1h9ujaa,m17ex7l
CVE-2024-43451,PUBLISHED,microsoft,2024-11-12T17:53:48.946Z,2025-06-16T02:43:59.071Z,6.5,3.1,CWE-73,,,Windows,Unknown,Microsoft,2,2024-12-09T00:00:00.000Z,1h9ujaa,m17fcgn
CVE-2024-43451,PUBLISHED,microsoft,2024-11-12T17:53:48.946Z,2025-06-16T02:43:59.071Z,6.5,3.1,CWE-73,,,Windows,Unknown,Microsoft,2,2024-12-09T00:00:00.000Z,1h9ujaa,m17ffiy
CVE-2024-43451,PUBLISHED,microsoft,2024-11-12T17:53:48.946Z,2025-06-16T02:43:59.071Z,6.5,3.1,CWE-73,,,Windows,Unknown,Microsoft,2,2024-12-09T00:00:00.000Z,1h9ujaa,m17fhb9
CVE-2024-43451,PUBLISHED,microsoft,2024-11-12T17:53:48.946Z,2025-06-16T02:43:59.071Z,6.5,3.1,CWE-73,,,Windows,Unknown,Microsoft,1,2024-12-09T00:00:00.000Z,1h9ujaa,m17flso
CVE-2024-43451,PUBLISHED,microsoft,2024-11-12T17:53:48.946Z,2025-06-16T02:43:59.071Z,6.5,3.1,CWE-73,,,Windows,Unknown,Microsoft,1,2024-12-09T00:00:00.000Z,1h9ujaa,m17fr5a
CVE-2024-43451,PUBLISHED,microsoft,2024-11-12T17:53:48.946Z,2025-06-16T02:43:59.071Z,6.5,3.1,CWE-73,,,Windows,Unknown,Microsoft,11,2024-12-09T00:00:00.000Z,1h9ujaa,m17h7l8
CVE-2024-43451,PUBLISHED,microsoft,2024-11-12T17:53:48.946Z,2025-06-16T02:43:59.071Z,6.5,3.1,CWE-73,,,Windows,Unknown,Microsoft,10,2024-12-09T00:00:00.000Z,1h9ujaa,m17hvv0
CVE-2024-43451,PUBLISHED,microsoft,2024-11-12T17:53:48.946Z,2025-06-16T02:43:59.071Z,6.5,3.1,CWE-73,,,Windows,Unknown,Microsoft,3,2024-12-09T00:00:00.000Z,1h9ujaa,m17ix5c
CVE-2024-43451,PUBLISHED,microsoft,2024-11-12T17:53:48.946Z,2025-06-16T02:43:59.071Z,6.5,3.1,CWE-73,,,Windows,Unknown,Microsoft,2,2024-12-09T00:00:00.000Z,1h9ujaa,m18jgjq
CVE-2024-43451,PUBLISHED,microsoft,2024-11-12T17:53:48.946Z,2025-06-16T02:43:59.071Z,6.5,3.1,CWE-73,,,Windows,Unknown,Microsoft,2,2024-12-09T00:00:00.000Z,1h9ujaa,m192yup
CVE-2024-43451,PUBLISHED,microsoft,2024-11-12T17:53:48.946Z,2025-06-16T02:43:59.071Z,6.5,3.1,CWE-73,,,Windows,Unknown,Microsoft,1,2024-12-11T00:00:00.000Z,1hav717,m1i1c8s
CVE-2024-43461,PUBLISHED,microsoft,2024-09-10T16:54:14.430Z,2024-12-31T23:03:19.771Z,8.8,3.1,CWE-451,,,Windows,Unknown,Microsoft,1,2024-09-19T00:00:00.000Z,1fjuwik,lnw5os9
CVE-2024-43468,PUBLISHED,microsoft,2024-10-08T17:35:48.428Z,2025-06-16T02:44:38.201Z,9.8,3.1,,,,,,,3,2024-10-09T00:00:00.000Z,1fys57l,lr2fm8m
CVE-2024-43491,PUBLISHED,microsoft,2024-09-10T16:54:20.436Z,2024-12-31T23:03:24.790Z,9.8,3.1,,,,,,,2,2024-09-10T00:00:00.000Z,1fda3gu,lmh8m52
CVE-2024-43491,PUBLISHED,microsoft,2024-09-10T16:54:20.436Z,2024-12-31T23:03:24.790Z,9.8,3.1,,,,,,,1,2024-09-10T00:00:00.000Z,1fda3gu,lmifjbd
CVE-2024-43566,PUBLISHED,microsoft,2024-10-17T22:39:55.617Z,2025-06-16T02:44:25.356Z,7.5,3.1,,,,,,,4,2024-10-24T00:00:00.000Z,1gb6n5u,
CVE-2024-43581,PUBLISHED,microsoft,2024-10-08T17:35:32.468Z,2025-06-16T02:44:19.083Z,7.1,3.1,,,,,,,15,2024-10-09T00:00:00.000Z,1fys57l,lr25rtt
CVE-2024-43582,PUBLISHED,microsoft,2024-10-08T17:36:11.991Z,2025-06-16T02:45:02.655Z,8.1,3.1,,,,,,,4,2024-10-09T00:00:00.000Z,1fys57l,lr2zdzw
CVE-2024-43583,PUBLISHED,microsoft,2024-10-08T17:36:17.688Z,2025-06-16T02:45:09.252Z,7.8,3.1,,,,,,,1,2024-10-08T00:00:00.000Z,1fys57l,lqzre9g
CVE-2024-43583,PUBLISHED,microsoft,2024-10-08T17:36:17.688Z,2025-06-16T02:45:09.252Z,7.8,3.1,,,,,,,1,2024-10-08T00:00:00.000Z,1fys57l,lqzrjsu
CVE-2024-43583,PUBLISHED,microsoft,2024-10-08T17:36:17.688Z,2025-06-16T02:45:09.252Z,7.8,3.1,,,,,,,1,2024-10-08T00:00:00.000Z,1fys57l,lqzrlun
CVE-2024-43583,PUBLISHED,microsoft,2024-10-08T17:36:17.688Z,2025-06-16T02:45:09.252Z,7.8,3.1,,,,,,,1,2024-10-08T00:00:00.000Z,1fys57l,lqzrmw0
CVE-2024-43583,PUBLISHED,microsoft,2024-10-08T17:36:17.688Z,2025-06-16T02:45:09.252Z,7.8,3.1,,,,,,,2,2024-10-09T00:00:00.000Z,1fys57l,lr3vcxd
CVE-2024-43593,PUBLISHED,microsoft,2024-10-08T17:36:15.890Z,2025-06-16T02:45:07.208Z,8.8,3.1,,,,,,,2,2024-10-09T00:00:00.000Z,1fys57l,lr2kqg7
CVE-2024-43639,PUBLISHED,microsoft,2024-11-12T17:54:04.563Z,2025-06-16T02:44:19.719Z,9.8,3.1,,,,,,,84,2024-11-14T00:00:00.000Z,1gre07u,
CVE-2024-44068,PUBLISHED,mitre,2024-10-07T00:00:00,2024-10-07T18:52:33.089Z,,,,,,,,,5,2024-10-25T00:00:00.000Z,1gbt83o,lto9zkp
CVE-2024-44068,PUBLISHED,mitre,2024-10-07T00:00:00,2024-10-07T18:52:33.089Z,,,,,,,,,23,2024-10-25T00:00:00.000Z,1gbt83o,ltokksv
CVE-2024-44068,PUBLISHED,mitre,2024-10-07T00:00:00,2024-10-07T18:52:33.089Z,,,,,,,,,23,2024-10-25T00:00:00.000Z,1gbt83o,ltp6wnq
CVE-2024-44068,PUBLISHED,mitre,2024-10-07T00:00:00,2024-10-07T18:52:33.089Z,,,,,,,,,3,2024-10-25T00:00:00.000Z,1gbta38,ltoaprd
CVE-2024-44133,PUBLISHED,apple,2024-09-16T23:23:11.932Z,2025-03-25T16:30:44.862Z,,,,,,,,,20,2024-10-21T00:00:00.000Z,1g8hg5e,lsythqq
CVE-2024-44133,PUBLISHED,apple,2024-09-16T23:23:11.932Z,2025-03-25T16:30:44.862Z,,,,,,,,,1,2024-10-21T00:00:00.000Z,1g8hg5e,lt06f1b
CVE-2024-44133,PUBLISHED,apple,2024-09-16T23:23:11.932Z,2025-03-25T16:30:44.862Z,,,,,,,,,1,2024-12-08T00:00:00.000Z,1g8hg5e,m126dn0
CVE-2024-44308,PUBLISHED,apple,2024-11-19T23:43:50.135Z,2024-11-23T04:55:45.840Z,,,,,,Multiple Products,Unknown,Apple,1,2024-11-23T00:00:00.000Z,1gxi0fj,lymetp4
CVE-2024-45409,PUBLISHED,GitHub_M,2024-09-10T18:50:12.965Z,2024-11-11T17:02:31.329Z,10.0,3.1,CWE-347,,,,,,34,2024-11-11T00:00:00.000Z,1gosyuo,lwkyzps
CVE-2024-45519,PUBLISHED,mitre,2024-10-02T00:00:00,2024-10-22T21:01:35.614951,10.0,3.1,CWE-284,,,Zimbra Collaboration Suite (ZCS),Unknown,Synacor,36,2024-10-08T00:00:00.000Z,1fys57l,lqxwdxr
CVE-2024-45763,PUBLISHED,dell,2024-11-08T16:15:34.861Z,2024-11-13T18:39:26.443Z,9.1,3.1,CWE-78,,,,,,1,2024-11-12T00:00:00.000Z,1gpl7ec,
CVE-2024-4577,PUBLISHED,php,2024-06-09T19:42:36.464Z,2025-03-14T01:24:54.997Z,9.8,3.1,CWE-78,webapps,php,PHP,Known,PHP Group,1,2024-08-22T00:00:00.000Z,1eywk23,
CVE-2024-45844,PUBLISHED,f5,2024-10-16T14:12:47.209Z,2024-10-21T13:14:15.515Z,7.2,3.1,CWE-306,,,,,,2,2024-10-18T00:00:00.000Z,1g5okub,lshvhug
CVE-2024-4610,PUBLISHED,Arm,2024-06-07T11:25:08.378Z,2024-08-01T20:47:41.459Z,,,CWE-416,,,Mali GPU Kernel Driver,Unknown,Arm,10,2024-06-09T00:00:00.000Z,1dc3cda,
CVE-2024-46909,PUBLISHED,ProgressSoftware,2024-12-02T14:46:49.513Z,2024-12-02T15:30:19.651Z,9.8,3.1,CWE-22; CWE-73; CWE-16,,,,,Progress Software,1,2024-12-10T00:00:00.000Z,1hbaolq,
CVE-2024-47176,PUBLISHED,GitHub_M,2024-09-26T21:13:05.913Z,2024-10-02T19:16:51.368Z,5.3,3.1,CWE-1327,,,,,,24,2024-09-26T00:00:00.000Z,1fq3tts,lp3ez51
CVE-2024-47176,PUBLISHED,GitHub_M,2024-09-26T21:13:05.913Z,2024-10-02T19:16:51.368Z,5.3,3.1,CWE-1327,,,,,,22,2024-09-26T00:00:00.000Z,1fq8023,
CVE-2024-47575,PUBLISHED,fortinet,2024-10-23T15:03:48.798Z,2024-11-07T07:41:45.283Z,9.8,3.1,CWE-306,,,FortiManager,Unknown,Fortinet,1,2024-10-23T00:00:00.000Z,1gahv67,lte2cbc
CVE-2024-47575,PUBLISHED,fortinet,2024-10-23T15:03:48.798Z,2024-11-07T07:41:45.283Z,9.8,3.1,CWE-306,,,FortiManager,Unknown,Fortinet,1,2024-10-24T00:00:00.000Z,1ganmnv,ltiepzb
CVE-2024-47575,PUBLISHED,fortinet,2024-10-23T15:03:48.798Z,2024-11-07T07:41:45.283Z,9.8,3.1,CWE-306,,,FortiManager,Unknown,Fortinet,142,2024-10-24T00:00:00.000Z,1gb6oy3,
CVE-2024-49138,PUBLISHED,microsoft,2024-12-10T17:49:48.419Z,2025-05-13T15:25:46.585Z,7.8,3.1,CWE-122,local,windows,Windows,Unknown,Microsoft,1,2024-12-16T00:00:00.000Z,1hav717,m2apmm8
CVE-2024-50623,PUBLISHED,mitre,2024-10-27T00:00:00,2024-12-23T06:22:00.892Z,,,CWE-434,,,Multiple Products,Known,Cleo,1,2024-12-11T00:00:00.000Z,1havfwc,m1ksgay
CVE-2024-50623,PUBLISHED,mitre,2024-10-27T00:00:00,2024-12-23T06:22:00.892Z,,,CWE-434,,,Multiple Products,Known,Cleo,1,2024-12-11T00:00:00.000Z,1haqgss,m1hosx5
CVE-2024-50623,PUBLISHED,mitre,2024-10-27T00:00:00,2024-12-23T06:22:00.892Z,,,CWE-434,,,Multiple Products,Known,Cleo,84,2024-12-10T00:00:00.000Z,1haqgss,
CVE-2024-50623,PUBLISHED,mitre,2024-10-27T00:00:00,2024-12-23T06:22:00.892Z,,,CWE-434,,,Multiple Products,Known,Cleo,123,2024-12-10T00:00:00.000Z,1haqguq,
CVE-2024-5084,PUBLISHED,Wordfence,2024-05-23T14:31:38.633Z,2024-08-01T21:03:10.657Z,9.8,3.1,,,,,,,1,2024-08-07T00:00:00.000Z,1em6f7n,lgx7h4j
CVE-2024-5274,PUBLISHED,Chrome,2024-05-28T14:44:31.558Z,2025-02-13T17:54:08.273Z,,,CWE-843,,,Chromium V8,Unknown,Google,1,2024-05-28T00:00:00.000Z,1d2kju3,l632u1b
CVE-2024-5274,PUBLISHED,Chrome,2024-05-28T14:44:31.558Z,2025-02-13T17:54:08.273Z,,,CWE-843,,,Chromium V8,Unknown,Google,15,2024-06-11T00:00:00.000Z,1dd65v4,l85ga34
CVE-2024-53677,PUBLISHED,apache,2024-12-11T15:35:43.389Z,2025-01-03T12:04:30.841Z,9.5,4.0,,,,,,,2,2024-12-17T00:00:00.000Z,1hd02ra,m2ja8qc
CVE-2024-54492,PUBLISHED,apple,2024-12-11T22:59:01.815Z,2024-12-12T15:24:06.422Z,,,,,,,,,22,2024-12-15T00:00:00.000Z,1hecwd6,m23omff
CVE-2024-5535,PUBLISHED,openssl,2024-06-27T10:30:53.118Z,2025-02-13T17:54:20.802Z,,,CWE-200,,,,,,2,2024-11-12T00:00:00.000Z,1gpe5kc,lwt6fxi
CVE-2024-55557,PUBLISHED,mitre,2024-12-16T00:00:00,2024-12-17T15:13:46.365Z,,,,,,,,,1,2024-12-14T00:00:00.000Z,1hd7m8o,m1y65up
CVE-2024-5690,PUBLISHED,mozilla,2024-06-11T12:40:12.752Z,2025-03-26T14:05:22.811Z,,,,,,,,,1,2024-11-17T00:00:00.000Z,1gt2wyu,lxlik80
CVE-2024-5806,PUBLISHED,ProgressSoftware,2024-06-25T15:04:37.342Z,2024-08-01T21:25:02.659Z,9.1,3.1,CWE-287,,,,,,1,2024-07-02T00:00:00.000Z,1dsgwdw,lbc5jo5
CVE-2024-5806,PUBLISHED,ProgressSoftware,2024-06-25T15:04:37.342Z,2024-08-01T21:25:02.659Z,9.1,3.1,CWE-287,,,,,,13,2024-06-28T00:00:00.000Z,1dqkvdv,
CVE-2024-6236,PUBLISHED,Citrix,2024-07-10T20:18:04.274Z,2025-05-01T03:55:16.394Z,7.1,4.0,,,,,,,1,2024-07-10T00:00:00.000Z,1dzpqgq,
CVE-2024-6342,PUBLISHED,Zyxel,2024-09-10T01:55:13.215Z,2024-09-10T15:18:36.873Z,9.8,3.1,CWE-78,,,,,,24,2024-09-11T00:00:00.000Z,1fedt76,
CVE-2024-6387,PUBLISHED,redhat,2024-07-01T12:37:25.431Z,2025-05-21T18:20:20.790Z,8.1,3.1,CWE-364,remote,linux,,,,7,2024-07-01T00:00:00.000Z,1dsupfa,lb4yqqf
CVE-2024-6387,PUBLISHED,redhat,2024-07-01T12:37:25.431Z,2025-05-21T18:20:20.790Z,8.1,3.1,CWE-364,remote,linux,,,,3,2024-07-31T00:00:00.000Z,1egac0o,lfrt4v9
CVE-2024-6387,PUBLISHED,redhat,2024-07-01T12:37:25.431Z,2025-05-21T18:20:20.790Z,8.1,3.1,CWE-364,remote,linux,,,,1,2024-07-31T00:00:00.000Z,1egac0o,lfs5zp6
CVE-2024-6387,PUBLISHED,redhat,2024-07-01T12:37:25.431Z,2025-05-21T18:20:20.790Z,8.1,3.1,CWE-364,remote,linux,,,,11,2024-07-31T00:00:00.000Z,1egac0o,lfs88iq
CVE-2024-6387,PUBLISHED,redhat,2024-07-01T12:37:25.431Z,2025-05-21T18:20:20.790Z,8.1,3.1,CWE-364,remote,linux,,,,1,2024-07-03T00:00:00.000Z,1dujap0,lbi080q
CVE-2024-6387,PUBLISHED,redhat,2024-07-01T12:37:25.431Z,2025-05-21T18:20:20.790Z,8.1,3.1,CWE-364,remote,linux,,,,1,2024-07-19T00:00:00.000Z,1e69b0b,ldw7kcy
CVE-2024-6387,PUBLISHED,redhat,2024-07-01T12:37:25.431Z,2025-05-21T18:20:20.790Z,8.1,3.1,CWE-364,remote,linux,,,,1,2024-07-01T00:00:00.000Z,1dsse9e,lb53yg1
CVE-2024-6387,PUBLISHED,redhat,2024-07-01T12:37:25.431Z,2025-05-21T18:20:20.790Z,8.1,3.1,CWE-364,remote,linux,,,,13,2024-07-01T00:00:00.000Z,1dsofck,lb3ta57
CVE-2024-6387,PUBLISHED,redhat,2024-07-01T12:37:25.431Z,2025-05-21T18:20:20.790Z,8.1,3.1,CWE-364,remote,linux,,,,5,2024-07-01T00:00:00.000Z,1dsofck,lb7gn2s
CVE-2024-6387,PUBLISHED,redhat,2024-07-01T12:37:25.431Z,2025-05-21T18:20:20.790Z,8.1,3.1,CWE-364,remote,linux,,,,1,2024-07-10T00:00:00.000Z,1dyzqkf,lcg6wsz
CVE-2024-6387,PUBLISHED,redhat,2024-07-01T12:37:25.431Z,2025-05-21T18:20:20.790Z,8.1,3.1,CWE-364,remote,linux,,,,2,2024-07-02T00:00:00.000Z,1dspa43,lbc0mfq
CVE-2024-6387,PUBLISHED,redhat,2024-07-01T12:37:25.431Z,2025-05-21T18:20:20.790Z,8.1,3.1,CWE-364,remote,linux,,,,1,2024-07-08T00:00:00.000Z,1dy4f0v,lc6hcju
CVE-2024-6387,PUBLISHED,redhat,2024-07-01T12:37:25.431Z,2025-05-21T18:20:20.790Z,8.1,3.1,CWE-364,remote,linux,,,,2,2024-07-08T00:00:00.000Z,1dy5lj4,
CVE-2024-6387,PUBLISHED,redhat,2024-07-01T12:37:25.431Z,2025-05-21T18:20:20.790Z,8.1,3.1,CWE-364,remote,linux,,,,41,2024-07-01T00:00:00.000Z,1dsrjaq,
CVE-2024-6387,PUBLISHED,redhat,2024-07-01T12:37:25.431Z,2025-05-21T18:20:20.790Z,8.1,3.1,CWE-364,remote,linux,,,,54,2024-07-01T00:00:00.000Z,1dsse9e,
CVE-2024-6387,PUBLISHED,redhat,2024-07-01T12:37:25.431Z,2025-05-21T18:20:20.790Z,8.1,3.1,CWE-364,remote,linux,,,,303,2024-07-01T00:00:00.000Z,1dspa43,
CVE-2024-6409,PUBLISHED,redhat,2024-07-08T17:57:10.517Z,2025-05-22T19:17:16.728Z,7.0,3.1,CWE-364,,,,,,2,2024-07-09T00:00:00.000Z,1dyzqkf,lcc8h9k
CVE-2024-6783,PUBLISHED,HeroDevs,2024-07-23T15:05:57.752Z,2024-08-30T14:51:11.346Z,4.8,3.1,CWE-79,,,,,,12,2024-08-17T00:00:00.000Z,1eueblc,
CVE-2024-7264,PUBLISHED,curl,2024-07-31T08:08:14.585Z,2025-02-13T17:58:03.375Z,,,,,,,,,11,2024-10-08T00:00:00.000Z,1fys57l,lqwpv0g
CVE-2024-7264,PUBLISHED,curl,2024-07-31T08:08:14.585Z,2025-02-13T17:58:03.375Z,,,,,,,,,2,2024-10-09T00:00:00.000Z,1fys57l,lr3x3ri
CVE-2024-7264,PUBLISHED,curl,2024-07-31T08:08:14.585Z,2025-02-13T17:58:03.375Z,,,,,,,,,2,2024-09-13T00:00:00.000Z,1ffsmm2,
CVE-2024-7889,PUBLISHED,Citrix,2024-09-11T22:16:41.209Z,2024-09-13T17:29:12.344Z,7.0,4.0,,,,,,,4,2024-09-11T00:00:00.000Z,1fda3gu,lml8dr8
CVE-2024-7965,PUBLISHED,Chrome,2024-08-21T20:20:23.368Z,2024-08-31T03:55:28.657Z,,,CWE-358,,,Chromium V8,Unknown,Google,19,2024-09-10T00:00:00.000Z,1fda3gu,lmfdaxc
CVE-2024-8068,PUBLISHED,Citrix,2024-11-12T17:49:54.285Z,2024-11-22T15:18:44.098Z,5.1,4.0,CWE-269,,,,,,4,2024-11-12T00:00:00.000Z,1gppo5i,lwtdoyk
CVE-2024-8686,PUBLISHED,palo_alto,2024-09-11T16:34:21.618Z,2024-09-12T03:55:28.915Z,8.6,4.0,CWE-78,,,,,,17,2024-09-11T00:00:00.000Z,1femjdj,
CVE-2024-8687,PUBLISHED,palo_alto,2024-09-11T16:40:21.066Z,2024-09-11T18:25:14.604Z,6.9,4.0,CWE-497,,,,,,1,2024-11-20T00:00:00.000Z,1gv14hr,ly4zsmp
CVE-2024-8785,PUBLISHED,ProgressSoftware,2024-12-02T14:49:36.748Z,2024-12-02T15:30:19.766Z,9.8,3.1,CWE-648,,,,,,8,2024-12-04T00:00:00.000Z,1h6dubg,
CVE-2024-8811,PUBLISHED,zdi,2024-11-22T21:03:11.483Z,2024-12-02T20:49:19.327Z,7.8,3.0,CWE-693,,,,,WinZip Computing,1,2024-12-16T00:00:00.000Z,1hfod17,
CVE-2024-8904,PUBLISHED,Chrome,2024-09-17T21:07:18.144Z,2024-09-18T15:41:24.504Z,,,CWE-843,,,,,,2,2024-12-25T00:00:00.000Z,1hlfchp,m3ooh54
CVE-2024-9464,PUBLISHED,palo_alto,2024-10-09T17:03:33.904Z,2024-10-18T15:40:20.097Z,9.3,4.0,CWE-78,,,,,,1,2024-10-25T00:00:00.000Z,1gajckv,ltn2b17
CVE-2024-9680,PUBLISHED,mozilla,2024-10-09T12:59:07.108Z,2024-11-18T18:21:58.377Z,,,CWE-416,,,Firefox,Unknown,Mozilla,2,2024-10-15T00:00:00.000Z,1g49d4u,ls409yc
