2025-06-04 13:44:55,843 - INFO: Processing 229 files
2025-06-04 13:44:55,843 - INFO: Processing W:\reddit\comments\RC_2005-12.zst -> data/reddit/raw\RC_2005-12.csv (Is submission: False)
2025-06-04 13:44:55,864 - INFO: Completed: Total: 1075, Matched: 0, Errors: 0
2025-06-04 13:44:55,865 - INFO: Processing W:\reddit\comments\RC_2006-01.zst -> data/reddit/raw\RC_2006-01.csv (Is submission: False)
2025-06-04 13:44:55,924 - INFO: Completed: Total: 3666, Matched: 0, Errors: 0
2025-06-04 13:44:55,924 - INFO: Processing W:\reddit\comments\RC_2006-02.zst -> data/reddit/raw\RC_2006-02.csv (Is submission: False)
2025-06-04 13:44:56,013 - INFO: Completed: Total: 9095, Matched: 0, Errors: 0
2025-06-04 13:44:56,014 - INFO: Processing W:\reddit\comments\RC_2006-03.zst -> data/reddit/raw\RC_2006-03.csv (Is submission: False)
2025-06-04 13:44:56,205 - INFO: Completed: Total: 13859, Matched: 0, Errors: 0
2025-06-04 13:44:56,205 - INFO: Processing W:\reddit\comments\RC_2006-04.zst -> data/reddit/raw\RC_2006-04.csv (Is submission: False)
2025-06-04 13:44:56,428 - INFO: Completed: Total: 19090, Matched: 0, Errors: 0
2025-06-04 13:44:56,429 - INFO: Processing W:\reddit\comments\RC_2006-05.zst -> data/reddit/raw\RC_2006-05.csv (Is submission: False)
2025-06-04 13:44:56,713 - INFO: Completed: Total: 26859, Matched: 0, Errors: 0
2025-06-04 13:44:56,714 - INFO: Processing W:\reddit\comments\RC_2006-06.zst -> data/reddit/raw\RC_2006-06.csv (Is submission: False)
2025-06-04 13:44:57,010 - INFO: Completed: Total: 29163, Matched: 0, Errors: 0
2025-06-04 13:44:57,011 - INFO: Processing W:\reddit\comments\RC_2006-07.zst -> data/reddit/raw\RC_2006-07.csv (Is submission: False)
2025-06-04 13:44:57,476 - INFO: Completed: Total: 37031, Matched: 0, Errors: 0
2025-06-04 13:44:57,476 - INFO: Processing W:\reddit\comments\RC_2006-08.zst -> data/reddit/raw\RC_2006-08.csv (Is submission: False)
2025-06-04 13:44:57,938 - INFO: Completed: Total: 50559, Matched: 0, Errors: 0
2025-06-04 13:44:57,939 - INFO: Processing W:\reddit\comments\RC_2006-09.zst -> data/reddit/raw\RC_2006-09.csv (Is submission: False)
2025-06-04 13:44:58,397 - INFO: Completed: Total: 50675, Matched: 0, Errors: 0
2025-06-04 13:44:58,397 - INFO: Processing W:\reddit\comments\RC_2006-10.zst -> data/reddit/raw\RC_2006-10.csv (Is submission: False)
2025-06-04 13:44:59,042 - INFO: Completed: Total: 54148, Matched: 0, Errors: 0
2025-06-04 13:44:59,043 - INFO: Processing W:\reddit\comments\RC_2006-11.zst -> data/reddit/raw\RC_2006-11.csv (Is submission: False)
2025-06-04 13:44:59,619 - INFO: Completed: Total: 62021, Matched: 0, Errors: 0
2025-06-04 13:44:59,619 - INFO: Processing W:\reddit\comments\RC_2006-12.zst -> data/reddit/raw\RC_2006-12.csv (Is submission: False)
2025-06-04 13:45:00,193 - INFO: Completed: Total: 61018, Matched: 0, Errors: 0
2025-06-04 13:45:00,194 - INFO: Processing W:\reddit\comments\RC_2007-01.zst -> data/reddit/raw\RC_2007-01.csv (Is submission: False)
2025-06-04 13:45:00,906 - INFO: Completed: Total: 81341, Matched: 0, Errors: 0
2025-06-04 13:45:00,907 - INFO: Processing W:\reddit\comments\RC_2007-02.zst -> data/reddit/raw\RC_2007-02.csv (Is submission: False)
2025-06-04 13:45:01,815 - INFO: Completed: Total: 95634, Matched: 0, Errors: 0
2025-06-04 13:45:01,816 - INFO: Processing W:\reddit\comments\RC_2007-03.zst -> data/reddit/raw\RC_2007-03.csv (Is submission: False)
2025-06-04 13:45:02,765 - INFO: Completed: Total: 112444, Matched: 0, Errors: 0
2025-06-04 13:45:02,765 - INFO: Processing W:\reddit\comments\RC_2007-04.zst -> data/reddit/raw\RC_2007-04.csv (Is submission: False)
2025-06-04 13:45:03,870 - INFO: Completed: Total: 126773, Matched: 0, Errors: 0
2025-06-04 13:45:03,871 - INFO: Processing W:\reddit\comments\RC_2007-05.zst -> data/reddit/raw\RC_2007-05.csv (Is submission: False)
2025-06-04 13:45:05,446 - INFO: Completed: Total: 170097, Matched: 0, Errors: 0
2025-06-04 13:45:05,446 - INFO: Processing W:\reddit\comments\RC_2007-06.zst -> data/reddit/raw\RC_2007-06.csv (Is submission: False)
2025-06-04 13:45:06,968 - INFO: Completed: Total: 178800, Matched: 1, Errors: 0
2025-06-04 13:45:06,968 - INFO: Processing W:\reddit\comments\RC_2007-07.zst -> data/reddit/raw\RC_2007-07.csv (Is submission: False)
2025-06-04 13:45:08,779 - INFO: Completed: Total: 203319, Matched: 0, Errors: 0
2025-06-04 13:45:08,780 - INFO: Processing W:\reddit\comments\RC_2007-08.zst -> data/reddit/raw\RC_2007-08.csv (Is submission: False)
2025-06-04 13:45:10,733 - INFO: Completed: Total: 225111, Matched: 1, Errors: 0
2025-06-04 13:45:10,735 - INFO: Processing W:\reddit\comments\RC_2007-09.zst -> data/reddit/raw\RC_2007-09.csv (Is submission: False)
2025-06-04 13:45:12,860 - INFO: Completed: Total: 259497, Matched: 0, Errors: 0
2025-06-04 13:45:12,860 - INFO: Processing W:\reddit\comments\RC_2007-10.zst -> data/reddit/raw\RC_2007-10.csv (Is submission: False)
2025-06-04 13:45:15,175 - INFO: Completed: Total: 274170, Matched: 0, Errors: 0
2025-06-04 13:45:15,176 - INFO: Processing W:\reddit\comments\RC_2007-11.zst -> data/reddit/raw\RC_2007-11.csv (Is submission: False)
2025-06-04 13:45:18,401 - INFO: Completed: Total: 372983, Matched: 1, Errors: 0
2025-06-04 13:45:18,402 - INFO: Processing W:\reddit\comments\RC_2007-12.zst -> data/reddit/raw\RC_2007-12.csv (Is submission: False)
2025-06-04 13:45:21,750 - INFO: Completed: Total: 363390, Matched: 0, Errors: 0
2025-06-04 13:45:21,751 - INFO: Processing W:\reddit\comments\RC_2008-01.zst -> data/reddit/raw\RC_2008-01.csv (Is submission: False)
2025-06-04 13:45:25,834 - INFO: Completed: Total: 452990, Matched: 0, Errors: 0
2025-06-04 13:45:25,834 - INFO: Processing W:\reddit\comments\RC_2008-02.zst -> data/reddit/raw\RC_2008-02.csv (Is submission: False)
2025-06-04 14:11:59,498 - INFO: Processing 37 files
2025-06-04 14:11:59,499 - INFO: Processing W:\reddit\comments\RC_2021-12.zst -> data/reddit/raw\RC_2021-12.csv (Is submission: False)
2025-06-04 14:13:55,816 - INFO: Processing 37 files
2025-06-04 14:13:55,816 - INFO: Processing W:\reddit\comments\RC_2021-12.zst -> data/reddit/raw\RC_2021-12.csv (Is submission: False)
2025-06-04 14:17:50,718 - INFO: Processing 37 files
2025-06-04 14:17:50,718 - INFO: Processing W:\reddit\comments\RC_2021-12.zst -> W:\reddit\scraped\comments_scraped\RC_2021-12.csv (Is submission: False)
2025-06-04 14:18:18,112 - INFO: Processing 37 files
2025-06-04 14:18:18,113 - INFO: Processing W:\reddit\comments\RC_2021-12.zst -> W:\reddit\scraped\comments_scraped\RC_2021-12.csv (Is submission: False)
2025-06-04 14:23:37,111 - INFO: Searching for CVE IDs in field: selftext
2025-06-04 14:23:37,111 - INFO: Date range: 2005-01-01 to 2030-12-31
2025-06-04 14:23:37,112 - INFO: Output format: csv
2025-06-04 14:23:37,112 - INFO: Processing 36 files.
2025-06-04 14:23:37,113 - INFO: Processing: W:\reddit\submissions\RS_2021-12.zst -> W:\reddit\scraped\submissions_scraped>\RS_2021-12.csv, Is submission: True
2025-06-04 14:23:37,113 - WARNING: Error processing W:\reddit\submissions\RS_2021-12.zst: [Errno 22] Invalid argument: 'W:\\reddit\\scraped\\submissions_scraped>\\RS_2021-12.csv'
2025-06-04 14:23:37,116 - WARNING: Traceback (most recent call last):
  File "C:\Users\stijn\Desktop\EPSS_FRESH\data\reddit\scripts\submissions_scrapper.py", line 169, in <module>
    process_file(file_in, file_out, output_format, field, from_date, to_date, single_field)
  File "C:\Users\stijn\Desktop\EPSS_FRESH\data\reddit\scripts\submissions_scrapper.py", line 108, in process_file
    handle = open(output_path, 'w', encoding='UTF-8', newline='')
             ^^^^^^^^^^^^^^^^^^^^^^^^^^^^^^^^^^^^^^^^^^^^^^^^^^^^
OSError: [Errno 22] Invalid argument: 'W:\\reddit\\scraped\\submissions_scraped>\\RS_2021-12.csv'

2025-06-04 14:23:37,117 - INFO: Processing: W:\reddit\submissions\RS_2022-01.zst -> W:\reddit\scraped\submissions_scraped>\RS_2022-01.csv, Is submission: True
2025-06-04 14:23:37,117 - WARNING: Error processing W:\reddit\submissions\RS_2022-01.zst: [Errno 22] Invalid argument: 'W:\\reddit\\scraped\\submissions_scraped>\\RS_2022-01.csv'
2025-06-04 14:23:37,117 - WARNING: Traceback (most recent call last):
  File "C:\Users\stijn\Desktop\EPSS_FRESH\data\reddit\scripts\submissions_scrapper.py", line 169, in <module>
    process_file(file_in, file_out, output_format, field, from_date, to_date, single_field)
  File "C:\Users\stijn\Desktop\EPSS_FRESH\data\reddit\scripts\submissions_scrapper.py", line 108, in process_file
    handle = open(output_path, 'w', encoding='UTF-8', newline='')
             ^^^^^^^^^^^^^^^^^^^^^^^^^^^^^^^^^^^^^^^^^^^^^^^^^^^^
OSError: [Errno 22] Invalid argument: 'W:\\reddit\\scraped\\submissions_scraped>\\RS_2022-01.csv'

2025-06-04 14:23:37,118 - INFO: Processing: W:\reddit\submissions\RS_2022-02.zst -> W:\reddit\scraped\submissions_scraped>\RS_2022-02.csv, Is submission: True
2025-06-04 14:23:37,118 - WARNING: Error processing W:\reddit\submissions\RS_2022-02.zst: [Errno 22] Invalid argument: 'W:\\reddit\\scraped\\submissions_scraped>\\RS_2022-02.csv'
2025-06-04 14:23:37,118 - WARNING: Traceback (most recent call last):
  File "C:\Users\stijn\Desktop\EPSS_FRESH\data\reddit\scripts\submissions_scrapper.py", line 169, in <module>
    process_file(file_in, file_out, output_format, field, from_date, to_date, single_field)
  File "C:\Users\stijn\Desktop\EPSS_FRESH\data\reddit\scripts\submissions_scrapper.py", line 108, in process_file
    handle = open(output_path, 'w', encoding='UTF-8', newline='')
             ^^^^^^^^^^^^^^^^^^^^^^^^^^^^^^^^^^^^^^^^^^^^^^^^^^^^
OSError: [Errno 22] Invalid argument: 'W:\\reddit\\scraped\\submissions_scraped>\\RS_2022-02.csv'

2025-06-04 14:23:37,119 - INFO: Processing: W:\reddit\submissions\RS_2022-03.zst -> W:\reddit\scraped\submissions_scraped>\RS_2022-03.csv, Is submission: True
2025-06-04 14:23:37,119 - WARNING: Error processing W:\reddit\submissions\RS_2022-03.zst: [Errno 22] Invalid argument: 'W:\\reddit\\scraped\\submissions_scraped>\\RS_2022-03.csv'
2025-06-04 14:23:37,119 - WARNING: Traceback (most recent call last):
  File "C:\Users\stijn\Desktop\EPSS_FRESH\data\reddit\scripts\submissions_scrapper.py", line 169, in <module>
    process_file(file_in, file_out, output_format, field, from_date, to_date, single_field)
  File "C:\Users\stijn\Desktop\EPSS_FRESH\data\reddit\scripts\submissions_scrapper.py", line 108, in process_file
    handle = open(output_path, 'w', encoding='UTF-8', newline='')
             ^^^^^^^^^^^^^^^^^^^^^^^^^^^^^^^^^^^^^^^^^^^^^^^^^^^^
OSError: [Errno 22] Invalid argument: 'W:\\reddit\\scraped\\submissions_scraped>\\RS_2022-03.csv'

2025-06-04 14:23:37,121 - INFO: Processing: W:\reddit\submissions\RS_2022-04.zst -> W:\reddit\scraped\submissions_scraped>\RS_2022-04.csv, Is submission: True
2025-06-04 14:23:37,121 - WARNING: Error processing W:\reddit\submissions\RS_2022-04.zst: [Errno 22] Invalid argument: 'W:\\reddit\\scraped\\submissions_scraped>\\RS_2022-04.csv'
2025-06-04 14:23:37,121 - WARNING: Traceback (most recent call last):
  File "C:\Users\stijn\Desktop\EPSS_FRESH\data\reddit\scripts\submissions_scrapper.py", line 169, in <module>
    process_file(file_in, file_out, output_format, field, from_date, to_date, single_field)
  File "C:\Users\stijn\Desktop\EPSS_FRESH\data\reddit\scripts\submissions_scrapper.py", line 108, in process_file
    handle = open(output_path, 'w', encoding='UTF-8', newline='')
             ^^^^^^^^^^^^^^^^^^^^^^^^^^^^^^^^^^^^^^^^^^^^^^^^^^^^
OSError: [Errno 22] Invalid argument: 'W:\\reddit\\scraped\\submissions_scraped>\\RS_2022-04.csv'

2025-06-04 14:23:37,122 - INFO: Processing: W:\reddit\submissions\RS_2022-05.zst -> W:\reddit\scraped\submissions_scraped>\RS_2022-05.csv, Is submission: True
2025-06-04 14:23:37,122 - WARNING: Error processing W:\reddit\submissions\RS_2022-05.zst: [Errno 22] Invalid argument: 'W:\\reddit\\scraped\\submissions_scraped>\\RS_2022-05.csv'
2025-06-04 14:23:37,122 - WARNING: Traceback (most recent call last):
  File "C:\Users\stijn\Desktop\EPSS_FRESH\data\reddit\scripts\submissions_scrapper.py", line 169, in <module>
    process_file(file_in, file_out, output_format, field, from_date, to_date, single_field)
  File "C:\Users\stijn\Desktop\EPSS_FRESH\data\reddit\scripts\submissions_scrapper.py", line 108, in process_file
    handle = open(output_path, 'w', encoding='UTF-8', newline='')
             ^^^^^^^^^^^^^^^^^^^^^^^^^^^^^^^^^^^^^^^^^^^^^^^^^^^^
OSError: [Errno 22] Invalid argument: 'W:\\reddit\\scraped\\submissions_scraped>\\RS_2022-05.csv'

2025-06-04 14:23:37,123 - INFO: Processing: W:\reddit\submissions\RS_2022-06.zst -> W:\reddit\scraped\submissions_scraped>\RS_2022-06.csv, Is submission: True
2025-06-04 14:23:37,123 - WARNING: Error processing W:\reddit\submissions\RS_2022-06.zst: [Errno 22] Invalid argument: 'W:\\reddit\\scraped\\submissions_scraped>\\RS_2022-06.csv'
2025-06-04 14:23:37,124 - WARNING: Traceback (most recent call last):
  File "C:\Users\stijn\Desktop\EPSS_FRESH\data\reddit\scripts\submissions_scrapper.py", line 169, in <module>
    process_file(file_in, file_out, output_format, field, from_date, to_date, single_field)
  File "C:\Users\stijn\Desktop\EPSS_FRESH\data\reddit\scripts\submissions_scrapper.py", line 108, in process_file
    handle = open(output_path, 'w', encoding='UTF-8', newline='')
             ^^^^^^^^^^^^^^^^^^^^^^^^^^^^^^^^^^^^^^^^^^^^^^^^^^^^
OSError: [Errno 22] Invalid argument: 'W:\\reddit\\scraped\\submissions_scraped>\\RS_2022-06.csv'

2025-06-04 14:23:37,124 - INFO: Processing: W:\reddit\submissions\RS_2022-07.zst -> W:\reddit\scraped\submissions_scraped>\RS_2022-07.csv, Is submission: True
2025-06-04 14:23:37,124 - WARNING: Error processing W:\reddit\submissions\RS_2022-07.zst: [Errno 22] Invalid argument: 'W:\\reddit\\scraped\\submissions_scraped>\\RS_2022-07.csv'
2025-06-04 14:23:37,125 - WARNING: Traceback (most recent call last):
  File "C:\Users\stijn\Desktop\EPSS_FRESH\data\reddit\scripts\submissions_scrapper.py", line 169, in <module>
    process_file(file_in, file_out, output_format, field, from_date, to_date, single_field)
  File "C:\Users\stijn\Desktop\EPSS_FRESH\data\reddit\scripts\submissions_scrapper.py", line 108, in process_file
    handle = open(output_path, 'w', encoding='UTF-8', newline='')
             ^^^^^^^^^^^^^^^^^^^^^^^^^^^^^^^^^^^^^^^^^^^^^^^^^^^^
OSError: [Errno 22] Invalid argument: 'W:\\reddit\\scraped\\submissions_scraped>\\RS_2022-07.csv'

2025-06-04 14:23:37,125 - INFO: Processing: W:\reddit\submissions\RS_2022-08.zst -> W:\reddit\scraped\submissions_scraped>\RS_2022-08.csv, Is submission: True
2025-06-04 14:23:37,125 - WARNING: Error processing W:\reddit\submissions\RS_2022-08.zst: [Errno 22] Invalid argument: 'W:\\reddit\\scraped\\submissions_scraped>\\RS_2022-08.csv'
2025-06-04 14:23:37,125 - WARNING: Traceback (most recent call last):
  File "C:\Users\stijn\Desktop\EPSS_FRESH\data\reddit\scripts\submissions_scrapper.py", line 169, in <module>
    process_file(file_in, file_out, output_format, field, from_date, to_date, single_field)
  File "C:\Users\stijn\Desktop\EPSS_FRESH\data\reddit\scripts\submissions_scrapper.py", line 108, in process_file
    handle = open(output_path, 'w', encoding='UTF-8', newline='')
             ^^^^^^^^^^^^^^^^^^^^^^^^^^^^^^^^^^^^^^^^^^^^^^^^^^^^
OSError: [Errno 22] Invalid argument: 'W:\\reddit\\scraped\\submissions_scraped>\\RS_2022-08.csv'

2025-06-04 14:23:37,126 - INFO: Processing: W:\reddit\submissions\RS_2022-09.zst -> W:\reddit\scraped\submissions_scraped>\RS_2022-09.csv, Is submission: True
2025-06-04 14:23:37,126 - WARNING: Error processing W:\reddit\submissions\RS_2022-09.zst: [Errno 22] Invalid argument: 'W:\\reddit\\scraped\\submissions_scraped>\\RS_2022-09.csv'
2025-06-04 14:23:37,127 - WARNING: Traceback (most recent call last):
  File "C:\Users\stijn\Desktop\EPSS_FRESH\data\reddit\scripts\submissions_scrapper.py", line 169, in <module>
    process_file(file_in, file_out, output_format, field, from_date, to_date, single_field)
  File "C:\Users\stijn\Desktop\EPSS_FRESH\data\reddit\scripts\submissions_scrapper.py", line 108, in process_file
    handle = open(output_path, 'w', encoding='UTF-8', newline='')
             ^^^^^^^^^^^^^^^^^^^^^^^^^^^^^^^^^^^^^^^^^^^^^^^^^^^^
OSError: [Errno 22] Invalid argument: 'W:\\reddit\\scraped\\submissions_scraped>\\RS_2022-09.csv'

2025-06-04 14:23:37,127 - INFO: Processing: W:\reddit\submissions\RS_2022-10.zst -> W:\reddit\scraped\submissions_scraped>\RS_2022-10.csv, Is submission: True
2025-06-04 14:23:37,127 - WARNING: Error processing W:\reddit\submissions\RS_2022-10.zst: [Errno 22] Invalid argument: 'W:\\reddit\\scraped\\submissions_scraped>\\RS_2022-10.csv'
2025-06-04 14:23:37,129 - WARNING: Traceback (most recent call last):
  File "C:\Users\stijn\Desktop\EPSS_FRESH\data\reddit\scripts\submissions_scrapper.py", line 169, in <module>
    process_file(file_in, file_out, output_format, field, from_date, to_date, single_field)
  File "C:\Users\stijn\Desktop\EPSS_FRESH\data\reddit\scripts\submissions_scrapper.py", line 108, in process_file
    handle = open(output_path, 'w', encoding='UTF-8', newline='')
             ^^^^^^^^^^^^^^^^^^^^^^^^^^^^^^^^^^^^^^^^^^^^^^^^^^^^
OSError: [Errno 22] Invalid argument: 'W:\\reddit\\scraped\\submissions_scraped>\\RS_2022-10.csv'

2025-06-04 14:23:37,129 - INFO: Processing: W:\reddit\submissions\RS_2022-11.zst -> W:\reddit\scraped\submissions_scraped>\RS_2022-11.csv, Is submission: True
2025-06-04 14:23:37,130 - WARNING: Error processing W:\reddit\submissions\RS_2022-11.zst: [Errno 22] Invalid argument: 'W:\\reddit\\scraped\\submissions_scraped>\\RS_2022-11.csv'
2025-06-04 14:23:37,130 - WARNING: Traceback (most recent call last):
  File "C:\Users\stijn\Desktop\EPSS_FRESH\data\reddit\scripts\submissions_scrapper.py", line 169, in <module>
    process_file(file_in, file_out, output_format, field, from_date, to_date, single_field)
  File "C:\Users\stijn\Desktop\EPSS_FRESH\data\reddit\scripts\submissions_scrapper.py", line 108, in process_file
    handle = open(output_path, 'w', encoding='UTF-8', newline='')
             ^^^^^^^^^^^^^^^^^^^^^^^^^^^^^^^^^^^^^^^^^^^^^^^^^^^^
OSError: [Errno 22] Invalid argument: 'W:\\reddit\\scraped\\submissions_scraped>\\RS_2022-11.csv'

2025-06-04 14:23:37,131 - INFO: Processing: W:\reddit\submissions\RS_2022-12.zst -> W:\reddit\scraped\submissions_scraped>\RS_2022-12.csv, Is submission: True
2025-06-04 14:23:37,131 - WARNING: Error processing W:\reddit\submissions\RS_2022-12.zst: [Errno 22] Invalid argument: 'W:\\reddit\\scraped\\submissions_scraped>\\RS_2022-12.csv'
2025-06-04 14:23:37,131 - WARNING: Traceback (most recent call last):
  File "C:\Users\stijn\Desktop\EPSS_FRESH\data\reddit\scripts\submissions_scrapper.py", line 169, in <module>
    process_file(file_in, file_out, output_format, field, from_date, to_date, single_field)
  File "C:\Users\stijn\Desktop\EPSS_FRESH\data\reddit\scripts\submissions_scrapper.py", line 108, in process_file
    handle = open(output_path, 'w', encoding='UTF-8', newline='')
             ^^^^^^^^^^^^^^^^^^^^^^^^^^^^^^^^^^^^^^^^^^^^^^^^^^^^
OSError: [Errno 22] Invalid argument: 'W:\\reddit\\scraped\\submissions_scraped>\\RS_2022-12.csv'

2025-06-04 14:23:37,133 - INFO: Processing: W:\reddit\submissions\RS_2023-01.zst -> W:\reddit\scraped\submissions_scraped>\RS_2023-01.csv, Is submission: True
2025-06-04 14:23:37,133 - WARNING: Error processing W:\reddit\submissions\RS_2023-01.zst: [Errno 22] Invalid argument: 'W:\\reddit\\scraped\\submissions_scraped>\\RS_2023-01.csv'
2025-06-04 14:23:37,134 - WARNING: Traceback (most recent call last):
  File "C:\Users\stijn\Desktop\EPSS_FRESH\data\reddit\scripts\submissions_scrapper.py", line 169, in <module>
    process_file(file_in, file_out, output_format, field, from_date, to_date, single_field)
  File "C:\Users\stijn\Desktop\EPSS_FRESH\data\reddit\scripts\submissions_scrapper.py", line 108, in process_file
    handle = open(output_path, 'w', encoding='UTF-8', newline='')
             ^^^^^^^^^^^^^^^^^^^^^^^^^^^^^^^^^^^^^^^^^^^^^^^^^^^^
OSError: [Errno 22] Invalid argument: 'W:\\reddit\\scraped\\submissions_scraped>\\RS_2023-01.csv'

2025-06-04 14:23:37,135 - INFO: Processing: W:\reddit\submissions\RS_2023-02.zst -> W:\reddit\scraped\submissions_scraped>\RS_2023-02.csv, Is submission: True
2025-06-04 14:23:37,135 - WARNING: Error processing W:\reddit\submissions\RS_2023-02.zst: [Errno 22] Invalid argument: 'W:\\reddit\\scraped\\submissions_scraped>\\RS_2023-02.csv'
2025-06-04 14:23:37,136 - WARNING: Traceback (most recent call last):
  File "C:\Users\stijn\Desktop\EPSS_FRESH\data\reddit\scripts\submissions_scrapper.py", line 169, in <module>
    process_file(file_in, file_out, output_format, field, from_date, to_date, single_field)
  File "C:\Users\stijn\Desktop\EPSS_FRESH\data\reddit\scripts\submissions_scrapper.py", line 108, in process_file
    handle = open(output_path, 'w', encoding='UTF-8', newline='')
             ^^^^^^^^^^^^^^^^^^^^^^^^^^^^^^^^^^^^^^^^^^^^^^^^^^^^
OSError: [Errno 22] Invalid argument: 'W:\\reddit\\scraped\\submissions_scraped>\\RS_2023-02.csv'

2025-06-04 14:23:37,137 - INFO: Processing: W:\reddit\submissions\RS_2023-03.zst -> W:\reddit\scraped\submissions_scraped>\RS_2023-03.csv, Is submission: True
2025-06-04 14:23:37,137 - WARNING: Error processing W:\reddit\submissions\RS_2023-03.zst: [Errno 22] Invalid argument: 'W:\\reddit\\scraped\\submissions_scraped>\\RS_2023-03.csv'
2025-06-04 14:23:37,138 - WARNING: Traceback (most recent call last):
  File "C:\Users\stijn\Desktop\EPSS_FRESH\data\reddit\scripts\submissions_scrapper.py", line 169, in <module>
    process_file(file_in, file_out, output_format, field, from_date, to_date, single_field)
  File "C:\Users\stijn\Desktop\EPSS_FRESH\data\reddit\scripts\submissions_scrapper.py", line 108, in process_file
    handle = open(output_path, 'w', encoding='UTF-8', newline='')
             ^^^^^^^^^^^^^^^^^^^^^^^^^^^^^^^^^^^^^^^^^^^^^^^^^^^^
OSError: [Errno 22] Invalid argument: 'W:\\reddit\\scraped\\submissions_scraped>\\RS_2023-03.csv'

2025-06-04 14:23:37,138 - INFO: Processing: W:\reddit\submissions\RS_2023-04.zst -> W:\reddit\scraped\submissions_scraped>\RS_2023-04.csv, Is submission: True
2025-06-04 14:23:37,139 - WARNING: Error processing W:\reddit\submissions\RS_2023-04.zst: [Errno 22] Invalid argument: 'W:\\reddit\\scraped\\submissions_scraped>\\RS_2023-04.csv'
2025-06-04 14:23:37,140 - WARNING: Traceback (most recent call last):
  File "C:\Users\stijn\Desktop\EPSS_FRESH\data\reddit\scripts\submissions_scrapper.py", line 169, in <module>
    process_file(file_in, file_out, output_format, field, from_date, to_date, single_field)
  File "C:\Users\stijn\Desktop\EPSS_FRESH\data\reddit\scripts\submissions_scrapper.py", line 108, in process_file
    handle = open(output_path, 'w', encoding='UTF-8', newline='')
             ^^^^^^^^^^^^^^^^^^^^^^^^^^^^^^^^^^^^^^^^^^^^^^^^^^^^
OSError: [Errno 22] Invalid argument: 'W:\\reddit\\scraped\\submissions_scraped>\\RS_2023-04.csv'

2025-06-04 14:23:37,140 - INFO: Processing: W:\reddit\submissions\RS_2023-05.zst -> W:\reddit\scraped\submissions_scraped>\RS_2023-05.csv, Is submission: True
2025-06-04 14:23:37,140 - WARNING: Error processing W:\reddit\submissions\RS_2023-05.zst: [Errno 22] Invalid argument: 'W:\\reddit\\scraped\\submissions_scraped>\\RS_2023-05.csv'
2025-06-04 14:23:37,141 - WARNING: Traceback (most recent call last):
  File "C:\Users\stijn\Desktop\EPSS_FRESH\data\reddit\scripts\submissions_scrapper.py", line 169, in <module>
    process_file(file_in, file_out, output_format, field, from_date, to_date, single_field)
  File "C:\Users\stijn\Desktop\EPSS_FRESH\data\reddit\scripts\submissions_scrapper.py", line 108, in process_file
    handle = open(output_path, 'w', encoding='UTF-8', newline='')
             ^^^^^^^^^^^^^^^^^^^^^^^^^^^^^^^^^^^^^^^^^^^^^^^^^^^^
OSError: [Errno 22] Invalid argument: 'W:\\reddit\\scraped\\submissions_scraped>\\RS_2023-05.csv'

2025-06-04 14:23:37,141 - INFO: Processing: W:\reddit\submissions\RS_2023-06.zst -> W:\reddit\scraped\submissions_scraped>\RS_2023-06.csv, Is submission: True
2025-06-04 14:23:37,142 - WARNING: Error processing W:\reddit\submissions\RS_2023-06.zst: [Errno 22] Invalid argument: 'W:\\reddit\\scraped\\submissions_scraped>\\RS_2023-06.csv'
2025-06-04 14:23:37,142 - WARNING: Traceback (most recent call last):
  File "C:\Users\stijn\Desktop\EPSS_FRESH\data\reddit\scripts\submissions_scrapper.py", line 169, in <module>
    process_file(file_in, file_out, output_format, field, from_date, to_date, single_field)
  File "C:\Users\stijn\Desktop\EPSS_FRESH\data\reddit\scripts\submissions_scrapper.py", line 108, in process_file
    handle = open(output_path, 'w', encoding='UTF-8', newline='')
             ^^^^^^^^^^^^^^^^^^^^^^^^^^^^^^^^^^^^^^^^^^^^^^^^^^^^
OSError: [Errno 22] Invalid argument: 'W:\\reddit\\scraped\\submissions_scraped>\\RS_2023-06.csv'

2025-06-04 14:23:37,143 - INFO: Processing: W:\reddit\submissions\RS_2023-07.zst -> W:\reddit\scraped\submissions_scraped>\RS_2023-07.csv, Is submission: True
2025-06-04 14:23:37,143 - WARNING: Error processing W:\reddit\submissions\RS_2023-07.zst: [Errno 22] Invalid argument: 'W:\\reddit\\scraped\\submissions_scraped>\\RS_2023-07.csv'
2025-06-04 14:23:37,144 - WARNING: Traceback (most recent call last):
  File "C:\Users\stijn\Desktop\EPSS_FRESH\data\reddit\scripts\submissions_scrapper.py", line 169, in <module>
    process_file(file_in, file_out, output_format, field, from_date, to_date, single_field)
  File "C:\Users\stijn\Desktop\EPSS_FRESH\data\reddit\scripts\submissions_scrapper.py", line 108, in process_file
    handle = open(output_path, 'w', encoding='UTF-8', newline='')
             ^^^^^^^^^^^^^^^^^^^^^^^^^^^^^^^^^^^^^^^^^^^^^^^^^^^^
OSError: [Errno 22] Invalid argument: 'W:\\reddit\\scraped\\submissions_scraped>\\RS_2023-07.csv'

2025-06-04 14:23:37,144 - INFO: Processing: W:\reddit\submissions\RS_2023-09.zst -> W:\reddit\scraped\submissions_scraped>\RS_2023-09.csv, Is submission: True
2025-06-04 14:23:37,145 - WARNING: Error processing W:\reddit\submissions\RS_2023-09.zst: [Errno 22] Invalid argument: 'W:\\reddit\\scraped\\submissions_scraped>\\RS_2023-09.csv'
2025-06-04 14:23:37,145 - WARNING: Traceback (most recent call last):
  File "C:\Users\stijn\Desktop\EPSS_FRESH\data\reddit\scripts\submissions_scrapper.py", line 169, in <module>
    process_file(file_in, file_out, output_format, field, from_date, to_date, single_field)
  File "C:\Users\stijn\Desktop\EPSS_FRESH\data\reddit\scripts\submissions_scrapper.py", line 108, in process_file
    handle = open(output_path, 'w', encoding='UTF-8', newline='')
             ^^^^^^^^^^^^^^^^^^^^^^^^^^^^^^^^^^^^^^^^^^^^^^^^^^^^
OSError: [Errno 22] Invalid argument: 'W:\\reddit\\scraped\\submissions_scraped>\\RS_2023-09.csv'

2025-06-04 14:23:37,146 - INFO: Processing: W:\reddit\submissions\RS_2023-10.zst -> W:\reddit\scraped\submissions_scraped>\RS_2023-10.csv, Is submission: True
2025-06-04 14:23:37,146 - WARNING: Error processing W:\reddit\submissions\RS_2023-10.zst: [Errno 22] Invalid argument: 'W:\\reddit\\scraped\\submissions_scraped>\\RS_2023-10.csv'
2025-06-04 14:23:37,147 - WARNING: Traceback (most recent call last):
  File "C:\Users\stijn\Desktop\EPSS_FRESH\data\reddit\scripts\submissions_scrapper.py", line 169, in <module>
    process_file(file_in, file_out, output_format, field, from_date, to_date, single_field)
  File "C:\Users\stijn\Desktop\EPSS_FRESH\data\reddit\scripts\submissions_scrapper.py", line 108, in process_file
    handle = open(output_path, 'w', encoding='UTF-8', newline='')
             ^^^^^^^^^^^^^^^^^^^^^^^^^^^^^^^^^^^^^^^^^^^^^^^^^^^^
OSError: [Errno 22] Invalid argument: 'W:\\reddit\\scraped\\submissions_scraped>\\RS_2023-10.csv'

2025-06-04 14:23:37,148 - INFO: Processing: W:\reddit\submissions\RS_2023-11.zst -> W:\reddit\scraped\submissions_scraped>\RS_2023-11.csv, Is submission: True
2025-06-04 14:23:37,148 - WARNING: Error processing W:\reddit\submissions\RS_2023-11.zst: [Errno 22] Invalid argument: 'W:\\reddit\\scraped\\submissions_scraped>\\RS_2023-11.csv'
2025-06-04 14:23:37,149 - WARNING: Traceback (most recent call last):
  File "C:\Users\stijn\Desktop\EPSS_FRESH\data\reddit\scripts\submissions_scrapper.py", line 169, in <module>
    process_file(file_in, file_out, output_format, field, from_date, to_date, single_field)
  File "C:\Users\stijn\Desktop\EPSS_FRESH\data\reddit\scripts\submissions_scrapper.py", line 108, in process_file
    handle = open(output_path, 'w', encoding='UTF-8', newline='')
             ^^^^^^^^^^^^^^^^^^^^^^^^^^^^^^^^^^^^^^^^^^^^^^^^^^^^
OSError: [Errno 22] Invalid argument: 'W:\\reddit\\scraped\\submissions_scraped>\\RS_2023-11.csv'

2025-06-04 14:23:37,151 - INFO: Processing: W:\reddit\submissions\RS_2023-12.zst -> W:\reddit\scraped\submissions_scraped>\RS_2023-12.csv, Is submission: True
2025-06-04 14:23:37,158 - WARNING: Error processing W:\reddit\submissions\RS_2023-12.zst: [Errno 22] Invalid argument: 'W:\\reddit\\scraped\\submissions_scraped>\\RS_2023-12.csv'
2025-06-04 14:23:37,158 - WARNING: Traceback (most recent call last):
  File "C:\Users\stijn\Desktop\EPSS_FRESH\data\reddit\scripts\submissions_scrapper.py", line 169, in <module>
    process_file(file_in, file_out, output_format, field, from_date, to_date, single_field)
  File "C:\Users\stijn\Desktop\EPSS_FRESH\data\reddit\scripts\submissions_scrapper.py", line 108, in process_file
    handle = open(output_path, 'w', encoding='UTF-8', newline='')
             ^^^^^^^^^^^^^^^^^^^^^^^^^^^^^^^^^^^^^^^^^^^^^^^^^^^^
OSError: [Errno 22] Invalid argument: 'W:\\reddit\\scraped\\submissions_scraped>\\RS_2023-12.csv'

2025-06-04 14:23:37,160 - INFO: Processing: W:\reddit\submissions\RS_2024-01.zst -> W:\reddit\scraped\submissions_scraped>\RS_2024-01.csv, Is submission: True
2025-06-04 14:23:37,160 - WARNING: Error processing W:\reddit\submissions\RS_2024-01.zst: [Errno 22] Invalid argument: 'W:\\reddit\\scraped\\submissions_scraped>\\RS_2024-01.csv'
2025-06-04 14:23:37,161 - WARNING: Traceback (most recent call last):
  File "C:\Users\stijn\Desktop\EPSS_FRESH\data\reddit\scripts\submissions_scrapper.py", line 169, in <module>
    process_file(file_in, file_out, output_format, field, from_date, to_date, single_field)
  File "C:\Users\stijn\Desktop\EPSS_FRESH\data\reddit\scripts\submissions_scrapper.py", line 108, in process_file
    handle = open(output_path, 'w', encoding='UTF-8', newline='')
             ^^^^^^^^^^^^^^^^^^^^^^^^^^^^^^^^^^^^^^^^^^^^^^^^^^^^
OSError: [Errno 22] Invalid argument: 'W:\\reddit\\scraped\\submissions_scraped>\\RS_2024-01.csv'

2025-06-04 14:23:37,161 - INFO: Processing: W:\reddit\submissions\RS_2024-02.zst -> W:\reddit\scraped\submissions_scraped>\RS_2024-02.csv, Is submission: True
2025-06-04 14:23:37,162 - WARNING: Error processing W:\reddit\submissions\RS_2024-02.zst: [Errno 22] Invalid argument: 'W:\\reddit\\scraped\\submissions_scraped>\\RS_2024-02.csv'
2025-06-04 14:23:37,163 - WARNING: Traceback (most recent call last):
  File "C:\Users\stijn\Desktop\EPSS_FRESH\data\reddit\scripts\submissions_scrapper.py", line 169, in <module>
    process_file(file_in, file_out, output_format, field, from_date, to_date, single_field)
  File "C:\Users\stijn\Desktop\EPSS_FRESH\data\reddit\scripts\submissions_scrapper.py", line 108, in process_file
    handle = open(output_path, 'w', encoding='UTF-8', newline='')
             ^^^^^^^^^^^^^^^^^^^^^^^^^^^^^^^^^^^^^^^^^^^^^^^^^^^^
OSError: [Errno 22] Invalid argument: 'W:\\reddit\\scraped\\submissions_scraped>\\RS_2024-02.csv'

2025-06-04 14:23:37,163 - INFO: Processing: W:\reddit\submissions\RS_2024-03.zst -> W:\reddit\scraped\submissions_scraped>\RS_2024-03.csv, Is submission: True
2025-06-04 14:23:37,163 - WARNING: Error processing W:\reddit\submissions\RS_2024-03.zst: [Errno 22] Invalid argument: 'W:\\reddit\\scraped\\submissions_scraped>\\RS_2024-03.csv'
2025-06-04 14:23:37,165 - WARNING: Traceback (most recent call last):
  File "C:\Users\stijn\Desktop\EPSS_FRESH\data\reddit\scripts\submissions_scrapper.py", line 169, in <module>
    process_file(file_in, file_out, output_format, field, from_date, to_date, single_field)
  File "C:\Users\stijn\Desktop\EPSS_FRESH\data\reddit\scripts\submissions_scrapper.py", line 108, in process_file
    handle = open(output_path, 'w', encoding='UTF-8', newline='')
             ^^^^^^^^^^^^^^^^^^^^^^^^^^^^^^^^^^^^^^^^^^^^^^^^^^^^
OSError: [Errno 22] Invalid argument: 'W:\\reddit\\scraped\\submissions_scraped>\\RS_2024-03.csv'

2025-06-04 14:23:37,166 - INFO: Processing: W:\reddit\submissions\RS_2024-04.zst -> W:\reddit\scraped\submissions_scraped>\RS_2024-04.csv, Is submission: True
2025-06-04 14:23:37,166 - WARNING: Error processing W:\reddit\submissions\RS_2024-04.zst: [Errno 22] Invalid argument: 'W:\\reddit\\scraped\\submissions_scraped>\\RS_2024-04.csv'
2025-06-04 14:23:37,167 - WARNING: Traceback (most recent call last):
  File "C:\Users\stijn\Desktop\EPSS_FRESH\data\reddit\scripts\submissions_scrapper.py", line 169, in <module>
    process_file(file_in, file_out, output_format, field, from_date, to_date, single_field)
  File "C:\Users\stijn\Desktop\EPSS_FRESH\data\reddit\scripts\submissions_scrapper.py", line 108, in process_file
    handle = open(output_path, 'w', encoding='UTF-8', newline='')
             ^^^^^^^^^^^^^^^^^^^^^^^^^^^^^^^^^^^^^^^^^^^^^^^^^^^^
OSError: [Errno 22] Invalid argument: 'W:\\reddit\\scraped\\submissions_scraped>\\RS_2024-04.csv'

2025-06-04 14:23:37,167 - INFO: Processing: W:\reddit\submissions\RS_2024-05.zst -> W:\reddit\scraped\submissions_scraped>\RS_2024-05.csv, Is submission: True
2025-06-04 14:23:37,168 - WARNING: Error processing W:\reddit\submissions\RS_2024-05.zst: [Errno 22] Invalid argument: 'W:\\reddit\\scraped\\submissions_scraped>\\RS_2024-05.csv'
2025-06-04 14:23:37,169 - WARNING: Traceback (most recent call last):
  File "C:\Users\stijn\Desktop\EPSS_FRESH\data\reddit\scripts\submissions_scrapper.py", line 169, in <module>
    process_file(file_in, file_out, output_format, field, from_date, to_date, single_field)
  File "C:\Users\stijn\Desktop\EPSS_FRESH\data\reddit\scripts\submissions_scrapper.py", line 108, in process_file
    handle = open(output_path, 'w', encoding='UTF-8', newline='')
             ^^^^^^^^^^^^^^^^^^^^^^^^^^^^^^^^^^^^^^^^^^^^^^^^^^^^
OSError: [Errno 22] Invalid argument: 'W:\\reddit\\scraped\\submissions_scraped>\\RS_2024-05.csv'

2025-06-04 14:23:37,169 - INFO: Processing: W:\reddit\submissions\RS_2024-06.zst -> W:\reddit\scraped\submissions_scraped>\RS_2024-06.csv, Is submission: True
2025-06-04 14:23:37,170 - WARNING: Error processing W:\reddit\submissions\RS_2024-06.zst: [Errno 22] Invalid argument: 'W:\\reddit\\scraped\\submissions_scraped>\\RS_2024-06.csv'
2025-06-04 14:23:37,170 - WARNING: Traceback (most recent call last):
  File "C:\Users\stijn\Desktop\EPSS_FRESH\data\reddit\scripts\submissions_scrapper.py", line 169, in <module>
    process_file(file_in, file_out, output_format, field, from_date, to_date, single_field)
  File "C:\Users\stijn\Desktop\EPSS_FRESH\data\reddit\scripts\submissions_scrapper.py", line 108, in process_file
    handle = open(output_path, 'w', encoding='UTF-8', newline='')
             ^^^^^^^^^^^^^^^^^^^^^^^^^^^^^^^^^^^^^^^^^^^^^^^^^^^^
OSError: [Errno 22] Invalid argument: 'W:\\reddit\\scraped\\submissions_scraped>\\RS_2024-06.csv'

2025-06-04 14:23:37,172 - INFO: Processing: W:\reddit\submissions\RS_2024-07.zst -> W:\reddit\scraped\submissions_scraped>\RS_2024-07.csv, Is submission: True
2025-06-04 14:23:37,172 - WARNING: Error processing W:\reddit\submissions\RS_2024-07.zst: [Errno 22] Invalid argument: 'W:\\reddit\\scraped\\submissions_scraped>\\RS_2024-07.csv'
2025-06-04 14:23:37,173 - WARNING: Traceback (most recent call last):
  File "C:\Users\stijn\Desktop\EPSS_FRESH\data\reddit\scripts\submissions_scrapper.py", line 169, in <module>
    process_file(file_in, file_out, output_format, field, from_date, to_date, single_field)
  File "C:\Users\stijn\Desktop\EPSS_FRESH\data\reddit\scripts\submissions_scrapper.py", line 108, in process_file
    handle = open(output_path, 'w', encoding='UTF-8', newline='')
             ^^^^^^^^^^^^^^^^^^^^^^^^^^^^^^^^^^^^^^^^^^^^^^^^^^^^
OSError: [Errno 22] Invalid argument: 'W:\\reddit\\scraped\\submissions_scraped>\\RS_2024-07.csv'

2025-06-04 14:23:37,174 - INFO: Processing: W:\reddit\submissions\RS_2024-08.zst -> W:\reddit\scraped\submissions_scraped>\RS_2024-08.csv, Is submission: True
2025-06-04 14:23:37,175 - WARNING: Error processing W:\reddit\submissions\RS_2024-08.zst: [Errno 22] Invalid argument: 'W:\\reddit\\scraped\\submissions_scraped>\\RS_2024-08.csv'
2025-06-04 14:23:37,176 - WARNING: Traceback (most recent call last):
  File "C:\Users\stijn\Desktop\EPSS_FRESH\data\reddit\scripts\submissions_scrapper.py", line 169, in <module>
    process_file(file_in, file_out, output_format, field, from_date, to_date, single_field)
  File "C:\Users\stijn\Desktop\EPSS_FRESH\data\reddit\scripts\submissions_scrapper.py", line 108, in process_file
    handle = open(output_path, 'w', encoding='UTF-8', newline='')
             ^^^^^^^^^^^^^^^^^^^^^^^^^^^^^^^^^^^^^^^^^^^^^^^^^^^^
OSError: [Errno 22] Invalid argument: 'W:\\reddit\\scraped\\submissions_scraped>\\RS_2024-08.csv'

2025-06-04 14:23:37,176 - INFO: Processing: W:\reddit\submissions\RS_2024-09.zst -> W:\reddit\scraped\submissions_scraped>\RS_2024-09.csv, Is submission: True
2025-06-04 14:23:37,177 - WARNING: Error processing W:\reddit\submissions\RS_2024-09.zst: [Errno 22] Invalid argument: 'W:\\reddit\\scraped\\submissions_scraped>\\RS_2024-09.csv'
2025-06-04 14:23:37,178 - WARNING: Traceback (most recent call last):
  File "C:\Users\stijn\Desktop\EPSS_FRESH\data\reddit\scripts\submissions_scrapper.py", line 169, in <module>
    process_file(file_in, file_out, output_format, field, from_date, to_date, single_field)
  File "C:\Users\stijn\Desktop\EPSS_FRESH\data\reddit\scripts\submissions_scrapper.py", line 108, in process_file
    handle = open(output_path, 'w', encoding='UTF-8', newline='')
             ^^^^^^^^^^^^^^^^^^^^^^^^^^^^^^^^^^^^^^^^^^^^^^^^^^^^
OSError: [Errno 22] Invalid argument: 'W:\\reddit\\scraped\\submissions_scraped>\\RS_2024-09.csv'

2025-06-04 14:23:37,179 - INFO: Processing: W:\reddit\submissions\RS_2024-10.zst -> W:\reddit\scraped\submissions_scraped>\RS_2024-10.csv, Is submission: True
2025-06-04 14:23:37,179 - WARNING: Error processing W:\reddit\submissions\RS_2024-10.zst: [Errno 22] Invalid argument: 'W:\\reddit\\scraped\\submissions_scraped>\\RS_2024-10.csv'
2025-06-04 14:23:37,180 - WARNING: Traceback (most recent call last):
  File "C:\Users\stijn\Desktop\EPSS_FRESH\data\reddit\scripts\submissions_scrapper.py", line 169, in <module>
    process_file(file_in, file_out, output_format, field, from_date, to_date, single_field)
  File "C:\Users\stijn\Desktop\EPSS_FRESH\data\reddit\scripts\submissions_scrapper.py", line 108, in process_file
    handle = open(output_path, 'w', encoding='UTF-8', newline='')
             ^^^^^^^^^^^^^^^^^^^^^^^^^^^^^^^^^^^^^^^^^^^^^^^^^^^^
OSError: [Errno 22] Invalid argument: 'W:\\reddit\\scraped\\submissions_scraped>\\RS_2024-10.csv'

2025-06-04 14:23:37,181 - INFO: Processing: W:\reddit\submissions\RS_2024-11.zst -> W:\reddit\scraped\submissions_scraped>\RS_2024-11.csv, Is submission: True
2025-06-04 14:23:37,181 - WARNING: Error processing W:\reddit\submissions\RS_2024-11.zst: [Errno 22] Invalid argument: 'W:\\reddit\\scraped\\submissions_scraped>\\RS_2024-11.csv'
2025-06-04 14:23:37,182 - WARNING: Traceback (most recent call last):
  File "C:\Users\stijn\Desktop\EPSS_FRESH\data\reddit\scripts\submissions_scrapper.py", line 169, in <module>
    process_file(file_in, file_out, output_format, field, from_date, to_date, single_field)
  File "C:\Users\stijn\Desktop\EPSS_FRESH\data\reddit\scripts\submissions_scrapper.py", line 108, in process_file
    handle = open(output_path, 'w', encoding='UTF-8', newline='')
             ^^^^^^^^^^^^^^^^^^^^^^^^^^^^^^^^^^^^^^^^^^^^^^^^^^^^
OSError: [Errno 22] Invalid argument: 'W:\\reddit\\scraped\\submissions_scraped>\\RS_2024-11.csv'

2025-06-04 14:23:37,183 - INFO: Processing: W:\reddit\submissions\RS_2024-12.zst -> W:\reddit\scraped\submissions_scraped>\RS_2024-12.csv, Is submission: True
2025-06-04 14:23:37,183 - WARNING: Error processing W:\reddit\submissions\RS_2024-12.zst: [Errno 22] Invalid argument: 'W:\\reddit\\scraped\\submissions_scraped>\\RS_2024-12.csv'
2025-06-04 14:23:37,184 - WARNING: Traceback (most recent call last):
  File "C:\Users\stijn\Desktop\EPSS_FRESH\data\reddit\scripts\submissions_scrapper.py", line 169, in <module>
    process_file(file_in, file_out, output_format, field, from_date, to_date, single_field)
  File "C:\Users\stijn\Desktop\EPSS_FRESH\data\reddit\scripts\submissions_scrapper.py", line 108, in process_file
    handle = open(output_path, 'w', encoding='UTF-8', newline='')
             ^^^^^^^^^^^^^^^^^^^^^^^^^^^^^^^^^^^^^^^^^^^^^^^^^^^^
OSError: [Errno 22] Invalid argument: 'W:\\reddit\\scraped\\submissions_scraped>\\RS_2024-12.csv'

2025-06-04 14:26:12,442 - INFO: Processing 37 files
2025-06-04 14:26:12,443 - INFO: Processing W:\reddit\comments\RC_2021-12.zst -> W:\reddit\scraped\comments_scraped\RC_2021-12.csv (Is submission: False)
2025-06-04 14:28:52,387 - INFO: Searching for CVE IDs in field: selftext
2025-06-04 14:28:52,387 - INFO: Date range: 2005-01-01 to 2030-12-31
2025-06-04 14:28:52,388 - INFO: Output format: csv
2025-06-04 14:28:52,388 - INFO: Processing 36 files.
2025-06-04 14:28:52,389 - INFO: Processing: W:\reddit\submissions\RS_2021-12.zst -> W:\reddit\scraped\submissions_scraped>\RS_2021-12.csv, Is submission: True
2025-06-04 14:28:52,389 - WARNING: Error processing W:\reddit\submissions\RS_2021-12.zst: [Errno 22] Invalid argument: 'W:\\reddit\\scraped\\submissions_scraped>\\RS_2021-12.csv'
2025-06-04 14:28:52,392 - WARNING: Traceback (most recent call last):
  File "C:\Users\stijn\Desktop\epss_fresh\data\reddit\scripts\submissions_scrapper.py", line 169, in <module>
    process_file(file_in, file_out, output_format, field, from_date, to_date, single_field)
  File "C:\Users\stijn\Desktop\epss_fresh\data\reddit\scripts\submissions_scrapper.py", line 108, in process_file
    handle = open(output_path, 'w', encoding='UTF-8', newline='')
             ^^^^^^^^^^^^^^^^^^^^^^^^^^^^^^^^^^^^^^^^^^^^^^^^^^^^
OSError: [Errno 22] Invalid argument: 'W:\\reddit\\scraped\\submissions_scraped>\\RS_2021-12.csv'

2025-06-04 14:28:52,393 - INFO: Processing: W:\reddit\submissions\RS_2022-01.zst -> W:\reddit\scraped\submissions_scraped>\RS_2022-01.csv, Is submission: True
2025-06-04 14:28:52,393 - WARNING: Error processing W:\reddit\submissions\RS_2022-01.zst: [Errno 22] Invalid argument: 'W:\\reddit\\scraped\\submissions_scraped>\\RS_2022-01.csv'
2025-06-04 14:28:52,393 - WARNING: Traceback (most recent call last):
  File "C:\Users\stijn\Desktop\epss_fresh\data\reddit\scripts\submissions_scrapper.py", line 169, in <module>
    process_file(file_in, file_out, output_format, field, from_date, to_date, single_field)
  File "C:\Users\stijn\Desktop\epss_fresh\data\reddit\scripts\submissions_scrapper.py", line 108, in process_file
    handle = open(output_path, 'w', encoding='UTF-8', newline='')
             ^^^^^^^^^^^^^^^^^^^^^^^^^^^^^^^^^^^^^^^^^^^^^^^^^^^^
OSError: [Errno 22] Invalid argument: 'W:\\reddit\\scraped\\submissions_scraped>\\RS_2022-01.csv'

2025-06-04 14:28:52,394 - INFO: Processing: W:\reddit\submissions\RS_2022-02.zst -> W:\reddit\scraped\submissions_scraped>\RS_2022-02.csv, Is submission: True
2025-06-04 14:28:52,394 - WARNING: Error processing W:\reddit\submissions\RS_2022-02.zst: [Errno 22] Invalid argument: 'W:\\reddit\\scraped\\submissions_scraped>\\RS_2022-02.csv'
2025-06-04 14:28:52,394 - WARNING: Traceback (most recent call last):
  File "C:\Users\stijn\Desktop\epss_fresh\data\reddit\scripts\submissions_scrapper.py", line 169, in <module>
    process_file(file_in, file_out, output_format, field, from_date, to_date, single_field)
  File "C:\Users\stijn\Desktop\epss_fresh\data\reddit\scripts\submissions_scrapper.py", line 108, in process_file
    handle = open(output_path, 'w', encoding='UTF-8', newline='')
             ^^^^^^^^^^^^^^^^^^^^^^^^^^^^^^^^^^^^^^^^^^^^^^^^^^^^
OSError: [Errno 22] Invalid argument: 'W:\\reddit\\scraped\\submissions_scraped>\\RS_2022-02.csv'

2025-06-04 14:28:52,395 - INFO: Processing: W:\reddit\submissions\RS_2022-03.zst -> W:\reddit\scraped\submissions_scraped>\RS_2022-03.csv, Is submission: True
2025-06-04 14:28:52,395 - WARNING: Error processing W:\reddit\submissions\RS_2022-03.zst: [Errno 22] Invalid argument: 'W:\\reddit\\scraped\\submissions_scraped>\\RS_2022-03.csv'
2025-06-04 14:28:52,396 - WARNING: Traceback (most recent call last):
  File "C:\Users\stijn\Desktop\epss_fresh\data\reddit\scripts\submissions_scrapper.py", line 169, in <module>
    process_file(file_in, file_out, output_format, field, from_date, to_date, single_field)
  File "C:\Users\stijn\Desktop\epss_fresh\data\reddit\scripts\submissions_scrapper.py", line 108, in process_file
    handle = open(output_path, 'w', encoding='UTF-8', newline='')
             ^^^^^^^^^^^^^^^^^^^^^^^^^^^^^^^^^^^^^^^^^^^^^^^^^^^^
OSError: [Errno 22] Invalid argument: 'W:\\reddit\\scraped\\submissions_scraped>\\RS_2022-03.csv'

2025-06-04 14:28:52,396 - INFO: Processing: W:\reddit\submissions\RS_2022-04.zst -> W:\reddit\scraped\submissions_scraped>\RS_2022-04.csv, Is submission: True
2025-06-04 14:28:52,396 - WARNING: Error processing W:\reddit\submissions\RS_2022-04.zst: [Errno 22] Invalid argument: 'W:\\reddit\\scraped\\submissions_scraped>\\RS_2022-04.csv'
2025-06-04 14:28:52,397 - WARNING: Traceback (most recent call last):
  File "C:\Users\stijn\Desktop\epss_fresh\data\reddit\scripts\submissions_scrapper.py", line 169, in <module>
    process_file(file_in, file_out, output_format, field, from_date, to_date, single_field)
  File "C:\Users\stijn\Desktop\epss_fresh\data\reddit\scripts\submissions_scrapper.py", line 108, in process_file
    handle = open(output_path, 'w', encoding='UTF-8', newline='')
             ^^^^^^^^^^^^^^^^^^^^^^^^^^^^^^^^^^^^^^^^^^^^^^^^^^^^
OSError: [Errno 22] Invalid argument: 'W:\\reddit\\scraped\\submissions_scraped>\\RS_2022-04.csv'

2025-06-04 14:28:52,397 - INFO: Processing: W:\reddit\submissions\RS_2022-05.zst -> W:\reddit\scraped\submissions_scraped>\RS_2022-05.csv, Is submission: True
2025-06-04 14:28:52,397 - WARNING: Error processing W:\reddit\submissions\RS_2022-05.zst: [Errno 22] Invalid argument: 'W:\\reddit\\scraped\\submissions_scraped>\\RS_2022-05.csv'
2025-06-04 14:28:52,398 - WARNING: Traceback (most recent call last):
  File "C:\Users\stijn\Desktop\epss_fresh\data\reddit\scripts\submissions_scrapper.py", line 169, in <module>
    process_file(file_in, file_out, output_format, field, from_date, to_date, single_field)
  File "C:\Users\stijn\Desktop\epss_fresh\data\reddit\scripts\submissions_scrapper.py", line 108, in process_file
    handle = open(output_path, 'w', encoding='UTF-8', newline='')
             ^^^^^^^^^^^^^^^^^^^^^^^^^^^^^^^^^^^^^^^^^^^^^^^^^^^^
OSError: [Errno 22] Invalid argument: 'W:\\reddit\\scraped\\submissions_scraped>\\RS_2022-05.csv'

2025-06-04 14:28:52,398 - INFO: Processing: W:\reddit\submissions\RS_2022-06.zst -> W:\reddit\scraped\submissions_scraped>\RS_2022-06.csv, Is submission: True
2025-06-04 14:28:52,398 - WARNING: Error processing W:\reddit\submissions\RS_2022-06.zst: [Errno 22] Invalid argument: 'W:\\reddit\\scraped\\submissions_scraped>\\RS_2022-06.csv'
2025-06-04 14:28:52,399 - WARNING: Traceback (most recent call last):
  File "C:\Users\stijn\Desktop\epss_fresh\data\reddit\scripts\submissions_scrapper.py", line 169, in <module>
    process_file(file_in, file_out, output_format, field, from_date, to_date, single_field)
  File "C:\Users\stijn\Desktop\epss_fresh\data\reddit\scripts\submissions_scrapper.py", line 108, in process_file
    handle = open(output_path, 'w', encoding='UTF-8', newline='')
             ^^^^^^^^^^^^^^^^^^^^^^^^^^^^^^^^^^^^^^^^^^^^^^^^^^^^
OSError: [Errno 22] Invalid argument: 'W:\\reddit\\scraped\\submissions_scraped>\\RS_2022-06.csv'

2025-06-04 14:28:52,399 - INFO: Processing: W:\reddit\submissions\RS_2022-07.zst -> W:\reddit\scraped\submissions_scraped>\RS_2022-07.csv, Is submission: True
2025-06-04 14:28:52,399 - WARNING: Error processing W:\reddit\submissions\RS_2022-07.zst: [Errno 22] Invalid argument: 'W:\\reddit\\scraped\\submissions_scraped>\\RS_2022-07.csv'
2025-06-04 14:28:52,399 - WARNING: Traceback (most recent call last):
  File "C:\Users\stijn\Desktop\epss_fresh\data\reddit\scripts\submissions_scrapper.py", line 169, in <module>
    process_file(file_in, file_out, output_format, field, from_date, to_date, single_field)
  File "C:\Users\stijn\Desktop\epss_fresh\data\reddit\scripts\submissions_scrapper.py", line 108, in process_file
    handle = open(output_path, 'w', encoding='UTF-8', newline='')
             ^^^^^^^^^^^^^^^^^^^^^^^^^^^^^^^^^^^^^^^^^^^^^^^^^^^^
OSError: [Errno 22] Invalid argument: 'W:\\reddit\\scraped\\submissions_scraped>\\RS_2022-07.csv'

2025-06-04 14:28:52,400 - INFO: Processing: W:\reddit\submissions\RS_2022-08.zst -> W:\reddit\scraped\submissions_scraped>\RS_2022-08.csv, Is submission: True
2025-06-04 14:28:52,400 - WARNING: Error processing W:\reddit\submissions\RS_2022-08.zst: [Errno 22] Invalid argument: 'W:\\reddit\\scraped\\submissions_scraped>\\RS_2022-08.csv'
2025-06-04 14:28:52,400 - WARNING: Traceback (most recent call last):
  File "C:\Users\stijn\Desktop\epss_fresh\data\reddit\scripts\submissions_scrapper.py", line 169, in <module>
    process_file(file_in, file_out, output_format, field, from_date, to_date, single_field)
  File "C:\Users\stijn\Desktop\epss_fresh\data\reddit\scripts\submissions_scrapper.py", line 108, in process_file
    handle = open(output_path, 'w', encoding='UTF-8', newline='')
             ^^^^^^^^^^^^^^^^^^^^^^^^^^^^^^^^^^^^^^^^^^^^^^^^^^^^
OSError: [Errno 22] Invalid argument: 'W:\\reddit\\scraped\\submissions_scraped>\\RS_2022-08.csv'

2025-06-04 14:28:52,400 - INFO: Processing: W:\reddit\submissions\RS_2022-09.zst -> W:\reddit\scraped\submissions_scraped>\RS_2022-09.csv, Is submission: True
2025-06-04 14:28:52,400 - WARNING: Error processing W:\reddit\submissions\RS_2022-09.zst: [Errno 22] Invalid argument: 'W:\\reddit\\scraped\\submissions_scraped>\\RS_2022-09.csv'
2025-06-04 14:28:52,401 - WARNING: Traceback (most recent call last):
  File "C:\Users\stijn\Desktop\epss_fresh\data\reddit\scripts\submissions_scrapper.py", line 169, in <module>
    process_file(file_in, file_out, output_format, field, from_date, to_date, single_field)
  File "C:\Users\stijn\Desktop\epss_fresh\data\reddit\scripts\submissions_scrapper.py", line 108, in process_file
    handle = open(output_path, 'w', encoding='UTF-8', newline='')
             ^^^^^^^^^^^^^^^^^^^^^^^^^^^^^^^^^^^^^^^^^^^^^^^^^^^^
OSError: [Errno 22] Invalid argument: 'W:\\reddit\\scraped\\submissions_scraped>\\RS_2022-09.csv'

2025-06-04 14:28:52,401 - INFO: Processing: W:\reddit\submissions\RS_2022-10.zst -> W:\reddit\scraped\submissions_scraped>\RS_2022-10.csv, Is submission: True
2025-06-04 14:28:52,401 - WARNING: Error processing W:\reddit\submissions\RS_2022-10.zst: [Errno 22] Invalid argument: 'W:\\reddit\\scraped\\submissions_scraped>\\RS_2022-10.csv'
2025-06-04 14:28:52,401 - WARNING: Traceback (most recent call last):
  File "C:\Users\stijn\Desktop\epss_fresh\data\reddit\scripts\submissions_scrapper.py", line 169, in <module>
    process_file(file_in, file_out, output_format, field, from_date, to_date, single_field)
  File "C:\Users\stijn\Desktop\epss_fresh\data\reddit\scripts\submissions_scrapper.py", line 108, in process_file
    handle = open(output_path, 'w', encoding='UTF-8', newline='')
             ^^^^^^^^^^^^^^^^^^^^^^^^^^^^^^^^^^^^^^^^^^^^^^^^^^^^
OSError: [Errno 22] Invalid argument: 'W:\\reddit\\scraped\\submissions_scraped>\\RS_2022-10.csv'

2025-06-04 14:28:52,402 - INFO: Processing: W:\reddit\submissions\RS_2022-11.zst -> W:\reddit\scraped\submissions_scraped>\RS_2022-11.csv, Is submission: True
2025-06-04 14:28:52,402 - WARNING: Error processing W:\reddit\submissions\RS_2022-11.zst: [Errno 22] Invalid argument: 'W:\\reddit\\scraped\\submissions_scraped>\\RS_2022-11.csv'
2025-06-04 14:28:52,402 - WARNING: Traceback (most recent call last):
  File "C:\Users\stijn\Desktop\epss_fresh\data\reddit\scripts\submissions_scrapper.py", line 169, in <module>
    process_file(file_in, file_out, output_format, field, from_date, to_date, single_field)
  File "C:\Users\stijn\Desktop\epss_fresh\data\reddit\scripts\submissions_scrapper.py", line 108, in process_file
    handle = open(output_path, 'w', encoding='UTF-8', newline='')
             ^^^^^^^^^^^^^^^^^^^^^^^^^^^^^^^^^^^^^^^^^^^^^^^^^^^^
OSError: [Errno 22] Invalid argument: 'W:\\reddit\\scraped\\submissions_scraped>\\RS_2022-11.csv'

2025-06-04 14:28:52,402 - INFO: Processing: W:\reddit\submissions\RS_2022-12.zst -> W:\reddit\scraped\submissions_scraped>\RS_2022-12.csv, Is submission: True
2025-06-04 14:28:52,403 - WARNING: Error processing W:\reddit\submissions\RS_2022-12.zst: [Errno 22] Invalid argument: 'W:\\reddit\\scraped\\submissions_scraped>\\RS_2022-12.csv'
2025-06-04 14:28:52,403 - WARNING: Traceback (most recent call last):
  File "C:\Users\stijn\Desktop\epss_fresh\data\reddit\scripts\submissions_scrapper.py", line 169, in <module>
    process_file(file_in, file_out, output_format, field, from_date, to_date, single_field)
  File "C:\Users\stijn\Desktop\epss_fresh\data\reddit\scripts\submissions_scrapper.py", line 108, in process_file
    handle = open(output_path, 'w', encoding='UTF-8', newline='')
             ^^^^^^^^^^^^^^^^^^^^^^^^^^^^^^^^^^^^^^^^^^^^^^^^^^^^
OSError: [Errno 22] Invalid argument: 'W:\\reddit\\scraped\\submissions_scraped>\\RS_2022-12.csv'

2025-06-04 14:28:52,403 - INFO: Processing: W:\reddit\submissions\RS_2023-01.zst -> W:\reddit\scraped\submissions_scraped>\RS_2023-01.csv, Is submission: True
2025-06-04 14:28:52,403 - WARNING: Error processing W:\reddit\submissions\RS_2023-01.zst: [Errno 22] Invalid argument: 'W:\\reddit\\scraped\\submissions_scraped>\\RS_2023-01.csv'
2025-06-04 14:28:52,404 - WARNING: Traceback (most recent call last):
  File "C:\Users\stijn\Desktop\epss_fresh\data\reddit\scripts\submissions_scrapper.py", line 169, in <module>
    process_file(file_in, file_out, output_format, field, from_date, to_date, single_field)
  File "C:\Users\stijn\Desktop\epss_fresh\data\reddit\scripts\submissions_scrapper.py", line 108, in process_file
    handle = open(output_path, 'w', encoding='UTF-8', newline='')
             ^^^^^^^^^^^^^^^^^^^^^^^^^^^^^^^^^^^^^^^^^^^^^^^^^^^^
OSError: [Errno 22] Invalid argument: 'W:\\reddit\\scraped\\submissions_scraped>\\RS_2023-01.csv'

2025-06-04 14:28:52,404 - INFO: Processing: W:\reddit\submissions\RS_2023-02.zst -> W:\reddit\scraped\submissions_scraped>\RS_2023-02.csv, Is submission: True
2025-06-04 14:28:52,404 - WARNING: Error processing W:\reddit\submissions\RS_2023-02.zst: [Errno 22] Invalid argument: 'W:\\reddit\\scraped\\submissions_scraped>\\RS_2023-02.csv'
2025-06-04 14:28:52,405 - WARNING: Traceback (most recent call last):
  File "C:\Users\stijn\Desktop\epss_fresh\data\reddit\scripts\submissions_scrapper.py", line 169, in <module>
    process_file(file_in, file_out, output_format, field, from_date, to_date, single_field)
  File "C:\Users\stijn\Desktop\epss_fresh\data\reddit\scripts\submissions_scrapper.py", line 108, in process_file
    handle = open(output_path, 'w', encoding='UTF-8', newline='')
             ^^^^^^^^^^^^^^^^^^^^^^^^^^^^^^^^^^^^^^^^^^^^^^^^^^^^
OSError: [Errno 22] Invalid argument: 'W:\\reddit\\scraped\\submissions_scraped>\\RS_2023-02.csv'

2025-06-04 14:28:52,405 - INFO: Processing: W:\reddit\submissions\RS_2023-03.zst -> W:\reddit\scraped\submissions_scraped>\RS_2023-03.csv, Is submission: True
2025-06-04 14:28:52,405 - WARNING: Error processing W:\reddit\submissions\RS_2023-03.zst: [Errno 22] Invalid argument: 'W:\\reddit\\scraped\\submissions_scraped>\\RS_2023-03.csv'
2025-06-04 14:28:52,405 - WARNING: Traceback (most recent call last):
  File "C:\Users\stijn\Desktop\epss_fresh\data\reddit\scripts\submissions_scrapper.py", line 169, in <module>
    process_file(file_in, file_out, output_format, field, from_date, to_date, single_field)
  File "C:\Users\stijn\Desktop\epss_fresh\data\reddit\scripts\submissions_scrapper.py", line 108, in process_file
    handle = open(output_path, 'w', encoding='UTF-8', newline='')
             ^^^^^^^^^^^^^^^^^^^^^^^^^^^^^^^^^^^^^^^^^^^^^^^^^^^^
OSError: [Errno 22] Invalid argument: 'W:\\reddit\\scraped\\submissions_scraped>\\RS_2023-03.csv'

2025-06-04 14:28:52,406 - INFO: Processing: W:\reddit\submissions\RS_2023-04.zst -> W:\reddit\scraped\submissions_scraped>\RS_2023-04.csv, Is submission: True
2025-06-04 14:28:52,406 - WARNING: Error processing W:\reddit\submissions\RS_2023-04.zst: [Errno 22] Invalid argument: 'W:\\reddit\\scraped\\submissions_scraped>\\RS_2023-04.csv'
2025-06-04 14:28:52,406 - WARNING: Traceback (most recent call last):
  File "C:\Users\stijn\Desktop\epss_fresh\data\reddit\scripts\submissions_scrapper.py", line 169, in <module>
    process_file(file_in, file_out, output_format, field, from_date, to_date, single_field)
  File "C:\Users\stijn\Desktop\epss_fresh\data\reddit\scripts\submissions_scrapper.py", line 108, in process_file
    handle = open(output_path, 'w', encoding='UTF-8', newline='')
             ^^^^^^^^^^^^^^^^^^^^^^^^^^^^^^^^^^^^^^^^^^^^^^^^^^^^
OSError: [Errno 22] Invalid argument: 'W:\\reddit\\scraped\\submissions_scraped>\\RS_2023-04.csv'

2025-06-04 14:28:52,407 - INFO: Processing: W:\reddit\submissions\RS_2023-05.zst -> W:\reddit\scraped\submissions_scraped>\RS_2023-05.csv, Is submission: True
2025-06-04 14:28:52,407 - WARNING: Error processing W:\reddit\submissions\RS_2023-05.zst: [Errno 22] Invalid argument: 'W:\\reddit\\scraped\\submissions_scraped>\\RS_2023-05.csv'
2025-06-04 14:28:52,408 - WARNING: Traceback (most recent call last):
  File "C:\Users\stijn\Desktop\epss_fresh\data\reddit\scripts\submissions_scrapper.py", line 169, in <module>
    process_file(file_in, file_out, output_format, field, from_date, to_date, single_field)
  File "C:\Users\stijn\Desktop\epss_fresh\data\reddit\scripts\submissions_scrapper.py", line 108, in process_file
    handle = open(output_path, 'w', encoding='UTF-8', newline='')
             ^^^^^^^^^^^^^^^^^^^^^^^^^^^^^^^^^^^^^^^^^^^^^^^^^^^^
OSError: [Errno 22] Invalid argument: 'W:\\reddit\\scraped\\submissions_scraped>\\RS_2023-05.csv'

2025-06-04 14:28:52,408 - INFO: Processing: W:\reddit\submissions\RS_2023-06.zst -> W:\reddit\scraped\submissions_scraped>\RS_2023-06.csv, Is submission: True
2025-06-04 14:28:52,408 - WARNING: Error processing W:\reddit\submissions\RS_2023-06.zst: [Errno 22] Invalid argument: 'W:\\reddit\\scraped\\submissions_scraped>\\RS_2023-06.csv'
2025-06-04 14:28:52,409 - WARNING: Traceback (most recent call last):
  File "C:\Users\stijn\Desktop\epss_fresh\data\reddit\scripts\submissions_scrapper.py", line 169, in <module>
    process_file(file_in, file_out, output_format, field, from_date, to_date, single_field)
  File "C:\Users\stijn\Desktop\epss_fresh\data\reddit\scripts\submissions_scrapper.py", line 108, in process_file
    handle = open(output_path, 'w', encoding='UTF-8', newline='')
             ^^^^^^^^^^^^^^^^^^^^^^^^^^^^^^^^^^^^^^^^^^^^^^^^^^^^
OSError: [Errno 22] Invalid argument: 'W:\\reddit\\scraped\\submissions_scraped>\\RS_2023-06.csv'

2025-06-04 14:28:52,409 - INFO: Processing: W:\reddit\submissions\RS_2023-07.zst -> W:\reddit\scraped\submissions_scraped>\RS_2023-07.csv, Is submission: True
2025-06-04 14:28:52,409 - WARNING: Error processing W:\reddit\submissions\RS_2023-07.zst: [Errno 22] Invalid argument: 'W:\\reddit\\scraped\\submissions_scraped>\\RS_2023-07.csv'
2025-06-04 14:28:52,409 - WARNING: Traceback (most recent call last):
  File "C:\Users\stijn\Desktop\epss_fresh\data\reddit\scripts\submissions_scrapper.py", line 169, in <module>
    process_file(file_in, file_out, output_format, field, from_date, to_date, single_field)
  File "C:\Users\stijn\Desktop\epss_fresh\data\reddit\scripts\submissions_scrapper.py", line 108, in process_file
    handle = open(output_path, 'w', encoding='UTF-8', newline='')
             ^^^^^^^^^^^^^^^^^^^^^^^^^^^^^^^^^^^^^^^^^^^^^^^^^^^^
OSError: [Errno 22] Invalid argument: 'W:\\reddit\\scraped\\submissions_scraped>\\RS_2023-07.csv'

2025-06-04 14:28:52,411 - INFO: Processing: W:\reddit\submissions\RS_2023-09.zst -> W:\reddit\scraped\submissions_scraped>\RS_2023-09.csv, Is submission: True
2025-06-04 14:28:52,411 - WARNING: Error processing W:\reddit\submissions\RS_2023-09.zst: [Errno 22] Invalid argument: 'W:\\reddit\\scraped\\submissions_scraped>\\RS_2023-09.csv'
2025-06-04 14:28:52,411 - WARNING: Traceback (most recent call last):
  File "C:\Users\stijn\Desktop\epss_fresh\data\reddit\scripts\submissions_scrapper.py", line 169, in <module>
    process_file(file_in, file_out, output_format, field, from_date, to_date, single_field)
  File "C:\Users\stijn\Desktop\epss_fresh\data\reddit\scripts\submissions_scrapper.py", line 108, in process_file
    handle = open(output_path, 'w', encoding='UTF-8', newline='')
             ^^^^^^^^^^^^^^^^^^^^^^^^^^^^^^^^^^^^^^^^^^^^^^^^^^^^
OSError: [Errno 22] Invalid argument: 'W:\\reddit\\scraped\\submissions_scraped>\\RS_2023-09.csv'

2025-06-04 14:28:52,411 - INFO: Processing: W:\reddit\submissions\RS_2023-10.zst -> W:\reddit\scraped\submissions_scraped>\RS_2023-10.csv, Is submission: True
2025-06-04 14:28:52,411 - WARNING: Error processing W:\reddit\submissions\RS_2023-10.zst: [Errno 22] Invalid argument: 'W:\\reddit\\scraped\\submissions_scraped>\\RS_2023-10.csv'
2025-06-04 14:28:52,412 - WARNING: Traceback (most recent call last):
  File "C:\Users\stijn\Desktop\epss_fresh\data\reddit\scripts\submissions_scrapper.py", line 169, in <module>
    process_file(file_in, file_out, output_format, field, from_date, to_date, single_field)
  File "C:\Users\stijn\Desktop\epss_fresh\data\reddit\scripts\submissions_scrapper.py", line 108, in process_file
    handle = open(output_path, 'w', encoding='UTF-8', newline='')
             ^^^^^^^^^^^^^^^^^^^^^^^^^^^^^^^^^^^^^^^^^^^^^^^^^^^^
OSError: [Errno 22] Invalid argument: 'W:\\reddit\\scraped\\submissions_scraped>\\RS_2023-10.csv'

2025-06-04 14:28:52,412 - INFO: Processing: W:\reddit\submissions\RS_2023-11.zst -> W:\reddit\scraped\submissions_scraped>\RS_2023-11.csv, Is submission: True
2025-06-04 14:28:52,412 - WARNING: Error processing W:\reddit\submissions\RS_2023-11.zst: [Errno 22] Invalid argument: 'W:\\reddit\\scraped\\submissions_scraped>\\RS_2023-11.csv'
2025-06-04 14:28:52,413 - WARNING: Traceback (most recent call last):
  File "C:\Users\stijn\Desktop\epss_fresh\data\reddit\scripts\submissions_scrapper.py", line 169, in <module>
    process_file(file_in, file_out, output_format, field, from_date, to_date, single_field)
  File "C:\Users\stijn\Desktop\epss_fresh\data\reddit\scripts\submissions_scrapper.py", line 108, in process_file
    handle = open(output_path, 'w', encoding='UTF-8', newline='')
             ^^^^^^^^^^^^^^^^^^^^^^^^^^^^^^^^^^^^^^^^^^^^^^^^^^^^
OSError: [Errno 22] Invalid argument: 'W:\\reddit\\scraped\\submissions_scraped>\\RS_2023-11.csv'

2025-06-04 14:28:52,413 - INFO: Processing: W:\reddit\submissions\RS_2023-12.zst -> W:\reddit\scraped\submissions_scraped>\RS_2023-12.csv, Is submission: True
2025-06-04 14:28:52,413 - WARNING: Error processing W:\reddit\submissions\RS_2023-12.zst: [Errno 22] Invalid argument: 'W:\\reddit\\scraped\\submissions_scraped>\\RS_2023-12.csv'
2025-06-04 14:28:52,414 - WARNING: Traceback (most recent call last):
  File "C:\Users\stijn\Desktop\epss_fresh\data\reddit\scripts\submissions_scrapper.py", line 169, in <module>
    process_file(file_in, file_out, output_format, field, from_date, to_date, single_field)
  File "C:\Users\stijn\Desktop\epss_fresh\data\reddit\scripts\submissions_scrapper.py", line 108, in process_file
    handle = open(output_path, 'w', encoding='UTF-8', newline='')
             ^^^^^^^^^^^^^^^^^^^^^^^^^^^^^^^^^^^^^^^^^^^^^^^^^^^^
OSError: [Errno 22] Invalid argument: 'W:\\reddit\\scraped\\submissions_scraped>\\RS_2023-12.csv'

2025-06-04 14:28:52,414 - INFO: Processing: W:\reddit\submissions\RS_2024-01.zst -> W:\reddit\scraped\submissions_scraped>\RS_2024-01.csv, Is submission: True
2025-06-04 14:28:52,414 - WARNING: Error processing W:\reddit\submissions\RS_2024-01.zst: [Errno 22] Invalid argument: 'W:\\reddit\\scraped\\submissions_scraped>\\RS_2024-01.csv'
2025-06-04 14:28:52,415 - WARNING: Traceback (most recent call last):
  File "C:\Users\stijn\Desktop\epss_fresh\data\reddit\scripts\submissions_scrapper.py", line 169, in <module>
    process_file(file_in, file_out, output_format, field, from_date, to_date, single_field)
  File "C:\Users\stijn\Desktop\epss_fresh\data\reddit\scripts\submissions_scrapper.py", line 108, in process_file
    handle = open(output_path, 'w', encoding='UTF-8', newline='')
             ^^^^^^^^^^^^^^^^^^^^^^^^^^^^^^^^^^^^^^^^^^^^^^^^^^^^
OSError: [Errno 22] Invalid argument: 'W:\\reddit\\scraped\\submissions_scraped>\\RS_2024-01.csv'

2025-06-04 14:28:52,415 - INFO: Processing: W:\reddit\submissions\RS_2024-02.zst -> W:\reddit\scraped\submissions_scraped>\RS_2024-02.csv, Is submission: True
2025-06-04 14:28:52,415 - WARNING: Error processing W:\reddit\submissions\RS_2024-02.zst: [Errno 22] Invalid argument: 'W:\\reddit\\scraped\\submissions_scraped>\\RS_2024-02.csv'
2025-06-04 14:28:52,415 - WARNING: Traceback (most recent call last):
  File "C:\Users\stijn\Desktop\epss_fresh\data\reddit\scripts\submissions_scrapper.py", line 169, in <module>
    process_file(file_in, file_out, output_format, field, from_date, to_date, single_field)
  File "C:\Users\stijn\Desktop\epss_fresh\data\reddit\scripts\submissions_scrapper.py", line 108, in process_file
    handle = open(output_path, 'w', encoding='UTF-8', newline='')
             ^^^^^^^^^^^^^^^^^^^^^^^^^^^^^^^^^^^^^^^^^^^^^^^^^^^^
OSError: [Errno 22] Invalid argument: 'W:\\reddit\\scraped\\submissions_scraped>\\RS_2024-02.csv'

2025-06-04 14:28:52,416 - INFO: Processing: W:\reddit\submissions\RS_2024-03.zst -> W:\reddit\scraped\submissions_scraped>\RS_2024-03.csv, Is submission: True
2025-06-04 14:28:52,416 - WARNING: Error processing W:\reddit\submissions\RS_2024-03.zst: [Errno 22] Invalid argument: 'W:\\reddit\\scraped\\submissions_scraped>\\RS_2024-03.csv'
2025-06-04 14:28:52,416 - WARNING: Traceback (most recent call last):
  File "C:\Users\stijn\Desktop\epss_fresh\data\reddit\scripts\submissions_scrapper.py", line 169, in <module>
    process_file(file_in, file_out, output_format, field, from_date, to_date, single_field)
  File "C:\Users\stijn\Desktop\epss_fresh\data\reddit\scripts\submissions_scrapper.py", line 108, in process_file
    handle = open(output_path, 'w', encoding='UTF-8', newline='')
             ^^^^^^^^^^^^^^^^^^^^^^^^^^^^^^^^^^^^^^^^^^^^^^^^^^^^
OSError: [Errno 22] Invalid argument: 'W:\\reddit\\scraped\\submissions_scraped>\\RS_2024-03.csv'

2025-06-04 14:28:52,416 - INFO: Processing: W:\reddit\submissions\RS_2024-04.zst -> W:\reddit\scraped\submissions_scraped>\RS_2024-04.csv, Is submission: True
2025-06-04 14:28:52,417 - WARNING: Error processing W:\reddit\submissions\RS_2024-04.zst: [Errno 22] Invalid argument: 'W:\\reddit\\scraped\\submissions_scraped>\\RS_2024-04.csv'
2025-06-04 14:28:52,417 - WARNING: Traceback (most recent call last):
  File "C:\Users\stijn\Desktop\epss_fresh\data\reddit\scripts\submissions_scrapper.py", line 169, in <module>
    process_file(file_in, file_out, output_format, field, from_date, to_date, single_field)
  File "C:\Users\stijn\Desktop\epss_fresh\data\reddit\scripts\submissions_scrapper.py", line 108, in process_file
    handle = open(output_path, 'w', encoding='UTF-8', newline='')
             ^^^^^^^^^^^^^^^^^^^^^^^^^^^^^^^^^^^^^^^^^^^^^^^^^^^^
OSError: [Errno 22] Invalid argument: 'W:\\reddit\\scraped\\submissions_scraped>\\RS_2024-04.csv'

2025-06-04 14:28:52,417 - INFO: Processing: W:\reddit\submissions\RS_2024-05.zst -> W:\reddit\scraped\submissions_scraped>\RS_2024-05.csv, Is submission: True
2025-06-04 14:28:52,417 - WARNING: Error processing W:\reddit\submissions\RS_2024-05.zst: [Errno 22] Invalid argument: 'W:\\reddit\\scraped\\submissions_scraped>\\RS_2024-05.csv'
2025-06-04 14:28:52,418 - WARNING: Traceback (most recent call last):
  File "C:\Users\stijn\Desktop\epss_fresh\data\reddit\scripts\submissions_scrapper.py", line 169, in <module>
    process_file(file_in, file_out, output_format, field, from_date, to_date, single_field)
  File "C:\Users\stijn\Desktop\epss_fresh\data\reddit\scripts\submissions_scrapper.py", line 108, in process_file
    handle = open(output_path, 'w', encoding='UTF-8', newline='')
             ^^^^^^^^^^^^^^^^^^^^^^^^^^^^^^^^^^^^^^^^^^^^^^^^^^^^
OSError: [Errno 22] Invalid argument: 'W:\\reddit\\scraped\\submissions_scraped>\\RS_2024-05.csv'

2025-06-04 14:28:52,418 - INFO: Processing: W:\reddit\submissions\RS_2024-06.zst -> W:\reddit\scraped\submissions_scraped>\RS_2024-06.csv, Is submission: True
2025-06-04 14:28:52,418 - WARNING: Error processing W:\reddit\submissions\RS_2024-06.zst: [Errno 22] Invalid argument: 'W:\\reddit\\scraped\\submissions_scraped>\\RS_2024-06.csv'
2025-06-04 14:28:52,419 - WARNING: Traceback (most recent call last):
  File "C:\Users\stijn\Desktop\epss_fresh\data\reddit\scripts\submissions_scrapper.py", line 169, in <module>
    process_file(file_in, file_out, output_format, field, from_date, to_date, single_field)
  File "C:\Users\stijn\Desktop\epss_fresh\data\reddit\scripts\submissions_scrapper.py", line 108, in process_file
    handle = open(output_path, 'w', encoding='UTF-8', newline='')
             ^^^^^^^^^^^^^^^^^^^^^^^^^^^^^^^^^^^^^^^^^^^^^^^^^^^^
OSError: [Errno 22] Invalid argument: 'W:\\reddit\\scraped\\submissions_scraped>\\RS_2024-06.csv'

2025-06-04 14:28:52,419 - INFO: Processing: W:\reddit\submissions\RS_2024-07.zst -> W:\reddit\scraped\submissions_scraped>\RS_2024-07.csv, Is submission: True
2025-06-04 14:28:52,420 - WARNING: Error processing W:\reddit\submissions\RS_2024-07.zst: [Errno 22] Invalid argument: 'W:\\reddit\\scraped\\submissions_scraped>\\RS_2024-07.csv'
2025-06-04 14:28:52,420 - WARNING: Traceback (most recent call last):
  File "C:\Users\stijn\Desktop\epss_fresh\data\reddit\scripts\submissions_scrapper.py", line 169, in <module>
    process_file(file_in, file_out, output_format, field, from_date, to_date, single_field)
  File "C:\Users\stijn\Desktop\epss_fresh\data\reddit\scripts\submissions_scrapper.py", line 108, in process_file
    handle = open(output_path, 'w', encoding='UTF-8', newline='')
             ^^^^^^^^^^^^^^^^^^^^^^^^^^^^^^^^^^^^^^^^^^^^^^^^^^^^
OSError: [Errno 22] Invalid argument: 'W:\\reddit\\scraped\\submissions_scraped>\\RS_2024-07.csv'

2025-06-04 14:28:52,420 - INFO: Processing: W:\reddit\submissions\RS_2024-08.zst -> W:\reddit\scraped\submissions_scraped>\RS_2024-08.csv, Is submission: True
2025-06-04 14:28:52,421 - WARNING: Error processing W:\reddit\submissions\RS_2024-08.zst: [Errno 22] Invalid argument: 'W:\\reddit\\scraped\\submissions_scraped>\\RS_2024-08.csv'
2025-06-04 14:28:52,421 - WARNING: Traceback (most recent call last):
  File "C:\Users\stijn\Desktop\epss_fresh\data\reddit\scripts\submissions_scrapper.py", line 169, in <module>
    process_file(file_in, file_out, output_format, field, from_date, to_date, single_field)
  File "C:\Users\stijn\Desktop\epss_fresh\data\reddit\scripts\submissions_scrapper.py", line 108, in process_file
    handle = open(output_path, 'w', encoding='UTF-8', newline='')
             ^^^^^^^^^^^^^^^^^^^^^^^^^^^^^^^^^^^^^^^^^^^^^^^^^^^^
OSError: [Errno 22] Invalid argument: 'W:\\reddit\\scraped\\submissions_scraped>\\RS_2024-08.csv'

2025-06-04 14:28:52,421 - INFO: Processing: W:\reddit\submissions\RS_2024-09.zst -> W:\reddit\scraped\submissions_scraped>\RS_2024-09.csv, Is submission: True
2025-06-04 14:28:52,421 - WARNING: Error processing W:\reddit\submissions\RS_2024-09.zst: [Errno 22] Invalid argument: 'W:\\reddit\\scraped\\submissions_scraped>\\RS_2024-09.csv'
2025-06-04 14:28:52,423 - WARNING: Traceback (most recent call last):
  File "C:\Users\stijn\Desktop\epss_fresh\data\reddit\scripts\submissions_scrapper.py", line 169, in <module>
    process_file(file_in, file_out, output_format, field, from_date, to_date, single_field)
  File "C:\Users\stijn\Desktop\epss_fresh\data\reddit\scripts\submissions_scrapper.py", line 108, in process_file
    handle = open(output_path, 'w', encoding='UTF-8', newline='')
             ^^^^^^^^^^^^^^^^^^^^^^^^^^^^^^^^^^^^^^^^^^^^^^^^^^^^
OSError: [Errno 22] Invalid argument: 'W:\\reddit\\scraped\\submissions_scraped>\\RS_2024-09.csv'

2025-06-04 14:28:52,423 - INFO: Processing: W:\reddit\submissions\RS_2024-10.zst -> W:\reddit\scraped\submissions_scraped>\RS_2024-10.csv, Is submission: True
2025-06-04 14:28:52,423 - WARNING: Error processing W:\reddit\submissions\RS_2024-10.zst: [Errno 22] Invalid argument: 'W:\\reddit\\scraped\\submissions_scraped>\\RS_2024-10.csv'
2025-06-04 14:28:52,423 - WARNING: Traceback (most recent call last):
  File "C:\Users\stijn\Desktop\epss_fresh\data\reddit\scripts\submissions_scrapper.py", line 169, in <module>
    process_file(file_in, file_out, output_format, field, from_date, to_date, single_field)
  File "C:\Users\stijn\Desktop\epss_fresh\data\reddit\scripts\submissions_scrapper.py", line 108, in process_file
    handle = open(output_path, 'w', encoding='UTF-8', newline='')
             ^^^^^^^^^^^^^^^^^^^^^^^^^^^^^^^^^^^^^^^^^^^^^^^^^^^^
OSError: [Errno 22] Invalid argument: 'W:\\reddit\\scraped\\submissions_scraped>\\RS_2024-10.csv'

2025-06-04 14:28:52,423 - INFO: Processing: W:\reddit\submissions\RS_2024-11.zst -> W:\reddit\scraped\submissions_scraped>\RS_2024-11.csv, Is submission: True
2025-06-04 14:28:52,424 - WARNING: Error processing W:\reddit\submissions\RS_2024-11.zst: [Errno 22] Invalid argument: 'W:\\reddit\\scraped\\submissions_scraped>\\RS_2024-11.csv'
2025-06-04 14:28:52,424 - WARNING: Traceback (most recent call last):
  File "C:\Users\stijn\Desktop\epss_fresh\data\reddit\scripts\submissions_scrapper.py", line 169, in <module>
    process_file(file_in, file_out, output_format, field, from_date, to_date, single_field)
  File "C:\Users\stijn\Desktop\epss_fresh\data\reddit\scripts\submissions_scrapper.py", line 108, in process_file
    handle = open(output_path, 'w', encoding='UTF-8', newline='')
             ^^^^^^^^^^^^^^^^^^^^^^^^^^^^^^^^^^^^^^^^^^^^^^^^^^^^
OSError: [Errno 22] Invalid argument: 'W:\\reddit\\scraped\\submissions_scraped>\\RS_2024-11.csv'

2025-06-04 14:28:52,424 - INFO: Processing: W:\reddit\submissions\RS_2024-12.zst -> W:\reddit\scraped\submissions_scraped>\RS_2024-12.csv, Is submission: True
2025-06-04 14:28:52,424 - WARNING: Error processing W:\reddit\submissions\RS_2024-12.zst: [Errno 22] Invalid argument: 'W:\\reddit\\scraped\\submissions_scraped>\\RS_2024-12.csv'
2025-06-04 14:28:52,425 - WARNING: Traceback (most recent call last):
  File "C:\Users\stijn\Desktop\epss_fresh\data\reddit\scripts\submissions_scrapper.py", line 169, in <module>
    process_file(file_in, file_out, output_format, field, from_date, to_date, single_field)
  File "C:\Users\stijn\Desktop\epss_fresh\data\reddit\scripts\submissions_scrapper.py", line 108, in process_file
    handle = open(output_path, 'w', encoding='UTF-8', newline='')
             ^^^^^^^^^^^^^^^^^^^^^^^^^^^^^^^^^^^^^^^^^^^^^^^^^^^^
OSError: [Errno 22] Invalid argument: 'W:\\reddit\\scraped\\submissions_scraped>\\RS_2024-12.csv'

2025-06-04 14:31:29,077 - INFO: Searching for CVE IDs in field: selftext
2025-06-04 14:31:29,078 - INFO: Date range: 2005-01-01 to 2030-12-31
2025-06-04 14:31:29,078 - INFO: Output format: csv
2025-06-04 14:31:29,079 - INFO: Processing 36 files.
2025-06-04 14:31:29,080 - INFO: Processing: W:\reddit\submissions\RS_2021-12.zst -> W:\reddit\scraped\submissions_scraped>\RS_2021-12.csv, Is submission: True
2025-06-04 14:31:29,080 - WARNING: Error processing W:\reddit\submissions\RS_2021-12.zst: [Errno 22] Invalid argument: 'W:\\reddit\\scraped\\submissions_scraped>\\RS_2021-12.csv'
2025-06-04 14:31:29,087 - WARNING: Traceback (most recent call last):
  File "C:\Users\stijn\Desktop\epss_fresh\data\reddit\scripts\submissions_scrapper.py", line 169, in <module>
    process_file(file_in, file_out, output_format, field, from_date, to_date, single_field)
  File "C:\Users\stijn\Desktop\epss_fresh\data\reddit\scripts\submissions_scrapper.py", line 108, in process_file
    handle = open(output_path, 'w', encoding='UTF-8', newline='')
             ^^^^^^^^^^^^^^^^^^^^^^^^^^^^^^^^^^^^^^^^^^^^^^^^^^^^
OSError: [Errno 22] Invalid argument: 'W:\\reddit\\scraped\\submissions_scraped>\\RS_2021-12.csv'

2025-06-04 14:31:29,088 - INFO: Processing: W:\reddit\submissions\RS_2022-01.zst -> W:\reddit\scraped\submissions_scraped>\RS_2022-01.csv, Is submission: True
2025-06-04 14:31:29,089 - WARNING: Error processing W:\reddit\submissions\RS_2022-01.zst: [Errno 22] Invalid argument: 'W:\\reddit\\scraped\\submissions_scraped>\\RS_2022-01.csv'
2025-06-04 14:31:29,090 - WARNING: Traceback (most recent call last):
  File "C:\Users\stijn\Desktop\epss_fresh\data\reddit\scripts\submissions_scrapper.py", line 169, in <module>
    process_file(file_in, file_out, output_format, field, from_date, to_date, single_field)
  File "C:\Users\stijn\Desktop\epss_fresh\data\reddit\scripts\submissions_scrapper.py", line 108, in process_file
    handle = open(output_path, 'w', encoding='UTF-8', newline='')
             ^^^^^^^^^^^^^^^^^^^^^^^^^^^^^^^^^^^^^^^^^^^^^^^^^^^^
OSError: [Errno 22] Invalid argument: 'W:\\reddit\\scraped\\submissions_scraped>\\RS_2022-01.csv'

2025-06-04 14:31:29,090 - INFO: Processing: W:\reddit\submissions\RS_2022-02.zst -> W:\reddit\scraped\submissions_scraped>\RS_2022-02.csv, Is submission: True
2025-06-04 14:31:29,091 - WARNING: Error processing W:\reddit\submissions\RS_2022-02.zst: [Errno 22] Invalid argument: 'W:\\reddit\\scraped\\submissions_scraped>\\RS_2022-02.csv'
2025-06-04 14:31:29,092 - WARNING: Traceback (most recent call last):
  File "C:\Users\stijn\Desktop\epss_fresh\data\reddit\scripts\submissions_scrapper.py", line 169, in <module>
    process_file(file_in, file_out, output_format, field, from_date, to_date, single_field)
  File "C:\Users\stijn\Desktop\epss_fresh\data\reddit\scripts\submissions_scrapper.py", line 108, in process_file
    handle = open(output_path, 'w', encoding='UTF-8', newline='')
             ^^^^^^^^^^^^^^^^^^^^^^^^^^^^^^^^^^^^^^^^^^^^^^^^^^^^
OSError: [Errno 22] Invalid argument: 'W:\\reddit\\scraped\\submissions_scraped>\\RS_2022-02.csv'

2025-06-04 14:31:29,092 - INFO: Processing: W:\reddit\submissions\RS_2022-03.zst -> W:\reddit\scraped\submissions_scraped>\RS_2022-03.csv, Is submission: True
2025-06-04 14:31:29,093 - WARNING: Error processing W:\reddit\submissions\RS_2022-03.zst: [Errno 22] Invalid argument: 'W:\\reddit\\scraped\\submissions_scraped>\\RS_2022-03.csv'
2025-06-04 14:31:29,094 - WARNING: Traceback (most recent call last):
  File "C:\Users\stijn\Desktop\epss_fresh\data\reddit\scripts\submissions_scrapper.py", line 169, in <module>
    process_file(file_in, file_out, output_format, field, from_date, to_date, single_field)
  File "C:\Users\stijn\Desktop\epss_fresh\data\reddit\scripts\submissions_scrapper.py", line 108, in process_file
    handle = open(output_path, 'w', encoding='UTF-8', newline='')
             ^^^^^^^^^^^^^^^^^^^^^^^^^^^^^^^^^^^^^^^^^^^^^^^^^^^^
OSError: [Errno 22] Invalid argument: 'W:\\reddit\\scraped\\submissions_scraped>\\RS_2022-03.csv'

2025-06-04 14:31:29,095 - INFO: Processing: W:\reddit\submissions\RS_2022-04.zst -> W:\reddit\scraped\submissions_scraped>\RS_2022-04.csv, Is submission: True
2025-06-04 14:31:29,096 - WARNING: Error processing W:\reddit\submissions\RS_2022-04.zst: [Errno 22] Invalid argument: 'W:\\reddit\\scraped\\submissions_scraped>\\RS_2022-04.csv'
2025-06-04 14:31:29,097 - WARNING: Traceback (most recent call last):
  File "C:\Users\stijn\Desktop\epss_fresh\data\reddit\scripts\submissions_scrapper.py", line 169, in <module>
    process_file(file_in, file_out, output_format, field, from_date, to_date, single_field)
  File "C:\Users\stijn\Desktop\epss_fresh\data\reddit\scripts\submissions_scrapper.py", line 108, in process_file
    handle = open(output_path, 'w', encoding='UTF-8', newline='')
             ^^^^^^^^^^^^^^^^^^^^^^^^^^^^^^^^^^^^^^^^^^^^^^^^^^^^
OSError: [Errno 22] Invalid argument: 'W:\\reddit\\scraped\\submissions_scraped>\\RS_2022-04.csv'

2025-06-04 14:31:29,097 - INFO: Processing: W:\reddit\submissions\RS_2022-05.zst -> W:\reddit\scraped\submissions_scraped>\RS_2022-05.csv, Is submission: True
2025-06-04 14:31:29,099 - WARNING: Error processing W:\reddit\submissions\RS_2022-05.zst: [Errno 22] Invalid argument: 'W:\\reddit\\scraped\\submissions_scraped>\\RS_2022-05.csv'
2025-06-04 14:31:29,099 - WARNING: Traceback (most recent call last):
  File "C:\Users\stijn\Desktop\epss_fresh\data\reddit\scripts\submissions_scrapper.py", line 169, in <module>
    process_file(file_in, file_out, output_format, field, from_date, to_date, single_field)
  File "C:\Users\stijn\Desktop\epss_fresh\data\reddit\scripts\submissions_scrapper.py", line 108, in process_file
    handle = open(output_path, 'w', encoding='UTF-8', newline='')
             ^^^^^^^^^^^^^^^^^^^^^^^^^^^^^^^^^^^^^^^^^^^^^^^^^^^^
OSError: [Errno 22] Invalid argument: 'W:\\reddit\\scraped\\submissions_scraped>\\RS_2022-05.csv'

2025-06-04 14:31:29,100 - INFO: Processing: W:\reddit\submissions\RS_2022-06.zst -> W:\reddit\scraped\submissions_scraped>\RS_2022-06.csv, Is submission: True
2025-06-04 14:31:29,100 - WARNING: Error processing W:\reddit\submissions\RS_2022-06.zst: [Errno 22] Invalid argument: 'W:\\reddit\\scraped\\submissions_scraped>\\RS_2022-06.csv'
2025-06-04 14:31:29,101 - WARNING: Traceback (most recent call last):
  File "C:\Users\stijn\Desktop\epss_fresh\data\reddit\scripts\submissions_scrapper.py", line 169, in <module>
    process_file(file_in, file_out, output_format, field, from_date, to_date, single_field)
  File "C:\Users\stijn\Desktop\epss_fresh\data\reddit\scripts\submissions_scrapper.py", line 108, in process_file
    handle = open(output_path, 'w', encoding='UTF-8', newline='')
             ^^^^^^^^^^^^^^^^^^^^^^^^^^^^^^^^^^^^^^^^^^^^^^^^^^^^
OSError: [Errno 22] Invalid argument: 'W:\\reddit\\scraped\\submissions_scraped>\\RS_2022-06.csv'

2025-06-04 14:31:29,101 - INFO: Processing: W:\reddit\submissions\RS_2022-07.zst -> W:\reddit\scraped\submissions_scraped>\RS_2022-07.csv, Is submission: True
2025-06-04 14:31:29,103 - WARNING: Error processing W:\reddit\submissions\RS_2022-07.zst: [Errno 22] Invalid argument: 'W:\\reddit\\scraped\\submissions_scraped>\\RS_2022-07.csv'
2025-06-04 14:31:29,103 - WARNING: Traceback (most recent call last):
  File "C:\Users\stijn\Desktop\epss_fresh\data\reddit\scripts\submissions_scrapper.py", line 169, in <module>
    process_file(file_in, file_out, output_format, field, from_date, to_date, single_field)
  File "C:\Users\stijn\Desktop\epss_fresh\data\reddit\scripts\submissions_scrapper.py", line 108, in process_file
    handle = open(output_path, 'w', encoding='UTF-8', newline='')
             ^^^^^^^^^^^^^^^^^^^^^^^^^^^^^^^^^^^^^^^^^^^^^^^^^^^^
OSError: [Errno 22] Invalid argument: 'W:\\reddit\\scraped\\submissions_scraped>\\RS_2022-07.csv'

2025-06-04 14:31:29,103 - INFO: Processing: W:\reddit\submissions\RS_2022-08.zst -> W:\reddit\scraped\submissions_scraped>\RS_2022-08.csv, Is submission: True
2025-06-04 14:31:29,104 - WARNING: Error processing W:\reddit\submissions\RS_2022-08.zst: [Errno 22] Invalid argument: 'W:\\reddit\\scraped\\submissions_scraped>\\RS_2022-08.csv'
2025-06-04 14:31:29,105 - WARNING: Traceback (most recent call last):
  File "C:\Users\stijn\Desktop\epss_fresh\data\reddit\scripts\submissions_scrapper.py", line 169, in <module>
    process_file(file_in, file_out, output_format, field, from_date, to_date, single_field)
  File "C:\Users\stijn\Desktop\epss_fresh\data\reddit\scripts\submissions_scrapper.py", line 108, in process_file
    handle = open(output_path, 'w', encoding='UTF-8', newline='')
             ^^^^^^^^^^^^^^^^^^^^^^^^^^^^^^^^^^^^^^^^^^^^^^^^^^^^
OSError: [Errno 22] Invalid argument: 'W:\\reddit\\scraped\\submissions_scraped>\\RS_2022-08.csv'

2025-06-04 14:31:29,105 - INFO: Processing: W:\reddit\submissions\RS_2022-09.zst -> W:\reddit\scraped\submissions_scraped>\RS_2022-09.csv, Is submission: True
2025-06-04 14:31:29,106 - WARNING: Error processing W:\reddit\submissions\RS_2022-09.zst: [Errno 22] Invalid argument: 'W:\\reddit\\scraped\\submissions_scraped>\\RS_2022-09.csv'
2025-06-04 14:31:29,107 - WARNING: Traceback (most recent call last):
  File "C:\Users\stijn\Desktop\epss_fresh\data\reddit\scripts\submissions_scrapper.py", line 169, in <module>
    process_file(file_in, file_out, output_format, field, from_date, to_date, single_field)
  File "C:\Users\stijn\Desktop\epss_fresh\data\reddit\scripts\submissions_scrapper.py", line 108, in process_file
    handle = open(output_path, 'w', encoding='UTF-8', newline='')
             ^^^^^^^^^^^^^^^^^^^^^^^^^^^^^^^^^^^^^^^^^^^^^^^^^^^^
OSError: [Errno 22] Invalid argument: 'W:\\reddit\\scraped\\submissions_scraped>\\RS_2022-09.csv'

2025-06-04 14:31:29,107 - INFO: Processing: W:\reddit\submissions\RS_2022-10.zst -> W:\reddit\scraped\submissions_scraped>\RS_2022-10.csv, Is submission: True
2025-06-04 14:31:29,108 - WARNING: Error processing W:\reddit\submissions\RS_2022-10.zst: [Errno 22] Invalid argument: 'W:\\reddit\\scraped\\submissions_scraped>\\RS_2022-10.csv'
2025-06-04 14:31:29,109 - WARNING: Traceback (most recent call last):
  File "C:\Users\stijn\Desktop\epss_fresh\data\reddit\scripts\submissions_scrapper.py", line 169, in <module>
    process_file(file_in, file_out, output_format, field, from_date, to_date, single_field)
  File "C:\Users\stijn\Desktop\epss_fresh\data\reddit\scripts\submissions_scrapper.py", line 108, in process_file
    handle = open(output_path, 'w', encoding='UTF-8', newline='')
             ^^^^^^^^^^^^^^^^^^^^^^^^^^^^^^^^^^^^^^^^^^^^^^^^^^^^
OSError: [Errno 22] Invalid argument: 'W:\\reddit\\scraped\\submissions_scraped>\\RS_2022-10.csv'

2025-06-04 14:31:29,109 - INFO: Processing: W:\reddit\submissions\RS_2022-11.zst -> W:\reddit\scraped\submissions_scraped>\RS_2022-11.csv, Is submission: True
2025-06-04 14:31:29,111 - WARNING: Error processing W:\reddit\submissions\RS_2022-11.zst: [Errno 22] Invalid argument: 'W:\\reddit\\scraped\\submissions_scraped>\\RS_2022-11.csv'
2025-06-04 14:31:29,111 - WARNING: Traceback (most recent call last):
  File "C:\Users\stijn\Desktop\epss_fresh\data\reddit\scripts\submissions_scrapper.py", line 169, in <module>
    process_file(file_in, file_out, output_format, field, from_date, to_date, single_field)
  File "C:\Users\stijn\Desktop\epss_fresh\data\reddit\scripts\submissions_scrapper.py", line 108, in process_file
    handle = open(output_path, 'w', encoding='UTF-8', newline='')
             ^^^^^^^^^^^^^^^^^^^^^^^^^^^^^^^^^^^^^^^^^^^^^^^^^^^^
OSError: [Errno 22] Invalid argument: 'W:\\reddit\\scraped\\submissions_scraped>\\RS_2022-11.csv'

2025-06-04 14:31:29,112 - INFO: Processing: W:\reddit\submissions\RS_2022-12.zst -> W:\reddit\scraped\submissions_scraped>\RS_2022-12.csv, Is submission: True
2025-06-04 14:31:29,112 - WARNING: Error processing W:\reddit\submissions\RS_2022-12.zst: [Errno 22] Invalid argument: 'W:\\reddit\\scraped\\submissions_scraped>\\RS_2022-12.csv'
2025-06-04 14:31:29,113 - WARNING: Traceback (most recent call last):
  File "C:\Users\stijn\Desktop\epss_fresh\data\reddit\scripts\submissions_scrapper.py", line 169, in <module>
    process_file(file_in, file_out, output_format, field, from_date, to_date, single_field)
  File "C:\Users\stijn\Desktop\epss_fresh\data\reddit\scripts\submissions_scrapper.py", line 108, in process_file
    handle = open(output_path, 'w', encoding='UTF-8', newline='')
             ^^^^^^^^^^^^^^^^^^^^^^^^^^^^^^^^^^^^^^^^^^^^^^^^^^^^
OSError: [Errno 22] Invalid argument: 'W:\\reddit\\scraped\\submissions_scraped>\\RS_2022-12.csv'

2025-06-04 14:31:29,114 - INFO: Processing: W:\reddit\submissions\RS_2023-01.zst -> W:\reddit\scraped\submissions_scraped>\RS_2023-01.csv, Is submission: True
2025-06-04 14:31:29,114 - WARNING: Error processing W:\reddit\submissions\RS_2023-01.zst: [Errno 22] Invalid argument: 'W:\\reddit\\scraped\\submissions_scraped>\\RS_2023-01.csv'
2025-06-04 14:31:29,115 - WARNING: Traceback (most recent call last):
  File "C:\Users\stijn\Desktop\epss_fresh\data\reddit\scripts\submissions_scrapper.py", line 169, in <module>
    process_file(file_in, file_out, output_format, field, from_date, to_date, single_field)
  File "C:\Users\stijn\Desktop\epss_fresh\data\reddit\scripts\submissions_scrapper.py", line 108, in process_file
    handle = open(output_path, 'w', encoding='UTF-8', newline='')
             ^^^^^^^^^^^^^^^^^^^^^^^^^^^^^^^^^^^^^^^^^^^^^^^^^^^^
OSError: [Errno 22] Invalid argument: 'W:\\reddit\\scraped\\submissions_scraped>\\RS_2023-01.csv'

2025-06-04 14:31:29,116 - INFO: Processing: W:\reddit\submissions\RS_2023-02.zst -> W:\reddit\scraped\submissions_scraped>\RS_2023-02.csv, Is submission: True
2025-06-04 14:31:29,116 - WARNING: Error processing W:\reddit\submissions\RS_2023-02.zst: [Errno 22] Invalid argument: 'W:\\reddit\\scraped\\submissions_scraped>\\RS_2023-02.csv'
2025-06-04 14:31:29,117 - WARNING: Traceback (most recent call last):
  File "C:\Users\stijn\Desktop\epss_fresh\data\reddit\scripts\submissions_scrapper.py", line 169, in <module>
    process_file(file_in, file_out, output_format, field, from_date, to_date, single_field)
  File "C:\Users\stijn\Desktop\epss_fresh\data\reddit\scripts\submissions_scrapper.py", line 108, in process_file
    handle = open(output_path, 'w', encoding='UTF-8', newline='')
             ^^^^^^^^^^^^^^^^^^^^^^^^^^^^^^^^^^^^^^^^^^^^^^^^^^^^
OSError: [Errno 22] Invalid argument: 'W:\\reddit\\scraped\\submissions_scraped>\\RS_2023-02.csv'

2025-06-04 14:31:29,118 - INFO: Processing: W:\reddit\submissions\RS_2023-03.zst -> W:\reddit\scraped\submissions_scraped>\RS_2023-03.csv, Is submission: True
2025-06-04 14:31:29,118 - WARNING: Error processing W:\reddit\submissions\RS_2023-03.zst: [Errno 22] Invalid argument: 'W:\\reddit\\scraped\\submissions_scraped>\\RS_2023-03.csv'
2025-06-04 14:31:29,119 - WARNING: Traceback (most recent call last):
  File "C:\Users\stijn\Desktop\epss_fresh\data\reddit\scripts\submissions_scrapper.py", line 169, in <module>
    process_file(file_in, file_out, output_format, field, from_date, to_date, single_field)
  File "C:\Users\stijn\Desktop\epss_fresh\data\reddit\scripts\submissions_scrapper.py", line 108, in process_file
    handle = open(output_path, 'w', encoding='UTF-8', newline='')
             ^^^^^^^^^^^^^^^^^^^^^^^^^^^^^^^^^^^^^^^^^^^^^^^^^^^^
OSError: [Errno 22] Invalid argument: 'W:\\reddit\\scraped\\submissions_scraped>\\RS_2023-03.csv'

2025-06-04 14:31:29,121 - INFO: Processing: W:\reddit\submissions\RS_2023-04.zst -> W:\reddit\scraped\submissions_scraped>\RS_2023-04.csv, Is submission: True
2025-06-04 14:31:29,121 - WARNING: Error processing W:\reddit\submissions\RS_2023-04.zst: [Errno 22] Invalid argument: 'W:\\reddit\\scraped\\submissions_scraped>\\RS_2023-04.csv'
2025-06-04 14:31:29,122 - WARNING: Traceback (most recent call last):
  File "C:\Users\stijn\Desktop\epss_fresh\data\reddit\scripts\submissions_scrapper.py", line 169, in <module>
    process_file(file_in, file_out, output_format, field, from_date, to_date, single_field)
  File "C:\Users\stijn\Desktop\epss_fresh\data\reddit\scripts\submissions_scrapper.py", line 108, in process_file
    handle = open(output_path, 'w', encoding='UTF-8', newline='')
             ^^^^^^^^^^^^^^^^^^^^^^^^^^^^^^^^^^^^^^^^^^^^^^^^^^^^
OSError: [Errno 22] Invalid argument: 'W:\\reddit\\scraped\\submissions_scraped>\\RS_2023-04.csv'

2025-06-04 14:31:29,122 - INFO: Processing: W:\reddit\submissions\RS_2023-05.zst -> W:\reddit\scraped\submissions_scraped>\RS_2023-05.csv, Is submission: True
2025-06-04 14:31:29,123 - WARNING: Error processing W:\reddit\submissions\RS_2023-05.zst: [Errno 22] Invalid argument: 'W:\\reddit\\scraped\\submissions_scraped>\\RS_2023-05.csv'
2025-06-04 14:31:29,124 - WARNING: Traceback (most recent call last):
  File "C:\Users\stijn\Desktop\epss_fresh\data\reddit\scripts\submissions_scrapper.py", line 169, in <module>
    process_file(file_in, file_out, output_format, field, from_date, to_date, single_field)
  File "C:\Users\stijn\Desktop\epss_fresh\data\reddit\scripts\submissions_scrapper.py", line 108, in process_file
    handle = open(output_path, 'w', encoding='UTF-8', newline='')
             ^^^^^^^^^^^^^^^^^^^^^^^^^^^^^^^^^^^^^^^^^^^^^^^^^^^^
OSError: [Errno 22] Invalid argument: 'W:\\reddit\\scraped\\submissions_scraped>\\RS_2023-05.csv'

2025-06-04 14:31:29,124 - INFO: Processing: W:\reddit\submissions\RS_2023-06.zst -> W:\reddit\scraped\submissions_scraped>\RS_2023-06.csv, Is submission: True
2025-06-04 14:31:29,125 - WARNING: Error processing W:\reddit\submissions\RS_2023-06.zst: [Errno 22] Invalid argument: 'W:\\reddit\\scraped\\submissions_scraped>\\RS_2023-06.csv'
2025-06-04 14:31:29,126 - WARNING: Traceback (most recent call last):
  File "C:\Users\stijn\Desktop\epss_fresh\data\reddit\scripts\submissions_scrapper.py", line 169, in <module>
    process_file(file_in, file_out, output_format, field, from_date, to_date, single_field)
  File "C:\Users\stijn\Desktop\epss_fresh\data\reddit\scripts\submissions_scrapper.py", line 108, in process_file
    handle = open(output_path, 'w', encoding='UTF-8', newline='')
             ^^^^^^^^^^^^^^^^^^^^^^^^^^^^^^^^^^^^^^^^^^^^^^^^^^^^
OSError: [Errno 22] Invalid argument: 'W:\\reddit\\scraped\\submissions_scraped>\\RS_2023-06.csv'

2025-06-04 14:31:29,126 - INFO: Processing: W:\reddit\submissions\RS_2023-07.zst -> W:\reddit\scraped\submissions_scraped>\RS_2023-07.csv, Is submission: True
2025-06-04 14:31:29,127 - WARNING: Error processing W:\reddit\submissions\RS_2023-07.zst: [Errno 22] Invalid argument: 'W:\\reddit\\scraped\\submissions_scraped>\\RS_2023-07.csv'
2025-06-04 14:31:29,128 - WARNING: Traceback (most recent call last):
  File "C:\Users\stijn\Desktop\epss_fresh\data\reddit\scripts\submissions_scrapper.py", line 169, in <module>
    process_file(file_in, file_out, output_format, field, from_date, to_date, single_field)
  File "C:\Users\stijn\Desktop\epss_fresh\data\reddit\scripts\submissions_scrapper.py", line 108, in process_file
    handle = open(output_path, 'w', encoding='UTF-8', newline='')
             ^^^^^^^^^^^^^^^^^^^^^^^^^^^^^^^^^^^^^^^^^^^^^^^^^^^^
OSError: [Errno 22] Invalid argument: 'W:\\reddit\\scraped\\submissions_scraped>\\RS_2023-07.csv'

2025-06-04 14:31:29,128 - INFO: Processing: W:\reddit\submissions\RS_2023-09.zst -> W:\reddit\scraped\submissions_scraped>\RS_2023-09.csv, Is submission: True
2025-06-04 14:31:29,129 - WARNING: Error processing W:\reddit\submissions\RS_2023-09.zst: [Errno 22] Invalid argument: 'W:\\reddit\\scraped\\submissions_scraped>\\RS_2023-09.csv'
2025-06-04 14:31:29,129 - WARNING: Traceback (most recent call last):
  File "C:\Users\stijn\Desktop\epss_fresh\data\reddit\scripts\submissions_scrapper.py", line 169, in <module>
    process_file(file_in, file_out, output_format, field, from_date, to_date, single_field)
  File "C:\Users\stijn\Desktop\epss_fresh\data\reddit\scripts\submissions_scrapper.py", line 108, in process_file
    handle = open(output_path, 'w', encoding='UTF-8', newline='')
             ^^^^^^^^^^^^^^^^^^^^^^^^^^^^^^^^^^^^^^^^^^^^^^^^^^^^
OSError: [Errno 22] Invalid argument: 'W:\\reddit\\scraped\\submissions_scraped>\\RS_2023-09.csv'

2025-06-04 14:31:29,130 - INFO: Processing: W:\reddit\submissions\RS_2023-10.zst -> W:\reddit\scraped\submissions_scraped>\RS_2023-10.csv, Is submission: True
2025-06-04 14:31:29,131 - WARNING: Error processing W:\reddit\submissions\RS_2023-10.zst: [Errno 22] Invalid argument: 'W:\\reddit\\scraped\\submissions_scraped>\\RS_2023-10.csv'
2025-06-04 14:31:29,132 - WARNING: Traceback (most recent call last):
  File "C:\Users\stijn\Desktop\epss_fresh\data\reddit\scripts\submissions_scrapper.py", line 169, in <module>
    process_file(file_in, file_out, output_format, field, from_date, to_date, single_field)
  File "C:\Users\stijn\Desktop\epss_fresh\data\reddit\scripts\submissions_scrapper.py", line 108, in process_file
    handle = open(output_path, 'w', encoding='UTF-8', newline='')
             ^^^^^^^^^^^^^^^^^^^^^^^^^^^^^^^^^^^^^^^^^^^^^^^^^^^^
OSError: [Errno 22] Invalid argument: 'W:\\reddit\\scraped\\submissions_scraped>\\RS_2023-10.csv'

2025-06-04 14:31:29,133 - INFO: Processing: W:\reddit\submissions\RS_2023-11.zst -> W:\reddit\scraped\submissions_scraped>\RS_2023-11.csv, Is submission: True
2025-06-04 14:31:29,133 - WARNING: Error processing W:\reddit\submissions\RS_2023-11.zst: [Errno 22] Invalid argument: 'W:\\reddit\\scraped\\submissions_scraped>\\RS_2023-11.csv'
2025-06-04 14:31:29,134 - WARNING: Traceback (most recent call last):
  File "C:\Users\stijn\Desktop\epss_fresh\data\reddit\scripts\submissions_scrapper.py", line 169, in <module>
    process_file(file_in, file_out, output_format, field, from_date, to_date, single_field)
  File "C:\Users\stijn\Desktop\epss_fresh\data\reddit\scripts\submissions_scrapper.py", line 108, in process_file
    handle = open(output_path, 'w', encoding='UTF-8', newline='')
             ^^^^^^^^^^^^^^^^^^^^^^^^^^^^^^^^^^^^^^^^^^^^^^^^^^^^
OSError: [Errno 22] Invalid argument: 'W:\\reddit\\scraped\\submissions_scraped>\\RS_2023-11.csv'

2025-06-04 14:31:29,135 - INFO: Processing: W:\reddit\submissions\RS_2023-12.zst -> W:\reddit\scraped\submissions_scraped>\RS_2023-12.csv, Is submission: True
2025-06-04 14:31:29,135 - WARNING: Error processing W:\reddit\submissions\RS_2023-12.zst: [Errno 22] Invalid argument: 'W:\\reddit\\scraped\\submissions_scraped>\\RS_2023-12.csv'
2025-06-04 14:31:29,136 - WARNING: Traceback (most recent call last):
  File "C:\Users\stijn\Desktop\epss_fresh\data\reddit\scripts\submissions_scrapper.py", line 169, in <module>
    process_file(file_in, file_out, output_format, field, from_date, to_date, single_field)
  File "C:\Users\stijn\Desktop\epss_fresh\data\reddit\scripts\submissions_scrapper.py", line 108, in process_file
    handle = open(output_path, 'w', encoding='UTF-8', newline='')
             ^^^^^^^^^^^^^^^^^^^^^^^^^^^^^^^^^^^^^^^^^^^^^^^^^^^^
OSError: [Errno 22] Invalid argument: 'W:\\reddit\\scraped\\submissions_scraped>\\RS_2023-12.csv'

2025-06-04 14:31:29,137 - INFO: Processing: W:\reddit\submissions\RS_2024-01.zst -> W:\reddit\scraped\submissions_scraped>\RS_2024-01.csv, Is submission: True
2025-06-04 14:31:29,137 - WARNING: Error processing W:\reddit\submissions\RS_2024-01.zst: [Errno 22] Invalid argument: 'W:\\reddit\\scraped\\submissions_scraped>\\RS_2024-01.csv'
2025-06-04 14:31:29,138 - WARNING: Traceback (most recent call last):
  File "C:\Users\stijn\Desktop\epss_fresh\data\reddit\scripts\submissions_scrapper.py", line 169, in <module>
    process_file(file_in, file_out, output_format, field, from_date, to_date, single_field)
  File "C:\Users\stijn\Desktop\epss_fresh\data\reddit\scripts\submissions_scrapper.py", line 108, in process_file
    handle = open(output_path, 'w', encoding='UTF-8', newline='')
             ^^^^^^^^^^^^^^^^^^^^^^^^^^^^^^^^^^^^^^^^^^^^^^^^^^^^
OSError: [Errno 22] Invalid argument: 'W:\\reddit\\scraped\\submissions_scraped>\\RS_2024-01.csv'

2025-06-04 14:31:29,139 - INFO: Processing: W:\reddit\submissions\RS_2024-02.zst -> W:\reddit\scraped\submissions_scraped>\RS_2024-02.csv, Is submission: True
2025-06-04 14:31:29,140 - WARNING: Error processing W:\reddit\submissions\RS_2024-02.zst: [Errno 22] Invalid argument: 'W:\\reddit\\scraped\\submissions_scraped>\\RS_2024-02.csv'
2025-06-04 14:31:29,140 - WARNING: Traceback (most recent call last):
  File "C:\Users\stijn\Desktop\epss_fresh\data\reddit\scripts\submissions_scrapper.py", line 169, in <module>
    process_file(file_in, file_out, output_format, field, from_date, to_date, single_field)
  File "C:\Users\stijn\Desktop\epss_fresh\data\reddit\scripts\submissions_scrapper.py", line 108, in process_file
    handle = open(output_path, 'w', encoding='UTF-8', newline='')
             ^^^^^^^^^^^^^^^^^^^^^^^^^^^^^^^^^^^^^^^^^^^^^^^^^^^^
OSError: [Errno 22] Invalid argument: 'W:\\reddit\\scraped\\submissions_scraped>\\RS_2024-02.csv'

2025-06-04 14:31:29,141 - INFO: Processing: W:\reddit\submissions\RS_2024-03.zst -> W:\reddit\scraped\submissions_scraped>\RS_2024-03.csv, Is submission: True
2025-06-04 14:31:29,141 - WARNING: Error processing W:\reddit\submissions\RS_2024-03.zst: [Errno 22] Invalid argument: 'W:\\reddit\\scraped\\submissions_scraped>\\RS_2024-03.csv'
2025-06-04 14:31:29,142 - WARNING: Traceback (most recent call last):
  File "C:\Users\stijn\Desktop\epss_fresh\data\reddit\scripts\submissions_scrapper.py", line 169, in <module>
    process_file(file_in, file_out, output_format, field, from_date, to_date, single_field)
  File "C:\Users\stijn\Desktop\epss_fresh\data\reddit\scripts\submissions_scrapper.py", line 108, in process_file
    handle = open(output_path, 'w', encoding='UTF-8', newline='')
             ^^^^^^^^^^^^^^^^^^^^^^^^^^^^^^^^^^^^^^^^^^^^^^^^^^^^
OSError: [Errno 22] Invalid argument: 'W:\\reddit\\scraped\\submissions_scraped>\\RS_2024-03.csv'

2025-06-04 14:31:29,142 - INFO: Processing: W:\reddit\submissions\RS_2024-04.zst -> W:\reddit\scraped\submissions_scraped>\RS_2024-04.csv, Is submission: True
2025-06-04 14:31:29,143 - WARNING: Error processing W:\reddit\submissions\RS_2024-04.zst: [Errno 22] Invalid argument: 'W:\\reddit\\scraped\\submissions_scraped>\\RS_2024-04.csv'
2025-06-04 14:31:29,144 - WARNING: Traceback (most recent call last):
  File "C:\Users\stijn\Desktop\epss_fresh\data\reddit\scripts\submissions_scrapper.py", line 169, in <module>
    process_file(file_in, file_out, output_format, field, from_date, to_date, single_field)
  File "C:\Users\stijn\Desktop\epss_fresh\data\reddit\scripts\submissions_scrapper.py", line 108, in process_file
    handle = open(output_path, 'w', encoding='UTF-8', newline='')
             ^^^^^^^^^^^^^^^^^^^^^^^^^^^^^^^^^^^^^^^^^^^^^^^^^^^^
OSError: [Errno 22] Invalid argument: 'W:\\reddit\\scraped\\submissions_scraped>\\RS_2024-04.csv'

2025-06-04 14:31:29,144 - INFO: Processing: W:\reddit\submissions\RS_2024-05.zst -> W:\reddit\scraped\submissions_scraped>\RS_2024-05.csv, Is submission: True
2025-06-04 14:31:29,145 - WARNING: Error processing W:\reddit\submissions\RS_2024-05.zst: [Errno 22] Invalid argument: 'W:\\reddit\\scraped\\submissions_scraped>\\RS_2024-05.csv'
2025-06-04 14:31:29,146 - WARNING: Traceback (most recent call last):
  File "C:\Users\stijn\Desktop\epss_fresh\data\reddit\scripts\submissions_scrapper.py", line 169, in <module>
    process_file(file_in, file_out, output_format, field, from_date, to_date, single_field)
  File "C:\Users\stijn\Desktop\epss_fresh\data\reddit\scripts\submissions_scrapper.py", line 108, in process_file
    handle = open(output_path, 'w', encoding='UTF-8', newline='')
             ^^^^^^^^^^^^^^^^^^^^^^^^^^^^^^^^^^^^^^^^^^^^^^^^^^^^
OSError: [Errno 22] Invalid argument: 'W:\\reddit\\scraped\\submissions_scraped>\\RS_2024-05.csv'

2025-06-04 14:31:29,146 - INFO: Processing: W:\reddit\submissions\RS_2024-06.zst -> W:\reddit\scraped\submissions_scraped>\RS_2024-06.csv, Is submission: True
2025-06-04 14:31:29,147 - WARNING: Error processing W:\reddit\submissions\RS_2024-06.zst: [Errno 22] Invalid argument: 'W:\\reddit\\scraped\\submissions_scraped>\\RS_2024-06.csv'
2025-06-04 14:31:29,148 - WARNING: Traceback (most recent call last):
  File "C:\Users\stijn\Desktop\epss_fresh\data\reddit\scripts\submissions_scrapper.py", line 169, in <module>
    process_file(file_in, file_out, output_format, field, from_date, to_date, single_field)
  File "C:\Users\stijn\Desktop\epss_fresh\data\reddit\scripts\submissions_scrapper.py", line 108, in process_file
    handle = open(output_path, 'w', encoding='UTF-8', newline='')
             ^^^^^^^^^^^^^^^^^^^^^^^^^^^^^^^^^^^^^^^^^^^^^^^^^^^^
OSError: [Errno 22] Invalid argument: 'W:\\reddit\\scraped\\submissions_scraped>\\RS_2024-06.csv'

2025-06-04 14:31:29,148 - INFO: Processing: W:\reddit\submissions\RS_2024-07.zst -> W:\reddit\scraped\submissions_scraped>\RS_2024-07.csv, Is submission: True
2025-06-04 14:31:29,149 - WARNING: Error processing W:\reddit\submissions\RS_2024-07.zst: [Errno 22] Invalid argument: 'W:\\reddit\\scraped\\submissions_scraped>\\RS_2024-07.csv'
2025-06-04 14:31:29,149 - WARNING: Traceback (most recent call last):
  File "C:\Users\stijn\Desktop\epss_fresh\data\reddit\scripts\submissions_scrapper.py", line 169, in <module>
    process_file(file_in, file_out, output_format, field, from_date, to_date, single_field)
  File "C:\Users\stijn\Desktop\epss_fresh\data\reddit\scripts\submissions_scrapper.py", line 108, in process_file
    handle = open(output_path, 'w', encoding='UTF-8', newline='')
             ^^^^^^^^^^^^^^^^^^^^^^^^^^^^^^^^^^^^^^^^^^^^^^^^^^^^
OSError: [Errno 22] Invalid argument: 'W:\\reddit\\scraped\\submissions_scraped>\\RS_2024-07.csv'

2025-06-04 14:31:29,150 - INFO: Processing: W:\reddit\submissions\RS_2024-08.zst -> W:\reddit\scraped\submissions_scraped>\RS_2024-08.csv, Is submission: True
2025-06-04 14:31:29,151 - WARNING: Error processing W:\reddit\submissions\RS_2024-08.zst: [Errno 22] Invalid argument: 'W:\\reddit\\scraped\\submissions_scraped>\\RS_2024-08.csv'
2025-06-04 14:31:29,151 - WARNING: Traceback (most recent call last):
  File "C:\Users\stijn\Desktop\epss_fresh\data\reddit\scripts\submissions_scrapper.py", line 169, in <module>
    process_file(file_in, file_out, output_format, field, from_date, to_date, single_field)
  File "C:\Users\stijn\Desktop\epss_fresh\data\reddit\scripts\submissions_scrapper.py", line 108, in process_file
    handle = open(output_path, 'w', encoding='UTF-8', newline='')
             ^^^^^^^^^^^^^^^^^^^^^^^^^^^^^^^^^^^^^^^^^^^^^^^^^^^^
OSError: [Errno 22] Invalid argument: 'W:\\reddit\\scraped\\submissions_scraped>\\RS_2024-08.csv'

2025-06-04 14:31:29,153 - INFO: Processing: W:\reddit\submissions\RS_2024-09.zst -> W:\reddit\scraped\submissions_scraped>\RS_2024-09.csv, Is submission: True
2025-06-04 14:31:29,154 - WARNING: Error processing W:\reddit\submissions\RS_2024-09.zst: [Errno 22] Invalid argument: 'W:\\reddit\\scraped\\submissions_scraped>\\RS_2024-09.csv'
2025-06-04 14:31:29,154 - WARNING: Traceback (most recent call last):
  File "C:\Users\stijn\Desktop\epss_fresh\data\reddit\scripts\submissions_scrapper.py", line 169, in <module>
    process_file(file_in, file_out, output_format, field, from_date, to_date, single_field)
  File "C:\Users\stijn\Desktop\epss_fresh\data\reddit\scripts\submissions_scrapper.py", line 108, in process_file
    handle = open(output_path, 'w', encoding='UTF-8', newline='')
             ^^^^^^^^^^^^^^^^^^^^^^^^^^^^^^^^^^^^^^^^^^^^^^^^^^^^
OSError: [Errno 22] Invalid argument: 'W:\\reddit\\scraped\\submissions_scraped>\\RS_2024-09.csv'

2025-06-04 14:31:29,155 - INFO: Processing: W:\reddit\submissions\RS_2024-10.zst -> W:\reddit\scraped\submissions_scraped>\RS_2024-10.csv, Is submission: True
2025-06-04 14:31:29,156 - WARNING: Error processing W:\reddit\submissions\RS_2024-10.zst: [Errno 22] Invalid argument: 'W:\\reddit\\scraped\\submissions_scraped>\\RS_2024-10.csv'
2025-06-04 14:31:29,157 - WARNING: Traceback (most recent call last):
  File "C:\Users\stijn\Desktop\epss_fresh\data\reddit\scripts\submissions_scrapper.py", line 169, in <module>
    process_file(file_in, file_out, output_format, field, from_date, to_date, single_field)
  File "C:\Users\stijn\Desktop\epss_fresh\data\reddit\scripts\submissions_scrapper.py", line 108, in process_file
    handle = open(output_path, 'w', encoding='UTF-8', newline='')
             ^^^^^^^^^^^^^^^^^^^^^^^^^^^^^^^^^^^^^^^^^^^^^^^^^^^^
OSError: [Errno 22] Invalid argument: 'W:\\reddit\\scraped\\submissions_scraped>\\RS_2024-10.csv'

2025-06-04 14:31:29,157 - INFO: Processing: W:\reddit\submissions\RS_2024-11.zst -> W:\reddit\scraped\submissions_scraped>\RS_2024-11.csv, Is submission: True
2025-06-04 14:31:29,158 - WARNING: Error processing W:\reddit\submissions\RS_2024-11.zst: [Errno 22] Invalid argument: 'W:\\reddit\\scraped\\submissions_scraped>\\RS_2024-11.csv'
2025-06-04 14:31:29,158 - WARNING: Traceback (most recent call last):
  File "C:\Users\stijn\Desktop\epss_fresh\data\reddit\scripts\submissions_scrapper.py", line 169, in <module>
    process_file(file_in, file_out, output_format, field, from_date, to_date, single_field)
  File "C:\Users\stijn\Desktop\epss_fresh\data\reddit\scripts\submissions_scrapper.py", line 108, in process_file
    handle = open(output_path, 'w', encoding='UTF-8', newline='')
             ^^^^^^^^^^^^^^^^^^^^^^^^^^^^^^^^^^^^^^^^^^^^^^^^^^^^
OSError: [Errno 22] Invalid argument: 'W:\\reddit\\scraped\\submissions_scraped>\\RS_2024-11.csv'

2025-06-04 14:31:29,159 - INFO: Processing: W:\reddit\submissions\RS_2024-12.zst -> W:\reddit\scraped\submissions_scraped>\RS_2024-12.csv, Is submission: True
2025-06-04 14:31:29,159 - WARNING: Error processing W:\reddit\submissions\RS_2024-12.zst: [Errno 22] Invalid argument: 'W:\\reddit\\scraped\\submissions_scraped>\\RS_2024-12.csv'
2025-06-04 14:31:29,160 - WARNING: Traceback (most recent call last):
  File "C:\Users\stijn\Desktop\epss_fresh\data\reddit\scripts\submissions_scrapper.py", line 169, in <module>
    process_file(file_in, file_out, output_format, field, from_date, to_date, single_field)
  File "C:\Users\stijn\Desktop\epss_fresh\data\reddit\scripts\submissions_scrapper.py", line 108, in process_file
    handle = open(output_path, 'w', encoding='UTF-8', newline='')
             ^^^^^^^^^^^^^^^^^^^^^^^^^^^^^^^^^^^^^^^^^^^^^^^^^^^^
OSError: [Errno 22] Invalid argument: 'W:\\reddit\\scraped\\submissions_scraped>\\RS_2024-12.csv'

2025-06-04 14:34:11,414 - INFO: Searching for CVE IDs in field: selftext
2025-06-04 14:34:11,414 - INFO: Date range: 2005-01-01 to 2030-12-31
2025-06-04 14:34:11,415 - INFO: Output format: csv
2025-06-04 14:34:11,415 - INFO: Processing 36 files.
2025-06-04 14:34:11,416 - INFO: Processing: W:\reddit\submissions\RS_2021-12.zst -> W:\reddit\scraped\submissions_scraped\RS_2021-12.csv, Is submission: True
2025-06-04 14:34:11,431 - WARNING: Error processing W:\reddit\submissions\RS_2021-12.zst: zstd decompress error: Data corruption detected
2025-06-04 14:34:11,436 - WARNING: Traceback (most recent call last):
  File "C:\Users\stijn\Desktop\epss_fresh\data\reddit\scripts\submissions_scrapper.py", line 169, in <module>
    process_file(file_in, file_out, output_format, field, from_date, to_date, single_field)
  File "C:\Users\stijn\Desktop\epss_fresh\data\reddit\scripts\submissions_scrapper.py", line 121, in process_file
    for line, _ in read_lines_zst(input_file):
  File "C:\Users\stijn\Desktop\epss_fresh\data\reddit\scripts\submissions_scrapper.py", line 91, in read_lines_zst
    chunk = reader.read(2**27).decode(errors='ignore')
            ^^^^^^^^^^^^^^^^^^
zstd.ZstdError: zstd decompress error: Data corruption detected

2025-06-04 14:34:11,438 - INFO: Processing: W:\reddit\submissions\RS_2022-01.zst -> W:\reddit\scraped\submissions_scraped\RS_2022-01.csv, Is submission: True
2025-06-04 14:34:11,463 - WARNING: Error processing W:\reddit\submissions\RS_2022-01.zst: zstd decompress error: Data corruption detected
2025-06-04 14:34:11,464 - WARNING: Traceback (most recent call last):
  File "C:\Users\stijn\Desktop\epss_fresh\data\reddit\scripts\submissions_scrapper.py", line 169, in <module>
    process_file(file_in, file_out, output_format, field, from_date, to_date, single_field)
  File "C:\Users\stijn\Desktop\epss_fresh\data\reddit\scripts\submissions_scrapper.py", line 121, in process_file
    for line, _ in read_lines_zst(input_file):
  File "C:\Users\stijn\Desktop\epss_fresh\data\reddit\scripts\submissions_scrapper.py", line 91, in read_lines_zst
    chunk = reader.read(2**27).decode(errors='ignore')
            ^^^^^^^^^^^^^^^^^^
zstd.ZstdError: zstd decompress error: Data corruption detected

2025-06-04 14:34:11,465 - INFO: Processing: W:\reddit\submissions\RS_2022-02.zst -> W:\reddit\scraped\submissions_scraped\RS_2022-02.csv, Is submission: True
2025-06-04 19:47:29,047 - INFO: Processing 1 files
2025-06-04 19:47:29,048 - INFO: Processing C:\Users\andre\Desktop\subreddits24 -> C:\Users\andre\Desktop\output.csv (Is submission: False)
2025-06-04 19:47:29,048 - WARNING: Error processing C:\Users\andre\Desktop\subreddits24: [Errno 2] No such file or directory: 'C:\\Users\\andre\\Desktop\\output.csv'
2025-06-04 19:47:29,050 - WARNING: Traceback (most recent call last):
  File "C:\Users\stijn\Desktop\EPSS_FRESH\data\reddit\scripts\submissions_scrapper.py", line 138, in <module>
    process_file(file_in, file_out, output_format, cve_regex, from_date, to_date)
  File "C:\Users\stijn\Desktop\EPSS_FRESH\data\reddit\scripts\submissions_scrapper.py", line 92, in process_file
    handle = open(output_path, 'w', encoding='UTF-8', newline='')
             ^^^^^^^^^^^^^^^^^^^^^^^^^^^^^^^^^^^^^^^^^^^^^^^^^^^^
FileNotFoundError: [Errno 2] No such file or directory: 'C:\\Users\\andre\\Desktop\\output.csv'

2025-06-04 19:48:38,532 - INFO: Processing 0 files
2025-06-04 19:49:33,171 - INFO: Processing 36 files
2025-06-04 19:49:33,171 - INFO: Processing W:\reddit\submissions\RS_2021-12.zst -> W:\reddit\scraped\submissions_scraped\output\RS_2021-12.csv (Is submission: True)
2025-06-04 19:49:33,199 - WARNING: Error processing W:\reddit\submissions\RS_2021-12.zst: zstd decompress error: Data corruption detected
2025-06-04 19:49:33,201 - WARNING: Traceback (most recent call last):
  File "C:\Users\stijn\Desktop\EPSS_FRESH\data\reddit\scripts\submissions_scrapper.py", line 138, in <module>
    process_file(file_in, file_out, output_format, cve_regex, from_date, to_date)
  File "C:\Users\stijn\Desktop\EPSS_FRESH\data\reddit\scripts\submissions_scrapper.py", line 102, in process_file
    for line in read_lines_zst(input_file):
  File "C:\Users\stijn\Desktop\EPSS_FRESH\data\reddit\scripts\submissions_scrapper.py", line 74, in read_lines_zst
    chunk = reader.read(2**27).decode(errors='ignore')
            ^^^^^^^^^^^^^^^^^^
zstd.ZstdError: zstd decompress error: Data corruption detected

2025-06-04 19:49:33,202 - INFO: Processing W:\reddit\submissions\RS_2022-01.zst -> W:\reddit\scraped\submissions_scraped\output\RS_2022-01.csv (Is submission: True)
2025-06-04 19:49:33,218 - WARNING: Error processing W:\reddit\submissions\RS_2022-01.zst: zstd decompress error: Data corruption detected
2025-06-04 19:49:33,219 - WARNING: Traceback (most recent call last):
  File "C:\Users\stijn\Desktop\EPSS_FRESH\data\reddit\scripts\submissions_scrapper.py", line 138, in <module>
    process_file(file_in, file_out, output_format, cve_regex, from_date, to_date)
  File "C:\Users\stijn\Desktop\EPSS_FRESH\data\reddit\scripts\submissions_scrapper.py", line 102, in process_file
    for line in read_lines_zst(input_file):
  File "C:\Users\stijn\Desktop\EPSS_FRESH\data\reddit\scripts\submissions_scrapper.py", line 74, in read_lines_zst
    chunk = reader.read(2**27).decode(errors='ignore')
            ^^^^^^^^^^^^^^^^^^
zstd.ZstdError: zstd decompress error: Data corruption detected

2025-06-04 19:49:33,219 - INFO: Processing W:\reddit\submissions\RS_2022-02.zst -> W:\reddit\scraped\submissions_scraped\output\RS_2022-02.csv (Is submission: True)
2025-06-04 19:50:01,548 - INFO: Processing 36 files
2025-06-04 19:50:01,549 - INFO: Processing W:\reddit\submissions\RS_2021-12.zst -> W:\reddit\scraped\submissions_scraped\output\RS_2021-12.csv (Is submission: True)
2025-06-04 19:50:01,550 - WARNING: Error processing W:\reddit\submissions\RS_2021-12.zst: zstd decompress error: Data corruption detected
2025-06-04 19:50:01,553 - WARNING: Traceback (most recent call last):
  File "C:\Users\stijn\desktop\epss_fresh\data\reddit\scripts\submissions_scrapper.py", line 138, in <module>
    process_file(file_in, file_out, output_format, cve_regex, from_date, to_date)
  File "C:\Users\stijn\desktop\epss_fresh\data\reddit\scripts\submissions_scrapper.py", line 102, in process_file
    for line in read_lines_zst(input_file):
  File "C:\Users\stijn\desktop\epss_fresh\data\reddit\scripts\submissions_scrapper.py", line 74, in read_lines_zst
    chunk = reader.read(2**27).decode(errors='ignore')
            ^^^^^^^^^^^^^^^^^^
zstd.ZstdError: zstd decompress error: Data corruption detected

2025-06-04 19:50:01,555 - INFO: Processing W:\reddit\submissions\RS_2022-01.zst -> W:\reddit\scraped\submissions_scraped\output\RS_2022-01.csv (Is submission: True)
2025-06-04 19:50:01,560 - WARNING: Error processing W:\reddit\submissions\RS_2022-01.zst: zstd decompress error: Data corruption detected
2025-06-04 19:50:01,561 - WARNING: Traceback (most recent call last):
  File "C:\Users\stijn\desktop\epss_fresh\data\reddit\scripts\submissions_scrapper.py", line 138, in <module>
    process_file(file_in, file_out, output_format, cve_regex, from_date, to_date)
  File "C:\Users\stijn\desktop\epss_fresh\data\reddit\scripts\submissions_scrapper.py", line 102, in process_file
    for line in read_lines_zst(input_file):
  File "C:\Users\stijn\desktop\epss_fresh\data\reddit\scripts\submissions_scrapper.py", line 74, in read_lines_zst
    chunk = reader.read(2**27).decode(errors='ignore')
            ^^^^^^^^^^^^^^^^^^
zstd.ZstdError: zstd decompress error: Data corruption detected

2025-06-04 19:50:01,561 - INFO: Processing W:\reddit\submissions\RS_2022-02.zst -> W:\reddit\scraped\submissions_scraped\output\RS_2022-02.csv (Is submission: True)
2025-06-04 19:52:58,903 - INFO: Processing 36 files
2025-06-04 19:52:58,904 - INFO: Processing W:\reddit\submissions\RS_2021-12.zst -> W:\reddit\scraped\submissions_scraped\output\RS_2021-12.csv (Is submission: True)
2025-06-04 19:52:58,905 - WARNING: Error processing W:\reddit\submissions\RS_2021-12.zst: zstd decompress error: Data corruption detected
2025-06-04 19:52:58,907 - WARNING: Traceback (most recent call last):
  File "C:\Users\stijn\desktop\epss_fresh\data\reddit\scripts\submissions_scrapper.py", line 138, in <module>
    process_file(file_in, file_out, output_format, cve_regex, from_date, to_date)
  File "C:\Users\stijn\desktop\epss_fresh\data\reddit\scripts\submissions_scrapper.py", line 102, in process_file
    for line in read_lines_zst(input_file):
  File "C:\Users\stijn\desktop\epss_fresh\data\reddit\scripts\submissions_scrapper.py", line 74, in read_lines_zst
    chunk = reader.read(2**27).decode(errors='replace')
            ^^^^^^^^^^^^^^^^^^
zstd.ZstdError: zstd decompress error: Data corruption detected

2025-06-04 19:52:58,907 - INFO: Processing W:\reddit\submissions\RS_2022-01.zst -> W:\reddit\scraped\submissions_scraped\output\RS_2022-01.csv (Is submission: True)
2025-06-04 19:52:58,912 - WARNING: Error processing W:\reddit\submissions\RS_2022-01.zst: zstd decompress error: Data corruption detected
2025-06-04 19:52:58,913 - WARNING: Traceback (most recent call last):
  File "C:\Users\stijn\desktop\epss_fresh\data\reddit\scripts\submissions_scrapper.py", line 138, in <module>
    process_file(file_in, file_out, output_format, cve_regex, from_date, to_date)
  File "C:\Users\stijn\desktop\epss_fresh\data\reddit\scripts\submissions_scrapper.py", line 102, in process_file
    for line in read_lines_zst(input_file):
  File "C:\Users\stijn\desktop\epss_fresh\data\reddit\scripts\submissions_scrapper.py", line 74, in read_lines_zst
    chunk = reader.read(2**27).decode(errors='replace')
            ^^^^^^^^^^^^^^^^^^
zstd.ZstdError: zstd decompress error: Data corruption detected

2025-06-04 19:52:58,913 - INFO: Processing W:\reddit\submissions\RS_2022-02.zst -> W:\reddit\scraped\submissions_scraped\output\RS_2022-02.csv (Is submission: True)
2025-06-04 19:53:14,457 - INFO: Processing 36 files
2025-06-04 19:53:14,458 - INFO: Processing W:\reddit\submissions\RS_2021-12.zst -> W:\reddit\scraped\submissions_scraped\output\RS_2021-12.csv (Is submission: True)
2025-06-04 19:53:14,460 - WARNING: Error processing W:\reddit\submissions\RS_2021-12.zst: zstd decompress error: Data corruption detected
2025-06-04 19:53:14,462 - WARNING: Traceback (most recent call last):
  File "C:\Users\stijn\desktop\epss_fresh\data\reddit\scripts\submissions_scrapper.py", line 138, in <module>
    process_file(file_in, file_out, output_format, cve_regex, from_date, to_date)
  File "C:\Users\stijn\desktop\epss_fresh\data\reddit\scripts\submissions_scrapper.py", line 102, in process_file
    for line in read_lines_zst(input_file):
  File "C:\Users\stijn\desktop\epss_fresh\data\reddit\scripts\submissions_scrapper.py", line 74, in read_lines_zst
    chunk = reader.read(2**27).decode(errors='ignore')
            ^^^^^^^^^^^^^^^^^^
zstd.ZstdError: zstd decompress error: Data corruption detected

2025-06-04 19:53:14,463 - INFO: Processing W:\reddit\submissions\RS_2022-01.zst -> W:\reddit\scraped\submissions_scraped\output\RS_2022-01.csv (Is submission: True)
2025-06-04 19:53:14,469 - WARNING: Error processing W:\reddit\submissions\RS_2022-01.zst: zstd decompress error: Data corruption detected
2025-06-04 19:53:14,470 - WARNING: Traceback (most recent call last):
  File "C:\Users\stijn\desktop\epss_fresh\data\reddit\scripts\submissions_scrapper.py", line 138, in <module>
    process_file(file_in, file_out, output_format, cve_regex, from_date, to_date)
  File "C:\Users\stijn\desktop\epss_fresh\data\reddit\scripts\submissions_scrapper.py", line 102, in process_file
    for line in read_lines_zst(input_file):
  File "C:\Users\stijn\desktop\epss_fresh\data\reddit\scripts\submissions_scrapper.py", line 74, in read_lines_zst
    chunk = reader.read(2**27).decode(errors='ignore')
            ^^^^^^^^^^^^^^^^^^
zstd.ZstdError: zstd decompress error: Data corruption detected

2025-06-04 19:53:14,471 - INFO: Processing W:\reddit\submissions\RS_2022-02.zst -> W:\reddit\scraped\submissions_scraped\output\RS_2022-02.csv (Is submission: True)
2025-06-04 20:50:36,492 - INFO: Completed: Total: 29843162, Matched: 1075, Errors: 0
2025-06-04 20:50:36,492 - INFO: Processing W:\reddit\submissions\RS_2022-03.zst -> W:\reddit\scraped\submissions_scraped\output\RS_2022-03.csv (Is submission: True)
2025-06-04 21:31:22,948 - INFO: Searching for CVE IDs in field: selftext
2025-06-04 21:31:22,948 - INFO: Date range: 2005-01-01 to 2030-12-31
2025-06-04 21:31:22,948 - INFO: Output format: csv
2025-06-04 21:37:42,112 - INFO: Searching for CVE IDs in field: selftext
2025-06-04 21:37:42,113 - INFO: Date range: 2005-01-01 to 2030-12-31
2025-06-04 21:37:42,113 - INFO: Output format: csv
2025-06-04 21:37:42,114 - INFO: Processing 36 files.
2025-06-04 21:37:42,114 - INFO: Processing: W:\reddit\submissions\RS_2021-12.zst -> c:/Users/stijn/Desktop/EPSS_FRESH/data/reddit/raw_submissions\RS_2021-12.csv, Is submission: True
2025-06-04 21:37:42,126 - WARNING: Error processing W:\reddit\submissions\RS_2021-12.zst: zstd decompress error: Corrupted block detected
2025-06-04 21:37:42,129 - WARNING: Traceback (most recent call last):
  File "C:\Users\stijn\desktop\epss_fresh\data\reddit\scripts\submissions_scrapper.py", line 169, in <module>
    process_file(file_in, file_out, output_format, field, from_date, to_date, single_field)
  File "C:\Users\stijn\desktop\epss_fresh\data\reddit\scripts\submissions_scrapper.py", line 121, in process_file
    for line, _ in read_lines_zst(input_file):
  File "C:\Users\stijn\desktop\epss_fresh\data\reddit\scripts\submissions_scrapper.py", line 91, in read_lines_zst
    chunk = reader.read(2**27).decode(errors='ignore')
            ^^^^^^^^^^^^^^^^^^
zstd.ZstdError: zstd decompress error: Corrupted block detected

2025-06-04 21:37:42,129 - INFO: Processing: W:\reddit\submissions\RS_2022-01.zst -> c:/Users/stijn/Desktop/EPSS_FRESH/data/reddit/raw_submissions\RS_2022-01.csv, Is submission: True
2025-06-04 21:37:42,136 - WARNING: Error processing W:\reddit\submissions\RS_2022-01.zst: zstd decompress error: Corrupted block detected
2025-06-04 21:37:42,137 - WARNING: Traceback (most recent call last):
  File "C:\Users\stijn\desktop\epss_fresh\data\reddit\scripts\submissions_scrapper.py", line 169, in <module>
    process_file(file_in, file_out, output_format, field, from_date, to_date, single_field)
  File "C:\Users\stijn\desktop\epss_fresh\data\reddit\scripts\submissions_scrapper.py", line 121, in process_file
    for line, _ in read_lines_zst(input_file):
  File "C:\Users\stijn\desktop\epss_fresh\data\reddit\scripts\submissions_scrapper.py", line 91, in read_lines_zst
    chunk = reader.read(2**27).decode(errors='ignore')
            ^^^^^^^^^^^^^^^^^^
zstd.ZstdError: zstd decompress error: Corrupted block detected

2025-06-04 21:37:42,138 - INFO: Processing: W:\reddit\submissions\RS_2022-02.zst -> c:/Users/stijn/Desktop/EPSS_FRESH/data/reddit/raw_submissions\RS_2022-02.csv, Is submission: True
2025-06-07 15:03:29,016 - INFO: Searching for CVE IDs in field: selftext
2025-06-07 15:03:29,016 - INFO: Date range: 2005-01-01 to 2030-12-31
2025-06-07 15:03:29,017 - INFO: Output format: csv
2025-06-07 15:03:29,022 - INFO: Processing 235 files.
2025-06-07 15:03:29,023 - INFO: Processing: W:\reddit\submissions\RS_2005-06.zst -> c:/Users/stijn/Desktop/EPSS_FRESH/data/reddit/raw_submissions\RS_2005-06.csv, Is submission: True
2025-06-07 15:03:29,034 - INFO: Processing complete: 103 total, 0 matched, 0 bad lines.
2025-06-07 15:03:29,035 - INFO: Processing: W:\reddit\submissions\RS_2005-07.zst -> c:/Users/stijn/Desktop/EPSS_FRESH/data/reddit/raw_submissions\RS_2005-07.csv, Is submission: True
2025-06-07 15:03:29,058 - INFO: Processing complete: 1079 total, 0 matched, 0 bad lines.
2025-06-07 15:03:29,059 - INFO: Processing: W:\reddit\submissions\RS_2005-08.zst -> c:/Users/stijn/Desktop/EPSS_FRESH/data/reddit/raw_submissions\RS_2005-08.csv, Is submission: True
2025-06-07 15:03:29,094 - INFO: Processing complete: 2069 total, 0 matched, 0 bad lines.
2025-06-07 15:03:29,094 - INFO: Processing: W:\reddit\submissions\RS_2005-09.zst -> c:/Users/stijn/Desktop/EPSS_FRESH/data/reddit/raw_submissions\RS_2005-09.csv, Is submission: True
2025-06-07 15:03:29,144 - INFO: Processing complete: 2449 total, 0 matched, 0 bad lines.
2025-06-07 15:03:29,144 - INFO: Processing: W:\reddit\submissions\RS_2005-10.zst -> c:/Users/stijn/Desktop/EPSS_FRESH/data/reddit/raw_submissions\RS_2005-10.csv, Is submission: True
2025-06-07 15:03:29,198 - INFO: Processing complete: 3498 total, 0 matched, 0 bad lines.
2025-06-07 15:03:29,198 - INFO: Processing: W:\reddit\submissions\RS_2005-11.zst -> c:/Users/stijn/Desktop/EPSS_FRESH/data/reddit/raw_submissions\RS_2005-11.csv, Is submission: True
2025-06-07 15:03:29,265 - INFO: Processing complete: 3699 total, 0 matched, 0 bad lines.
2025-06-07 15:03:29,265 - INFO: Processing: W:\reddit\submissions\RS_2005-12.zst -> c:/Users/stijn/Desktop/EPSS_FRESH/data/reddit/raw_submissions\RS_2005-12.csv, Is submission: True
2025-06-07 15:03:29,347 - INFO: Processing complete: 5356 total, 0 matched, 0 bad lines.
2025-06-07 15:03:29,347 - INFO: Processing: W:\reddit\submissions\RS_2006-01.zst -> c:/Users/stijn/Desktop/EPSS_FRESH/data/reddit/raw_submissions\RS_2006-01.csv, Is submission: True
2025-06-07 15:03:29,467 - INFO: Processing complete: 8048 total, 0 matched, 0 bad lines.
2025-06-07 15:03:29,467 - INFO: Processing: W:\reddit\submissions\RS_2006-02.zst -> c:/Users/stijn/Desktop/EPSS_FRESH/data/reddit/raw_submissions\RS_2006-02.csv, Is submission: True
2025-06-07 15:03:29,611 - INFO: Processing complete: 9501 total, 0 matched, 0 bad lines.
2025-06-07 15:03:29,611 - INFO: Processing: W:\reddit\submissions\RS_2006-03.zst -> c:/Users/stijn/Desktop/EPSS_FRESH/data/reddit/raw_submissions\RS_2006-03.csv, Is submission: True
2025-06-07 15:03:29,805 - INFO: Processing complete: 12525 total, 0 matched, 0 bad lines.
2025-06-07 15:03:29,806 - INFO: Processing: W:\reddit\submissions\RS_2006-04.zst -> c:/Users/stijn/Desktop/EPSS_FRESH/data/reddit/raw_submissions\RS_2006-04.csv, Is submission: True
2025-06-07 15:03:29,982 - INFO: Processing complete: 12556 total, 0 matched, 0 bad lines.
2025-06-07 15:03:29,982 - INFO: Processing: W:\reddit\submissions\RS_2006-05.zst -> c:/Users/stijn/Desktop/EPSS_FRESH/data/reddit/raw_submissions\RS_2006-05.csv, Is submission: True
2025-06-07 15:03:30,202 - INFO: Processing complete: 14701 total, 0 matched, 0 bad lines.
2025-06-07 15:03:30,202 - INFO: Processing: W:\reddit\submissions\RS_2006-06.zst -> c:/Users/stijn/Desktop/EPSS_FRESH/data/reddit/raw_submissions\RS_2006-06.csv, Is submission: True
2025-06-07 15:03:30,457 - INFO: Processing complete: 16942 total, 0 matched, 0 bad lines.
2025-06-07 15:03:30,458 - INFO: Processing: W:\reddit\submissions\RS_2006-07.zst -> c:/Users/stijn/Desktop/EPSS_FRESH/data/reddit/raw_submissions\RS_2006-07.csv, Is submission: True
2025-06-07 15:03:30,815 - INFO: Processing complete: 24026 total, 0 matched, 0 bad lines.
2025-06-07 15:03:30,815 - INFO: Processing: W:\reddit\submissions\RS_2006-08.zst -> c:/Users/stijn/Desktop/EPSS_FRESH/data/reddit/raw_submissions\RS_2006-08.csv, Is submission: True
2025-06-07 15:03:31,366 - INFO: Processing complete: 40750 total, 0 matched, 0 bad lines.
2025-06-07 15:03:31,367 - INFO: Processing: W:\reddit\submissions\RS_2006-09.zst -> c:/Users/stijn/Desktop/EPSS_FRESH/data/reddit/raw_submissions\RS_2006-09.csv, Is submission: True
2025-06-07 15:03:32,082 - INFO: Processing complete: 54043 total, 0 matched, 0 bad lines.
2025-06-07 15:03:32,082 - INFO: Processing: W:\reddit\submissions\RS_2006-10.zst -> c:/Users/stijn/Desktop/EPSS_FRESH/data/reddit/raw_submissions\RS_2006-10.csv, Is submission: True
2025-06-07 15:03:32,619 - INFO: Processing complete: 38333 total, 0 matched, 0 bad lines.
2025-06-07 15:03:32,619 - INFO: Processing: W:\reddit\submissions\RS_2006-11.zst -> c:/Users/stijn/Desktop/EPSS_FRESH/data/reddit/raw_submissions\RS_2006-11.csv, Is submission: True
2025-06-07 15:03:33,153 - INFO: Processing complete: 36824 total, 0 matched, 0 bad lines.
2025-06-07 15:03:33,153 - INFO: Processing: W:\reddit\submissions\RS_2006-12.zst -> c:/Users/stijn/Desktop/EPSS_FRESH/data/reddit/raw_submissions\RS_2006-12.csv, Is submission: True
2025-06-07 15:03:33,672 - INFO: Processing complete: 36434 total, 0 matched, 0 bad lines.
2025-06-07 15:03:33,673 - INFO: Processing: W:\reddit\submissions\RS_2007-01.zst -> c:/Users/stijn/Desktop/EPSS_FRESH/data/reddit/raw_submissions\RS_2007-01.csv, Is submission: True
2025-06-07 15:03:34,279 - INFO: Processing complete: 43725 total, 0 matched, 0 bad lines.
2025-06-07 15:03:34,279 - INFO: Processing: W:\reddit\submissions\RS_2007-02.zst -> c:/Users/stijn/Desktop/EPSS_FRESH/data/reddit/raw_submissions\RS_2007-02.csv, Is submission: True
2025-06-07 15:03:34,961 - INFO: Processing complete: 47317 total, 0 matched, 0 bad lines.
2025-06-07 15:03:34,962 - INFO: Processing: W:\reddit\submissions\RS_2007-03.zst -> c:/Users/stijn/Desktop/EPSS_FRESH/data/reddit/raw_submissions\RS_2007-03.csv, Is submission: True
2025-06-07 15:03:35,782 - INFO: Processing complete: 58642 total, 0 matched, 0 bad lines.
2025-06-07 15:03:35,782 - INFO: Processing: W:\reddit\submissions\RS_2007-04.zst -> c:/Users/stijn/Desktop/EPSS_FRESH/data/reddit/raw_submissions\RS_2007-04.csv, Is submission: True
2025-06-07 15:03:36,648 - INFO: Processing complete: 61544 total, 0 matched, 0 bad lines.
2025-06-07 15:03:36,648 - INFO: Processing: W:\reddit\submissions\RS_2007-05.zst -> c:/Users/stijn/Desktop/EPSS_FRESH/data/reddit/raw_submissions\RS_2007-05.csv, Is submission: True
2025-06-07 15:03:37,566 - INFO: Processing complete: 65098 total, 0 matched, 0 bad lines.
2025-06-07 15:03:37,566 - INFO: Processing: W:\reddit\submissions\RS_2007-06.zst -> c:/Users/stijn/Desktop/EPSS_FRESH/data/reddit/raw_submissions\RS_2007-06.csv, Is submission: True
2025-06-07 15:03:38,445 - INFO: Processing complete: 62693 total, 0 matched, 0 bad lines.
2025-06-07 15:03:38,446 - INFO: Processing: W:\reddit\submissions\RS_2007-07.zst -> c:/Users/stijn/Desktop/EPSS_FRESH/data/reddit/raw_submissions\RS_2007-07.csv, Is submission: True
2025-06-07 15:05:57,246 - INFO: Searching for CVE IDs in field: selftext
2025-06-07 15:05:57,247 - INFO: Date range: 2005-01-01 to 2030-12-31
2025-06-07 15:05:57,247 - INFO: Output format: csv
2025-06-07 15:05:57,248 - INFO: Processing 235 files.
2025-06-07 15:05:57,248 - INFO: Processing: W:\reddit\submissions\RS_2005-06.zst -> c:/Users/stijn/Desktop/EPSS_FRESH/data/reddit/raw_submissions\RS_2005-06.csv, Is submission: True
2025-06-07 15:05:57,252 - INFO: Processing complete: 103 total, 0 matched, 0 bad lines.
2025-06-07 15:05:57,252 - INFO: Processing: W:\reddit\submissions\RS_2005-07.zst -> c:/Users/stijn/Desktop/EPSS_FRESH/data/reddit/raw_submissions\RS_2005-07.csv, Is submission: True
2025-06-07 15:05:57,266 - INFO: Processing complete: 1079 total, 0 matched, 0 bad lines.
2025-06-07 15:05:57,266 - INFO: Processing: W:\reddit\submissions\RS_2005-08.zst -> c:/Users/stijn/Desktop/EPSS_FRESH/data/reddit/raw_submissions\RS_2005-08.csv, Is submission: True
2025-06-07 15:05:57,291 - INFO: Processing complete: 2069 total, 0 matched, 0 bad lines.
2025-06-07 15:05:57,291 - INFO: Processing: W:\reddit\submissions\RS_2005-09.zst -> c:/Users/stijn/Desktop/EPSS_FRESH/data/reddit/raw_submissions\RS_2005-09.csv, Is submission: True
2025-06-07 15:05:57,319 - INFO: Processing complete: 2449 total, 0 matched, 0 bad lines.
2025-06-07 15:05:57,320 - INFO: Processing: W:\reddit\submissions\RS_2005-10.zst -> c:/Users/stijn/Desktop/EPSS_FRESH/data/reddit/raw_submissions\RS_2005-10.csv, Is submission: True
2025-06-07 15:05:57,360 - INFO: Processing complete: 3498 total, 0 matched, 0 bad lines.
2025-06-07 15:05:57,360 - INFO: Processing: W:\reddit\submissions\RS_2005-11.zst -> c:/Users/stijn/Desktop/EPSS_FRESH/data/reddit/raw_submissions\RS_2005-11.csv, Is submission: True
2025-06-07 15:05:57,402 - INFO: Processing complete: 3699 total, 0 matched, 0 bad lines.
2025-06-07 15:05:57,403 - INFO: Processing: W:\reddit\submissions\RS_2005-12.zst -> c:/Users/stijn/Desktop/EPSS_FRESH/data/reddit/raw_submissions\RS_2005-12.csv, Is submission: True
2025-06-07 15:05:57,466 - INFO: Processing complete: 5356 total, 0 matched, 0 bad lines.
2025-06-07 15:05:57,466 - INFO: Processing: W:\reddit\submissions\RS_2006-01.zst -> c:/Users/stijn/Desktop/EPSS_FRESH/data/reddit/raw_submissions\RS_2006-01.csv, Is submission: True
2025-06-07 15:05:57,556 - INFO: Processing complete: 8048 total, 0 matched, 0 bad lines.
2025-06-07 15:05:57,556 - INFO: Processing: W:\reddit\submissions\RS_2006-02.zst -> c:/Users/stijn/Desktop/EPSS_FRESH/data/reddit/raw_submissions\RS_2006-02.csv, Is submission: True
2025-06-07 15:05:57,669 - INFO: Processing complete: 9501 total, 0 matched, 0 bad lines.
2025-06-07 15:05:57,669 - INFO: Processing: W:\reddit\submissions\RS_2006-03.zst -> c:/Users/stijn/Desktop/EPSS_FRESH/data/reddit/raw_submissions\RS_2006-03.csv, Is submission: True
2025-06-07 15:05:57,814 - INFO: Processing complete: 12525 total, 0 matched, 0 bad lines.
2025-06-07 15:05:57,814 - INFO: Processing: W:\reddit\submissions\RS_2006-04.zst -> c:/Users/stijn/Desktop/EPSS_FRESH/data/reddit/raw_submissions\RS_2006-04.csv, Is submission: True
2025-06-07 15:05:57,974 - INFO: Processing complete: 12556 total, 0 matched, 0 bad lines.
2025-06-07 15:05:57,975 - INFO: Processing: W:\reddit\submissions\RS_2006-05.zst -> c:/Users/stijn/Desktop/EPSS_FRESH/data/reddit/raw_submissions\RS_2006-05.csv, Is submission: True
2025-06-07 15:05:58,152 - INFO: Processing complete: 14701 total, 0 matched, 0 bad lines.
2025-06-07 15:05:58,152 - INFO: Processing: W:\reddit\submissions\RS_2006-06.zst -> c:/Users/stijn/Desktop/EPSS_FRESH/data/reddit/raw_submissions\RS_2006-06.csv, Is submission: True
2025-06-07 15:05:58,360 - INFO: Processing complete: 16942 total, 0 matched, 0 bad lines.
2025-06-07 15:05:58,361 - INFO: Processing: W:\reddit\submissions\RS_2006-07.zst -> c:/Users/stijn/Desktop/EPSS_FRESH/data/reddit/raw_submissions\RS_2006-07.csv, Is submission: True
2025-06-07 15:05:58,664 - INFO: Processing complete: 24026 total, 0 matched, 0 bad lines.
2025-06-07 15:05:58,664 - INFO: Processing: W:\reddit\submissions\RS_2006-08.zst -> c:/Users/stijn/Desktop/EPSS_FRESH/data/reddit/raw_submissions\RS_2006-08.csv, Is submission: True
2025-06-07 17:56:13,847 - INFO: Searching for CVE IDs in field: selftext
2025-06-07 17:56:13,848 - INFO: Date range: 2005-01-01 to 2030-12-31
2025-06-07 17:56:13,848 - INFO: Output format: csv
2025-06-07 17:56:13,849 - INFO: Processing 235 files.
2025-06-07 17:56:13,850 - INFO: Processing: W:\reddit\submissions\RS_2005-06.zst -> c:/Users/stijn/Desktop/EPSS_FRESH/data/reddit/raw_submissions\RS_2005-06.csv, Is submission: True
2025-06-07 17:56:13,853 - INFO: Processing complete: 103 total, 0 matched, 0 bad lines.
2025-06-07 17:56:13,853 - INFO: Processing: W:\reddit\submissions\RS_2005-07.zst -> c:/Users/stijn/Desktop/EPSS_FRESH/data/reddit/raw_submissions\RS_2005-07.csv, Is submission: True
2025-06-07 17:56:13,870 - INFO: Processing complete: 1079 total, 0 matched, 0 bad lines.
2025-06-07 17:56:13,871 - INFO: Processing: W:\reddit\submissions\RS_2005-08.zst -> c:/Users/stijn/Desktop/EPSS_FRESH/data/reddit/raw_submissions\RS_2005-08.csv, Is submission: True
2025-06-07 17:56:13,898 - INFO: Processing complete: 2069 total, 0 matched, 0 bad lines.
2025-06-07 17:56:13,899 - INFO: Processing: W:\reddit\submissions\RS_2005-09.zst -> c:/Users/stijn/Desktop/EPSS_FRESH/data/reddit/raw_submissions\RS_2005-09.csv, Is submission: True
2025-06-07 17:56:13,934 - INFO: Processing complete: 2449 total, 0 matched, 0 bad lines.
2025-06-07 17:56:13,934 - INFO: Processing: W:\reddit\submissions\RS_2005-10.zst -> c:/Users/stijn/Desktop/EPSS_FRESH/data/reddit/raw_submissions\RS_2005-10.csv, Is submission: True
2025-06-07 17:56:13,982 - INFO: Processing complete: 3498 total, 0 matched, 0 bad lines.
2025-06-07 17:56:13,982 - INFO: Processing: W:\reddit\submissions\RS_2005-11.zst -> c:/Users/stijn/Desktop/EPSS_FRESH/data/reddit/raw_submissions\RS_2005-11.csv, Is submission: True
2025-06-07 17:56:14,032 - INFO: Processing complete: 3699 total, 0 matched, 0 bad lines.
2025-06-07 17:56:14,032 - INFO: Processing: W:\reddit\submissions\RS_2005-12.zst -> c:/Users/stijn/Desktop/EPSS_FRESH/data/reddit/raw_submissions\RS_2005-12.csv, Is submission: True
2025-06-07 17:56:14,103 - INFO: Processing complete: 5356 total, 0 matched, 0 bad lines.
2025-06-07 17:56:14,103 - INFO: Processing: W:\reddit\submissions\RS_2006-01.zst -> c:/Users/stijn/Desktop/EPSS_FRESH/data/reddit/raw_submissions\RS_2006-01.csv, Is submission: True
2025-06-07 17:56:14,206 - INFO: Processing complete: 8048 total, 0 matched, 0 bad lines.
2025-06-07 17:56:14,206 - INFO: Processing: W:\reddit\submissions\RS_2006-02.zst -> c:/Users/stijn/Desktop/EPSS_FRESH/data/reddit/raw_submissions\RS_2006-02.csv, Is submission: True
2025-06-07 17:56:14,321 - INFO: Processing complete: 9501 total, 0 matched, 0 bad lines.
2025-06-07 17:56:14,321 - INFO: Processing: W:\reddit\submissions\RS_2006-03.zst -> c:/Users/stijn/Desktop/EPSS_FRESH/data/reddit/raw_submissions\RS_2006-03.csv, Is submission: True
2025-06-07 17:56:14,471 - INFO: Processing complete: 12525 total, 0 matched, 0 bad lines.
2025-06-07 17:56:14,471 - INFO: Processing: W:\reddit\submissions\RS_2006-04.zst -> c:/Users/stijn/Desktop/EPSS_FRESH/data/reddit/raw_submissions\RS_2006-04.csv, Is submission: True
2025-06-07 17:56:14,631 - INFO: Processing complete: 12556 total, 0 matched, 0 bad lines.
2025-06-07 17:56:14,631 - INFO: Processing: W:\reddit\submissions\RS_2006-05.zst -> c:/Users/stijn/Desktop/EPSS_FRESH/data/reddit/raw_submissions\RS_2006-05.csv, Is submission: True
2025-06-07 17:56:14,810 - INFO: Processing complete: 14701 total, 0 matched, 0 bad lines.
2025-06-07 17:56:14,811 - INFO: Processing: W:\reddit\submissions\RS_2006-06.zst -> c:/Users/stijn/Desktop/EPSS_FRESH/data/reddit/raw_submissions\RS_2006-06.csv, Is submission: True
2025-06-07 17:56:15,042 - INFO: Processing complete: 16942 total, 0 matched, 0 bad lines.
2025-06-07 17:56:15,043 - INFO: Processing: W:\reddit\submissions\RS_2006-07.zst -> c:/Users/stijn/Desktop/EPSS_FRESH/data/reddit/raw_submissions\RS_2006-07.csv, Is submission: True
2025-06-07 17:56:15,411 - INFO: Processing complete: 24026 total, 0 matched, 0 bad lines.
2025-06-07 17:56:15,411 - INFO: Processing: W:\reddit\submissions\RS_2006-08.zst -> c:/Users/stijn/Desktop/EPSS_FRESH/data/reddit/raw_submissions\RS_2006-08.csv, Is submission: True
2025-06-08 02:20:37,797 - INFO: Searching for CVE IDs in field: selftext
2025-06-08 02:20:37,798 - INFO: Date range: 2005-01-01 to 2030-12-31
2025-06-08 02:20:37,798 - INFO: Output format: csv
2025-06-08 02:20:37,799 - INFO: Processing 39 files.
2025-06-08 02:20:37,799 - INFO: Processing: W:\reddit\submissions\RS_2022-02.zst -> c:/Users/stijn/Desktop/EPSS_FRESH/data/reddit/raw_submissions\RS_2022-02.csv, Is submission: True
2025-06-08 02:21:47,504 - INFO: Searching for CVE IDs in field: selftext
2025-06-08 02:21:47,504 - INFO: Date range: 2005-01-01 to 2030-12-31
2025-06-08 02:21:47,504 - INFO: Output format: csv
2025-06-08 02:21:47,505 - INFO: Processing 39 files.
2025-06-08 02:21:47,505 - INFO: Processing: W:\reddit\submissions\RS_2022-02.zst -> c:/Users/stijn/Desktop/EPSS_FRESH/data/reddit/raw_submissions\RS_2022-02.csv, Is submission: True
2025-06-08 02:29:23,493 - INFO: Processing 39 files
2025-06-08 02:29:23,493 - INFO: Processing W:\reddit\comments\RC_2022-02.zst -> W:\reddit\scraped\comments_scraped\RC_2022-02.csv (Is submission: False)
2025-06-08 02:32:11,663 - INFO: Processing 39 files
2025-06-08 02:32:11,663 - INFO: Processing W:\reddit\comments\RC_2022-02.zst -> c:/Users/stijn/Desktop/EPSS_FRESH/data/reddit/raw_comments\RC_2022-02.csv (Is submission: False)
2025-06-08 02:47:58,732 - INFO: Processing complete: 29843162 total, 79 matched, 0 bad lines.
2025-06-08 02:47:58,733 - INFO: Processing: W:\reddit\submissions\RS_2022-03.zst -> c:/Users/stijn/Desktop/EPSS_FRESH/data/reddit/raw_submissions\RS_2022-03.csv, Is submission: True
2025-06-08 03:25:13,379 - INFO: Processing complete: 32677372 total, 111 matched, 0 bad lines.
2025-06-08 03:25:13,380 - INFO: Processing: W:\reddit\submissions\RS_2022-04.zst -> c:/Users/stijn/Desktop/EPSS_FRESH/data/reddit/raw_submissions\RS_2022-04.csv, Is submission: True
2025-06-08 03:57:01,604 - INFO: Processing complete: 33002461 total, 92 matched, 0 bad lines.
2025-06-08 03:57:01,605 - INFO: Processing: W:\reddit\submissions\RS_2022-05.zst -> c:/Users/stijn/Desktop/EPSS_FRESH/data/reddit/raw_submissions\RS_2022-05.csv, Is submission: True
2025-06-08 03:58:19,553 - INFO: Completed: Total: 219927645, Matched: 189, Errors: 0
2025-06-08 03:58:19,555 - INFO: Processing W:\reddit\comments\RC_2022-03.zst -> c:/Users/stijn/Desktop/EPSS_FRESH/data/reddit/raw_comments\RC_2022-03.csv (Is submission: False)
2025-06-08 04:31:27,783 - INFO: Processing complete: 34838318 total, 80 matched, 0 bad lines.
2025-06-08 04:31:27,783 - INFO: Processing: W:\reddit\submissions\RS_2022-06.zst -> c:/Users/stijn/Desktop/EPSS_FRESH/data/reddit/raw_submissions\RS_2022-06.csv, Is submission: True
2025-06-08 05:12:29,302 - INFO: Processing complete: 34395243 total, 74 matched, 0 bad lines.
2025-06-08 05:12:29,305 - INFO: Processing: W:\reddit\submissions\RS_2022-07.zst -> c:/Users/stijn/Desktop/EPSS_FRESH/data/reddit/raw_submissions\RS_2022-07.csv, Is submission: True
2025-06-08 05:33:01,910 - INFO: Completed: Total: 236554668, Matched: 276, Errors: 0
2025-06-08 05:33:01,916 - INFO: Processing W:\reddit\comments\RC_2022-04.zst -> c:/Users/stijn/Desktop/EPSS_FRESH/data/reddit/raw_comments\RC_2022-04.csv (Is submission: False)
2025-06-08 05:50:33,456 - INFO: Processing complete: 37222497 total, 38 matched, 0 bad lines.
2025-06-08 05:50:33,459 - INFO: Processing: W:\reddit\submissions\RS_2022-08.zst -> c:/Users/stijn/Desktop/EPSS_FRESH/data/reddit/raw_submissions\RS_2022-08.csv, Is submission: True
2025-06-08 06:29:36,551 - INFO: Processing complete: 38178282 total, 73 matched, 0 bad lines.
2025-06-08 06:29:36,552 - INFO: Processing: W:\reddit\submissions\RS_2022-09.zst -> c:/Users/stijn/Desktop/EPSS_FRESH/data/reddit/raw_submissions\RS_2022-09.csv, Is submission: True
2025-06-08 07:09:42,308 - INFO: Processing complete: 35115349 total, 51 matched, 0 bad lines.
2025-06-08 07:09:42,313 - INFO: Processing: W:\reddit\submissions\RS_2022-10.zst -> c:/Users/stijn/Desktop/EPSS_FRESH/data/reddit/raw_submissions\RS_2022-10.csv, Is submission: True
2025-06-08 07:10:23,071 - INFO: Completed: Total: 231188077, Matched: 176, Errors: 0
2025-06-08 07:10:23,079 - INFO: Processing W:\reddit\comments\RC_2022-05.zst -> c:/Users/stijn/Desktop/EPSS_FRESH/data/reddit/raw_comments\RC_2022-05.csv (Is submission: False)
2025-06-08 07:48:54,613 - INFO: Processing complete: 35685153 total, 82 matched, 0 bad lines.
2025-06-08 07:48:54,616 - INFO: Processing: W:\reddit\submissions\RS_2022-11.zst -> c:/Users/stijn/Desktop/EPSS_FRESH/data/reddit/raw_submissions\RS_2022-11.csv, Is submission: True
2025-06-08 08:17:08,191 - INFO: Processing complete: 33166596 total, 64 matched, 0 bad lines.
2025-06-08 08:17:08,195 - INFO: Processing: W:\reddit\submissions\RS_2022-12.zst -> c:/Users/stijn/Desktop/EPSS_FRESH/data/reddit/raw_submissions\RS_2022-12.csv, Is submission: True
2025-06-08 08:41:31,687 - INFO: Completed: Total: 230492108, Matched: 174, Errors: 0
2025-06-08 08:41:31,689 - INFO: Processing W:\reddit\comments\RC_2022-06.zst -> c:/Users/stijn/Desktop/EPSS_FRESH/data/reddit/raw_comments\RC_2022-06.csv (Is submission: False)
2025-06-08 08:54:00,814 - INFO: Processing complete: 35865148 total, 85 matched, 0 bad lines.
2025-06-08 08:54:00,816 - INFO: Processing: W:\reddit\submissions\RS_2023-01.zst -> c:/Users/stijn/Desktop/EPSS_FRESH/data/reddit/raw_submissions\RS_2023-01.csv, Is submission: True
2025-06-08 09:36:29,122 - INFO: Processing complete: 36090941 total, 72 matched, 0 bad lines.
2025-06-08 09:36:29,125 - INFO: Processing: W:\reddit\submissions\RS_2023-02.zst -> c:/Users/stijn/Desktop/EPSS_FRESH/data/reddit/raw_submissions\RS_2023-02.csv, Is submission: True
2025-06-08 10:15:44,266 - INFO: Processing complete: 33928903 total, 79 matched, 0 bad lines.
2025-06-08 10:15:44,269 - INFO: Processing: W:\reddit\submissions\RS_2023-03.zst -> c:/Users/stijn/Desktop/EPSS_FRESH/data/reddit/raw_submissions\RS_2023-03.csv, Is submission: True
2025-06-08 10:20:30,357 - INFO: Completed: Total: 218842949, Matched: 234, Errors: 0
2025-06-08 10:20:30,361 - INFO: Processing W:\reddit\comments\RC_2022-07.zst -> c:/Users/stijn/Desktop/EPSS_FRESH/data/reddit/raw_comments\RC_2022-07.csv (Is submission: False)
2025-06-08 11:02:11,958 - INFO: Processing complete: 39724726 total, 305 matched, 0 bad lines.
2025-06-08 11:02:11,961 - INFO: Processing: W:\reddit\submissions\RS_2023-04.zst -> c:/Users/stijn/Desktop/EPSS_FRESH/data/reddit/raw_submissions\RS_2023-04.csv, Is submission: True
2025-06-08 11:44:48,447 - INFO: Processing complete: 52094224 total, 124 matched, 0 bad lines.
2025-06-08 11:44:48,450 - INFO: Processing: W:\reddit\submissions\RS_2023-05.zst -> c:/Users/stijn/Desktop/EPSS_FRESH/data/reddit/raw_submissions\RS_2023-05.csv, Is submission: True
2025-06-08 12:03:11,019 - INFO: Completed: Total: 242504279, Matched: 131, Errors: 0
2025-06-08 12:03:11,021 - INFO: Processing W:\reddit\comments\RC_2022-08.zst -> c:/Users/stijn/Desktop/EPSS_FRESH/data/reddit/raw_comments\RC_2022-08.csv (Is submission: False)
2025-06-08 12:09:49,666 - INFO: Processing complete: 38450420 total, 92 matched, 0 bad lines.
2025-06-08 12:09:49,669 - INFO: Processing: W:\reddit\submissions\RS_2023-06.zst -> c:/Users/stijn/Desktop/EPSS_FRESH/data/reddit/raw_submissions\RS_2023-06.csv, Is submission: True
2025-06-08 12:36:00,033 - INFO: Processing complete: 42820922 total, 91 matched, 0 bad lines.
2025-06-08 12:36:00,033 - INFO: Processing: W:\reddit\submissions\RS_2023-07.zst -> c:/Users/stijn/Desktop/EPSS_FRESH/data/reddit/raw_submissions\RS_2023-07.csv, Is submission: True
2025-06-08 13:18:20,828 - INFO: Processing complete: 45437960 total, 116 matched, 0 bad lines.
2025-06-08 13:18:20,829 - INFO: Processing: W:\reddit\submissions\RS_2023-08.zst -> c:/Users/stijn/Desktop/EPSS_FRESH/data/reddit/raw_submissions\RS_2023-08.csv, Is submission: True
2025-06-08 13:30:06,979 - INFO: Completed: Total: 247215325, Matched: 191, Errors: 0
2025-06-08 13:30:06,983 - INFO: Processing W:\reddit\comments\RC_2022-09.zst -> c:/Users/stijn/Desktop/EPSS_FRESH/data/reddit/raw_comments\RC_2022-09.csv (Is submission: False)
2025-06-08 13:58:37,922 - INFO: Processing complete: 46212450 total, 107 matched, 0 bad lines.
2025-06-08 13:58:37,926 - INFO: Processing: W:\reddit\submissions\RS_2023-09.zst -> c:/Users/stijn/Desktop/EPSS_FRESH/data/reddit/raw_submissions\RS_2023-09.csv, Is submission: True
2025-06-08 14:37:51,451 - INFO: Processing complete: 42881758 total, 118 matched, 0 bad lines.
2025-06-08 14:37:51,454 - INFO: Processing: W:\reddit\submissions\RS_2023-10.zst -> c:/Users/stijn/Desktop/EPSS_FRESH/data/reddit/raw_submissions\RS_2023-10.csv, Is submission: True
2025-06-08 15:05:55,540 - INFO: Completed: Total: 234131223, Matched: 110, Errors: 0
2025-06-08 15:05:55,543 - INFO: Processing W:\reddit\comments\RC_2022-10.zst -> c:/Users/stijn/Desktop/EPSS_FRESH/data/reddit/raw_comments\RC_2022-10.csv (Is submission: False)
2025-06-08 15:16:18,915 - INFO: Processing complete: 40431726 total, 167 matched, 0 bad lines.
2025-06-08 15:16:18,917 - INFO: Processing: W:\reddit\submissions\RS_2023-11.zst -> c:/Users/stijn/Desktop/EPSS_FRESH/data/reddit/raw_submissions\RS_2023-11.csv, Is submission: True
2025-06-08 15:45:08,290 - INFO: Processing complete: 38107467 total, 97 matched, 0 bad lines.
2025-06-08 15:45:08,291 - INFO: Processing: W:\reddit\submissions\RS_2023-12.zst -> c:/Users/stijn/Desktop/EPSS_FRESH/data/reddit/raw_submissions\RS_2023-12.csv, Is submission: True
2025-06-08 16:14:23,494 - INFO: Processing complete: 39245797 total, 95 matched, 0 bad lines.
2025-06-08 16:14:23,495 - INFO: Processing: W:\reddit\submissions\RS_2024-01.zst -> c:/Users/stijn/Desktop/EPSS_FRESH/data/reddit/raw_submissions\RS_2024-01.csv, Is submission: True
2025-06-08 16:23:29,139 - INFO: Completed: Total: 237365072, Matched: 180, Errors: 0
2025-06-08 16:23:29,140 - INFO: Processing W:\reddit\comments\RC_2022-11.zst -> c:/Users/stijn/Desktop/EPSS_FRESH/data/reddit/raw_comments\RC_2022-11.csv (Is submission: False)
2025-06-08 16:48:56,195 - INFO: Processing complete: 41263034 total, 141 matched, 0 bad lines.
2025-06-08 16:48:56,196 - INFO: Processing: W:\reddit\submissions\RS_2024-02.zst -> c:/Users/stijn/Desktop/EPSS_FRESH/data/reddit/raw_submissions\RS_2024-02.csv, Is submission: True
2025-06-08 17:23:45,713 - INFO: Processing complete: 39030731 total, 135 matched, 0 bad lines.
2025-06-08 17:23:45,714 - INFO: Processing: W:\reddit\submissions\RS_2024-03.zst -> c:/Users/stijn/Desktop/EPSS_FRESH/data/reddit/raw_submissions\RS_2024-03.csv, Is submission: True
2025-06-08 17:50:45,395 - INFO: Completed: Total: 229478878, Matched: 177, Errors: 0
2025-06-08 17:50:45,396 - INFO: Processing W:\reddit\comments\RC_2022-12.zst -> c:/Users/stijn/Desktop/EPSS_FRESH/data/reddit/raw_comments\RC_2022-12.csv (Is submission: False)
2025-06-08 17:58:01,474 - INFO: Processing complete: 41926097 total, 111 matched, 0 bad lines.
2025-06-08 17:58:01,476 - INFO: Processing: W:\reddit\submissions\RS_2024-04.zst -> c:/Users/stijn/Desktop/EPSS_FRESH/data/reddit/raw_submissions\RS_2024-04.csv, Is submission: True
2025-06-08 18:26:16,580 - INFO: Processing complete: 40715240 total, 156 matched, 0 bad lines.
2025-06-08 18:26:16,581 - INFO: Processing: W:\reddit\submissions\RS_2024-05.zst -> c:/Users/stijn/Desktop/EPSS_FRESH/data/reddit/raw_submissions\RS_2024-05.csv, Is submission: True
2025-06-08 18:54:44,111 - INFO: Processing complete: 39884567 total, 114 matched, 0 bad lines.
2025-06-08 18:54:44,112 - INFO: Processing: W:\reddit\submissions\RS_2024-06.zst -> c:/Users/stijn/Desktop/EPSS_FRESH/data/reddit/raw_submissions\RS_2024-06.csv, Is submission: True
2025-06-08 19:03:00,925 - INFO: Completed: Total: 238862690, Matched: 151, Errors: 0
2025-06-08 19:03:00,926 - INFO: Processing W:\reddit\comments\RC_2023-01.zst -> c:/Users/stijn/Desktop/EPSS_FRESH/data/reddit/raw_comments\RC_2023-01.csv (Is submission: False)
2025-06-08 19:21:26,940 - INFO: Processing complete: 38429821 total, 120 matched, 0 bad lines.
2025-06-08 19:21:26,940 - INFO: Processing: W:\reddit\submissions\RS_2024-07.zst -> c:/Users/stijn/Desktop/EPSS_FRESH/data/reddit/raw_submissions\RS_2024-07.csv, Is submission: True
2025-06-08 19:50:59,320 - INFO: Processing complete: 40932609 total, 124 matched, 0 bad lines.
2025-06-08 19:50:59,321 - INFO: Processing: W:\reddit\submissions\RS_2024-08.zst -> c:/Users/stijn/Desktop/EPSS_FRESH/data/reddit/raw_submissions\RS_2024-08.csv, Is submission: True
2025-06-08 20:25:35,605 - INFO: Processing complete: 41497995 total, 120 matched, 0 bad lines.
2025-06-08 20:25:35,610 - INFO: Processing: W:\reddit\submissions\RS_2024-09.zst -> c:/Users/stijn/Desktop/EPSS_FRESH/data/reddit/raw_submissions\RS_2024-09.csv, Is submission: True
2025-06-08 20:26:02,764 - INFO: Completed: Total: 253577512, Matched: 179, Errors: 0
2025-06-08 20:26:02,766 - INFO: Processing W:\reddit\comments\RC_2023-02.zst -> c:/Users/stijn/Desktop/EPSS_FRESH/data/reddit/raw_comments\RC_2023-02.csv (Is submission: False)
2025-06-08 20:56:39,719 - INFO: Processing complete: 38603093 total, 137 matched, 0 bad lines.
2025-06-08 20:56:39,721 - INFO: Processing: W:\reddit\submissions\RS_2024-10.zst -> c:/Users/stijn/Desktop/EPSS_FRESH/data/reddit/raw_submissions\RS_2024-10.csv, Is submission: True
2025-06-08 21:22:38,477 - INFO: Processing complete: 38990206 total, 182 matched, 0 bad lines.
2025-06-08 21:22:38,479 - INFO: Processing: W:\reddit\submissions\RS_2024-11.zst -> c:/Users/stijn/Desktop/EPSS_FRESH/data/reddit/raw_submissions\RS_2024-11.csv, Is submission: True
2025-06-08 22:31:11,805 - INFO: Processing 27 files
2025-06-08 22:31:11,805 - INFO: Processing W:\reddit\comments\RC_2023-02.zst -> c:/Users/stijn/Desktop/EPSS_FRESH/data/reddit/raw_comments\RC_2023-02.csv (Is submission: False)
2025-06-08 22:34:07,628 - INFO: Processing 7 files
2025-06-08 22:34:07,628 - INFO: Processing W:\reddit\comments\RC_2023-02.zst -> c:/Users/stijn/Desktop/EPSS_FRESH/data/reddit/raw_comments\RC_2023-02.csv (Is submission: False)
2025-06-08 22:37:33,519 - INFO: Processing 27 files
2025-06-08 22:37:33,519 - INFO: Processing W:\reddit\comments\RC_2023-02.zst -> c:/Users/stijn/Desktop/EPSS_FRESH/data/reddit/raw_comments\RC_2023-02.csv (Is submission: False)
2025-06-08 22:40:25,076 - INFO: Searching for CVE IDs in field: selftext
2025-06-08 22:40:25,076 - INFO: Date range: 2005-01-01 to 2030-12-31
2025-06-08 22:40:25,076 - INFO: Output format: csv
2025-06-08 22:40:25,076 - INFO: Processing 6 files.
2025-06-08 22:40:25,076 - INFO: Processing: W:\reddit\submissions\RS_2024-11.zst -> c:/Users/stijn/Desktop/EPSS_FRESH/data/reddit/raw_submissions\RS_2024-11.csv, Is submission: True
2025-06-08 23:16:41,060 - INFO: Processing complete: 38025803 total, 113 matched, 0 bad lines.
2025-06-08 23:16:41,062 - INFO: Processing: W:\reddit\submissions\RS_2024-12.zst -> c:/Users/stijn/Desktop/EPSS_FRESH/data/reddit/raw_submissions\RS_2024-12.csv, Is submission: True
2025-06-08 23:52:27,118 - INFO: Processing complete: 38192053 total, 151 matched, 0 bad lines.
2025-06-08 23:52:27,118 - INFO: Processing: W:\reddit\submissions\RS_2025-01.zst -> c:/Users/stijn/Desktop/EPSS_FRESH/data/reddit/raw_submissions\RS_2025-01.csv, Is submission: True
2025-06-09 00:30:09,221 - INFO: Searching for CVE IDs in field: selftext
2025-06-09 00:30:09,221 - INFO: Date range: 2005-01-01 to 2030-12-31
2025-06-09 00:30:09,221 - INFO: Output format: csv
2025-06-09 00:30:09,221 - INFO: Processing 4 files.
2025-06-09 00:30:09,221 - INFO: Processing: W:\reddit\submissions\RS_2025-01.zst -> c:/Users/stijn/Desktop/EPSS_FRESH/data/reddit/raw_submissions\RS_2025-01.csv, Is submission: True
2025-06-09 00:30:58,666 - INFO: Processing 27 files
2025-06-09 00:30:58,666 - INFO: Processing W:\reddit\comments\RC_2023-02.zst -> c:/Users/stijn/Desktop/EPSS_FRESH/data/reddit/raw_comments\RC_2023-02.csv (Is submission: False)
2025-06-09 01:30:22,017 - WARNING: Error processing W:\reddit\submissions\RS_2025-01.zst: zstd decompress error: Unknown frame descriptor
2025-06-09 01:30:22,064 - WARNING: Traceback (most recent call last):
  File "C:\Users\stijn\Desktop\EPSS_FRESH\data\reddit\scripts\submissions_scrapper.py", line 169, in <module>
    process_file(file_in, file_out, output_format, field, from_date, to_date, single_field)
  File "C:\Users\stijn\Desktop\EPSS_FRESH\data\reddit\scripts\submissions_scrapper.py", line 121, in process_file
    for line, _ in read_lines_zst(input_file):
  File "C:\Users\stijn\Desktop\EPSS_FRESH\data\reddit\scripts\submissions_scrapper.py", line 91, in read_lines_zst
    chunk = reader.read(2**27).decode(errors='ignore')
            ^^^^^^^^^^^^^^^^^^
zstd.ZstdError: zstd decompress error: Unknown frame descriptor

2025-06-09 01:30:22,138 - INFO: Processing: W:\reddit\submissions\RS_2025-02.zst -> c:/Users/stijn/Desktop/EPSS_FRESH/data/reddit/raw_submissions\RS_2025-02.csv, Is submission: True
2025-06-09 02:14:29,696 - INFO: Processing complete: 36173237 total, 156 matched, 0 bad lines.
2025-06-09 02:14:29,698 - INFO: Processing: W:\reddit\submissions\RS_2025-03.zst -> c:/Users/stijn/Desktop/EPSS_FRESH/data/reddit/raw_submissions\RS_2025-03.csv, Is submission: True
2025-06-09 02:18:53,321 - INFO: Completed: Total: 221285501, Matched: 167, Errors: 0
2025-06-09 02:18:53,325 - INFO: Processing W:\reddit\comments\RC_2023-03.zst -> c:/Users/stijn/Desktop/EPSS_FRESH/data/reddit/raw_comments\RC_2023-03.csv (Is submission: False)
2025-06-09 03:09:02,357 - INFO: Processing complete: 39637988 total, 315 matched, 0 bad lines.
2025-06-09 03:09:02,361 - INFO: Processing: W:\reddit\submissions\RS_2025-04.zst -> c:/Users/stijn/Desktop/EPSS_FRESH/data/reddit/raw_submissions\RS_2025-04.csv, Is submission: True
2025-06-09 03:48:10,078 - INFO: Processing complete: 38776404 total, 268 matched, 0 bad lines.
2025-06-09 03:54:43,172 - INFO: Completed: Total: 240661398, Matched: 351, Errors: 0
2025-06-09 03:54:43,174 - INFO: Processing W:\reddit\comments\RC_2023-04.zst -> c:/Users/stijn/Desktop/EPSS_FRESH/data/reddit/raw_comments\RC_2023-04.csv (Is submission: False)
2025-06-09 04:50:33,911 - INFO: Completed: Total: 233853959, Matched: 197, Errors: 0
2025-06-09 04:50:33,912 - INFO: Processing W:\reddit\comments\RC_2023-05.zst -> c:/Users/stijn/Desktop/EPSS_FRESH/data/reddit/raw_comments\RC_2023-05.csv (Is submission: False)
2025-06-09 05:47:42,071 - INFO: Completed: Total: 239038612, Matched: 179, Errors: 0
2025-06-09 05:47:42,071 - INFO: Processing W:\reddit\comments\RC_2023-06.zst -> c:/Users/stijn/Desktop/EPSS_FRESH/data/reddit/raw_comments\RC_2023-06.csv (Is submission: False)
2025-06-09 06:42:20,473 - INFO: Completed: Total: 227684217, Matched: 169, Errors: 0
2025-06-09 06:42:20,473 - INFO: Processing W:\reddit\comments\RC_2023-07.zst -> c:/Users/stijn/Desktop/EPSS_FRESH/data/reddit/raw_comments\RC_2023-07.csv (Is submission: False)
2025-06-09 07:40:59,420 - INFO: Completed: Total: 245135943, Matched: 193, Errors: 0
2025-06-09 07:40:59,425 - INFO: Processing W:\reddit\comments\RC_2023-08.zst -> c:/Users/stijn/Desktop/EPSS_FRESH/data/reddit/raw_comments\RC_2023-08.csv (Is submission: False)
2025-06-09 08:43:39,051 - INFO: Completed: Total: 259403102, Matched: 185, Errors: 0
2025-06-09 08:43:39,053 - INFO: Processing W:\reddit\comments\RC_2023-09.zst -> c:/Users/stijn/Desktop/EPSS_FRESH/data/reddit/raw_comments\RC_2023-09.csv (Is submission: False)
2025-06-09 09:55:06,543 - INFO: Completed: Total: 258302394, Matched: 243, Errors: 0
2025-06-09 09:55:06,544 - INFO: Processing W:\reddit\comments\RC_2023-10.zst -> c:/Users/stijn/Desktop/EPSS_FRESH/data/reddit/raw_comments\RC_2023-10.csv (Is submission: False)
